event_id	w1118_3d_r1_female	w1118_3d_r1_male	w1118_3d_r2_female	w1118_3d_r2_male
128up:2R:12037597-12037717:12037771-12038611:12038677-12038851:+	1.0	1.0	1.0	1.0
14-3-3epsilon:3R:18242531-18242909:18247433-18247902:18247971-18248151:+	1.0	1.0	1.0	1.0
14-3-3epsilon:3R:18242687-18242909:18247433-18247902:18247971-18248151:+	1.0	1.0	1.0	1.0
14-3-3epsilon:3R:18247433-18247902:18247971-18248151:18248215-18248579:+	1.0	1.0	1.0	1.0
14-3-3epsilon:3R:18247433-18247902:18247971-18248151:18248218-18250279:+	1.0	1.0	1.0	1.0
14-3-3epsilon:3R:18247433-18247902:18247971-18248151:18248221-18250550:+	1.0	1.0	1.0	1.0
14-3-3epsilon:3R:18247433-18247902:18247971-18248151:18248233-18248579:+	1.0	1.0	1.0	1.0
14-3-3zeta:2R:10099677-10099738:10104256-10104409:10104717-10104830:+	1.0	1.0	1.0	1.0
14-3-3zeta:2R:10099677-10099850:10104256-10104409:10104717-10104830:+	1.0	1.0	1.0	1.0
14-3-3zeta:2R:10101036-10101097:10104256-10104409:10104717-10104830:+	1.0	1.0	1.0	1.0
14-3-3zeta:2R:10101036-10101177:10104256-10104409:10104717-10104830:+	1.0	1.0	1.0	NA
14-3-3zeta:2R:10103122-10103141:10104256-10104409:10104717-10104830:+	1.0	1.0	NA	NA
14-3-3zeta:2R:10104115-10104183:10104256-10104409:10104717-10104830:+	1.0	1.0	1.0	NA
14-3-3zeta:2R:10104256-10104409:10104717-10104830:10104941-10105067:+	1.0	1.0	1.0	1.0
14-3-3zeta:2R:10104717-10104830:10104941-10105067:10105702-10105825:+	1.0	1.0	1.0	1.0
14-3-3zeta:2R:10104941-10105067:10105702-10105825:10105941-10106104:+	1.0	1.0	1.0	1.0
14-3-3zeta:2R:10104941-10105067:10105702-10105825:10106289-10106452:+	1.0	1.0	1.0	1.0
14-3-3zeta:2R:10104941-10105067:10105702-10105825:10106634-10106797:+	1.0	1.0	NA	1.0
14-3-3zeta:2R:10105702-10105825:10105941-10106104:10107467-10108474:+	1.0	1.0	1.0	1.0
14-3-3zeta:2R:10105702-10105825:10105941-10106104:10107467-10109687:+	1.0	1.0	1.0	1.0
14-3-3zeta:2R:10105702-10105825:10106289-10106452:10107467-10107695:+	1.0	1.0	1.0	1.0
14-3-3zeta:2R:10105702-10105825:10106289-10106452:10107467-10108474:+	1.0	1.0	1.0	1.0
14-3-3zeta:2R:10105702-10105825:10106289-10106452:10107467-10109687:+	1.0	1.0	1.0	1.0
5-HT1A:2R:19067155-19067540:19089854-19090548:19090757-19091458:+	1.0	1.0	1.0	1.0
AGO2:3L:15554113-15554222:15554290-15554472:15556850-15558117:+	1.0	1.0	NA	NA
AIMP3:2R:23544024-23544179:23544248-23544553:23544625-23544901:+	1.0	1.0	1.0	1.0
AP-1gamma:X:9111598-9111786:9111854-9112092:9112163-9112239:+	1.0	1.0	1.0	1.0
AP-1gamma:X:9111854-9112092:9112163-9112239:9112750-9112767:+	1.0	1.0	1.0	1.0
AP-1gamma:X:9111854-9112092:9112163-9112239:9113643-9113899:+	1.0	1.0	1.0	1.0
AP-1sigma:3R:23958651-23958798:23959032-23959210:23959280-23959388:+	1.0	1.0	1.0	1.0
AP-1sigma:3R:23959032-23959210:23959280-23959388:23959456-23959593:+	1.0	1.0	1.0	1.0
AP-1sigma:3R:23959280-23959388:23959456-23959593:23959893-23960232:+	1.0	1.0	1.0	1.0
AP-1sigma:3R:23959280-23959388:23959456-23959593:23960898-23961118:+	1.0	1.0	1.0	1.0
AP-1sigma:3R:23959280-23959388:23959456-23959593:23960898-23961504:+	1.0	1.0	1.0	1.0
AP-1sigma:3R:23959280-23959388:23959456-23959593:23962051-23962555:+	1.0	1.0	1.0	1.0
APP-BP1:3L:11099743-11100076:11100139-11100387:11100447-11100578:+	1.0	1.0	1.0	1.0
ATPsynB:3L:9729999-9730095:9730312-9730640:9730733-9731224:+	1.0	1.0	NA	NA
ATPsynO:3R:15265591-15265690:15265927-15266370:15266433-15266690:+	1.0	1.0	1.0	1.0
ATPsyndelta:X:10212970-10213074:10213281-10213485:10213560-10213771:+	1.0	1.0	1.0	1.0
ATPsyndelta:X:10213281-10213485:10213560-10213771:10214099-10214242:+	1.0	1.0	1.0	1.0
ATPsyndelta:X:10213281-10213485:10213560-10213771:10214099-10214554:+	1.0	1.0	1.0	1.0
ATPsyndelta:X:10213281-10213485:10213560-10213771:10214099-10217393:+	1.0	1.0	1.0	1.0
Ac3:2L:21632587-21632705:21633266-21633305:21633374-21633915:+	1.0	1.0	1.0	1.0
Ac3:2L:21633266-21633305:21633374-21633915:21634420-21634609:+	1.0	1.0	1.0	1.0
Ac3:2L:21635092-21635210:21637659-21637786:21637958-21638116:+	1.0	1.0	1.0	1.0
Ac3:2L:21635620-21635731:21637659-21637786:21637958-21638116:+	1.0	1.0	1.0	1.0
Ac3:2L:21637659-21637786:21637958-21638116:21638230-21638368:+	1.0	1.0	1.0	1.0
Ac3:2L:21637958-21638116:21638230-21638368:21639241-21639503:+	1.0	1.0	1.0	1.0
Ac3:2L:21637958-21638116:21638230-21638368:21639241-21639620:+	1.0	1.0	1.0	1.0
Acbp2:3L:7131863-7131908:7132649-7132677:7133119-7133463:+	1.0	1.0	NA	NA
Acer:2L:8522402-8522966:8523443-8524684:8524743-8524884:+	1.0	NA	1.0	NA
Acer:2L:8522402-8522966:8523443-8524684:8524743-8525740:+	1.0	NA	1.0	NA
Acf:3R:31798693-31798868:31798935-31799373:31799439-31799799:+	1.0	1.0	NA	NA
Acn:2L:19045355-19047047:19047152-19047362:19047420-19047654:+	1.0	1.0	NA	NA
Acn:2L:19045522-19047047:19047152-19047362:19047420-19047654:+	1.0	1.0	NA	NA
Acn:2L:19047152-19047362:19047420-19047654:19047716-19047825:+	1.0	1.0	NA	NA
Acn:2L:19047420-19047654:19047716-19047825:19047914-19048177:+	1.0	1.0	1.0	1.0
Acn:2L:19047420-19047654:19047716-19047825:19047914-19048633:+	1.0	1.0	1.0	1.0
Acn:2L:19047420-19047654:19047716-19047825:19047914-19048817:+	1.0	1.0	1.0	1.0
Acyp2:3R:15792688-15792901:15792957-15792973:15793042-15793151:+	1.0	1.0	1.0	0.913
Acyp2:3R:15792957-15792973:15793042-15793151:15793210-15793411:+	1.0	1.0	1.0	1.0
Acyp2:3R:15792957-15792973:15793042-15793151:15793210-15793487:+	1.0	1.0	1.0	1.0
Adar:X:1773725-1774195:1775736-1775738:1778612-1778699:+	1.0	1.0	NA	NA
Adar:X:1773725-1774222:1775650-1775738:1778612-1778699:+	0.2683	0.3158	0.1429	0.2857
Adar:X:1773725-1774222:1775699-1775738:1778370-1778560:+	0.9048	0.9091	1.0	0.7895
Adar:X:1773725-1774222:1775699-1775738:1778370-1778699:+	0.9048	0.9091	1.0	0.7895
Adar:X:1773725-1774222:1775699-1775738:1778612-1778699:+	0.5	0.5517	0.4	0.5349
Adar:X:1773725-1774222:1778370-1778560:1778612-1778699:+	0.0323	0.037	NA	0.0909
Adar:X:1773725-1774222:1778612-1778699:1778815-1778960:+	1.0	1.0	NA	1.0
Adar:X:1774527-1775103:1775699-1775738:1778612-1778699:+	1.0	1.0	NA	NA
Adar:X:1775650-1775738:1778612-1778699:1778815-1778960:+	1.0	1.0	NA	1.0
Adar:X:1775699-1775738:1778370-1778560:1778612-1778699:+	0.0	0.0	NA	NA
Adar:X:1775699-1775738:1778612-1778699:1778815-1778960:+	1.0	1.0	NA	1.0
Adar:X:1775736-1775738:1778612-1778699:1778815-1778960:+	1.0	1.0	NA	1.0
Adh:2L:14616129-14616437:14616503-14616907:14616978-14617402:+	1.0	1.0	1.0	1.0
Adh:2L:14616267-14616437:14616503-14616907:14616978-14617402:+	1.0	1.0	1.0	1.0
Adh:2L:14616267-14616437:14616503-14616907:14616978-14617643:+	1.0	1.0	1.0	1.0
Adh:2L:14616303-14616437:14616503-14616907:14616978-14617402:+	1.0	1.0	1.0	1.0
Adh:2L:14616303-14616437:14616503-14616907:14616978-14617643:+	1.0	1.0	1.0	1.0
Adh:2L:14616503-14616907:14616978-14617643:14618070-14618474:+	1.0	1.0	1.0	1.0
Adhr:2L:14616267-14616437:14616503-14616907:14616978-14617643:+	1.0	1.0	1.0	1.0
Adhr:2L:14616303-14616437:14616503-14616907:14616978-14617643:+	1.0	1.0	1.0	1.0
Adhr:2L:14616503-14616907:14616978-14617643:14618070-14618474:+	1.0	1.0	1.0	1.0
Adi1:3L:10663650-10663727:10663790-10663917:10664075-10664168:+	1.0	1.0	1.0	1.0
Adi1:3L:10663790-10663917:10664075-10664168:10664228-10664435:+	1.0	1.0	1.0	1.0
Ae2:3L:9774270-9774489:9779446-9779593:9779652-9779907:+	1.0	1.0	NA	NA
Ae2:3L:9779446-9779593:9779652-9779907:9780123-9780252:+	1.0	1.0	NA	NA
Ae2:3L:9779551-9779593:9779652-9779907:9780123-9780252:+	1.0	1.0	NA	NA
Ae2:3L:9782874-9784627:9784697-9784891:9784952-9785180:+	1.0	1.0	NA	NA
Ae2:3L:9784697-9784891:9784952-9785180:9785242-9785388:+	1.0	1.0	1.0	1.0
Ae2:3L:9784697-9784891:9784952-9785180:9785242-9786236:+	1.0	1.0	1.0	1.0
Ae2:3L:9784697-9784891:9784952-9785180:9785242-9786466:+	1.0	1.0	1.0	1.0
Ak2:2R:24024900-24025136:24025200-24025367:24025432-24025877:+	1.0	1.0	1.0	NA
Akap200:2L:8427158-8427553:8427615-8428067:8430281-8430977:+	1.0	1.0	1.0	1.0
Akap200:2L:8427158-8427553:8427615-8428067:8430281-8431297:+	1.0	1.0	1.0	1.0
Akap200:2L:8427158-8427553:8427615-8429462:8430281-8430977:+	1.0	1.0	NA	NA
Akap200:2L:8427615-8428067:8428320-8429462:8430281-8430544:+	0.1057	0.0943	0.0833	0.0099
Akap200:2L:8427615-8428067:8428320-8429462:8430281-8430977:+	0.1057	0.0943	0.0833	0.0099
Alg-2:3R:3623143-3623275:3623330-3623705:3626910-3627690:+	0.9852	0.988	0.9899	1.0
Alg11:3L:21626942-21627400:21627462-21628135:21628193-21628316:+	1.0	1.0	1.0	1.0
Alg11:3L:21626942-21627400:21627462-21628135:21628193-21628571:+	1.0	1.0	1.0	1.0
Amph:2R:12593604-12594068:12606915-12607050:12607124-12607314:+	1.0	1.0	1.0	1.0
Amph:2R:12606915-12607050:12607124-12607314:12607378-12607482:+	1.0	1.0	1.0	1.0
Ance:2L:13908648-13908788:13908856-13909028:13909093-13909170:+	1.0	1.0	NA	NA
Ance:2L:13908648-13908788:13908856-13909028:13909093-13909212:+	1.0	1.0	NA	NA
AnxB9:3R:21067446-21067499:21068069-21068777:21068838-21069019:+	1.0	1.0	NA	NA
AnxB9:3R:21068069-21068777:21068838-21069019:21069313-21069754:+	1.0	1.0	NA	NA
AnxB9:3R:21068069-21068777:21068838-21069019:21070278-21070539:+	1.0	1.0	1.0	1.0
AnxB9:3R:21068069-21068777:21068838-21069019:21070724-21070917:+	1.0	1.0	1.0	1.0
Aplip1:3L:1196317-1196655:1196937-1197313:1197509-1198230:+	1.0	1.0	NA	NA
Aplip1:3L:1196317-1196655:1196937-1197313:1197530-1198230:+	1.0	1.0	NA	NA
Aplip1:3L:1196937-1197313:1197509-1198230:1198299-1198486:+	1.0	1.0	NA	1.0
Aplip1:3L:1196937-1197313:1197530-1198230:1198299-1198486:+	1.0	1.0	NA	1.0
Aplip1:3L:1197509-1198230:1198299-1198486:1198555-1199339:+	1.0	1.0	1.0	1.0
Aplip1:3L:1197530-1198230:1198299-1198486:1198555-1199339:+	1.0	1.0	1.0	1.0
Appl:X:530501-530534:531627-531876:560606-560776:+	1.0	1.0	1.0	NA
Appl:X:531627-531876:560606-560776:570862-571000:+	1.0	1.0	NA	NA
Appl:X:560606-560776:570862-571000:571131-571352:+	1.0	1.0	1.0	1.0
Appl:X:560606-560776:570862-571000:571134-571352:+	1.0	1.0	NA	NA
Appl:X:570862-571000:571131-571352:571427-572058:+	1.0	1.0	1.0	1.0
Appl:X:570862-571000:571131-571352:571427-572070:+	1.0	1.0	1.0	1.0
Appl:X:570862-571000:571134-571352:571427-572058:+	1.0	1.0	1.0	1.0
Appl:X:570862-571000:571134-571352:571427-572070:+	1.0	1.0	1.0	1.0
Appl:X:571131-571352:571427-572058:572137-572289:+	1.0	1.0	1.0	1.0
Appl:X:571131-571352:571427-572070:572137-572289:+	1.0	1.0	1.0	1.0
Appl:X:571134-571352:571427-572058:572149-572289:+	1.0	1.0	1.0	1.0
Appl:X:571134-571352:571427-572070:572149-572289:+	1.0	1.0	1.0	1.0
Appl:X:574196-574878:574942-575089:575168-575350:+	1.0	1.0	1.0	NA
Appl:X:574196-574878:574945-575089:575168-575362:+	1.0	1.0	1.0	NA
Appl:X:574942-575089:575168-575350:575471-578130:+	1.0	1.0	1.0	1.0
Appl:X:574942-575089:575168-575350:575471-579044:+	1.0	1.0	1.0	1.0
Appl:X:574945-575089:575168-575362:575471-579044:+	1.0	1.0	1.0	1.0
Apt1:3L:11628563-11628594:11628961-11629504:11629581-11629598:+	1.0	1.0	1.0	1.0
Apt1:3L:11628563-11628594:11628961-11629504:11629581-11629992:+	1.0	1.0	1.0	1.0
Apt1:3L:11628961-11629504:11629581-11629598:11630230-11630749:+	1.0	1.0	1.0	1.0
Apt1:3L:11628961-11629504:11629581-11629598:11630467-11630749:+	1.0	1.0	1.0	1.0
Arf4:4:1124167-1124331:1124436-1124698:1124768-1124893:+	1.0	0.9893	1.0	1.0
Arf4:4:1124436-1124698:1124768-1124893:1124950-1125113:+	1.0	1.0	1.0	1.0
Arf4:4:1124436-1124698:1124768-1124893:1124950-1125325:+	1.0	1.0	1.0	1.0
Arf6:2R:15323449-15323565:15323845-15324147:15324202-15324892:+	1.0	1.0	NA	NA
Arf6:2R:15323449-15323565:15323845-15324147:15324202-15325490:+	1.0	1.0	NA	NA
Arl2:3R:8341100-8341243:8341303-8341657:8341716-8341872:+	1.0	1.0	1.0	1.0
Arl6IP1:3R:16643605-16643908:16644018-16644383:16644548-16645171:+	1.0	1.0	1.0	1.0
Arl6IP1:3R:16643721-16643908:16644018-16644383:16644548-16645171:+	1.0	1.0	1.0	1.0
Arl8:3R:8128041-8128195:8128262-8128423:8128490-8128850:+	1.0	1.0	1.0	1.0
Arl8:3R:8128041-8128195:8128262-8128423:8128490-8129175:+	1.0	1.0	1.0	1.0
Arl8:3R:8128041-8128195:8128262-8128423:8128490-8129835:+	1.0	1.0	1.0	1.0
Arp1:3R:12693004-12693155:12693215-12693761:12693830-12694232:+	1.0	1.0	1.0	1.0
Arpc2:2L:20420897-20421117:20422145-20422236:20422302-20422411:+	1.0	1.0	NA	1.0
Arpc2:2L:20422145-20422236:20422302-20422411:20422469-20423027:+	1.0	1.0	1.0	1.0
AspRS-m:2L:16828052-16828552:16828617-16828795:16828857-16828946:+	1.0	1.0	NA	NA
AspRS-m:2L:16828617-16828795:16828857-16828946:16829003-16830460:+	1.0	1.0	NA	NA
AstA-R1:X:3574536-3574920:3632007-3632055:3645304-3645762:+	1.0	1.0	1.0	1.0
AstA-R1:X:3632007-3632055:3645304-3645762:3655581-3655770:+	1.0	NA	1.0	1.0
AstA-R1:X:3663456-3663531:3664334-3664489:3664561-3664669:+	1.0	1.0	NA	NA
AstA-R1:X:3664334-3664489:3664561-3664669:3664811-3666724:+	1.0	1.0	NA	NA
Atf6:2R:5144733-5144858:5148201-5149156:5152789-5154194:+	1.0	1.0	NA	NA
Atg12:3L:12136967-12137091:12137159-12137295:12137353-12137559:+	1.0	1.0	1.0	1.0
Atpalpha:3R:20957734-20958167:20960726-20960825:20963725-20963856:+	0.3529	0.3714	NA	0.625
Atpalpha:3R:20957734-20958167:20963725-20963856:20963927-20964193:+	1.0	1.0	1.0	1.0
Atpalpha:3R:20960726-20960825:20963725-20963856:20963927-20964193:+	1.0	1.0	NA	NA
Atpalpha:3R:20962215-20962295:20963725-20963856:20963927-20964193:+	1.0	1.0	NA	NA
Atpalpha:3R:20963725-20963856:20963927-20964193:20964258-20966039:+	1.0	1.0	NA	NA
Atpalpha:3R:20963927-20964193:20964258-20966039:20966398-20966613:+	1.0	1.0	NA	NA
Atpalpha:3R:20963927-20964193:20964258-20966039:20966398-20966899:+	1.0	1.0	NA	NA
Atpalpha:3R:20973173-20973347:20973506-20973738:20973811-20974337:+	1.0	1.0	1.0	1.0
Atpalpha:3R:20973173-20973347:20973506-20973738:20973811-20975284:+	1.0	1.0	1.0	1.0
Atpalpha:3R:20973173-20973347:20973506-20973738:20973811-20976239:+	1.0	1.0	1.0	1.0
Awh:3L:3860190-3860411:3860636-3860761:3860891-3861692:+	1.0	1.0	NA	NA
B52:3R:13661311-13661432:13661702-13661859:13662161-13662231:+	1.0	1.0	1.0	1.0
B52:3R:13661311-13661442:13661702-13661859:13662161-13662231:+	1.0	1.0	1.0	1.0
B52:3R:13661311-13661592:13661702-13661859:13662161-13662231:+	1.0	1.0	1.0	1.0
B52:3R:13661588-13661859:13662161-13662231:13662297-13662404:+	1.0	1.0	1.0	1.0
B52:3R:13661702-13661859:13662161-13662231:13662297-13662404:+	1.0	1.0	1.0	1.0
B52:3R:13662161-13662231:13662297-13662404:13662955-13663051:+	1.0	1.0	1.0	1.0
B52:3R:13662161-13662231:13662297-13662404:13662970-13663051:+	1.0	1.0	1.0	1.0
B52:3R:13662161-13662231:13662297-13662404:13662970-13665526:+	1.0	1.0	1.0	1.0
B52:3R:13662297-13662404:13662970-13663051:13663455-13664934:+	1.0	1.0	1.0	1.0
B52:3R:13662297-13662404:13662970-13663051:13663455-13665526:+	1.0	1.0	1.0	1.0
B52:3R:13662970-13663051:13663455-13664934:13665453-13665526:+	1.0	1.0	0.8	1.0
B52:3R:13662970-13663051:13663455-13665526:13665590-13665901:+	1.0	1.0	1.0	1.0
B52:3R:13665590-13665901:13666084-13666248:13666419-13666891:+	0.8571	1.0	NA	NA
BHD:3L:7238542-7239793:7239883-7239985:7240044-7240245:+	1.0	1.0	1.0	1.0
BOD1:3R:27939707-27942133:27942435-27942483:27942588-27942778:+	0.7333	0.5652	NA	NA
BORCS6:3L:540938-541428:541485-541959:542017-542147:+	1.0	1.0	1.0	1.0
BORCS6:3L:541002-541428:541485-541959:542017-542147:+	1.0	1.0	1.0	1.0
Bacc:2L:2752445-2752840:2753372-2753660:2756008-2756170:+	1.0	1.0	1.0	1.0
Bacc:2L:2752800-2752837:2753372-2753660:2756008-2756170:+	1.0	1.0	1.0	1.0
Bacc:2L:2752800-2752840:2753372-2753660:2756008-2756170:+	1.0	1.0	1.0	1.0
Bacc:2L:2753233-2753660:2756008-2756170:2756245-2756663:+	1.0	1.0	1.0	1.0
Bacc:2L:2753372-2753660:2756008-2756170:2756245-2756663:+	1.0	1.0	1.0	1.0
Bacc:2L:2753372-2753660:2756008-2756170:2756245-2757920:+	1.0	1.0	1.0	1.0
Bacc:2L:2753372-2753660:2756008-2756170:2756245-2757975:+	1.0	1.0	1.0	1.0
BckdhB:2R:1594946-1595192:1595766-1595984:1596036-1596128:+	1.0	1.0	1.0	1.0
BckdhB:2R:1595766-1595984:1596036-1596128:1596188-1596457:+	1.0	1.0	1.0	1.0
Bet5:3R:30180232-30180454:30180509-30180651:30180802-30181486:+	1.0	1.0	1.0	1.0
Bili:3R:25134692-25134880:25134947-25135076:25135150-25135248:+	1.0	1.0	NA	1.0
Bili:3R:25134947-25135076:25135150-25135248:25135308-25135458:+	1.0	1.0	1.0	1.0
Bili:3R:25135150-25135248:25135308-25135458:25135526-25136709:+	1.0	NA	1.0	1.0
Blos3:3L:18870224-18870370:18870428-18870560:18870614-18870897:+	1.0	1.0	1.0	1.0
Brca2:2R:24526172-24527045:24527106-24527177:24527237-24529581:+	1.0	1.0	NA	NA
Brd7-9:2L:7782865-7783048:7783299-7783921:7783975-7785640:+	1.0	1.0	1.0	1.0
Bsg:2L:8083420-8083521:8089185-8089736:8105692-8105809:+	1.0	1.0	1.0	1.0
Bsg:2L:8083420-8083636:8089185-8089736:8105692-8105809:+	1.0	1.0	1.0	1.0
Bsg:2L:8088304-8088453:8088610-8088705:8089185-8089736:+	0.0	0.0	0.0	0.0
Bsg:2L:8088304-8088453:8089185-8089736:8105692-8105809:+	1.0	1.0	1.0	1.0
Bsg:2L:8106840-8107000:8107066-8107173:8107238-8107438:+	1.0	1.0	1.0	1.0
Bsg:2L:8107066-8107173:8107238-8107438:8107748-8107880:+	1.0	1.0	1.0	1.0
Bsg:2L:8107066-8107173:8107238-8107438:8107748-8109458:+	1.0	1.0	1.0	1.0
Bsg:2L:8107066-8107173:8107238-8107438:8107748-8116531:+	1.0	1.0	1.0	1.0
Bsg:2L:8107238-8107438:8107748-8107880:8109297-8116531:+	1.0	1.0	1.0	1.0
Bsg:2L:8107238-8107438:8107748-8107880:8110481-8116531:+	1.0	1.0	1.0	1.0
BtbVII:3L:3148646-3148687:3149628-3150153:3150215-3150842:+	1.0	1.0	1.0	1.0
BtbVII:3L:3148646-3148687:3149628-3150153:3150215-3150857:+	1.0	1.0	1.0	1.0
Bulli:3L:6490239-6490638:6490699-6490903:6490970-6491210:+	1.0	1.0	1.0	1.0
CARPB:X:9794676-9795061:9811788-9812156:9832492-9832542:+	1.0	1.0	NA	1.0
CCDC53:2L:8041106-8041193:8041253-8041698:8041759-8041879:+	1.0	1.0	1.0	NA
CG10257:2R:14943199-14943264:14943771-14944058:14944139-14944469:+	1.0	1.0	1.0	NA
CG10418:3L:12336676-12336717:12336779-12336846:12336910-12337236:+	1.0	1.0	NA	NA
CG10508:3L:21212782-21212957:21213129-21213491:21213844-21214097:+	1.0	1.0	1.0	1.0
CG10508:3L:21213129-21213491:21213844-21214097:21214151-21214376:+	1.0	1.0	1.0	1.0
CG10508:3L:21214151-21214376:21215373-21215501:21215576-21216051:+	1.0	1.0	NA	NA
CG10508:3L:21214612-21215112:21215373-21215501:21215576-21216051:+	1.0	1.0	NA	NA
CG10516:3L:15968204-15968693:15968999-15969560:15969626-15969902:+	1.0	1.0	NA	NA
CG10543:2R:20996220-20996928:21001012-21002426:21002491-21003325:+	1.0	1.0	NA	NA
CG10543:2R:20996641-20996928:21001012-21002426:21002491-21003325:+	1.0	1.0	NA	NA
CG10616:3L:12472547-12472637:12472707-12472832:12472926-12472973:+	1.0	1.0	NA	1.0
CG10616:3L:12472707-12472832:12472926-12472973:12473185-12474279:+	0.9333	0.8925	0.8	0.9048
CG10737:2R:19176416-19176523:19176588-19176743:19176941-19177082:+	1.0	1.0	NA	NA
CG10903:3R:8031046-8031083:8031146-8031711:8031782-8032145:+	1.0	1.0	NA	NA
CG1090:3R:4363562-4364506:4364566-4365890:4365949-4366855:+	1.0	1.0	1.0	1.0
CG1090:3R:4364217-4364506:4364566-4365541:4365702-4365890:+	1.0	1.0	1.0	1.0
CG1090:3R:4364566-4365541:4365702-4365890:4365949-4366855:+	1.0	1.0	1.0	1.0
CG10984:3L:12750508-12750739:12751307-12752922:12752984-12753402:+	NA	1.0	1.0	1.0
CG10984:3L:12750604-12750739:12751307-12752922:12752984-12753402:+	NA	1.0	1.0	1.0
CG11134:X:13738139-13738376:13738440-13738910:13738986-13739177:+	1.0	1.0	1.0	1.0
CG11134:X:13738174-13738376:13738440-13738910:13738986-13739177:+	1.0	1.0	1.0	1.0
CG11155:4:1126809-1126941:1127002-1127415:1128489-1128655:+	1.0	1.0	1.0	1.0
CG11155:4:1127002-1127415:1128489-1128655:1129435-1129488:+	0.95	0.9048	0.9394	1.0
CG11155:4:1128489-1128655:1129435-1129488:1129566-1129730:+	1.0	1.0	1.0	1.0
CG11155:4:1129435-1129488:1129566-1129730:1130025-1130183:+	1.0	1.0	1.0	1.0
CG11155:4:1129566-1129730:1130025-1130183:1130383-1130586:+	1.0	1.0	1.0	1.0
CG11155:4:1130025-1130183:1130383-1130586:1131193-1131396:+	1.0	1.0	1.0	1.0
CG11155:4:1131489-1131593:1131701-1131958:1133875-1134072:+	1.0	1.0	1.0	NA
CG11155:4:1131701-1131958:1132085-1132573:1133875-1134072:+	0.0323	0.0909	0.1111	0.1111
CG11155:4:1131701-1131958:1133875-1134072:1135094-1135484:+	1.0	1.0	1.0	1.0
CG11155:4:1133875-1134072:1135094-1135484:1135539-1135914:+	1.0	1.0	1.0	1.0
CG11155:4:1133875-1134072:1135094-1135484:1135539-1137919:+	1.0	1.0	1.0	1.0
CG1116:3R:5220536-5220685:5220749-5221325:5221392-5221548:+	NA	1.0	1.0	1.0
CG11267:3L:13016050-13016164:13016357-13016518:13016587-13016903:+	1.0	1.0	1.0	1.0
CG11307:3L:21619036-21619163:21619225-21619617:21619674-21619873:+	1.0	1.0	1.0	1.0
CG11360:4:671142-671166:671247-671387:680440-681135:+	0.0556	0.0357	0.0	0.1852
CG11360:4:671142-671616:680440-681135:684581-687565:+	1.0	1.0	1.0	1.0
CG11360:4:680270-680304:680440-681135:684581-687565:+	1.0	1.0	NA	NA
CG11563:3R:31737035-31737239:31737316-31737600:31737659-31737999:+	1.0	1.0	NA	NA
CG1161:3R:5355327-5355550:5355834-5355942:5356003-5356128:+	1.0	1.0	NA	NA
CG1161:3R:5355327-5355550:5355834-5355942:5356003-5356748:+	1.0	1.0	NA	NA
CG1161:3R:5355834-5355942:5356003-5356128:5356425-5356748:+	1.0	1.0	1.0	1.0
CG11699:X:11570621-11570776:11570867-11571108:11571169-11571410:+	1.0	1.0	1.0	1.0
CG11699:X:11570621-11570776:11570867-11571108:11571169-11571504:+	1.0	1.0	1.0	1.0
CG11699:X:11570867-11571108:11571169-11571504:11571693-11571718:+	1.0	1.0	1.0	1.0
CG11788:2R:20274597-20274728:20274788-20275927:20275986-20276142:+	1.0	1.0	1.0	1.0
CG11790:3R:25047706-25048349:25048442-25048603:25048665-25048790:+	1.0	1.0	1.0	1.0
CG11790:3R:25048025-25048349:25048442-25048603:25048665-25048790:+	1.0	1.0	1.0	1.0
CG11790:3R:25048442-25048603:25048665-25048790:25048879-25048908:+	1.0	1.0	1.0	1.0
CG11790:3R:25048442-25048603:25048665-25048790:25049272-25049455:+	1.0	1.0	1.0	1.0
CG11790:3R:25048665-25048790:25048879-25048908:25049272-25049455:+	0.0	0.0	0.0	0.0
CG11807:2R:15203022-15203901:15203961-15204175:15204235-15204466:+	1.0	NA	NA	1.0
CG11837:3R:29049493-29049657:29049720-29050432:29050497-29050721:+	1.0	1.0	1.0	1.0
CG11889:3R:25270209-25271287:25271346-25272931:25272989-25273267:+	1.0	1.0	NA	NA
CG11891:3R:25270209-25271287:25271346-25272931:25272989-25273267:+	1.0	1.0	NA	NA
CG11892:3R:25281548-25281644:25281688-25282825:25282893-25283237:+	1.0	1.0	NA	NA
CG11975:3R:8993536-8993622:8993699-8994460:8994527-8994839:+	1.0	1.0	1.0	1.0
CG11975:3R:8993536-8993622:8993699-8994460:8994527-8995212:+	1.0	1.0	1.0	1.0
CG12129:2R:10033304-10033551:10033604-10033703:10033757-10034021:+	0.7931	0.92	1.0	1.0
CG12129:2R:10033604-10033703:10033757-10034021:10034073-10034698:+	1.0	1.0	NA	1.0
CG12253:2L:10987806-10988155:10988286-10988982:10989049-10989241:+	1.0	1.0	1.0	1.0
CG12279:3R:12705094-12705281:12705344-12705503:12705566-12705818:+	1.0	1.0	1.0	1.0
CG1239:3R:5733513-5733616:5733680-5734432:5734502-5734702:+	1.0	1.0	1.0	1.0
CG1239:3R:5733513-5733616:5733686-5734432:5734502-5734702:+	1.0	1.0	1.0	1.0
CG1239:3R:5733513-5733616:5733687-5734432:5734502-5734702:+	1.0	1.0	1.0	1.0
CG1265:3L:4254776-4254968:4255036-4255295:4255610-4255730:+	1.0	1.0	NA	1.0
CG1265:3L:4255036-4255295:4255610-4255730:4255800-4256053:+	1.0	1.0	1.0	1.0
CG12768:3L:22911834-22912233:22913264-22914299:22923362-22923532:+	1.0	1.0	1.0	1.0
CG12795:2L:3452466-3452671:3452740-3453278:3453429-3453755:+	1.0	1.0	NA	NA
CG1309:3L:4260368-4260971:4261038-4261305:4261362-4261643:+	1.0	1.0	1.0	1.0
CG13288:3L:5909210-5909296:5909392-5909596:5909664-5909895:+	1.0	1.0	NA	NA
CG13369:X:623468-623734:623796-624344:624407-624765:+	1.0	1.0	1.0	NA
CG13532:2R:22873268-22873376:22873455-22873636:22873828-22874427:+	1.0	1.0	NA	NA
CG13917:3L:1576699-1577131:1588753-1588952:1592744-1597545:+	0.0	0.0	0.0	0.0
CG13917:3L:1576699-1577131:1588755-1588952:1592744-1597545:+	0.0	0.0	0.0	0.0
CG13917:3L:1576699-1577131:1592744-1597545:1597618-1598404:+	1.0	1.0	1.0	1.0
CG13917:3L:1586694-1587122:1592744-1597545:1597618-1598404:+	1.0	1.0	NA	NA
CG13917:3L:1597618-1598404:1598465-1599914:1599979-1600845:+	1.0	1.0	1.0	1.0
CG14135:3L:11691571-11691838:11691900-11692359:11692422-11692757:+	1.0	1.0	1.0	1.0
CG14135:3L:11691647-11691838:11691900-11692359:11692422-11692566:+	1.0	1.0	1.0	1.0
CG14135:3L:11691900-11692359:11692422-11692566:11692618-11692757:+	1.0	1.0	1.0	1.0
CG14322:3R:17668483-17668740:17668804-17668995:17669056-17669112:+	1.0	1.0	NA	NA
CG14322:3R:17668483-17668740:17668804-17668995:17669056-17669217:+	1.0	1.0	NA	NA
CG14322:3R:17668483-17668740:17668804-17668995:17669056-17669985:+	1.0	1.0	NA	NA
CG14322:3R:17668804-17668995:17669056-17669112:17669183-17669326:+	1.0	1.0	NA	NA
CG14340:2L:1113204-1113501:1113559-1113765:1113826-1114138:+	NA	NA	1.0	1.0
CG14414:X:14580895-14581039:14581582-14581674:14581749-14582174:+	1.0	1.0	NA	NA
CG14414:X:14580919-14581039:14581582-14581674:14581749-14582174:+	1.0	1.0	NA	NA
CG14414:X:14580965-14581039:14581582-14581674:14581749-14582174:+	1.0	1.0	NA	NA
CG14667:3R:5375278-5375924:5375987-5376100:5376157-5376460:+	1.0	1.0	1.0	1.0
CG14669:3R:5414527-5414659:5416467-5416898:5437136-5437649:+	1.0	1.0	NA	1.0
CG14669:3R:5416467-5416898:5437136-5437649:5442126-5442248:+	1.0	1.0	NA	1.0
CG14710:3R:11620403-11621145:11621208-11621453:11621515-11621728:+	1.0	1.0	1.0	1.0
CG14711:3R:11623786-11624294:11624357-11624491:11624550-11624660:+	1.0	1.0	NA	NA
CG14711:3R:11624357-11624491:11624550-11624660:11624718-11624948:+	1.0	1.0	1.0	1.0
CG14721:3R:11735447-11735857:11735919-11736443:11736503-11736814:+	1.0	1.0	NA	NA
CG14721:3R:11735616-11735857:11735919-11736443:11736503-11736877:+	1.0	1.0	NA	NA
CG14777:X:1467697-1467964:1468052-1468185:1468251-1468382:+	1.0	1.0	1.0	NA
CG14777:X:1467803-1467964:1468052-1468185:1468251-1468382:+	1.0	1.0	1.0	NA
CG14777:X:1468052-1468185:1468251-1468382:1468447-1468692:+	1.0	1.0	1.0	1.0
CG14778:X:1470015-1470097:1470157-1470339:1470402-1470614:+	1.0	1.0	NA	NA
CG14982:3L:3942850-3943294:3943347-3944616:3944795-3945600:+	1.0	1.0	1.0	NA
CG14989:3L:4087581-4087704:4088960-4089214:4090039-4090142:+	1.0	1.0	1.0	1.0
CG14989:3L:4087581-4087704:4088965-4089214:4090039-4090142:+	1.0	1.0	1.0	1.0
CG14989:3L:4088960-4089214:4090039-4090142:4090273-4090900:+	1.0	1.0	1.0	1.0
CG14989:3L:4088960-4089214:4090039-4090142:4090273-4092706:+	1.0	1.0	1.0	1.0
CG14989:3L:4088965-4089214:4090039-4090142:4090273-4091302:+	1.0	1.0	1.0	1.0
CG14989:3L:4089131-4089214:4090039-4090142:4090273-4091302:+	1.0	1.0	1.0	1.0
CG15201:X:11144120-11144249:11144320-11144482:11144614-11144809:+	1.0	1.0	1.0	1.0
CG15236:2R:6829502-6830048:6832630-6832931:6833615-6833687:+	1.0	1.0	NA	NA
CG15236:2R:6829561-6830048:6832630-6832931:6833615-6833687:+	1.0	1.0	NA	NA
CG15236:2R:6832630-6832931:6833615-6833687:6833755-6834926:+	1.0	1.0	1.0	1.0
CG15236:2R:6833615-6833687:6833755-6834926:6835493-6836069:+	1.0	1.0	1.0	1.0
CG15465:X:5085759-5086201:5089342-5090145:5163901-5165498:+	1.0	1.0	0.987	1.0
CG15465:X:5163901-5165498:5174897-5176788:5186903-5187429:+	1.0	1.0	1.0	1.0
CG15465:X:5165310-5165498:5174897-5176788:5186903-5187429:+	1.0	1.0	1.0	1.0
CG15465:X:5174897-5176788:5186903-5187429:5203311-5203415:+	1.0	1.0	1.0	1.0
CG15465:X:5249749-5250012:5250078-5250274:5250423-5250574:+	1.0	1.0	NA	NA
CG15465:X:5250078-5250274:5250423-5250574:5250729-5254864:+	1.0	1.0	1.0	1.0
CG15602:X:15799793-15800037:15800096-15800573:15800639-15800961:+	1.0	1.0	1.0	1.0
CG15760:X:13669699-13669744:13670129-13670649:13671301-13671446:+	1.0	1.0	NA	1.0
CG15765:X:5818559-5818594:5819015-5819202:5834351-5834480:+	1.0	1.0	1.0	1.0
CG15765:X:5819015-5819202:5834351-5834480:5836041-5836155:+	1.0	1.0	1.0	1.0
CG15765:X:5819052-5819202:5834351-5834480:5836041-5836155:+	1.0	1.0	1.0	1.0
CG15765:X:5836041-5836155:5836730-5836890:5836975-5837114:+	1.0	1.0	NA	NA
CG15765:X:5836730-5836890:5836975-5837114:5837206-5839573:+	1.0	1.0	1.0	1.0
CG15765:X:5836730-5836890:5836975-5837114:5837206-5840823:+	1.0	1.0	1.0	1.0
CG15894:X:6326053-6327598:6327664-6327730:6327797-6329828:+	1.0	1.0	NA	NA
CG1636:X:8274280-8274626:8274709-8275208:8275268-8275420:+	1.0	1.0	1.0	1.0
CG1636:X:8274280-8274626:8274709-8275208:8275268-8276201:+	1.0	1.0	1.0	1.0
CG1636:X:8274280-8274626:8274757-8275208:8275268-8276450:+	1.0	1.0	1.0	1.0
CG16734:3R:9255860-9256015:9256072-9256527:9256587-9256731:+	1.0	1.0	NA	NA
CG16789:3R:9568582-9568752:9568806-9568954:9569011-9569189:+	1.0	1.0	NA	NA
CG16865:2L:13811826-13811986:13812052-13812357:13812479-13812682:+	1.0	1.0	1.0	1.0
CG16865:2L:13811826-13811986:13812052-13812357:13812479-13813316:+	1.0	1.0	1.0	1.0
CG16952:X:15872030-15872614:15872692-15875205:15875268-15875530:+	1.0	1.0	NA	1.0
CG16985:3L:2599436-2599501:2599688-2599832:2599897-2600242:+	1.0	1.0	1.0	1.0
CG1703:X:11611927-11612104:11612176-11613264:11613337-11615128:+	1.0	1.0	NA	NA
CG1703:X:11612016-11612104:11612176-11613264:11613337-11615128:+	1.0	1.0	NA	NA
CG17221:2L:3040112-3040740:3040792-3041397:3041453-3041626:+	1.0	1.0	1.0	1.0
CG17221:2L:3040112-3040740:3040792-3041397:3041453-3041890:+	1.0	1.0	1.0	1.0
CG17221:2L:3040238-3040740:3040792-3041397:3041453-3041626:+	1.0	1.0	1.0	1.0
CG17292:2L:8372881-8373288:8373540-8373914:8373984-8374250:+	1.0	1.0	NA	NA
CG17294:2L:8377225-8377521:8377577-8377793:8377847-8378206:+	1.0	1.0	1.0	1.0
CG17508:2R:5609013-5609489:5610064-5610256:5611192-5611586:+	0.8571	1.0	NA	0.8333
CG17593:2L:3515720-3516268:3516330-3516677:3516736-3517106:+	1.0	1.0	NA	NA
CG17593:2L:3515720-3516268:3516330-3516677:3516736-3517264:+	1.0	1.0	NA	NA
CG17698:3L:23737960-23738184:23740161-23741084:23746190-23746544:+	1.0	1.0	1.0	NA
CG17698:3L:23740161-23741084:23746190-23746544:23747873-23748060:+	1.0	1.0	1.0	NA
CG17698:3L:23746190-23746544:23747873-23748060:23748140-23748373:+	1.0	1.0	1.0	1.0
CG17698:3L:23747759-23747812:23747873-23748060:23748140-23748373:+	1.0	1.0	1.0	1.0
CG17698:3L:23747873-23748060:23748140-23748373:23748424-23748716:+	1.0	1.0	1.0	1.0
CG17698:3L:23747873-23748060:23748424-23748716:23748772-23749058:+	1.0	1.0	1.0	1.0
CG17698:3L:23748140-23748373:23748424-23748716:23748772-23749058:+	1.0	1.0	1.0	1.0
CG17760:2R:12627971-12628124:12628194-12628301:12628439-12628619:+	1.0	1.0	NA	NA
CG17841:X:10381659-10382109:10382181-10382510:10382582-10382928:+	1.0	1.0	1.0	1.0
CG17841:X:10381659-10382109:10382181-10382510:10382582-10384183:+	1.0	1.0	1.0	1.0
CG17883:2R:4671853-4672219:4672278-4673062:4673114-4673223:+	1.0	1.0	1.0	1.0
CG17883:2R:4672278-4673041:4673114-4673223:4673277-4673639:+	1.0	1.0	1.0	1.0
CG17883:2R:4672278-4673062:4673114-4673223:4673277-4673639:+	1.0	1.0	1.0	1.0
CG1792:3R:31616575-31617272:31617349-31617459:31617522-31617837:+	1.0	1.0	NA	NA
CG18004:2R:10885217-10885532:10885590-10886152:10886211-10886375:+	1.0	1.0	1.0	1.0
CG18004:2R:10885217-10885532:10885608-10886152:10886211-10886375:+	1.0	1.0	1.0	1.0
CG18004:2R:10885322-10885532:10885590-10886152:10886211-10886375:+	1.0	1.0	1.0	1.0
CG18764:3R:11627166-11628052:11628126-11628236:11628295-11628452:+	1.0	1.0	NA	1.0
CG1909:4:583108-583225:583789-583863:583936-584018:+	1.0	1.0	NA	NA
CG1909:4:583108-583252:583789-583863:583936-584018:+	1.0	1.0	NA	NA
CG1909:4:583789-583863:583936-584018:584762-584931:+	1.0	1.0	NA	NA
CG1910:3R:31747643-31748086:31749207-31749521:31749581-31750586:+	1.0	1.0	1.0	1.0
CG1910:3R:31748559-31748685:31749207-31749521:31749581-31750586:+	1.0	1.0	NA	NA
CG1910:3R:31748996-31749052:31749207-31749521:31749581-31750586:+	1.0	1.0	NA	NA
CG1910:3R:31749207-31749521:31749581-31750586:31750645-31751894:+	1.0	1.0	1.0	1.0
CG1965:3R:7067401-7067729:7067788-7068089:7068708-7068948:+	1.0	1.0	1.0	1.0
CG1965:3R:7067401-7067729:7067788-7068094:7068708-7068948:+	1.0	1.0	1.0	1.0
CG1965:3R:7070632-7070824:7070894-7071217:7071273-7071624:+	1.0	1.0	NA	NA
CG2059:X:7287172-7287345:7287411-7287640:7287709-7287846:+	1.0	1.0	1.0	1.0
CG2059:X:7287411-7287640:7287709-7287846:7287911-7288117:+	1.0	1.0	1.0	1.0
CG2076:X:11091051-11091192:11091291-11091627:11091725-11091857:+	1.0	1.0	1.0	1.0
CG2076:X:11091291-11091627:11091725-11091857:11091921-11092098:+	1.0	1.0	1.0	1.0
CG2145:X:10927712-10928759:10928837-10929266:10929392-10929712:+	NA	1.0	1.0	NA
CG2200:X:13094299-13094673:13094773-13095333:13095445-13095732:+	1.0	1.0	1.0	1.0
CG2200:X:13094468-13094673:13094773-13095333:13095445-13095732:+	1.0	1.0	1.0	1.0
CG2269:2R:10087566-10087768:10090543-10090799:10091757-10091996:+	1.0	1.0	NA	NA
CG2269:2R:10090543-10090799:10091757-10091996:10093144-10094143:+	0.871	0.6889	0.7647	NA
CG2269:2R:10090543-10090799:10093144-10094143:10094203-10094634:+	1.0	1.0	NA	NA
CG2269:2R:10091757-10091996:10093144-10094143:10094203-10094634:+	1.0	1.0	1.0	1.0
CG2269:2R:10093144-10094143:10094203-10094634:10094696-10094978:+	1.0	1.0	NA	NA
CG2269:2R:10094203-10094634:10094696-10094978:10095049-10096416:+	1.0	1.0	1.0	1.0
CG2656:3R:7144724-7144860:7144923-7145581:7151051-7151270:+	1.0	1.0	1.0	1.0
CG2906:2R:7956898-7957715:7957769-7957959:7958018-7958254:+	1.0	1.0	1.0	1.0
CG30120:2R:18446548-18446705:18446764-18446950:18447018-18447753:+	1.0	1.0	1.0	1.0
CG30120:2R:18446764-18446950:18447018-18447753:18447808-18447884:+	1.0	1.0	1.0	1.0
CG30197:2R:14514030-14514084:14514153-14514215:14514283-14514456:+	1.0	1.0	1.0	NA
CG30197:2R:14514153-14514215:14514283-14514456:14514804-14514992:+	1.0	1.0	1.0	1.0
CG30344:2R:9147550-9147876:9147939-9148095:9148153-9148512:+	1.0	1.0	NA	NA
CG30349:2R:8909262-8909411:8910487-8910584:8910644-8910885:+	1.0	1.0	1.0	1.0
CG30491:2R:7655944-7656100:7656156-7656415:7656472-7656770:+	1.0	1.0	1.0	1.0
CG3061:3R:14033987-14034099:14034162-14034325:14034380-14035041:+	1.0	1.0	1.0	1.0
CG3107:2R:5090581-5090641:5091872-5092476:5092527-5095090:+	1.0	1.0	1.0	1.0
CG31140:3R:23963180-23963211:23965800-23966702:23972448-23972527:+	1.0	1.0	NA	NA
CG31140:3R:23963180-23963223:23965800-23966702:23972448-23972527:+	1.0	1.0	1.0	1.0
CG31140:3R:23973208-23973292:23973354-23973554:23976166-23976447:+	1.0	1.0	NA	NA
CG31140:3R:23973354-23973554:23974152-23975678:23976166-23976447:+	0.0	0.0	NA	NA
CG31140:3R:23973354-23973554:23974350-23975678:23976166-23976447:+	0.0	0.0	NA	NA
CG31140:3R:23973354-23973554:23976166-23976447:23976504-23976933:+	1.0	1.0	NA	NA
CG31140:3R:23978950-23979235:23979299-23979455:23979515-23979622:+	1.0	1.0	NA	NA
CG31140:3R:23979299-23979455:23979515-23979622:23980528-23980994:+	1.0	1.0	NA	NA
CG31140:3R:23979299-23979455:23979515-23979622:23981726-23983232:+	1.0	1.0	NA	NA
CG31211:3R:11949680-11950354:11950427-11950784:11950858-11951011:+	1.0	1.0	1.0	1.0
CG31211:3R:11950427-11950784:11950858-11951011:11951250-11951492:+	1.0	1.0	1.0	1.0
CG31221:3R:19412689-19412764:19415633-19416388:19440703-19440831:+	1.0	1.0	1.0	1.0
CG31221:3R:19440703-19440831:19454067-19454265:19457120-19457597:+	1.0	1.0	1.0	1.0
CG31221:3R:19440703-19440831:19454067-19454265:19457120-19460311:+	1.0	1.0	1.0	1.0
CG31229:3R:18667852-18668222:18668609-18668802:18668872-18669083:+	1.0	1.0	1.0	1.0
CG31301:3R:15347209-15347405:15347464-15347625:15347690-15348012:+	1.0	1.0	1.0	1.0
CG31388:3R:11238957-11239041:11239111-11239433:11239511-11239627:+	1.0	1.0	1.0	1.0
CG31388:3R:11239111-11239433:11239511-11239627:11239896-11240114:+	1.0	1.0	1.0	1.0
CG31441:3R:11236286-11236488:11236550-11237340:11237400-11237624:+	1.0	1.0	1.0	1.0
CG31441:3R:11236286-11236492:11236550-11237340:11237400-11237624:+	1.0	1.0	1.0	1.0
CG31550:3R:5487051-5488307:5488532-5489090:5489144-5489273:+	1.0	1.0	1.0	1.0
CG31550:3R:5487835-5488307:5488532-5489090:5489144-5489273:+	1.0	1.0	1.0	1.0
CG31550:3R:5488532-5489090:5489144-5489273:5489367-5489489:+	1.0	1.0	1.0	1.0
CG31637:2L:6525368-6525550:6525619-6525820:6525883-6526919:+	1.0	1.0	1.0	1.0
CG31637:2L:6525368-6525550:6525619-6525820:6525883-6526996:+	1.0	1.0	1.0	1.0
CG31673:2L:20830281-20830612:20830671-20830796:20830861-20831063:+	1.0	1.0	NA	NA
CG31715:2L:10341616-10341765:10341822-10341932:10342150-10342233:+	1.0	1.0	1.0	1.0
CG31715:2L:10341616-10341765:10341822-10341932:10342156-10342233:+	1.0	1.0	NA	1.0
CG31715:2L:10341822-10341932:10342150-10342233:10342289-10342523:+	1.0	1.0	1.0	1.0
CG31715:2L:10341822-10341932:10342156-10342233:10342289-10342523:+	1.0	1.0	1.0	1.0
CG3176:X:481938-481997:482118-482433:482518-482658:+	1.0	1.0	1.0	1.0
CG3176:X:481938-481997:482118-482433:482518-482768:+	1.0	1.0	1.0	1.0
CG31793:2L:19004493-19006291:19006351-19007977:19008033-19008234:+	1.0	1.0	NA	NA
CG31922:2L:1170181-1170363:1170419-1170553:1170611-1170789:+	1.0	1.0	1.0	1.0
CG32032:3L:9093620-9093730:9093793-9094206:9094569-9094856:+	1.0	1.0	1.0	NA
CG32052:3L:9805903-9806095:9806281-9806572:9807720-9808713:+	1.0	1.0	NA	1.0
CG32109:3L:12745729-12745925:12745981-12746236:12746297-12746770:+	1.0	1.0	1.0	1.0
CG32112:3L:12743888-12743977:12744037-12744746:12744809-12745154:+	1.0	1.0	1.0	1.0
CG32176:3L:17433868-17434137:17434189-17434333:17434394-17434456:+	1.0	1.0	1.0	NA
CG32176:3L:17434189-17434333:17434394-17434456:17436324-17436377:+	1.0	1.0	1.0	1.0
CG32176:3L:17434394-17434456:17436324-17436377:17436513-17437543:+	1.0	1.0	1.0	1.0
CG32176:3L:17436324-17436377:17436513-17437543:17437607-17437971:+	1.0	1.0	1.0	1.0
CG32221:3L:19834670-19835290:19835354-19836045:19836121-19836413:+	1.0	1.0	1.0	NA
CG32278:3L:3169286-3169364:3170945-3171106:3171164-3171767:+	1.0	1.0	1.0	1.0
CG32333:3L:1293518-1293729:1293798-1294038:1294093-1294382:+	1.0	1.0	NA	1.0
CG32333:3L:1293518-1293729:1293798-1294038:1294093-1295699:+	1.0	1.0	NA	1.0
CG32407:3L:5922055-5922733:5922807-5923292:5923356-5923567:+	1.0	1.0	1.0	NA
CG32407:3L:5922476-5922733:5922807-5923292:5923356-5923567:+	1.0	1.0	1.0	NA
CG32409:3L:5899805-5900057:5900115-5900608:5900673-5900936:+	1.0	1.0	1.0	NA
CG3253:2R:24114861-24115846:24115908-24116061:24116118-24116359:+	1.0	1.0	1.0	1.0
CG3294:2L:4795843-4795946:4796063-4796219:4796287-4796581:+	1.0	1.0	1.0	NA
CG3294:2L:4795843-4795975:4796093-4796219:4796287-4796576:+	1.0	1.0	1.0	NA
CG33108:3R:23995659-23995966:23996032-23996279:23997112-23997208:+	1.0	1.0	NA	NA
CG33108:3R:23996032-23996279:23997112-23997208:23997267-23997544:+	1.0	1.0	1.0	1.0
CG33143:2R:22614328-22614721:22619805-22621159:22622159-22622300:+	1.0	1.0	NA	NA
CG33155:2R:13954195-13954445:13954917-13955044:13955215-13955664:+	1.0	1.0	NA	NA
CG33155:2R:13954498-13954644:13954917-13955044:13955215-13955664:+	1.0	1.0	NA	NA
CG33155:2R:13954498-13954861:13954917-13955044:13955215-13955664:+	1.0	1.0	NA	NA
CG33170:3L:22864600-22864925:22865771-22865824:22865878-22865960:+	1.0	1.0	1.0	1.0
CG33170:3L:22864842-22864925:22865771-22865824:22865878-22865960:+	1.0	1.0	1.0	1.0
CG33170:3L:22865486-22865696:22865771-22865824:22865878-22866034:+	1.0	1.0	1.0	1.0
CG33170:3L:22865771-22865824:22865878-22865960:22867400-22867535:+	1.0	1.0	1.0	1.0
CG33170:3L:22865771-22865824:22865878-22866034:22867116-22867535:+	1.0	1.0	1.0	1.0
CG33181:X:8489815-8490015:8491948-8492030:8509456-8510118:+	0.0244	0.0149	0.0	0.0
CG33181:X:8489815-8490015:8509456-8509466:8510570-8510704:+	1.0	1.0	1.0	1.0
CG33181:X:8489815-8490015:8509456-8510118:8510225-8510704:+	1.0	1.0	1.0	1.0
CG33181:X:8515189-8515394:8515464-8515612:8515723-8516100:+	1.0	1.0	1.0	1.0
CG33181:X:8515189-8515394:8515464-8515612:8515723-8517029:+	1.0	1.0	1.0	1.0
CG33217:3L:23126025-23126118:23126200-23126400:23126717-23127251:+	1.0	1.0	1.0	1.0
CG33217:3L:23126200-23126400:23126717-23127251:23127313-23127489:+	1.0	1.0	1.0	1.0
CG33217:3L:23126717-23127251:23127313-23127489:23128260-23128370:+	1.0	1.0	NA	NA
CG3358:2R:6923446-6923659:6923880-6924486:6924553-6924681:+	1.0	1.0	1.0	NA
CG3358:2R:6923480-6923659:6923880-6924486:6924553-6924681:+	1.0	1.0	1.0	NA
CG3358:2R:6923480-6923659:6923880-6924486:6924553-6924929:+	1.0	1.0	1.0	NA
CG33995:2L:5043270-5043383:5044307-5044689:5045822-5045925:+	0.8861	0.7537	0.8837	0.9355
CG33995:2L:5043270-5043383:5044583-5044689:5045822-5045925:+	0.8854	0.7537	0.8795	0.9348
CG33995:2L:5044307-5044689:5045822-5045925:5046147-5047206:+	1.0	1.0	1.0	1.0
CG33995:2L:5044453-5044689:5045822-5045925:5046147-5047206:+	1.0	1.0	1.0	1.0
CG33995:2L:5044583-5044689:5045822-5045925:5046147-5047206:+	1.0	1.0	1.0	1.0
CG33995:2L:5045822-5045925:5046147-5047206:5047273-5047479:+	1.0	1.0	1.0	1.0
CG34039:3L:14561859-14561999:14562052-14562283:14562377-14562613:+	1.0	1.0	1.0	1.0
CG34150:3R:24814262-24814297:24814349-24814492:24814553-24814634:+	1.0	1.0	1.0	1.0
CG34150:3R:24814349-24814492:24814553-24814634:24814698-24814930:+	1.0	1.0	1.0	1.0
CG34164:2L:12056348-12056432:12056499-12057147:12057215-12058251:+	1.0	1.0	1.0	1.0
CG34174:2L:2214266-2214384:2214438-2214884:2215014-2215167:+	1.0	1.0	1.0	1.0
CG34347:3R:31353410-31353618:31354462-31354614:31355611-31355783:+	1.0	1.0	1.0	NA
CG34347:3R:31354462-31354614:31355611-31355783:31357279-31357533:+	NA	1.0	1.0	NA
CG34408:X:10228023-10228609:10228672-10229507:10229583-10229895:+	1.0	1.0	NA	NA
CG34408:X:10228023-10228609:10228672-10229507:10229583-10230088:+	1.0	1.0	NA	NA
CG3511:2R:24573816-24573936:24573996-24574215:24574284-24574503:+	1.0	1.0	1.0	1.0
CG3552:3L:9457912-9458357:9458411-9459116:9459183-9459370:+	1.0	1.0	1.0	NA
CG3552:3L:9457978-9458357:9458411-9459116:9459183-9459370:+	1.0	1.0	1.0	NA
CG3556:X:4532856-4533051:4533120-4533197:4533261-4533343:+	1.0	1.0	1.0	1.0
CG3556:X:4533120-4533197:4533261-4533343:4533525-4533840:+	1.0	1.0	1.0	1.0
CG3556:X:4533120-4533197:4533261-4533343:4533525-4535464:+	1.0	1.0	1.0	1.0
CG3568:X:4542978-4543122:4543176-4544176:4544234-4544497:+	1.0	1.0	1.0	1.0
CG3589:2R:24784634-24784743:24784801-24785260:24785312-24785542:+	1.0	1.0	1.0	1.0
CG3651:2L:22123741-22124028:22124090-22124216:22124782-22125120:+	1.0	1.0	NA	NA
CG3651:2L:22123741-22124028:22124090-22124216:22124782-22125151:+	1.0	1.0	NA	NA
CG3651:2L:22123741-22124028:22124090-22124216:22124782-22126614:+	1.0	1.0	NA	NA
CG3662:2L:821289-821659:822858-823569:823637-824137:+	1.0	1.0	1.0	NA
CG3662:2L:821422-821659:822858-823569:823637-824137:+	1.0	1.0	1.0	NA
CG3662:2L:821422-821659:822858-823569:823637-824337:+	1.0	1.0	1.0	NA
CG3662:2L:822858-823569:823637-824137:824191-824337:+	1.0	1.0	1.0	1.0
CG3662:2L:822858-823569:823637-824137:824219-824337:+	1.0	1.0	1.0	1.0
CG3776:2R:24969811-24970200:24970253-24970548:24970605-24970855:+	1.0	1.0	1.0	1.0
CG3776:2R:24969813-24970200:24970253-24970548:24970605-24970855:+	1.0	1.0	1.0	1.0
CG3909:3R:10043766-10044004:10044062-10044249:10044304-10044606:+	1.0	1.0	1.0	NA
CG40045:3L:24028515-24028723:24028811-24028938:24030755-24030857:+	0.0909	0.1724	NA	NA
CG40045:3L:24028515-24028723:24030755-24030854:24035432-24035859:+	1.0	1.0	NA	NA
CG40045:3L:24028515-24028723:24030755-24030857:24034878-24035018:+	1.0	1.0	NA	NA
CG40045:3L:24028515-24028723:24030755-24030857:24035432-24035859:+	1.0	1.0	NA	NA
CG40045:3L:24028811-24028938:24030755-24030857:24035432-24035859:+	1.0	1.0	NA	NA
CG40045:3L:24030755-24030857:24034878-24035018:24035432-24035859:+	0.0	0.0	NA	NA
CG40191:2R:1264393-1264493:1264548-1264841:1265171-1265293:+	1.0	1.0	1.0	1.0
CG40191:2R:1264393-1264841:1265171-1265293:1265343-1266349:+	1.0	1.0	1.0	1.0
CG40191:2R:1264444-1264493:1264548-1264841:1265171-1265293:+	1.0	1.0	1.0	1.0
CG40191:2R:1264548-1264841:1265171-1265293:1265343-1266052:+	1.0	1.0	1.0	1.0
CG40191:2R:1264548-1264841:1265171-1265293:1265343-1266162:+	1.0	1.0	1.0	1.0
CG40191:2R:1264548-1264841:1265171-1265293:1265343-1267747:+	1.0	1.0	1.0	1.0
CG40191:2R:1265171-1265293:1265343-1266052:1266192-1266349:+	0.4237	0.3462	0.4167	0.44
CG4036:2L:9790882-9790901:9790969-9791694:9791755-9791958:+	1.0	1.0	1.0	1.0
CG41099:3R:3846729-3846894:3849499-3850235:3864292-3864417:+	1.0	1.0	1.0	1.0
CG41099:3R:3846729-3846894:3849503-3850235:3864292-3864417:+	1.0	1.0	1.0	1.0
CG41099:3R:3846729-3846911:3849499-3850235:3864292-3864417:+	1.0	1.0	1.0	1.0
CG41099:3R:3846981-3847059:3849503-3850235:3864292-3864417:+	1.0	1.0	1.0	1.0
CG41099:3R:3849499-3850235:3864292-3864417:3864466-3864560:+	1.0	1.0	1.0	1.0
CG41099:3R:3849503-3850235:3864292-3864417:3864466-3864560:+	1.0	1.0	1.0	1.0
CG41099:3R:3864292-3864417:3864466-3864560:3864613-3865460:+	1.0	1.0	1.0	1.0
CG41099:3R:3864466-3864560:3864613-3865460:3866007-3867426:+	1.0	1.0	1.0	1.0
CG41099:3R:3864613-3865460:3866007-3867426:3867500-3867684:+	1.0	1.0	1.0	1.0
CG41099:3R:3864613-3865460:3866007-3867426:3867500-3867980:+	1.0	1.0	1.0	1.0
CG41099:3R:3864613-3865460:3866007-3867426:3867500-3868401:+	1.0	1.0	1.0	1.0
CG4186:3L:20769586-20769685:20769739-20769837:20769894-20770080:+	1.0	1.0	1.0	1.0
CG4186:3L:20769586-20769685:20769739-20769837:20769894-20770138:+	1.0	1.0	1.0	1.0
CG42245:3L:2631715-2631916:2631977-2632121:2633538-2633809:+	1.0	1.0	1.0	1.0
CG42245:3L:2631977-2632121:2633538-2633809:2637068-2639553:+	1.0	NA	1.0	1.0
CG42258:X:12475640-12475840:12475915-12475997:12476153-12476268:+	1.0	1.0	NA	NA
CG42258:X:12475915-12475997:12476153-12476268:12476319-12477497:+	1.0	1.0	NA	NA
CG42258:X:12475915-12475997:12476153-12476268:12476337-12477497:+	1.0	1.0	1.0	1.0
CG42258:X:12475915-12475997:12476153-12476268:12476337-12478431:+	1.0	1.0	1.0	1.0
CG42307:3L:7329132-7329363:7329429-7329637:7329716-7330239:+	1.0	1.0	1.0	1.0
CG42322:3R:20749248-20749376:20749469-20749658:20749741-20749830:+	1.0	1.0	NA	NA
CG42322:3R:20749469-20749658:20749741-20749830:20750225-20750354:+	1.0	1.0	1.0	1.0
CG42322:3R:20749741-20749830:20750225-20750354:20750688-20750757:+	1.0	1.0	1.0	1.0
CG42322:3R:20749741-20749830:20750225-20750354:20752346-20752375:+	1.0	1.0	1.0	1.0
CG42322:3R:20750225-20750354:20750688-20750757:20752346-20752375:+	0.0493	0.0658	0.0588	0.085
CG42322:3R:20750225-20750354:20752346-20752375:20753509-20753641:+	1.0	0.9725	1.0	0.9856
CG42322:3R:20750225-20750354:20752346-20752375:20753509-20753759:+	1.0	0.9725	1.0	0.9856
CG42322:3R:20752346-20752375:20753509-20753759:20753969-20754261:+	1.0	1.0	1.0	1.0
CG42322:3R:20752346-20752375:20753509-20753759:20754969-20756042:+	1.0	1.0	1.0	1.0
CG42342:3R:16502770-16503171:16512964-16514176:16550207-16550286:+	1.0	1.0	0.9891	1.0
CG42342:3R:16550861-16550929:16551795-16551965:16552361-16552466:+	1.0	1.0	NA	NA
CG42342:3R:16551614-16551667:16551795-16551965:16552361-16552466:+	1.0	1.0	NA	NA
CG42342:3R:16551795-16551965:16552361-16552466:16556227-16556324:+	1.0	1.0	NA	NA
CG42342:3R:16552361-16552466:16556227-16556324:16565062-16565424:+	1.0	1.0	NA	NA
CG42342:3R:16552361-16552466:16556227-16556324:16569035-16569061:+	1.0	1.0	NA	NA
CG42346:X:22832399-22832438:22866051-22866942:22867739-22868001:+	1.0	1.0	NA	1.0
CG42360:2R:24607267-24607521:24608935-24609036:24609090-24609293:+	1.0	1.0	1.0	1.0
CG42360:2R:24608935-24609036:24609090-24609293:24609354-24609955:+	1.0	1.0	1.0	1.0
CG42374:3L:19264327-19264622:19264681-19265443:19266594-19266838:+	1.0	1.0	1.0	1.0
CG42374:3L:19264404-19264622:19264681-19265443:19266594-19266838:+	1.0	1.0	1.0	1.0
CG42394:3R:10849932-10850019:10851285-10851488:10851541-10851788:+	1.0	1.0	NA	NA
CG42394:3R:10849961-10850019:10851285-10851488:10851549-10851788:+	1.0	1.0	1.0	1.0
CG42402:3R:4077939-4078532:4081369-4081819:4085318-4085578:+	1.0	1.0	1.0	1.0
CG42402:3R:4077939-4078532:4081369-4081819:4093946-4094074:+	1.0	1.0	1.0	1.0
CG42402:3R:4093946-4094074:4094149-4094456:4095775-4095991:+	1.0	1.0	NA	1.0
CG42402:3R:4094149-4094456:4095775-4095991:4099866-4100015:+	1.0	1.0	NA	1.0
CG42450:X:18813297-18813798:18819776-18820042:18820334-18821312:+	1.0	1.0	1.0	1.0
CG42458:3L:7423827-7424156:7445167-7445605:7445672-7445779:+	1.0	1.0	1.0	1.0
CG42495:3L:18667361-18667579:18667648-18667793:18667847-18668135:+	1.0	1.0	1.0	1.0
CG42496:2R:21691580-21692170:21692235-21692374:21692432-21692764:+	1.0	1.0	1.0	1.0
CG42496:2R:21691669-21692170:21692235-21692374:21692432-21692764:+	1.0	1.0	1.0	1.0
CG4250:2R:22663692-22663874:22663989-22664121:22664175-22664474:+	1.0	1.0	1.0	NA
CG4250:2R:22663692-22663913:22663989-22664121:22664175-22664474:+	1.0	1.0	1.0	NA
CG42518:2R:18167227-18167269:18167344-18167522:18167658-18167721:+	1.0	1.0	1.0	1.0
CG42518:2R:18167255-18167522:18167658-18167721:18167773-18168138:+	1.0	1.0	1.0	1.0
CG42518:2R:18167344-18167522:18167658-18167721:18167773-18168138:+	1.0	1.0	1.0	1.0
CG42518:2R:18167658-18167721:18167773-18168138:18168208-18168380:+	1.0	1.0	1.0	1.0
CG42540:3L:4557273-4558052:4563797-4563896:4564538-4564549:+	1.0	1.0	1.0	1.0
CG42540:3L:4557273-4558052:4563797-4563896:4568625-4568948:+	1.0	1.0	1.0	1.0
CG42540:3L:4557273-4558052:4563797-4563896:4577917-4577952:+	1.0	1.0	1.0	1.0
CG42540:3L:4557273-4558052:4563797-4563896:4578760-4578869:+	1.0	1.0	1.0	1.0
CG42540:3L:4563797-4563896:4578760-4578869:4579447-4579519:+	1.0	1.0	1.0	1.0
CG42540:3L:4564538-4564549:4578760-4578869:4579447-4579519:+	1.0	1.0	1.0	1.0
CG42540:3L:4568625-4568948:4578760-4578869:4579447-4579519:+	1.0	1.0	1.0	1.0
CG42540:3L:4574964-4575758:4577917-4577952:4578760-4578869:+	0.5833	0.6923	0.8571	0.5833
CG42540:3L:4574964-4575758:4578760-4578869:4579447-4579519:+	1.0	1.0	1.0	1.0
CG42540:3L:4577917-4577952:4578760-4578869:4579447-4579519:+	1.0	1.0	1.0	1.0
CG42540:3L:4578760-4578869:4579447-4579519:4580077-4580159:+	1.0	1.0	1.0	1.0
CG42540:3L:4579447-4579519:4580077-4580159:4586580-4586783:+	1.0	1.0	NA	1.0
CG42553:3L:834392-834718:834779-835330:835387-835515:+	1.0	1.0	1.0	1.0
CG42557:3R:29933287-29933579:29933637-29934089:29934239-29934587:+	1.0	1.0	1.0	1.0
CG42558:3R:29933287-29933579:29933637-29934089:29934239-29934587:+	1.0	1.0	1.0	1.0
CG42594:X:4840833-4841440:4869496-4869554:4894618-4895060:+	1.0	0.5714	1.0	1.0
CG42613:3R:18929196-18929564:18931144-18931387:18937523-18937640:+	0.9884	1.0	1.0	1.0
CG42613:3R:18929196-18929564:18931144-18931387:18937528-18937640:+	1.0	1.0	1.0	1.0
CG42613:3R:18931144-18931387:18937523-18937640:18943053-18943115:+	1.0	1.0	NA	1.0
CG42613:3R:18937523-18937640:18943053-18943115:18947291-18948007:+	1.0	1.0	NA	1.0
CG42613:3R:18937528-18937640:18943053-18943115:18947291-18948007:+	1.0	1.0	NA	1.0
CG42613:3R:18950196-18950603:18958362-18959924:18969419-18969596:+	1.0	1.0	1.0	1.0
CG42613:3R:18969682-18969708:18969769-18969977:18970075-18970288:+	1.0	1.0	NA	NA
CG42613:3R:18969769-18969977:18970075-18970288:18970631-18970848:+	1.0	1.0	NA	NA
CG42613:3R:18970075-18970288:18970631-18970848:18971290-18971416:+	1.0	1.0	NA	NA
CG42613:3R:18972277-18972680:18972750-18972919:18972982-18973159:+	1.0	1.0	NA	NA
CG42613:3R:18972750-18972919:18972982-18973159:18974991-18975170:+	1.0	1.0	NA	NA
CG42671:3L:11223704-11224224:11224993-11226568:11226636-11226801:+	1.0	1.0	NA	NA
CG42671:3L:11224993-11226568:11226636-11226801:11227673-11228088:+	1.0	1.0	NA	NA
CG42671:3L:11224993-11226568:11226636-11226801:11227673-11228546:+	1.0	1.0	NA	NA
CG42671:3L:11224993-11226568:11226636-11226801:11229113-11229635:+	1.0	1.0	NA	NA
CG42671:3L:11224993-11226568:11226636-11226801:11229113-11230512:+	1.0	1.0	NA	NA
CG42671:3L:11224993-11226568:11226636-11226801:11229113-11230745:+	1.0	1.0	NA	NA
CG42673:3L:9547220-9547477:9552902-9553536:9575651-9575722:+	1.0	1.0	1.0	NA
CG42673:3L:9552902-9553536:9575651-9575722:9581391-9581486:+	1.0	1.0	1.0	NA
CG42784:2L:13461774-13462200:13483447-13485249:13486918-13486977:+	1.0	1.0	1.0	1.0
CG42784:2L:13461774-13462200:13483447-13485249:13496591-13496698:+	1.0	1.0	1.0	1.0
CG42837:2R:16197042-16198338:16198485-16198946:16199007-16199378:+	1.0	1.0	1.0	NA
CG43066:2R:18521856-18522217:18522281-18522443:18522517-18522720:+	1.0	1.0	NA	NA
CG43066:2R:18522281-18522443:18522517-18522720:18522973-18523041:+	1.0	1.0	1.0	1.0
CG43066:2R:18522281-18522443:18522517-18522720:18524233-18526439:+	1.0	1.0	NA	NA
CG43066:2R:18522517-18522720:18522973-18523041:18523194-18523707:+	1.0	1.0	1.0	1.0
CG43066:2R:18522973-18523041:18523194-18523707:18524233-18525417:+	1.0	1.0	1.0	1.0
CG43675:3R:9356424-9357455:9357984-9358176:9358256-9359189:+	1.0	1.0	1.0	1.0
CG43689:X:4085618-4085875:4085940-4086052:4086170-4086250:+	1.0	1.0	NA	1.0
CG43689:X:4085940-4086052:4086170-4086250:4087054-4087354:+	1.0	1.0	NA	1.0
CG43689:X:4085940-4086052:4086170-4086250:4087054-4087383:+	1.0	1.0	NA	1.0
CG43689:X:4085940-4086052:4086170-4086250:4088014-4088348:+	1.0	1.0	NA	1.0
CG43707:2L:3758539-3758676:3758738-3758919:3758981-3759154:+	1.0	1.0	1.0	1.0
CG43707:2L:3758539-3758676:3758738-3758919:3758981-3759806:+	1.0	1.0	1.0	1.0
CG43707:2L:3758738-3758919:3758981-3759154:3760068-3760148:+	1.0	1.0	1.0	1.0
CG43707:2L:3758738-3758919:3758981-3759806:3760068-3760148:+	1.0	1.0	1.0	1.0
CG43732:3R:18950196-18950603:18958362-18959924:18969419-18969596:+	1.0	1.0	1.0	1.0
CG43732:3R:18969682-18969708:18969769-18969977:18970075-18970288:+	1.0	1.0	NA	NA
CG43732:3R:18969769-18969977:18970075-18970288:18970631-18970848:+	1.0	1.0	NA	NA
CG43732:3R:18970075-18970288:18970631-18970848:18971290-18971416:+	1.0	1.0	NA	NA
CG43732:3R:18972277-18972680:18972750-18972919:18972982-18973159:+	1.0	1.0	NA	NA
CG43732:3R:18972750-18972919:18972982-18973159:18974991-18975170:+	1.0	1.0	NA	NA
CG43736:X:6863888-6864116:6869261-6870991:6872716-6872921:+	1.0	1.0	1.0	1.0
CG43736:X:6864103-6864299:6869261-6870991:6872716-6872921:+	1.0	1.0	1.0	1.0
CG43736:X:6868227-6868780:6869261-6870991:6872716-6872921:+	1.0	1.0	1.0	1.0
CG43736:X:6868508-6868780:6869261-6870991:6872716-6872921:+	1.0	1.0	1.0	1.0
CG43736:X:6869261-6870991:6872716-6872921:6874322-6874916:+	1.0	1.0	1.0	1.0
CG43736:X:6869261-6870991:6872716-6872921:6875932-6876190:+	1.0	1.0	1.0	1.0
CG43736:X:6869261-6870991:6872716-6872921:6876342-6878483:+	1.0	1.0	1.0	1.0
CG43736:X:6869261-6870991:6872716-6872921:6877914-6878483:+	1.0	1.0	1.0	1.0
CG43737:X:15175441-15175551:15175811-15175999:15177693-15181333:+	0.988	1.0	0.9955	0.9946
CG43737:X:15175811-15175999:15177693-15181333:15181411-15181498:+	1.0	1.0	1.0	1.0
CG43795:2R:23444137-23444383:23456183-23457865:23466964-23467271:+	1.0	1.0	1.0	1.0
CG43902:X:10158434-10159056:10186521-10186738:10188139-10189513:+	1.0	1.0	0.9794	1.0
CG43902:X:10186521-10186738:10188139-10189513:10191097-10195337:+	1.0	1.0	1.0	1.0
CG44000:2L:5043270-5043383:5044307-5044689:5045822-5045925:+	0.8861	0.7537	0.8837	0.9355
CG44000:2L:5043270-5043383:5044583-5044689:5045822-5045925:+	0.8854	0.7537	0.8795	0.9348
CG44000:2L:5043270-5043383:5045822-5045925:5046147-5047206:+	1.0	1.0	0.9958	1.0
CG44000:2L:5044307-5044689:5045822-5045925:5046147-5047206:+	1.0	1.0	1.0	1.0
CG44000:2L:5044453-5044689:5045822-5045925:5046147-5047206:+	1.0	1.0	1.0	1.0
CG44000:2L:5044583-5044689:5045822-5045925:5046147-5047206:+	1.0	1.0	1.0	1.0
CG44000:2L:5045397-5045483:5045822-5045925:5046147-5047206:+	1.0	1.0	1.0	1.0
CG44000:2L:5045822-5045925:5046147-5047206:5047273-5047479:+	1.0	1.0	1.0	1.0
CG44001:2L:5043270-5043383:5044307-5044689:5045822-5045925:+	0.8861	0.7537	0.8837	0.9355
CG44001:2L:5043270-5043383:5044583-5044689:5045822-5045925:+	0.8854	0.7537	0.8795	0.9348
CG44001:2L:5043270-5043383:5045822-5045925:5046147-5047206:+	1.0	1.0	0.9958	1.0
CG44001:2L:5044307-5044689:5045822-5045925:5046147-5047206:+	1.0	1.0	1.0	1.0
CG44001:2L:5044453-5044689:5045822-5045925:5046147-5047206:+	1.0	1.0	1.0	1.0
CG44001:2L:5044583-5044689:5045822-5045925:5046147-5047206:+	1.0	1.0	1.0	1.0
CG44001:2L:5045397-5045483:5045822-5045925:5046147-5047206:+	1.0	1.0	1.0	1.0
CG44001:2L:5045822-5045925:5046147-5047206:5047273-5047479:+	1.0	1.0	1.0	1.0
CG4409:2R:16443211-16443757:16443908-16444122:16444669-16444845:+	1.0	1.0	1.0	1.0
CG44245:2R:21200483-21200658:21211243-21212478:21212546-21212969:+	1.0	1.0	1.0	1.0
CG44838:3L:9461888-9464706:9470268-9470437:9470560-9470633:+	1.0	1.0	NA	NA
CG44838:3L:9463318-9464706:9470268-9470437:9470560-9470633:+	1.0	1.0	NA	NA
CG44838:3L:9463364-9464706:9470268-9470437:9470560-9470633:+	1.0	1.0	NA	NA
CG44838:3L:9470560-9470633:9473128-9473681:9473955-9474124:+	1.0	1.0	NA	NA
CG44838:3L:9473128-9473681:9473955-9474124:9474188-9474267:+	1.0	1.0	NA	NA
CG45049:3R:22726967-22727491:22728843-22729133:22729209-22729284:+	1.0	1.0	1.0	1.0
CG45049:3R:22729353-22729539:22729610-22729759:22729817-22729879:+	1.0	1.0	1.0	1.0
CG45049:3R:22729610-22729759:22729817-22729879:22729947-22730876:+	1.0	1.0	1.0	1.0
CG45049:3R:22729610-22729759:22729817-22729879:22729947-22732362:+	1.0	1.0	1.0	1.0
CG45086:2R:12612740-12612851:12613567-12614345:12615907-12616414:+	1.0	1.0	1.0	1.0
CG45086:2R:12612740-12612884:12613567-12614345:12615907-12616414:+	1.0	1.0	1.0	1.0
CG45086:2R:12617987-12618140:12618443-12618550:12619064-12619820:+	1.0	1.0	1.0	NA
CG4577:2L:1139124-1139385:1139483-1139763:1139832-1140988:+	1.0	1.0	1.0	1.0
CG46244:2L:19606569-19607081:19610610-19611626:19644268-19644399:+	1.0	1.0	1.0	1.0
CG46307:2L:21104568-21105008:21114594-21115092:21116260-21116482:+	1.0	1.0	1.0	1.0
CG46307:2L:21121582-21121769:21122251-21122389:21124135-21124191:+	1.0	1.0	1.0	NA
CG46307:2L:21122251-21122389:21124135-21124191:21124287-21124373:+	1.0	1.0	1.0	1.0
CG46307:2L:21124135-21124191:21124287-21124373:21124440-21124521:+	1.0	1.0	1.0	1.0
CG46307:2L:21124287-21124373:21124440-21124521:21125347-21125439:+	NA	1.0	1.0	NA
CG46308:2L:13461774-13462200:13483447-13485249:13496591-13496698:+	1.0	1.0	1.0	1.0
CG46311:X:13563823-13564333:13575902-13576182:13576612-13577664:+	1.0	1.0	1.0	1.0
CG46314:2L:21314360-21315538:21318127-21318419:21318485-21319527:+	1.0	1.0	NA	NA
CG46320:3L:5664861-5666036:5667822-5667942:5668006-5668141:+	1.0	1.0	NA	NA
CG46320:3L:5665177-5666036:5667822-5667942:5668006-5668141:+	1.0	1.0	NA	NA
CG46320:3L:5667822-5667942:5668006-5668141:5668691-5668884:+	1.0	1.0	1.0	1.0
CG46320:3L:5667822-5667942:5668006-5668141:5668700-5668884:+	1.0	1.0	NA	NA
CG46320:3L:5668006-5668141:5668691-5668884:5668964-5669082:+	1.0	1.0	1.0	1.0
CG46320:3L:5668006-5668141:5668700-5668884:5668964-5669082:+	1.0	1.0	1.0	1.0
CG46320:3L:5668691-5668884:5668964-5669082:5673067-5673265:+	1.0	1.0	1.0	1.0
CG46320:3L:5668700-5668884:5668964-5669082:5673094-5673265:+	1.0	1.0	1.0	1.0
CG46320:3L:5739106-5739334:5739444-5739726:5740104-5740207:+	1.0	1.0	NA	1.0
CG46320:3L:5739106-5739334:5739444-5739726:5740104-5746400:+	1.0	1.0	NA	1.0
CG46320:3L:5739444-5739726:5740104-5740207:5746468-5749599:+	1.0	1.0	1.0	1.0
CG4678:X:16709359-16709669:16709736-16709912:16709985-16710077:+	1.0	1.0	NA	NA
CG4678:X:16709374-16709669:16709736-16709912:16709985-16710077:+	1.0	1.0	NA	NA
CG4678:X:16709736-16709912:16709985-16710077:16710204-16710313:+	1.0	1.0	1.0	1.0
CG4678:X:16709736-16709912:16709985-16710077:16710204-16710479:+	1.0	1.0	1.0	1.0
CG4678:X:16709736-16709912:16709985-16710077:16710778-16711145:+	1.0	1.0	NA	NA
CG4678:X:16709985-16710077:16710204-16710313:16710778-16711145:+	1.0	1.0	1.0	1.0
CG4768:X:16794289-16794378:16794450-16794636:16794696-16794923:+	1.0	1.0	NA	NA
CG4768:X:16794450-16794636:16794696-16794923:16795195-16796023:+	1.0	1.0	1.0	1.0
CG4768:X:16794450-16794636:16794696-16794923:16795195-16796756:+	1.0	1.0	1.0	1.0
CG4768:X:16794450-16794636:16794696-16794923:16795195-16797742:+	1.0	1.0	1.0	1.0
CG4789:X:16800930-16801005:16801069-16801587:16801654-16802000:+	1.0	1.0	1.0	1.0
CG4820:3R:11216535-11216729:11216793-11217565:11217624-11217695:+	1.0	1.0	1.0	1.0
CG4820:3R:11216793-11217565:11217624-11217695:11217752-11217898:+	1.0	1.0	1.0	1.0
CG4866:2R:17518223-17518427:17518484-17518695:17518753-17519027:+	1.0	1.0	1.0	1.0
CG4887:2L:1173380-1173829:1173884-1174130:1174197-1174266:+	1.0	1.0	1.0	1.0
CG4887:2L:1173884-1174130:1174197-1174266:1174497-1174570:+	1.0	1.0	1.0	1.0
CG4887:2L:1176101-1176881:1176942-1177191:1177256-1177496:+	1.0	1.0	1.0	1.0
CG4887:2L:1176101-1176881:1176942-1177191:1177256-1177589:+	1.0	1.0	1.0	1.0
CG4896:2L:1178108-1178467:1178841-1179069:1179127-1179196:+	1.0	1.0	1.0	1.0
CG4896:2L:1178108-1178467:1178841-1179069:1179127-1179937:+	1.0	1.0	1.0	1.0
CG4896:2L:1178108-1178467:1178847-1179069:1179127-1179196:+	1.0	1.0	1.0	1.0
CG4896:2L:1178841-1179069:1179127-1179196:1179452-1179525:+	1.0	1.0	1.0	1.0
CG4896:2L:1178841-1179069:1179127-1179196:1179860-1179937:+	1.0	1.0	1.0	1.0
CG4896:2L:1178841-1179069:1179127-1179937:1179997-1180123:+	1.0	1.0	1.0	1.0
CG4896:2L:1178841-1179069:1179127-1179937:1179997-1180449:+	1.0	1.0	1.0	1.0
CG4896:2L:1178847-1179069:1179127-1179196:1179452-1179525:+	1.0	1.0	1.0	1.0
CG4896:2L:1179997-1180449:1180513-1180926:1180995-1181793:+	1.0	1.0	1.0	1.0
CG4896:2L:1180213-1180449:1180513-1180926:1180995-1181793:+	1.0	1.0	1.0	1.0
CG4896:2L:1180513-1180926:1180995-1181793:1181855-1182104:+	1.0	1.0	1.0	1.0
CG4896:2L:1180995-1181793:1181855-1182104:1182170-1182454:+	1.0	1.0	1.0	1.0
CG4935:2L:16262521-16262593:16262650-16263180:16263262-16263483:+	1.0	1.0	1.0	1.0
CG4957:2L:10268872-10269319:10269376-10269550:10269613-10269708:+	1.0	1.0	1.0	1.0
CG4957:2L:10269376-10269550:10269613-10269708:10269763-10269904:+	1.0	1.0	1.0	1.0
CG5026:3L:8970483-8970895:8970949-8971046:8971103-8971377:+	1.0	1.0	NA	NA
CG5026:3L:8970483-8970895:8970949-8971046:8971103-8971402:+	1.0	1.0	NA	NA
CG5026:3L:8970483-8970895:8970949-8971046:8971103-8971752:+	1.0	1.0	NA	NA
CG5065:2R:16608031-16608334:16618804-16619689:16621325-16621441:+	1.0	1.0	1.0	NA
CG5065:2R:16609128-16609325:16618804-16619689:16621325-16621441:+	1.0	1.0	1.0	1.0
CG5114:3L:14982835-14983790:14983913-14984120:14984211-14984486:+	1.0	1.0	1.0	1.0
CG5114:3L:14982835-14983850:14983913-14984120:14984211-14984486:+	1.0	1.0	1.0	1.0
CG5174:2R:18424326-18424486:18424872-18425034:18425340-18426221:+	1.0	1.0	NA	NA
CG5188:2L:10428829-10428930:10428986-10429659:10429715-10429988:+	1.0	1.0	1.0	1.0
CG5214:3R:11245739-11245883:11246088-11246393:11246458-11246862:+	1.0	1.0	1.0	1.0
CG5500:3R:26876630-26876755:26879479-26879836:26880085-26880459:+	1.0	1.0	NA	NA
CG5521:3R:26966930-26967549:26969685-26969795:26970327-26970344:+	1.0	1.0	NA	NA
CG5521:3R:26966930-26967549:26969685-26969795:26970652-26970823:+	1.0	1.0	NA	NA
CG5554:2R:23845535-23845696:23845766-23845940:23846128-23847024:+	1.0	1.0	1.0	NA
CG5569:2R:23865414-23865773:23866187-23866385:23866440-23866654:+	1.0	1.0	1.0	1.0
CG5618:3L:20353920-20354405:20355305-20356280:20356345-20356632:+	1.0	1.0	NA	NA
CG5618:3L:20354800-20354987:20355305-20356280:20356345-20356632:+	1.0	1.0	NA	NA
CG5618:3L:20354800-20355129:20355305-20356280:20356345-20356632:+	1.0	1.0	NA	NA
CG5758:2L:18119995-18120072:18123349-18123908:18126497-18126839:+	1.0	1.0	1.0	1.0
CG5758:2L:18122528-18122588:18123349-18123908:18126497-18126839:+	1.0	1.0	NA	NA
CG5793:3R:21128121-21128217:21128347-21128493:21128552-21128906:+	1.0	1.0	NA	NA
CG5793:3R:21128121-21128217:21128347-21128493:21128552-21129601:+	1.0	1.0	NA	NA
CG5890:3R:25868453-25868523:25868593-25868787:25869538-25869792:+	1.0	1.0	1.0	1.0
CG5890:3R:25868453-25868523:25868593-25868787:25869538-25872670:+	1.0	1.0	1.0	1.0
CG5973:2L:7444465-7444643:7444709-7444859:7444927-7445269:+	1.0	1.0	NA	NA
CG5973:2L:7444465-7444643:7444709-7444859:7444927-7445882:+	1.0	1.0	NA	NA
CG6153:2L:12692993-12693402:12693466-12693656:12693720-12693892:+	1.0	1.0	1.0	1.0
CG6153:2L:12692993-12693402:12693466-12693656:12693720-12693939:+	1.0	1.0	1.0	1.0
CG6179:X:18380082-18380930:18380991-18381099:18381162-18381479:+	1.0	1.0	1.0	NA
CG6294:X:15466069-15466124:15466219-15466476:15466543-15466812:+	1.0	1.0	NA	1.0
CG6299:X:15466069-15466124:15466219-15466476:15466543-15466807:+	1.0	1.0	NA	1.0
CG6299:X:15466069-15466124:15466219-15466476:15466543-15466812:+	1.0	1.0	NA	1.0
CG6329:2R:13826371-13826481:13829640-13829865:13830551-13830718:+	1.0	1.0	1.0	1.0
CG6329:2R:13826371-13826517:13829640-13829865:13830551-13830718:+	1.0	1.0	1.0	1.0
CG6329:2R:13826371-13826585:13829640-13829865:13830551-13830718:+	1.0	1.0	1.0	1.0
CG6329:2R:13826953-13827037:13829640-13829865:13830551-13830718:+	1.0	1.0	1.0	1.0
CG6329:2R:13826953-13827409:13829640-13829865:13830551-13830718:+	1.0	1.0	1.0	1.0
CG6329:2R:13829448-13829579:13829640-13829865:13830551-13830718:+	1.0	1.0	1.0	1.0
CG6329:2R:13829640-13829865:13830551-13830718:13830778-13831359:+	1.0	1.0	1.0	1.0
CG6329:2R:13829640-13829865:13830551-13830718:13830778-13832914:+	1.0	1.0	1.0	1.0
CG6329:2R:13829640-13829865:13830551-13830718:13830778-13833503:+	1.0	1.0	1.0	1.0
CG6357:2R:13840375-13840644:13840705-13840974:13841033-13841317:+	1.0	1.0	NA	NA
CG6357:2R:13840705-13840974:13841033-13841317:13841381-13841743:+	1.0	1.0	NA	NA
CG6607:3R:24528749-24528928:24528982-24529503:24529563-24529815:+	1.0	1.0	1.0	1.0
CG6610:3L:6075536-6075688:6075761-6075957:6076023-6076093:+	1.0	1.0	1.0	1.0
CG6610:3L:6075536-6075688:6075761-6075957:6076023-6076144:+	1.0	1.0	1.0	1.0
CG6610:3L:6075536-6075688:6075761-6075957:6076023-6076258:+	1.0	1.0	1.0	1.0
CG6610:3L:6075761-6075957:6076023-6076144:6076211-6076258:+	NA	1.0	1.0	1.0
CG6836:3L:18954729-18954859:18954925-18955115:18955208-18955406:+	1.0	1.0	NA	NA
CG6867:X:18027572-18027714:18027769-18028005:18028076-18028261:+	1.0	1.0	1.0	1.0
CG7029:3R:22781728-22782158:22784467-22785405:22787006-22788517:+	1.0	1.0	1.0	1.0
CG7029:3R:22781728-22782158:22784467-22785423:22787006-22788517:+	1.0	1.0	1.0	1.0
CG7029:3R:22788579-22788768:22789493-22792000:22792390-22792599:+	1.0	1.0	NA	1.0
CG7029:3R:22789493-22792000:22792258-22792599:22792658-22794030:+	1.0	1.0	NA	NA
CG7029:3R:22789493-22792000:22792261-22792599:22792658-22794030:+	1.0	1.0	NA	NA
CG7029:3R:22789493-22792000:22792390-22792599:22792658-22794030:+	1.0	1.0	1.0	1.0
CG7029:3R:22789526-22792000:22792258-22792599:22792658-22794030:+	1.0	1.0	NA	NA
CG7071:3R:22362895-22363287:22363354-22364127:22364197-22364580:+	1.0	1.0	NA	NA
CG7071:3R:22363007-22363287:22363354-22364127:22364197-22364580:+	1.0	1.0	NA	NA
CG7084:3R:22302542-22302669:22302759-22303180:22303557-22303831:+	1.0	1.0	NA	NA
CG7084:3R:22302542-22302669:22302759-22303180:22303557-22304420:+	1.0	1.0	NA	NA
CG7220:2R:10731566-10731796:10736657-10736748:10736893-10736995:+	1.0	1.0	1.0	1.0
CG7220:2R:10731659-10731796:10736657-10736748:10736893-10736995:+	1.0	1.0	1.0	1.0
CG7220:2R:10735381-10736055:10736657-10736748:10736893-10736995:+	1.0	1.0	NA	1.0
CG7220:2R:10735675-10736055:10736657-10736748:10736893-10736995:+	1.0	1.0	NA	1.0
CG7220:2R:10735820-10736055:10736657-10736748:10736893-10736995:+	1.0	1.0	NA	1.0
CG7220:2R:10736657-10736748:10736893-10736995:10737060-10737291:+	1.0	1.0	1.0	1.0
CG7220:2R:10736893-10736995:10737060-10737291:10737357-10737425:+	1.0	1.0	1.0	1.0
CG7220:2R:10736893-10736995:10737060-10737291:10737357-10738370:+	1.0	1.0	1.0	1.0
CG7289:2L:1982217-1982498:1982547-1983960:1984019-1984143:+	1.0	1.0	NA	NA
CG7289:2L:1982547-1983960:1984019-1984143:1984206-1984514:+	1.0	1.0	1.0	1.0
CG7332:X:18886836-18886995:18887053-18887212:18887300-18887605:+	1.0	1.0	1.0	1.0
CG7332:X:18886836-18886995:18887053-18887212:18887300-18888860:+	1.0	1.0	1.0	1.0
CG7378:X:18907499-18907668:18907731-18907859:18908277-18908374:+	1.0	1.0	NA	NA
CG7378:X:18907731-18907859:18908250-18908374:18908884-18911843:+	1.0	1.0	1.0	1.0
CG7378:X:18907731-18907859:18908277-18908374:18908884-18909287:+	1.0	1.0	1.0	1.0
CG7378:X:18907731-18907859:18908277-18908374:18908884-18910058:+	1.0	1.0	1.0	1.0
CG7394:3L:11562647-11562737:11562861-11563100:11563303-11564312:+	1.0	1.0	1.0	1.0
CG7394:3L:11562673-11562737:11562861-11563100:11563303-11563531:+	1.0	1.0	1.0	1.0
CG7394:3L:11562673-11562737:11562861-11563100:11563303-11564312:+	1.0	1.0	1.0	1.0
CG7430:3L:17847547-17848074:17848138-17849016:17849080-17849372:+	1.0	1.0	1.0	1.0
CG7430:3L:17847547-17848074:17848138-17849016:17849080-17849601:+	1.0	1.0	1.0	1.0
CG7484:3L:17654617-17654726:17654782-17654900:17655218-17655645:+	1.0	1.0	NA	NA
CG7607:3L:11199620-11199767:11199825-11199928:11199982-11200063:+	1.0	1.0	NA	NA
CG7607:3L:11199825-11199928:11199982-11200063:11200131-11200198:+	1.0	1.0	1.0	1.0
CG7607:3L:11199982-11200063:11200131-11200198:11200253-11200328:+	1.0	1.0	1.0	1.0
CG7607:3L:11200131-11200198:11200253-11200328:11200398-11200587:+	1.0	1.0	1.0	1.0
CG7646:3L:19993265-19993322:19994168-19994735:19994808-19994951:+	1.0	1.0	1.0	1.0
CG7646:3L:19993265-19993322:19995374-19995502:19995629-19995912:+	1.0	1.0	1.0	1.0
CG7646:3L:19994168-19994735:19994808-19994951:19995374-19995502:+	1.0	1.0	1.0	1.0
CG7646:3L:19994323-19994735:19994808-19994951:19995374-19995502:+	1.0	1.0	1.0	1.0
CG7646:3L:19994808-19994951:19995374-19995502:19995629-19995912:+	1.0	1.0	1.0	1.0
CG7646:3L:19994808-19994951:19995374-19995502:19995629-19996269:+	1.0	1.0	1.0	1.0
CG7668:3L:20002736-20002992:20003303-20004363:20004417-20004604:+	1.0	1.0	1.0	1.0
CG7668:3L:20002736-20002992:20003303-20004363:20004417-20004834:+	1.0	1.0	1.0	1.0
CG7694:3R:18577567-18577584:18590117-18590427:18590521-18590726:+	1.0	1.0	1.0	1.0
CG7694:3R:18584473-18584586:18590117-18590427:18590521-18590726:+	1.0	1.0	1.0	1.0
CG7741:2R:11304751-11305079:11305138-11305295:11305351-11305607:+	1.0	1.0	1.0	1.0
CG7785:3R:18021600-18021819:18022106-18022672:18022730-18023689:+	1.0	1.0	NA	NA
CG7974:3L:1665138-1665366:1665421-1666034:1666090-1666383:+	1.0	1.0	1.0	NA
CG7974:3L:1665138-1665366:1665421-1666034:1666090-1666594:+	1.0	1.0	1.0	NA
CG7985:3R:18212409-18213161:18213215-18214598:18214666-18215001:+	1.0	1.0	1.0	1.0
CG8036:3R:8669529-8669928:8671711-8673309:8673378-8673702:+	1.0	1.0	NA	NA
CG8036:3R:8669618-8669928:8671711-8673309:8673378-8673702:+	1.0	1.0	NA	NA
CG8036:3R:8670651-8670905:8671711-8673309:8673378-8673702:+	1.0	1.0	NA	NA
CG8079:2R:15221429-15221565:15221728-15221823:15221899-15221980:+	1.0	1.0	1.0	1.0
CG8079:2R:15221429-15221565:15221728-15221823:15221899-15222425:+	1.0	1.0	1.0	1.0
CG8079:2R:15221429-15221565:15221728-15221823:15222044-15222425:+	NA	1.0	NA	1.0
CG8079:2R:15221728-15221823:15221899-15221980:15222044-15222425:+	1.0	0.5385	0.7931	0.4118
CG8079:2R:15221728-15221823:15221899-15221980:15222497-15222982:+	1.0	1.0	1.0	NA
CG8079:2R:15221728-15221823:15221899-15222425:15222497-15222982:+	1.0	1.0	1.0	NA
CG8176:3R:9522040-9522235:9522295-9522714:9523536-9523796:+	1.0	1.0	NA	NA
CG8176:3R:9522295-9522714:9523536-9523796:9524202-9524307:+	1.0	1.0	NA	NA
CG8245:2R:5668676-5668998:5669059-5669419:5669481-5669986:+	1.0	1.0	NA	NA
CG8320:2R:15992778-15992933:15992993-15993129:15993187-15993707:+	1.0	1.0	1.0	1.0
CG8360:2L:8213109-8213282:8213337-8213529:8213781-8214135:+	1.0	1.0	1.0	1.0
CG8360:2L:8213117-8213282:8213337-8213529:8213781-8214135:+	1.0	1.0	1.0	1.0
CG8369:3R:8822008-8822125:8822469-8822666:8822724-8822838:+	1.0	1.0	1.0	1.0
CG8369:3R:8822008-8822173:8822469-8822666:8822724-8822838:+	1.0	1.0	1.0	1.0
CG8460:2L:8197879-8198082:8198149-8198548:8198613-8198813:+	1.0	1.0	1.0	1.0
CG8500:3R:9785752-9786077:9786135-9786320:9786377-9786448:+	1.0	1.0	1.0	1.0
CG8500:3R:9786135-9786320:9786377-9786448:9786585-9789323:+	1.0	1.0	1.0	1.0
CG8507:3R:9792124-9792334:9792396-9792757:9792813-9793098:+	1.0	1.0	1.0	1.0
CG8520:2R:12424166-12424768:12424823-12425074:12425129-12425459:+	1.0	1.0	1.0	1.0
CG8671:2L:21262956-21263123:21263648-21263786:21273324-21273771:+	1.0	1.0	1.0	1.0
CG8671:2L:21262956-21263123:21263723-21263786:21273324-21273771:+	1.0	1.0	1.0	1.0
CG8671:2L:21262956-21263179:21263648-21263786:21273324-21273771:+	1.0	1.0	1.0	1.0
CG8671:2L:21263648-21263786:21273324-21273771:21273828-21274139:+	1.0	1.0	1.0	1.0
CG8671:2L:21263723-21263786:21273324-21273771:21273828-21274139:+	1.0	1.0	1.0	1.0
CG8677:2L:21222436-21222617:21222678-21223127:21223192-21226422:+	1.0	1.0	1.0	1.0
CG8677:2L:21222678-21223127:21223192-21226422:21226630-21228340:+	1.0	1.0	1.0	1.0
CG8814:2L:2874890-2875264:2875386-2876410:2876784-2877168:+	1.0	1.0	NA	NA
CG8929:2R:20328327-20329021:20329106-20329197:20329264-20329630:+	1.0	1.0	1.0	1.0
CG8929:2R:20328332-20329021:20329106-20329197:20329264-20329630:+	1.0	1.0	1.0	1.0
CG8929:2R:20329106-20329197:20329264-20329630:20329709-20330164:+	1.0	1.0	1.0	1.0
CG9147:2L:6066087-6066312:6066369-6067235:6067289-6067635:+	1.0	1.0	1.0	1.0
CG9147:2L:6066224-6066312:6066369-6067235:6067289-6067635:+	1.0	1.0	1.0	1.0
CG9147:2L:6066270-6066312:6066369-6067235:6067289-6067635:+	1.0	1.0	1.0	1.0
CG9166:3L:1351116-1351471:1351529-1351789:1351853-1352108:+	1.0	1.0	1.0	1.0
CG9166:3L:1351116-1351471:1351529-1351789:1351853-1352853:+	1.0	1.0	1.0	1.0
CG9205:3L:1035185-1035461:1035560-1035956:1036032-1036298:+	1.0	1.0	1.0	1.0
CG9205:3L:1035210-1035461:1035560-1035956:1036032-1036298:+	1.0	1.0	1.0	1.0
CG9330:3L:19587881-19588054:19588123-19588613:19588680-19588771:+	1.0	1.0	1.0	1.0
CG9330:3L:19588123-19588613:19588680-19588771:19588831-19589111:+	1.0	1.0	1.0	1.0
CG9331:2L:20826633-20826970:20827032-20827157:20827497-20827724:+	1.0	1.0	1.0	1.0
CG9331:2L:20826633-20826970:20827032-20827157:20827497-20827744:+	1.0	1.0	1.0	1.0
CG9346:2R:21011970-21012102:21012162-21012278:21012335-21012621:+	1.0	1.0	1.0	1.0
CG9346:2R:21012162-21012278:21012335-21012621:21012679-21013097:+	1.0	1.0	1.0	1.0
CG9368:3L:19601633-19601976:19602042-19602060:19602656-19604120:+	1.0	NA	1.0	NA
CG9577:X:20166957-20167119:20167191-20167815:20167882-20168080:+	1.0	1.0	1.0	1.0
CG9646:2R:17050717-17051164:17053269-17053418:17053485-17053855:+	1.0	1.0	1.0	1.0
CG9646:2R:17051822-17053144:17053269-17053418:17053485-17053855:+	1.0	1.0	1.0	1.0
CG9953:3L:6970681-6970819:6970882-6971353:6971426-6971666:+	1.0	1.0	1.0	1.0
CHOp24:X:4540908-4541144:4541217-4541551:4541907-4542438:+	1.0	1.0	1.0	1.0
CHOp24:X:4540908-4541144:4541217-4541551:4541907-4542506:+	1.0	1.0	1.0	1.0
CLIP-190:2L:17400612-17400827:17400893-17401058:17401113-17401290:+	1.0	1.0	NA	NA
CLIP-190:2L:17400612-17400827:17400893-17401058:17401113-17402059:+	1.0	1.0	NA	NA
CLIP-190:2L:17400893-17401058:17401113-17401290:17401516-17401581:+	1.0	1.0	NA	NA
CLIP-190:2L:17400893-17401058:17401113-17401290:17401519-17401581:+	1.0	1.0	NA	1.0
CLIP-190:2L:17400893-17401058:17401113-17401290:17402375-17402485:+	1.0	1.0	NA	NA
CLIP-190:2L:17400893-17401058:17401113-17401290:17404061-17404640:+	1.0	1.0	NA	NA
CLIP-190:2L:17401113-17401290:17401519-17401581:17402375-17402485:+	1.0	1.0	NA	NA
CLIP-190:2L:17408893-17409023:17409091-17409299:17409359-17409698:+	1.0	1.0	NA	NA
COX4:2L:19958713-19958764:19959267-19959691:19959751-19960004:+	1.0	1.0	1.0	1.0
COX4:2L:19958713-19958768:19959267-19959691:19959751-19960065:+	1.0	1.0	1.0	1.0
COX4:2L:19958832-19958909:19959267-19959691:19959751-19960065:+	1.0	1.0	1.0	1.0
COX5B:2L:6557800-6557984:6558418-6558591:6558939-6559149:+	1.0	1.0	1.0	1.0
COX5B:2L:6557800-6557984:6558418-6558591:6558939-6559308:+	1.0	1.0	1.0	1.0
COX7B:3L:17425477-17425517:17425579-17425640:17425910-17426079:+	1.0	1.0	1.0	1.0
COX7B:3L:17425579-17425640:17425910-17426079:17426139-17426282:+	1.0	1.0	1.0	1.0
COX7C:2R:10048353-10048486:10049408-10049644:10049753-10049899:+	1.0	1.0	1.0	1.0
COX7C:2R:10048999-10049221:10049408-10049644:10049753-10049904:+	1.0	1.0	1.0	1.0
COX7C:2R:10049408-10049644:10049753-10049899:10049960-10050066:+	1.0	1.0	1.0	1.0
COX7C:2R:10049408-10049644:10049753-10049904:10049960-10050066:+	1.0	1.0	1.0	1.0
COX7C:2R:10049481-10049644:10049753-10049899:10049960-10050066:+	1.0	1.0	1.0	1.0
COX7C:2R:10049481-10049644:10049753-10049904:10049960-10050066:+	1.0	1.0	1.0	1.0
CR43212:X:11595655-11596057:11596695-11597108:11597175-11597545:+	1.0	1.0	1.0	1.0
CSN5:3R:16470099-16470439:16470493-16471063:16471129-16471406:+	1.0	1.0	NA	NA
CSN5:3R:16470099-16470439:16470493-16471069:16471129-16471406:+	1.0	1.0	1.0	1.0
CSN7:2R:8427579-8427799:8427993-8428146:8428284-8428577:+	1.0	1.0	1.0	1.0
CSN8:2L:8365040-8365104:8365153-8365328:8365389-8365663:+	1.0	1.0	1.0	1.0
Ca-alpha1D:2L:16173319-16173544:16173718-16173823:16174057-16174196:+	1.0	1.0	NA	NA
Ca-alpha1D:2L:16173718-16173823:16174057-16174196:16174416-16174522:+	1.0	1.0	NA	NA
CaMKI:4:445504-447035:447101-447235:449924-449968:+	1.0	NA	NA	1.0
CaMKI:4:446093-446486:446631-446751:446821-447035:+	0.8182	1.0	NA	NA
CaMKI:4:446093-446486:446631-447035:447101-447235:+	1.0	NA	NA	1.0
CaMKI:4:446578-446751:446821-447035:447101-447235:+	1.0	1.0	1.0	1.0
CaMKI:4:446631-446751:446821-447035:447101-447235:+	1.0	1.0	1.0	1.0
CaMKI:4:446631-447035:447101-447235:450242-450316:+	1.0	1.0	1.0	1.0
CaMKI:4:446821-447035:447101-447235:449924-449968:+	1.0	NA	NA	1.0
CaMKI:4:451190-451454:452618-452744:452803-452890:+	1.0	1.0	1.0	NA
CaMKI:4:452618-452744:452803-452890:452972-453947:+	1.0	1.0	1.0	1.0
Cadps:4:1230837-1231014:1233129-1233510:1234679-1234799:+	1.0	1.0	1.0	NA
Cadps:4:1231883-1232190:1233129-1233510:1234679-1234799:+	1.0	1.0	1.0	1.0
Cadps:4:1233129-1233510:1234679-1234799:1241730-1241897:+	1.0	1.0	1.0	1.0
Cadps:4:1234679-1234799:1241730-1241897:1243477-1243652:+	1.0	0.7931	1.0	1.0
Cadps:4:1241730-1241897:1243477-1243652:1243719-1243950:+	1.0	1.0	1.0	1.0
Cadps:4:1243477-1243652:1243719-1243950:1244014-1244264:+	1.0	1.0	1.0	1.0
Cadps:4:1243719-1243950:1244014-1244264:1244337-1244351:+	1.0	1.0	1.0	1.0
Cadps:4:1243719-1243950:1244014-1244264:1245101-1245331:+	1.0	1.0	1.0	1.0
Cadps:4:1245101-1245331:1245379-1245523:1245577-1245683:+	1.0	1.0	1.0	1.0
Cadps:4:1245285-1245331:1245379-1245523:1245577-1245683:+	1.0	1.0	1.0	1.0
Cadps:4:1245379-1245523:1245577-1245683:1245752-1245927:+	1.0	1.0	1.0	1.0
Cadps:4:1245577-1245683:1245752-1245927:1245990-1246193:+	1.0	1.0	1.0	1.0
Cadps:4:1245577-1245683:1245752-1245927:1245990-1246196:+	1.0	1.0	1.0	1.0
Cadps:4:1245752-1245927:1245990-1246196:1247102-1247238:+	1.0	1.0	NA	NA
Cadps:4:1245990-1246193:1247102-1247238:1248303-1248490:+	1.0	1.0	NA	1.0
Cadps:4:1245990-1246196:1247102-1247238:1248303-1248490:+	1.0	1.0	1.0	1.0
Cadps:4:1247102-1247238:1248303-1248490:1248547-1248836:+	1.0	1.0	1.0	1.0
Cadps:4:1248303-1248490:1248547-1248836:1250771-1250883:+	1.0	1.0	1.0	1.0
Cadps:4:1248547-1248836:1250771-1250883:1254006-1254212:+	1.0	1.0	1.0	1.0
Cadps:4:1248547-1248836:1250771-1250883:1255842-1255998:+	1.0	1.0	1.0	1.0
Cadps:4:1250771-1250883:1254006-1254212:1255842-1255998:+	0.3913	0.6	NA	NA
Cadps:4:1250771-1250883:1255842-1255998:1261952-1262093:+	1.0	1.0	NA	NA
Cadps:4:1255842-1255998:1261952-1262093:1262412-1262579:+	1.0	1.0	NA	NA
CalpA:2R:19429538-19429765:19429823-19430152:19430214-19430564:+	1.0	1.0	NA	1.0
Cam:2R:12259398-12259458:12260040-12260188:12264743-12264917:+	1.0	1.0	1.0	1.0
Cam:2R:12260032-12260188:12264743-12264917:12269193-12269435:+	1.0	1.0	0.9946	1.0
Cam:2R:12260040-12260188:12264743-12264917:12269193-12269435:+	1.0	1.0	0.9946	1.0
Cam:2R:12264544-12264675:12264743-12264917:12269193-12269435:+	1.0	1.0	1.0	1.0
Cam:2R:12264743-12264917:12269193-12269435:12273766-12273910:+	0.9993	0.999	0.9996	0.9998
Cam:2R:12264743-12264917:12269193-12269435:12273766-12274625:+	0.9993	0.999	0.9996	0.9998
Cam:2R:12264743-12264917:12269193-12269435:12273766-12276621:+	0.9993	0.999	0.9996	0.9998
Cam:2R:12264743-12264917:12269193-12269435:12273766-12278809:+	0.9993	0.999	0.9996	0.9998
Caper:2L:7032721-7032835:7032904-7033018:7035075-7035561:+	NA	1.0	1.0	NA
Caper:2L:7032721-7032839:7032904-7033018:7034199-7034273:+	1.0	1.0	1.0	1.0
Caper:2L:7032721-7032839:7032904-7033018:7034484-7034693:+	1.0	1.0	1.0	1.0
Caper:2L:7032721-7032839:7032904-7033018:7035407-7035561:+	1.0	1.0	1.0	1.0
Caper:2L:7032721-7033018:7034199-7034273:7034484-7034693:+	1.0	1.0	1.0	1.0
Caper:2L:7032721-7033018:7034484-7034693:7034765-7034910:+	1.0	1.0	1.0	1.0
Caper:2L:7032904-7033018:7034199-7034273:7034484-7034693:+	1.0	1.0	1.0	1.0
Caper:2L:7032904-7033018:7034484-7034693:7034765-7034910:+	1.0	1.0	1.0	1.0
Caper:2L:7032904-7033018:7035075-7035561:7035637-7036035:+	NA	1.0	1.0	NA
Caper:2L:7034199-7034273:7034484-7034693:7034765-7034910:+	1.0	1.0	1.0	1.0
Caper:2L:7034199-7034273:7034484-7034693:7034765-7034912:+	1.0	1.0	1.0	1.0
Caper:2L:7034484-7034693:7034765-7034910:7035075-7035561:+	1.0	1.0	1.0	1.0
Caper:2L:7034484-7034693:7034765-7034910:7035407-7035561:+	1.0	1.0	1.0	1.0
Caper:2L:7034484-7034693:7034765-7034912:7035407-7035561:+	1.0	1.0	1.0	1.0
Cbp20:3R:18164661-18164776:18164832-18165049:18165174-18165439:+	1.0	1.0	1.0	1.0
Cbp53E:2R:16973927-16974124:16979847-16979895:16984266-16984490:+	NA	NA	0.2632	0.4286
Cbp53E:2R:16973927-16974124:16984266-16984490:16984699-16984784:+	NA	1.0	NA	1.0
Cbp53E:2R:16984266-16984490:16984699-16984784:16984842-16984931:+	1.0	1.0	NA	1.0
Cbp53E:2R:16984699-16984784:16984842-16984931:16985919-16986005:+	1.0	NA	NA	1.0
Cbp53E:2R:16985919-16986005:16986071-16986211:16986581-16986636:+	1.0	1.0	1.0	NA
Cbp53E:2R:16986071-16986211:16986581-16986636:16986705-16986750:+	1.0	1.0	1.0	1.0
Cbp53E:2R:16986581-16986636:16986705-16986750:16994160-16994216:+	1.0	1.0	1.0	1.0
Cbp53E:2R:16986705-16986750:16994160-16994216:16994282-16994353:+	1.0	1.0	1.0	1.0
Cbp53E:2R:16994160-16994216:16994282-16994353:16994411-16994703:+	1.0	1.0	1.0	1.0
Cbp53E:2R:16994160-16994216:16994282-16994353:16994411-16996057:+	1.0	1.0	1.0	1.0
Ccdc58:3L:19805181-19806452:19806510-19806632:19806686-19806932:+	1.0	1.0	1.0	1.0
Ccdc58:3L:19806295-19806452:19806510-19806632:19806686-19806932:+	1.0	1.0	1.0	1.0
Ccdc58:3L:19806306-19806452:19806510-19806632:19806686-19806932:+	1.0	1.0	1.0	1.0
Ccm3:3R:15372631-15372763:15372849-15373013:15373386-15374237:+	1.0	1.0	1.0	1.0
Cdc37:3L:1795392-1795732:1795793-1795996:1796178-1796837:+	NA	1.0	1.0	1.0
Cdc37:3L:1795793-1795996:1796178-1796837:1796902-1797307:+	NA	1.0	NA	1.0
Cdep:3R:4910552-4911085:4917397-4918131:4922592-4922824:+	1.0	1.0	NA	NA
Cdk12:3L:21516306-21516654:21517250-21517790:21517846-21518699:+	1.0	1.0	1.0	1.0
Cdk12:3L:21517187-21517790:21517846-21518699:21518758-21518917:+	1.0	1.0	1.0	1.0
Cdk12:3L:21517250-21517790:21517846-21518699:21518758-21518917:+	1.0	1.0	1.0	1.0
Cdk2:3R:20736511-20736672:20736732-20736929:20736985-20737184:+	1.0	1.0	1.0	NA
Cdk2:3R:20736511-20736672:20736732-20736929:20736985-20737330:+	1.0	1.0	1.0	NA
Cdk2:3R:20736732-20736929:20736985-20737184:20737260-20737330:+	1.0	1.0	1.0	NA
Cdk2:3R:20736732-20736929:20736985-20737184:20737260-20738414:+	1.0	1.0	1.0	NA
Cep97:2L:3869118-3869476:3869543-3869803:3869873-3870049:+	1.0	1.0	NA	1.0
Cep97:2L:3869543-3869803:3869873-3870049:3870125-3870554:+	1.0	1.0	NA	1.0
ChAT:3R:18730110-18730235:18730323-18730523:18730730-18731178:+	1.0	1.0	1.0	1.0
ChAT:3R:18730110-18730256:18730323-18730523:18730730-18732344:+	1.0	1.0	1.0	1.0
Cirl:2R:8614722-8615245:8615407-8615476:8615903-8616156:+	1.0	1.0	NA	NA
Cirl:2R:8614722-8615249:8615407-8615476:8615903-8616156:+	0.3617	0.2857	0.2	0.3913
Cirl:2R:8614722-8615249:8615407-8615476:8615903-8616516:+	0.3617	0.2857	0.2	0.3913
Cirl:2R:8614722-8615263:8615407-8615476:8615903-8616003:+	1.0	1.0	NA	NA
Cirl:2R:8614722-8615263:8615407-8615476:8615903-8616078:+	1.0	1.0	NA	NA
Cirl:2R:8615407-8615476:8615903-8616003:8616327-8616516:+	1.0	1.0	NA	NA
Cirl:2R:8615407-8615476:8615903-8616078:8616327-8616516:+	1.0	1.0	NA	NA
Cirl:2R:8615407-8615476:8615903-8616156:8616327-8616516:+	1.0	1.0	NA	NA
Cirl:2R:8615407-8615476:8615903-8616516:8616700-8618171:+	1.0	1.0	NA	NA
Ciz1:3L:9866314-9866361:9867314-9867744:9868254-9868935:+	1.0	1.0	1.0	1.0
Ciz1:3L:9867314-9867744:9868254-9868935:9868999-9869322:+	1.0	1.0	1.0	1.0
CkIIalpha:3L:23097560-23097757:23100245-23100357:23102122-23103460:+	1.0	1.0	NA	NA
CkIIalpha:3L:23097629-23097757:23100245-23100357:23102122-23103460:+	1.0	1.0	NA	NA
CkIIalpha:3L:23099640-23099723:23100220-23100357:23102122-23103460:+	0.9	0.84	0.6667	NA
CkIIalpha:3L:23099640-23099723:23100245-23100357:23102122-23103460:+	0.8824	0.8667	0.6923	1.0
CkIIbeta:X:11793443-11793518:11793798-11793900:11793974-11794165:+	1.0	NA	NA	1.0
CkIIbeta:X:11793798-11793900:11793974-11794165:11794819-11795008:+	1.0	1.0	1.0	1.0
CkIIbeta:X:11793974-11794165:11794819-11795008:11795105-11795186:+	1.0	1.0	1.0	1.0
CkIIbeta:X:11794819-11795008:11795105-11795186:11795601-11795887:+	1.0	1.0	1.0	1.0
CkIIbeta:X:11794819-11795008:11795105-11795186:11795601-11797301:+	1.0	1.0	1.0	1.0
CkIIbeta:X:11794819-11795008:11795105-11795186:11795601-11797924:+	1.0	1.0	1.0	1.0
CkIIbeta:X:11794819-11795008:11795105-11795186:11795732-11795887:+	1.0	1.0	1.0	1.0
CkIIbeta:X:11794819-11795008:11795105-11795186:11796604-11797565:+	1.0	1.0	1.0	1.0
CkIIbeta:X:11794819-11795008:11795105-11795186:11798295-11798850:+	1.0	1.0	1.0	1.0
CkIIbeta:X:11794819-11795008:11795105-11795186:11799993-11801587:+	1.0	1.0	1.0	1.0
CkIalpha:X:12653626-12654168:12655171-12655316:12655378-12656152:+	1.0	1.0	NA	NA
CkIalpha:X:12653800-12654168:12655171-12655316:12655378-12656152:+	1.0	1.0	NA	NA
CkIalpha:X:12654035-12654168:12655171-12655316:12655378-12656152:+	1.0	1.0	NA	NA
CkIalpha:X:12655171-12655316:12655378-12656152:12656334-12657275:+	1.0	1.0	NA	NA
CkIalpha:X:12655171-12655316:12655378-12656152:12656334-12657834:+	1.0	1.0	NA	NA
ClC-b:2R:12574234-12574620:12574679-12574837:12574894-12574977:+	1.0	1.0	1.0	1.0
ClC-b:2R:12574679-12574837:12574894-12574977:12575042-12575299:+	1.0	1.0	1.0	1.0
Clbn:3R:25128733-25129610:25129673-25130788:25130847-25131155:+	1.0	1.0	1.0	NA
Cndp2:2R:5699415-5699679:5699737-5699988:5700043-5700212:+	1.0	1.0	1.0	1.0
Cnep1r2:3L:10638423-10638494:10638554-10638700:10639215-10639678:+	1.0	1.0	NA	NA
Cnep1r2:3L:10638423-10638494:10638566-10638700:10639215-10639631:+	1.0	1.0	NA	NA
Cnot4:2L:10398654-10398740:10399317-10399535:10399595-10399676:+	1.0	1.0	NA	NA
Cnot4:2L:10398654-10398740:10399317-10399535:10399595-10399688:+	1.0	1.0	NA	NA
Cnot4:2L:10398654-10398740:10399317-10399535:10399595-10399712:+	1.0	1.0	NA	NA
Cnot4:2L:10398654-10398749:10399317-10399535:10399595-10399676:+	1.0	1.0	NA	NA
Cnot4:2L:10398654-10398749:10399317-10399535:10399595-10399688:+	1.0	1.0	NA	NA
Cnot4:2L:10398654-10398749:10399317-10399535:10399595-10399712:+	1.0	1.0	NA	NA
Cnot4:2L:10399317-10399535:10399595-10399676:10399768-10400679:+	1.0	1.0	NA	NA
Cnot4:2L:10399317-10399535:10399595-10399688:10399768-10400679:+	1.0	1.0	NA	NA
Cnot4:2L:10399317-10399535:10399595-10399712:10399768-10400679:+	1.0	1.0	NA	NA
Cnot4:2L:10401804-10401867:10401926-10402333:10402407-10402562:+	1.0	1.0	NA	NA
Cnot4:2L:10401926-10402333:10402407-10402562:10402631-10402882:+	1.0	1.0	1.0	1.0
Cnot4:2L:10401926-10402333:10402407-10402562:10402631-10403206:+	1.0	1.0	1.0	1.0
Coa8:X:1880282-1880623:1880683-1880946:1881020-1881432:+	1.0	1.0	1.0	1.0
Coa8:X:1880531-1880623:1880683-1880946:1881020-1881432:+	1.0	1.0	1.0	1.0
Col4a1:2L:5030742-5030790:5030855-5031802:5031878-5032374:+	1.0	1.0	NA	NA
Col4a1:2L:5030855-5031802:5031878-5032374:5032500-5033950:+	1.0	1.0	NA	NA
Coq7:X:6771225-6771373:6772227-6772723:6772787-6773039:+	1.0	1.0	1.0	1.0
Coq9:2R:7701944-7702614:7702674-7702883:7702941-7703501:+	1.0	1.0	1.0	1.0
Cox10:2L:10331747-10331930:10331988-10332674:10332739-10333129:+	1.0	1.0	1.0	1.0
Cpsf5:3L:9411038-9411421:9411479-9411743:9411817-9411982:+	1.0	1.0	1.0	NA
Cpsf5:3L:9411479-9411743:9411817-9411982:9412155-9413317:+	1.0	1.0	1.0	1.0
Cpsf5:3L:9411479-9411743:9411817-9411982:9413203-9413317:+	1.0	1.0	1.0	1.0
Cpsf5:3L:9411817-9411982:9412155-9413317:9413391-9413637:+	1.0	1.0	1.0	1.0
Cpsf5:3L:9411817-9411982:9413203-9413317:9413391-9413835:+	1.0	1.0	1.0	1.0
Crk:4:210558-210675:211639-211794:211854-211982:+	1.0	1.0	1.0	1.0
Crk:4:210558-210680:211590-211794:211854-211982:+	1.0	1.0	1.0	1.0
Crk:4:210558-210680:211854-211982:212628-212729:+	1.0	0.9556	0.8889	1.0
Crk:4:210558-210680:212628-212729:212791-213165:+	1.0	1.0	1.0	1.0
Crk:4:210582-210680:211590-211794:211854-211982:+	1.0	1.0	1.0	1.0
Crk:4:211590-211794:211854-211982:212115-212274:+	1.0	1.0	1.0	1.0
Crk:4:211590-211794:211854-211982:212628-212729:+	1.0	1.0	1.0	1.0
Crk:4:211639-211794:211854-211982:212628-212729:+	1.0	1.0	1.0	1.0
Crk:4:211854-211982:212115-212274:212628-212729:+	0.0175	0.0	0.0	0.0
Crk:4:211854-211982:212628-212729:212791-213165:+	1.0	1.0	1.0	1.0
Crk:4:212115-212274:212628-212729:212791-213165:+	1.0	1.0	1.0	1.0
Csp:3L:22269353-22269491:22269574-22269726:22269789-22269920:+	1.0	1.0	NA	NA
Csp:3L:22269574-22269726:22269789-22269920:22270914-22270976:+	1.0	1.0	NA	NA
Csp:3L:22269574-22269726:22269789-22269920:22271558-22271762:+	1.0	1.0	1.0	NA
Csp:3L:22269574-22269726:22269789-22269920:22271558-22273745:+	1.0	1.0	1.0	NA
CtBP:3R:13011649-13011748:13019342-13019814:13019896-13020201:+	1.0	1.0	1.0	1.0
CtBP:3R:13020854-13021114:13021176-13021307:13021420-13021642:+	1.0	1.0	1.0	1.0
CtBP:3R:13020854-13021114:13021176-13021307:13021420-13024703:+	1.0	1.0	1.0	1.0
CtBP:3R:13020854-13021114:13021176-13021316:13021420-13021642:+	1.0	1.0	1.0	1.0
CtBP:3R:13020854-13021114:13021176-13021316:13021420-13021717:+	1.0	1.0	1.0	1.0
CtBP:3R:13020854-13021114:13021176-13021316:13021420-13024097:+	1.0	1.0	1.0	1.0
CtBP:3R:13021176-13021307:13021420-13021642:13024800-13025029:+	1.0	1.0	1.0	1.0
CtBP:3R:13021176-13021307:13021420-13021642:13024800-13025044:+	1.0	1.0	1.0	1.0
CtBP:3R:13021176-13021307:13021420-13021642:13024824-13025044:+	1.0	1.0	1.0	1.0
CtBP:3R:13021176-13021307:13021420-13021642:13025389-13026275:+	1.0	1.0	1.0	1.0
CtBP:3R:13021176-13021316:13021420-13021642:13024824-13025044:+	1.0	1.0	1.0	1.0
CtBP:3R:13021420-13021642:13024800-13025044:13025389-13026275:+	1.0	1.0	NA	1.0
CtBP:3R:13021420-13021642:13024824-13025044:13025389-13026275:+	1.0	1.0	NA	1.0
Ctl2:3R:29123370-29123489:29123801-29124104:29125408-29125737:+	1.0	1.0	NA	NA
Cul2:2L:21660123-21661200:21661348-21661465:21661530-21661636:+	1.0	1.0	NA	NA
Cul2:2L:21662084-21662452:21662518-21662631:21662689-21663210:+	1.0	1.0	1.0	1.0
Cul2:2L:21662084-21662452:21662518-21662631:21662689-21663698:+	1.0	1.0	1.0	1.0
CycH:3L:21822657-21822885:21822941-21823052:21823111-21823309:+	1.0	1.0	1.0	NA
Cyp28a5:2L:13978195-13978741:13978808-13979074:13979216-13979569:+	1.0	1.0	NA	NA
Cyp28d1:2L:5210751-5210889:5210954-5211061:5211191-5211821:+	1.0	1.0	NA	NA
Cyp28d1:2L:5210954-5211061:5211191-5211821:5211881-5212150:+	1.0	1.0	NA	NA
Cyp28d1:2L:5211191-5211821:5211881-5212150:5212213-5212445:+	1.0	1.0	1.0	1.0
CysRS:2R:16144773-16144917:16144980-16145578:16145643-16145906:+	1.0	1.0	NA	NA
Cyt-c1:3L:5361493-5361625:5361695-5361988:5362103-5362422:+	1.0	1.0	1.0	1.0
Cyt-c1:3L:5361493-5361625:5361695-5361988:5362103-5362798:+	1.0	1.0	1.0	1.0
DCTN2-p50:2R:8891832-8891989:8892074-8892995:8893062-8893339:+	1.0	1.0	1.0	1.0
DCTN5-p25:2L:15005733-15005872:15005961-15006260:15006318-15006607:+	1.0	1.0	1.0	1.0
DIP-delta:3L:5424109-5424275:5429163-5429628:5431632-5431738:+	1.0	1.0	1.0	1.0
DIP-delta:3L:5437713-5437775:5439190-5439471:5439531-5439803:+	1.0	1.0	1.0	1.0
DIP-delta:3L:5437713-5437775:5439190-5439471:5439531-5442399:+	1.0	1.0	1.0	1.0
DIP-lambda:2R:438894-439012:495144-495329:495604-495799:+	1.0	1.0	NA	1.0
DIP-lambda:2R:495144-495329:495604-495799:547232-547363:+	1.0	1.0	NA	1.0
DMAP1:2R:20644329-20644718:20644779-20645368:20645428-20645582:+	1.0	1.0	1.0	1.0
DMAP1:2R:20644779-20645368:20645428-20645582:20645653-20645865:+	1.0	1.0	1.0	1.0
Dbp45A:2R:9088866-9089224:9089291-9089444:9089508-9089802:+	1.0	1.0	1.0	1.0
Dbp80:3L:27279316-27279422:27279481-27279539:27292882-27293013:+	1.0	1.0	NA	NA
Dbp80:3L:27279481-27279539:27292882-27293013:27293076-27293271:+	1.0	1.0	1.0	NA
Dbp80:3L:27292882-27293013:27293076-27293271:27331994-27332108:+	1.0	1.0	1.0	0.9048
Dbp80:3L:27293076-27293271:27331994-27332108:27332169-27332346:+	1.0	1.0	1.0	1.0
Dbp80:3L:27323294-27323574:27331994-27332108:27332169-27332346:+	1.0	1.0	1.0	1.0
Dbp80:3L:27331994-27332108:27332169-27332346:27350220-27350321:+	0.9494	0.9774	0.9864	0.9441
Dbp80:3L:27332169-27332346:27350220-27350321:27350597-27350910:+	1.0	1.0	1.0	1.0
Dbp80:3L:27332169-27332346:27350220-27350321:27380953-27381088:+	1.0	1.0	1.0	1.0
Dbp80:3L:27350220-27350321:27380953-27381088:27390944-27391053:+	1.0	NA	1.0	1.0
Dbp80:3L:27350220-27350321:27380953-27381088:27420679-27420841:+	1.0	1.0	1.0	1.0
Dbp80:3L:27380953-27381088:27420679-27420841:27420901-27421014:+	1.0	1.0	1.0	1.0
Dbp80:3L:27380953-27381088:27420679-27420841:27420901-27421171:+	1.0	1.0	1.0	1.0
Dbp80:3L:27420679-27420841:27420901-27421014:27421957-27422159:+	1.0	1.0	1.0	1.0
Ddr:2L:6253123-6253329:6272750-6273126:6278679-6278784:+	1.0	1.0	NA	NA
Ddr:2L:6272750-6273126:6278679-6278784:6289765-6289996:+	1.0	1.0	NA	NA
Dek:2R:16856220-16856303:16856806-16857052:16857633-16858114:+	1.0	1.0	1.0	1.0
Dek:2R:16856220-16856315:16856806-16857052:16857633-16858114:+	1.0	1.0	1.0	1.0
Dek:2R:16856642-16857052:16857633-16858114:16858181-16858601:+	1.0	1.0	1.0	1.0
Dek:2R:16856806-16857052:16857633-16858114:16858181-16858601:+	1.0	1.0	1.0	1.0
Dek:2R:16858664-16858764:16858827-16859000:16859061-16859249:+	1.0	1.0	1.0	1.0
Dek:2R:16858827-16859000:16859061-16859249:16859313-16859397:+	1.0	1.0	1.0	NA
Dek:2R:16859061-16859249:16859313-16859397:16859453-16859574:+	1.0	1.0	1.0	NA
Dek:2R:16859061-16859249:16859313-16859397:16859453-16859589:+	1.0	1.0	1.0	NA
Der-1:2L:1974564-1974818:1974881-1974991:1975061-1975413:+	1.0	1.0	1.0	1.0
Desat1:3R:12445978-12446314:12446376-12446561:12446623-12447616:+	1.0	1.0	NA	NA
Det:3R:17149667-17149920:17149998-17150177:17150239-17150455:+	1.0	1.0	1.0	1.0
Dgkepsilon:2R:12757962-12758969:12759026-12759343:12759399-12759724:+	1.0	1.0	1.0	1.0
Dh44:3R:9643491-9643698:9647019-9647141:9648983-9649723:+	1.0	1.0	NA	1.0
Dh44:3R:9643491-9643698:9647019-9647141:9648983-9650706:+	1.0	1.0	NA	1.0
Dh44:3R:9647019-9647141:9648983-9649723:9649801-9650110:+	1.0	1.0	NA	NA
Dhx15:2R:7390078-7390200:7390268-7390621:7390680-7391023:+	1.0	1.0	NA	NA
Dlic:X:11162086-11162197:11162269-11162454:11162516-11163196:+	1.0	1.0	NA	NA
Dlic:X:11162086-11162197:11162269-11162454:11162516-11164670:+	1.0	1.0	NA	NA
Doa:3R:28888073-28888534:28889766-28889884:28890005-28890100:+	1.0	1.0	NA	NA
Doa:3R:28888306-28888534:28889766-28889884:28890005-28890100:+	1.0	1.0	NA	NA
Doa:3R:28889021-28889358:28889766-28889884:28890005-28890100:+	1.0	1.0	NA	NA
Doa:3R:28889766-28889884:28890005-28890100:28900824-28901022:+	1.0	1.0	1.0	1.0
Doa:3R:28890005-28890100:28900824-28901022:28901333-28901539:+	1.0	1.0	1.0	1.0
Doa:3R:28890005-28890100:28900824-28901022:28902543-28902806:+	1.0	1.0	1.0	1.0
Doa:3R:28890005-28890100:28900824-28901022:28919492-28919567:+	1.0	1.0	1.0	1.0
Dp:2R:13222433-13223112:13225467-13225624:13225691-13225751:+	1.0	1.0	1.0	NA
Dp:2R:13223591-13223660:13225467-13225624:13225691-13225751:+	1.0	1.0	1.0	NA
Dp:2R:13225322-13225624:13225691-13225751:13225809-13225938:+	1.0	1.0	1.0	1.0
Dp:2R:13225467-13225624:13225691-13225751:13225809-13225938:+	1.0	1.0	1.0	1.0
Dp:2R:13225467-13225624:13225691-13225751:13225812-13225938:+	1.0	1.0	1.0	NA
Dph3:3R:11231912-11232124:11232194-11232268:11232341-11232539:+	1.0	1.0	1.0	1.0
Dscam4:3L:8241131-8241194:8248558-8248951:8254865-8255001:+	1.0	1.0	1.0	1.0
Dscam4:3L:8265894-8265984:8266347-8266434:8266558-8266706:+	1.0	1.0	NA	NA
Dsor1:X:9248542-9249181:9249375-9249701:9249773-9250037:+	1.0	1.0	1.0	1.0
Dsor1:X:9248551-9249181:9249375-9249701:9249773-9250037:+	1.0	1.0	1.0	1.0
Dtd:3R:11430180-11430270:11430339-11430571:11430627-11430762:+	1.0	1.0	1.0	1.0
Dtd:3R:11430180-11430274:11430339-11430571:11430627-11430762:+	1.0	1.0	1.0	1.0
EMC10:3L:21574744-21574911:21575227-21575610:21575670-21575874:+	1.0	1.0	1.0	1.0
EMC5:2L:18987707-18987870:18987936-18987988:18988057-18988331:+	1.0	1.0	1.0	1.0
Eb1:2R:6752843-6752988:6754180-6754438:6754702-6754844:+	1.0	1.0	NA	NA
Eb1:2R:6753227-6753503:6754702-6754844:6754899-6754981:+	1.0	1.0	NA	NA
Eb1:2R:6754180-6754438:6754702-6754844:6754899-6754981:+	1.0	1.0	NA	NA
Eb1:2R:6754180-6754438:6754705-6754844:6754899-6754981:+	1.0	1.0	NA	NA
Eb1:2R:6754702-6754844:6754899-6754981:6755045-6755117:+	1.0	1.0	NA	NA
Eb1:2R:6754705-6754844:6754899-6754981:6755045-6755117:+	1.0	1.0	NA	NA
Eb1:2R:6754899-6754981:6755045-6755117:6755185-6756037:+	1.0	1.0	1.0	NA
Eb1:2R:6754899-6754981:6755045-6755117:6755185-6756300:+	1.0	1.0	1.0	NA
Eip63E:3L:3515751-3515934:3516529-3516828:3552787-3552864:+	1.0	1.0	1.0	1.0
Eip63E:3L:3545318-3546131:3552787-3552864:3578289-3578480:+	1.0	1.0	NA	NA
Eip63E:3L:3545793-3546131:3552787-3552864:3578289-3578480:+	1.0	1.0	NA	NA
Eip63E:3L:3545799-3546131:3552787-3552864:3578289-3578480:+	1.0	1.0	NA	NA
Eip63E:3L:3546073-3546131:3552787-3552864:3578289-3578480:+	1.0	1.0	NA	NA
Eip63E:3L:3598360-3598621:3600013-3600225:3600312-3600491:+	1.0	1.0	NA	1.0
Eip63E:3L:3600013-3600225:3600312-3600491:3607502-3608549:+	1.0	1.0	NA	1.0
Eip63E:3L:3600013-3600225:3600312-3600491:3607502-3610521:+	1.0	1.0	NA	1.0
Eip93F:3R:21949114-21949402:21949640-21949872:21960764-21960907:+	NA	1.0	1.0	NA
Elp1:3R:11654292-11654526:11654595-11654965:11655123-11655309:+	1.0	1.0	NA	NA
Elp1:3R:11654295-11654526:11654595-11654965:11655123-11655309:+	1.0	1.0	NA	NA
Elp1:3R:11654295-11654526:11654595-11654965:11655123-11655691:+	1.0	1.0	NA	NA
Elp2:2R:10647480-10647786:10647925-10648422:10648481-10648634:+	1.0	1.0	NA	1.0
Eph:4:610684-610896:611285-611655:611727-611806:+	NA	1.0	1.0	1.0
Eph:4:611285-611438:611513-611655:611727-611806:+	NA	1.0	1.0	1.0
Eph:4:611285-611655:611727-611806:613615-613795:+	1.0	1.0	1.0	1.0
Eph:4:611513-611655:611727-611806:613615-613795:+	1.0	1.0	1.0	1.0
Eph:4:611727-611806:613615-613795:613937-614422:+	1.0	1.0	1.0	NA
Eph:4:613615-613795:613937-614422:615036-615923:+	1.0	1.0	NA	NA
Ephrin:4:573613-574428:575335-575645:575702-576325:+	1.0	1.0	NA	NA
Esyt2:3R:24554702-24555133:24555459-24555962:24556236-24556549:+	1.0	1.0	NA	NA
Esyt2:3R:24554702-24555133:24555468-24555962:24556236-24556549:+	1.0	1.0	NA	NA
Exo70:3L:8414345-8415075:8415135-8415457:8415527-8415660:+	1.0	1.0	NA	NA
Exo70:3L:8415135-8415457:8415527-8415660:8415716-8415910:+	1.0	1.0	1.0	1.0
FAM21:2R:20623547-20623717:20623775-20623969:20624030-20624169:+	1.0	1.0	NA	NA
FAM21:2R:20623775-20623969:20624030-20624169:20624220-20628315:+	1.0	1.0	NA	1.0
Fas1:3R:16632064-16632294:16632362-16632530:16632608-16632768:+	1.0	1.0	1.0	1.0
Fas1:3R:16632362-16632530:16632608-16632768:16634374-16634382:+	1.0	1.0	1.0	1.0
Fas1:3R:16632362-16632530:16632608-16632768:16635546-16635700:+	1.0	1.0	1.0	1.0
Fas1:3R:16636202-16636364:16636429-16636576:16636775-16636810:+	1.0	1.0	1.0	NA
Fas1:3R:16636429-16636576:16636775-16636810:16636986-16637111:+	0.9661	1.0	1.0	NA
Fas1:3R:16636429-16636576:16636775-16636810:16636986-16639771:+	0.9661	1.0	1.0	NA
Fas1:3R:16636429-16636576:16636986-16637111:16638623-16639771:+	1.0	1.0	NA	NA
Fas1:3R:16636775-16636810:16636986-16637111:16638623-16639771:+	1.0	1.0	1.0	NA
Fas3:2L:18383839-18384180:18384459-18384893:18387287-18387317:+	1.0	1.0	1.0	NA
Fas3:2L:18384459-18384893:18387287-18387317:18388382-18388956:+	1.0	1.0	1.0	NA
Fas3:2L:18384459-18384893:18387287-18387317:18388382-18390710:+	1.0	1.0	1.0	NA
Fas3:2L:18384459-18384893:18387287-18387317:18391052-18391364:+	1.0	1.0	1.0	NA
Fas3:2L:18384459-18384893:18387287-18387317:18392245-18392911:+	1.0	1.0	1.0	1.0
Fas3:2L:18384459-18384893:18387287-18387317:18392245-18393441:+	1.0	1.0	1.0	1.0
Fas3:2L:18387287-18387317:18391052-18391364:18392245-18393441:+	0.0	0.0	0.0	0.0
Fie:3L:3892574-3892989:3893533-3893914:3893978-3894114:+	1.0	1.0	NA	NA
Fie:3L:3892731-3892989:3893533-3893914:3893978-3894114:+	1.0	1.0	NA	NA
Fie:3L:3893533-3893914:3893978-3894114:3894169-3894833:+	1.0	1.0	1.0	1.0
Fip1:3R:4485008-4486531:4486596-4486688:4486821-4486891:+	1.0	1.0	1.0	1.0
Fip1:3R:4486596-4486688:4486821-4486891:4486948-4487677:+	1.0	1.0	1.0	1.0
Fkbp12:2R:19290109-19290225:19290386-19290456:19290518-19290962:+	1.0	1.0	1.0	1.0
Fkbp59:2L:9888847-9888985:9889048-9889405:9889460-9889570:+	1.0	1.0	1.0	1.0
Fkbp59:2L:9889048-9889405:9889460-9889570:9889632-9889769:+	1.0	1.0	1.0	1.0
Fkbp59:2L:9889460-9889570:9889632-9889769:9889877-9890119:+	1.0	1.0	1.0	1.0
Fntb:3R:16433238-16433494:16433557-16434228:16434285-16434740:+	1.0	1.0	NA	NA
Frq1:X:18155369-18155590:18161013-18161292:18167632-18167656:+	1.0	1.0	1.0	1.0
Frq1:X:18155369-18155594:18161013-18161292:18167632-18167656:+	1.0	1.0	1.0	1.0
Frq1:X:18155369-18155732:18161013-18161292:18167632-18167656:+	1.0	1.0	1.0	1.0
Frq1:X:18167785-18167833:18168403-18168492:18169489-18169567:+	1.0	1.0	1.0	NA
Frq1:X:18168403-18168492:18169489-18169567:18169696-18169784:+	1.0	1.0	1.0	1.0
Frq1:X:18169489-18169567:18169696-18169784:18169989-18174744:+	1.0	1.0	1.0	1.0
Frq2:X:18186155-18186249:18186387-18186501:18192331-18192563:+	1.0	1.0	1.0	1.0
Frq2:X:18186155-18186439:18192331-18192563:18199124-18199148:+	NA	1.0	1.0	NA
Frq2:X:18186155-18186501:18192331-18192563:18199124-18199148:+	1.0	1.0	1.0	1.0
Frq2:X:18186387-18186501:18192331-18192563:18199124-18199148:+	1.0	1.0	1.0	1.0
Fum1:X:6680298-6680498:6680568-6681372:6681437-6681845:+	1.0	1.0	NA	1.0
GABA-B-R1:2L:15016331-15017396:15021092-15021346:15025390-15025524:+	1.0	1.0	NA	1.0
GABA-B-R1:2L:15026688-15026837:15029589-15029731:15029790-15029913:+	1.0	1.0	1.0	NA
GABA-B-R1:2L:15029589-15029731:15029790-15029913:15029985-15030101:+	1.0	1.0	1.0	NA
GABA-B-R1:2L:15030430-15030686:15030747-15030884:15032003-15032183:+	1.0	1.0	NA	NA
GABA-B-R1:2L:15030747-15030884:15032003-15032183:15032635-15033984:+	1.0	1.0	1.0	1.0
GABA-B-R1:2L:15030747-15030884:15032003-15032183:15032635-15034704:+	1.0	1.0	1.0	1.0
GABPI:2L:3030539-3030947:3031000-3031893:3031954-3032300:+	1.0	1.0	1.0	1.0
GABPI:2L:3030670-3030947:3031000-3031893:3031954-3032300:+	1.0	1.0	1.0	1.0
GABPI:2L:3030776-3030947:3031000-3031893:3031954-3032300:+	1.0	1.0	1.0	1.0
GATAd:2L:10337141-10337293:10337368-10337596:10338019-10338116:+	1.0	1.0	1.0	1.0
GATAd:2L:10337368-10337596:10338019-10338116:10338232-10338441:+	1.0	1.0	1.0	1.0
GATAd:2L:10337368-10337596:10338019-10338116:10338232-10339185:+	1.0	1.0	1.0	1.0
GILT2:3R:23679094-23679258:23679384-23679677:23679736-23679855:+	1.0	1.0	NA	NA
GILT3:3R:23677358-23677637:23677856-23678164:23678238-23678421:+	1.0	1.0	1.0	1.0
Galphao:2R:10448199-10448383:10448472-10448632:10460903-10461031:+	NA	1.0	1.0	NA
Galphao:2R:10448472-10448632:10460903-10461031:10461096-10461225:+	1.0	1.0	1.0	1.0
Galphao:2R:10459163-10459360:10460903-10461031:10461096-10461225:+	1.0	1.0	1.0	1.0
Galphao:2R:10460903-10461031:10461096-10461225:10461290-10461443:+	1.0	1.0	1.0	1.0
Galphao:2R:10461096-10461225:10461290-10461443:10461513-10462686:+	1.0	1.0	1.0	1.0
Galphao:2R:10461096-10461225:10461290-10461443:10461513-10463718:+	1.0	1.0	1.0	1.0
Galphao:2R:10461096-10461225:10461290-10461443:10461513-10465701:+	1.0	1.0	1.0	1.0
Galphaq:2R:12612740-12612851:12613567-12614345:12615907-12616414:+	1.0	1.0	1.0	1.0
Galphaq:2R:12612740-12612884:12613567-12614345:12615907-12616414:+	1.0	1.0	1.0	1.0
Galphaq:2R:12617987-12618140:12618443-12618550:12619064-12619820:+	1.0	1.0	1.0	NA
Galphaq:2R:12617987-12618140:12618443-12618550:12619064-12621242:+	1.0	1.0	1.0	NA
Galphaq:2R:12617987-12618140:12618443-12618550:12619064-12623197:+	1.0	1.0	1.0	NA
Galphas:2R:23943977-23944740:23944807-23944903:23944960-23945080:+	NA	1.0	1.0	NA
Galphas:2R:23944230-23944740:23944807-23944903:23944960-23945080:+	NA	1.0	1.0	NA
Galphas:2R:23945696-23945824:23945898-23946077:23946137-23946261:+	1.0	1.0	NA	NA
Galphas:2R:23945898-23946077:23946137-23946261:23946438-23946520:+	1.0	1.0	NA	1.0
Galphas:2R:23945898-23946077:23946137-23946261:23946447-23946520:+	1.0	1.0	1.0	1.0
Galphas:2R:23946137-23946261:23946438-23946520:23946601-23946936:+	1.0	1.0	1.0	1.0
Galphas:2R:23946137-23946261:23946447-23946520:23946601-23946936:+	1.0	1.0	1.0	1.0
Gat:4:629691-629979:631627-631894:632028-632129:+	1.0	1.0	NA	NA
Gat:4:629693-629979:631627-631894:632028-632129:+	1.0	1.0	NA	NA
Gat:4:631627-631894:632028-632129:632208-632388:+	1.0	1.0	NA	NA
Gel:3R:4235217-4235324:4236553-4236804:4237625-4237817:+	1.0	1.0	NA	NA
Gel:3R:4235217-4235324:4236582-4236804:4237625-4237817:+	1.0	1.0	NA	NA
Gel:3R:4236088-4236148:4236553-4236804:4237625-4237817:+	1.0	1.0	NA	NA
Gel:3R:4236088-4236281:4236553-4236804:4237625-4237817:+	1.0	1.0	NA	NA
Gel:3R:4236553-4236804:4237625-4237817:4238303-4238377:+	1.0	1.0	NA	NA
Gel:3R:4236582-4236804:4237625-4237817:4238303-4238377:+	1.0	1.0	NA	NA
Gel:3R:4238570-4238765:4238819-4240524:4240589-4240714:+	1.0	1.0	1.0	NA
Gel:3R:4238819-4240524:4240589-4240714:4240878-4241057:+	1.0	1.0	1.0	1.0
Ggamma30A:2L:9256563-9256696:9256893-9257206:9272466-9272607:+	0.5862	0.4074	0.5	NA
Ggamma30A:2L:9256563-9256696:9272466-9272607:9291056-9291798:+	1.0	1.0	1.0	1.0
Ggamma30A:2L:9256563-9256696:9272466-9272607:9291056-9295521:+	1.0	1.0	1.0	1.0
Ggamma30A:2L:9256563-9256814:9256893-9257206:9272466-9272607:+	0.913	1.0	1.0	NA
Ggamma30A:2L:9256563-9257206:9272466-9272607:9291056-9293264:+	1.0	0.9798	1.0	1.0
Ggamma30A:2L:9256563-9257206:9272466-9272607:9291056-9302494:+	1.0	0.9798	1.0	1.0
Ggamma30A:2L:9256893-9257206:9272466-9272607:9291056-9291798:+	1.0	0.9798	1.0	1.0
Ggamma30A:2L:9256893-9257206:9272466-9272607:9291056-9293264:+	1.0	0.9798	1.0	1.0
Ggamma30A:2L:9259268-9259585:9272466-9272607:9291056-9291798:+	1.0	1.0	1.0	1.0
Girdin:3L:3180742-3181020:3181086-3183144:3183200-3183438:+	1.0	1.0	NA	NA
GluClalpha:3R:19730715-19731279:19752529-19752679:19753748-19753860:+	1.0	1.0	1.0	1.0
GluClalpha:3R:19760395-19760631:19760900-19761034:19763598-19763750:+	1.0	1.0	NA	NA
GluClalpha:3R:19760900-19761034:19763598-19763750:19764249-19764413:+	1.0	1.0	1.0	1.0
GluClalpha:3R:19760900-19761034:19763598-19763750:19764249-19764428:+	1.0	1.0	1.0	1.0
GluClalpha:3R:19760900-19761034:19763598-19763750:19764249-19764474:+	1.0	1.0	1.0	1.0
GluClalpha:3R:19763598-19763750:19764249-19764413:19764553-19764665:+	1.0	1.0	1.0	1.0
GluClalpha:3R:19763598-19763750:19764249-19764413:19765633-19765751:+	1.0	1.0	1.0	1.0
GluClalpha:3R:19763598-19763750:19764249-19764413:19765645-19765751:+	1.0	1.0	1.0	1.0
GluClalpha:3R:19763598-19763750:19764249-19764428:19765633-19765751:+	1.0	1.0	1.0	1.0
GluClalpha:3R:19763598-19763750:19764249-19764428:19765645-19765751:+	1.0	1.0	1.0	1.0
GluRIA:3L:6624032-6624696:6626421-6626573:6626931-6627058:+	1.0	NA	1.0	1.0
GluRIA:3L:6633922-6634166:6634267-6634660:6634728-6635059:+	1.0	1.0	1.0	NA
Glut1:3L:950947-951133:967248-967537:972244-972402:+	1.0	1.0	NA	NA
Glut1:3L:959660-959970:967248-967537:972244-972402:+	1.0	1.0	NA	NA
Glut1:3L:967248-967537:972244-972402:973823-973942:+	1.0	1.0	NA	NA
Glyp:2L:2134439-2134967:2135038-2136644:2136731-2137043:+	1.0	1.0	NA	NA
Glyp:2L:2134439-2134967:2135038-2136644:2136731-2137296:+	1.0	1.0	NA	NA
Gnpnat:3R:29741029-29741090:29741150-29741369:29741768-29741904:+	1.0	1.0	1.0	1.0
Golgin97:2R:13452322-13452735:13452791-13453030:13453089-13453393:+	1.0	1.0	1.0	1.0
Gos28:3R:18663883-18664067:18664609-18664997:18665068-18665307:+	1.0	1.0	1.0	1.0
Gpdh1:2L:5947018-5947171:5947240-5947332:5948407-5948843:+	1.0	1.0	1.0	1.0
Gpdh1:2L:5947018-5947171:5947240-5947332:5948407-5948968:+	1.0	1.0	1.0	1.0
Grip75:2L:10484825-10485197:10485254-10485527:10485594-10485857:+	1.0	1.0	1.0	1.0
Grx1:3L:18869230-18869330:18869427-18869646:18869707-18869811:+	1.0	1.0	1.0	1.0
Grx1:3L:18869338-18869646:18869707-18869811:18869877-18870057:+	1.0	1.0	1.0	1.0
Grx1:3L:18869427-18869646:18869707-18869811:18869877-18870057:+	1.0	1.0	1.0	1.0
Grx3:2L:13366447-13366740:13366805-13367067:13367131-13367410:+	1.0	1.0	1.0	1.0
GstT1:2R:9606280-9606382:9606447-9606763:9606825-9607184:+	1.0	1.0	NA	1.0
GstT2:2R:9607536-9607638:9607701-9608017:9608077-9608350:+	1.0	1.0	1.0	1.0
Gtpx:3L:3326265-3326367:3327860-3328183:3328251-3328626:+	1.0	1.0	1.0	1.0
Gtpx:3L:3326265-3326712:3327860-3328183:3328251-3328626:+	1.0	1.0	1.0	1.0
Gtpx:3L:3327343-3327553:3327860-3328183:3328251-3328626:+	1.0	1.0	1.0	1.0
Gug:3L:8449922-8450457:8451775-8452128:8461972-8462088:+	1.0	1.0	NA	NA
Gug:3L:8449922-8450457:8451775-8452128:8461972-8462103:+	1.0	1.0	NA	NA
Gycalpha99B:3R:29683698-29683938:29683999-29685347:29685410-29685758:+	1.0	1.0	1.0	1.0
Gycbeta100B:3R:31134392-31134668:31137402-31137503:31138372-31138445:+	1.0	1.0	1.0	1.0
Gycbeta100B:3R:31158238-31158395:31171009-31171632:31177252-31178278:+	1.0	1.0	1.0	1.0
HINT1:2L:2770135-2770191:2770259-2770400:2770460-2770808:+	1.0	1.0	1.0	1.0
HINT1:2L:2770135-2770191:2770259-2770400:2770460-2770904:+	1.0	1.0	1.0	1.0
HIPP1:3L:20809669-20810928:20810981-20811450:20811524-20812197:+	1.0	1.0	1.0	1.0
HIPP1:3L:20809669-20810928:20810981-20811450:20811530-20812197:+	1.0	1.0	1.0	1.0
HP5:X:11454786-11455191:11455282-11456487:11456655-11457764:+	1.0	1.0	1.0	1.0
HP5:X:11455282-11456487:11456655-11457764:11458230-11459227:+	1.0	1.0	1.0	1.0
Haspin:2R:4029741-4029944:4030002-4030297:4049078-4049342:+	1.0	1.0	1.0	1.0
Hcf:4:359938-359980:360587-361006:362304-362613:+	1.0	1.0	1.0	NA
Hcf:4:359938-360284:360587-361006:362304-362613:+	1.0	1.0	1.0	NA
Hcf:4:359938-360358:360587-361006:362304-362613:+	1.0	1.0	1.0	NA
Hcf:4:360587-361006:362304-362613:362671-362882:+	1.0	1.0	1.0	NA
Hcf:4:363868-364941:365674-366762:369507-369744:+	1.0	1.0	1.0	1.0
Hcf:4:364024-364941:365674-366762:369507-369744:+	1.0	1.0	1.0	1.0
Hcf:4:365674-365805:365860-366762:369507-369744:+	1.0	1.0	1.0	1.0
Hcf:4:365674-366762:369507-369744:369810-369964:+	1.0	1.0	1.0	1.0
Hcf:4:365860-366762:369507-369744:369810-369964:+	1.0	1.0	1.0	1.0
Hers:X:19887353-19887413:19899012-19899972:19900616-19901488:+	1.0	1.0	NA	NA
Hexo2:X:8709652-8709957:8710575-8712112:8712183-8712478:+	1.0	1.0	1.0	NA
His4r:3R:14625755-14625815:14626026-14626229:14626294-14626604:+	1.0	1.0	1.0	1.0
His4r:3R:14625788-14625815:14626026-14626229:14626294-14626614:+	1.0	1.0	1.0	1.0
His4r:3R:14625788-14625917:14626026-14626229:14626294-14626604:+	1.0	1.0	1.0	1.0
Hmgcr:3R:23747891-23747978:23748105-23748680:23748745-23750358:+	1.0	1.0	NA	NA
Hmgcr:3R:23748105-23748680:23748745-23750358:23750427-23750992:+	1.0	1.0	NA	NA
Hml:3L:13858980-13859435:13859492-13859748:13859806-13860001:+	1.0	1.0	1.0	NA
HnRNP-K:2R:20587551-20587744:20589617-20589667:20595557-20595663:+	0.1957	0.2	0.5	0.3571
HnRNP-K:2R:20587551-20587744:20595557-20595663:20595758-20595814:+	1.0	1.0	1.0	1.0
HnRNP-K:2R:20589617-20589667:20595557-20595663:20595758-20595814:+	1.0	1.0	1.0	1.0
HnRNP-K:2R:20595557-20595663:20595758-20595814:20597548-20597591:+	1.0	1.0	NA	1.0
HnRNP-K:2R:20598599-20598694:20604696-20605619:20605682-20605851:+	1.0	1.0	1.0	1.0
HnRNP-K:2R:20598599-20598694:20604696-20605619:20605682-20605876:+	1.0	1.0	1.0	1.0
HnRNP-K:2R:20602982-20603148:20604696-20605619:20605682-20605932:+	1.0	1.0	1.0	1.0
HnRNP-K:2R:20604696-20605619:20605682-20605851:20606444-20606854:+	1.0	1.0	1.0	1.0
HnRNP-K:2R:20604696-20605619:20605682-20605876:20606444-20606854:+	1.0	1.0	1.0	1.0
Ho:3R:11679743-11680027:11680084-11680589:11680645-11680976:+	1.0	1.0	1.0	1.0
Hr51:2R:15338686-15338847:15338911-15339075:15339138-15339384:+	NA	1.0	1.0	1.0
Hrb98DE:3R:28602772-28602947:28603012-28603318:28603608-28603698:+	1.0	1.0	1.0	1.0
Hrb98DE:3R:28603012-28603318:28603608-28603698:28604061-28604759:+	1.0	1.0	1.0	1.0
Hrb98DE:3R:28603012-28603318:28603608-28603698:28604061-28605095:+	1.0	1.0	1.0	1.0
Hrb98DE:3R:28603012-28603318:28603608-28603698:28605462-28605777:+	1.0	1.0	1.0	1.0
Hs3st-A:2R:18718114-18718556:18718712-18718994:18732555-18732584:+	0.92	0.9512	0.9677	1.0
Hs3st-A:2R:18718712-18718994:18732555-18732584:18745266-18746236:+	NA	1.0	1.0	1.0
Idh3g:3R:25681121-25681198:25681266-25682045:25682105-25682291:+	1.0	1.0	1.0	1.0
Idh3g:3R:25681266-25682045:25682105-25682291:25682356-25682431:+	1.0	1.0	1.0	1.0
Idh3g:3R:25681266-25682045:25682105-25682291:25682356-25682873:+	1.0	1.0	1.0	1.0
Idh3g:3R:25682105-25682291:25682356-25682431:25683058-25683164:+	1.0	1.0	1.0	1.0
Idh3g:3R:25682105-25682291:25682356-25682431:25683058-25683383:+	1.0	1.0	1.0	1.0
Idh3g:3R:25682105-25682291:25682356-25682431:25683473-25683780:+	1.0	1.0	1.0	1.0
Idh3g:3R:25682356-25682431:25683058-25683383:25683473-25683780:+	1.0	1.0	0.9897	1.0
Ids:3L:3378551-3379571:3379623-3379796:3379864-3380083:+	1.0	1.0	NA	NA
Ih:2R:14276130-14276406:14277281-14279642:14281395-14281556:+	1.0	1.0	1.0	1.0
Ih:2R:14276130-14276526:14277281-14279642:14285702-14287483:+	NA	1.0	1.0	1.0
Ih:2R:14297747-14297835:14297897-14298213:14298375-14298895:+	1.0	1.0	NA	NA
Ih:2R:14297747-14297835:14297897-14298213:14298375-14300095:+	1.0	1.0	NA	NA
Ip6k:2R:21646177-21646491:21650111-21650792:21652437-21652563:+	1.0	1.0	1.0	1.0
Ip6k:2R:21650111-21650792:21652437-21652563:21654775-21654907:+	1.0	1.0	1.0	1.0
Irc:3R:17006334-17006501:17006576-17006693:17006750-17006912:+	1.0	1.0	1.0	NA
Irc:3R:17006576-17006693:17006750-17006912:17007083-17007159:+	1.0	1.0	1.0	NA
Irc:3R:17006576-17006693:17006750-17006912:17007083-17007208:+	1.0	1.0	1.0	NA
Iswi:2R:12637339-12637593:12637655-12639770:12639830-12639990:+	1.0	1.0	NA	NA
Iswi:2R:12637655-12639770:12639830-12639990:12640052-12640628:+	1.0	1.0	1.0	NA
Jasper:3R:30052514-30053464:30053544-30054346:30054410-30054697:+	1.0	1.0	1.0	1.0
Jasper:3R:30052672-30053464:30053544-30054346:30054410-30054697:+	1.0	1.0	1.0	1.0
Kif3C:4:1148989-1149213:1164882-1165487:1165550-1166367:+	1.0	NA	NA	1.0
Kif3C:4:1164882-1165487:1165550-1166367:1166666-1169239:+	1.0	NA	NA	1.0
LSm3:3R:23996262-23996538:23996592-23996705:23996766-23997017:+	1.0	1.0	1.0	NA
LSm3:3R:23996414-23996538:23996592-23996705:23996766-23997017:+	1.0	1.0	1.0	NA
Lamtor2:2R:18446548-18446705:18446764-18446950:18447018-18447356:+	1.0	1.0	1.0	1.0
Lamtor2:2R:18446548-18446705:18446764-18446950:18447018-18447753:+	1.0	1.0	1.0	1.0
Lamtor2:2R:18446764-18446950:18447018-18447753:18447808-18447884:+	1.0	1.0	1.0	1.0
Lar:2L:19586623-19587086:19600858-19600931:19611304-19611626:+	1.0	1.0	1.0	1.0
Lar:2L:19587226-19587527:19600858-19600931:19611304-19611626:+	1.0	1.0	1.0	1.0
Lar:2L:19600858-19600931:19611304-19611626:19643331-19643372:+	1.0	1.0	1.0	1.0
Lar:2L:19600858-19600931:19611304-19611626:19644268-19644399:+	1.0	1.0	1.0	1.0
Lar:2L:19606569-19607081:19610610-19610799:19611304-19611626:+	1.0	1.0	1.0	1.0
Lar:2L:19606569-19607081:19610610-19611626:19644268-19644399:+	1.0	1.0	1.0	1.0
Larp4B:3L:3229912-3231796:3231909-3232239:3232298-3236604:+	1.0	1.0	NA	NA
Lcch3:X:15927381-15927884:15927951-15928172:15928232-15928529:+	1.0	1.0	1.0	1.0
Lint-1:X:11149323-11149851:11149925-11149960:11150636-11152127:+	1.0	1.0	1.0	1.0
Lint-1:X:11149444-11149851:11149925-11149960:11150636-11152127:+	1.0	1.0	1.0	1.0
Lint-1:X:11149444-11149851:11149925-11150114:11150636-11152127:+	1.0	1.0	1.0	1.0
Lint-1:X:11149444-11149851:11149925-11150204:11150636-11152127:+	1.0	1.0	1.0	1.0
Lint-1:X:11149925-11149960:11150636-11152127:11152238-11152592:+	1.0	1.0	NA	NA
Lint-1:X:11149925-11150114:11150636-11152127:11152238-11152592:+	1.0	1.0	NA	NA
Lint-1:X:11149925-11150204:11150636-11152127:11152238-11152592:+	1.0	1.0	NA	NA
Liprin-alpha:2L:6730047-6730366:6730423-6730539:6730599-6731345:+	1.0	1.0	NA	NA
Liprin-alpha:2L:6730047-6730366:6730423-6730539:6730599-6731600:+	1.0	1.0	NA	NA
Liprin-alpha:2L:6730047-6730366:6730423-6730539:6730599-6732766:+	1.0	1.0	NA	NA
Lipt1:2R:16197042-16198338:16198485-16198946:16199007-16199378:+	1.0	1.0	1.0	NA
Lipt1:2R:16197340-16198338:16198485-16198946:16199007-16199555:+	1.0	1.0	1.0	NA
Lis-1:2R:16178826-16178952:16181981-16182090:16182158-16182458:+	1.0	1.0	NA	NA
Lis-1:2R:16182983-16183118:16183186-16183537:16183603-16183991:+	1.0	1.0	1.0	1.0
Lis-1:2R:16182983-16183118:16183186-16183537:16183603-16185103:+	1.0	1.0	1.0	1.0
Lrp4:X:15918708-15918825:15918887-15919385:15919529-15919686:+	1.0	1.0	NA	NA
Lrp4:X:15918887-15919385:15919529-15919686:15919741-15920570:+	1.0	1.0	NA	NA
Lrp4:X:15918887-15919385:15919529-15919686:15919744-15920570:+	1.0	1.0	1.0	1.0
Lrp4:X:15918887-15919385:15919529-15919686:15919744-15921013:+	1.0	1.0	1.0	1.0
Lsm12a:X:12018640-12019325:12019628-12019758:12019825-12019941:+	1.0	1.0	1.0	NA
Lsm12a:X:12019628-12019758:12019825-12019941:12020007-12020138:+	1.0	1.0	1.0	1.0
Lsm12a:X:12019825-12019941:12020007-12020138:12020535-12020719:+	1.0	1.0	1.0	1.0
MCTS1:X:6038041-6038193:6038263-6038565:6038876-6039129:+	1.0	1.0	1.0	1.0
MCTS1:X:6038041-6038193:6038263-6038565:6038876-6039576:+	1.0	1.0	1.0	1.0
MCU:3L:6562322-6562418:6590604-6590835:6590894-6590999:+	1.0	1.0	NA	NA
MCU:3L:6562322-6562418:6590607-6590835:6590894-6590999:+	1.0	1.0	NA	NA
MCU:3L:6562567-6562839:6590604-6590835:6590894-6590999:+	1.0	1.0	NA	NA
MCU:3L:6587164-6587394:6590604-6590835:6590894-6590999:+	1.0	1.0	NA	NA
MCU:3L:6590604-6590835:6590894-6590999:6591059-6591160:+	1.0	1.0	NA	NA
MCU:3L:6590607-6590835:6590894-6590999:6591059-6591160:+	1.0	1.0	NA	NA
MED15:2L:475036-475178:475233-475851:475916-476015:+	1.0	1.0	1.0	1.0
MED15:2L:475233-475851:475916-476015:476078-476170:+	1.0	1.0	1.0	1.0
MED17:3R:18189072-18189218:18189290-18191045:18191109-18191265:+	1.0	NA	1.0	1.0
MED18:X:1865909-1866138:1866186-1866495:1866563-1866887:+	1.0	1.0	1.0	1.0
MED18:X:1865909-1866138:1866209-1866495:1866563-1866887:+	1.0	1.0	1.0	1.0
MED22:X:928139-928327:928384-928485:928550-928860:+	1.0	1.0	1.0	1.0
MED9:2R:18167255-18167522:18167658-18167721:18167773-18168138:+	1.0	1.0	1.0	1.0
MED9:2R:18167658-18167721:18167773-18168138:18168208-18168380:+	1.0	1.0	1.0	1.0
MEP-1:3L:2631715-2631916:2631977-2632121:2633538-2633809:+	1.0	1.0	1.0	1.0
MEP-1:3L:2631715-2632121:2633538-2633809:2637068-2639553:+	1.0	NA	1.0	1.0
MEP-1:3L:2631977-2632121:2633538-2633809:2637068-2639553:+	1.0	NA	1.0	1.0
MESK2:2R:21502097-21502479:21510867-21511060:21511123-21511243:+	1.0	1.0	1.0	1.0
MESK2:2R:21507295-21507722:21510867-21511060:21511123-21511243:+	1.0	1.0	1.0	1.0
MESK2:2R:21510106-21510201:21510867-21511060:21511123-21511243:+	1.0	1.0	1.0	1.0
MESK2:2R:21510118-21510201:21510867-21511060:21511123-21511243:+	1.0	1.0	1.0	1.0
MESK2:2R:21510867-21511060:21511123-21511243:21511404-21511968:+	1.0	1.0	1.0	1.0
MESK2:2R:21511123-21511243:21511404-21511968:21512093-21512177:+	1.0	1.0	1.0	1.0
MESK2:2R:21511404-21511968:21512093-21512177:21512393-21512725:+	1.0	1.0	1.0	1.0
MESK2:2R:21511404-21511968:21512093-21512177:21513517-21513582:+	1.0	1.0	1.0	1.0
MESK2:2R:21511404-21511968:21512093-21512177:21514209-21514994:+	1.0	1.0	1.0	1.0
MESK2:2R:21511404-21511968:21512093-21512177:21515888-21517241:+	1.0	1.0	1.0	1.0
MESR4:2R:17547769-17548534:17548886-17548962:17549069-17551391:+	1.0	1.0	1.0	NA
MESR4:2R:17548292-17548534:17548886-17548962:17549069-17551064:+	1.0	1.0	1.0	NA
MESR4:2R:17548292-17548534:17548886-17548962:17549069-17551391:+	1.0	1.0	1.0	NA
MESR4:2R:17548886-17548962:17549069-17551064:17551125-17551391:+	1.0	1.0	1.0	NA
MESR4:2R:17548886-17548962:17549069-17551391:17551444-17556289:+	1.0	1.0	1.0	NA
MESR4:2R:17548886-17548962:17549069-17551391:17551450-17556289:+	1.0	1.0	1.0	NA
MICU1:2L:7183872-7183986:7184043-7184203:7184615-7185074:+	1.0	1.0	1.0	1.0
MICU1:2L:7184043-7184203:7184615-7185074:7185138-7185519:+	NA	1.0	1.0	1.0
MICU1:2L:7184043-7184203:7184615-7185074:7185138-7185529:+	NA	1.0	1.0	1.0
MICU3:3R:19852023-19852425:19852483-19852640:19853548-19853887:+	1.0	1.0	NA	1.0
MICU3:3R:19852023-19852425:19852483-19852640:19853548-19854403:+	1.0	1.0	NA	1.0
MME1:2L:7027988-7028420:7028490-7028666:7028727-7028959:+	1.0	1.0	1.0	1.0
MagR:X:15734553-15734606:15735099-15735174:15735247-15735321:+	1.0	1.0	NA	NA
MagR:X:15735099-15735174:15735244-15735321:15735389-15735780:+	1.0	1.0	1.0	1.0
MagR:X:15735099-15735174:15735247-15735321:15735389-15735780:+	1.0	1.0	1.0	1.0
Mal-A5:2R:8464145-8464599:8464653-8464796:8464864-8465092:+	1.0	1.0	NA	NA
Mal-A5:2R:8464511-8464599:8464653-8464796:8464864-8465092:+	1.0	1.0	NA	NA
Manf:3R:16349675-16349799:16349886-16350027:16350417-16350801:+	1.0	1.0	NA	NA
Marc:2R:9839893-9840515:9840584-9840870:9840944-9841163:+	1.0	1.0	NA	NA
Mbs:3L:16063085-16063173:16063886-16063999:16064227-16064317:+	1.0	NA	1.0	1.0
Mbs:3L:16063088-16063173:16063886-16063999:16064227-16064317:+	1.0	NA	1.0	1.0
Mbs:3L:16063299-16063737:16063886-16063999:16064227-16064317:+	1.0	1.0	1.0	1.0
Mbs:3L:16063543-16063737:16063886-16063999:16064227-16064317:+	1.0	1.0	1.0	1.0
Mbs:3L:16063886-16063999:16064227-16064317:16065048-16065434:+	1.0	NA	1.0	1.0
Mbs:3L:16063886-16063999:16064227-16064317:16066023-16066109:+	1.0	1.0	1.0	1.0
Mbs:3L:16064227-16064317:16066023-16066109:16066613-16066829:+	1.0	1.0	NA	NA
Mbs:3L:16071109-16071171:16076982-16077124:16077192-16077282:+	1.0	1.0	NA	NA
Mbs:3L:16075474-16076648:16076982-16077124:16077192-16077282:+	1.0	1.0	NA	NA
Mbs:3L:16076230-16076648:16076982-16077124:16077192-16077282:+	1.0	1.0	NA	NA
Mbs:3L:16076982-16077124:16077192-16077282:16077723-16077809:+	1.0	1.0	NA	NA
Mbs:3L:16076982-16077124:16077192-16077282:16078820-16079589:+	1.0	1.0	NA	NA
Mbs:3L:16076982-16077124:16077192-16077282:16080759-16082026:+	1.0	1.0	NA	NA
Mbs:3L:16077192-16077282:16077723-16077809:16078820-16079589:+	1.0	1.0	NA	NA
Mbs:3L:16077192-16077282:16077723-16077809:16080759-16081187:+	0.6552	0.5294	NA	NA
Mbs:3L:16077192-16077282:16077723-16077809:16080759-16082026:+	0.6552	0.5294	NA	NA
Mctp:2R:18771955-18772470:18772539-18772898:18772958-18773077:+	1.0	1.0	NA	NA
Mctp:2R:18772539-18772898:18772958-18773077:18773135-18773335:+	1.0	1.0	NA	NA
Men-b:3R:27155566-27155718:27155778-27156072:27156141-27156269:+	1.0	1.0	NA	NA
Men-b:3R:27155566-27155718:27155778-27156072:27156141-27156305:+	1.0	1.0	NA	NA
Men-b:3R:27155566-27155718:27155778-27156072:27156141-27156461:+	1.0	1.0	NA	NA
Men-b:3R:27155778-27156072:27156141-27156269:27156340-27157603:+	1.0	1.0	NA	1.0
Men-b:3R:27155778-27156072:27156141-27156305:27157144-27157603:+	1.0	1.0	NA	NA
Mettl5:3L:19264327-19264622:19264681-19265443:19266594-19266838:+	1.0	1.0	1.0	1.0
Mettl5:3L:19264404-19264622:19264681-19265443:19266594-19266838:+	1.0	1.0	1.0	1.0
Mgat4a:3L:14762028-14762396:14763053-14763114:14763204-14763262:+	1.0	NA	NA	1.0
Mgat4a:3L:14762028-14762396:14763053-14763114:14763204-14763434:+	1.0	NA	NA	1.0
Miox:3L:12186123-12186297:12186535-12187111:12187173-12187860:+	1.0	1.0	1.0	NA
Mnn1:2L:7057864-7058325:7058393-7059198:7060966-7062665:+	1.0	1.0	NA	NA
Mnn1:2L:7057864-7058325:7058393-7059198:7060966-7063586:+	1.0	1.0	NA	NA
Mnt:X:3671801-3672039:3683353-3683449:3692953-3693932:+	1.0	1.0	0.9701	1.0
Mnt:X:3683353-3683449:3692953-3693932:3698118-3699027:+	1.0	1.0	1.0	1.0
Mnt:X:3699684-3699787:3699930-3700464:3700671-3701672:+	1.0	1.0	NA	1.0
Mnt:X:3699684-3699787:3699933-3700464:3700671-3700780:+	1.0	1.0	NA	1.0
Mnt:X:3699684-3699787:3699933-3700464:3700671-3701672:+	1.0	1.0	NA	1.0
Mnt:X:3699687-3699787:3699930-3700464:3700671-3701672:+	1.0	1.0	NA	1.0
Mnt:X:3699687-3699787:3699933-3700464:3700671-3701672:+	1.0	1.0	NA	1.0
Mob3:2L:10265621-10265771:10265827-10265950:10266007-10266110:+	1.0	1.0	NA	NA
Mob3:2L:10265827-10265950:10266007-10266110:10266198-10266313:+	1.0	1.0	1.0	1.0
Mob3:2L:10266007-10266110:10266198-10266313:10266380-10266570:+	1.0	1.0	1.0	1.0
Moca-cyp:3R:28340334-28340738:28341372-28341459:28342185-28342214:+	1.0	1.0	1.0	1.0
Moca-cyp:3R:28340334-28340738:28341372-28342214:28342280-28342419:+	1.0	1.0	1.0	1.0
Moca-cyp:3R:28341372-28341459:28341627-28342214:28342280-28342419:+	1.0	1.0	1.0	1.0
Moca-cyp:3R:28341372-28341459:28342185-28342214:28342280-28342419:+	1.0	1.0	1.0	1.0
Moca-cyp:3R:28341372-28342214:28342280-28342419:28342479-28342626:+	1.0	1.0	1.0	1.0
Moca-cyp:3R:28341627-28342214:28342280-28342419:28342479-28342626:+	1.0	1.0	1.0	1.0
Moca-cyp:3R:28342185-28342214:28342280-28342419:28342479-28342626:+	1.0	1.0	1.0	1.0
Mp:3L:7012739-7012898:7035759-7035881:7038005-7038151:+	1.0	1.0	1.0	1.0
Mp:3L:7034635-7034703:7035214-7035315:7035744-7035881:+	1.0	1.0	NA	1.0
Mp:3L:7034972-7035038:7035170-7035315:7035744-7035881:+	1.0	1.0	NA	1.0
Mp:3L:7035170-7035315:7035744-7035881:7038005-7038151:+	1.0	1.0	1.0	1.0
Mp:3L:7035214-7035315:7035744-7035881:7038005-7038151:+	1.0	1.0	1.0	1.0
Mp:3L:7035744-7035881:7038005-7038151:7040546-7040575:+	1.0	1.0	1.0	1.0
Mp:3L:7035744-7035881:7038005-7038151:7041018-7041131:+	1.0	1.0	1.0	1.0
Mp:3L:7035759-7035881:7038005-7038151:7041018-7041131:+	1.0	1.0	1.0	1.0
Mp:3L:7051242-7051421:7051486-7051722:7051977-7052337:+	1.0	1.0	1.0	NA
Mp:3L:7051242-7051421:7051486-7051722:7051977-7052555:+	1.0	1.0	1.0	NA
Mp:3L:7051242-7051421:7051486-7051722:7051977-7053499:+	1.0	1.0	1.0	NA
Ms:3R:24341551-24341680:24342828-24343039:24343103-24343685:+	1.0	1.0	1.0	NA
Ms:3R:24341551-24341680:24342828-24343039:24343103-24343825:+	1.0	1.0	1.0	NA
Ms:3R:24342518-24342630:24342828-24343039:24343103-24343685:+	1.0	1.0	1.0	NA
Msp300:2L:5204451-5204592:5204836-5204903:5205104-5205389:+	0.9	0.9583	NA	NA
Msp300:2L:5204451-5204592:5204836-5204903:5205104-5207002:+	0.9	0.9583	NA	NA
MsrA:3L:15511052-15511169:15512172-15512736:15512796-15513202:+	1.0	1.0	NA	NA
MsrA:3L:15512172-15512353:15512476-15512736:15512796-15513202:+	1.0	1.0	NA	NA
MsrA:3L:15512172-15512365:15512476-15512736:15512796-15513202:+	1.0	1.0	NA	NA
Mtap:2R:17427795-17428093:17428164-17428943:17429003-17429315:+	1.0	1.0	1.0	1.0
Mtap:2R:17427953-17428093:17428164-17428943:17429003-17429315:+	1.0	1.0	1.0	1.0
Mtch:3L:185135-185303:185367-185864:185926-186296:+	1.0	1.0	NA	1.0
Mtch:3L:185135-185303:185367-185864:185926-186310:+	1.0	1.0	NA	1.0
Mul1:3L:4021704-4022287:4022346-4022553:4022821-4023058:+	1.0	NA	1.0	NA
Mul1:3L:4021704-4022287:4022346-4022553:4022821-4023501:+	1.0	NA	1.0	NA
Muted:3R:22363007-22363287:22363354-22364127:22364197-22364580:+	1.0	1.0	NA	NA
Myo81F:3R:1191610-1191975:1342196-1342317:1454572-1455091:+	1.0	1.0	1.0	1.0
Myo81F:3R:1342196-1342317:1454572-1455091:1467146-1467258:+	1.0	0.9298	0.6429	1.0
Myo81F:3R:1454572-1455091:1467146-1467258:1588295-1588538:+	1.0	1.0	1.0	NA
Myo81F:3R:1467146-1467258:1588295-1588538:1845561-1846163:+	1.0	1.0	1.0	NA
Myo81F:3R:895786-895893:947426-947570:1025040-1025614:+	1.0	1.0	1.0	1.0
Myo81F:3R:947426-947570:1025040-1025614:1138730-1138972:+	1.0	1.0	1.0	1.0
NAT1:2R:12917995-12920859:12920985-12922810:12922879-12923734:+	1.0	1.0	1.0	1.0
ND-15:2L:114726-114991:155546-155784:155858-156030:+	1.0	1.0	1.0	1.0
ND-15:2L:114726-114991:155567-155784:155858-156030:+	1.0	1.0	1.0	1.0
ND-15:2L:114726-114991:155638-155784:155858-156030:+	1.0	1.0	1.0	1.0
ND-15:2L:155089-155178:155250-155784:155858-156030:+	1.0	1.0	1.0	1.0
ND-15:2L:155335-155410:155466-155784:155858-156030:+	1.0	1.0	1.0	1.0
ND-15:2L:155335-155429:155546-155784:155858-156030:+	1.0	1.0	1.0	1.0
ND-15:2L:155335-155429:155567-155784:155858-156030:+	1.0	1.0	1.0	1.0
ND-15:2L:155335-155429:155638-155784:155858-156030:+	1.0	1.0	1.0	1.0
ND-18:X:19492421-19492586:19492677-19492997:19493057-19493337:+	1.0	1.0	1.0	1.0
ND-19:2R:24664398-24664446:24664516-24664679:24664854-24665029:+	1.0	1.0	NA	NA
ND-19:2R:24664398-24664456:24664508-24664679:24664854-24665029:+	1.0	1.0	NA	NA
ND-19:2R:24664423-24664446:24664508-24664679:24664854-24665029:+	1.0	1.0	NA	NA
ND-19:2R:24664423-24664456:24664516-24664679:24664854-24665029:+	1.0	1.0	NA	NA
ND-19:2R:24664508-24664679:24664854-24665029:24665093-24665183:+	1.0	1.0	1.0	1.0
ND-19:2R:24664516-24664679:24664854-24665029:24665093-24665183:+	1.0	1.0	1.0	1.0
ND-19:2R:24664854-24665029:24665093-24665183:24665237-24665439:+	1.0	1.0	1.0	1.0
ND-24:X:17632254-17632460:17632590-17633108:17633263-17633509:+	1.0	1.0	1.0	1.0
ND-24:X:17632321-17632460:17632590-17633108:17633263-17633509:+	1.0	1.0	1.0	1.0
ND-42:3R:22027709-22027780:22028020-22029148:22029216-22029393:+	1.0	1.0	1.0	1.0
ND-42:3R:22027709-22027824:22028020-22029148:22029216-22029393:+	1.0	1.0	1.0	1.0
ND-ACP:3L:1329949-1330047:1330131-1330290:1330863-1330949:+	1.0	1.0	1.0	1.0
ND-ACP:3L:1329949-1330047:1330131-1330290:1330863-1330964:+	1.0	1.0	1.0	1.0
ND-ACP:3L:1329949-1330047:1330131-1330290:1331042-1331170:+	1.0	1.0	1.0	1.0
ND-ACP:3L:1330131-1330290:1330863-1330949:1331042-1331170:+	0.411	0.4194	0.3636	0.3506
ND-ACP:3L:1330131-1330290:1330863-1330964:1331280-1331543:+	1.0	1.0	1.0	1.0
ND-ACP:3L:1330131-1330290:1331042-1331170:1331280-1331631:+	1.0	1.0	1.0	1.0
ND-ACP:3L:1330863-1330949:1331042-1331170:1331280-1331543:+	1.0	1.0	1.0	1.0
ND-B12:2R:21658078-21658109:21658346-21658480:21658540-21658777:+	1.0	1.0	1.0	1.0
ND-B12:2R:21658078-21658109:21658351-21658480:21658540-21658777:+	1.0	1.0	1.0	1.0
ND-B12:2R:21658124-21658275:21658346-21658480:21658540-21658777:+	1.0	1.0	1.0	1.0
ND-B12:2R:21658124-21658275:21658351-21658480:21658540-21658777:+	1.0	1.0	1.0	1.0
ND-B14.7:2R:21025078-21025160:21025341-21025603:21025661-21025755:+	1.0	1.0	1.0	1.0
ND-B14.7:2R:21025341-21025603:21025661-21025755:21025816-21026086:+	1.0	1.0	1.0	1.0
ND-MLRQ:3L:23339326-23339369:23339430-23339476:23339534-23339680:+	1.0	1.0	1.0	1.0
ND-MLRQ:3L:23339326-23339476:23339534-23339680:23341457-23341597:+	1.0	1.0	1.0	1.0
ND-MLRQ:3L:23339326-23339476:23339534-23339680:23341457-23341602:+	1.0	1.0	1.0	1.0
ND-MLRQ:3L:23339430-23339476:23339534-23339680:23341457-23341597:+	1.0	1.0	1.0	1.0
ND-MLRQ:3L:23339534-23339680:23341457-23341602:23345843-23345936:+	0.9924	0.9934	0.9871	0.9908
ND-MWFE:2R:13158666-13158846:13159017-13159103:13159534-13159649:+	1.0	1.0	1.0	1.0
ND-MWFE:2R:13158666-13158846:13159017-13159103:13159731-13160190:+	1.0	1.0	1.0	1.0
ND-PDSW:2L:3466157-3466228:3466316-3466416:3466787-3467062:+	1.0	1.0	NA	NA
ND-PDSW:2L:3466157-3466416:3466787-3467062:3467133-3467334:+	1.0	1.0	1.0	1.0
ND-PDSW:2L:3466316-3466416:3466787-3467062:3467133-3467334:+	1.0	1.0	1.0	1.0
NFAT:X:13655851-13656034:13660740-13662686:13662755-13663657:+	1.0	1.0	NA	NA
NFAT:X:13655851-13656034:13660740-13662686:13662755-13664568:+	1.0	1.0	NA	NA
NFAT:X:13658108-13658645:13660740-13662686:13662755-13663657:+	1.0	1.0	NA	NA
NPF:3R:16609220-16609239:16610775-16611054:16611108-16611325:+	NA	NA	1.0	1.0
NPF:3R:16609758-16609828:16610765-16611054:16611108-16611325:+	NA	NA	1.0	1.0
NPF:3R:16609758-16609828:16610775-16611054:16611108-16611325:+	NA	NA	1.0	1.0
NaCP60E:2R:24891614-24891692:24892402-24892548:24894084-24894606:+	1.0	1.0	1.0	NA
NaCP60E:2R:24891614-24891837:24892284-24892548:24894084-24894606:+	1.0	0.9487	1.0	1.0
NaCP60E:2R:24892284-24892548:24894084-24894606:24900844-24901055:+	1.0	1.0	1.0	NA
NaCP60E:2R:24892402-24892548:24894084-24894606:24900844-24901055:+	1.0	1.0	1.0	NA
NaCP60E:2R:24900844-24901055:24904281-24904900:24904970-24905189:+	1.0	1.0	1.0	1.0
NaCP60E:2R:24900844-24901055:24904281-24904900:24904970-24905381:+	1.0	1.0	1.0	1.0
NaCP60E:2R:24904117-24904178:24904281-24904900:24904970-24905189:+	1.0	1.0	1.0	1.0
NaCP60E:2R:24904281-24904900:24904970-24905189:24905247-24905381:+	1.0	1.0	1.0	1.0
NaCP60E:2R:24904281-24904900:24904970-24905381:24905437-24906172:+	1.0	1.0	1.0	1.0
NaCP60E:2R:24904970-24905189:24905247-24905381:24905437-24906172:+	1.0	1.0	1.0	1.0
NaCP60E:2R:24904970-24905381:24905437-24906172:24906228-24906442:+	1.0	1.0	1.0	1.0
NaCP60E:2R:24905247-24905381:24905437-24906172:24906228-24906442:+	1.0	1.0	1.0	1.0
Nasp:3R:8747798-8747991:8752061-8752398:8752514-8753118:+	NA	NA	1.0	1.0
Nasp:3R:8747798-8748245:8752061-8752398:8752514-8753118:+	NA	NA	1.0	1.0
Nasp:3R:8752061-8752398:8752514-8753118:8753181-8753458:+	NA	NA	1.0	1.0
Nca:3L:19996681-19996780:19996850-19996968:19997031-19997219:+	1.0	1.0	1.0	1.0
Nca:3L:19996850-19996968:19997031-19997219:19997292-19997568:+	1.0	1.0	1.0	1.0
Ndf:2L:10006908-10007178:10007252-10007341:10007414-10007503:+	1.0	1.0	NA	NA
Ndf:2L:10006908-10007178:10007255-10007341:10007414-10007503:+	1.0	1.0	NA	NA
Ndf:2L:10007252-10007341:10007414-10007503:10007567-10008889:+	1.0	1.0	1.0	1.0
Ndf:2L:10007255-10007341:10007414-10007503:10007567-10007861:+	1.0	1.0	1.0	1.0
Ndf:2L:10007255-10007341:10007414-10007503:10007567-10008889:+	1.0	1.0	1.0	1.0
Neb-cGP:X:10460736-10460848:10460920-10460996:10461082-10461301:+	1.0	1.0	1.0	1.0
Neb-cGP:X:10460736-10460848:10460920-10460996:10461082-10461878:+	1.0	1.0	1.0	1.0
Nedd4:3L:17530081-17530422:17530809-17531035:17538662-17538744:+	1.0	1.0	NA	NA
Nedd4:3L:17530809-17531035:17538662-17538744:17538814-17538895:+	1.0	1.0	NA	1.0
Nedd4:3L:17543764-17544001:17544060-17544184:17544256-17544397:+	1.0	1.0	1.0	NA
Nedd4:3L:17544060-17544184:17544256-17544397:17544461-17544617:+	1.0	1.0	NA	NA
Nf1:3R:25983592-25983735:25983835-25984219:25984275-25984416:+	1.0	1.0	1.0	1.0
Nf1:3R:25983835-25984219:25984275-25984416:25984473-25985066:+	1.0	1.0	1.0	1.0
Nf1:3R:25993073-25993259:25993319-25993484:25993665-25993991:+	1.0	1.0	NA	NA
Nhe2:2L:21104568-21105008:21114594-21115092:21116260-21116482:+	1.0	1.0	1.0	1.0
Nhe2:2L:21121582-21121739:21122251-21122389:21124135-21124191:+	1.0	1.0	1.0	NA
Nhe2:2L:21121582-21121769:21122251-21122389:21124135-21124191:+	1.0	1.0	1.0	NA
Nhe2:2L:21122251-21122389:21122913-21122927:21124135-21124191:+	0.1053	0.1795	0.15	0.2222
Nhe2:2L:21122251-21122389:21124135-21124191:21124287-21124373:+	1.0	1.0	1.0	1.0
Nhe2:2L:21122913-21122927:21124135-21124191:21124287-21124373:+	1.0	1.0	1.0	1.0
Nhe2:2L:21124135-21124191:21124287-21124373:21124440-21124521:+	1.0	1.0	1.0	1.0
Nhe2:2L:21124135-21124191:21124287-21124373:21124440-21124614:+	1.0	1.0	1.0	1.0
Nhe2:2L:21124135-21124191:21124287-21124373:21124443-21124521:+	1.0	1.0	1.0	1.0
Nhe2:2L:21124287-21124373:21124440-21124521:21125317-21125439:+	NA	1.0	1.0	NA
Nhe2:2L:21124287-21124373:21124440-21124521:21125347-21125439:+	NA	1.0	1.0	NA
Nhe2:2L:21124287-21124373:21124440-21124614:21125317-21125439:+	NA	1.0	1.0	NA
Nhe2:2L:21124287-21124373:21124440-21124614:21125347-21125439:+	NA	1.0	1.0	NA
NimB5:2L:13970488-13970866:13971139-13971681:13971741-13972173:+	1.0	1.0	NA	NA
NimB5:2L:13970508-13970866:13971139-13971681:13971741-13971979:+	1.0	1.0	NA	NA
NimB5:2L:13970508-13970866:13971139-13971681:13971741-13972173:+	1.0	1.0	NA	NA
Nlg4:3R:20204809-20204978:20206179-20206715:20211081-20211505:+	NA	1.0	NA	1.0
Nlg4:3R:20204809-20204978:20206198-20206715:20211081-20211505:+	1.0	1.0	1.0	1.0
Nlp:3R:30004785-30005055:30005288-30005421:30009678-30010352:+	1.0	1.0	NA	NA
Nlp:3R:30004951-30005055:30005288-30005421:30009678-30010352:+	1.0	1.0	NA	NA
Nmnat:3R:24946144-24946295:24946884-24947154:24947263-24947400:+	1.0	1.0	1.0	1.0
Nna1:X:13712629-13712909:13712982-13713141:13713201-13713359:+	1.0	1.0	NA	1.0
Nna1:X:13712982-13713141:13713201-13713359:13713424-13713492:+	1.0	1.0	1.0	1.0
Nna1:X:13712982-13713141:13713201-13713359:13713424-13714435:+	1.0	1.0	1.0	1.0
Noc1:3L:11075829-11077403:11077463-11078326:11078398-11078736:+	1.0	1.0	NA	NA
Nop60B:2R:24175917-24176191:24176427-24176831:24176893-24177253:+	1.0	1.0	1.0	NA
Nop60B:2R:24175917-24176191:24176427-24176831:24176893-24177291:+	1.0	1.0	1.0	NA
Nop60B:2R:24176427-24176831:24176893-24177291:24184723-24184793:+	1.0	1.0	1.0	NA
Nop60B:2R:24176427-24176831:24176893-24177291:24184723-24186343:+	1.0	1.0	1.0	NA
Nplp2:3L:13356376-13356643:13356727-13356852:13357008-13357223:+	1.0	1.0	1.0	NA
Nplp2:3L:13356534-13356643:13356727-13356852:13357008-13357223:+	1.0	1.0	1.0	NA
Nrg:X:8517373-8517420:8531697-8532019:8532335-8532464:+	1.0	1.0	1.0	1.0
Nrg:X:8517509-8518398:8531525-8532019:8532335-8532464:+	1.0	1.0	1.0	1.0
Nrg:X:8547978-8548355:8548422-8548525:8550083-8550375:+	1.0	1.0	NA	NA
Nrg:X:8547978-8548355:8548422-8548525:8550083-8551207:+	1.0	1.0	NA	NA
Nrg:X:8547978-8548355:8548422-8548525:8551750-8552119:+	1.0	1.0	NA	NA
Nrg:X:8547978-8548355:8548422-8548525:8551750-8553332:+	1.0	1.0	NA	NA
Nrg:X:8547978-8548355:8548422-8548525:8551750-8555170:+	1.0	1.0	NA	NA
Nrg:X:8548422-8548525:8549018-8549356:8550083-8551207:+	0.0	0.0	NA	NA
Nrt:3L:16766072-16766540:16773714-16774366:16774430-16776830:+	1.0	1.0	1.0	NA
Nrt:3L:16766072-16766540:16773714-16774366:16774430-16777465:+	1.0	1.0	1.0	NA
Nrx-IV:3L:12155446-12155790:12155855-12155992:12156051-12156990:+	1.0	1.0	NA	NA
Ns4:2L:20752781-20753109:20753174-20754365:20754431-20754655:+	1.0	1.0	1.0	NA
Nse4:2L:10439945-10440112:10440176-10440505:10440561-10440693:+	1.0	1.0	1.0	1.0
Nse4:2L:10439945-10440112:10440176-10440505:10440561-10441047:+	1.0	1.0	1.0	1.0
Nt5c:2R:9579963-9580366:9580452-9580747:9580818-9581004:+	1.0	1.0	1.0	1.0
Nt5c:2R:9580452-9580747:9580818-9581004:9581066-9581206:+	1.0	1.0	1.0	1.0
Nt5c:2R:9581066-9581206:9581266-9581417:9581486-9581847:+	1.0	1.0	1.0	1.0
NtR:2R:22129551-22129691:22129764-22129930:22129991-22130184:+	1.0	1.0	1.0	NA
Ntf-2:X:21035469-21035721:21036399-21036470:21036539-21036637:+	1.0	1.0	1.0	NA
Ntf-2:X:21035831-21036090:21036399-21036470:21036539-21036637:+	1.0	1.0	NA	NA
Ntf-2:X:21036399-21036470:21036539-21036637:21037610-21037994:+	1.0	1.0	1.0	1.0
Ntf-2:X:21036399-21036470:21036539-21036637:21038746-21039076:+	1.0	1.0	1.0	1.0
Ntf-2:X:21036399-21036470:21036539-21036637:21038746-21039543:+	1.0	1.0	1.0	1.0
Ntf-2:X:21036399-21036470:21036539-21036637:21038746-21039946:+	1.0	1.0	1.0	1.0
Ntf-2:X:21036539-21036637:21037610-21037994:21038746-21039543:+	0.3084	0.3902	0.3733	0.4835
Ntf-2:X:21036539-21036637:21038746-21039946:21040015-21041467:+	1.0	1.0	1.0	1.0
Nuak:3R:10298449-10298591:10299002-10299058:10299634-10299752:+	0.625	1.0	NA	NA
Nuak:3R:10298449-10298591:10299002-10299058:10299634-10301527:+	0.625	1.0	NA	NA
Nubp2:3L:20526576-20526764:20526838-20527280:20527593-20527910:+	1.0	1.0	1.0	1.0
Nulp1:3L:8112112-8112438:8112494-8112714:8113012-8113320:+	1.0	1.0	NA	NA
Nulp1:3L:8112112-8112438:8112494-8112714:8113012-8113406:+	1.0	1.0	NA	NA
Nup153:X:16600380-16600895:16600954-16601198:16601376-16605786:+	1.0	1.0	1.0	NA
Nup153:X:16600954-16601198:16601376-16605786:16605850-16606008:+	1.0	1.0	1.0	NA
Nup154:2L:11008911-11009377:11009443-11009565:11009627-11009811:+	1.0	1.0	NA	NA
Nup154:2L:11008911-11009377:11009443-11009565:11009627-11009872:+	1.0	1.0	NA	NA
Nup154:2L:11008911-11009377:11009443-11009565:11009627-11010921:+	1.0	1.0	NA	NA
Nup44A:2R:7990125-7990562:7990659-7990867:7990928-7991283:+	1.0	1.0	NA	NA
ORMDL:3L:21635305-21635561:21635618-21635769:21635987-21636251:+	1.0	1.0	1.0	1.0
Ogdh:3L:16963870-16964764:16964824-16964978:16967382-16968080:+	1.0	1.0	1.0	NA
Ogdh:3L:16963870-16964764:16964824-16964978:16967382-16968724:+	1.0	1.0	1.0	NA
Ogdh:3L:16964824-16964978:16966068-16966358:16967382-16968080:+	0.1429	0.1603	0.0345	NA
Ogg1:X:8690686-8691003:8691065-8691551:8691611-8691811:+	1.0	1.0	1.0	1.0
Oli:2L:17589184-17589579:17590212-17590811:17590872-17591267:+	1.0	1.0	NA	NA
Oli:2L:17589402-17589579:17590212-17590811:17590872-17591267:+	1.0	1.0	NA	NA
Opbp:2R:6654117-6654509:6654564-6655110:6655172-6655267:+	NA	1.0	NA	1.0
Or63a:3L:2962938-2963043:2963122-2963226:2963296-2963451:+	NA	1.0	NA	1.0
Or63a:3L:2963122-2963226:2963296-2963451:2963560-2963788:+	1.0	1.0	1.0	1.0
Oscillin:2L:5547973-5548100:5548168-5548709:5549444-5549614:+	1.0	1.0	1.0	1.0
Oscillin:2L:5548168-5548709:5549017-5549076:5549444-5549614:+	0.0	0.0	0.0	0.0
Oscillin:2L:5548168-5548709:5549017-5549081:5549444-5549614:+	0.0085	0.0	0.0	0.0
PAN2:2R:8930259-8930380:8930434-8930533:8930591-8930647:+	1.0	1.0	NA	NA
PAN2:2R:8930259-8930380:8930434-8930533:8930591-8930650:+	1.0	1.0	NA	NA
PAN2:2R:8930434-8930533:8930591-8930647:8930710-8931005:+	1.0	1.0	NA	NA
PAN2:2R:8930434-8930533:8930591-8930650:8930710-8931005:+	1.0	1.0	NA	NA
PAN3:3L:3071133-3071189:3071257-3071307:3073081-3073478:+	0.0583	0.0777	0.1346	0.0631
PAN3:3L:3071133-3071189:3073081-3073478:3083733-3083809:+	1.0	1.0	1.0	1.0
PAN3:3L:3072547-3072616:3073081-3073478:3083733-3083809:+	1.0	1.0	1.0	1.0
PAN3:3L:3087699-3087890:3087957-3088119:3088192-3088493:+	1.0	1.0	1.0	1.0
PAN3:3L:3087699-3087890:3087957-3088119:3088192-3088634:+	1.0	1.0	1.0	1.0
PAN3:3L:3087699-3087890:3087957-3088119:3088192-3090406:+	1.0	1.0	1.0	1.0
PGAP3:2R:6673874-6674190:6674261-6674727:6674781-6675061:+	1.0	1.0	1.0	1.0
PGRP-LA:3L:9336986-9337221:9337454-9337660:9337726-9337936:+	1.0	1.0	1.0	NA
PGRP-LA:3L:9336986-9337221:9337454-9337660:9337726-9338336:+	1.0	1.0	1.0	NA
PGRP-LA:3L:9336998-9337221:9337454-9337660:9337726-9337936:+	1.0	1.0	1.0	NA
PGRP-LA:3L:9336998-9337221:9337454-9337660:9337726-9338336:+	1.0	1.0	1.0	NA
PH4alphaEFB:3R:30484687-30484752:30485227-30485392:30485454-30485799:+	1.0	1.0	1.0	1.0
PIG-H:3R:7999832-8000503:8000586-8000663:8000724-8001064:+	1.0	1.0	1.0	1.0
PIG-H:3R:8000021-8000503:8000586-8000663:8000724-8000917:+	1.0	1.0	1.0	1.0
PIG-O:2R:18427888-18429496:18429573-18430021:18430081-18430333:+	1.0	1.0	1.0	1.0
PIG-Q:X:16360620-16360696:16360763-16360878:16360932-16361046:+	1.0	1.0	NA	1.0
PIG-Q:X:16360763-16360878:16360932-16361046:16361114-16361275:+	1.0	1.0	1.0	1.0
PIP5K59B:2R:22875567-22875716:22875895-22876092:22876145-22876287:+	1.0	1.0	NA	NA
PIP5K59B:2R:22875895-22876092:22876145-22876287:22876350-22876847:+	1.0	1.0	NA	NA
PIP5K59B:2R:22876902-22877006:22877075-22877207:22877259-22877346:+	1.0	NA	NA	1.0
PIP5K59B:2R:22876914-22877006:22877075-22877207:22877259-22877346:+	1.0	NA	NA	1.0
PPP4R2r:X:10479370-10479717:10479836-10480024:10480084-10481943:+	1.0	1.0	1.0	1.0
PPP4R2r:X:10479473-10479717:10479789-10480024:10480084-10481943:+	1.0	1.0	1.0	1.0
PPP4R2r:X:10479473-10479717:10479836-10480024:10480084-10481943:+	1.0	1.0	1.0	1.0
PPP4R2r:X:10479490-10479717:10479836-10480024:10480084-10481943:+	1.0	1.0	1.0	1.0
PTPMT1:3R:23758608-23758918:23758978-23759295:23759358-23759606:+	1.0	1.0	1.0	1.0
PTPMT1:3R:23758775-23758918:23758978-23759295:23759358-23759606:+	1.0	1.0	1.0	1.0
PVRAP:3L:6024631-6024892:6025009-6025337:6025418-6026317:+	1.0	1.0	1.0	1.0
Pabp2:2R:8132390-8132791:8132942-8133075:8133141-8133208:+	1.0	1.0	NA	NA
Pabp2:2R:8132390-8132791:8132942-8133075:8133141-8133477:+	1.0	1.0	NA	NA
Paip2:3R:12983735-12983883:12983947-12984047:12984111-12984577:+	1.0	1.0	NA	NA
Paip2:3R:12983735-12983883:12983947-12984047:12984111-12985488:+	1.0	1.0	NA	NA
Papst2:3L:17042797-17043917:17043974-17044155:17044218-17044465:+	1.0	1.0	1.0	1.0
Past1:3R:12697831-12699335:12703639-12703812:12703876-12704875:+	1.0	1.0	1.0	1.0
Past1:3R:12698119-12699335:12703639-12703812:12703876-12704133:+	1.0	1.0	1.0	1.0
Pcd:3R:29723163-29723356:29723438-29723588:29723847-29724226:+	1.0	1.0	1.0	1.0
Pdha:X:4703555-4704119:4704195-4704517:4704588-4705123:+	1.0	1.0	1.0	1.0
Pdha:X:4703555-4704119:4704195-4704517:4704588-4705265:+	1.0	1.0	1.0	1.0
Pdhb:3R:29115094-29115505:29115567-29115686:29115748-29116197:+	1.0	1.0	NA	NA
Pdk:2R:9432235-9432425:9432490-9433064:9433130-9433228:+	1.0	1.0	1.0	1.0
Pdk:2R:9432235-9432425:9432490-9433064:9433130-9433300:+	1.0	1.0	1.0	1.0
Pdk:2R:9432235-9432425:9432490-9433064:9433130-9433952:+	1.0	1.0	1.0	1.0
Pdk:2R:9432490-9433064:9433130-9433228:9434207-9434638:+	1.0	1.0	1.0	1.0
Pdk:2R:9432490-9433064:9433130-9433228:9434354-9434638:+	1.0	1.0	1.0	1.0
Pect:2L:13209436-13209599:13209660-13209845:13209911-13210828:+	1.0	1.0	1.0	1.0
Pect:2L:13209472-13209599:13209660-13209845:13209911-13210828:+	1.0	1.0	1.0	1.0
Pect:2L:13209493-13209599:13209660-13209845:13209911-13210828:+	1.0	1.0	1.0	1.0
Pect:2L:13209502-13209599:13209660-13209845:13209911-13210828:+	1.0	1.0	1.0	1.0
Pex19:2L:12094178-12094481:12094548-12094711:12094769-12095250:+	1.0	1.0	1.0	1.0
Pfdn1:2L:6069079-6069250:6069347-6069489:6069559-6069838:+	1.0	1.0	1.0	1.0
Pfdn1:2L:6069099-6069250:6069347-6069489:6069559-6069838:+	1.0	1.0	1.0	1.0
Pfdn5:3R:22487039-22487392:22487510-22487719:22487781-22488110:+	1.0	1.0	1.0	1.0
Pfdn5:3R:22487201-22487392:22487510-22487719:22487781-22488035:+	1.0	1.0	1.0	1.0
Pfdn6:3L:19923671-19923894:19923982-19924207:19924292-19924491:+	1.0	1.0	1.0	1.0
Pfdn6:3L:19923671-19923894:19923982-19924207:19924292-19924688:+	1.0	1.0	1.0	1.0
Pfk:2R:10115315-10115757:10115815-10116657:10116737-10117137:+	1.0	1.0	NA	1.0
Pfk:2R:10115315-10115757:10115815-10116657:10116737-10117457:+	1.0	1.0	NA	1.0
Pgls:X:10847438-10847638:10847770-10848245:10848365-10848534:+	1.0	1.0	1.0	NA
Pglym78:3R:29148248-29148552:29149009-29149506:29149569-29149901:+	1.0	1.0	1.0	1.0
Pglym78:3R:29148342-29148552:29149009-29149506:29149569-29149901:+	1.0	1.0	1.0	1.0
Pglym78:3R:29148362-29148552:29149009-29149506:29149569-29149901:+	1.0	1.0	1.0	1.0
PhKgamma:X:11698299-11698435:11698500-11698597:11703290-11703448:+	1.0	1.0	1.0	1.0
PhKgamma:X:11698500-11698597:11699323-11699406:11703290-11703448:+	0.0233	0.0357	0.0	0.0
PhKgamma:X:11698500-11698597:11700621-11701127:11703290-11703448:+	0.0	0.0092	0.0	0.0
PhKgamma:X:11698500-11698597:11703290-11703448:11703509-11704394:+	1.0	1.0	1.0	1.0
PhKgamma:X:11699323-11699406:11703290-11703448:11703509-11704394:+	1.0	1.0	1.0	1.0
PhKgamma:X:11700621-11701127:11703290-11703448:11703509-11704394:+	1.0	1.0	1.0	1.0
Phax:2R:9115239-9115330:9115384-9115660:9115719-9116030:+	1.0	1.0	NA	NA
Phb2:2R:18820605-18820838:18821041-18821118:18821184-18821283:+	1.0	1.0	NA	NA
Phb2:2R:18820605-18820838:18821041-18821118:18821184-18821637:+	1.0	1.0	NA	NA
Phb2:2R:18820605-18820838:18821041-18821118:18821184-18821839:+	1.0	1.0	NA	NA
Phb2:2R:18821041-18821118:18821184-18821283:18821490-18821839:+	1.0	1.0	1.0	1.0
Phb2:2R:18821041-18821118:18821184-18821283:18821976-18822250:+	1.0	1.0	NA	NA
Phb2:2R:18821041-18821118:18821184-18821637:18821698-18821839:+	1.0	1.0	NA	1.0
Pink1:X:6683841-6684070:6684128-6684461:6684518-6684721:+	1.0	1.0	NA	NA
Pink1:X:6684786-6685571:6685635-6686648:6686713-6687014:+	1.0	1.0	1.0	1.0
Pink1:X:6684786-6685571:6685635-6686648:6686713-6687018:+	1.0	1.0	1.0	1.0
Pink1:X:6684786-6685571:6685635-6686648:6686713-6687302:+	1.0	1.0	1.0	1.0
Pitslre:3L:20771528-20771608:20771668-20771864:20772605-20776053:+	1.0	1.0	1.0	1.0
Pitslre:3L:20771528-20771608:20771668-20771864:20773794-20776053:+	1.0	1.0	1.0	1.0
Pitslre:3L:20771528-20771864:20772605-20772963:20773794-20776053:+	1.0	1.0	1.0	1.0
Pitslre:3L:20771668-20771864:20772605-20776053:20776174-20776837:+	1.0	1.0	1.0	1.0
Pka-R1:3L:20832846-20833205:20833283-20833657:20833730-20833869:+	1.0	1.0	1.0	1.0
Pka-R1:3L:20832846-20833205:20833283-20833657:20833733-20833869:+	1.0	1.0	1.0	1.0
Pka-R1:3L:20833283-20833657:20833730-20833869:20834002-20834269:+	1.0	1.0	1.0	1.0
Pka-R1:3L:20833283-20833657:20833730-20833869:20834002-20835280:+	1.0	1.0	1.0	1.0
Pka-R1:3L:20833283-20833657:20833730-20833869:20834002-20836048:+	1.0	1.0	1.0	1.0
Pka-R1:3L:20833283-20833657:20833733-20833869:20834002-20834658:+	1.0	1.0	1.0	1.0
Pka-R1:3L:20833283-20833657:20833733-20833869:20834002-20835280:+	1.0	1.0	1.0	1.0
Pka-R1:3L:20833283-20833657:20833733-20833869:20834002-20836048:+	1.0	1.0	1.0	1.0
Pkc53E:2R:16924655-16924790:16926346-16926807:16931112-16931143:+	1.0	1.0	1.0	1.0
Pkc53E:2R:16924925-16924977:16926346-16926807:16928125-16928151:+	1.0	1.0	1.0	1.0
Pkc53E:2R:16924925-16925037:16926346-16926807:16928125-16928151:+	1.0	1.0	1.0	1.0
Pkc53E:2R:16925127-16925745:16926346-16926807:16931112-16931143:+	1.0	1.0	1.0	1.0
Pkc53E:2R:16926346-16926807:16931112-16931143:16931199-16931278:+	1.0	1.0	1.0	1.0
Pkc53E:2R:16928125-16928151:16931112-16931143:16931199-16931278:+	1.0	1.0	NA	1.0
Pkc53E:2R:16931112-16931143:16931199-16931278:16932464-16932578:+	1.0	1.0	1.0	1.0
Pkc53E:2R:16931112-16931143:16931199-16931278:16936419-16936530:+	1.0	1.0	NA	1.0
Pkc53E:2R:16931199-16931278:16932464-16932578:16940093-16940221:+	1.0	1.0	1.0	1.0
Plc21C:2L:305935-306389:317743-318120:325678-325824:+	1.0	1.0	NA	NA
Plc21C:2L:310200-310605:317743-318120:325678-325824:+	1.0	1.0	1.0	1.0
Plc21C:2L:317743-318120:325678-325824:334120-334257:+	1.0	1.0	NA	NA
Plc21C:2L:336349-336546:337016-337198:337938-338118:+	1.0	1.0	NA	NA
Plc21C:2L:336349-336546:337938-338118:339207-339441:+	1.0	1.0	1.0	NA
Plc21C:2L:337016-337198:337938-338118:339207-339441:+	1.0	1.0	1.0	NA
Plc21C:2L:337938-338118:339207-339441:340710-340855:+	1.0	1.0	1.0	NA
Plc21C:2L:339207-339441:340710-340855:342579-342792:+	1.0	1.0	NA	1.0
Plc21C:2L:340710-340855:342579-342792:342866-343729:+	1.0	1.0	NA	1.0
Pnn:3R:9740899-9741142:9741199-9741968:9742200-9742844:+	1.0	1.0	1.0	1.0
Polr3C:3R:12461601-12461950:12462009-12462176:12462235-12462418:+	1.0	1.0	1.0	NA
Pomp:2L:20787656-20787785:20787850-20788115:20788403-20789098:+	1.0	1.0	1.0	1.0
Pp1alpha-96A:3R:24518844-24519192:24519596-24519881:24519940-24520087:+	1.0	1.0	1.0	1.0
Pp1alpha-96A:3R:24519596-24519881:24519940-24520087:24520343-24521342:+	1.0	1.0	1.0	1.0
Pp1alpha-96A:3R:24519596-24519881:24519940-24520087:24520343-24522331:+	1.0	1.0	1.0	1.0
Pp2A-29B:2L:8367931-8368696:8368758-8369030:8369716-8370082:+	1.0	1.0	1.0	1.0
Pp2A-29B:2L:8368758-8369030:8369223-8369399:8369716-8370082:+	0.0	0.0	0.0	0.0
Pp2A-29B:2L:8368758-8369030:8369223-8369560:8369716-8370090:+	0.0164	0.0	0.0	0.0
Ppcdc:2R:21691580-21692170:21692235-21692374:21692432-21692764:+	1.0	1.0	1.0	1.0
Ppcdc:2R:21691669-21692170:21692235-21692374:21692432-21692764:+	1.0	1.0	1.0	1.0
Prosalpha2:3R:12431584-12431660:12431746-12432001:12432067-12432222:+	1.0	1.0	NA	NA
Prosalpha2:3R:12431746-12432001:12432067-12432222:12432287-12432556:+	1.0	1.0	1.0	1.0
Prosalpha6:2L:10221351-10221445:10221514-10222143:10222202-10222503:+	1.0	1.0	1.0	1.0
Prosalpha6:2L:10221351-10221445:10221514-10222143:10222202-10222546:+	1.0	1.0	1.0	1.0
Prp39:3R:28812165-28812486:28812705-28813551:28813618-28813814:+	1.0	NA	1.0	NA
Prp39:3R:28812227-28812486:28812705-28813551:28813618-28813814:+	1.0	NA	1.0	NA
Prp39:3R:28812237-28812486:28812705-28813551:28813618-28813814:+	1.0	NA	1.0	NA
Prp39:3R:28812395-28812486:28812705-28813551:28813618-28813814:+	1.0	NA	1.0	NA
Prp39:3R:28812705-28813551:28813618-28813814:28813881-28814006:+	1.0	1.0	1.0	1.0
Prp39:3R:28812705-28813551:28813618-28813814:28813881-28815422:+	1.0	1.0	1.0	1.0
Prp39:3R:28813618-28813814:28813881-28814006:28815148-28815422:+	1.0	1.0	NA	1.0
Prp39:3R:28813618-28813814:28813881-28815422:28815482-28817354:+	1.0	1.0	NA	1.0
Prp40:2L:3023854-3024086:3024143-3025191:3025257-3025622:+	1.0	1.0	NA	1.0
Prp40:2L:3024143-3025191:3025257-3025622:3025689-3025769:+	1.0	1.0	NA	1.0
Prx4:3L:3043272-3043389:3043441-3043846:3043905-3044174:+	1.0	1.0	1.0	1.0
Ptp10D:X:11622015-11622357:11623753-11624216:11664730-11664979:+	1.0	1.0	NA	1.0
Ptp69D:3L:12734945-12735249:12736058-12736160:12736253-12738096:+	1.0	1.0	NA	1.0
Ptp99A:3R:29377646-29378024:29382956-29383391:29416956-29417125:+	1.0	1.0	1.0	1.0
Ptp99A:3R:29457570-29457641:29461813-29462575:29471651-29471854:+	1.0	1.0	1.0	1.0
Ptp99A:3R:29457570-29457641:29461813-29462575:29471651-29471899:+	1.0	1.0	1.0	1.0
Pur-alpha:4:560095-560300:560349-560411:560471-560583:+	1.0	1.0	1.0	1.0
Pur-alpha:4:560095-560300:560372-560411:560471-560583:+	1.0	1.0	1.0	1.0
Pur-alpha:4:560098-560300:560349-560411:560471-560583:+	1.0	1.0	1.0	1.0
Pur-alpha:4:560349-560411:560471-560583:560718-560820:+	1.0	1.0	1.0	1.0
Pur-alpha:4:560372-560411:560471-560583:560718-560820:+	1.0	1.0	1.0	1.0
Pur-alpha:4:560471-560583:560718-560820:564361-564479:+	1.0	1.0	1.0	1.0
Pur-alpha:4:560718-560820:564361-564479:564541-564662:+	1.0	1.0	1.0	1.0
Pur-alpha:4:564361-564479:564541-564662:565407-565515:+	1.0	1.0	1.0	1.0
Pur-alpha:4:564361-564479:564541-564662:565410-565515:+	1.0	1.0	1.0	1.0
Pur-alpha:4:564541-564662:565407-565515:565601-565931:+	1.0	1.0	1.0	1.0
Pur-alpha:4:564541-564662:565407-565515:565601-567257:+	1.0	1.0	1.0	1.0
Pur-alpha:4:564541-564662:565410-565515:565601-565931:+	1.0	1.0	1.0	1.0
Pur-alpha:4:564541-564662:565410-565515:565601-567257:+	1.0	1.0	1.0	1.0
PyK:3R:22367536-22367668:22370778-22372167:22372226-22372382:+	1.0	1.0	1.0	1.0
PyK:3R:22369282-22369565:22370778-22372167:22372226-22372382:+	1.0	1.0	1.0	1.0
PyK:3R:22370778-22372167:22372226-22372382:22372469-22372746:+	1.0	1.0	1.0	1.0
REPTOR-BP:2L:10264125-10264264:10264549-10264633:10264764-10264885:+	1.0	1.0	1.0	1.0
REPTOR-BP:2L:10264125-10264264:10264549-10264633:10264764-10264889:+	1.0	1.0	1.0	1.0
REPTOR-BP:2L:10264125-10264264:10264552-10264633:10264764-10264885:+	1.0	1.0	1.0	1.0
REPTOR-BP:2L:10264125-10264264:10264552-10264633:10264764-10264889:+	1.0	1.0	1.0	1.0
REPTOR-BP:2L:10264549-10264633:10264764-10264885:10264947-10265111:+	1.0	1.0	1.0	1.0
REPTOR-BP:2L:10264549-10264633:10264764-10264889:10264947-10265229:+	1.0	1.0	1.0	1.0
REPTOR-BP:2L:10264552-10264633:10264764-10264885:10264947-10265229:+	1.0	1.0	1.0	1.0
REPTOR-BP:2L:10264552-10264633:10264764-10264889:10264947-10265114:+	1.0	1.0	1.0	1.0
RIC-3:2R:21020087-21020241:21020993-21021133:21021191-21021317:+	1.0	1.0	1.0	1.0
RIC-3:2R:21020993-21021133:21021191-21021317:21021501-21021521:+	1.0	1.0	1.0	1.0
RIC-3:2R:21020993-21021133:21021191-21021317:21021886-21022133:+	1.0	1.0	1.0	1.0
RIC-3:2R:21020993-21021133:21021191-21021317:21023065-21023165:+	1.0	1.0	1.0	1.0
RIC-3:2R:21021191-21021317:21021501-21021521:21021886-21022133:+	1.0	1.0	0.9655	1.0
RIC-3:2R:21021191-21021317:21021501-21021521:21023065-21023165:+	1.0	1.0	0.9412	0.9111
RIC-3:2R:21021501-21021521:21021886-21022133:21023434-21023586:+	1.0	1.0	1.0	1.0
Rab11:3R:21113946-21114067:21114753-21115101:21115251-21116146:+	1.0	1.0	NA	NA
Rab14:2L:14357520-14357700:14357755-14357937:14358006-14358345:+	1.0	1.0	1.0	1.0
Rab14:2L:14357520-14357700:14357755-14357937:14358006-14358764:+	1.0	1.0	1.0	1.0
Rab26:3L:21333154-21333264:21333350-21333494:21333896-21334190:+	1.0	1.0	1.0	1.0
Rab26:3L:21333154-21333264:21333350-21333494:21333896-21335027:+	1.0	1.0	1.0	1.0
Rab2:2R:6696739-6696929:6697416-6697575:6698049-6698385:+	1.0	1.0	NA	NA
Rab2:2R:6697416-6697575:6698049-6698385:6698446-6698844:+	1.0	1.0	1.0	1.0
Rab2:2R:6697416-6697575:6698049-6698385:6698446-6699469:+	1.0	1.0	1.0	1.0
Rab3-GEF:X:15094070-15094613:15094667-15095028:15095087-15095213:+	1.0	1.0	1.0	NA
Rab3-GEF:X:15094094-15094613:15094667-15095028:15095087-15095213:+	1.0	1.0	1.0	NA
Rab3-GEF:X:15094103-15094613:15094667-15095028:15095087-15095213:+	1.0	1.0	1.0	NA
Rab3-GEF:X:15094667-15095028:15095087-15095213:15096863-15096895:+	1.0	1.0	1.0	NA
Rab3-GEF:X:15094667-15095028:15095087-15095213:15097456-15097550:+	1.0	1.0	1.0	NA
Rab7:3R:23993946-23994181:23994246-23994602:23994664-23995252:+	1.0	NA	NA	1.0
Rab7:3R:23993946-23994181:23994246-23994602:23994664-23995452:+	1.0	NA	NA	1.0
Rad23:4:309539-309633:309694-310017:310079-310302:+	1.0	1.0	1.0	1.0
Rad23:4:309539-309633:309694-310017:310079-310822:+	1.0	1.0	1.0	1.0
Rap2l:2R:24063051-24063573:24064734-24064871:24064993-24065110:+	1.0	1.0	1.0	1.0
Rap2l:2R:24064135-24064229:24064734-24064871:24064993-24065110:+	1.0	1.0	1.0	1.0
Rap2l:2R:24064477-24064657:24064734-24064871:24064993-24065110:+	1.0	1.0	1.0	1.0
Rap2l:2R:24064734-24064871:24064993-24065110:24065183-24065405:+	1.0	1.0	1.0	1.0
Rbfox1:3L:10481412-10481945:10506070-10506563:10568129-10568605:+	1.0	1.0	1.0	1.0
Rbfox1:3L:10517962-10518306:10568129-10568605:10571049-10571246:+	1.0	1.0	NA	NA
Rbfox1:3L:10517962-10518306:10573450-10574154:10574435-10574488:+	NA	1.0	NA	1.0
Rbfox1:3L:10568129-10568605:10573450-10574154:10574435-10574488:+	NA	1.0	NA	1.0
Rbfox1:3L:10571049-10571246:10573450-10574154:10574435-10574488:+	NA	1.0	NA	1.0
Rbfox1:3L:10573450-10574154:10574435-10574488:10575319-10575411:+	NA	1.0	1.0	1.0
Rbfox1:3L:10574435-10574488:10575319-10575411:10576421-10576475:+	NA	1.0	1.0	1.0
Rbfox1:3L:10587627-10587687:10589356-10589516:10590327-10590390:+	1.0	1.0	NA	NA
Rbfox1:3L:10587627-10587687:10590120-10590390:10590521-10590967:+	1.0	1.0	1.0	1.0
Rbfox1:3L:10587843-10587896:10589356-10589516:10590327-10590390:+	1.0	1.0	NA	NA
Rbfox1:3L:10588660-10588731:10589356-10589516:10590327-10590390:+	1.0	1.0	NA	NA
Rbfox1:3L:10589356-10589516:10590327-10590390:10590521-10590925:+	1.0	1.0	1.0	1.0
Rbfox1:3L:10589356-10589516:10590327-10590390:10590521-10590967:+	1.0	1.0	1.0	1.0
Rbfox1:3L:10589356-10589516:10590327-10590390:10590521-10593403:+	1.0	1.0	1.0	1.0
Rbfox1:3L:10589356-10589516:10590327-10590390:10590521-10594012:+	1.0	1.0	1.0	1.0
Rbm13:X:8901880-8901926:8901998-8902811:8903202-8903464:+	1.0	1.0	1.0	1.0
Rbm13:X:8901880-8901926:8901998-8902811:8903202-8903761:+	1.0	1.0	1.0	1.0
Rbp1:3R:10784383-10784480:10784557-10784923:10786158-10786465:+	1.0	1.0	1.0	1.0
Rbp9:2L:2960690-2960835:2960895-2960986:2961218-2961672:+	1.0	1.0	1.0	1.0
Rbp9:2L:2960690-2960839:2960895-2960986:2961218-2961672:+	1.0	1.0	NA	1.0
Rbp9:2L:2960895-2960986:2961218-2961672:2961739-2961996:+	1.0	1.0	1.0	1.0
Rbsn-5:2L:8159832-8160758:8160817-8161427:8161493-8161800:+	1.0	1.0	NA	NA
ReepB:2R:14170462-14170722:14172290-14172522:14172584-14172683:+	1.0	1.0	1.0	1.0
ReepB:2R:14171160-14171451:14172290-14172522:14172584-14172683:+	1.0	1.0	1.0	1.0
ReepB:2R:14171789-14172226:14172290-14172522:14172584-14172683:+	1.0	1.0	1.0	1.0
ReepB:2R:14172290-14172522:14172584-14172683:14172747-14172923:+	1.0	1.0	1.0	1.0
ReepB:2R:14172290-14172522:14172584-14172683:14172747-14172998:+	1.0	1.0	1.0	1.0
RfC3:2L:10419991-10420205:10420268-10420345:10420401-10420612:+	1.0	1.0	1.0	1.0
Rgk3:2R:21276518-21276606:21278395-21278575:21278692-21278825:+	1.0	1.0	1.0	1.0
Rgk3:2R:21278395-21278575:21278692-21278825:21278983-21279093:+	1.0	1.0	1.0	1.0
Rgk3:2R:21278395-21278575:21278692-21278825:21279799-21280373:+	1.0	1.0	1.0	1.0
Rgk3:2R:21278395-21278575:21278692-21278825:21279799-21280995:+	1.0	1.0	1.0	1.0
Rh50:3L:4918320-4918514:4918596-4918689:4918759-4918861:+	1.0	1.0	NA	NA
Rh50:3L:4918320-4918514:4918596-4918689:4918759-4919022:+	1.0	1.0	NA	NA
Rh50:3L:4918596-4918689:4918759-4918861:4919101-4919399:+	1.0	1.0	1.0	NA
Rh50:3L:4918596-4918689:4918759-4918861:4919101-4920198:+	1.0	1.0	1.0	NA
Rh50:3L:4918596-4918689:4918759-4918861:4919517-4920198:+	1.0	1.0	NA	NA
Rho1:2R:16102687-16102820:16103611-16103774:16105033-16105182:+	1.0	1.0	1.0	1.0
Rho1:2R:16102687-16102892:16103611-16103774:16105033-16105182:+	1.0	1.0	1.0	1.0
Rho1:2R:16102687-16102949:16103611-16103774:16105033-16105182:+	1.0	1.0	1.0	1.0
Rho1:2R:16103097-16103308:16103611-16103774:16105033-16105182:+	1.0	1.0	1.0	1.0
Rho1:2R:16103466-16103774:16105033-16105182:16105717-16105797:+	1.0	1.0	1.0	1.0
Rho1:2R:16103611-16103774:16105033-16105182:16105717-16105797:+	1.0	1.0	1.0	1.0
Rho1:2R:16105033-16105182:16105717-16105797:16105860-16106489:+	1.0	1.0	1.0	1.0
Rho1:2R:16105033-16105182:16105717-16105797:16105860-16107229:+	1.0	1.0	1.0	1.0
RhoGAP102A:4:254997-257404:258312-258466:258528-258672:+	NA	1.0	NA	1.0
RhoGAP102A:4:258312-258466:258528-258672:259278-259370:+	NA	1.0	NA	1.0
RhoGAP102A:4:261777-262062:263206-263340:264352-264429:+	1.0	1.0	1.0	1.0
RhoGAP102A:4:263206-263340:264352-264429:264486-264670:+	1.0	1.0	1.0	1.0
RhoGAP102A:4:263206-263340:264352-264429:264528-264670:+	1.0	1.0	1.0	1.0
RhoGEF3:3L:277437-277755:278178-278331:278401-281056:+	1.0	1.0	1.0	NA
RhoGEF3:3L:291314-291397:298959-299016:300895-301681:+	1.0	1.0	NA	NA
RhoGEF3:3L:292692-293185:298959-299016:300895-301681:+	1.0	1.0	NA	NA
Rlip:3R:21017684-21017874:21017942-21018074:21018130-21019014:+	0.9845	0.9883	1.0	1.0
Rlip:3R:21017684-21017874:21017942-21018074:21018133-21019014:+	1.0	1.0	1.0	1.0
Rlip:3R:21017942-21018074:21018130-21019014:21019445-21020753:+	1.0	1.0	1.0	1.0
Rlip:3R:21017942-21018074:21018133-21019014:21019445-21020753:+	1.0	1.0	1.0	1.0
RluA-2:2L:10482043-10482233:10482285-10482574:10482637-10482786:+	1.0	1.0	NA	NA
RluA-2:2L:10482285-10482574:10482625-10482786:10482845-10482975:+	1.0	1.0	1.0	1.0
RluA-2:2L:10482285-10482574:10482637-10482786:10482845-10482975:+	1.0	1.0	1.0	1.0
Ror:2L:10253668-10254115:10254193-10254325:10254385-10254686:+	1.0	1.0	1.0	1.0
RpL11:2R:19442443-19442489:19442618-19442740:19442801-19443098:+	1.0	1.0	NA	NA
RpL11:2R:19442618-19442740:19442801-19443098:19443313-19443518:+	1.0	1.0	1.0	1.0
RpL11:2R:19442618-19442740:19442801-19443098:19443313-19443825:+	1.0	1.0	1.0	1.0
RpL12:2R:24060454-24060574:24060676-24060749:24060813-24060993:+	1.0	1.0	1.0	1.0
RpL12:2R:24060513-24060574:24060676-24060749:24060813-24060993:+	1.0	1.0	1.0	1.0
RpL12:2R:24060676-24060749:24060813-24060993:24061150-24061413:+	1.0	1.0	1.0	1.0
RpL12:2R:24060676-24060749:24060813-24060993:24061150-24061860:+	1.0	1.0	1.0	1.0
RpL13:2L:9967313-9967358:9967617-9967877:9967939-9968247:+	1.0	1.0	NA	NA
RpL13:2L:9967330-9967358:9967617-9967877:9967939-9968247:+	1.0	1.0	NA	NA
RpL13:2L:9967330-9967877:9967939-9968247:9968317-9968645:+	1.0	1.0	1.0	1.0
RpL13:2L:9967617-9967877:9967939-9968247:9968317-9968491:+	1.0	1.0	1.0	1.0
RpL13A:3R:5624474-5624520:5624890-5625130:5625514-5625947:+	1.0	1.0	1.0	1.0
RpL14:3L:8601006-8601037:8601314-8601415:8601648-8601842:+	1.0	1.0	1.0	1.0
RpL14:3L:8601314-8601415:8601648-8601842:8602103-8602392:+	1.0	1.0	1.0	1.0
RpL15:3L:27267255-27267283:27267514-27267918:27268092-27268445:+	1.0	1.0	1.0	1.0
RpL15:3L:27267255-27267283:27267608-27267918:27268092-27268445:+	1.0	1.0	1.0	1.0
RpL15:3L:27267255-27267455:27267592-27267918:27268092-27268445:+	1.0	1.0	1.0	1.0
RpL15:3L:27267255-27267523:27267592-27267918:27268092-27268445:+	1.0	1.0	1.0	1.0
RpL15:3L:27267256-27267283:27267592-27267918:27268092-27268445:+	1.0	1.0	1.0	1.0
RpL15:3L:27267256-27267455:27267514-27267918:27268092-27268445:+	1.0	1.0	1.0	1.0
RpL15:3L:27267256-27267459:27267592-27267918:27268092-27268445:+	1.0	1.0	1.0	1.0
RpL23:2R:22854383-22854412:22854480-22854529:22854647-22854858:+	1.0	1.0	NA	1.0
RpL23:2R:22854480-22854529:22854647-22854858:22855445-22855694:+	1.0	1.0	1.0	1.0
RpL29:2R:21293768-21293789:21293850-21293874:21294054-21294161:+	0.9867	0.996	0.9902	0.9839
RpL29:2R:21293768-21293789:21294054-21294161:21294231-21294404:+	1.0	1.0	1.0	1.0
RpL29:2R:21293768-21293874:21294054-21294161:21294231-21294404:+	1.0	1.0	1.0	1.0
RpL29:2R:21293850-21293874:21294054-21294161:21294231-21294404:+	1.0	1.0	1.0	1.0
RpL31:2R:9587193-9587228:9587447-9587706:9587777-9587989:+	1.0	1.0	1.0	1.0
RpL31:2R:9587235-9587283:9587447-9587706:9587777-9587989:+	1.0	1.0	1.0	1.0
RpL31:2R:9587235-9587338:9587447-9587706:9587777-9587989:+	1.0	1.0	1.0	1.0
RpL35:X:5672401-5672522:5672998-5673134:5673217-5673547:+	1.0	1.0	1.0	1.0
RpL35:X:5672480-5672522:5672998-5673134:5673217-5673543:+	1.0	1.0	1.0	1.0
RpL35:X:5672734-5672875:5672998-5673134:5673217-5673543:+	1.0	1.0	1.0	1.0
RpL37A:2L:5070957-5071030:5071103-5071157:5071227-5071355:+	1.0	1.0	1.0	1.0
RpL37A:2L:5071000-5071030:5071103-5071157:5071227-5071355:+	1.0	1.0	1.0	1.0
RpL37A:2L:5071000-5071157:5071227-5071355:5071609-5071904:+	1.0	1.0	1.0	1.0
RpL37A:2L:5071103-5071157:5071227-5071355:5071609-5071904:+	1.0	1.0	1.0	1.0
RpL37A:2L:5071103-5071157:5071227-5071355:5071609-5072055:+	1.0	1.0	1.0	1.0
RpL3:3R:11223088-11223530:11223858-11224247:11224491-11224944:+	1.0	1.0	1.0	1.0
RpL3:3R:11223395-11223530:11223858-11224247:11224491-11224944:+	1.0	1.0	1.0	1.0
RpL3:3R:11223395-11223530:11223858-11224247:11224491-11225173:+	1.0	1.0	1.0	1.0
RpL7-like:2L:12056326-12056432:12056499-12057147:12057215-12057416:+	1.0	1.0	1.0	1.0
RpL7-like:2L:12056348-12056432:12056499-12057147:12057215-12057416:+	1.0	1.0	1.0	1.0
RpL7-like:2L:12056348-12056432:12056499-12057147:12057215-12058251:+	1.0	1.0	1.0	1.0
RpL7:2L:10201004-10201148:10201230-10201528:10201599-10202321:+	1.0	1.0	NA	NA
RpL7:2L:10201100-10201148:10201230-10201528:10201599-10202145:+	1.0	1.0	NA	NA
RpL8:3L:2587456-2587513:2587751-2587890:2588084-2588883:+	1.0	1.0	NA	NA
RpS12:3L:13023352-13023393:13023483-13023525:13023732-13023866:+	1.0	1.0	NA	NA
RpS12:3L:13023483-13023525:13023732-13023866:13024370-13024762:+	1.0	1.0	1.0	1.0
RpS14b:X:7934898-7934932:7935175-7935439:7935499-7935792:+	1.0	1.0	1.0	1.0
RpS16:2R:22606021-22606169:22606247-22606288:22606509-22606640:+	1.0	1.0	NA	NA
RpS16:2R:22606127-22606169:22606247-22606288:22606509-22606640:+	1.0	1.0	NA	NA
RpS16:2R:22606247-22606288:22606509-22606640:22606934-22607048:+	1.0	1.0	1.0	1.0
RpS16:2R:22606509-22606640:22606934-22607048:22607755-22607995:+	1.0	1.0	1.0	1.0
RpS18:2R:20264070-20264110:20264247-20264432:20264493-20264848:+	1.0	1.0	1.0	1.0
RpS18:2R:20264076-20264110:20264247-20264432:20264493-20264848:+	1.0	1.0	1.0	1.0
RpS20:3R:20822181-20822273:20822418-20822573:20822802-20822891:+	1.0	1.0	1.0	1.0
RpS20:3R:20822418-20822573:20822802-20822891:20823132-20823356:+	1.0	1.0	1.0	1.0
RpS21:2L:2856070-2856175:2856247-2856305:2856377-2856705:+	1.0	1.0	1.0	1.0
RpS21:2L:2856111-2856175:2856223-2856305:2856377-2856568:+	1.0	1.0	1.0	1.0
RpS21:2L:2856111-2856175:2856247-2856305:2856377-2856568:+	1.0	1.0	1.0	1.0
RpS21:2L:2856223-2856305:2856377-2856568:2856631-2856705:+	1.0	1.0	1.0	1.0
RpS21:2L:2856247-2856305:2856377-2856568:2856631-2856672:+	1.0	1.0	1.0	1.0
RpS21:2L:2856247-2856305:2856377-2856568:2856631-2856705:+	1.0	1.0	1.0	1.0
RpS21:2L:2856247-2856305:2856377-2856568:2856631-2857029:+	1.0	1.0	1.0	1.0
RpS21:2L:2856377-2856568:2856631-2856672:2856769-2857029:+	1.0	1.0	1.0	1.0
RpS27A:2L:10408352-10408386:10409711-10410051:10410241-10410456:+	1.0	1.0	1.0	1.0
RpS29:3R:9778042-9778196:9778619-9778718:9778777-9779528:+	1.0	1.0	1.0	1.0
RpS29:3R:9778097-9778196:9778619-9778718:9778777-9779078:+	1.0	1.0	1.0	1.0
RpS30:3R:20850516-20850627:20850855-20850943:20851031-20851427:+	1.0	1.0	1.0	1.0
RpS30:3R:20850597-20850627:20850855-20850943:20851031-20851427:+	1.0	1.0	1.0	1.0
RpS4:3L:13042110-13042368:13042442-13042539:13043166-13043337:+	1.0	1.0	NA	NA
RpS4:3L:13042442-13042539:13043166-13043337:13043574-13043905:+	1.0	1.0	1.0	1.0
RpS4:3L:13042442-13042539:13043166-13043337:13043574-13044234:+	1.0	1.0	1.0	1.0
RpS8:3R:29862199-29862305:29862785-29863196:29863415-29863583:+	1.0	1.0	1.0	1.0
RpS8:3R:29862199-29862305:29862785-29863196:29863415-29863902:+	1.0	1.0	1.0	1.0
Rpp25:2R:6691882-6692063:6692120-6692236:6692293-6692590:+	1.0	1.0	1.0	1.0
Rpp25:2R:6691882-6692063:6692120-6692236:6692293-6693162:+	1.0	1.0	1.0	1.0
Rs1:2R:8163564-8163767:8164941-8165048:8165107-8165931:+	1.0	1.0	NA	NA
Rs1:2R:8164880-8165048:8165107-8165931:8166116-8166848:+	1.0	1.0	NA	NA
Rs1:2R:8164941-8165048:8165107-8165931:8166116-8166848:+	1.0	1.0	NA	NA
Rs1:2R:8166116-8166848:8166909-8167452:8167514-8167769:+	1.0	1.0	1.0	1.0
RyR:2R:8867004-8867081:8867145-8867533:8867598-8868122:+	1.0	1.0	NA	NA
RyR:2R:8867145-8867533:8867598-8868122:8868182-8868306:+	1.0	1.0	NA	NA
S6KL:X:18790958-18791081:18791146-18791244:18791301-18791459:+	1.0	1.0	1.0	1.0
S6KL:X:18791146-18791244:18791301-18791459:18793759-18793847:+	1.0	1.0	1.0	1.0
SA1:2L:6953434-6953724:6953787-6954327:6954393-6954586:+	1.0	1.0	1.0	1.0
SCAR:2L:10980445-10981112:10981179-10981428:10981487-10981854:+	1.0	1.0	1.0	1.0
SCAR:2L:10980445-10981112:10981179-10981428:10981487-10982293:+	1.0	1.0	1.0	1.0
SCAR:2L:10980445-10981112:10981179-10981428:10981487-10982395:+	1.0	1.0	1.0	1.0
SK:X:5383063-5383379:5383542-5383646:5388242-5388377:+	1.0	1.0	NA	NA
SK:X:5383063-5383379:5383542-5383646:5394053-5394188:+	1.0	1.0	NA	NA
SK:X:5383542-5383646:5394053-5394188:5396184-5396294:+	1.0	0.7778	NA	NA
SK:X:5388242-5388377:5396184-5396294:5396473-5396600:+	1.0	1.0	NA	NA
SK:X:5388242-5388377:5396184-5396294:5396473-5397118:+	1.0	1.0	NA	NA
SK:X:5394053-5394188:5396184-5396294:5396473-5396600:+	1.0	1.0	NA	NA
SK:X:5396184-5396294:5396473-5396600:5398065-5398134:+	1.0	1.0	NA	NA
SKIP:3R:22133830-22134451:22142174-22142223:22149367-22149422:+	NA	1.0	1.0	1.0
SKIP:3R:22133835-22134451:22142174-22142223:22149367-22149422:+	NA	1.0	1.0	1.0
SKIP:3R:22142174-22142223:22149367-22149422:22173932-22174727:+	NA	1.0	1.0	1.0
SKIP:3R:22278352-22278626:22278706-22278755:22279229-22279335:+	1.0	1.0	NA	NA
SKIP:3R:22278706-22278755:22279229-22279335:22280799-22280885:+	1.0	1.0	NA	NA
SLC22A:3L:21937139-21937242:21937303-21938254:21938320-21938636:+	1.0	1.0	NA	NA
SMC1:3R:24058287-24058799:24058855-24059003:24059062-24059230:+	1.0	1.0	1.0	1.0
SMC1:3R:24058855-24059003:24059062-24059230:24059289-24060311:+	1.0	1.0	1.0	1.0
SMC1:3R:24059062-24059230:24059289-24060311:24060375-24060944:+	1.0	1.0	NA	1.0
SMC1:3R:24061857-24062360:24062421-24062598:24062660-24062815:+	1.0	1.0	1.0	1.0
SMC5:3L:21569176-21569452:21569521-21569893:21569957-21570135:+	1.0	1.0	NA	NA
SMC5:3L:21569252-21569452:21569521-21569893:21569957-21570135:+	1.0	1.0	NA	NA
SMC5:3L:21569521-21569893:21569957-21570135:21570257-21570503:+	1.0	1.0	1.0	1.0
SMC5:3L:21569957-21570135:21570257-21570503:21570556-21570654:+	1.0	1.0	1.0	1.0
SMC5:3L:21569957-21570135:21570257-21570503:21570720-21571007:+	1.0	1.0	1.0	1.0
SMC5:3L:21572976-21573133:21573190-21573307:21573368-21573523:+	1.0	1.0	NA	1.0
SMC5:3L:21573003-21573133:21573190-21573307:21573368-21573523:+	1.0	1.0	NA	1.0
SNF4Agamma:3R:21140739-21141311:21154890-21155071:21155233-21155387:+	1.0	1.0	NA	NA
SNF4Agamma:3R:21154890-21155071:21155233-21155387:21178278-21178399:+	1.0	1.0	NA	NA
SNF4Agamma:3R:21178580-21179204:21179268-21179390:21185548-21185584:+	1.0	1.0	1.0	1.0
SNF4Agamma:3R:21179268-21179390:21185548-21185584:21202452-21202585:+	1.0	1.0	1.0	1.0
SNF4Agamma:3R:21185013-21185308:21185548-21185584:21202452-21202585:+	1.0	1.0	1.0	NA
SNF4Agamma:3R:21185548-21185584:21202452-21202585:21207619-21207667:+	1.0	1.0	1.0	NA
SP2353:2R:16038052-16038457:16040143-16040259:16040892-16041711:+	1.0	1.0	NA	NA
SP2353:2R:16040143-16040259:16040892-16041711:16041919-16042037:+	1.0	1.0	NA	NA
SP2353:2R:16043599-16045013:16045079-16045180:16045287-16045390:+	1.0	1.0	NA	NA
SP2353:2R:16045079-16045180:16045287-16045390:16045451-16046255:+	1.0	1.0	1.0	1.0
SP2353:2R:16045079-16045180:16045287-16045390:16045451-16047243:+	1.0	1.0	1.0	1.0
SPR:X:5461696-5461748:5478638-5479155:5480833-5480963:+	1.0	1.0	NA	1.0
SPR:X:5464795-5464878:5478638-5479155:5480833-5480963:+	1.0	1.0	NA	1.0
SPR:X:5464795-5464959:5478638-5479155:5480833-5480963:+	1.0	1.0	NA	1.0
SPR:X:5478638-5479155:5480833-5480963:5487374-5487435:+	1.0	1.0	NA	1.0
SPoCk:3L:22749444-22749992:22777111-22778824:22783420-22783735:+	1.0	1.0	NA	NA
STUB1:2L:10437548-10437961:10438041-10438239:10438301-10438442:+	1.0	1.0	NA	1.0
STUB1:2L:10438041-10438239:10438301-10438442:10438591-10438696:+	1.0	1.0	NA	1.0
STUB1:2L:10438301-10438442:10438591-10438696:10438756-10438812:+	1.0	1.0	NA	NA
STUB1:2L:10438591-10438696:10438756-10438812:10438882-10439240:+	1.0	1.0	1.0	1.0
Saf-B:3R:24817464-24817736:24817862-24818350:24818411-24818438:+	1.0	1.0	1.0	1.0
Saf-B:3R:24817862-24818350:24818411-24818438:24818586-24818700:+	1.0	1.0	1.0	1.0
Saf-B:3R:24818411-24818438:24818586-24818700:24818803-24818849:+	1.0	1.0	1.0	NA
Saf-B:3R:24818411-24818438:24818586-24818700:24818803-24820767:+	1.0	1.0	1.0	NA
Saf-B:3R:24818411-24818438:24818586-24818700:24818803-24821246:+	1.0	1.0	1.0	NA
Saf-B:3R:24818586-24818700:24818803-24818849:24819729-24820767:+	1.0	1.0	1.0	NA
Saf-B:3R:24818586-24818700:24818803-24818849:24821097-24821246:+	1.0	NA	1.0	NA
Saf-B:3R:24818586-24818700:24818803-24820767:24821097-24821246:+	1.0	1.0	NA	NA
Sam-S:2L:107761-107838:108588-108809:110406-110483:+	1.0	1.0	1.0	1.0
Sam-S:2L:107761-107956:108588-108809:110406-110483:+	1.0	1.0	1.0	1.0
Sam-S:2L:107765-107838:108588-108809:110406-110483:+	1.0	1.0	1.0	1.0
Sam-S:2L:107937-108101:108588-108809:110406-110483:+	1.0	1.0	1.0	1.0
Sam-S:2L:107937-108226:108588-108809:110406-110483:+	1.0	1.0	1.0	1.0
Sam-S:2L:108089-108226:108588-108809:110406-110483:+	1.0	1.0	1.0	1.0
Sam-S:2L:108133-108226:108588-108809:110406-110483:+	1.0	1.0	1.0	1.0
Sam-S:2L:108133-108346:108588-108809:110406-110483:+	1.0	1.0	1.0	1.0
Sam-S:2L:108588-108809:110406-110483:110755-110877:+	1.0	1.0	1.0	1.0
Sam-S:2L:108588-108809:110406-110483:110755-111337:+	1.0	1.0	1.0	1.0
Sam-S:2L:109594-109793:110406-110483:110755-110877:+	1.0	1.0	1.0	1.0
Sam-S:2L:110406-110483:110755-110877:111005-111117:+	1.0	1.0	1.0	1.0
Sam-S:2L:110406-110483:110755-110877:111907-112019:+	1.0	1.0	1.0	1.0
Sam-S:2L:110406-110483:110755-110877:112690-113369:+	1.0	1.0	1.0	1.0
Sam-S:2L:110755-110877:111907-112019:112690-113369:+	0.7143	0.8462	NA	NA
SamDC:2L:10340867-10340959:10341008-10341163:10341226-10341503:+	1.0	1.0	1.0	1.0
Sap130:3L:12812280-12812450:12812509-12812616:12812680-12813036:+	1.0	1.0	NA	NA
Sap47:3R:15935100-15936340:15951602-15951850:15954158-15954234:+	1.0	1.0	1.0	1.0
Sap47:3R:15935119-15935584:15935953-15936340:15951602-15951841:+	1.0	1.0	1.0	1.0
Sap47:3R:15935119-15935584:15935953-15936340:15951602-15951850:+	1.0	1.0	1.0	1.0
Sap47:3R:15935119-15936340:15944949-15944996:15951602-15951850:+	0.0059	0.0067	0.0112	0.0
Sap47:3R:15935119-15936340:15951602-15951850:15954158-15954234:+	1.0	1.0	1.0	1.0
Sap47:3R:15935831-15936340:15944949-15944996:15951602-15951850:+	0.0059	0.0067	0.0112	0.0
Sap47:3R:15935953-15936340:15951602-15951841:15954158-15954234:+	1.0	1.0	1.0	1.0
Sap47:3R:15935953-15936340:15951602-15951850:15954158-15954255:+	1.0	1.0	1.0	1.0
Sap47:3R:15935977-15936340:15944949-15944996:15951602-15951850:+	0.0059	0.0067	0.0112	0.0
Sap47:3R:15944949-15944996:15951602-15951850:15954158-15954255:+	1.0	1.0	1.0	1.0
Sap47:3R:15951602-15951841:15954158-15954234:15954583-15954683:+	1.0	1.0	1.0	1.0
Sap47:3R:15951602-15951850:15954158-15954234:15954583-15954683:+	1.0	1.0	1.0	1.0
Sap47:3R:15951602-15951850:15954158-15954255:15954583-15954683:+	1.0	1.0	1.0	1.0
Sap47:3R:15954158-15954234:15954583-15954683:15954747-15955021:+	1.0	1.0	1.0	1.0
Sap47:3R:15954158-15954255:15954583-15954683:15954747-15955021:+	1.0	1.0	1.0	NA
Sap47:3R:15954583-15954683:15954747-15955021:15955087-15955205:+	1.0	1.0	1.0	1.0
Sap47:3R:15954747-15955021:15955087-15955205:15955990-15956307:+	1.0	1.0	1.0	1.0
Sap47:3R:15954747-15955021:15955087-15955205:15956865-15957919:+	1.0	1.0	1.0	1.0
Sap47:3R:15954747-15955021:15955087-15955205:15957591-15957919:+	1.0	1.0	1.0	1.0
Sap47:3R:15955087-15955205:15956865-15957919:15959320-15962124:+	1.0	1.0	1.0	1.0
Sap47:3R:15955087-15955205:15957591-15957919:15958934-15959025:+	1.0	1.0	1.0	1.0
Sap47:3R:15955087-15955205:15957591-15957919:15959320-15959548:+	1.0	1.0	1.0	1.0
Sap47:3R:15955087-15955205:15957591-15957919:15959320-15962124:+	1.0	1.0	1.0	1.0
Sap47:3R:15957591-15957919:15958934-15959025:15959320-15962124:+	0.0	0.0	NA	0.0
Sap47:3R:15957591-15957919:15959320-15959548:15959742-15960485:+	1.0	1.0	1.0	1.0
Sar1:3R:22358563-22358628:22359525-22359760:22359837-22360711:+	1.0	1.0	1.0	1.0
Sbp2:3L:8304157-8304686:8304748-8304968:8305022-8305325:+	1.0	1.0	1.0	1.0
Sc2:3L:3904069-3904285:3904506-3904621:3904684-3905035:+	1.0	1.0	1.0	1.0
Scgalpha:2L:8304173-8304577:8304844-8304987:8305052-8305376:+	1.0	1.0	1.0	1.0
Scgalpha:2L:8304662-8304772:8304844-8304987:8305052-8305376:+	1.0	1.0	1.0	1.0
ScpX:2L:18832106-18832296:18832361-18833244:18833305-18833630:+	1.0	1.0	1.0	1.0
Scsalpha1:3L:3816632-3817080:3817437-3817721:3817784-3818154:+	1.0	1.0	1.0	NA
Scsalpha1:3L:3816632-3817080:3817437-3817721:3817784-3818383:+	1.0	1.0	1.0	NA
ScsbetaA:3R:8940922-8941189:8941408-8941832:8941901-8942070:+	1.0	1.0	1.0	1.0
ScsbetaA:3R:8940922-8941189:8941408-8941832:8941901-8942557:+	1.0	1.0	1.0	1.0
ScsbetaA:3R:8941314-8941316:8941408-8941832:8941901-8942070:+	1.0	1.0	1.0	1.0
ScsbetaA:3R:8941314-8941316:8941408-8941832:8941901-8942557:+	1.0	1.0	1.0	1.0
ScsbetaA:3R:8941408-8941832:8941901-8942070:8942678-8943027:+	1.0	1.0	1.0	1.0
Sec10:3R:24136627-24136816:24136886-24137203:24137276-24137538:+	1.0	1.0	1.0	1.0
Sec16:X:12607999-12608528:12608624-12608865:12608935-12609910:+	1.0	1.0	NA	NA
Sec23:3R:5651032-5651185:5651254-5651802:5652381-5652629:+	1.0	1.0	1.0	1.0
Sec23:3R:5651254-5651802:5651981-5652001:5652381-5652629:+	0.0	0.0	0.0	0.0
Sec23:3R:5651254-5651802:5651981-5652004:5652381-5652629:+	0.0	0.0	0.0	0.0
Sec5:2L:3457585-3458199:3458254-3460075:3460133-3460367:+	1.0	1.0	1.0	1.0
Sec61beta:2R:14618771-14618902:14618959-14619170:14619234-14619681:+	1.0	1.0	NA	1.0
SecS:3R:5601733-5601862:5601914-5602930:5602990-5603185:+	1.0	1.0	1.0	1.0
SecS:3R:5601733-5601862:5601960-5602930:5602990-5603185:+	1.0	1.0	1.0	1.0
SecS:3R:5601739-5601862:5601914-5602930:5602990-5603185:+	1.0	1.0	1.0	1.0
Sema1a:2L:8542147-8542212:8544544-8545233:8563739-8564296:+	1.0	1.0	1.0	1.0
Sema1a:2L:8543213-8543418:8544544-8545233:8563739-8564296:+	1.0	1.0	1.0	1.0
Sema1a:2L:8543330-8543674:8544544-8545233:8563739-8564296:+	1.0	1.0	1.0	1.0
Sema1a:2L:8543330-8543715:8544544-8545233:8563739-8564296:+	1.0	1.0	1.0	1.0
Sema1a:2L:8544544-8545233:8563739-8564296:8631027-8631123:+	1.0	1.0	1.0	1.0
Sema2b:2R:16398829-16399421:16420281-16420368:16421681-16421732:+	1.0	1.0	NA	NA
Sema2b:2R:16398923-16399421:16420281-16420368:16421681-16421732:+	1.0	1.0	NA	NA
Sema2b:2R:16420281-16420368:16421681-16421732:16422680-16422748:+	1.0	1.0	1.0	1.0
Sema2b:2R:16421681-16421732:16422680-16422748:16423014-16423124:+	1.0	1.0	1.0	1.0
Sema2b:2R:16421681-16421732:16422680-16422748:16423017-16423124:+	1.0	1.0	1.0	1.0
Sema2b:2R:16427758-16427910:16428424-16428532:16428729-16428822:+	1.0	1.0	1.0	NA
Sema2b:2R:16428424-16428532:16428729-16428822:16429331-16429462:+	1.0	1.0	1.0	1.0
Sema2b:2R:16428424-16428532:16428729-16428822:16429579-16430763:+	1.0	1.0	NA	NA
Sema2b:2R:16428424-16428532:16428729-16428822:16429579-16431758:+	1.0	1.0	NA	NA
Sema2b:2R:16428729-16428822:16429331-16429462:16429579-16430763:+	1.0	1.0	0.8182	1.0
Serinc:3L:16413869-16413978:16414038-16414221:16414284-16414493:+	1.0	1.0	NA	NA
Serinc:3L:16414038-16414221:16414284-16414493:16414794-16414956:+	1.0	1.0	NA	1.0
Serinc:3L:16414038-16414221:16414284-16414493:16414803-16414956:+	1.0	1.0	NA	NA
Serinc:3L:16414038-16414221:16414284-16414493:16414806-16414956:+	1.0	1.0	NA	NA
Serinc:3L:16414038-16414221:16414284-16414493:16414815-16414956:+	1.0	1.0	NA	NA
Serinc:3L:16414038-16414221:16414284-16414493:16414821-16414956:+	1.0	1.0	NA	NA
Serinc:3L:16414284-16414493:16414794-16414956:16415021-16415386:+	1.0	1.0	1.0	1.0
Serinc:3L:16414284-16414493:16414803-16414956:16415021-16415386:+	1.0	1.0	1.0	1.0
Serinc:3L:16414284-16414493:16414806-16414956:16415021-16415386:+	1.0	1.0	1.0	1.0
Serinc:3L:16414284-16414493:16414815-16414956:16415021-16415386:+	1.0	1.0	1.0	1.0
Serinc:3L:16414284-16414493:16414821-16414956:16415021-16415386:+	1.0	1.0	1.0	1.0
Set1:3L:25109278-25109604:25109660-25109909:25109964-25113571:+	1.0	1.0	1.0	1.0
Set1:3L:25109301-25109604:25109660-25109909:25109964-25113571:+	1.0	1.0	1.0	1.0
Set1:3L:25109310-25109604:25109660-25109909:25109964-25113571:+	1.0	1.0	1.0	1.0
Set1:3L:25109324-25109604:25109660-25109909:25109964-25113571:+	1.0	1.0	1.0	1.0
Set1:3L:25109660-25109909:25109964-25113571:25114034-25114667:+	1.0	1.0	NA	1.0
Set1:3L:25109964-25113571:25114034-25114667:25114724-25115180:+	1.0	1.0	NA	NA
Set:3R:15264353-15264542:15264605-15264955:15265019-15265253:+	1.0	1.0	1.0	1.0
Shab:3L:2896743-2896787:2897244-2897429:2923556-2923923:+	1.0	1.0	NA	NA
Shab:3L:2924075-2925476:2940781-2941624:2944023-2946408:+	1.0	1.0	1.0	1.0
Shaw:2L:3722353-3722571:3722653-3723256:3723636-3723764:+	1.0	1.0	1.0	1.0
Shaw:2L:3722653-3723256:3723636-3723764:3724884-3725196:+	1.0	1.0	1.0	1.0
Shaw:2L:3722653-3723256:3723636-3723764:3725656-3725901:+	1.0	1.0	1.0	1.0
Shaw:2L:3722653-3723256:3723636-3723764:3726679-3727587:+	1.0	1.0	1.0	1.0
Shaw:2L:3722653-3723256:3723636-3723764:3726697-3729145:+	1.0	1.0	1.0	1.0
Shaw:2L:3723636-3723764:3725656-3725901:3726679-3727587:+	1.0	1.0	1.0	1.0
Sik3:2R:18688132-18688368:18692041-18692862:18699305-18699640:+	1.0	NA	1.0	1.0
Slip1:4:663855-664340:664988-665305:665951-666932:+	1.0	1.0	1.0	NA
Slip1:4:664988-665305:665951-666932:668420-668574:+	1.0	1.0	1.0	1.0
Slip1:4:664988-665305:665951-666932:669130-669884:+	1.0	1.0	1.0	NA
Slip1:4:665951-666932:668420-668574:669130-669884:+	1.0	NA	0.8824	NA
Snap25:3L:24074180-24074310:24079465-24079558:24131196-24131237:+	1.0	1.0	1.0	1.0
Snap25:3L:24079465-24079558:24131196-24131237:24161131-24161179:+	1.0	1.0	1.0	1.0
Snap25:3L:24079465-24079558:24131196-24131237:24167763-24167811:+	1.0	1.0	1.0	1.0
Snap25:3L:24131196-24131237:24161131-24161179:24210021-24210138:+	0.9973	0.9952	0.9873	1.0
Snap25:3L:24131196-24131237:24167763-24167811:24210021-24210138:+	0.98	0.96	0.8889	1.0
Snap25:3L:24161131-24161179:24210021-24210138:24253793-24253921:+	0.9701	0.9747	0.9439	0.9628
Snap25:3L:24167763-24167811:24210021-24210138:24253793-24253921:+	0.998	0.9945	0.9939	0.9976
Snap25:3L:24210021-24210138:24253793-24253921:24258492-24258636:+	1.0	1.0	1.0	1.0
Snap25:3L:24253793-24253921:24258492-24258636:24297681-24299205:+	0.9858	0.9798	1.0	0.9786
Sodh2:3R:10876900-10877369:10877429-10877647:10877702-10877823:+	1.0	1.0	NA	NA
Sodh2:3R:10877429-10877647:10877702-10877823:10877882-10878257:+	1.0	1.0	1.0	1.0
Spf30:3L:23715023-23715166:23715902-23716320:23716373-23716689:+	1.0	1.0	1.0	1.0
Spf30:3L:23715291-23715717:23715902-23716320:23716373-23716689:+	1.0	1.0	1.0	1.0
SppL:3R:25886307-25886498:25886566-25887019:25887111-25887231:+	1.0	1.0	1.0	1.0
SppL:3R:25886566-25887019:25887111-25887231:25887298-25887564:+	1.0	1.0	1.0	1.0
SppL:3R:25886566-25887019:25887111-25887231:25887298-25888071:+	1.0	1.0	1.0	1.0
SppL:3R:25886566-25887019:25887111-25887231:25887298-25888230:+	1.0	1.0	1.0	1.0
Spt5:2R:19437483-19437581:19437955-19438343:19438407-19438531:+	1.0	1.0	NA	NA
Spt6:X:6268107-6268191:6268767-6268972:6269125-6269244:+	1.0	1.0	1.0	1.0
Spt6:X:6268767-6268972:6269125-6269244:6269314-6269465:+	1.0	1.0	1.0	1.0
Spt6:X:6269125-6269244:6269314-6269465:6269531-6274888:+	1.0	1.0	1.0	1.0
Spt6:X:6269125-6269244:6269314-6269465:6269531-6274984:+	1.0	1.0	1.0	1.0
Sqor:3L:4241494-4241703:4241904-4242090:4242144-4242603:+	1.0	1.0	NA	1.0
Srlp:3R:12434240-12434345:12434417-12435202:12435262-12435643:+	1.0	1.0	1.0	NA
Srp14:3R:20580115-20580192:20580249-20580321:20580390-20580490:+	1.0	1.0	1.0	1.0
Srp14:3R:20580249-20580321:20580390-20580490:20580553-20580764:+	1.0	1.0	1.0	1.0
Srp72:3R:20588998-20590025:20590088-20590770:20590829-20591040:+	1.0	1.0	1.0	1.0
St3:2R:23683729-23684186:23684248-23684320:23684374-23684511:+	1.0	1.0	NA	NA
St3:2R:23683729-23684186:23684248-23684320:23684374-23684654:+	1.0	1.0	NA	NA
Stacl:2R:15424259-15424405:15452857-15453008:15456435-15456559:+	1.0	1.0	NA	1.0
Stacl:2R:15424807-15425666:15452857-15453008:15456435-15456559:+	1.0	1.0	NA	1.0
Stacl:2R:15425228-15426627:15452857-15453008:15456435-15456559:+	1.0	1.0	NA	1.0
Stacl:2R:15452857-15453008:15453741-15453797:15456435-15456559:+	0.0769	0.0667	NA	0.0
Stacl:2R:15452857-15453008:15456435-15456559:15456660-15456815:+	1.0	1.0	1.0	1.0
Stacl:2R:15453741-15453797:15456435-15456559:15456660-15456815:+	1.0	1.0	1.0	1.0
Stacl:2R:15456435-15456559:15456660-15456815:15457748-15457924:+	1.0	1.0	1.0	1.0
Stacl:2R:15456435-15456559:15456660-15456815:15458899-15459267:+	1.0	1.0	1.0	1.0
Stacl:2R:15456435-15456559:15456660-15456815:15460873-15461226:+	1.0	1.0	1.0	1.0
Stacl:2R:15456435-15456559:15456660-15456815:15463298-15463846:+	1.0	1.0	1.0	1.0
Start1:2R:24576566-24577107:24577153-24577299:24577366-24577676:+	1.0	1.0	NA	NA
Start1:2R:24576566-24577107:24577176-24577299:24577366-24577676:+	1.0	1.0	NA	NA
Stlk:2R:4546691-4547054:4560361-4560789:4562845-4563081:+	1.0	1.0	0.9861	1.0
Stlk:2R:4560361-4560789:4562845-4563081:4564434-4564987:+	0.9683	1.0	1.0	1.0
Stlk:2R:4560361-4560789:4562845-4563081:4564434-4565281:+	0.9683	1.0	1.0	1.0
Stoml2:2R:23950245-23950389:23950454-23950569:23952153-23952459:+	1.0	1.0	1.0	1.0
Strump:3L:16122524-16125351:16125412-16125783:16125846-16126052:+	1.0	1.0	1.0	NA
Strump:3L:16122596-16125351:16125412-16125783:16125846-16126052:+	1.0	1.0	1.0	NA
Su(z)2:2R:12999799-13000051:13000144-13000384:13000927-13004383:+	1.0	1.0	NA	NA
Svip:3L:9358999-9359187:9359246-9359416:9359476-9359747:+	1.0	1.0	1.0	1.0
Svip:3L:9358999-9359187:9359246-9359416:9359476-9359996:+	1.0	1.0	1.0	1.0
Syp:3R:20791937-20792249:20792314-20792555:20795139-20795274:+	1.0	1.0	1.0	1.0
Syp:3R:20792314-20792555:20795139-20795274:20797144-20797277:+	1.0	0.9333	1.0	0.8462
Syp:3R:20793716-20793851:20797144-20797277:20797345-20797473:+	1.0	1.0	1.0	1.0
Syp:3R:20795139-20795274:20797144-20797277:20797345-20797473:+	1.0	1.0	1.0	1.0
Syp:3R:20797144-20797277:20797345-20797473:20797536-20797676:+	1.0	1.0	1.0	1.0
Syp:3R:20797345-20797473:20797536-20797676:20797747-20797853:+	1.0	1.0	1.0	1.0
Syp:3R:20797536-20797676:20797747-20797853:20798315-20798409:+	1.0	1.0	NA	NA
Syp:3R:20797747-20797853:20798315-20798409:20800017-20800300:+	1.0	1.0	NA	NA
Syp:3R:20797747-20797853:20798315-20798409:20802290-20802551:+	1.0	1.0	NA	NA
Syp:3R:20797747-20797853:20798315-20798409:20805947-20806223:+	1.0	1.0	1.0	1.0
Syp:3R:20797747-20797853:20798315-20798409:20805947-20810726:+	1.0	1.0	1.0	1.0
Sys1:3R:8652975-8653285:8653359-8653477:8653546-8653847:+	1.0	1.0	NA	NA
Sys1:3R:8653011-8653285:8653356-8653477:8653546-8653847:+	1.0	1.0	NA	NA
Sys1:3R:8653011-8653285:8653359-8653477:8653546-8653847:+	1.0	1.0	NA	NA
Syt4:3R:7267669-7268855:7269055-7269129:7269193-7270809:+	1.0	1.0	NA	NA
Sytalpha:2L:17594665-17594996:17600941-17601148:17601453-17601843:+	1.0	NA	NA	1.0
Syx13:3L:13044434-13044565:13044918-13045595:13046217-13046894:+	1.0	1.0	NA	NA
Syx13:3L:13044638-13044849:13044918-13045595:13046217-13046894:+	1.0	1.0	NA	NA
Syx6:2R:11219934-11220621:11220928-11221629:11221784-11222338:+	1.0	1.0	1.0	1.0
Syx6:2R:11220464-11220621:11220928-11221629:11221784-11222110:+	1.0	1.0	1.0	1.0
Syx6:2R:11220464-11220621:11220928-11221629:11221784-11222480:+	1.0	1.0	1.0	1.0
TBC1d7:3R:24161727-24162391:24162452-24162683:24162740-24163215:+	1.0	1.0	NA	1.0
TM4SF:2R:23878507-23879812:23879875-23880060:23880154-23880354:+	1.0	1.0	1.0	1.0
TM4SF:2R:23879624-23879812:23879875-23880060:23880154-23880354:+	1.0	1.0	1.0	1.0
TM4SF:2R:23879875-23880060:23880154-23880354:23880431-23880860:+	1.0	1.0	1.0	1.0
TMEM216:3R:8716896-8717341:8717849-8718371:8719804-8720339:+	1.0	1.0	NA	NA
TMEM216:3R:8716896-8717341:8717849-8718371:8719804-8721320:+	1.0	1.0	NA	NA
TMEM216:3R:8716901-8717341:8717849-8718371:8719804-8720339:+	1.0	1.0	NA	NA
TP53INP:3L:4407145-4407384:4417820-4418494:4418782-4419172:+	1.0	1.0	1.0	1.0
TP53INP:3L:4407145-4407384:4417820-4418494:4418782-4419262:+	1.0	1.0	1.0	1.0
TP53INP:3L:4418680-4419172:4419429-4419663:4419740-4420266:+	1.0	1.0	1.0	1.0
TP53INP:3L:4418782-4419172:4419429-4419663:4419740-4420073:+	1.0	1.0	1.0	1.0
TP53INP:3L:4418782-4419172:4419429-4419663:4419740-4420266:+	1.0	1.0	1.0	1.0
TP53INP:3L:4418782-4419172:4419429-4419663:4419740-4420648:+	1.0	1.0	1.0	1.0
TP53INP:3L:4418782-4419262:4419429-4419663:4419740-4420266:+	1.0	1.0	NA	1.0
TSG101:3L:16843510-16843730:16843792-16844138:16844207-16844585:+	1.0	1.0	1.0	NA
TTLL4A:2L:10993743-10994021:10997335-10997425:10997493-10997700:+	1.0	1.0	1.0	NA
Tace:3R:30002447-30003010:30003073-30003178:30003252-30003414:+	1.0	1.0	NA	1.0
Tace:3R:30003073-30003178:30003252-30003414:30003480-30003678:+	1.0	1.0	1.0	1.0
Tango10:X:11721199-11722183:11722251-11722408:11722534-11723854:+	1.0	1.0	1.0	1.0
Tdrd3:3L:14786934-14787018:14787093-14789213:14789319-14789665:+	1.0	1.0	NA	NA
Ten-a:X:12197186-12197255:12204139-12204409:12229666-12230370:+	1.0	1.0	1.0	1.0
Ten-a:X:12203798-12203878:12204139-12204409:12229666-12230370:+	1.0	1.0	1.0	1.0
Ten-a:X:12203798-12203978:12204139-12204409:12229666-12230370:+	1.0	1.0	1.0	1.0
Ten-a:X:12203798-12203984:12204139-12204409:12229666-12230370:+	1.0	1.0	1.0	1.0
Ten-a:X:12203798-12203996:12204139-12204409:12229666-12230370:+	1.0	1.0	1.0	1.0
Ten-a:X:12204139-12204409:12229666-12230370:12273935-12274240:+	1.0	1.0	1.0	1.0
TfIIA-L:3R:27255456-27255663:27255726-27255970:27256034-27256463:+	1.0	1.0	NA	NA
TfIIEalpha:3L:11682038-11682222:11682301-11683407:11683476-11683805:+	1.0	1.0	1.0	1.0
TfIIEbeta:3L:4287464-4287626:4287687-4287977:4288034-4288349:+	1.0	1.0	1.0	1.0
TfIIFalpha:3R:6380467-6380619:6380686-6381605:6381682-6382269:+	1.0	1.0	1.0	1.0
TfIIFalpha:3R:6380686-6381605:6381682-6382269:6382328-6382604:+	1.0	1.0	1.0	1.0
Tfb1:2R:14363973-14364935:14364996-14365171:14365227-14365473:+	1.0	1.0	1.0	1.0
Tif-IA:2L:22253746-22253921:22257653-22257902:22257960-22258260:+	1.0	1.0	1.0	1.0
Tim17b:3R:3734855-3735166:3735269-3735446:3744836-3745306:+	1.0	1.0	1.0	1.0
Tim17b:3R:3734929-3735166:3735269-3735446:3744836-3745306:+	1.0	1.0	1.0	1.0
Tim9a:X:13385210-13385396:13385500-13385595:13385661-13385893:+	1.0	1.0	1.0	1.0
Tim9a:X:13385265-13385396:13385500-13385595:13385661-13385893:+	1.0	1.0	1.0	1.0
Tlk:X:3720007-3720322:3721376-3721647:3781655-3783559:+	1.0	1.0	1.0	1.0
Tlk:X:3720007-3720513:3721376-3721647:3781655-3783559:+	1.0	1.0	1.0	1.0
Tm1:3R:15299277-15299347:15300747-15300822:15301011-15301073:+	1.0	1.0	1.0	1.0
Tm1:3R:15300110-15300180:15300747-15300822:15301011-15301073:+	1.0	1.0	1.0	1.0
Tm1:3R:15300747-15300822:15301011-15301073:15303153-15303222:+	1.0	1.0	1.0	1.0
Tm1:3R:15301011-15301073:15303153-15303222:15305178-15305981:+	1.0	1.0	1.0	1.0
Tm1:3R:15301011-15301073:15303153-15303222:15306341-15307125:+	1.0	1.0	1.0	1.0
Tm1:3R:15301011-15301073:15303153-15303222:15307590-15307980:+	1.0	1.0	1.0	1.0
Tm1:3R:15301011-15301073:15303153-15303222:15307590-15308779:+	1.0	1.0	1.0	1.0
Tm1:3R:15301011-15301073:15303153-15303222:15308031-15308236:+	1.0	1.0	1.0	1.0
Tm1:3R:15301011-15301073:15303153-15303222:15308031-15308779:+	1.0	1.0	1.0	1.0
Tm1:3R:15301624-15301686:15303153-15303222:15308031-15308779:+	1.0	1.0	1.0	1.0
Tmem18:2R:12436120-12436256:12436321-12436438:12436514-12436662:+	1.0	1.0	NA	NA
Tmem18:2R:12436321-12436438:12436514-12436662:12436719-12436990:+	1.0	1.0	1.0	1.0
Tmtc2:2L:922793-923219:930065-930423:950492-950578:+	1.0	1.0	1.0	1.0
Tmtc2:2L:930065-930423:950492-950578:951587-952142:+	1.0	1.0	1.0	1.0
Tom20:3L:20000991-20001296:20001361-20001436:20001850-20002446:+	1.0	1.0	NA	NA
Tom20:3L:20001088-20001296:20001361-20001436:20001850-20002307:+	1.0	1.0	NA	NA
Tom40:X:7737873-7738135:7738382-7738799:7738901-7739572:+	1.0	1.0	NA	1.0
Tom40:X:7737873-7738135:7738382-7738799:7738901-7739978:+	1.0	1.0	NA	1.0
Tomosyn:X:12631605-12631813:12633913-12633957:12635732-12636283:+	0.8667	0.7333	NA	0.8182
Tomosyn:X:12631605-12631813:12633918-12633957:12635732-12636283:+	0.8824	0.75	0.8182	0.8333
Tomosyn:X:12633549-12633957:12635732-12636283:12636539-12636636:+	1.0	1.0	NA	NA
Tomosyn:X:12633627-12633957:12635732-12636283:12636539-12636636:+	1.0	1.0	NA	NA
Tomosyn:X:12633913-12633957:12635732-12636283:12636539-12636636:+	1.0	1.0	NA	NA
Tomosyn:X:12633918-12633957:12635732-12636283:12636539-12636636:+	1.0	1.0	NA	NA
Tomosyn:X:12638344-12638525:12638593-12639075:12639154-12639296:+	1.0	1.0	1.0	NA
Tomosyn:X:12638593-12639075:12639154-12639296:12640662-12640839:+	1.0	1.0	1.0	1.0
Tomosyn:X:12651479-12651598:12651675-12652124:12652241-12652349:+	1.0	1.0	NA	NA
Tomosyn:X:12651675-12652124:12652241-12652349:12652415-12652501:+	1.0	1.0	NA	NA
Tomosyn:X:12652569-12652664:12652739-12652863:12652947-12653341:+	1.0	1.0	NA	NA
Tomosyn:X:12652569-12652664:12652739-12652863:12652947-12653442:+	1.0	1.0	NA	NA
Tpr2:2L:16505496-16505948:16506008-16506852:16506929-16507234:+	1.0	1.0	NA	NA
Tpr2:2L:16505496-16505948:16506008-16506852:16506929-16507350:+	1.0	1.0	NA	NA
Tpr2:2L:16505496-16505948:16506008-16506852:16506929-16507621:+	1.0	1.0	NA	NA
Tpst:X:13563823-13564333:13575902-13576182:13576612-13577664:+	1.0	1.0	1.0	1.0
Tpst:X:13563823-13564333:13575902-13576376:13576612-13577664:+	1.0	1.0	1.0	1.0
Tpst:X:13585691-13585827:13585894-13586092:13589922-13590570:+	1.0	1.0	1.0	NA
Tpst:X:13585691-13585827:13585894-13586092:13589922-13593224:+	1.0	1.0	1.0	NA
Treh:2R:21085448-21086725:21086790-21087412:21087781-21087853:+	1.0	1.0	NA	NA
Treh:2R:21085448-21086725:21086790-21087412:21087781-21087858:+	1.0	1.0	NA	NA
Treh:2R:21086790-21087412:21087781-21087853:21088338-21088945:+	1.0	1.0	NA	NA
Treh:2R:21086790-21087412:21087781-21087858:21087938-21088226:+	1.0	1.0	1.0	1.0
Trf2:X:8409272-8409341:8410282-8410689:8418351-8418426:+	1.0	1.0	1.0	1.0
Trf2:X:8409272-8409364:8410277-8410689:8418351-8418426:+	1.0	1.0	1.0	1.0
Trf2:X:8410277-8410689:8418351-8418426:8423184-8423575:+	1.0	0.9615	1.0	1.0
Trf2:X:8410277-8410689:8418351-8418426:8423184-8423669:+	1.0	0.9615	1.0	1.0
Trf2:X:8410282-8410689:8418351-8418426:8423184-8423575:+	1.0	0.9615	1.0	1.0
Trf2:X:8418351-8418426:8423184-8423575:8423728-8424035:+	1.0	1.0	1.0	1.0
Trf2:X:8418351-8418426:8423184-8423669:8423728-8424035:+	1.0	1.0	1.0	1.0
Trm1:2L:12428143-12428597:12428661-12429740:12429798-12430021:+	1.0	1.0	1.0	1.0
Trm7-32:3R:17040682-17040967:17041023-17041705:17041763-17041895:+	1.0	1.0	1.0	1.0
Trp1:2L:10009381-10009536:10010737-10011552:10011607-10011908:+	1.0	1.0	1.0	1.0
Trp1:2L:10009381-10009536:10010737-10011552:10011607-10012118:+	1.0	1.0	1.0	1.0
Trp1:2L:10010737-10011552:10011607-10011908:10012400-10013170:+	1.0	NA	1.0	1.0
Tsf1:X:18388574-18389669:18389732-18390116:18390180-18390344:+	1.0	1.0	1.0	1.0
Tsp39D:2L:21355477-21355594:21356104-21356682:21356740-21358271:+	1.0	1.0	1.0	1.0
Tsp42Ej:2R:7041569-7041730:7041785-7042147:7042580-7042762:+	1.0	1.0	1.0	1.0
Tsp42Ek:2R:7043946-7044107:7044209-7044403:7044460-7044710:+	1.0	1.0	1.0	1.0
Tsp66E:3L:8928016-8928144:8930380-8930739:8930800-8932065:+	1.0	1.0	1.0	1.0
Txl:3L:5765846-5766375:5766433-5766716:5766776-5767084:+	1.0	1.0	1.0	1.0
UQCR-11:3L:25120709-25120796:25120894-25120985:25121044-25121297:+	1.0	1.0	1.0	1.0
UQCR-11:3L:25120749-25120818:25120878-25120985:25121044-25121371:+	1.0	1.0	1.0	1.0
UQCR-11:3L:25120749-25120818:25120894-25120985:25121044-25121297:+	1.0	1.0	1.0	1.0
UQCR-11:3L:25120749-25120818:25120894-25120985:25121618-25121813:+	1.0	1.0	1.0	1.0
UQCR-14:X:16286288-16286449:16286565-16286612:16286676-16286988:+	1.0	1.0	1.0	1.0
UQCR-C1:3R:14891353-14891723:14891785-14891876:14891951-14892387:+	1.0	1.0	NA	1.0
UQCR-Q:3L:17474761-17474834:17474894-17475135:17475410-17475594:+	1.0	1.0	1.0	1.0
UQCR-Q:3L:17474761-17474834:17474923-17475135:17475410-17475594:+	1.0	1.0	1.0	1.0
UQCR-Q:3L:17474894-17475135:17475410-17475594:17475651-17475803:+	1.0	1.0	1.0	1.0
UQCR-Q:3L:17474923-17475135:17475410-17475594:17475651-17475803:+	1.0	1.0	1.0	1.0
UQCR-Q:3L:17475049-17475135:17475410-17475594:17475651-17475803:+	1.0	1.0	1.0	1.0
UQCR-Q:3L:17475049-17475135:17475410-17475594:17475651-17476124:+	1.0	1.0	1.0	1.0
Ube4A:2L:6658517-6659318:6659379-6659761:6659828-6662033:+	1.0	1.0	1.0	1.0
Uck:3R:24290172-24290627:24290742-24290887:24290945-24291042:+	1.0	1.0	1.0	1.0
Uck:3R:24290742-24290887:24290945-24291042:24291104-24291152:+	1.0	1.0	1.0	1.0
Uck:3R:24290945-24291042:24291104-24291152:24291512-24292251:+	1.0	1.0	1.0	1.0
Uck:3R:24290945-24291042:24291104-24291152:24291512-24292541:+	1.0	1.0	1.0	1.0
Uck:3R:24290945-24291042:24291104-24291152:24291512-24292599:+	1.0	1.0	1.0	1.0
Uck:3R:24290945-24291042:24291104-24291152:24292838-24292969:+	1.0	1.0	1.0	1.0
Uck:3R:24291104-24291152:24291512-24292541:24292597-24292730:+	1.0	1.0	1.0	1.0
Uck:3R:24291104-24291152:24291512-24292541:24292600-24292730:+	1.0	1.0	1.0	1.0
Uhg1:2R:17699097-17699168:17699351-17699444:17699858-17699897:+	1.0	1.0	NA	NA
Uhg1:2R:17699097-17699168:17699351-17699449:17699858-17699897:+	1.0	1.0	NA	NA
Uhg1:2R:17699351-17699449:17699858-17699897:17700081-17700185:+	1.0	1.0	NA	NA
Uhg1:2R:17701596-17701649:17701834-17701894:17702075-17702125:+	1.0	1.0	1.0	NA
Uhg1:2R:17701834-17701894:17702075-17702125:17702315-17702369:+	1.0	1.0	1.0	1.0
Uhg1:2R:17702075-17702125:17702315-17702369:17702547-17702598:+	1.0	1.0	1.0	1.0
Uhg1:2R:17702315-17702369:17702547-17702598:17702779-17702841:+	1.0	1.0	1.0	1.0
Uhg1:2R:17702547-17702598:17702779-17702841:17703021-17703064:+	1.0	1.0	1.0	1.0
Uhg1:2R:17702779-17702841:17703021-17703064:17703244-17703344:+	1.0	1.0	1.0	1.0
Uhg3:2L:20647533-20647788:20647964-20648013:20648189-20648248:+	1.0	1.0	1.0	1.0
Uhg3:2L:20647533-20647788:20647964-20648013:20648189-20648479:+	1.0	1.0	1.0	1.0
Uhg3:2L:20647533-20648013:20648189-20648248:20648420-20648479:+	1.0	1.0	1.0	1.0
Uhg3:2L:20647964-20648013:20648189-20648248:20648420-20648479:+	1.0	1.0	1.0	1.0
Uhg3:2L:20647964-20648013:20648189-20648479:20648785-20648848:+	1.0	1.0	1.0	1.0
Uhg3:2L:20648189-20648248:20648420-20648479:20648785-20648848:+	0.9692	1.0	1.0	1.0
Uhg4:2R:9095273-9095339:9095578-9095629:9095898-9095958:+	1.0	1.0	NA	NA
Uhg4:2R:9095578-9095629:9095898-9095958:9096150-9096202:+	1.0	1.0	1.0	1.0
Uhg4:2R:9095898-9095958:9096150-9096202:9096383-9096438:+	1.0	1.0	1.0	1.0
Uhg4:2R:9096150-9096202:9096383-9096438:9096671-9096735:+	0.9834	0.978	0.983	0.9833
Uhg4:2R:9096383-9096438:9096671-9096735:9096926-9096991:+	1.0	1.0	1.0	1.0
Uhg4:2R:9096671-9096735:9096926-9096991:9097242-9097312:+	1.0	0.9906	1.0	1.0
Uhg5:2R:14622240-14622294:14622713-14622766:14622945-14623004:+	1.0	1.0	NA	1.0
Uhg5:2R:14622478-14622531:14622713-14622766:14622945-14623004:+	1.0	1.0	1.0	1.0
Uhg5:2R:14622713-14622766:14622945-14623004:14623189-14623245:+	1.0	1.0	1.0	1.0
Uhg5:2R:14622945-14623004:14623189-14623245:14623417-14623469:+	1.0	1.0	1.0	1.0
Uhg5:2R:14623189-14623245:14623417-14623469:14623687-14623731:+	1.0	1.0	1.0	1.0
Uhg5:2R:14623417-14623469:14623687-14623731:14623920-14623978:+	1.0	1.0	1.0	1.0
Uhg5:2R:14623687-14623731:14623920-14623978:14624157-14624220:+	1.0	1.0	1.0	1.0
Uhg5:2R:14623920-14623978:14624157-14624220:14624403-14624498:+	1.0	1.0	1.0	1.0
Usp2:X:22467296-22467618:22467716-22467865:22467922-22468000:+	1.0	1.0	NA	NA
Usp2:X:22467716-22467865:22467922-22468000:22468112-22468429:+	1.0	1.0	1.0	1.0
Usp2:X:22467716-22467865:22467922-22468000:22468112-22468475:+	1.0	1.0	1.0	1.0
Usp2:X:22467716-22467865:22467922-22468000:22468112-22470146:+	1.0	1.0	1.0	1.0
Usp47:3L:5760675-5760801:5760860-5760930:5760985-5761118:+	1.0	1.0	NA	NA
Usp47:3L:5760860-5760930:5760985-5761118:5761174-5761419:+	1.0	1.0	1.0	1.0
Usp47:3L:5760860-5760930:5760985-5761118:5761174-5761886:+	1.0	1.0	1.0	1.0
VGlut:2L:2400295-2400350:2401107-2401333:2401890-2402294:+	1.0	1.0	NA	NA
VGlut:2L:2400751-2400965:2401107-2401333:2401890-2402294:+	1.0	1.0	1.0	1.0
Vap33:X:3948975-3949372:3949481-3949713:3951415-3951567:+	1.0	1.0	1.0	1.0
Vap33:X:3949265-3949372:3949481-3949713:3951415-3951567:+	1.0	1.0	1.0	1.0
Vap33:X:3951829-3952041:3952108-3952221:3952767-3954086:+	1.0	1.0	1.0	1.0
Vap33:X:3951829-3952041:3952108-3952221:3952767-3955442:+	1.0	1.0	1.0	1.0
Vap33:X:3952003-3952041:3952108-3952221:3952767-3954086:+	1.0	1.0	1.0	1.0
Vha100-1:3R:29137076-29137286:29137352-29137523:29137584-29137975:+	1.0	1.0	NA	1.0
Vha100-1:3R:29137076-29137286:29137352-29137523:29137584-29137980:+	1.0	1.0	NA	1.0
Vha26:3R:5591763-5591830:5591929-5592038:5592568-5592780:+	1.0	1.0	1.0	1.0
Vha26:3R:5591763-5592038:5592568-5592780:5592859-5593185:+	1.0	1.0	NA	NA
Vha26:3R:5591929-5592038:5592568-5592780:5592859-5593185:+	1.0	1.0	NA	NA
Vha26:3R:5592568-5592780:5592859-5593185:5593247-5594699:+	1.0	1.0	1.0	1.0
Vha26:3R:5592568-5592780:5592859-5593185:5593247-5595356:+	1.0	1.0	1.0	1.0
Vha68-2:2L:12976126-12976823:12976932-12977909:12977977-12978607:+	1.0	1.0	NA	NA
VhaM9.7-b:3L:21539862-21540082:21540153-21540200:21540269-21540698:+	1.0	1.0	1.0	1.0
VhaM9.7-b:3L:21539862-21540082:21540153-21540200:21540269-21541215:+	1.0	1.0	1.0	1.0
Vkor:2R:16778365-16778534:16778590-16778684:16778740-16778994:+	NA	1.0	NA	1.0
Vps16A:3R:9268942-9269225:9269294-9269883:9269944-9270224:+	1.0	1.0	1.0	1.0
Vps4:X:17908808-17909669:17909781-17910009:17910078-17910717:+	1.0	1.0	1.0	1.0
Vps4:X:17908808-17909669:17909781-17910009:17910078-17911097:+	1.0	1.0	1.0	1.0
Vti1b:3R:18396995-18397503:18399812-18399950:18400011-18400339:+	1.0	1.0	1.0	1.0
Wbp2:3L:12850498-12850797:12850915-12851153:12852427-12852521:+	1.0	1.0	NA	1.0
Wbp2:3L:12850915-12851153:12852427-12852521:12852616-12852716:+	1.0	1.0	1.0	1.0
Wbp2:3L:12851309-12851722:12852232-12852277:12852427-12852521:+	1.0	1.0	NA	NA
Wbp2:3L:12851309-12851722:12852232-12852277:12852427-12852528:+	1.0	1.0	NA	NA
Wbp2:3L:12851309-12851722:12852616-12852716:12852781-12853169:+	1.0	1.0	1.0	1.0
Wbp2:3L:12852232-12852277:12852427-12852521:12852616-12852716:+	1.0	0.8519	1.0	1.0
Wbp2:3L:12852232-12852277:12852427-12852528:12852616-12852716:+	NA	0.8182	1.0	NA
Wbp2:3L:12852232-12852277:12852616-12852716:12852781-12853169:+	1.0	1.0	1.0	1.0
Wbp2:3L:12852427-12852521:12852616-12852716:12852781-12853169:+	1.0	1.0	1.0	1.0
Wbp2:3L:12852427-12852528:12852616-12852716:12852781-12853169:+	1.0	1.0	1.0	1.0
X11Lbeta:X:10706952-10707082:10708067-10708834:10708896-10709036:+	1.0	1.0	1.0	1.0
X11Lbeta:X:10707817-10707822:10708067-10708834:10708896-10709036:+	1.0	1.0	1.0	1.0
X11Lbeta:X:10708067-10708834:10708896-10709036:10709088-10710626:+	1.0	1.0	1.0	1.0
X11Lbeta:X:10708067-10708834:10708896-10709036:10709088-10710947:+	1.0	1.0	1.0	1.0
Xrp1:3R:18918260-18918625:18919423-18919512:18920413-18921319:+	1.0	1.0	1.0	1.0
Xrp1:3R:18918260-18918625:18919423-18919512:18925078-18925796:+	1.0	1.0	1.0	1.0
YL-1:2L:10970443-10970687:10970748-10970880:10970957-10971257:+	1.0	1.0	NA	NA
YL-1:2L:10970748-10970880:10970957-10971257:10971317-10971870:+	1.0	1.0	NA	NA
YL-1:2L:10970748-10970880:10970957-10971257:10971317-10972093:+	1.0	1.0	NA	NA
Zcchc7:3L:16845386-16845509:16845568-16845889:16847161-16849314:+	1.0	1.0	1.0	1.0
Zcchc7:3L:16845568-16845889:16847161-16849314:16849377-16849576:+	1.0	1.0	1.0	1.0
Zir:2L:101016-101194:101249-101619:101876-102086:+	1.0	1.0	1.0	1.0
ZnT49B:2R:12654768-12655096:12655149-12655223:12655284-12655397:+	1.0	1.0	NA	NA
ZnT49B:2R:12655149-12655223:12655284-12655397:12655462-12655743:+	1.0	1.0	1.0	1.0
ab:2L:11210678-11210725:11211768-11211963:11225694-11225884:+	1.0	1.0	1.0	1.0
ab:2L:11210678-11210747:11211768-11211963:11225694-11225884:+	1.0	1.0	1.0	1.0
ab:2L:11210678-11210773:11211768-11211963:11225694-11225884:+	1.0	1.0	1.0	1.0
ab:2L:11211768-11211963:11225694-11225884:11235275-11236066:+	1.0	1.0	1.0	1.0
ab:2L:11211797-11211963:11225694-11225884:11235275-11236066:+	1.0	1.0	1.0	1.0
ab:2L:11225694-11225884:11235275-11236066:11236204-11236798:+	1.0	1.0	1.0	1.0
ab:2L:11225694-11225884:11235275-11236066:11236204-11236828:+	1.0	1.0	1.0	1.0
akirin:3L:7371707-7372072:7372163-7372519:7372581-7372783:+	1.0	1.0	1.0	1.0
akirin:3L:7371707-7372072:7372163-7372519:7372581-7373711:+	1.0	1.0	1.0	1.0
akirin:3L:7371732-7372072:7372163-7372519:7372581-7372783:+	1.0	1.0	1.0	1.0
alph:3R:29593094-29594163:29594227-29594344:29597241-29597346:+	1.0	1.0	1.0	1.0
alph:3R:29593272-29594163:29594227-29594344:29597241-29597346:+	1.0	1.0	1.0	1.0
alph:3R:29594227-29594344:29596488-29596571:29597241-29597346:+	0.0	0.0	0.0	0.0
alph:3R:29594227-29594344:29597241-29597346:29597419-29597473:+	1.0	1.0	1.0	1.0
alph:3R:29596488-29596571:29597241-29597346:29597419-29597473:+	1.0	1.0	1.0	1.0
alph:3R:29597241-29597346:29597419-29597473:29597776-29597908:+	1.0	1.0	1.0	1.0
alph:3R:29597241-29597346:29597419-29597473:29598164-29599231:+	1.0	1.0	1.0	1.0
alph:3R:29597241-29597346:29597419-29597473:29604510-29604581:+	1.0	1.0	1.0	1.0
alph:3R:29597419-29597473:29597776-29597908:29598164-29598942:+	0.5309	0.566	0.3023	0.28
alph:3R:29597419-29597473:29597776-29597908:29598164-29599234:+	0.5309	0.566	0.3023	0.28
alphaSnap:3L:20313632-20313884:20314608-20314923:20314983-20315303:+	1.0	1.0	1.0	1.0
alphaSnap:3L:20314608-20314923:20314983-20315303:20315398-20316577:+	1.0	1.0	1.0	1.0
anne:4:132220-132287:133186-133231:133588-133713:+	1.0	1.0	1.0	1.0
anne:4:132220-132287:133186-133231:133588-134964:+	1.0	1.0	1.0	1.0
anne:4:132220-132287:133186-133235:133588-134964:+	1.0	1.0	1.0	1.0
anne:4:133186-133231:133588-133713:133795-133924:+	1.0	1.0	1.0	1.0
anne:4:133186-133231:133588-133713:134671-134964:+	1.0	1.0	1.0	1.0
anne:4:133186-133231:133588-134964:136879-137167:+	1.0	1.0	1.0	1.0
anne:4:133186-133235:133588-134964:136879-137167:+	1.0	1.0	1.0	1.0
anne:4:133588-133713:134671-134964:136879-137167:+	1.0	1.0	NA	NA
anne:4:133588-134964:136879-137167:137223-137332:+	1.0	1.0	1.0	NA
anne:4:134671-134964:136879-137167:137223-137332:+	1.0	1.0	1.0	NA
anne:4:134766-134964:136879-137167:137223-137332:+	1.0	1.0	1.0	NA
anne:4:134825-134964:136879-137167:137223-137332:+	1.0	1.0	1.0	NA
anne:4:136272-136777:136879-137167:137223-137332:+	NA	1.0	1.0	NA
anne:4:136691-136777:136879-137167:137223-137332:+	NA	1.0	1.0	NA
anne:4:136879-137167:137223-137332:137391-137752:+	0.5556	0.8537	1.0	0.5714
anne:4:137223-137332:137391-137752:137807-138310:+	NA	1.0	1.0	NA
apolpp:4:1073439-1075557:1075616-1075736:1075792-1076204:+	1.0	1.0	NA	NA
apolpp:4:1073439-1075557:1075616-1075736:1075792-1077273:+	1.0	1.0	NA	NA
ash2:3R:24652310-24652590:24652782-24653039:24653098-24653376:+	1.0	1.0	1.0	1.0
asrij:2R:22886398-22886702:22886759-22887248:22887310-22887578:+	1.0	1.0	1.0	1.0
asrij:2R:22886561-22886702:22886759-22887248:22887307-22887578:+	1.0	1.0	1.0	1.0
atms:3R:4750035-4750054:4750794-4750886:4750949-4751076:+	1.0	1.0	1.0	1.0
atms:3R:4750794-4750886:4750949-4751076:4775575-4775779:+	1.0	1.0	1.0	1.0
aux:3R:4218247-4218314:4221118-4221317:4221756-4221986:+	1.0	1.0	1.0	1.0
aux:3R:4220986-4221317:4221756-4221986:4222058-4222197:+	1.0	1.0	1.0	1.0
aux:3R:4221118-4221317:4221756-4221986:4222058-4222197:+	1.0	1.0	1.0	1.0
babo:2R:8952339-8953029:8953103-8953417:8954734-8954851:+	1.0	1.0	NA	NA
bai:3R:25039701-25039821:25039886-25039956:25040022-25040148:+	1.0	1.0	1.0	1.0
bai:3R:25039886-25039956:25040022-25040148:25040212-25040443:+	1.0	1.0	1.0	1.0
beat-IIIb:2L:16973091-16973697:16976490-16977050:16984610-16984818:+	1.0	1.0	1.0	1.0
beat-IV:3R:23557412-23557873:23567515-23567952:23573426-23574105:+	1.0	1.0	NA	NA
beat-IV:3R:23576038-23576171:23578570-23578798:23578879-23580077:+	1.0	1.0	1.0	1.0
beat-Ic:2L:16000291-16001254:16013953-16014288:16032380-16032591:+	1.0	1.0	1.0	1.0
beat-Ic:2L:16000520-16001254:16013953-16014288:16032380-16032591:+	1.0	1.0	1.0	1.0
beat-Vb:3R:12933341-12933474:12933534-12933834:12934395-12934813:+	1.0	1.0	NA	NA
beta-Spec:X:17668276-17668382:17668497-17668663:17668751-17669371:+	1.0	1.0	1.0	1.0
beta4GalT7:3R:25023256-25023466:25023528-25024149:25024217-25024482:+	1.0	1.0	1.0	1.0
bi:X:4427135-4427539:4428198-4429498:4450688-4450801:+	1.0	1.0	1.0	1.0
bi:X:4428198-4429498:4450688-4450801:4450877-4451030:+	1.0	1.0	1.0	NA
bi:X:4428198-4429498:4450688-4450801:4450877-4451039:+	1.0	1.0	1.0	NA
bi:X:4450688-4450801:4450877-4451030:4478148-4478294:+	1.0	1.0	1.0	NA
bi:X:4450688-4450801:4450877-4451039:4478148-4478294:+	1.0	1.0	1.0	NA
bif:X:11678970-11679289:11680844-11681114:11681718-11684254:+	1.0	1.0	NA	NA
bin3:2R:6214568-6214751:6233266-6234307:6234769-6236059:+	NA	1.0	1.0	1.0
blw:2R:22799896-22800476:22800569-22801370:22801483-22802180:+	1.0	1.0	1.0	1.0
br:X:1636096-1636549:1636639-1636912:1637000-1637139:+	1.0	1.0	NA	NA
br:X:1636639-1636912:1637000-1637139:1637284-1637334:+	1.0	1.0	1.0	1.0
br:X:1637000-1637139:1637284-1637334:1642885-1645162:+	1.0	1.0	1.0	NA
br:X:1637000-1637139:1637284-1637334:1643068-1645162:+	1.0	1.0	1.0	NA
br:X:1637000-1637139:1637284-1637334:1647365-1649378:+	1.0	1.0	1.0	1.0
br:X:1637000-1637139:1637284-1637334:1647365-1653062:+	1.0	1.0	1.0	1.0
br:X:1637000-1637139:1637284-1637334:1654392-1655625:+	1.0	1.0	1.0	NA
br:X:1637000-1637139:1637284-1637334:1654392-1655990:+	1.0	1.0	1.0	NA
br:X:1637000-1637139:1637284-1637334:1658788-1661839:+	1.0	1.0	1.0	NA
br:X:1637000-1637139:1637284-1637334:1658788-1664869:+	1.0	1.0	1.0	NA
brat:2L:19133816-19134276:19145794-19145844:19166085-19166358:+	1.0	1.0	1.0	1.0
brat:2L:19145794-19145844:19166085-19166358:19168095-19171251:+	NA	1.0	1.0	1.0
brat:2L:19145794-19145844:19166085-19166358:19168095-19171852:+	NA	1.0	1.0	1.0
brp:2R:9505004-9505468:9507863-9508253:9508927-9509170:+	1.0	NA	NA	1.0
brp:2R:9533802-9535568:9535841-9536092:9536152-9536594:+	1.0	1.0	NA	NA
brp:2R:9535841-9536092:9536152-9536594:9536805-9536939:+	1.0	1.0	NA	NA
bru1:2L:12175004-12175420:12271591-12272084:12278837-12278919:+	1.0	1.0	1.0	NA
bru1:2L:12201326-12201771:12271591-12272084:12278837-12278919:+	1.0	1.0	1.0	NA
bru1:2L:12205843-12206130:12271591-12272084:12278837-12278919:+	1.0	1.0	1.0	NA
bru1:2L:12222197-12222337:12240868-12241780:12271591-12272084:+	NA	NA	1.0	1.0
bru1:2L:12222197-12222337:12271591-12272084:12278837-12278919:+	1.0	1.0	1.0	NA
bru1:2L:12240868-12241780:12271591-12272084:12278837-12278919:+	1.0	1.0	1.0	NA
bru1:2L:12270932-12271347:12271591-12272084:12278837-12278919:+	1.0	1.0	1.0	NA
bru1:2L:12271591-12272084:12278837-12278919:12282514-12282562:+	1.0	1.0	1.0	NA
bru1:2L:12310682-12311093:12312376-12312465:12312526-12312795:+	1.0	1.0	NA	NA
bru1:2L:12310682-12311093:12312376-12312465:12312526-12313438:+	1.0	1.0	NA	NA
bves:X:21054546-21054742:21060492-21061557:21075365-21075522:+	1.0	1.0	NA	NA
bys:X:7902367-7903159:7903216-7903335:7903398-7903643:+	1.0	1.0	1.0	1.0
c12.2:X:9321603-9323714:9323768-9324202:9324260-9324458:+	1.0	1.0	NA	NA
caz:X:16288810-16288957:16289027-16289158:16289226-16289322:+	1.0	1.0	NA	NA
caz:X:16289027-16289158:16289226-16289322:16291057-16291091:+	1.0	1.0	1.0	1.0
caz:X:16289027-16289158:16289226-16289322:16291941-16292110:+	1.0	1.0	NA	NA
caz:X:16289226-16289322:16291057-16291091:16291941-16292110:+	1.0	NA	0.6471	NA
cg:2R:14179109-14179254:14179313-14179931:14180422-14180819:+	1.0	1.0	NA	1.0
cg:2R:14179112-14179254:14179313-14179931:14180422-14180819:+	1.0	1.0	NA	1.0
cg:2R:14179313-14179931:14180422-14180819:14181211-14182838:+	NA	1.0	NA	1.0
chinmo:2L:1651258-1651712:1652775-1653835:1690117-1690755:+	1.0	1.0	1.0	1.0
chn:2R:15138509-15138981:15139079-15140095:15140471-15140677:+	1.0	1.0	1.0	1.0
chn:2R:15138509-15138981:15139079-15140095:15140471-15140721:+	1.0	1.0	1.0	1.0
chn:2R:15139079-15140095:15140471-15140677:15140974-15141300:+	1.0	1.0	1.0	1.0
chn:2R:15139079-15140095:15140471-15140677:15140983-15141300:+	1.0	1.0	1.0	1.0
chrb:3L:11494090-11494732:11494846-11494956:11495017-11499055:+	1.0	1.0	1.0	1.0
cic:3R:20252770-20252916:20253627-20253853:20287949-20289160:+	1.0	NA	NA	1.0
cic:3R:20297097-20298532:20298596-20299010:20299081-20299408:+	1.0	1.0	NA	NA
cic:3R:20298384-20298532:20298596-20299010:20299081-20299408:+	1.0	1.0	NA	NA
cic:3R:20298596-20299010:20299081-20299408:20299465-20299631:+	1.0	1.0	NA	NA
cic:3R:20298596-20299010:20299081-20299408:20299468-20299631:+	1.0	1.0	NA	NA
cic:3R:20299953-20300152:20300217-20300412:20300635-20301377:+	1.0	1.0	NA	NA
cin:X:257480-257642:257982-258080:258142-258413:+	1.0	1.0	1.0	1.0
cin:X:257480-257642:257982-258080:258142-258469:+	1.0	1.0	1.0	1.0
cindr:3R:30824278-30824886:30824955-30826026:30826718-30827005:+	1.0	1.0	NA	1.0
cl:2L:5520135-5520235:5520287-5520545:5520619-5520700:+	1.0	1.0	1.0	1.0
cl:2L:5520135-5520235:5520302-5520545:5520619-5520700:+	1.0	1.0	1.0	1.0
cl:2L:5520260-5520545:5520619-5520700:5521136-5521382:+	1.0	1.0	1.0	1.0
cl:2L:5520287-5520545:5520619-5520700:5521136-5521382:+	1.0	1.0	1.0	1.0
cl:2L:5520302-5520545:5520619-5520700:5521136-5521382:+	1.0	1.0	1.0	1.0
conu:2R:4749446-4749513:4754500-4754670:4756171-4756259:+	1.0	1.0	1.0	NA
conu:2R:4754500-4754670:4756171-4756259:4756316-4756588:+	1.0	1.0	1.0	1.0
conu:2R:4756655-4757165:4757236-4757748:4757802-4758048:+	1.0	1.0	1.0	1.0
cora:2R:19236267-19236419:19236485-19236843:19236942-19237063:+	1.0	1.0	1.0	1.0
cora:2R:19236485-19236843:19236942-19237063:19237328-19237441:+	1.0	1.0	1.0	1.0
cora:2R:19236485-19236843:19236942-19237063:19237340-19237441:+	1.0	1.0	1.0	1.0
cora:2R:19236485-19236843:19236942-19237063:19237742-19237771:+	1.0	1.0	1.0	1.0
cora:2R:19236485-19236843:19236942-19237063:19238152-19238314:+	1.0	1.0	1.0	1.0
cora:2R:19236942-19237063:19237328-19237441:19238152-19238314:+	0.8235	0.7273	1.0	0.8857
cora:2R:19242704-19242859:19243069-19243179:19243255-19243751:+	1.0	1.0	NA	NA
cpx:3R:4280221-4280356:4282674-4282834:4284226-4284406:+	0.9954	1.0	0.9914	1.0
cpx:3R:4280385-4280430:4282674-4282834:4284226-4284406:+	1.0	1.0	1.0	1.0
cpx:3R:4280385-4280469:4282674-4282834:4284226-4284406:+	1.0	1.0	1.0	1.0
cpx:3R:4280385-4280822:4282674-4282834:4284226-4284406:+	1.0	1.0	1.0	1.0
cpx:3R:4281705-4281871:4282674-4282834:4284226-4284406:+	1.0	1.0	1.0	1.0
cpx:3R:4281838-4281915:4282674-4282834:4284226-4284406:+	1.0	1.0	1.0	1.0
cpx:3R:4281838-4281930:4282674-4282834:4284226-4284406:+	1.0	1.0	1.0	1.0
cpx:3R:4281838-4282003:4282674-4282834:4284226-4284406:+	1.0	1.0	1.0	1.0
cpx:3R:4282164-4282314:4282674-4282834:4284226-4284406:+	1.0	1.0	1.0	1.0
cpx:3R:4282164-4282482:4282674-4282834:4284226-4284406:+	1.0	1.0	1.0	1.0
cpx:3R:4282625-4282834:4284226-4284406:4288072-4288083:+	1.0	1.0	1.0	1.0
cpx:3R:4282625-4282834:4284226-4284406:4295120-4295286:+	1.0	1.0	1.0	1.0
cpx:3R:4282674-4282834:4284226-4284406:4288072-4288083:+	1.0	1.0	1.0	1.0
cpx:3R:4282674-4282834:4284226-4284406:4295120-4295286:+	1.0	1.0	1.0	1.0
cpx:3R:4282674-4282834:4284226-4284406:4295129-4295286:+	1.0	1.0	1.0	1.0
cpx:3R:4284226-4284406:4288072-4288083:4295120-4295286:+	0.0013	0.0	0.0	0.0
cpx:3R:4284226-4284406:4288072-4288083:4295129-4295286:+	0.0109	0.0051	0.0	0.0
cpx:3R:4284226-4284406:4295120-4295286:4295568-4295700:+	1.0	1.0	1.0	1.0
cpx:3R:4284226-4284406:4295120-4295286:4295568-4304604:+	1.0	1.0	1.0	1.0
cpx:3R:4284226-4284406:4295129-4295286:4295568-4295700:+	1.0	1.0	1.0	1.0
cpx:3R:4288072-4288083:4295120-4295286:4295568-4295700:+	1.0	1.0	1.0	1.0
cpx:3R:4288072-4288083:4295129-4295286:4295568-4295700:+	1.0	1.0	1.0	1.0
cpx:3R:4291738-4292072:4295120-4295286:4295568-4295700:+	1.0	1.0	1.0	1.0
cpx:3R:4291738-4292072:4295129-4295286:4295568-4295700:+	1.0	1.0	1.0	1.0
cpx:3R:4291738-4292269:4295120-4295286:4295568-4295700:+	1.0	1.0	1.0	1.0
cpx:3R:4291738-4292269:4295120-4295286:4295568-4296962:+	1.0	1.0	1.0	1.0
cpx:3R:4294862-4294944:4295120-4295286:4295568-4295700:+	1.0	1.0	1.0	1.0
cpx:3R:4295120-4295286:4295568-4295700:4297488-4298585:+	1.0	1.0	1.0	1.0
cpx:3R:4295120-4295286:4295568-4295700:4297488-4304604:+	1.0	1.0	1.0	1.0
cpx:3R:4295120-4295286:4295568-4295700:4302526-4304604:+	1.0	1.0	1.0	1.0
cpx:3R:4295129-4295286:4295568-4295700:4297488-4298585:+	1.0	1.0	1.0	1.0
cpx:3R:4295129-4295286:4295568-4295700:4297488-4301541:+	1.0	1.0	1.0	1.0
cpx:3R:4295568-4295700:4297488-4298585:4299790-4301541:+	0.9843	0.9852	1.0	0.9733
cpx:3R:4295568-4295700:4297488-4298585:4302526-4304604:+	0.9535	1.0	1.0	0.9623
crc:2L:21312098-21312208:21318127-21318419:21318485-21319527:+	1.0	1.0	NA	NA
crc:2L:21312125-21312208:21318127-21318419:21318485-21319527:+	1.0	1.0	NA	NA
crc:2L:21314360-21315538:21318127-21318419:21318485-21319527:+	1.0	1.0	NA	NA
cry:3R:19213484-19213827:19213984-19214903:19215140-19215442:+	1.0	1.0	NA	NA
ctp:X:4687800-4688028:4691637-4691844:4698297-4699456:+	1.0	1.0	1.0	1.0
ctp:X:4688203-4688317:4691637-4691844:4698297-4699456:+	1.0	1.0	1.0	1.0
ctp:X:4688203-4688317:4691637-4691844:4698297-4702034:+	1.0	1.0	1.0	1.0
ctp:X:4688203-4688672:4691637-4691844:4698297-4702034:+	1.0	1.0	1.0	1.0
cyp33:2R:17545222-17545489:17545554-17545937:17545994-17546166:+	1.0	1.0	NA	1.0
cyp33:2R:17545554-17545937:17545994-17546166:17546240-17546400:+	1.0	1.0	1.0	1.0
cype:2L:5327227-5327286:5327503-5327676:5327744-5327905:+	1.0	1.0	1.0	1.0
cype:2L:5327227-5327286:5327503-5327676:5327744-5327969:+	1.0	1.0	1.0	1.0
cype:2L:5327289-5327350:5327503-5327676:5327744-5327905:+	1.0	1.0	1.0	1.0
d4:2R:5263948-5263995:5294622-5294712:5294797-5295063:+	1.0	1.0	1.0	NA
d4:2R:5294063-5294712:5294797-5295057:5295116-5295965:+	1.0	1.0	1.0	NA
d4:2R:5294063-5294712:5294797-5295060:5295116-5295965:+	1.0	1.0	1.0	NA
d4:2R:5294063-5294712:5294797-5295063:5295116-5295965:+	1.0	1.0	1.0	NA
d4:2R:5294622-5294712:5294797-5295063:5295116-5295965:+	1.0	1.0	1.0	NA
dally:3L:8888652-8888859:8888924-8889062:8889164-8890153:+	1.0	1.0	NA	NA
dally:3L:8888652-8888859:8888924-8889062:8889164-8891192:+	1.0	1.0	NA	NA
dj-1beta:3R:30807117-30807284:30807348-30807667:30807734-30807978:+	1.0	1.0	1.0	1.0
dlg1:X:11369665-11369799:11373817-11374510:11376842-11376973:+	1.0	1.0	1.0	1.0
dlg1:X:11405560-11405842:11405904-11405995:11406072-11407751:+	1.0	1.0	NA	NA
dlg1:X:11405560-11405842:11405904-11405995:11406072-11407985:+	1.0	1.0	NA	NA
dlg1:X:11405560-11405842:11405904-11405995:11406072-11408338:+	1.0	1.0	NA	NA
dlg1:X:11405560-11405842:11405904-11405995:11406072-11409776:+	1.0	1.0	NA	NA
dnc:X:3176440-3176685:3189534-3190576:3244735-3244854:+	1.0	1.0	NA	1.0
dnc:X:3256068-3256211:3256287-3256317:3258611-3258878:+	0.1494	0.0556	0.1017	0.1183
dnc:X:3256068-3256211:3258611-3258878:3279947-3281155:+	1.0	1.0	1.0	1.0
dnc:X:3256068-3256211:3258614-3258878:3279947-3281155:+	1.0	NA	1.0	1.0
dnc:X:3256287-3256317:3258611-3258878:3279947-3281155:+	1.0	NA	1.0	1.0
dnc:X:3338215-3338377:3338448-3338816:3338970-3339327:+	1.0	1.0	1.0	1.0
dnc:X:3338215-3338377:3338448-3338816:3338970-3343767:+	1.0	1.0	1.0	1.0
dod:X:21345358-21345508:21345620-21345952:21346322-21346858:+	1.0	1.0	1.0	1.0
dpr12:2R:5804712-5805454:5832347-5832377:5846593-5847470:+	0.9101	0.9878	1.0	1.0
dpr12:2R:5832347-5832377:5846593-5847470:5852946-5853070:+	1.0	1.0	1.0	1.0
dpr16:3R:5150908-5151286:5153523-5154097:5165338-5165834:+	NA	1.0	1.0	NA
dpr21:2R:3078966-3079082:3121991-3122084:3182392-3182519:+	1.0	NA	NA	1.0
dpr21:2R:3121991-3122084:3182392-3182519:3190636-3190804:+	0.9518	1.0	0.9189	0.9556
dpr21:2R:3182392-3182519:3190636-3190804:3190861-3191011:+	1.0	1.0	1.0	1.0
dpr5:3R:11504295-11504552:11505274-11505526:11505589-11505951:+	1.0	1.0	NA	NA
dpr8:X:14322226-14322915:14324738-14324858:14355463-14355542:+	0.7877	0.8286	0.6702	0.8111
dpr8:X:14322226-14322915:14355463-14355542:14389605-14389682:+	1.0	1.0	1.0	1.0
dpr8:X:14324738-14324858:14355463-14355542:14389605-14389682:+	1.0	1.0	1.0	1.0
dpr8:X:14389605-14389682:14408206-14408321:14425187-14425356:+	1.0	1.0	NA	NA
dpr8:X:14408206-14408321:14425187-14425356:14444317-14444527:+	1.0	1.0	NA	1.0
drn:3R:9340216-9340274:9354422-9354854:9354925-9355083:+	1.0	1.0	1.0	1.0
drn:3R:9340654-9340769:9354422-9354854:9354925-9355083:+	1.0	1.0	1.0	1.0
drn:3R:9341867-9341925:9342220-9342491:9354422-9354854:+	1.0	1.0	1.0	1.0
drn:3R:9341867-9342003:9342220-9342491:9354422-9354854:+	1.0	1.0	1.0	1.0
drn:3R:9341867-9342491:9342576-9342894:9354422-9354854:+	0.0	0.0	0.0154	0.0625
drn:3R:9341867-9342491:9354422-9354854:9354925-9355083:+	1.0	1.0	1.0	1.0
drn:3R:9342220-9342491:9354422-9354854:9354925-9355083:+	1.0	1.0	1.0	1.0
drn:3R:9342576-9342894:9354422-9354854:9354925-9355083:+	1.0	1.0	1.0	1.0
drn:3R:9354422-9354854:9354925-9355083:9357984-9358176:+	1.0	1.0	1.0	1.0
drn:3R:9354925-9355083:9357984-9358176:9358256-9358571:+	1.0	1.0	1.0	1.0
drn:3R:9354925-9355083:9357984-9358176:9358256-9359189:+	1.0	1.0	1.0	1.0
drn:3R:9354925-9355083:9357984-9358176:9358256-9362994:+	1.0	1.0	1.0	1.0
drn:3R:9356424-9357455:9357984-9358176:9358256-9359189:+	1.0	1.0	1.0	1.0
drn:3R:9357984-9358176:9358256-9358571:9358629-9362994:+	1.0	1.0	1.0	1.0
eEF1alpha2:3R:31740317-31741169:31741627-31741832:31741910-31743306:+	1.0	1.0	NA	NA
eEF1alpha2:3R:31740320-31741169:31741627-31741832:31741910-31743306:+	1.0	1.0	NA	NA
eEF5:2R:24058484-24058691:24058932-24059133:24059196-24059282:+	1.0	1.0	1.0	1.0
eEF5:2R:24058484-24058691:24058932-24059133:24059196-24059483:+	1.0	1.0	1.0	1.0
eEF5:2R:24058932-24059133:24059196-24059282:24059339-24059483:+	1.0	1.0	1.0	1.0
eIF1:3L:3223341-3223526:3223770-3223927:3224314-3224650:+	1.0	1.0	1.0	1.0
eIF1A:3R:18274665-18274756:18274867-18275141:18281694-18282484:+	1.0	1.0	NA	NA
eIF1A:3R:18274698-18274756:18274867-18275141:18281694-18283005:+	1.0	1.0	NA	NA
eIF2A:3L:21824740-21825077:21825250-21826414:21826475-21826752:+	1.0	1.0	NA	NA
eIF2A:3L:21824740-21825077:21825250-21826414:21826475-21827035:+	1.0	1.0	NA	NA
eIF2A:3L:21824965-21825077:21825250-21826414:21826475-21826752:+	1.0	1.0	NA	NA
eIF2A:3L:21824965-21825077:21825250-21826414:21826475-21827035:+	1.0	1.0	NA	NA
eIF2A:3L:21825250-21826414:21826475-21826752:21827094-21827856:+	1.0	1.0	NA	NA
eIF2A:3L:21825250-21826414:21826475-21827035:21827094-21827856:+	1.0	1.0	NA	NA
eIF2Bbeta:X:2704993-2705449:2705540-2705925:2705994-2706217:+	1.0	1.0	1.0	1.0
eIF3j:2R:9969919-9970207:9970272-9970408:9970474-9970897:+	1.0	1.0	1.0	NA
eIF4A:2L:5983010-5983236:5984011-5984624:5984719-5984942:+	1.0	1.0	NA	NA
eIF4A:2L:5984011-5984624:5984719-5984942:5985026-5985220:+	1.0	1.0	1.0	1.0
eIF4A:2L:5984011-5984624:5984719-5984942:5985026-5985579:+	1.0	1.0	1.0	1.0
eIF4A:2L:5984011-5984624:5984719-5984942:5985026-5985909:+	1.0	1.0	1.0	1.0
eIF4A:2L:5984719-5984942:5985026-5985220:5985339-5985559:+	1.0	1.0	1.0	1.0
eIF4A:2L:5984719-5984942:5985026-5985220:5985339-5985579:+	1.0	1.0	1.0	1.0
eIF4A:2L:5984719-5984942:5985026-5985220:5985343-5985793:+	1.0	1.0	1.0	1.0
eIF4H1:X:16450314-16450501:16451275-16451559:16451919-16453615:+	1.0	1.0	1.0	1.0
eIF4H1:X:16450314-16450501:16451275-16451559:16451919-16454972:+	1.0	1.0	1.0	1.0
eIF4H1:X:16450314-16450600:16451275-16451559:16451919-16453615:+	1.0	1.0	1.0	1.0
eIF4H1:X:16451275-16451559:16451702-16451791:16451919-16453615:+	0.0	0.0	0.0	0.0
eRF1:3L:20351094-20351249:20351324-20351521:20351583-20351730:+	1.0	1.0	1.0	NA
eRF1:3L:20351324-20351521:20351583-20351730:20351899-20352260:+	1.0	1.0	1.0	1.0
eRF1:3L:20351324-20351521:20351583-20351730:20352807-20353127:+	1.0	1.0	1.0	NA
eRF1:3L:20351324-20351521:20351583-20351730:20353445-20353873:+	1.0	1.0	1.0	NA
eag:X:14955477-14955549:14955865-14956129:14971099-14971798:+	1.0	1.0	1.0	1.0
ed:2L:4031377-4031555:4032423-4032769:4074514-4074712:+	1.0	1.0	1.0	1.0
emb:2L:8403573-8403660:8404005-8405779:8405916-8406286:+	1.0	1.0	1.0	1.0
emei:3L:11111188-11111362:11111425-11111688:11111745-11112117:+	1.0	1.0	1.0	1.0
enc:3L:3836999-3837605:3837662-3839361:3839424-3839523:+	1.0	1.0	NA	NA
enc:3L:3837662-3839361:3839424-3839523:3839606-3841232:+	1.0	1.0	NA	NA
enc:3L:3837662-3839361:3839424-3839523:3839633-3841232:+	1.0	1.0	NA	1.0
enc:3L:3837662-3839361:3839424-3839523:3839633-3842326:+	1.0	1.0	NA	1.0
eys:2L:2311680-2312179:2323383-2324256:2327404-2327552:+	1.0	1.0	1.0	1.0
flfl:3R:13690253-13690386:13690535-13691298:13691635-13692054:+	1.0	1.0	NA	NA
flfl:3R:13690274-13690386:13690535-13691298:13691635-13693905:+	1.0	1.0	NA	NA
flw:X:10406353-10406700:10406762-10407105:10407166-10407300:+	1.0	1.0	1.0	1.0
flw:X:10406762-10407105:10407166-10407300:10407366-10408065:+	1.0	1.0	1.0	1.0
flw:X:10406762-10407105:10407166-10407300:10407366-10409817:+	1.0	1.0	1.0	1.0
fne:X:12917477-12917814:12918577-12919709:12939015-12939242:+	1.0	1.0	NA	1.0
fne:X:12917477-12917814:12918577-12919709:12941720-12942856:+	1.0	1.0	1.0	1.0
fne:X:12917477-12918013:12918577-12919709:12939015-12939249:+	1.0	NA	1.0	NA
fne:X:12917484-12918013:12918577-12919709:12939015-12939242:+	1.0	NA	1.0	NA
fne:X:12918577-12919709:12939015-12939242:12941720-12942847:+	0.9292	0.7797	0.8483	0.8143
fne:X:12918577-12919709:12939015-12939242:12941720-12942856:+	0.9292	0.7797	0.8483	0.8143
fne:X:12918577-12919709:12939015-12939249:12941720-12942856:+	NA	0.2778	0.3125	0.1333
fne:X:12918577-12919709:12941720-12942856:12943086-12943130:+	NA	1.0	1.0	1.0
fne:X:12938517-12938666:12939015-12939249:12941720-12942856:+	NA	1.0	1.0	NA
fne:X:12938517-12938931:12939015-12939242:12941720-12942856:+	1.0	1.0	1.0	1.0
fne:X:12938517-12939242:12941720-12942847:12943086-12943130:+	1.0	1.0	1.0	1.0
fne:X:12938517-12939242:12941720-12942856:12943086-12943130:+	1.0	1.0	1.0	1.0
fne:X:12939015-12939242:12941720-12942847:12943086-12943130:+	1.0	1.0	1.0	1.0
fne:X:12939015-12939242:12941720-12942856:12943086-12943130:+	1.0	1.0	1.0	1.0
fne:X:12939015-12939249:12941720-12942856:12943086-12943130:+	NA	1.0	1.0	NA
fray:3R:18573091-18573126:18573192-18573525:18577567-18577584:+	1.0	NA	NA	1.0
fray:3R:18573091-18573525:18577567-18577584:18586279-18589453:+	0.7647	0.25	NA	0.6
fray:3R:18573192-18573525:18577567-18577584:18586279-18589459:+	0.7647	0.25	NA	0.6
futsch:X:1409069-1410121:1413418-1414685:1427676-1427774:+	1.0	1.0	1.0	1.0
futsch:X:1411726-1411978:1413418-1414685:1427676-1427774:+	1.0	1.0	1.0	1.0
galla-1:2R:20670988-20671678:20671746-20671858:20672119-20672269:+	1.0	1.0	NA	1.0
galla-1:2R:20671204-20671678:20671746-20671858:20672119-20672269:+	1.0	1.0	NA	1.0
galla-1:2R:20671559-20671678:20671746-20671858:20672119-20672269:+	1.0	1.0	NA	1.0
galla-1:2R:20671746-20671858:20672119-20672269:20672340-20672554:+	1.0	1.0	1.0	1.0
galla-1:2R:20671746-20671858:20672119-20672269:20672340-20673495:+	1.0	1.0	1.0	1.0
gce:X:15297766-15297936:15305829-15306579:15310378-15311216:+	1.0	1.0	1.0	1.0
gce:X:15299009-15299583:15305829-15306579:15310378-15311216:+	1.0	1.0	1.0	1.0
gdl-ORF39:3L:15509445-15509881:15509937-15510231:15510605-15510837:+	1.0	1.0	1.0	1.0
gdl:3L:15509445-15509881:15509937-15510231:15510605-15510837:+	1.0	1.0	1.0	1.0
gdl:3L:15509445-15509881:15509937-15510231:15510605-15511047:+	1.0	1.0	1.0	1.0
gdl:3L:15509598-15509881:15509937-15510231:15510605-15511047:+	1.0	1.0	1.0	1.0
gish:3R:16273001-16273330:16274152-16274875:16274954-16275169:+	1.0	1.0	1.0	1.0
gish:3R:16273001-16273330:16274152-16275169:16289631-16289839:+	1.0	1.0	1.0	1.0
gish:3R:16274152-16274875:16274954-16275169:16289631-16289839:+	NA	1.0	NA	1.0
gish:3R:16274152-16275169:16289631-16289839:16292724-16292834:+	NA	1.0	NA	1.0
gish:3R:16274585-16274881:16274954-16275169:16289631-16289839:+	1.0	1.0	NA	1.0
gish:3R:16274954-16275169:16289631-16289839:16292724-16292834:+	NA	1.0	NA	1.0
gish:3R:16299591-16299689:16301245-16301351:16301805-16302372:+	1.0	1.0	1.0	1.0
gish:3R:16299591-16299689:16301245-16301351:16301823-16302372:+	1.0	1.0	NA	NA
gish:3R:16299591-16299689:16301245-16301351:16301823-16302721:+	1.0	1.0	NA	NA
gish:3R:16299591-16299689:16301245-16301351:16301823-16304768:+	1.0	1.0	NA	NA
gpp:3R:6406855-6407774:6436725-6437934:6438180-6438763:+	1.0	1.0	NA	NA
gpp:3R:6406857-6407091:6407478-6407774:6436725-6437934:+	1.0	1.0	NA	1.0
gpp:3R:6406857-6407774:6436725-6437934:6438180-6438763:+	1.0	1.0	NA	NA
gpp:3R:6407478-6407774:6436725-6437934:6438180-6438763:+	1.0	1.0	NA	NA
gro:3R:26047496-26048169:26048236-26048435:26048498-26048899:+	1.0	1.0	1.0	1.0
gro:3R:26047496-26048169:26048236-26048435:26048498-26049911:+	1.0	1.0	1.0	1.0
hppy:2R:19216743-19217041:19217757-19217844:19218131-19218194:+	1.0	1.0	1.0	NA
hppy:2R:19217757-19217844:19218131-19218194:19218576-19218638:+	1.0	1.0	NA	NA
hppy:2R:19217757-19217844:19218131-19218194:19220744-19220782:+	1.0	1.0	NA	NA
hppy:2R:19217757-19217844:19218131-19218194:19223240-19224386:+	1.0	1.0	NA	NA
hppy:2R:19217757-19217844:19218131-19218194:19224053-19224386:+	1.0	1.0	NA	NA
idc:3R:20033324-20033458:20033516-20033626:20034042-20034330:+	1.0	1.0	1.0	NA
igl:2R:15155437-15156215:15180513-15180710:15188756-15190292:+	1.0	1.0	1.0	NA
igl:2R:15164582-15164639:15180513-15180710:15188756-15190292:+	1.0	1.0	1.0	NA
igl:2R:15164920-15165100:15180513-15180710:15188756-15190292:+	1.0	1.0	1.0	NA
inaE:X:13783714-13784276:13785707-13785952:13801679-13801773:+	1.0	1.0	1.0	1.0
inaE:X:13806532-13806664:13808370-13808494:13808794-13811493:+	1.0	1.0	NA	NA
jvl:3R:14789026-14789495:14789557-14791252:14793443-14793607:+	1.0	NA	1.0	NA
jvl:3R:14789026-14789495:14789557-14791252:14793443-14793888:+	1.0	NA	1.0	NA
jvl:3R:14789026-14789495:14789557-14791252:14793443-14795868:+	1.0	NA	1.0	NA
jvl:3R:14789557-14791252:14793443-14793888:14794529-14795868:+	1.0	NA	1.0	NA
kat-60L1:3R:5781762-5782021:5785113-5785381:5785430-5786067:+	1.0	1.0	NA	NA
kat-60L1:3R:5781762-5782021:5785113-5785381:5785442-5786067:+	1.0	1.0	NA	NA
kcc:2R:23910610-23910823:23911391-23911551:23911677-23911868:+	1.0	NA	NA	1.0
kcc:2R:23912729-23912834:23912897-23913026:23913086-23913204:+	1.0	NA	NA	1.0
kcc:2R:23921965-23922327:23922392-23922578:23922641-23922856:+	1.0	1.0	1.0	1.0
kcc:2R:23922392-23922578:23922641-23922856:23922922-23923029:+	1.0	1.0	1.0	1.0
kcc:2R:23922641-23922856:23922922-23923029:23923340-23923393:+	1.0	1.0	1.0	1.0
kcc:2R:23922641-23922856:23922922-23923029:23924002-23924094:+	1.0	1.0	1.0	1.0
kcc:2R:23922641-23922856:23922922-23923029:23924416-23924549:+	1.0	1.0	1.0	1.0
kcc:2R:23922922-23923029:23924002-23924094:23924416-23924549:+	0.2083	0.2195	NA	NA
kcc:2R:23922922-23923029:23924416-23924549:23924616-23924755:+	1.0	1.0	1.0	1.0
kcc:2R:23923340-23923393:23924002-23924094:23924416-23924549:+	1.0	1.0	NA	NA
kcc:2R:23924002-23924094:23924416-23924549:23924616-23924755:+	1.0	1.0	1.0	1.0
kcc:2R:23924416-23924549:23924616-23924755:23924818-23925066:+	1.0	1.0	1.0	1.0
kek2:2L:11581937-11583102:11590748-11590793:11606514-11606544:+	1.0	1.0	1.0	1.0
kek2:2L:11590748-11590793:11606514-11606544:11621188-11626883:+	1.0	1.0	1.0	1.0
kek5:X:19353181-19353583:19362967-19363021:19433154-19433272:+	1.0	1.0	NA	1.0
kek5:X:19353181-19353653:19362967-19363021:19379213-19379280:+	1.0	1.0	1.0	1.0
kek5:X:19353181-19353653:19362967-19363021:19433154-19433272:+	1.0	1.0	1.0	1.0
kek6:3R:31622136-31622822:31633571-31633612:31658579-31658969:+	1.0	1.0	1.0	1.0
kek6:3R:31633571-31633612:31658579-31658969:31659151-31664646:+	1.0	1.0	1.0	1.0
kirre:X:3099582-3100318:3113168-3113223:3129253-3130312:+	1.0	NA	0.9459	1.0
klg:3R:22899284-22899610:22914951-22915636:22948677-22948829:+	1.0	1.0	1.0	1.0
kri:3L:5810973-5811320:5811386-5811979:5812065-5812228:+	1.0	1.0	1.0	1.0
kug:3L:20017744-20023048:20023111-20023392:20023451-20023639:+	1.0	1.0	NA	NA
kug:3L:20023111-20023392:20023451-20023639:20023953-20023982:+	1.0	1.0	NA	NA
kug:3L:20023111-20023392:20023451-20023639:20024156-20024287:+	1.0	1.0	NA	NA
kug:3L:20023451-20023639:20023953-20023982:20024156-20024287:+	0.8333	0.7333	NA	NA
kug:3L:20023451-20023639:20024156-20024287:20024349-20024607:+	1.0	1.0	1.0	1.0
kug:3L:20023953-20023982:20024156-20024287:20024349-20024510:+	1.0	1.0	1.0	1.0
kumpel:3R:25916033-25916413:25916471-25916643:25916700-25916968:+	1.0	1.0	NA	NA
kuz:2L:13550139-13550293:13551142-13551666:13558800-13558832:+	NA	1.0	1.0	NA
kuz:2L:13550139-13550420:13551142-13551666:13558800-13558832:+	1.0	1.0	1.0	1.0
l(2)k01209:2R:17424573-17424759:17424819-17425412:17425470-17425679:+	1.0	1.0	1.0	1.0
l(2)k14505:2L:21261412-21261719:21261777-21261957:21262013-21262287:+	1.0	1.0	1.0	1.0
l(2)k14505:2L:21261412-21261719:21261777-21261957:21262013-21262411:+	1.0	1.0	1.0	1.0
l(3)87Df:3R:13030913-13031011:13031082-13031269:13031335-13031598:+	1.0	1.0	1.0	1.0
lap:3R:7186994-7187547:7190124-7190266:7190721-7190796:+	1.0	1.0	NA	1.0
lap:3R:7190124-7190266:7190721-7190796:7191132-7191164:+	1.0	NA	NA	1.0
lap:3R:7191132-7191164:7191389-7191491:7191557-7191678:+	1.0	1.0	NA	NA
lap:3R:7192540-7192654:7192721-7192970:7198328-7200941:+	1.0	1.0	1.0	1.0
lap:3R:7195616-7195895:7196294-7196393:7198328-7200941:+	1.0	1.0	NA	NA
lap:3R:7196294-7196393:7197570-7197659:7198328-7199283:+	0.4667	0.4286	NA	0.3333
lap:3R:7196294-7196393:7197570-7197659:7198328-7200941:+	0.4667	0.4286	NA	0.3333
lilli:2L:2885929-2886578:2889674-2890916:2929984-2930151:+	NA	1.0	NA	1.0
lilli:2L:2885929-2886578:2889674-2890916:2945030-2945792:+	0.7143	1.0	1.0	1.0
lilli:2L:2885929-2886578:2889674-2890916:2946709-2947435:+	NA	1.0	NA	1.0
lilli:2L:2888284-2888598:2890450-2890916:2945030-2945792:+	NA	1.0	1.0	1.0
lilli:2L:2889674-2890916:2929984-2930151:2945030-2945792:+	NA	0.0	0.0	0.0
lilli:2L:2889674-2890916:2945030-2945792:2946709-2947435:+	NA	1.0	1.0	1.0
lilli:2L:2890171-2890916:2924914-2925144:2945030-2945792:+	NA	0.0833	0.0	0.0
lilli:2L:2890450-2890916:2945030-2945792:2946709-2947435:+	NA	1.0	1.0	1.0
lncRNA:CR42862:3L:224106-224183:224973-225140:225726-225849:+	1.0	1.0	NA	1.0
lncRNA:CR42862:3L:224106-224183:224973-225140:225726-227459:+	1.0	1.0	NA	1.0
lncRNA:CR42862:3L:224106-224183:224973-225140:225726-227764:+	1.0	1.0	NA	1.0
lncRNA:CR42862:3L:224106-224183:224973-225140:225726-229244:+	1.0	1.0	NA	1.0
lncRNA:CR42862:3L:224106-224183:224973-225140:225726-230959:+	1.0	1.0	NA	1.0
lncRNA:CR43900:2R:12259409-12259458:12260040-12260188:12260276-12260813:+	1.0	1.0	1.0	1.0
lncRNA:CR44320:3R:26195250-26195618:26210113-26210216:26229657-26230268:+	0.8182	0.7037	0.8571	NA
lncRNA:CR44997:X:22657324-22657659:22692941-22692999:22740542-22740620:+	0.942	0.9655	0.8082	0.8947
lncRNA:CR44997:X:22692941-22692999:22740542-22740620:22797279-22797682:+	1.0	1.0	1.0	1.0
lncRNA:CR45180:3L:25708177-25708572:25708624-25708978:25709037-25709251:+	1.0	1.0	1.0	NA
lncRNA:roX2:X:11579065-11579124:11579215-11579236:11579349-11579528:+	NA	0.0303	NA	0.0
lncRNA:roX2:X:11579065-11579124:11579349-11579399:11579453-11579528:+	NA	1.0	NA	1.0
lncRNA:roX2:X:11579065-11579124:11579352-11579528:11579670-11580084:+	NA	0.4865	NA	0.6939
lncRNA:roX2:X:11579215-11579236:11579349-11579528:11579670-11580100:+	NA	1.0	NA	1.0
lncRNA:roX2:X:11579349-11579399:11579453-11579528:11579670-11580084:+	NA	0.9279	NA	0.9452
lncRNA:roX2:X:11579386-11579399:11579512-11579528:11579670-11580100:+	NA	0.92	NA	0.9394
loj:3L:6095649-6095912:6095984-6096151:6096206-6096517:+	1.0	1.0	NA	NA
lqf:3L:7528780-7529186:7532672-7532828:7533355-7533443:+	1.0	1.0	1.0	1.0
lsn:3R:21865168-21865747:21865815-21865961:21866025-21866238:+	1.0	1.0	1.0	1.0
mGluR:4:938332-939117:942767-943020:943103-943209:+	1.0	1.0	NA	NA
mGluR:4:940174-940717:942767-943020:943103-943209:+	1.0	1.0	NA	1.0
mGluR:4:940174-940717:942767-943020:943103-943673:+	1.0	1.0	NA	1.0
mGluR:4:942767-943020:943103-943209:943548-943673:+	1.0	1.0	NA	1.0
mGluR:4:942767-943020:943103-943673:943734-944486:+	1.0	1.0	NA	NA
mGluR:4:943548-943673:943734-944253:944306-944601:+	NA	1.0	1.0	NA
mGluR:4:943734-944253:944306-944601:946225-946825:+	NA	1.0	1.0	NA
mGluR:4:943734-944253:944306-944601:946225-949441:+	NA	1.0	1.0	NA
mRpL11:3R:14511838-14512058:14512119-14512403:14512464-14512691:+	1.0	1.0	1.0	1.0
mRpL22:X:16783933-16784344:16784418-16784631:16784746-16785092:+	1.0	1.0	1.0	1.0
mRpL28:2L:4973976-4974157:4974277-4975100:4975153-4975284:+	1.0	1.0	1.0	1.0
mRpL28:2L:4973976-4974157:4974277-4975100:4975153-4975316:+	1.0	1.0	1.0	1.0
mRpL32:3R:31252872-31253003:31253059-31253298:31253355-31253686:+	1.0	1.0	1.0	1.0
mRpL38:X:14226784-14227141:14227197-14227495:14227566-14227949:+	1.0	1.0	NA	NA
mRpL40:3R:11407918-11408016:11408081-11408326:11408386-11408756:+	1.0	1.0	1.0	1.0
mRpL53:2R:13954195-13954445:13954917-13955044:13955215-13955664:+	1.0	1.0	NA	NA
mRpL54:2R:21060789-21061015:21061073-21061206:21061267-21061587:+	1.0	1.0	1.0	1.0
mRpS10:3R:15229665-15229740:15229801-15230027:15230097-15230516:+	1.0	1.0	NA	NA
mRpS11:3R:17072732-17072994:17073053-17073183:17073238-17073338:+	1.0	1.0	1.0	1.0
mRpS11:3R:17073053-17073183:17073238-17073338:17073502-17073567:+	1.0	1.0	1.0	1.0
mRpS11:3R:17073238-17073338:17073502-17073567:17073628-17073795:+	1.0	1.0	1.0	1.0
mRpS5:3L:24537236-24537313:24537398-24537616:24542410-24543534:+	1.0	1.0	1.0	0.913
mask:3R:24242655-24247642:24247713-24247889:24247976-24248853:+	1.0	1.0	NA	NA
mask:3R:24242655-24247642:24247713-24247889:24247976-24250248:+	1.0	1.0	NA	NA
mbl:2R:17216549-17217075:17220055-17220103:17275410-17276063:+	0.907	0.9114	0.9688	0.9292
mbl:2R:17220055-17220103:17275410-17276063:17351094-17351264:+	1.0	1.0	1.0	1.0
mbl:2R:17265518-17266053:17275410-17276063:17351094-17351264:+	1.0	1.0	NA	NA
mbl:2R:17265518-17266211:17275410-17276063:17351094-17351264:+	1.0	1.0	1.0	1.0
mbl:2R:17275410-17276063:17351094-17351264:17352129-17352305:+	1.0	1.0	NA	NA
mbl:2R:17275410-17276063:17351094-17351264:17352129-17353551:+	1.0	1.0	NA	NA
me31B:2L:10240680-10241058:10241133-10241780:10241846-10242172:+	1.0	1.0	1.0	1.0
mei-P26:X:9163255-9163290:9165682-9166459:9166535-9167032:+	1.0	1.0	1.0	1.0
mei-P26:X:9163255-9163398:9165682-9166459:9166535-9167032:+	1.0	1.0	1.0	1.0
mei-P26:X:9164163-9164334:9165682-9166459:9166535-9167032:+	1.0	1.0	1.0	NA
miple1:3L:267299-267391:268220-268459:268563-268700:+	1.0	1.0	1.0	1.0
miple1:3L:267764-267853:268220-268459:268563-268700:+	1.0	1.0	1.0	1.0
miple1:3L:267764-267869:268220-268459:268563-268700:+	1.0	1.0	1.0	1.0
miple1:3L:268220-268459:268563-268700:268781-268960:+	1.0	0.9953	1.0	1.0
miple1:3L:268563-268700:268781-268960:269097-270336:+	1.0	1.0	1.0	1.0
miple2:3L:274104-274241:274595-274807:274867-275018:+	1.0	1.0	1.0	1.0
miple2:3L:274104-274250:274595-274807:274867-275018:+	1.0	1.0	1.0	1.0
mirr:3L:12696500-12697003:12705220-12705326:12707375-12707673:+	1.0	1.0	NA	NA
mnd:3L:14985100-14985154:14987582-14988249:14989849-14990067:+	1.0	1.0	NA	NA
mod:3R:32052481-32052977:32053246-32053555:32053623-32054357:+	1.0	NA	1.0	1.0
mod:3R:32052620-32052977:32053246-32053555:32053623-32054357:+	1.0	NA	1.0	1.0
mora:3R:24186600-24187150:24187220-24187414:24187473-24187785:+	1.0	1.0	1.0	1.0
mr:2R:23974513-23974776:23974842-23975083:23975140-23975408:+	1.0	1.0	1.0	1.0
mre11:2L:11282459-11283533:11283593-11283753:11283809-11284118:+	1.0	NA	NA	1.0
mre11:2L:11283593-11283753:11283809-11284118:11284186-11284335:+	1.0	1.0	1.0	1.0
mri:3L:201171-201368:201441-201758:201817-202152:+	1.0	1.0	1.0	1.0
mri:3L:201174-201368:201441-201758:201817-202152:+	1.0	1.0	1.0	1.0
msi:3R:25516118-25516349:25519261-25519729:25564080-25564127:+	1.0	1.0	1.0	1.0
msi:3R:25516118-25516349:25519261-25519729:25574884-25574922:+	1.0	1.0	1.0	1.0
msi:3R:25516118-25516349:25519261-25519729:25595074-25595602:+	1.0	1.0	1.0	1.0
msi:3R:25518323-25518472:25519261-25519729:25564080-25564127:+	NA	1.0	NA	1.0
msps:3R:16050801-16051176:16052075-16052833:16052889-16052959:+	1.0	1.0	NA	NA
msps:3R:16051878-16051916:16052075-16052833:16052889-16052959:+	1.0	1.0	NA	NA
msps:3R:16052075-16052833:16052889-16052959:16053024-16053343:+	1.0	1.0	NA	NA
msps:3R:16052889-16052959:16053024-16053343:16053403-16055936:+	1.0	1.0	NA	NA
msps:3R:16059243-16059375:16059461-16059684:16059739-16060675:+	1.0	1.0	NA	NA
mtgo:2L:16545016-16545438:16557879-16559944:16652743-16652912:+	1.0	1.0	NA	1.0
mtgo:2L:16601827-16602085:16603824-16604396:16621836-16622841:+	1.0	1.0	NA	1.0
mtgo:2L:16601913-16602085:16603824-16604396:16621836-16622841:+	1.0	1.0	NA	1.0
mthl8:3L:25341-25559:25619-25976:26030-26308:+	1.0	1.0	1.0	1.0
mts:2L:7827650-7828153:7830462-7831025:7831469-7831659:+	1.0	1.0	1.0	1.0
mts:2L:7827793-7828153:7830462-7831025:7831469-7831659:+	1.0	1.0	1.0	1.0
mts:2L:7830462-7831025:7831469-7831659:7831734-7832124:+	1.0	1.0	1.0	1.0
mts:2L:7830462-7831025:7831469-7831659:7831734-7832668:+	1.0	1.0	1.0	1.0
mts:2L:7830462-7831025:7831469-7831659:7831734-7833576:+	1.0	1.0	1.0	1.0
mub:3L:21844788-21845235:21875297-21875325:21907346-21907920:+	1.0	0.7143	0.7097	0.7812
mub:3L:21875297-21875325:21907346-21907920:21914776-21914832:+	1.0	1.0	1.0	1.0
mub:3L:21879577-21879941:21888634-21888692:21907346-21907920:+	0.0857	0.04	0.0704	0.0864
mub:3L:21879577-21879941:21907346-21907920:21914776-21914832:+	1.0	1.0	1.0	1.0
mub:3L:21914893-21915009:21915102-21915195:21915261-21915424:+	1.0	1.0	NA	NA
muc:2L:7428878-7429104:7429167-7429515:7429582-7429684:+	1.0	1.0	1.0	1.0
muc:2L:7428926-7429104:7429167-7429515:7429582-7429684:+	1.0	1.0	1.0	1.0
muc:2L:7429167-7429515:7429582-7429684:7429743-7430329:+	1.0	1.0	1.0	1.0
mus312:3L:7329132-7329363:7329429-7329637:7329716-7330239:+	1.0	1.0	1.0	1.0
myd:3R:19189351-19190576:19200022-19200706:19200778-19201096:+	1.0	1.0	1.0	1.0
nAChRalpha2:3R:24488781-24489366:24489599-24489800:24490818-24491147:+	1.0	1.0	1.0	1.0
nAChRalpha4:3L:23206669-23207019:23210852-23211160:23216063-23216107:+	1.0	1.0	1.0	1.0
nAChRalpha4:3L:23210852-23211160:23216063-23216107:23227438-23227547:+	1.0	1.0	1.0	1.0
nAChRalpha4:3L:23216063-23216107:23227438-23227547:23238837-23239017:+	1.0	1.0	NA	NA
nAChRalpha4:3L:23216063-23216107:23227438-23227547:23262708-23262823:+	1.0	1.0	NA	NA
nAChRalpha4:3L:23227438-23227547:23238837-23239017:23262708-23262823:+	0.9	0.7391	NA	NA
nAChRalpha4:3L:23264034-23264170:23264221-23264364:23269404-23269523:+	1.0	NA	NA	1.0
nAChRalpha5:2L:14040170-14040221:14041321-14042234:14060958-14062075:+	1.0	1.0	1.0	1.0
nAChRalpha5:2L:14040170-14040394:14041321-14042234:14060958-14062075:+	1.0	1.0	1.0	1.0
nAChRalpha5:2L:14040170-14040465:14041321-14042234:14060958-14062075:+	1.0	1.0	1.0	1.0
nAChRalpha5:2L:14041321-14042234:14060958-14062075:14062171-14062621:+	1.0	1.0	1.0	1.0
nAChRalpha5:2L:14088486-14088608:14088723-14088861:14089108-14089437:+	1.0	1.0	1.0	1.0
nAChRalpha5:2L:14088486-14088608:14088723-14088861:14089108-14092725:+	1.0	1.0	1.0	1.0
nAChRalpha5:2L:14088486-14088608:14088723-14088861:14089108-14094292:+	1.0	1.0	1.0	1.0
nAChRalpha5:2L:14088723-14088861:14089108-14094292:14094351-14094401:+	1.0	1.0	1.0	1.0
nAChRbeta1:3L:4429349-4429502:4429566-4429715:4432386-4432522:+	1.0	1.0	1.0	1.0
nAChRbeta1:3L:4429566-4429715:4432386-4432522:4433305-4433459:+	1.0	1.0	1.0	1.0
nAChRbeta1:3L:4433615-4434059:4434490-4435089:4435175-4435993:+	1.0	1.0	NA	NA
nmo:3L:8047246-8047447:8047507-8047600:8048070-8048443:+	1.0	1.0	NA	NA
nmo:3L:8047246-8047447:8047507-8047600:8049869-8050333:+	1.0	1.0	1.0	NA
nmo:3L:8047246-8047447:8047507-8047600:8049869-8054147:+	1.0	1.0	1.0	NA
nmo:3L:8047507-8047600:8048070-8048443:8049869-8050333:+	0.3115	0.2889	0.3333	NA
nmo:3L:8047507-8047600:8048070-8048443:8049869-8052669:+	0.3115	0.2889	0.3333	NA
nolo:2L:21684106-21684146:21684546-21684911:21688474-21688552:+	1.0	1.0	NA	1.0
nolo:2L:21684106-21684339:21684546-21684911:21688474-21688552:+	1.0	1.0	NA	1.0
nolo:2L:21684546-21684911:21688474-21688552:21700672-21700782:+	1.0	NA	NA	1.0
nolo:2L:21700672-21700782:21700855-21701180:21701764-21701938:+	1.0	1.0	NA	NA
nolo:2L:21700855-21701180:21701764-21701938:21704459-21704603:+	1.0	1.0	NA	NA
nolo:2L:21711315-21711410:21712769-21712966:21713028-21713308:+	NA	1.0	1.0	NA
nom:3R:8723433-8723950:8724134-8724382:8724451-8724712:+	1.0	1.0	NA	NA
nom:3R:8723433-8723950:8724134-8724382:8724451-8725048:+	1.0	1.0	NA	NA
nom:3R:8723433-8723950:8724134-8724382:8724451-8725357:+	1.0	1.0	NA	NA
nonA:X:16361569-16362054:16363358-16364630:16365205-16365513:+	1.0	1.0	1.0	1.0
nonA:X:16363358-16364630:16365205-16365513:16365587-16365642:+	1.0	1.0	1.0	1.0
nonA:X:16363358-16364630:16365205-16365513:16365587-16368526:+	1.0	1.0	1.0	1.0
nonA:X:16365205-16365513:16365587-16365642:16366904-16368526:+	1.0	1.0	1.0	1.0
nonA:X:16365205-16365513:16365587-16365642:16366904-16371525:+	1.0	1.0	1.0	1.0
nonA:X:16365205-16365513:16365587-16365642:16371314-16371547:+	1.0	1.0	1.0	1.0
norpA:X:4322626-4323155:4325348-4325616:4332796-4332840:+	0.0151	0.0365	0.0211	0.0333
norpA:X:4322626-4323155:4332796-4332840:4349004-4349587:+	0.9949	1.0	1.0	1.0
norpA:X:4323609-4323801:4332796-4332840:4349004-4349587:+	1.0	1.0	1.0	1.0
norpA:X:4325348-4325616:4332796-4332840:4349004-4349587:+	1.0	1.0	1.0	1.0
norpA:X:4332796-4332840:4349004-4349587:4349653-4349712:+	1.0	1.0	1.0	1.0
norpA:X:4347918-4348030:4349004-4349587:4349653-4349712:+	NA	1.0	NA	1.0
norpA:X:4349004-4349587:4349653-4349712:4353467-4353613:+	1.0	1.0	1.0	1.0
norpA:X:4349653-4349712:4353467-4353613:4353944-4354023:+	1.0	1.0	1.0	1.0
norpA:X:4358505-4358871:4359067-4360330:4360395-4360551:+	1.0	1.0	NA	NA
norpA:X:4359067-4360330:4360395-4360551:4360616-4360705:+	1.0	1.0	1.0	1.0
norpA:X:4360395-4360551:4360616-4360705:4361966-4364879:+	1.0	1.0	1.0	1.0
norpA:X:4360395-4360551:4360616-4360705:4361966-4365408:+	1.0	1.0	1.0	1.0
nrm:3L:23002053-23002443:23007328-23007499:23007559-23007707:+	1.0	1.0	1.0	1.0
nrm:3L:23007328-23007499:23007559-23007707:23010850-23011020:+	1.0	1.0	1.0	1.0
nrm:3L:23012723-23012821:23012880-23013039:23013194-23013305:+	1.0	1.0	NA	NA
nrm:3L:23012880-23013039:23013194-23013305:23013769-23013950:+	1.0	1.0	NA	NA
nrm:3L:23018968-23019097:23019155-23019250:23019309-23019467:+	1.0	1.0	NA	NA
nrm:3L:23019155-23019250:23019309-23019467:23019530-23019612:+	1.0	1.0	NA	1.0
nrm:3L:23019309-23019467:23019530-23019612:23020656-23020842:+	1.0	1.0	NA	1.0
nrv3:2L:21380000-21380361:21382019-21382330:21384455-21384595:+	1.0	1.0	1.0	1.0
nrv3:2L:21380133-21380361:21382019-21382330:21384455-21384595:+	1.0	1.0	1.0	1.0
nrv3:2L:21380133-21380361:21382042-21382330:21384455-21384595:+	1.0	1.0	1.0	1.0
nrv3:2L:21380133-21380478:21382019-21382330:21384455-21384595:+	1.0	1.0	1.0	0.9655
nrv3:2L:21382019-21382330:21384455-21384595:21385278-21385397:+	1.0	1.0	1.0	1.0
nrv3:2L:21382042-21382330:21384455-21384595:21385278-21385397:+	1.0	1.0	1.0	1.0
nrv3:2L:21384455-21384595:21385278-21385397:21388282-21388287:+	1.0	1.0	1.0	1.0
nrv3:2L:21384455-21384595:21385278-21385397:21388503-21388669:+	1.0	1.0	1.0	1.0
nrv3:2L:21385278-21385397:21388282-21388287:21388503-21388669:+	0.0	0.0	0.0	0.0
nrv3:2L:21385278-21385397:21388503-21388669:21388732-21388842:+	1.0	1.0	1.0	1.0
nrv3:2L:21388282-21388287:21388503-21388669:21388732-21388842:+	1.0	1.0	1.0	1.0
nrv3:2L:21388503-21388669:21388732-21388842:21388914-21389079:+	1.0	1.0	1.0	1.0
nrv3:2L:21388732-21388842:21388914-21389079:21390052-21390347:+	1.0	1.0	1.0	1.0
nrv3:2L:21388732-21388842:21388914-21389079:21390052-21393319:+	1.0	1.0	1.0	1.0
nudC:3L:16809168-16809357:16818907-16819304:16819368-16819532:+	1.0	1.0	1.0	1.0
nudE:3L:9899241-9899355:9899726-9900084:9900153-9900306:+	1.0	1.0	NA	NA
nudE:3L:9899726-9900084:9900153-9900306:9900423-9900696:+	1.0	1.0	NA	NA
nuf:3L:14231177-14231325:14231597-14231635:14231927-14232500:+	0.6	0.75	NA	NA
nuf:3L:14231177-14231325:14231597-14231635:14231927-14233250:+	0.6	0.75	NA	NA
nwk:3L:9138582-9138697:9138773-9139002:9139093-9139620:+	1.0	1.0	1.0	1.0
nwk:3L:9138773-9139002:9139093-9139620:9139906-9140788:+	1.0	1.0	1.0	1.0
nwk:3L:9139906-9140788:9140851-9141508:9141787-9141843:+	1.0	1.0	1.0	1.0
nwk:3L:9139906-9140788:9140851-9141508:9141787-9141970:+	1.0	1.0	1.0	1.0
nwk:3L:9140851-9141019:9141089-9141508:9141787-9141843:+	1.0	1.0	1.0	1.0
nwk:3L:9140851-9141508:9141787-9141843:9142573-9143323:+	1.0	1.0	1.0	1.0
nwk:3L:9140851-9141508:9141787-9141843:9143298-9143323:+	1.0	1.0	1.0	1.0
nwk:3L:9141089-9141508:9141787-9141843:9143298-9143323:+	1.0	1.0	1.0	1.0
olf413:3L:22136090-22136809:22183786-22184602:22206830-22206985:+	1.0	NA	NA	1.0
ome:3L:14746487-14746647:14746708-14746913:14746978-14747868:+	1.0	1.0	1.0	NA
or:2R:23967939-23968088:23968153-23968244:23968306-23968508:+	NA	1.0	1.0	1.0
or:2R:23968153-23968244:23968306-23968508:23968566-23968943:+	NA	1.0	1.0	1.0
p120ctn:2R:4595288-4595462:4599269-4600087:4606764-4607320:+	1.0	1.0	NA	NA
p120ctn:2R:4599269-4600087:4606764-4607320:4608359-4609492:+	1.0	0.9333	0.9091	1.0
p23:3R:9678562-9678648:9678720-9678976:9679043-9679347:+	1.0	1.0	1.0	1.0
p23:3R:9678562-9678648:9678720-9678976:9679043-9679658:+	1.0	1.0	1.0	1.0
pAbp:2R:18141488-18141672:18143413-18144897:18144967-18145274:+	1.0	1.0	NA	1.0
pAbp:2R:18143413-18144897:18144967-18145274:18145342-18145618:+	1.0	1.0	1.0	1.0
pAbp:2R:18143413-18144897:18144967-18145274:18145342-18146235:+	1.0	1.0	1.0	1.0
pAbp:2R:18143413-18144897:18144967-18145274:18145342-18147191:+	1.0	1.0	1.0	1.0
pan:4:75068-75165:82638-82746:85712-85799:+	1.0	0.9474	1.0	1.0
pan:4:82638-82746:85712-85799:85853-85933:+	1.0	1.0	1.0	1.0
pan:4:85712-85799:85853-85933:87017-87166:+	1.0	1.0	0.9877	1.0
pan:4:85853-85933:87017-87166:94423-94615:+	1.0	1.0	1.0	1.0
pan:4:87017-87166:94423-94615:94837-95002:+	1.0	1.0	1.0	1.0
pan:4:87017-87166:94423-94615:97822-97975:+	1.0	0.9626	1.0	1.0
pan:4:90355-93273:94423-94615:94837-95002:+	1.0	1.0	1.0	1.0
pan:4:94423-94615:94837-95002:99406-99475:+	1.0	0.9512	1.0	1.0
pan:4:94423-94615:97822-97975:99406-101419:+	1.0	0.9333	1.0	1.0
pan:4:94423-94615:97822-97975:99406-99475:+	1.0	0.9333	1.0	1.0
pan:4:97822-97975:99406-99475:104083-104528:+	1.0	1.0	1.0	1.0
pan:4:97822-97975:99406-99475:107403-109770:+	1.0	NA	1.0	1.0
par-1:2R:19459795-19460616:19470597-19470812:19470872-19471092:+	1.0	1.0	1.0	1.0
par-1:2R:19464310-19465694:19470597-19470812:19470872-19471092:+	1.0	1.0	1.0	1.0
par-1:2R:19468790-19470338:19470597-19470812:19470872-19471092:+	1.0	1.0	1.0	1.0
par-1:2R:19470597-19470812:19470872-19471092:19471209-19471490:+	1.0	1.0	1.0	1.0
pasi1:3R:17795701-17795800:17795863-17795913:17795995-17796317:+	1.0	1.0	NA	NA
pds5:2R:12032197-12032462:12032535-12032825:12032889-12033725:+	1.0	1.0	NA	NA
pen-2:2R:18277439-18277681:18277751-18277855:18277930-18278124:+	1.0	1.0	1.0	1.0
pen-2:2R:18277439-18277681:18277751-18277855:18277930-18278762:+	1.0	1.0	1.0	1.0
pigs:X:6600062-6600510:6605180-6605279:6630705-6631105:+	1.0	1.0	1.0	1.0
pigs:X:6602325-6602727:6605180-6605279:6630705-6631105:+	1.0	1.0	1.0	1.0
pigs:X:6605180-6605279:6630705-6631105:6644562-6644758:+	1.0	1.0	1.0	1.0
pod1:X:6807496-6807648:6807799-6808341:6808812-6808995:+	1.0	0.92	NA	1.0
pod1:X:6807799-6808341:6808812-6808995:6809064-6809137:+	1.0	1.0	NA	1.0
ppan:3R:21116696-21117060:21117117-21117544:21117596-21117899:+	1.0	1.0	NA	NA
pros:3R:11328480-11329956:11339658-11339706:11370248-11370292:+	1.0	1.0	1.0	1.0
pros:3R:11332878-11333553:11339658-11339706:11370248-11370292:+	1.0	1.0	1.0	1.0
pros:3R:11334980-11335622:11339658-11339706:11370248-11370292:+	1.0	1.0	1.0	1.0
pros:3R:11339658-11339706:11370248-11370292:11371313-11375838:+	1.0	0.9974	0.9985	0.9986
pros:3R:11339658-11339706:11370248-11370292:11371313-11377217:+	1.0	0.9974	0.9985	0.9986
pros:3R:11370248-11370292:11371313-11375838:11376322-11377217:+	1.0	1.0	1.0	1.0
pros:3R:11370248-11370292:11371313-11375838:11376322-11377276:+	1.0	1.0	1.0	1.0
pros:3R:11370248-11370292:11371313-11377217:11378035-11378189:+	1.0	1.0	1.0	1.0
ps:3R:9417940-9418000:9419783-9420047:9432029-9432839:+	1.0	0.9545	1.0	1.0
ps:3R:9417940-9418000:9419807-9420047:9432029-9432839:+	1.0	0.8889	1.0	1.0
ps:3R:9419521-9420047:9432032-9432839:9444011-9444076:+	1.0	1.0	1.0	1.0
ps:3R:9419783-9420047:9432029-9432839:9444011-9444076:+	1.0	1.0	1.0	1.0
ps:3R:9419783-9420047:9432029-9432839:9445044-9445187:+	1.0	1.0	0.92	1.0
ps:3R:9419807-9420047:9432029-9432839:9444011-9444076:+	1.0	1.0	1.0	1.0
ps:3R:9436835-9437118:9439346-9439705:9440681-9441665:+	0.8333	1.0	1.0	1.0
ps:3R:9439346-9439705:9440681-9441665:9445044-9445187:+	NA	1.0	1.0	1.0
ps:3R:9445255-9445895:9445969-9446497:9447629-9448649:+	1.0	1.0	1.0	1.0
ps:3R:9445255-9445895:9445969-9446497:9447629-9455500:+	1.0	1.0	1.0	1.0
psq:2R:10557888-10558376:10561686-10561954:10562026-10562190:+	1.0	1.0	1.0	1.0
psq:2R:10557888-10558533:10561686-10561954:10562026-10562190:+	1.0	1.0	1.0	1.0
psq:2R:10561686-10561954:10562026-10562190:10610550-10611515:+	1.0	1.0	1.0	1.0
pzg:3L:21286099-21287067:21287128-21289546:21289606-21290041:+	1.0	1.0	1.0	1.0
pzg:3L:21286099-21287067:21287128-21289546:21289606-21290310:+	1.0	1.0	1.0	1.0
qkr54B:2R:17471172-17471623:17471694-17471795:17471855-17472075:+	1.0	NA	1.0	1.0
qtc:2L:5066870-5067249:5067309-5068227:5068296-5068394:+	1.0	1.0	NA	NA
qtc:2L:5066870-5067249:5067309-5068227:5068296-5068803:+	1.0	1.0	NA	NA
qtc:2L:5067309-5068227:5068296-5068394:5069127-5069219:+	1.0	1.0	NA	1.0
qtc:2L:5067309-5068227:5068296-5068394:5070097-5070299:+	1.0	1.0	NA	NA
qtc:2L:5067309-5068227:5068296-5068394:5070097-5070750:+	1.0	1.0	NA	NA
qtc:2L:5068296-5068394:5069127-5069219:5070097-5070299:+	1.0	1.0	NA	NA
qtc:2L:5068296-5068394:5069127-5069219:5070097-5070653:+	1.0	1.0	NA	NA
qtc:2L:5068296-5068394:5069127-5069219:5070097-5070750:+	1.0	1.0	NA	NA
qvr:2R:11442505-11443112:11444540-11444627:11444684-11444760:+	0.9191	0.9572	0.9397	0.975
qvr:2R:11444540-11444627:11444684-11444760:11445368-11445415:+	1.0	1.0	1.0	1.0
qvr:2R:11444540-11444627:11444684-11444760:11446133-11446189:+	1.0	1.0	1.0	1.0
qvr:2R:11444684-11444760:11446133-11446189:11447156-11447208:+	1.0	1.0	1.0	1.0
qvr:2R:11447156-11447208:11447270-11447363:11447527-11451604:+	1.0	1.0	1.0	NA
rdgA:X:8925184-8925696:8999380-9000240:9000682-9002117:+	1.0	1.0	1.0	1.0
rdgA:X:8925184-8925696:8999380-9000249:9000682-9002117:+	1.0	1.0	1.0	1.0
rdgA:X:9022018-9022239:9024261-9024418:9024624-9024936:+	1.0	1.0	NA	1.0
rdgA:X:9024074-9024137:9024261-9024418:9024624-9024787:+	1.0	1.0	1.0	1.0
rdgA:X:9024074-9024137:9024261-9024418:9024624-9024936:+	1.0	1.0	1.0	1.0
rdgA:X:9024074-9024137:9024261-9024418:9024624-9027615:+	1.0	1.0	1.0	1.0
rdgA:X:9024074-9024137:9024261-9024418:9024624-9029476:+	1.0	1.0	1.0	1.0
rdgA:X:9024261-9024418:9024624-9024787:9025166-9025808:+	1.0	1.0	NA	1.0
rdgB:X:13772558-13772656:13772786-13773753:13773806-13773978:+	1.0	1.0	NA	NA
rdgB:X:13772558-13772695:13772786-13773753:13773806-13773978:+	1.0	1.0	NA	NA
rdgB:X:13772558-13772695:13772786-13773753:13773806-13775189:+	1.0	1.0	NA	NA
rdgB:X:13772786-13773753:13773806-13773978:13774686-13774943:+	1.0	1.0	NA	NA
rdgB:X:13772786-13773753:13773806-13773978:13775433-13775867:+	1.0	1.0	1.0	NA
rdgB:X:13772786-13773753:13773806-13773978:13775973-13776380:+	1.0	1.0	1.0	NA
rdgB:X:13772786-13773753:13773806-13773978:13776676-13779488:+	1.0	1.0	NA	NA
rdgB:X:13773806-13773978:13775973-13776380:13776676-13779488:+	0.9259	1.0	NA	NA
ref(2)P:2L:19542468-19542988:19543620-19545101:19545157-19545458:+	1.0	1.0	1.0	1.0
ref(2)P:2L:19542468-19542988:19543620-19545101:19545157-19545548:+	1.0	1.0	1.0	1.0
regucalcin:X:12012377-12012528:12016003-12016721:12016779-12017058:+	1.0	1.0	1.0	NA
regucalcin:X:12014424-12014521:12016003-12016721:12016779-12017058:+	1.0	1.0	1.0	NA
regucalcin:X:12015483-12015566:12016003-12016721:12016779-12017058:+	1.0	1.0	1.0	NA
regucalcin:X:12015483-12015624:12016003-12016721:12016779-12017375:+	1.0	1.0	1.0	NA
rg:X:5085759-5085889:5089342-5090145:5203311-5203415:+	1.0	1.0	1.0	NA
rg:X:5085759-5086201:5089342-5090145:5163901-5165498:+	1.0	1.0	0.987	1.0
rg:X:5085759-5086201:5089342-5090145:5203311-5203415:+	1.0	1.0	1.0	1.0
rg:X:5163901-5165498:5174897-5176788:5186903-5187429:+	1.0	1.0	1.0	1.0
rg:X:5165310-5165498:5174897-5176788:5186903-5187429:+	1.0	1.0	1.0	1.0
rg:X:5174897-5176788:5186903-5187429:5203311-5203415:+	1.0	1.0	1.0	1.0
rg:X:5249749-5250012:5250078-5250274:5250423-5250574:+	1.0	1.0	NA	NA
rg:X:5250078-5250274:5250423-5250574:5250729-5250952:+	1.0	1.0	1.0	1.0
rg:X:5250078-5250274:5250423-5250574:5250729-5254864:+	1.0	1.0	1.0	1.0
rl:2R:1071462-1071573:1072268-1072439:1076635-1076761:+	NA	1.0	1.0	1.0
rl:2R:1071975-1072045:1072251-1072439:1076635-1076761:+	1.0	1.0	1.0	1.0
rl:2R:1071975-1072045:1072268-1072439:1076635-1076761:+	NA	1.0	1.0	1.0
rl:2R:1071975-1072439:1076635-1076761:1080331-1080441:+	1.0	1.0	1.0	1.0
rl:2R:1071975-1072439:1076635-1076761:1080331-1081150:+	1.0	1.0	1.0	1.0
rl:2R:1072251-1072439:1074272-1074364:1076635-1076761:+	0.1111	0.0323	0.0196	0.0698
rl:2R:1072251-1072439:1076635-1076761:1076816-1076877:+	1.0	1.0	1.0	1.0
rl:2R:1072251-1072439:1076635-1076761:1080331-1080441:+	1.0	1.0	1.0	1.0
rl:2R:1072268-1072439:1076635-1076761:1080331-1080441:+	1.0	1.0	1.0	1.0
rl:2R:1076635-1076761:1080331-1080441:1105847-1105981:+	NA	1.0	NA	1.0
rl:2R:1113198-1113482:1113537-1113725:1120625-1121107:+	1.0	1.0	1.0	NA
rl:2R:1113198-1113482:1113537-1113725:1120625-1121771:+	1.0	1.0	1.0	NA
rl:2R:1113198-1113482:1113537-1113725:1120625-1125927:+	1.0	1.0	1.0	NA
robl:2R:17456472-17456573:17456637-17456715:17456784-17457129:+	1.0	1.0	1.0	1.0
rsh:X:13034240-13034343:13046904-13047013:13047862-13048027:+	1.0	1.0	NA	NA
rsh:X:13034735-13035208:13046904-13047013:13047862-13048027:+	1.0	1.0	NA	NA
rsh:X:13046904-13047013:13047862-13048027:13068047-13068266:+	1.0	1.0	NA	NA
rtet:3R:21110019-21110194:21110252-21110557:21110616-21110834:+	1.0	1.0	NA	NA
rudhira:X:11816898-11817033:11817236-11818016:11823283-11824478:+	1.0	1.0	1.0	1.0
rudhira:X:11816898-11818016:11823283-11824478:11824790-11825093:+	1.0	1.0	1.0	1.0
rudhira:X:11817236-11818016:11823283-11824478:11824790-11825093:+	1.0	1.0	1.0	1.0
rumpel:X:7419992-7420057:7420120-7421210:7421273-7421639:+	1.0	1.0	NA	NA
rumpel:X:7419992-7420057:7420120-7421210:7421273-7422142:+	1.0	1.0	NA	NA
sNPF:2L:20054077-20054221:20054279-20054736:20054879-20055109:+	1.0	1.0	1.0	1.0
sNPF:2L:20054279-20054736:20054879-20055109:20055176-20056373:+	1.0	1.0	1.0	1.0
san:2R:11360706-11360832:11360959-11361282:11361515-11361871:+	1.0	1.0	1.0	1.0
sano:2R:18878391-18878640:18879826-18880128:18902866-18902912:+	0.1333	0.0345	NA	NA
sano:2R:18878391-18878640:18902866-18902912:18913443-18913494:+	1.0	0.92	1.0	NA
sano:2R:18879826-18880128:18902866-18902912:18913443-18913494:+	1.0	1.0	1.0	NA
scrib:3R:26580333-26580626:26580696-26581022:26582665-26583398:+	1.0	1.0	1.0	NA
scro:3L:24724162-24724430:24725824-24726292:24728297-24728508:+	0.92	1.0	1.0	0.7143
scro:3L:24724162-24724430:24728297-24728508:24734036-24734187:+	1.0	1.0	1.0	1.0
scro:3L:24725824-24726292:24728297-24728508:24734036-24734187:+	1.0	0.9843	1.0	0.9394
scro:3L:24725824-24726292:24728297-24728508:24734036-24734331:+	1.0	0.9843	1.0	0.9394
scro:3L:24728297-24728508:24734036-24734187:24740905-24741000:+	1.0	1.0	1.0	1.0
scro:3L:24734036-24734187:24740905-24741000:24748408-24748494:+	1.0	1.0	1.0	1.0
scro:3L:24734036-24734187:24740905-24741000:24757361-24758036:+	1.0	1.0	1.0	1.0
sd:X:15804370-15805177:15805558-15806321:15819596-15819723:+	1.0	1.0	1.0	1.0
sei:2R:24052030-24052169:24052395-24052588:24052655-24052749:+	1.0	1.0	1.0	1.0
sei:2R:24052395-24052588:24052655-24052749:24052802-24053035:+	1.0	1.0	1.0	1.0
sfl:3L:6495680-6496481:6505083-6505119:6523030-6524096:+	0.7879	0.931	0.75	0.7143
sfl:3L:6505083-6505119:6523030-6524096:6534493-6534702:+	1.0	1.0	1.0	NA
sgg:X:2633952-2634025:2634827-2635031:2641125-2641361:+	1.0	1.0	1.0	1.0
sgg:X:2633952-2634025:2634836-2634871:2641590-2642093:+	0.0263	0.0093	NA	0.0526
sgg:X:2633952-2634025:2641590-2642093:2669913-2670103:+	1.0	1.0	NA	NA
sgg:X:2634827-2635031:2641125-2641361:2641590-2642093:+	1.0	1.0	1.0	1.0
shi:X:15892116-15892166:15892828-15893150:15894693-15894766:+	1.0	1.0	1.0	1.0
shi:X:15892200-15892251:15892828-15893150:15894693-15894766:+	1.0	1.0	1.0	1.0
shi:X:15892200-15892360:15892828-15893150:15894693-15894766:+	1.0	1.0	1.0	1.0
shi:X:15892200-15892417:15892828-15893150:15894693-15894766:+	1.0	1.0	1.0	1.0
shi:X:15892200-15892440:15892828-15893150:15894693-15894766:+	1.0	1.0	1.0	1.0
shi:X:15892200-15892569:15892828-15893150:15894693-15894766:+	1.0	1.0	1.0	1.0
shi:X:15892200-15892581:15892828-15893150:15894693-15894766:+	1.0	1.0	1.0	1.0
shi:X:15892828-15893150:15894693-15894766:15894835-15895591:+	1.0	1.0	1.0	1.0
shi:X:15892889-15893150:15894693-15894766:15894835-15895591:+	1.0	1.0	1.0	1.0
shi:X:15894693-15894766:15894835-15895591:15895662-15895778:+	1.0	1.0	1.0	1.0
shi:X:15894835-15895591:15895662-15895778:15895846-15896074:+	1.0	1.0	NA	NA
shi:X:15895662-15895778:15895846-15896074:15896147-15896304:+	1.0	1.0	1.0	1.0
shi:X:15895846-15896074:15896147-15896304:15896366-15896472:+	1.0	1.0	1.0	1.0
shi:X:15896147-15896304:15896366-15896472:15896707-15896763:+	1.0	1.0	1.0	1.0
shi:X:15896147-15896304:15896366-15896472:15897102-15897295:+	1.0	1.0	1.0	1.0
shi:X:15896366-15896472:15896707-15896763:15897102-15897295:+	0.0	0.0	0.0	0.0
shi:X:15896366-15896472:15897102-15897295:15898955-15899074:+	1.0	1.0	1.0	1.0
shi:X:15901544-15901747:15901823-15901916:15901978-15902117:+	1.0	1.0	NA	NA
shi:X:15901823-15901916:15901978-15902117:15902190-15902332:+	1.0	1.0	1.0	1.0
shi:X:15901978-15902117:15902190-15902332:15903790-15905068:+	1.0	1.0	1.0	1.0
shi:X:15901978-15902117:15902190-15902332:15903790-15905667:+	1.0	1.0	1.0	1.0
shi:X:15901978-15902117:15902190-15902332:15905774-15906252:+	1.0	1.0	1.0	1.0
shi:X:15901978-15902117:15902190-15902332:15905774-15906716:+	1.0	1.0	1.0	1.0
sicily:X:11892289-11892403:11892730-11893355:11893590-11893745:+	1.0	1.0	1.0	1.0
side-VI:3R:10972381-10973349:10992905-10993605:11012014-11012137:+	1.0	1.0	1.0	NA
side-VIII:2R:20473761-20474045:20475910-20476251:20477884-20478951:+	1.0	1.0	NA	1.0
sif:3L:5657913-5658290:5658343-5658547:5659429-5659681:+	0.0	0.0	0.0	0.0
sif:3L:5657913-5658290:5659429-5659681:5667822-5667942:+	1.0	1.0	1.0	1.0
sif:3L:5659429-5659681:5667822-5667942:5668006-5668141:+	1.0	1.0	NA	NA
sif:3L:5664861-5666036:5667822-5667942:5668006-5668141:+	1.0	1.0	NA	NA
sif:3L:5665177-5666036:5667822-5667942:5668006-5668141:+	1.0	1.0	NA	NA
sif:3L:5666849-5667034:5667822-5667942:5668006-5668141:+	1.0	1.0	NA	NA
sif:3L:5667822-5667942:5668006-5668141:5668691-5668884:+	1.0	1.0	1.0	1.0
sif:3L:5667822-5667942:5668006-5668141:5668700-5668884:+	1.0	1.0	NA	NA
sif:3L:5668006-5668141:5668691-5668884:5668964-5669082:+	1.0	1.0	1.0	1.0
sif:3L:5668006-5668141:5668700-5668884:5668964-5669082:+	1.0	1.0	1.0	1.0
sif:3L:5668691-5668884:5668964-5669082:5672055-5673265:+	1.0	1.0	1.0	1.0
sif:3L:5668691-5668884:5668964-5669082:5673067-5673265:+	1.0	1.0	1.0	1.0
sif:3L:5668691-5668884:5668964-5669082:5673094-5673265:+	1.0	1.0	1.0	1.0
sif:3L:5668700-5668884:5668964-5669082:5673094-5673265:+	1.0	1.0	1.0	1.0
sif:3L:5691427-5691783:5695422-5699024:5703925-5704070:+	1.0	1.0	NA	1.0
sif:3L:5739106-5739334:5739444-5739726:5740104-5740207:+	1.0	1.0	NA	1.0
sif:3L:5739106-5739334:5739444-5739726:5740104-5746400:+	1.0	1.0	NA	1.0
sif:3L:5739106-5739334:5739465-5739726:5740104-5740207:+	1.0	1.0	NA	1.0
sif:3L:5739444-5739726:5740104-5740207:5746468-5749599:+	1.0	1.0	1.0	1.0
sif:3L:5739465-5739726:5740104-5740207:5746468-5749599:+	1.0	1.0	1.0	1.0
simj:3L:10687665-10688597:10688679-10688780:10688926-10689303:+	1.0	1.0	NA	1.0
simj:3L:10687665-10688597:10688691-10688780:10688926-10689303:+	1.0	1.0	NA	NA
slgA:X:21382794-21382968:21383030-21383383:21383450-21383627:+	1.0	1.0	NA	NA
slgA:X:21383030-21383383:21383450-21383627:21383700-21384289:+	1.0	1.0	NA	NA
slgA:X:21383030-21383383:21383450-21383627:21383700-21385159:+	1.0	1.0	NA	NA
slo:3R:24674411-24674569:24674770-24674881:24675167-24675318:+	1.0	1.0	1.0	1.0
slo:3R:24674770-24674881:24675167-24675318:24675633-24675800:+	1.0	1.0	1.0	1.0
slo:3R:24675167-24675318:24675633-24675800:24677244-24677335:+	1.0	1.0	1.0	1.0
slo:3R:24675167-24675318:24675633-24675800:24679486-24679577:+	1.0	1.0	1.0	1.0
slo:3R:24675167-24675318:24675633-24675800:24682308-24682399:+	1.0	1.0	1.0	1.0
sloth1:X:7011357-7011408:7011494-7011756:7011818-7012137:+	1.0	1.0	1.0	1.0
sloth2:X:7011357-7011408:7011494-7011756:7011818-7012137:+	1.0	1.0	1.0	1.0
smash:3R:4659579-4659676:4660239-4660399:4670797-4670850:+	1.0	1.0	1.0	1.0
smash:3R:4659579-4659825:4660239-4660399:4670797-4670850:+	1.0	1.0	1.0	1.0
smash:3R:4659579-4659893:4660239-4660399:4670797-4670850:+	1.0	1.0	1.0	1.0
smash:3R:4659579-4660399:4670797-4670850:4680229-4680579:+	1.0	0.925	1.0	1.0
smash:3R:4659579-4660399:4670797-4670850:4680779-4680837:+	1.0	1.0	1.0	1.0
smash:3R:4660239-4660399:4670797-4670850:4680779-4680837:+	1.0	1.0	1.0	1.0
smash:3R:4670797-4670850:4680229-4680579:4680779-4680837:+	0.9091	0.7674	1.0	0.8286
smash:3R:4701158-4702411:4705723-4705780:4707026-4708106:+	1.0	1.0	NA	NA
smid:3L:7384649-7384981:7385050-7385274:7385337-7385637:+	1.0	1.0	NA	NA
smog:2L:4852864-4853016:4854398-4854728:4865148-4866130:+	1.0	1.0	1.0	1.0
smog:2L:4852864-4853016:4854435-4854728:4865148-4866130:+	1.0	1.0	1.0	1.0
smog:2L:4854398-4854728:4865148-4866130:4870478-4870717:+	1.0	1.0	1.0	1.0
smog:2L:4854435-4854728:4865148-4866130:4870478-4870717:+	1.0	1.0	1.0	1.0
smog:2L:4873596-4873999:4874058-4874169:4874887-4875233:+	1.0	1.0	NA	NA
smog:2L:4873818-4873999:4874058-4874169:4874887-4875233:+	1.0	1.0	NA	NA
smog:2L:4873872-4873999:4874058-4874169:4874887-4876792:+	1.0	1.0	NA	NA
smog:2L:4874058-4874169:4874542-4874562:4874887-4875233:+	0.2973	0.3077	NA	0.5
sn:X:7984470-7985039:7985108-7985356:7985434-7986085:+	1.0	1.0	NA	NA
sn:X:7984470-7985039:7985108-7985356:7985434-7986601:+	1.0	1.0	NA	NA
snama:2R:24087776-24088010:24088065-24088543:24088604-24088878:+	1.0	NA	1.0	NA
sosie:3R:24834313-24834381:24838051-24838197:24839313-24839489:+	1.0	1.0	NA	NA
sosie:3R:24835609-24835694:24838051-24838197:24839313-24839489:+	1.0	1.0	NA	NA
sosie:3R:24836681-24837217:24838051-24838197:24839313-24839489:+	1.0	1.0	NA	NA
sosie:3R:24838051-24838197:24839313-24839489:24839612-24839836:+	1.0	1.0	1.0	1.0
sosie:3R:24838051-24838197:24839313-24839489:24839612-24840488:+	1.0	1.0	1.0	1.0
sov:X:6759988-6760210:6760277-6760346:6760414-6767122:+	1.0	1.0	1.0	NA
sov:X:6759991-6760210:6760277-6760346:6760414-6767122:+	1.0	1.0	1.0	NA
sov:X:6760277-6760346:6760414-6767122:6767184-6768338:+	1.0	1.0	NA	NA
sp3:3R:21525829-21526902:21527263-21527401:21527468-21527691:+	1.0	1.0	NA	NA
sp3:3R:21525829-21526902:21527263-21527401:21527468-21528598:+	1.0	1.0	NA	NA
spag:2R:24160288-24160871:24160929-24161214:24161279-24161503:+	1.0	1.0	1.0	1.0
spen:2L:159032-159819:160009-163001:164159-164234:+	1.0	1.0	1.0	1.0
spen:2L:159032-159823:162592-163001:183761-185082:+	1.0	1.0	1.0	1.0
spir:2L:20343599-20343672:20343743-20343947:20344655-20344969:+	1.0	1.0	NA	NA
spir:2L:20343599-20343672:20343743-20343947:20344655-20345458:+	1.0	1.0	NA	NA
spir:2L:20343743-20343947:20344655-20345458:20345525-20345670:+	1.0	1.0	NA	NA
spt4:2R:12633589-12633745:12633807-12633969:12634036-12634172:+	1.0	1.0	1.0	1.0
stai:2L:6101694-6101798:6109773-6110224:6113030-6113113:+	NA	1.0	1.0	1.0
stai:2L:6101694-6101798:6121774-6121943:6122005-6122190:+	NA	1.0	NA	1.0
stai:2L:6109667-6110224:6113030-6113113:6121774-6121943:+	1.0	1.0	1.0	1.0
stai:2L:6109773-6110224:6113030-6113113:6121774-6121943:+	1.0	1.0	1.0	1.0
stai:2L:6113030-6113113:6121774-6121943:6122005-6122190:+	1.0	1.0	1.0	1.0
stai:2L:6120674-6121210:6121774-6121943:6122005-6122190:+	NA	1.0	NA	1.0
stai:2L:6121774-6121943:6122005-6122190:6122264-6122410:+	1.0	1.0	1.0	1.0
stai:2L:6122005-6122190:6122264-6122410:6122698-6122853:+	1.0	1.0	1.0	1.0
stai:2L:6122005-6122190:6122264-6122410:6122978-6123899:+	1.0	1.0	1.0	1.0
stai:2L:6122264-6122410:6122698-6122853:6122978-6123899:+	0.2704	0.2474	0.3978	0.4248
stai:2L:6122264-6122410:6122698-6122853:6122978-6124653:+	0.2704	0.2474	0.3978	0.4248
stj:2R:13814243-13814314:13814379-13814581:13814644-13814786:+	1.0	1.0	NA	1.0
stj:2R:13814379-13814581:13814644-13814786:13814968-13815024:+	1.0	1.0	NA	1.0
stj:2R:13814379-13814581:13814644-13814786:13815555-13815648:+	1.0	1.0	NA	1.0
su(sable):X:635890-636279:638333-638720:638781-639016:+	1.0	1.0	NA	NA
su(sable):X:636442-636587:638333-638720:638781-639016:+	1.0	1.0	NA	NA
su(sable):X:638333-638720:638781-639016:639720-641017:+	1.0	1.0	NA	NA
sxc:2R:5307288-5307352:5307414-5307652:5316269-5316479:+	1.0	1.0	NA	NA
sxc:2R:5307288-5307352:5307473-5307652:5316269-5316479:+	1.0	1.0	NA	NA
sxc:2R:5307288-5307652:5316269-5316479:5320008-5320191:+	1.0	1.0	NA	NA
sxc:2R:5307414-5307652:5316269-5316479:5320008-5320191:+	1.0	1.0	NA	NA
sxc:2R:5307473-5307652:5316269-5316479:5320008-5320191:+	1.0	1.0	NA	NA
sxc:2R:5325804-5325999:5326063-5327791:5327848-5328028:+	1.0	1.0	1.0	1.0
sxc:2R:5326063-5327791:5327848-5328028:5329010-5329495:+	1.0	1.0	1.0	1.0
sxc:2R:5326063-5327791:5327848-5328028:5329010-5329555:+	1.0	1.0	1.0	1.0
synr:2L:4943348-4943748:4943803-4943988:4944048-4944305:+	1.0	1.0	NA	NA
tai:2L:9176358-9176380:9177122-9177630:9191615-9191813:+	1.0	1.0	1.0	1.0
tai:2L:9176358-9176380:9177125-9177630:9191615-9191813:+	1.0	1.0	1.0	1.0
tai:2L:9177122-9177630:9191615-9191813:9233988-9234657:+	NA	NA	1.0	1.0
tai:2L:9177125-9177630:9191615-9191813:9233988-9234657:+	NA	NA	1.0	1.0
tai:2L:9243612-9243900:9245386-9245712:9245777-9247186:+	1.0	1.0	NA	NA
tai:2L:9243612-9243900:9245386-9245712:9245777-9250211:+	1.0	1.0	NA	NA
tai:2L:9244263-9244586:9245386-9245712:9245777-9247186:+	1.0	1.0	NA	NA
tai:2L:9244263-9244586:9245386-9245712:9245777-9250211:+	1.0	1.0	NA	NA
tapas:2R:20320496-20320688:20321678-20324224:20324293-20324411:+	1.0	1.0	NA	NA
teq:3L:9091533-9091625:9091737-9091820:9091882-9092131:+	1.0	1.0	NA	NA
ths:2R:11756817-11759501:11770537-11770582:11793228-11793351:+	1.0	NA	NA	1.0
tinc:3R:17811541-17811714:17813531-17813617:17836151-17836236:+	1.0	1.0	NA	NA
tinc:3R:17811541-17811804:17813531-17813617:17836151-17836236:+	0.9773	1.0	1.0	1.0
tinc:3R:17811541-17811804:17836151-17836236:17851986-17852683:+	1.0	1.0	NA	1.0
tinc:3R:17813531-17813617:17836151-17836236:17851986-17852683:+	1.0	1.0	1.0	1.0
tinc:3R:17821894-17821938:17836151-17836236:17851986-17852683:+	1.0	1.0	NA	1.0
tinc:3R:17836151-17836236:17851986-17852683:17853015-17853130:+	1.0	1.0	NA	1.0
tipE:3L:4188499-4188774:4189676-4191886:4192192-4193100:+	1.0	1.0	1.0	NA
tmod:3R:30572023-30572535:30572599-30572850:30572925-30573072:+	1.0	1.0	1.0	NA
tmod:3R:30572023-30572535:30572599-30572850:30572925-30576277:+	1.0	1.0	1.0	NA
tmod:3R:30572599-30572850:30572925-30573072:30573235-30573543:+	1.0	1.0	NA	NA
tmod:3R:30572599-30572850:30572925-30573072:30574241-30574526:+	1.0	1.0	NA	NA
tmod:3R:30572599-30572850:30572925-30573072:30575432-30575948:+	1.0	1.0	1.0	NA
tmod:3R:30572599-30572850:30572925-30573072:30577179-30577558:+	1.0	1.0	1.0	NA
tmod:3R:30572599-30572850:30572925-30573072:30578117-30578905:+	1.0	1.0	NA	NA
tna:3L:10873645-10873774:10873878-10874264:10874336-10874646:+	1.0	1.0	1.0	1.0
tna:3L:10873645-10873774:10873878-10874264:10874336-10875743:+	1.0	1.0	1.0	1.0
tna:3L:10873645-10873774:10873878-10874264:10874336-10876496:+	1.0	1.0	1.0	1.0
tow:3L:6942856-6943006:6944432-6944769:6946264-6946447:+	1.0	1.0	1.0	1.0
tow:3L:6942856-6943101:6944432-6944769:6946264-6946447:+	1.0	1.0	1.0	1.0
tow:3L:6947248-6947915:6947971-6948109:6948278-6949313:+	1.0	1.0	NA	NA
tow:3L:6947248-6947915:6947986-6948109:6948278-6948662:+	1.0	1.0	NA	NA
tow:3L:6947248-6947915:6947986-6948109:6948278-6949313:+	1.0	1.0	NA	NA
toy:4:1004158-1004373:1004470-1004618:1005807-1006009:+	1.0	1.0	NA	NA
toy:4:1004158-1004412:1004470-1004618:1005807-1006009:+	1.0	1.0	NA	NA
toy:4:1004470-1004618:1005807-1006009:1006066-1006288:+	1.0	1.0	1.0	1.0
toy:4:1004470-1004618:1005807-1006009:1006066-1007922:+	1.0	1.0	1.0	1.0
toy:4:992066-992246:996512-996749:997707-997883:+	1.0	1.0	1.0	1.0
toy:4:996512-996749:997707-997883:998623-998693:+	1.0	1.0	NA	1.0
toy:4:996512-996749:997707-997883:998623-998705:+	1.0	1.0	NA	1.0
toy:4:997707-997883:998623-998693:1004158-1004373:+	1.0	1.0	NA	NA
trv:3R:28047571-28047721:28049319-28050306:28075677-28075764:+	1.0	1.0	1.0	1.0
trv:3R:28082901-28083090:28083230-28083622:28084463-28084616:+	NA	1.0	NA	1.0
trv:3R:28082901-28083090:28083230-28083622:28084463-28085009:+	NA	1.0	NA	1.0
trv:3R:28083230-28083622:28084463-28084616:28085405-28085762:+	1.0	1.0	1.0	1.0
trv:3R:28083230-28083622:28084463-28084616:28085426-28090740:+	1.0	1.0	1.0	1.0
trv:3R:28083230-28083622:28084463-28084616:28086887-28090740:+	1.0	1.0	NA	1.0
ttv:2R:14583305-14583631:14583694-14584010:14584118-14585321:+	1.0	1.0	NA	NA
ttv:2R:14583305-14583631:14583694-14584010:14584118-14587917:+	1.0	1.0	NA	NA
tutl:2L:4283148-4283252:4284759-4285074:4295163-4295621:+	1.0	1.0	NA	NA
tutl:2L:4284701-4285074:4295163-4295621:4299068-4299189:+	1.0	1.0	1.0	1.0
tutl:2L:4284759-4285074:4295163-4295621:4299068-4299189:+	1.0	1.0	1.0	1.0
tutl:2L:4295163-4295621:4299068-4299189:4303336-4303618:+	1.0	1.0	1.0	1.0
tutl:2L:4307563-4308426:4308776-4308859:4314202-4314615:+	1.0	1.0	NA	NA
tutl:2L:4307563-4308426:4308776-4308859:4314202-4316050:+	1.0	1.0	NA	NA
tutl:2L:4308776-4308859:4312028-4312111:4314202-4314615:+	0.0	0.0	NA	NA
tutl:2L:4308776-4308859:4314202-4314615:4318577-4318804:+	1.0	1.0	NA	NA
tutl:2L:4308776-4308859:4314202-4314615:4318594-4318708:+	1.0	1.0	NA	NA
twr:3R:6657882-6658097:6658168-6658427:6659003-6659180:+	1.0	1.0	1.0	NA
twr:3R:6658168-6658427:6659003-6659180:6659242-6659442:+	1.0	1.0	1.0	1.0
tyn:X:197715-197988:198052-198346:198434-198549:+	1.0	1.0	NA	NA
tyn:X:198052-198346:198434-198549:198610-199037:+	1.0	1.0	1.0	1.0
tyn:X:198052-198346:198434-198549:198610-199461:+	1.0	1.0	1.0	1.0
tyn:X:198052-198346:198434-198549:198610-200663:+	1.0	1.0	1.0	1.0
unc80:3R:27662439-27662497:27663187-27663441:27664097-27664123:+	1.0	1.0	NA	NA
unc80:3R:27664493-27664825:27664881-27665180:27665238-27665375:+	1.0	1.0	NA	NA
unc80:3R:27665238-27665375:27665429-27665742:27665800-27665999:+	1.0	1.0	NA	NA
unc80:3R:27665429-27665742:27665800-27665999:27666064-27666194:+	1.0	1.0	NA	NA
unc80:3R:27665429-27665742:27665800-27665999:27666064-27666245:+	1.0	1.0	NA	NA
unc80:3R:27665800-27665999:27666064-27666194:27666427-27666539:+	1.0	1.0	NA	NA
unc80:3R:27665800-27665999:27666064-27666245:27666427-27666539:+	1.0	1.0	NA	NA
upSET:3L:14002127-14002301:14003193-14003415:14007237-14009717:+	NA	1.0	NA	1.0
upSET:3L:14010031-14010587:14010697-14010895:14010996-14017627:+	1.0	1.0	NA	NA
upSET:3L:14010697-14010895:14010996-14017627:14017693-14017881:+	1.0	1.0	NA	NA
vg:2R:12884201-12885311:12886369-12887240:12891467-12891947:+	1.0	1.0	1.0	NA
vg:2R:12884632-12885311:12886369-12887240:12891467-12891947:+	1.0	1.0	1.0	NA
vig2:3R:25123373-25123479:25123632-25124115:25124590-25125498:+	1.0	1.0	NA	NA
vig2:3R:25123445-25123479:25123632-25124115:25124590-25125619:+	1.0	1.0	NA	NA
vig2:3R:25123445-25123483:25123632-25124115:25124590-25125619:+	1.0	1.0	NA	NA
vtd:3L:27136946-27137236:27140119-27140242:27146395-27146574:+	1.0	1.0	1.0	1.0
vtd:3L:27140119-27140242:27146395-27146574:27146628-27146883:+	1.0	1.0	1.0	1.0
vtd:3L:27146395-27146574:27146628-27146883:27146945-27147695:+	1.0	1.0	1.0	1.0
vtd:3L:27146628-27146883:27146945-27147695:27156010-27156171:+	1.0	1.0	1.0	1.0
vtd:3L:27146945-27147695:27147770-27147997:27156010-27156171:+	0.0	0.0	0.0	NA
vtd:3L:27146945-27147695:27156010-27156171:27157810-27157999:+	1.0	1.0	1.0	1.0
vtd:3L:27147770-27147997:27156010-27156171:27157810-27157999:+	1.0	1.0	1.0	1.0
wac:3L:258176-258395:258451-258763:258823-259097:+	1.0	1.0	1.0	1.0
wac:3L:258350-258395:258451-258763:258823-259097:+	1.0	1.0	1.0	1.0
wun2:2R:9417156-9417335:9417395-9417571:9417633-9417846:+	1.0	1.0	NA	1.0
wwk:2L:15093419-15093683:15094134-15094232:15094679-15095177:+	0.8	0.5484	NA	NA
wwk:2L:15094134-15094232:15094679-15095177:15095298-15095443:+	1.0	1.0	NA	NA
yip2:2L:9915625-9915791:9916052-9916980:9917040-9917220:+	1.0	1.0	NA	NA
zfh2:4:501810-501857:503851-504138:515582-515631:+	1.0	1.0	1.0	1.0
zfh2:4:503851-504138:515582-515631:521473-523104:+	1.0	1.0	1.0	1.0
zfh2:4:532983-535880:537175-537760:538538-538604:+	1.0	1.0	NA	1.0
zfh2:4:537175-537760:538538-538604:538659-539792:+	1.0	1.0	NA	1.0
zfh2:4:537175-537760:538538-538604:538659-540874:+	1.0	1.0	NA	1.0
