event_id,n_pairs,mean_psi_male,mean_psi_female,delta_psi,t_stat,p_value
CG8079:2R:15221728-15221823:15221899-15221980:15222044-15222425:+,2,0.47514999999999996,0.89655,-0.4214,-10.508728179551124,0.06039822843687131
CG42594:X:4840833-4841440:4869496-4869554:4894618-4895060:+,2,0.7857000000000001,1.0,-0.2143,-1.0,0.49999999999999956
smash:3R:4670797-4670850:4680229-4680579:4680779-4680837:+,2,0.798,0.95455,-0.15655000000000002,-10.542087542087561,0.06020824380586809
CkIIalpha:3L:23099640-23099723:23100245-23100357:23102122-23103460:+,2,0.93335,0.78735,0.14600000000000002,0.9029066171923319,0.5324545670490322
Myo81F:3R:1342196-1342317:1454572-1455091:1467146-1467258:+,2,0.9649,0.82145,0.14344999999999997,0.6714252281769247,0.6235732469679325
lilli:2L:2885929-2886578:2889674-2890916:2945030-2945792:+,2,1.0,0.8571500000000001,0.14284999999999998,1.0,0.49999999999999956
Syp:3R:20792314-20792555:20795139-20795274:20797144-20797277:+,2,0.88975,1.0,-0.11025000000000001,-2.5315729047072315,0.23949535393619
mub:3L:21844788-21845235:21875297-21875325:21907346-21907920:+,2,0.74775,0.85485,-0.10709999999999997,-0.5996640537513996,0.6561155414331745
cora:2R:19236942-19237063:19237328-19237441:19238152-19238314:+,2,0.8065,0.9117500000000001,-0.10525000000000001,-11.629834254143717,0.054605914602588464
Cadps:4:1234679-1234799:1241730-1241897:1243477-1243652:+,2,0.89655,1.0,-0.10344999999999999,-1.0,0.49999999999999956
Adar:X:1773725-1774222:1775699-1775738:1778370-1778560:+,2,0.8492999999999999,0.9524,-0.10310000000000002,-0.9599627560521418,0.5130027760040062
Adar:X:1773725-1774222:1775699-1775738:1778370-1778699:+,2,0.8492999999999999,0.9524,-0.10310000000000002,-0.9599627560521418,0.5130027760040062
scro:3L:24724162-24724430:24725824-24726292:24728297-24728508:+,2,0.8571500000000001,0.96,-0.10285,-0.562482909488652,0.6738110035192055
B52:3R:13662970-13663051:13663455-13664934:13665453-13665526:+,2,1.0,0.9,0.09999999999999998,1.0,0.49999999999999956
Ntf-2:X:21036539-21036637:21037610-21037994:21038746-21039543:+,2,0.43684999999999996,0.34085,0.09599999999999997,6.760563380281693,0.09348878350354926
Adar:X:1773725-1774222:1775650-1775738:1778612-1778699:+,2,0.30075,0.2056,0.09515000000000003,1.9968520461699908,0.29556855050660696
Adar:X:1773725-1774222:1775699-1775738:1778612-1778699:+,2,0.5433,0.45,0.0933,2.24278846153846,0.2670091890593541
fne:X:12918577-12919709:12939015-12939242:12941720-12942847:+,2,0.7969999999999999,0.88875,-0.09175000000000005,-1.588744588744589,0.3576383533796411
fne:X:12918577-12919709:12939015-12939242:12941720-12942856:+,2,0.7969999999999999,0.88875,-0.09175000000000005,-1.588744588744589,0.3576383533796411
dpr8:X:14322226-14322915:14324738-14324858:14355463-14355542:+,2,0.81985,0.72895,0.09090000000000004,1.8180000000000012,0.3201468147583899
Sema2b:2R:16428729-16428822:16429331-16429462:16429579-16430763:+,2,1.0,0.9091,0.09089999999999998,1.0,0.49999999999999956
ps:3R:9436835-9437118:9439346-9439705:9440681-9441665:+,2,1.0,0.91665,0.08334999999999998,1.0,0.49999999999999956
CG11360:4:671142-671166:671247-671387:680440-681135:+,2,0.11045,0.0278,0.08265,0.8059483178937104,0.5681442309212577
CG42540:3L:4574964-4575758:4577917-4577952:4578760-4578869:+,2,0.6378,0.7202,-0.08239999999999997,-0.4305120167189132,0.741194902761233
Wbp2:3L:12852232-12852277:12852427-12852521:12852616-12852716:+,2,0.92595,1.0,-0.07405,-1.0,0.49999999999999956
Nhe2:2L:21122251-21122389:21122913-21122927:21124135-21124191:+,2,0.20085,0.12764999999999999,0.0732,73.20000000000095,0.008696450451032864
HnRNP-K:2R:20587551-20587744:20589617-20589667:20595557-20595663:+,2,0.27854999999999996,0.34785,-0.06930000000000001,-0.9415760869565217,0.5191507294752504
anne:4:136879-137167:137223-137332:137391-137752:+,2,0.71255,0.7778,-0.06524999999999997,-0.17957891839823853,0.8868821892713514
CG12129:2R:10033304-10033551:10033604-10033703:10033757-10034021:+,2,0.96,0.89655,0.06345,1.0,0.49999999999999956
Tomosyn:X:12631605-12631813:12633918-12633957:12635732-12636283:+,2,0.79165,0.8503000000000001,-0.05864999999999998,-0.7952542372881355,0.5722930678318086
Cirl:2R:8614722-8615249:8615407-8615476:8615903-8616156:+,2,0.3385,0.28085000000000004,0.05764999999999998,0.43135054246165344,0.7407446866342584
Cirl:2R:8614722-8615249:8615407-8615476:8615903-8616516:+,2,0.3385,0.28085000000000004,0.05764999999999998,0.43135054246165344,0.7407446866342584
ps:3R:9417940-9418000:9419807-9420047:9432029-9432839:+,2,0.94445,1.0,-0.05554999999999999,-1.0,0.49999999999999956
lncRNA:CR44997:X:22657324-22657659:22692941-22692999:22740542-22740620:+,2,0.9301,0.8751,0.05500000000000005,1.7460317460317492,0.33112159650687967
sfl:3L:6495680-6496481:6505083-6505119:6523030-6524096:+,2,0.8226500000000001,0.76895,0.053700000000000025,0.6006711409395977,0.6556441908382512
Dbp80:3L:27292882-27293013:27293076-27293271:27331994-27332108:+,2,0.9524,1.0,-0.047599999999999976,-1.0,0.49999999999999956
Snap25:3L:24131196-24131237:24167763-24167811:24210021-24210138:+,2,0.98,0.93445,0.04554999999999998,0.6948893974065596,0.6133885864033364
Acyp2:3R:15792688-15792901:15792957-15792973:15793042-15793151:+,2,0.9565,1.0,-0.04349999999999998,-1.0,0.49999999999999956
mRpS5:3L:24537236-24537313:24537398-24537616:24542410-24543534:+,2,0.9565,1.0,-0.04349999999999998,-1.0,0.49999999999999956
dpr21:2R:3121991-3122084:3182392-3182519:3190636-3190804:+,2,0.9778,0.93535,0.04244999999999999,7.38260869565213,0.08571070410443267
Akap200:2L:8427615-8428067:8428320-8429462:8430281-8430544:+,2,0.0521,0.0945,-0.0424,-1.3677419354838714,0.4019081705114089
Akap200:2L:8427615-8428067:8428320-8429462:8430281-8430977:+,2,0.0521,0.0945,-0.0424,-1.3677419354838714,0.4019081705114089
CG33995:2L:5043270-5043383:5044307-5044689:5045822-5045925:+,2,0.8446,0.8849,-0.0403,-0.43756786102062994,0.7374150983801377
CG44000:2L:5043270-5043383:5044307-5044689:5045822-5045925:+,2,0.8446,0.8849,-0.0403,-0.43756786102062994,0.7374150983801377
CG44001:2L:5043270-5043383:5044307-5044689:5045822-5045925:+,2,0.8446,0.8849,-0.0403,-0.43756786102062994,0.7374150983801377
ps:3R:9419783-9420047:9432029-9432839:9445044-9445187:+,2,1.0,0.96,0.03999999999999998,1.0,0.49999999999999956
dpr12:2R:5804712-5805454:5832347-5832377:5846593-5847470:+,2,0.9939,0.95505,0.038849999999999996,1.0,0.49999999999999956
dnc:X:3256068-3256211:3256287-3256317:3258611-3258878:+,2,0.08695,0.12555,-0.0386,-0.6992753623188406,0.6115094908341063
CG33995:2L:5043270-5043383:5044583-5044689:5045822-5045925:+,2,0.84425,0.88245,-0.038199999999999956,-0.40855614973262,0.7530803128439534
CG44000:2L:5043270-5043383:5044583-5044689:5045822-5045925:+,2,0.84425,0.88245,-0.038199999999999956,-0.40855614973262,0.7530803128439534
CG44001:2L:5043270-5043383:5044583-5044689:5045822-5045925:+,2,0.84425,0.88245,-0.038199999999999956,-0.40855614973262,0.7530803128439534
scro:3L:24725824-24726292:24728297-24728508:24734036-24734187:+,2,0.96185,1.0,-0.03815000000000002,-1.6993318485523417,0.3386154332356782
scro:3L:24725824-24726292:24728297-24728508:24734036-24734331:+,2,0.96185,1.0,-0.03815000000000002,-1.6993318485523417,0.3386154332356782
smash:3R:4659579-4660399:4670797-4670850:4680229-4680579:+,2,0.9625,1.0,-0.03749999999999998,-1.0,0.49999999999999956
qvr:2R:11442505-11443112:11444540-11444627:11444684-11444760:+,2,0.9661,0.9294,0.03670000000000001,26.21428571428549,0.024273453212573716
Crk:4:210558-210680:211854-211982:212628-212729:+,2,0.9778,0.94445,0.03334999999999999,0.42893890675241153,0.7420402672413112
pan:4:94423-94615:97822-97975:99406-101419:+,2,0.96665,1.0,-0.03334999999999999,-1.0,0.49999999999999956
pan:4:94423-94615:97822-97975:99406-99475:+,2,0.96665,1.0,-0.03334999999999999,-1.0,0.49999999999999956
CG10616:3L:12472707-12472832:12472926-12472973:12473185-12474279:+,2,0.89865,0.86665,0.03199999999999997,0.439560439560439,0.7363512102671944
Hs3st-A:2R:18718114-18718556:18718712-18718994:18732555-18732584:+,2,0.9756,0.9438500000000001,0.03175,57.72727272727326,0.011026956145263644
CG11155:4:1131701-1131958:1132085-1132573:1133875-1134072:+,2,0.101,0.0717,0.029299999999999996,1.0,0.49999999999999956
CG40191:2R:1265171-1265293:1265343-1266052:1266192-1266349:+,2,0.3931,0.4202,-0.027100000000000013,-0.5376984126984129,0.6859239007865952
pan:4:75068-75165:82638-82746:85712-85799:+,2,0.9737,1.0,-0.02629999999999999,-1.0,0.49999999999999956
PAN3:3L:3071133-3071189:3071257-3071307:3073081-3073478:+,2,0.0704,0.09645,-0.026049999999999993,-0.5731573157315729,0.6686722892629218
NaCP60E:2R:24891614-24891837:24892284-24892548:24894084-24894606:+,2,0.97435,1.0,-0.025650000000000006,-1.0,0.49999999999999956
pan:4:94423-94615:94837-95002:99406-99475:+,2,0.9756,1.0,-0.024399999999999977,-1.0,0.49999999999999956
drn:3R:9341867-9342491:9342576-9342894:9354422-9354854:+,2,0.03125,0.0077,0.02355,1.0,0.49999999999999956
ps:3R:9417940-9418000:9419783-9420047:9432029-9432839:+,2,0.97725,1.0,-0.022749999999999992,-1.0,0.49999999999999956
CG42322:3R:20750225-20750354:20750688-20750757:20752346-20752375:+,2,0.0754,0.05405,0.021350000000000004,4.402061855670101,0.14220518122577686
CG42322:3R:20750225-20750354:20752346-20752375:20753509-20753641:+,2,0.97905,1.0,-0.02094999999999997,-3.1984732824427433,0.19290900496354826
CG42322:3R:20750225-20750354:20752346-20752375:20753509-20753759:+,2,0.97905,1.0,-0.02094999999999997,-3.1984732824427433,0.19290900496354826
Trf2:X:8410277-8410689:8418351-8418426:8423184-8423575:+,2,0.98075,1.0,-0.01924999999999999,-1.0,0.49999999999999956
Trf2:X:8410277-8410689:8418351-8418426:8423184-8423669:+,2,0.98075,1.0,-0.01924999999999999,-1.0,0.49999999999999956
Trf2:X:8410282-8410689:8418351-8418426:8423184-8423575:+,2,0.98075,1.0,-0.01924999999999999,-1.0,0.49999999999999956
pan:4:87017-87166:94423-94615:97822-97975:+,2,0.9813000000000001,1.0,-0.018699999999999994,-1.0,0.49999999999999956
mbl:2R:17216549-17217075:17220055-17220103:17275410-17276063:+,2,0.9203,0.9379,-0.017600000000000005,-0.8000000000000015,0.5704465749545542
RIC-3:2R:21021191-21021317:21021501-21021521:21021886-21022133:+,2,1.0,0.98275,0.017249999999999988,1.0,0.49999999999999956
nrv3:2L:21380133-21380478:21382019-21382330:21384455-21384595:+,2,0.98275,1.0,-0.017249999999999988,-1.0,0.49999999999999956
norpA:X:4322626-4323155:4325348-4325616:4332796-4332840:+,2,0.0349,0.0181,0.0168,3.6521739130434807,0.17014242623118103
Stlk:2R:4560361-4560789:4562845-4563081:4564434-4564987:+,2,1.0,0.9841500000000001,0.015849999999999975,1.0,0.49999999999999956
Stlk:2R:4560361-4560789:4562845-4563081:4564434-4565281:+,2,1.0,0.9841500000000001,0.015849999999999975,1.0,0.49999999999999956
Uhg3:2L:20648189-20648248:20648420-20648479:20648785-20648848:+,2,1.0,0.9845999999999999,0.015400000000000025,1.0,0.49999999999999956
RIC-3:2R:21021191-21021317:21021501-21021521:21023065-21023165:+,2,0.95555,0.9706,-0.015050000000000008,-1.0,0.49999999999999956
Mnt:X:3671801-3672039:3683353-3683449:3692953-3693932:+,2,1.0,0.98505,0.014950000000000019,1.0,0.49999999999999956
mub:3L:21879577-21879941:21888634-21888692:21907346-21907920:+,2,0.0632,0.07805000000000001,-0.014849999999999999,-0.48136142625607775,0.7143958955904355
rl:2R:1072251-1072439:1074272-1074364:1076635-1076761:+,2,0.05105,0.06535,-0.014300000000000004,-0.22170542635658919,0.8611045797409626
Snap25:3L:24253793-24253921:24258492-24258636:24297681-24299205:+,2,0.9792000000000001,0.9929,-0.01369999999999999,-1.7792207792207815,0.3259765961630435
cpx:3R:4295568-4295700:4297488-4298585:4299790-4301541:+,2,0.97925,0.99215,-0.012899999999999967,-0.9347826086956512,0.5214509715685227
p120ctn:2R:4599269-4600087:4606764-4607320:4608359-4609492:+,2,0.96665,0.95455,0.0121,0.15355329949238583,0.9030025535091186
Snap25:3L:24161131-24161179:24210021-24210138:24253793-24253921:+,2,0.96875,0.957,0.011750000000000038,1.643356643356651,0.3480106390241356
tinc:3R:17811541-17811804:17813531-17813617:17836151-17836236:+,2,1.0,0.98865,0.011350000000000027,1.0,0.49999999999999956
CG43902:X:10158434-10159056:10186521-10186738:10188139-10189513:+,2,1.0,0.9897,0.010299999999999976,1.0,0.49999999999999956
Ggamma30A:2L:9256563-9257206:9272466-9272607:9291056-9293264:+,2,0.9899,1.0,-0.010099999999999998,-1.0,0.49999999999999956
Ggamma30A:2L:9256563-9257206:9272466-9272607:9291056-9302494:+,2,0.9899,1.0,-0.010099999999999998,-1.0,0.49999999999999956
Ggamma30A:2L:9256893-9257206:9272466-9272607:9291056-9291798:+,2,0.9899,1.0,-0.010099999999999998,-1.0,0.49999999999999956
Ggamma30A:2L:9256893-9257206:9272466-9272607:9291056-9293264:+,2,0.9899,1.0,-0.010099999999999998,-1.0,0.49999999999999956
Crk:4:211854-211982:212115-212274:212628-212729:+,2,0.0,0.00875,-0.00875,-1.0,0.49999999999999956
Pp2A-29B:2L:8368758-8369030:8369223-8369560:8369716-8370090:+,2,0.0,0.0082,-0.0082,-1.0,0.49999999999999956
CG11155:4:1127002-1127415:1128489-1128655:1129435-1129488:+,2,0.9524,0.9447,0.00770000000000004,0.1455576559546323,0.9079813540352851
Dbp80:3L:27331994-27332108:27332169-27332346:27350220-27350321:+,2,0.96075,0.9679,-0.00714999999999999,-0.20341394025604514,0.8722456719586547
Stlk:2R:4546691-4547054:4560361-4560789:4562845-4563081:+,2,1.0,0.99305,0.006950000000000012,1.0,0.49999999999999956
cpx:3R:4280221-4280356:4282674-4282834:4284226-4284406:+,2,1.0,0.9934,0.00660000000000005,3.300000000000022,0.1873155418637574
CG15465:X:5085759-5086201:5089342-5090145:5163901-5165498:+,2,1.0,0.9935,0.006500000000000006,1.0,0.49999999999999956
rg:X:5085759-5086201:5089342-5090145:5163901-5165498:+,2,1.0,0.9935,0.006500000000000006,1.0,0.49999999999999956
Alg-2:3R:3623143-3623275:3623330-3623705:3626910-3627690:+,2,0.994,0.9875499999999999,0.006450000000000011,1.7671232876712424,0.3278350155651248
alph:3R:29597419-29597473:29597776-29597908:29598164-29598942:+,2,0.423,0.4166,0.006399999999999961,0.22299651567944156,0.8603213687538553
alph:3R:29597419-29597473:29597776-29597908:29598164-29599234:+,2,0.423,0.4166,0.006399999999999961,0.22299651567944156,0.8603213687538553
PhKgamma:X:11698500-11698597:11699323-11699406:11703290-11703448:+,2,0.01785,0.01165,0.006200000000000001,1.0,0.49999999999999956
pan:4:85712-85799:85853-85933:87017-87166:+,2,1.0,0.99385,0.006149999999999989,1.0,0.49999999999999956
CG42613:3R:18929196-18929564:18931144-18931387:18937523-18937640:+,2,1.0,0.9942,0.005800000000000027,1.0,0.49999999999999956
CG43737:X:15175441-15175551:15175811-15175999:15177693-15181333:+,2,0.9973000000000001,0.99175,0.005549999999999999,0.8604651162790682,0.5476572592091011
CG42342:3R:16502770-16503171:16512964-16514176:16550207-16550286:+,2,1.0,0.99455,0.00545000000000001,1.0,0.49999999999999956
Arf4:4:1124167-1124331:1124436-1124698:1124768-1124893:+,2,0.99465,1.0,-0.005350000000000021,-1.0,0.49999999999999956
Snap25:3L:24131196-24131237:24161131-24161179:24210021-24210138:+,2,0.9976,0.9923,0.005300000000000027,0.7162162162162181,0.6043238617925688
Sap47:3R:15935119-15936340:15944949-15944996:15951602-15951850:+,2,0.00335,0.00855,-0.0052,-0.8666666666666666,0.5453957419997211
Sap47:3R:15935831-15936340:15944949-15944996:15951602-15951850:+,2,0.00335,0.00855,-0.0052,-0.8666666666666666,0.5453957419997211
Sap47:3R:15935977-15936340:15944949-15944996:15951602-15951850:+,2,0.00335,0.00855,-0.0052,-0.8666666666666666,0.5453957419997211
Idh3g:3R:25682356-25682431:25683058-25683383:25683473-25683780:+,2,1.0,0.99485,0.005149999999999988,1.0,0.49999999999999956
CG33181:X:8489815-8490015:8491948-8492030:8509456-8510118:+,2,0.00745,0.0122,-0.004750000000000001,-1.0,0.49999999999999956
Uhg4:2R:9096671-9096735:9096926-9096991:9097242-9097312:+,2,0.9953000000000001,1.0,-0.004699999999999982,-1.0,0.49999999999999956
PhKgamma:X:11698500-11698597:11700621-11701127:11703290-11703448:+,2,0.0046,0.0,0.0046,1.0,0.49999999999999956
cpx:3R:4295568-4295700:4297488-4298585:4302526-4304604:+,2,0.98115,0.97675,0.004400000000000015,0.10451306413301706,0.9337055953117372
Oscillin:2L:5548168-5548709:5549017-5549081:5549444-5549614:+,2,0.0,0.00425,-0.00425,-1.0,0.49999999999999956
cpx:3R:4284226-4284406:4288072-4288083:4295129-4295286:+,2,0.00255,0.00545,-0.0029,-1.0,0.49999999999999956
Cam:2R:12260032-12260188:12264743-12264917:12269193-12269435:+,2,1.0,0.9973000000000001,0.00269999999999998,1.0,0.49999999999999956
Cam:2R:12260040-12260188:12264743-12264917:12269193-12269435:+,2,1.0,0.9973000000000001,0.00269999999999998,1.0,0.49999999999999956
Uhg4:2R:9096150-9096202:9096383-9096438:9096671-9096735:+,2,0.98065,0.9832000000000001,-0.0025500000000000522,-0.8947368421052755,0.5353314457762651
norpA:X:4322626-4323155:4332796-4332840:4349004-4349587:+,2,1.0,0.99745,0.0025499999999999967,1.0,0.49999999999999956
ND-MLRQ:3L:23339534-23339680:23341457-23341602:23345843-23345936:+,2,0.9921,0.9897499999999999,0.0023500000000000187,1.7407407407407316,0.3319554743521062
miple1:3L:268220-268459:268563-268700:268781-268960:+,2,0.9976499999999999,1.0,-0.0023500000000000187,-1.0,0.49999999999999956
ND-ACP:3L:1330131-1330290:1330863-1330949:1331042-1331170:+,2,0.385,0.3873,-0.0022999999999999687,-0.21495327102803471,0.8652075437040849
CG44000:2L:5043270-5043383:5045822-5045925:5046147-5047206:+,2,1.0,0.9979,0.0020999999999999908,1.0,0.49999999999999956
CG44001:2L:5043270-5043383:5045822-5045925:5046147-5047206:+,2,1.0,0.9979,0.0020999999999999908,1.0,0.49999999999999956
stai:2L:6122264-6122410:6122698-6122853:6122978-6123899:+,2,0.3361,0.33409999999999995,0.0020000000000000295,0.0800000000000012,0.9491786526677675
stai:2L:6122264-6122410:6122698-6122853:6122978-6124653:+,2,0.3361,0.33409999999999995,0.0020000000000000295,0.0800000000000012,0.9491786526677675
Rlip:3R:21017684-21017874:21017942-21018074:21018130-21019014:+,2,0.99415,0.9922500000000001,0.0018999999999999573,1.0,0.49999999999999956
RpL29:2R:21293768-21293789:21293850-21293874:21294054-21294161:+,2,0.98995,0.98845,0.0015000000000000013,0.19230769230769312,0.8790496993926802
pros:3R:11339658-11339706:11370248-11370292:11371313-11375838:+,2,0.998,0.99925,-0.0012500000000000289,-0.925925925925935,0.5244733129085061
pros:3R:11339658-11339706:11370248-11370292:11371313-11377217:+,2,0.998,0.99925,-0.0012500000000000289,-0.925925925925935,0.5244733129085061
cpx:3R:4284226-4284406:4288072-4288083:4295120-4295286:+,2,0.0,0.00065,-0.00065,-1.0,0.49999999999999956
Snap25:3L:24167763-24167811:24210021-24210138:24253793-24253921:+,2,0.9960500000000001,0.99595,0.0001000000000000445,0.0277777777777902,0.9823206636533856
Cam:2R:12264743-12264917:12269193-12269435:12273766-12273910:+,2,0.9994000000000001,0.99945,-4.999999999999449e-05,-0.2,0.8743340836219977
Cam:2R:12264743-12264917:12269193-12269435:12273766-12274625:+,2,0.9994000000000001,0.99945,-4.999999999999449e-05,-0.2,0.8743340836219977
Cam:2R:12264743-12264917:12269193-12269435:12273766-12276621:+,2,0.9994000000000001,0.99945,-4.999999999999449e-05,-0.2,0.8743340836219977
Cam:2R:12264743-12264917:12269193-12269435:12273766-12278809:+,2,0.9994000000000001,0.99945,-4.999999999999449e-05,-0.2,0.8743340836219977
128up:2R:12037597-12037717:12037771-12038611:12038677-12038851:+,2,1.0,1.0,0.0,nan,nan
14-3-3epsilon:3R:18242531-18242909:18247433-18247902:18247971-18248151:+,2,1.0,1.0,0.0,nan,nan
14-3-3epsilon:3R:18242687-18242909:18247433-18247902:18247971-18248151:+,2,1.0,1.0,0.0,nan,nan
14-3-3epsilon:3R:18247433-18247902:18247971-18248151:18248215-18248579:+,2,1.0,1.0,0.0,nan,nan
14-3-3epsilon:3R:18247433-18247902:18247971-18248151:18248218-18250279:+,2,1.0,1.0,0.0,nan,nan
14-3-3epsilon:3R:18247433-18247902:18247971-18248151:18248221-18250550:+,2,1.0,1.0,0.0,nan,nan
14-3-3epsilon:3R:18247433-18247902:18247971-18248151:18248233-18248579:+,2,1.0,1.0,0.0,nan,nan
14-3-3zeta:2R:10099677-10099738:10104256-10104409:10104717-10104830:+,2,1.0,1.0,0.0,nan,nan
14-3-3zeta:2R:10099677-10099850:10104256-10104409:10104717-10104830:+,2,1.0,1.0,0.0,nan,nan
14-3-3zeta:2R:10101036-10101097:10104256-10104409:10104717-10104830:+,2,1.0,1.0,0.0,nan,nan
14-3-3zeta:2R:10104256-10104409:10104717-10104830:10104941-10105067:+,2,1.0,1.0,0.0,nan,nan
14-3-3zeta:2R:10104717-10104830:10104941-10105067:10105702-10105825:+,2,1.0,1.0,0.0,nan,nan
14-3-3zeta:2R:10104941-10105067:10105702-10105825:10105941-10106104:+,2,1.0,1.0,0.0,nan,nan
14-3-3zeta:2R:10104941-10105067:10105702-10105825:10106289-10106452:+,2,1.0,1.0,0.0,nan,nan
14-3-3zeta:2R:10105702-10105825:10105941-10106104:10107467-10108474:+,2,1.0,1.0,0.0,nan,nan
14-3-3zeta:2R:10105702-10105825:10105941-10106104:10107467-10109687:+,2,1.0,1.0,0.0,nan,nan
14-3-3zeta:2R:10105702-10105825:10106289-10106452:10107467-10107695:+,2,1.0,1.0,0.0,nan,nan
14-3-3zeta:2R:10105702-10105825:10106289-10106452:10107467-10108474:+,2,1.0,1.0,0.0,nan,nan
14-3-3zeta:2R:10105702-10105825:10106289-10106452:10107467-10109687:+,2,1.0,1.0,0.0,nan,nan
5-HT1A:2R:19067155-19067540:19089854-19090548:19090757-19091458:+,2,1.0,1.0,0.0,nan,nan
AIMP3:2R:23544024-23544179:23544248-23544553:23544625-23544901:+,2,1.0,1.0,0.0,nan,nan
AP-1gamma:X:9111598-9111786:9111854-9112092:9112163-9112239:+,2,1.0,1.0,0.0,nan,nan
AP-1gamma:X:9111854-9112092:9112163-9112239:9112750-9112767:+,2,1.0,1.0,0.0,nan,nan
AP-1gamma:X:9111854-9112092:9112163-9112239:9113643-9113899:+,2,1.0,1.0,0.0,nan,nan
AP-1sigma:3R:23958651-23958798:23959032-23959210:23959280-23959388:+,2,1.0,1.0,0.0,nan,nan
AP-1sigma:3R:23959032-23959210:23959280-23959388:23959456-23959593:+,2,1.0,1.0,0.0,nan,nan
AP-1sigma:3R:23959280-23959388:23959456-23959593:23959893-23960232:+,2,1.0,1.0,0.0,nan,nan
AP-1sigma:3R:23959280-23959388:23959456-23959593:23960898-23961118:+,2,1.0,1.0,0.0,nan,nan
AP-1sigma:3R:23959280-23959388:23959456-23959593:23960898-23961504:+,2,1.0,1.0,0.0,nan,nan
AP-1sigma:3R:23959280-23959388:23959456-23959593:23962051-23962555:+,2,1.0,1.0,0.0,nan,nan
APP-BP1:3L:11099743-11100076:11100139-11100387:11100447-11100578:+,2,1.0,1.0,0.0,nan,nan
ATPsynO:3R:15265591-15265690:15265927-15266370:15266433-15266690:+,2,1.0,1.0,0.0,nan,nan
ATPsyndelta:X:10212970-10213074:10213281-10213485:10213560-10213771:+,2,1.0,1.0,0.0,nan,nan
ATPsyndelta:X:10213281-10213485:10213560-10213771:10214099-10214242:+,2,1.0,1.0,0.0,nan,nan
ATPsyndelta:X:10213281-10213485:10213560-10213771:10214099-10214554:+,2,1.0,1.0,0.0,nan,nan
ATPsyndelta:X:10213281-10213485:10213560-10213771:10214099-10217393:+,2,1.0,1.0,0.0,nan,nan
Ac3:2L:21632587-21632705:21633266-21633305:21633374-21633915:+,2,1.0,1.0,0.0,nan,nan
Ac3:2L:21633266-21633305:21633374-21633915:21634420-21634609:+,2,1.0,1.0,0.0,nan,nan
Ac3:2L:21635092-21635210:21637659-21637786:21637958-21638116:+,2,1.0,1.0,0.0,nan,nan
Ac3:2L:21635620-21635731:21637659-21637786:21637958-21638116:+,2,1.0,1.0,0.0,nan,nan
Ac3:2L:21637659-21637786:21637958-21638116:21638230-21638368:+,2,1.0,1.0,0.0,nan,nan
Ac3:2L:21637958-21638116:21638230-21638368:21639241-21639503:+,2,1.0,1.0,0.0,nan,nan
Ac3:2L:21637958-21638116:21638230-21638368:21639241-21639620:+,2,1.0,1.0,0.0,nan,nan
Acn:2L:19047420-19047654:19047716-19047825:19047914-19048177:+,2,1.0,1.0,0.0,nan,nan
Acn:2L:19047420-19047654:19047716-19047825:19047914-19048633:+,2,1.0,1.0,0.0,nan,nan
Acn:2L:19047420-19047654:19047716-19047825:19047914-19048817:+,2,1.0,1.0,0.0,nan,nan
Acyp2:3R:15792957-15792973:15793042-15793151:15793210-15793411:+,2,1.0,1.0,0.0,nan,nan
Acyp2:3R:15792957-15792973:15793042-15793151:15793210-15793487:+,2,1.0,1.0,0.0,nan,nan
Adh:2L:14616129-14616437:14616503-14616907:14616978-14617402:+,2,1.0,1.0,0.0,nan,nan
Adh:2L:14616267-14616437:14616503-14616907:14616978-14617402:+,2,1.0,1.0,0.0,nan,nan
Adh:2L:14616267-14616437:14616503-14616907:14616978-14617643:+,2,1.0,1.0,0.0,nan,nan
Adh:2L:14616303-14616437:14616503-14616907:14616978-14617402:+,2,1.0,1.0,0.0,nan,nan
Adh:2L:14616303-14616437:14616503-14616907:14616978-14617643:+,2,1.0,1.0,0.0,nan,nan
Adh:2L:14616503-14616907:14616978-14617643:14618070-14618474:+,2,1.0,1.0,0.0,nan,nan
Adhr:2L:14616267-14616437:14616503-14616907:14616978-14617643:+,2,1.0,1.0,0.0,nan,nan
Adhr:2L:14616303-14616437:14616503-14616907:14616978-14617643:+,2,1.0,1.0,0.0,nan,nan
Adhr:2L:14616503-14616907:14616978-14617643:14618070-14618474:+,2,1.0,1.0,0.0,nan,nan
Adi1:3L:10663650-10663727:10663790-10663917:10664075-10664168:+,2,1.0,1.0,0.0,nan,nan
Adi1:3L:10663790-10663917:10664075-10664168:10664228-10664435:+,2,1.0,1.0,0.0,nan,nan
Ae2:3L:9784697-9784891:9784952-9785180:9785242-9785388:+,2,1.0,1.0,0.0,nan,nan
Ae2:3L:9784697-9784891:9784952-9785180:9785242-9786236:+,2,1.0,1.0,0.0,nan,nan
Ae2:3L:9784697-9784891:9784952-9785180:9785242-9786466:+,2,1.0,1.0,0.0,nan,nan
Akap200:2L:8427158-8427553:8427615-8428067:8430281-8430977:+,2,1.0,1.0,0.0,nan,nan
Akap200:2L:8427158-8427553:8427615-8428067:8430281-8431297:+,2,1.0,1.0,0.0,nan,nan
Alg11:3L:21626942-21627400:21627462-21628135:21628193-21628316:+,2,1.0,1.0,0.0,nan,nan
Alg11:3L:21626942-21627400:21627462-21628135:21628193-21628571:+,2,1.0,1.0,0.0,nan,nan
Amph:2R:12593604-12594068:12606915-12607050:12607124-12607314:+,2,1.0,1.0,0.0,nan,nan
Amph:2R:12606915-12607050:12607124-12607314:12607378-12607482:+,2,1.0,1.0,0.0,nan,nan
AnxB9:3R:21068069-21068777:21068838-21069019:21070278-21070539:+,2,1.0,1.0,0.0,nan,nan
AnxB9:3R:21068069-21068777:21068838-21069019:21070724-21070917:+,2,1.0,1.0,0.0,nan,nan
Aplip1:3L:1197509-1198230:1198299-1198486:1198555-1199339:+,2,1.0,1.0,0.0,nan,nan
Aplip1:3L:1197530-1198230:1198299-1198486:1198555-1199339:+,2,1.0,1.0,0.0,nan,nan
Appl:X:560606-560776:570862-571000:571131-571352:+,2,1.0,1.0,0.0,nan,nan
Appl:X:570862-571000:571131-571352:571427-572058:+,2,1.0,1.0,0.0,nan,nan
Appl:X:570862-571000:571131-571352:571427-572070:+,2,1.0,1.0,0.0,nan,nan
Appl:X:570862-571000:571134-571352:571427-572058:+,2,1.0,1.0,0.0,nan,nan
Appl:X:570862-571000:571134-571352:571427-572070:+,2,1.0,1.0,0.0,nan,nan
Appl:X:571131-571352:571427-572058:572137-572289:+,2,1.0,1.0,0.0,nan,nan
Appl:X:571131-571352:571427-572070:572137-572289:+,2,1.0,1.0,0.0,nan,nan
Appl:X:571134-571352:571427-572058:572149-572289:+,2,1.0,1.0,0.0,nan,nan
Appl:X:571134-571352:571427-572070:572149-572289:+,2,1.0,1.0,0.0,nan,nan
Appl:X:574942-575089:575168-575350:575471-578130:+,2,1.0,1.0,0.0,nan,nan
Appl:X:574942-575089:575168-575350:575471-579044:+,2,1.0,1.0,0.0,nan,nan
Appl:X:574945-575089:575168-575362:575471-579044:+,2,1.0,1.0,0.0,nan,nan
Apt1:3L:11628563-11628594:11628961-11629504:11629581-11629598:+,2,1.0,1.0,0.0,nan,nan
Apt1:3L:11628563-11628594:11628961-11629504:11629581-11629992:+,2,1.0,1.0,0.0,nan,nan
Apt1:3L:11628961-11629504:11629581-11629598:11630230-11630749:+,2,1.0,1.0,0.0,nan,nan
Apt1:3L:11628961-11629504:11629581-11629598:11630467-11630749:+,2,1.0,1.0,0.0,nan,nan
Arf4:4:1124436-1124698:1124768-1124893:1124950-1125113:+,2,1.0,1.0,0.0,nan,nan
Arf4:4:1124436-1124698:1124768-1124893:1124950-1125325:+,2,1.0,1.0,0.0,nan,nan
Arl2:3R:8341100-8341243:8341303-8341657:8341716-8341872:+,2,1.0,1.0,0.0,nan,nan
Arl6IP1:3R:16643605-16643908:16644018-16644383:16644548-16645171:+,2,1.0,1.0,0.0,nan,nan
Arl6IP1:3R:16643721-16643908:16644018-16644383:16644548-16645171:+,2,1.0,1.0,0.0,nan,nan
Arl8:3R:8128041-8128195:8128262-8128423:8128490-8128850:+,2,1.0,1.0,0.0,nan,nan
Arl8:3R:8128041-8128195:8128262-8128423:8128490-8129175:+,2,1.0,1.0,0.0,nan,nan
Arl8:3R:8128041-8128195:8128262-8128423:8128490-8129835:+,2,1.0,1.0,0.0,nan,nan
Arp1:3R:12693004-12693155:12693215-12693761:12693830-12694232:+,2,1.0,1.0,0.0,nan,nan
Arpc2:2L:20422145-20422236:20422302-20422411:20422469-20423027:+,2,1.0,1.0,0.0,nan,nan
AstA-R1:X:3574536-3574920:3632007-3632055:3645304-3645762:+,2,1.0,1.0,0.0,nan,nan
Atg12:3L:12136967-12137091:12137159-12137295:12137353-12137559:+,2,1.0,1.0,0.0,nan,nan
Atpalpha:3R:20957734-20958167:20963725-20963856:20963927-20964193:+,2,1.0,1.0,0.0,nan,nan
Atpalpha:3R:20973173-20973347:20973506-20973738:20973811-20974337:+,2,1.0,1.0,0.0,nan,nan
Atpalpha:3R:20973173-20973347:20973506-20973738:20973811-20975284:+,2,1.0,1.0,0.0,nan,nan
Atpalpha:3R:20973173-20973347:20973506-20973738:20973811-20976239:+,2,1.0,1.0,0.0,nan,nan
B52:3R:13661311-13661432:13661702-13661859:13662161-13662231:+,2,1.0,1.0,0.0,nan,nan
B52:3R:13661311-13661442:13661702-13661859:13662161-13662231:+,2,1.0,1.0,0.0,nan,nan
B52:3R:13661311-13661592:13661702-13661859:13662161-13662231:+,2,1.0,1.0,0.0,nan,nan
B52:3R:13661588-13661859:13662161-13662231:13662297-13662404:+,2,1.0,1.0,0.0,nan,nan
B52:3R:13661702-13661859:13662161-13662231:13662297-13662404:+,2,1.0,1.0,0.0,nan,nan
B52:3R:13662161-13662231:13662297-13662404:13662955-13663051:+,2,1.0,1.0,0.0,nan,nan
B52:3R:13662161-13662231:13662297-13662404:13662970-13663051:+,2,1.0,1.0,0.0,nan,nan
B52:3R:13662161-13662231:13662297-13662404:13662970-13665526:+,2,1.0,1.0,0.0,nan,nan
B52:3R:13662297-13662404:13662970-13663051:13663455-13664934:+,2,1.0,1.0,0.0,nan,nan
B52:3R:13662297-13662404:13662970-13663051:13663455-13665526:+,2,1.0,1.0,0.0,nan,nan
B52:3R:13662970-13663051:13663455-13665526:13665590-13665901:+,2,1.0,1.0,0.0,nan,nan
BHD:3L:7238542-7239793:7239883-7239985:7240044-7240245:+,2,1.0,1.0,0.0,nan,nan
BORCS6:3L:540938-541428:541485-541959:542017-542147:+,2,1.0,1.0,0.0,nan,nan
BORCS6:3L:541002-541428:541485-541959:542017-542147:+,2,1.0,1.0,0.0,nan,nan
Bacc:2L:2752445-2752840:2753372-2753660:2756008-2756170:+,2,1.0,1.0,0.0,nan,nan
Bacc:2L:2752800-2752837:2753372-2753660:2756008-2756170:+,2,1.0,1.0,0.0,nan,nan
Bacc:2L:2752800-2752840:2753372-2753660:2756008-2756170:+,2,1.0,1.0,0.0,nan,nan
Bacc:2L:2753233-2753660:2756008-2756170:2756245-2756663:+,2,1.0,1.0,0.0,nan,nan
Bacc:2L:2753372-2753660:2756008-2756170:2756245-2756663:+,2,1.0,1.0,0.0,nan,nan
Bacc:2L:2753372-2753660:2756008-2756170:2756245-2757920:+,2,1.0,1.0,0.0,nan,nan
Bacc:2L:2753372-2753660:2756008-2756170:2756245-2757975:+,2,1.0,1.0,0.0,nan,nan
BckdhB:2R:1594946-1595192:1595766-1595984:1596036-1596128:+,2,1.0,1.0,0.0,nan,nan
BckdhB:2R:1595766-1595984:1596036-1596128:1596188-1596457:+,2,1.0,1.0,0.0,nan,nan
Bet5:3R:30180232-30180454:30180509-30180651:30180802-30181486:+,2,1.0,1.0,0.0,nan,nan
Bili:3R:25134947-25135076:25135150-25135248:25135308-25135458:+,2,1.0,1.0,0.0,nan,nan
Blos3:3L:18870224-18870370:18870428-18870560:18870614-18870897:+,2,1.0,1.0,0.0,nan,nan
Brd7-9:2L:7782865-7783048:7783299-7783921:7783975-7785640:+,2,1.0,1.0,0.0,nan,nan
Bsg:2L:8083420-8083521:8089185-8089736:8105692-8105809:+,2,1.0,1.0,0.0,nan,nan
Bsg:2L:8083420-8083636:8089185-8089736:8105692-8105809:+,2,1.0,1.0,0.0,nan,nan
Bsg:2L:8088304-8088453:8088610-8088705:8089185-8089736:+,2,0.0,0.0,0.0,nan,nan
Bsg:2L:8088304-8088453:8089185-8089736:8105692-8105809:+,2,1.0,1.0,0.0,nan,nan
Bsg:2L:8106840-8107000:8107066-8107173:8107238-8107438:+,2,1.0,1.0,0.0,nan,nan
Bsg:2L:8107066-8107173:8107238-8107438:8107748-8107880:+,2,1.0,1.0,0.0,nan,nan
Bsg:2L:8107066-8107173:8107238-8107438:8107748-8109458:+,2,1.0,1.0,0.0,nan,nan
Bsg:2L:8107066-8107173:8107238-8107438:8107748-8116531:+,2,1.0,1.0,0.0,nan,nan
Bsg:2L:8107238-8107438:8107748-8107880:8109297-8116531:+,2,1.0,1.0,0.0,nan,nan
Bsg:2L:8107238-8107438:8107748-8107880:8110481-8116531:+,2,1.0,1.0,0.0,nan,nan
BtbVII:3L:3148646-3148687:3149628-3150153:3150215-3150842:+,2,1.0,1.0,0.0,nan,nan
BtbVII:3L:3148646-3148687:3149628-3150153:3150215-3150857:+,2,1.0,1.0,0.0,nan,nan
Bulli:3L:6490239-6490638:6490699-6490903:6490970-6491210:+,2,1.0,1.0,0.0,nan,nan
CG10508:3L:21212782-21212957:21213129-21213491:21213844-21214097:+,2,1.0,1.0,0.0,nan,nan
CG10508:3L:21213129-21213491:21213844-21214097:21214151-21214376:+,2,1.0,1.0,0.0,nan,nan
CG1090:3R:4363562-4364506:4364566-4365890:4365949-4366855:+,2,1.0,1.0,0.0,nan,nan
CG1090:3R:4364217-4364506:4364566-4365541:4365702-4365890:+,2,1.0,1.0,0.0,nan,nan
CG1090:3R:4364566-4365541:4365702-4365890:4365949-4366855:+,2,1.0,1.0,0.0,nan,nan
CG11134:X:13738139-13738376:13738440-13738910:13738986-13739177:+,2,1.0,1.0,0.0,nan,nan
CG11134:X:13738174-13738376:13738440-13738910:13738986-13739177:+,2,1.0,1.0,0.0,nan,nan
CG11155:4:1126809-1126941:1127002-1127415:1128489-1128655:+,2,1.0,1.0,0.0,nan,nan
CG11155:4:1128489-1128655:1129435-1129488:1129566-1129730:+,2,1.0,1.0,0.0,nan,nan
CG11155:4:1129435-1129488:1129566-1129730:1130025-1130183:+,2,1.0,1.0,0.0,nan,nan
CG11155:4:1129566-1129730:1130025-1130183:1130383-1130586:+,2,1.0,1.0,0.0,nan,nan
CG11155:4:1130025-1130183:1130383-1130586:1131193-1131396:+,2,1.0,1.0,0.0,nan,nan
CG11155:4:1131701-1131958:1133875-1134072:1135094-1135484:+,2,1.0,1.0,0.0,nan,nan
CG11155:4:1133875-1134072:1135094-1135484:1135539-1135914:+,2,1.0,1.0,0.0,nan,nan
CG11155:4:1133875-1134072:1135094-1135484:1135539-1137919:+,2,1.0,1.0,0.0,nan,nan
CG11267:3L:13016050-13016164:13016357-13016518:13016587-13016903:+,2,1.0,1.0,0.0,nan,nan
CG11307:3L:21619036-21619163:21619225-21619617:21619674-21619873:+,2,1.0,1.0,0.0,nan,nan
CG11360:4:671142-671616:680440-681135:684581-687565:+,2,1.0,1.0,0.0,nan,nan
CG1161:3R:5355834-5355942:5356003-5356128:5356425-5356748:+,2,1.0,1.0,0.0,nan,nan
CG11699:X:11570621-11570776:11570867-11571108:11571169-11571410:+,2,1.0,1.0,0.0,nan,nan
CG11699:X:11570621-11570776:11570867-11571108:11571169-11571504:+,2,1.0,1.0,0.0,nan,nan
CG11699:X:11570867-11571108:11571169-11571504:11571693-11571718:+,2,1.0,1.0,0.0,nan,nan
CG11788:2R:20274597-20274728:20274788-20275927:20275986-20276142:+,2,1.0,1.0,0.0,nan,nan
CG11790:3R:25047706-25048349:25048442-25048603:25048665-25048790:+,2,1.0,1.0,0.0,nan,nan
CG11790:3R:25048025-25048349:25048442-25048603:25048665-25048790:+,2,1.0,1.0,0.0,nan,nan
CG11790:3R:25048442-25048603:25048665-25048790:25048879-25048908:+,2,1.0,1.0,0.0,nan,nan
CG11790:3R:25048442-25048603:25048665-25048790:25049272-25049455:+,2,1.0,1.0,0.0,nan,nan
CG11790:3R:25048665-25048790:25048879-25048908:25049272-25049455:+,2,0.0,0.0,0.0,nan,nan
CG11837:3R:29049493-29049657:29049720-29050432:29050497-29050721:+,2,1.0,1.0,0.0,nan,nan
CG11975:3R:8993536-8993622:8993699-8994460:8994527-8994839:+,2,1.0,1.0,0.0,nan,nan
CG11975:3R:8993536-8993622:8993699-8994460:8994527-8995212:+,2,1.0,1.0,0.0,nan,nan
CG12253:2L:10987806-10988155:10988286-10988982:10989049-10989241:+,2,1.0,1.0,0.0,nan,nan
CG12279:3R:12705094-12705281:12705344-12705503:12705566-12705818:+,2,1.0,1.0,0.0,nan,nan
CG1239:3R:5733513-5733616:5733680-5734432:5734502-5734702:+,2,1.0,1.0,0.0,nan,nan
CG1239:3R:5733513-5733616:5733686-5734432:5734502-5734702:+,2,1.0,1.0,0.0,nan,nan
CG1239:3R:5733513-5733616:5733687-5734432:5734502-5734702:+,2,1.0,1.0,0.0,nan,nan
CG1265:3L:4255036-4255295:4255610-4255730:4255800-4256053:+,2,1.0,1.0,0.0,nan,nan
CG12768:3L:22911834-22912233:22913264-22914299:22923362-22923532:+,2,1.0,1.0,0.0,nan,nan
CG1309:3L:4260368-4260971:4261038-4261305:4261362-4261643:+,2,1.0,1.0,0.0,nan,nan
CG13917:3L:1576699-1577131:1588753-1588952:1592744-1597545:+,2,0.0,0.0,0.0,nan,nan
CG13917:3L:1576699-1577131:1588755-1588952:1592744-1597545:+,2,0.0,0.0,0.0,nan,nan
CG13917:3L:1576699-1577131:1592744-1597545:1597618-1598404:+,2,1.0,1.0,0.0,nan,nan
CG13917:3L:1597618-1598404:1598465-1599914:1599979-1600845:+,2,1.0,1.0,0.0,nan,nan
CG14135:3L:11691571-11691838:11691900-11692359:11692422-11692757:+,2,1.0,1.0,0.0,nan,nan
CG14135:3L:11691647-11691838:11691900-11692359:11692422-11692566:+,2,1.0,1.0,0.0,nan,nan
CG14135:3L:11691900-11692359:11692422-11692566:11692618-11692757:+,2,1.0,1.0,0.0,nan,nan
CG14667:3R:5375278-5375924:5375987-5376100:5376157-5376460:+,2,1.0,1.0,0.0,nan,nan
CG14710:3R:11620403-11621145:11621208-11621453:11621515-11621728:+,2,1.0,1.0,0.0,nan,nan
CG14711:3R:11624357-11624491:11624550-11624660:11624718-11624948:+,2,1.0,1.0,0.0,nan,nan
CG14777:X:1468052-1468185:1468251-1468382:1468447-1468692:+,2,1.0,1.0,0.0,nan,nan
CG14989:3L:4087581-4087704:4088960-4089214:4090039-4090142:+,2,1.0,1.0,0.0,nan,nan
CG14989:3L:4087581-4087704:4088965-4089214:4090039-4090142:+,2,1.0,1.0,0.0,nan,nan
CG14989:3L:4088960-4089214:4090039-4090142:4090273-4090900:+,2,1.0,1.0,0.0,nan,nan
CG14989:3L:4088960-4089214:4090039-4090142:4090273-4092706:+,2,1.0,1.0,0.0,nan,nan
CG14989:3L:4088965-4089214:4090039-4090142:4090273-4091302:+,2,1.0,1.0,0.0,nan,nan
CG14989:3L:4089131-4089214:4090039-4090142:4090273-4091302:+,2,1.0,1.0,0.0,nan,nan
CG15201:X:11144120-11144249:11144320-11144482:11144614-11144809:+,2,1.0,1.0,0.0,nan,nan
CG15236:2R:6832630-6832931:6833615-6833687:6833755-6834926:+,2,1.0,1.0,0.0,nan,nan
CG15236:2R:6833615-6833687:6833755-6834926:6835493-6836069:+,2,1.0,1.0,0.0,nan,nan
CG15465:X:5163901-5165498:5174897-5176788:5186903-5187429:+,2,1.0,1.0,0.0,nan,nan
CG15465:X:5165310-5165498:5174897-5176788:5186903-5187429:+,2,1.0,1.0,0.0,nan,nan
CG15465:X:5174897-5176788:5186903-5187429:5203311-5203415:+,2,1.0,1.0,0.0,nan,nan
CG15465:X:5250078-5250274:5250423-5250574:5250729-5254864:+,2,1.0,1.0,0.0,nan,nan
CG15602:X:15799793-15800037:15800096-15800573:15800639-15800961:+,2,1.0,1.0,0.0,nan,nan
CG15765:X:5818559-5818594:5819015-5819202:5834351-5834480:+,2,1.0,1.0,0.0,nan,nan
CG15765:X:5819015-5819202:5834351-5834480:5836041-5836155:+,2,1.0,1.0,0.0,nan,nan
CG15765:X:5819052-5819202:5834351-5834480:5836041-5836155:+,2,1.0,1.0,0.0,nan,nan
CG15765:X:5836730-5836890:5836975-5837114:5837206-5839573:+,2,1.0,1.0,0.0,nan,nan
CG15765:X:5836730-5836890:5836975-5837114:5837206-5840823:+,2,1.0,1.0,0.0,nan,nan
CG1636:X:8274280-8274626:8274709-8275208:8275268-8275420:+,2,1.0,1.0,0.0,nan,nan
CG1636:X:8274280-8274626:8274709-8275208:8275268-8276201:+,2,1.0,1.0,0.0,nan,nan
CG1636:X:8274280-8274626:8274757-8275208:8275268-8276450:+,2,1.0,1.0,0.0,nan,nan
CG16865:2L:13811826-13811986:13812052-13812357:13812479-13812682:+,2,1.0,1.0,0.0,nan,nan
CG16865:2L:13811826-13811986:13812052-13812357:13812479-13813316:+,2,1.0,1.0,0.0,nan,nan
CG16985:3L:2599436-2599501:2599688-2599832:2599897-2600242:+,2,1.0,1.0,0.0,nan,nan
CG17221:2L:3040112-3040740:3040792-3041397:3041453-3041626:+,2,1.0,1.0,0.0,nan,nan
CG17221:2L:3040112-3040740:3040792-3041397:3041453-3041890:+,2,1.0,1.0,0.0,nan,nan
CG17221:2L:3040238-3040740:3040792-3041397:3041453-3041626:+,2,1.0,1.0,0.0,nan,nan
CG17294:2L:8377225-8377521:8377577-8377793:8377847-8378206:+,2,1.0,1.0,0.0,nan,nan
CG17698:3L:23746190-23746544:23747873-23748060:23748140-23748373:+,2,1.0,1.0,0.0,nan,nan
CG17698:3L:23747759-23747812:23747873-23748060:23748140-23748373:+,2,1.0,1.0,0.0,nan,nan
CG17698:3L:23747873-23748060:23748140-23748373:23748424-23748716:+,2,1.0,1.0,0.0,nan,nan
CG17698:3L:23747873-23748060:23748424-23748716:23748772-23749058:+,2,1.0,1.0,0.0,nan,nan
CG17698:3L:23748140-23748373:23748424-23748716:23748772-23749058:+,2,1.0,1.0,0.0,nan,nan
CG17841:X:10381659-10382109:10382181-10382510:10382582-10382928:+,2,1.0,1.0,0.0,nan,nan
CG17841:X:10381659-10382109:10382181-10382510:10382582-10384183:+,2,1.0,1.0,0.0,nan,nan
CG17883:2R:4671853-4672219:4672278-4673062:4673114-4673223:+,2,1.0,1.0,0.0,nan,nan
CG17883:2R:4672278-4673041:4673114-4673223:4673277-4673639:+,2,1.0,1.0,0.0,nan,nan
CG17883:2R:4672278-4673062:4673114-4673223:4673277-4673639:+,2,1.0,1.0,0.0,nan,nan
CG18004:2R:10885217-10885532:10885590-10886152:10886211-10886375:+,2,1.0,1.0,0.0,nan,nan
CG18004:2R:10885217-10885532:10885608-10886152:10886211-10886375:+,2,1.0,1.0,0.0,nan,nan
CG18004:2R:10885322-10885532:10885590-10886152:10886211-10886375:+,2,1.0,1.0,0.0,nan,nan
CG1910:3R:31747643-31748086:31749207-31749521:31749581-31750586:+,2,1.0,1.0,0.0,nan,nan
CG1910:3R:31749207-31749521:31749581-31750586:31750645-31751894:+,2,1.0,1.0,0.0,nan,nan
CG1965:3R:7067401-7067729:7067788-7068089:7068708-7068948:+,2,1.0,1.0,0.0,nan,nan
CG1965:3R:7067401-7067729:7067788-7068094:7068708-7068948:+,2,1.0,1.0,0.0,nan,nan
CG2059:X:7287172-7287345:7287411-7287640:7287709-7287846:+,2,1.0,1.0,0.0,nan,nan
CG2059:X:7287411-7287640:7287709-7287846:7287911-7288117:+,2,1.0,1.0,0.0,nan,nan
CG2076:X:11091051-11091192:11091291-11091627:11091725-11091857:+,2,1.0,1.0,0.0,nan,nan
CG2076:X:11091291-11091627:11091725-11091857:11091921-11092098:+,2,1.0,1.0,0.0,nan,nan
CG2200:X:13094299-13094673:13094773-13095333:13095445-13095732:+,2,1.0,1.0,0.0,nan,nan
CG2200:X:13094468-13094673:13094773-13095333:13095445-13095732:+,2,1.0,1.0,0.0,nan,nan
CG2269:2R:10091757-10091996:10093144-10094143:10094203-10094634:+,2,1.0,1.0,0.0,nan,nan
CG2269:2R:10094203-10094634:10094696-10094978:10095049-10096416:+,2,1.0,1.0,0.0,nan,nan
CG2656:3R:7144724-7144860:7144923-7145581:7151051-7151270:+,2,1.0,1.0,0.0,nan,nan
CG2906:2R:7956898-7957715:7957769-7957959:7958018-7958254:+,2,1.0,1.0,0.0,nan,nan
CG30120:2R:18446548-18446705:18446764-18446950:18447018-18447753:+,2,1.0,1.0,0.0,nan,nan
CG30120:2R:18446764-18446950:18447018-18447753:18447808-18447884:+,2,1.0,1.0,0.0,nan,nan
CG30197:2R:14514153-14514215:14514283-14514456:14514804-14514992:+,2,1.0,1.0,0.0,nan,nan
CG30349:2R:8909262-8909411:8910487-8910584:8910644-8910885:+,2,1.0,1.0,0.0,nan,nan
CG30491:2R:7655944-7656100:7656156-7656415:7656472-7656770:+,2,1.0,1.0,0.0,nan,nan
CG3061:3R:14033987-14034099:14034162-14034325:14034380-14035041:+,2,1.0,1.0,0.0,nan,nan
CG3107:2R:5090581-5090641:5091872-5092476:5092527-5095090:+,2,1.0,1.0,0.0,nan,nan
CG31140:3R:23963180-23963223:23965800-23966702:23972448-23972527:+,2,1.0,1.0,0.0,nan,nan
CG31211:3R:11949680-11950354:11950427-11950784:11950858-11951011:+,2,1.0,1.0,0.0,nan,nan
CG31211:3R:11950427-11950784:11950858-11951011:11951250-11951492:+,2,1.0,1.0,0.0,nan,nan
CG31221:3R:19412689-19412764:19415633-19416388:19440703-19440831:+,2,1.0,1.0,0.0,nan,nan
CG31221:3R:19440703-19440831:19454067-19454265:19457120-19457597:+,2,1.0,1.0,0.0,nan,nan
CG31221:3R:19440703-19440831:19454067-19454265:19457120-19460311:+,2,1.0,1.0,0.0,nan,nan
CG31229:3R:18667852-18668222:18668609-18668802:18668872-18669083:+,2,1.0,1.0,0.0,nan,nan
CG31301:3R:15347209-15347405:15347464-15347625:15347690-15348012:+,2,1.0,1.0,0.0,nan,nan
CG31388:3R:11238957-11239041:11239111-11239433:11239511-11239627:+,2,1.0,1.0,0.0,nan,nan
CG31388:3R:11239111-11239433:11239511-11239627:11239896-11240114:+,2,1.0,1.0,0.0,nan,nan
CG31441:3R:11236286-11236488:11236550-11237340:11237400-11237624:+,2,1.0,1.0,0.0,nan,nan
CG31441:3R:11236286-11236492:11236550-11237340:11237400-11237624:+,2,1.0,1.0,0.0,nan,nan
CG31550:3R:5487051-5488307:5488532-5489090:5489144-5489273:+,2,1.0,1.0,0.0,nan,nan
CG31550:3R:5487835-5488307:5488532-5489090:5489144-5489273:+,2,1.0,1.0,0.0,nan,nan
CG31550:3R:5488532-5489090:5489144-5489273:5489367-5489489:+,2,1.0,1.0,0.0,nan,nan
CG31637:2L:6525368-6525550:6525619-6525820:6525883-6526919:+,2,1.0,1.0,0.0,nan,nan
CG31637:2L:6525368-6525550:6525619-6525820:6525883-6526996:+,2,1.0,1.0,0.0,nan,nan
CG31715:2L:10341616-10341765:10341822-10341932:10342150-10342233:+,2,1.0,1.0,0.0,nan,nan
CG31715:2L:10341822-10341932:10342150-10342233:10342289-10342523:+,2,1.0,1.0,0.0,nan,nan
CG31715:2L:10341822-10341932:10342156-10342233:10342289-10342523:+,2,1.0,1.0,0.0,nan,nan
CG3176:X:481938-481997:482118-482433:482518-482658:+,2,1.0,1.0,0.0,nan,nan
CG3176:X:481938-481997:482118-482433:482518-482768:+,2,1.0,1.0,0.0,nan,nan
CG31922:2L:1170181-1170363:1170419-1170553:1170611-1170789:+,2,1.0,1.0,0.0,nan,nan
CG32109:3L:12745729-12745925:12745981-12746236:12746297-12746770:+,2,1.0,1.0,0.0,nan,nan
CG32112:3L:12743888-12743977:12744037-12744746:12744809-12745154:+,2,1.0,1.0,0.0,nan,nan
CG32176:3L:17434189-17434333:17434394-17434456:17436324-17436377:+,2,1.0,1.0,0.0,nan,nan
CG32176:3L:17434394-17434456:17436324-17436377:17436513-17437543:+,2,1.0,1.0,0.0,nan,nan
CG32176:3L:17436324-17436377:17436513-17437543:17437607-17437971:+,2,1.0,1.0,0.0,nan,nan
CG32278:3L:3169286-3169364:3170945-3171106:3171164-3171767:+,2,1.0,1.0,0.0,nan,nan
CG3253:2R:24114861-24115846:24115908-24116061:24116118-24116359:+,2,1.0,1.0,0.0,nan,nan
CG33108:3R:23996032-23996279:23997112-23997208:23997267-23997544:+,2,1.0,1.0,0.0,nan,nan
CG33170:3L:22864600-22864925:22865771-22865824:22865878-22865960:+,2,1.0,1.0,0.0,nan,nan
CG33170:3L:22864842-22864925:22865771-22865824:22865878-22865960:+,2,1.0,1.0,0.0,nan,nan
CG33170:3L:22865486-22865696:22865771-22865824:22865878-22866034:+,2,1.0,1.0,0.0,nan,nan
CG33170:3L:22865771-22865824:22865878-22865960:22867400-22867535:+,2,1.0,1.0,0.0,nan,nan
CG33170:3L:22865771-22865824:22865878-22866034:22867116-22867535:+,2,1.0,1.0,0.0,nan,nan
CG33181:X:8489815-8490015:8509456-8509466:8510570-8510704:+,2,1.0,1.0,0.0,nan,nan
CG33181:X:8489815-8490015:8509456-8510118:8510225-8510704:+,2,1.0,1.0,0.0,nan,nan
CG33181:X:8515189-8515394:8515464-8515612:8515723-8516100:+,2,1.0,1.0,0.0,nan,nan
CG33181:X:8515189-8515394:8515464-8515612:8515723-8517029:+,2,1.0,1.0,0.0,nan,nan
CG33217:3L:23126025-23126118:23126200-23126400:23126717-23127251:+,2,1.0,1.0,0.0,nan,nan
CG33217:3L:23126200-23126400:23126717-23127251:23127313-23127489:+,2,1.0,1.0,0.0,nan,nan
CG33995:2L:5044307-5044689:5045822-5045925:5046147-5047206:+,2,1.0,1.0,0.0,nan,nan
CG33995:2L:5044453-5044689:5045822-5045925:5046147-5047206:+,2,1.0,1.0,0.0,nan,nan
CG33995:2L:5044583-5044689:5045822-5045925:5046147-5047206:+,2,1.0,1.0,0.0,nan,nan
CG33995:2L:5045822-5045925:5046147-5047206:5047273-5047479:+,2,1.0,1.0,0.0,nan,nan
CG34039:3L:14561859-14561999:14562052-14562283:14562377-14562613:+,2,1.0,1.0,0.0,nan,nan
CG34150:3R:24814262-24814297:24814349-24814492:24814553-24814634:+,2,1.0,1.0,0.0,nan,nan
CG34150:3R:24814349-24814492:24814553-24814634:24814698-24814930:+,2,1.0,1.0,0.0,nan,nan
CG34164:2L:12056348-12056432:12056499-12057147:12057215-12058251:+,2,1.0,1.0,0.0,nan,nan
CG34174:2L:2214266-2214384:2214438-2214884:2215014-2215167:+,2,1.0,1.0,0.0,nan,nan
CG3511:2R:24573816-24573936:24573996-24574215:24574284-24574503:+,2,1.0,1.0,0.0,nan,nan
CG3556:X:4532856-4533051:4533120-4533197:4533261-4533343:+,2,1.0,1.0,0.0,nan,nan
CG3556:X:4533120-4533197:4533261-4533343:4533525-4533840:+,2,1.0,1.0,0.0,nan,nan
CG3556:X:4533120-4533197:4533261-4533343:4533525-4535464:+,2,1.0,1.0,0.0,nan,nan
CG3568:X:4542978-4543122:4543176-4544176:4544234-4544497:+,2,1.0,1.0,0.0,nan,nan
CG3589:2R:24784634-24784743:24784801-24785260:24785312-24785542:+,2,1.0,1.0,0.0,nan,nan
CG3662:2L:822858-823569:823637-824137:824191-824337:+,2,1.0,1.0,0.0,nan,nan
CG3662:2L:822858-823569:823637-824137:824219-824337:+,2,1.0,1.0,0.0,nan,nan
CG3776:2R:24969811-24970200:24970253-24970548:24970605-24970855:+,2,1.0,1.0,0.0,nan,nan
CG3776:2R:24969813-24970200:24970253-24970548:24970605-24970855:+,2,1.0,1.0,0.0,nan,nan
CG40191:2R:1264393-1264493:1264548-1264841:1265171-1265293:+,2,1.0,1.0,0.0,nan,nan
CG40191:2R:1264393-1264841:1265171-1265293:1265343-1266349:+,2,1.0,1.0,0.0,nan,nan
CG40191:2R:1264444-1264493:1264548-1264841:1265171-1265293:+,2,1.0,1.0,0.0,nan,nan
CG40191:2R:1264548-1264841:1265171-1265293:1265343-1266052:+,2,1.0,1.0,0.0,nan,nan
CG40191:2R:1264548-1264841:1265171-1265293:1265343-1266162:+,2,1.0,1.0,0.0,nan,nan
CG40191:2R:1264548-1264841:1265171-1265293:1265343-1267747:+,2,1.0,1.0,0.0,nan,nan
CG4036:2L:9790882-9790901:9790969-9791694:9791755-9791958:+,2,1.0,1.0,0.0,nan,nan
CG41099:3R:3846729-3846894:3849499-3850235:3864292-3864417:+,2,1.0,1.0,0.0,nan,nan
CG41099:3R:3846729-3846894:3849503-3850235:3864292-3864417:+,2,1.0,1.0,0.0,nan,nan
CG41099:3R:3846729-3846911:3849499-3850235:3864292-3864417:+,2,1.0,1.0,0.0,nan,nan
CG41099:3R:3846981-3847059:3849503-3850235:3864292-3864417:+,2,1.0,1.0,0.0,nan,nan
CG41099:3R:3849499-3850235:3864292-3864417:3864466-3864560:+,2,1.0,1.0,0.0,nan,nan
CG41099:3R:3849503-3850235:3864292-3864417:3864466-3864560:+,2,1.0,1.0,0.0,nan,nan
CG41099:3R:3864292-3864417:3864466-3864560:3864613-3865460:+,2,1.0,1.0,0.0,nan,nan
CG41099:3R:3864466-3864560:3864613-3865460:3866007-3867426:+,2,1.0,1.0,0.0,nan,nan
CG41099:3R:3864613-3865460:3866007-3867426:3867500-3867684:+,2,1.0,1.0,0.0,nan,nan
CG41099:3R:3864613-3865460:3866007-3867426:3867500-3867980:+,2,1.0,1.0,0.0,nan,nan
CG41099:3R:3864613-3865460:3866007-3867426:3867500-3868401:+,2,1.0,1.0,0.0,nan,nan
CG4186:3L:20769586-20769685:20769739-20769837:20769894-20770080:+,2,1.0,1.0,0.0,nan,nan
CG4186:3L:20769586-20769685:20769739-20769837:20769894-20770138:+,2,1.0,1.0,0.0,nan,nan
CG42245:3L:2631715-2631916:2631977-2632121:2633538-2633809:+,2,1.0,1.0,0.0,nan,nan
CG42258:X:12475915-12475997:12476153-12476268:12476337-12477497:+,2,1.0,1.0,0.0,nan,nan
CG42258:X:12475915-12475997:12476153-12476268:12476337-12478431:+,2,1.0,1.0,0.0,nan,nan
CG42307:3L:7329132-7329363:7329429-7329637:7329716-7330239:+,2,1.0,1.0,0.0,nan,nan
CG42322:3R:20749469-20749658:20749741-20749830:20750225-20750354:+,2,1.0,1.0,0.0,nan,nan
CG42322:3R:20749741-20749830:20750225-20750354:20750688-20750757:+,2,1.0,1.0,0.0,nan,nan
CG42322:3R:20749741-20749830:20750225-20750354:20752346-20752375:+,2,1.0,1.0,0.0,nan,nan
CG42322:3R:20752346-20752375:20753509-20753759:20753969-20754261:+,2,1.0,1.0,0.0,nan,nan
CG42322:3R:20752346-20752375:20753509-20753759:20754969-20756042:+,2,1.0,1.0,0.0,nan,nan
CG42360:2R:24607267-24607521:24608935-24609036:24609090-24609293:+,2,1.0,1.0,0.0,nan,nan
CG42360:2R:24608935-24609036:24609090-24609293:24609354-24609955:+,2,1.0,1.0,0.0,nan,nan
CG42374:3L:19264327-19264622:19264681-19265443:19266594-19266838:+,2,1.0,1.0,0.0,nan,nan
CG42374:3L:19264404-19264622:19264681-19265443:19266594-19266838:+,2,1.0,1.0,0.0,nan,nan
CG42394:3R:10849961-10850019:10851285-10851488:10851549-10851788:+,2,1.0,1.0,0.0,nan,nan
CG42402:3R:4077939-4078532:4081369-4081819:4085318-4085578:+,2,1.0,1.0,0.0,nan,nan
CG42402:3R:4077939-4078532:4081369-4081819:4093946-4094074:+,2,1.0,1.0,0.0,nan,nan
CG42450:X:18813297-18813798:18819776-18820042:18820334-18821312:+,2,1.0,1.0,0.0,nan,nan
CG42458:3L:7423827-7424156:7445167-7445605:7445672-7445779:+,2,1.0,1.0,0.0,nan,nan
CG42495:3L:18667361-18667579:18667648-18667793:18667847-18668135:+,2,1.0,1.0,0.0,nan,nan
CG42496:2R:21691580-21692170:21692235-21692374:21692432-21692764:+,2,1.0,1.0,0.0,nan,nan
CG42496:2R:21691669-21692170:21692235-21692374:21692432-21692764:+,2,1.0,1.0,0.0,nan,nan
CG42518:2R:18167227-18167269:18167344-18167522:18167658-18167721:+,2,1.0,1.0,0.0,nan,nan
CG42518:2R:18167255-18167522:18167658-18167721:18167773-18168138:+,2,1.0,1.0,0.0,nan,nan
CG42518:2R:18167344-18167522:18167658-18167721:18167773-18168138:+,2,1.0,1.0,0.0,nan,nan
CG42518:2R:18167658-18167721:18167773-18168138:18168208-18168380:+,2,1.0,1.0,0.0,nan,nan
CG42540:3L:4557273-4558052:4563797-4563896:4564538-4564549:+,2,1.0,1.0,0.0,nan,nan
CG42540:3L:4557273-4558052:4563797-4563896:4568625-4568948:+,2,1.0,1.0,0.0,nan,nan
CG42540:3L:4557273-4558052:4563797-4563896:4577917-4577952:+,2,1.0,1.0,0.0,nan,nan
CG42540:3L:4557273-4558052:4563797-4563896:4578760-4578869:+,2,1.0,1.0,0.0,nan,nan
CG42540:3L:4563797-4563896:4578760-4578869:4579447-4579519:+,2,1.0,1.0,0.0,nan,nan
CG42540:3L:4564538-4564549:4578760-4578869:4579447-4579519:+,2,1.0,1.0,0.0,nan,nan
CG42540:3L:4568625-4568948:4578760-4578869:4579447-4579519:+,2,1.0,1.0,0.0,nan,nan
CG42540:3L:4574964-4575758:4578760-4578869:4579447-4579519:+,2,1.0,1.0,0.0,nan,nan
CG42540:3L:4577917-4577952:4578760-4578869:4579447-4579519:+,2,1.0,1.0,0.0,nan,nan
CG42540:3L:4578760-4578869:4579447-4579519:4580077-4580159:+,2,1.0,1.0,0.0,nan,nan
CG42553:3L:834392-834718:834779-835330:835387-835515:+,2,1.0,1.0,0.0,nan,nan
CG42557:3R:29933287-29933579:29933637-29934089:29934239-29934587:+,2,1.0,1.0,0.0,nan,nan
CG42558:3R:29933287-29933579:29933637-29934089:29934239-29934587:+,2,1.0,1.0,0.0,nan,nan
CG42613:3R:18929196-18929564:18931144-18931387:18937528-18937640:+,2,1.0,1.0,0.0,nan,nan
CG42613:3R:18950196-18950603:18958362-18959924:18969419-18969596:+,2,1.0,1.0,0.0,nan,nan
CG42784:2L:13461774-13462200:13483447-13485249:13486918-13486977:+,2,1.0,1.0,0.0,nan,nan
CG42784:2L:13461774-13462200:13483447-13485249:13496591-13496698:+,2,1.0,1.0,0.0,nan,nan
CG43066:2R:18522281-18522443:18522517-18522720:18522973-18523041:+,2,1.0,1.0,0.0,nan,nan
CG43066:2R:18522517-18522720:18522973-18523041:18523194-18523707:+,2,1.0,1.0,0.0,nan,nan
CG43066:2R:18522973-18523041:18523194-18523707:18524233-18525417:+,2,1.0,1.0,0.0,nan,nan
CG43675:3R:9356424-9357455:9357984-9358176:9358256-9359189:+,2,1.0,1.0,0.0,nan,nan
CG43707:2L:3758539-3758676:3758738-3758919:3758981-3759154:+,2,1.0,1.0,0.0,nan,nan
CG43707:2L:3758539-3758676:3758738-3758919:3758981-3759806:+,2,1.0,1.0,0.0,nan,nan
CG43707:2L:3758738-3758919:3758981-3759154:3760068-3760148:+,2,1.0,1.0,0.0,nan,nan
CG43707:2L:3758738-3758919:3758981-3759806:3760068-3760148:+,2,1.0,1.0,0.0,nan,nan
CG43732:3R:18950196-18950603:18958362-18959924:18969419-18969596:+,2,1.0,1.0,0.0,nan,nan
CG43736:X:6863888-6864116:6869261-6870991:6872716-6872921:+,2,1.0,1.0,0.0,nan,nan
CG43736:X:6864103-6864299:6869261-6870991:6872716-6872921:+,2,1.0,1.0,0.0,nan,nan
CG43736:X:6868227-6868780:6869261-6870991:6872716-6872921:+,2,1.0,1.0,0.0,nan,nan
CG43736:X:6868508-6868780:6869261-6870991:6872716-6872921:+,2,1.0,1.0,0.0,nan,nan
CG43736:X:6869261-6870991:6872716-6872921:6874322-6874916:+,2,1.0,1.0,0.0,nan,nan
CG43736:X:6869261-6870991:6872716-6872921:6875932-6876190:+,2,1.0,1.0,0.0,nan,nan
CG43736:X:6869261-6870991:6872716-6872921:6876342-6878483:+,2,1.0,1.0,0.0,nan,nan
CG43736:X:6869261-6870991:6872716-6872921:6877914-6878483:+,2,1.0,1.0,0.0,nan,nan
CG43737:X:15175811-15175999:15177693-15181333:15181411-15181498:+,2,1.0,1.0,0.0,nan,nan
CG43795:2R:23444137-23444383:23456183-23457865:23466964-23467271:+,2,1.0,1.0,0.0,nan,nan
CG43902:X:10186521-10186738:10188139-10189513:10191097-10195337:+,2,1.0,1.0,0.0,nan,nan
CG44000:2L:5044307-5044689:5045822-5045925:5046147-5047206:+,2,1.0,1.0,0.0,nan,nan
CG44000:2L:5044453-5044689:5045822-5045925:5046147-5047206:+,2,1.0,1.0,0.0,nan,nan
CG44000:2L:5044583-5044689:5045822-5045925:5046147-5047206:+,2,1.0,1.0,0.0,nan,nan
CG44000:2L:5045397-5045483:5045822-5045925:5046147-5047206:+,2,1.0,1.0,0.0,nan,nan
CG44000:2L:5045822-5045925:5046147-5047206:5047273-5047479:+,2,1.0,1.0,0.0,nan,nan
CG44001:2L:5044307-5044689:5045822-5045925:5046147-5047206:+,2,1.0,1.0,0.0,nan,nan
CG44001:2L:5044453-5044689:5045822-5045925:5046147-5047206:+,2,1.0,1.0,0.0,nan,nan
CG44001:2L:5044583-5044689:5045822-5045925:5046147-5047206:+,2,1.0,1.0,0.0,nan,nan
CG44001:2L:5045397-5045483:5045822-5045925:5046147-5047206:+,2,1.0,1.0,0.0,nan,nan
CG44001:2L:5045822-5045925:5046147-5047206:5047273-5047479:+,2,1.0,1.0,0.0,nan,nan
CG4409:2R:16443211-16443757:16443908-16444122:16444669-16444845:+,2,1.0,1.0,0.0,nan,nan
CG44245:2R:21200483-21200658:21211243-21212478:21212546-21212969:+,2,1.0,1.0,0.0,nan,nan
CG45049:3R:22726967-22727491:22728843-22729133:22729209-22729284:+,2,1.0,1.0,0.0,nan,nan
CG45049:3R:22729353-22729539:22729610-22729759:22729817-22729879:+,2,1.0,1.0,0.0,nan,nan
CG45049:3R:22729610-22729759:22729817-22729879:22729947-22730876:+,2,1.0,1.0,0.0,nan,nan
CG45049:3R:22729610-22729759:22729817-22729879:22729947-22732362:+,2,1.0,1.0,0.0,nan,nan
CG45086:2R:12612740-12612851:12613567-12614345:12615907-12616414:+,2,1.0,1.0,0.0,nan,nan
CG45086:2R:12612740-12612884:12613567-12614345:12615907-12616414:+,2,1.0,1.0,0.0,nan,nan
CG4577:2L:1139124-1139385:1139483-1139763:1139832-1140988:+,2,1.0,1.0,0.0,nan,nan
CG46244:2L:19606569-19607081:19610610-19611626:19644268-19644399:+,2,1.0,1.0,0.0,nan,nan
CG46307:2L:21104568-21105008:21114594-21115092:21116260-21116482:+,2,1.0,1.0,0.0,nan,nan
CG46307:2L:21122251-21122389:21124135-21124191:21124287-21124373:+,2,1.0,1.0,0.0,nan,nan
CG46307:2L:21124135-21124191:21124287-21124373:21124440-21124521:+,2,1.0,1.0,0.0,nan,nan
CG46308:2L:13461774-13462200:13483447-13485249:13496591-13496698:+,2,1.0,1.0,0.0,nan,nan
CG46311:X:13563823-13564333:13575902-13576182:13576612-13577664:+,2,1.0,1.0,0.0,nan,nan
CG46320:3L:5667822-5667942:5668006-5668141:5668691-5668884:+,2,1.0,1.0,0.0,nan,nan
CG46320:3L:5668006-5668141:5668691-5668884:5668964-5669082:+,2,1.0,1.0,0.0,nan,nan
CG46320:3L:5668006-5668141:5668700-5668884:5668964-5669082:+,2,1.0,1.0,0.0,nan,nan
CG46320:3L:5668691-5668884:5668964-5669082:5673067-5673265:+,2,1.0,1.0,0.0,nan,nan
CG46320:3L:5668700-5668884:5668964-5669082:5673094-5673265:+,2,1.0,1.0,0.0,nan,nan
CG46320:3L:5739444-5739726:5740104-5740207:5746468-5749599:+,2,1.0,1.0,0.0,nan,nan
CG4678:X:16709736-16709912:16709985-16710077:16710204-16710313:+,2,1.0,1.0,0.0,nan,nan
CG4678:X:16709736-16709912:16709985-16710077:16710204-16710479:+,2,1.0,1.0,0.0,nan,nan
CG4678:X:16709985-16710077:16710204-16710313:16710778-16711145:+,2,1.0,1.0,0.0,nan,nan
CG4768:X:16794450-16794636:16794696-16794923:16795195-16796023:+,2,1.0,1.0,0.0,nan,nan
CG4768:X:16794450-16794636:16794696-16794923:16795195-16796756:+,2,1.0,1.0,0.0,nan,nan
CG4768:X:16794450-16794636:16794696-16794923:16795195-16797742:+,2,1.0,1.0,0.0,nan,nan
CG4789:X:16800930-16801005:16801069-16801587:16801654-16802000:+,2,1.0,1.0,0.0,nan,nan
CG4820:3R:11216535-11216729:11216793-11217565:11217624-11217695:+,2,1.0,1.0,0.0,nan,nan
CG4820:3R:11216793-11217565:11217624-11217695:11217752-11217898:+,2,1.0,1.0,0.0,nan,nan
CG4866:2R:17518223-17518427:17518484-17518695:17518753-17519027:+,2,1.0,1.0,0.0,nan,nan
CG4887:2L:1173380-1173829:1173884-1174130:1174197-1174266:+,2,1.0,1.0,0.0,nan,nan
CG4887:2L:1173884-1174130:1174197-1174266:1174497-1174570:+,2,1.0,1.0,0.0,nan,nan
CG4887:2L:1176101-1176881:1176942-1177191:1177256-1177496:+,2,1.0,1.0,0.0,nan,nan
CG4887:2L:1176101-1176881:1176942-1177191:1177256-1177589:+,2,1.0,1.0,0.0,nan,nan
CG4896:2L:1178108-1178467:1178841-1179069:1179127-1179196:+,2,1.0,1.0,0.0,nan,nan
CG4896:2L:1178108-1178467:1178841-1179069:1179127-1179937:+,2,1.0,1.0,0.0,nan,nan
CG4896:2L:1178108-1178467:1178847-1179069:1179127-1179196:+,2,1.0,1.0,0.0,nan,nan
CG4896:2L:1178841-1179069:1179127-1179196:1179452-1179525:+,2,1.0,1.0,0.0,nan,nan
CG4896:2L:1178841-1179069:1179127-1179196:1179860-1179937:+,2,1.0,1.0,0.0,nan,nan
CG4896:2L:1178841-1179069:1179127-1179937:1179997-1180123:+,2,1.0,1.0,0.0,nan,nan
CG4896:2L:1178841-1179069:1179127-1179937:1179997-1180449:+,2,1.0,1.0,0.0,nan,nan
CG4896:2L:1178847-1179069:1179127-1179196:1179452-1179525:+,2,1.0,1.0,0.0,nan,nan
CG4896:2L:1179997-1180449:1180513-1180926:1180995-1181793:+,2,1.0,1.0,0.0,nan,nan
CG4896:2L:1180213-1180449:1180513-1180926:1180995-1181793:+,2,1.0,1.0,0.0,nan,nan
CG4896:2L:1180513-1180926:1180995-1181793:1181855-1182104:+,2,1.0,1.0,0.0,nan,nan
CG4896:2L:1180995-1181793:1181855-1182104:1182170-1182454:+,2,1.0,1.0,0.0,nan,nan
CG4935:2L:16262521-16262593:16262650-16263180:16263262-16263483:+,2,1.0,1.0,0.0,nan,nan
CG4957:2L:10268872-10269319:10269376-10269550:10269613-10269708:+,2,1.0,1.0,0.0,nan,nan
CG4957:2L:10269376-10269550:10269613-10269708:10269763-10269904:+,2,1.0,1.0,0.0,nan,nan
CG5065:2R:16609128-16609325:16618804-16619689:16621325-16621441:+,2,1.0,1.0,0.0,nan,nan
CG5114:3L:14982835-14983790:14983913-14984120:14984211-14984486:+,2,1.0,1.0,0.0,nan,nan
CG5114:3L:14982835-14983850:14983913-14984120:14984211-14984486:+,2,1.0,1.0,0.0,nan,nan
CG5188:2L:10428829-10428930:10428986-10429659:10429715-10429988:+,2,1.0,1.0,0.0,nan,nan
CG5214:3R:11245739-11245883:11246088-11246393:11246458-11246862:+,2,1.0,1.0,0.0,nan,nan
CG5569:2R:23865414-23865773:23866187-23866385:23866440-23866654:+,2,1.0,1.0,0.0,nan,nan
CG5758:2L:18119995-18120072:18123349-18123908:18126497-18126839:+,2,1.0,1.0,0.0,nan,nan
CG5890:3R:25868453-25868523:25868593-25868787:25869538-25869792:+,2,1.0,1.0,0.0,nan,nan
CG5890:3R:25868453-25868523:25868593-25868787:25869538-25872670:+,2,1.0,1.0,0.0,nan,nan
CG6153:2L:12692993-12693402:12693466-12693656:12693720-12693892:+,2,1.0,1.0,0.0,nan,nan
CG6153:2L:12692993-12693402:12693466-12693656:12693720-12693939:+,2,1.0,1.0,0.0,nan,nan
CG6329:2R:13826371-13826481:13829640-13829865:13830551-13830718:+,2,1.0,1.0,0.0,nan,nan
CG6329:2R:13826371-13826517:13829640-13829865:13830551-13830718:+,2,1.0,1.0,0.0,nan,nan
CG6329:2R:13826371-13826585:13829640-13829865:13830551-13830718:+,2,1.0,1.0,0.0,nan,nan
CG6329:2R:13826953-13827037:13829640-13829865:13830551-13830718:+,2,1.0,1.0,0.0,nan,nan
CG6329:2R:13826953-13827409:13829640-13829865:13830551-13830718:+,2,1.0,1.0,0.0,nan,nan
CG6329:2R:13829448-13829579:13829640-13829865:13830551-13830718:+,2,1.0,1.0,0.0,nan,nan
CG6329:2R:13829640-13829865:13830551-13830718:13830778-13831359:+,2,1.0,1.0,0.0,nan,nan
CG6329:2R:13829640-13829865:13830551-13830718:13830778-13832914:+,2,1.0,1.0,0.0,nan,nan
CG6329:2R:13829640-13829865:13830551-13830718:13830778-13833503:+,2,1.0,1.0,0.0,nan,nan
CG6607:3R:24528749-24528928:24528982-24529503:24529563-24529815:+,2,1.0,1.0,0.0,nan,nan
CG6610:3L:6075536-6075688:6075761-6075957:6076023-6076093:+,2,1.0,1.0,0.0,nan,nan
CG6610:3L:6075536-6075688:6075761-6075957:6076023-6076144:+,2,1.0,1.0,0.0,nan,nan
CG6610:3L:6075536-6075688:6075761-6075957:6076023-6076258:+,2,1.0,1.0,0.0,nan,nan
CG6867:X:18027572-18027714:18027769-18028005:18028076-18028261:+,2,1.0,1.0,0.0,nan,nan
CG7029:3R:22781728-22782158:22784467-22785405:22787006-22788517:+,2,1.0,1.0,0.0,nan,nan
CG7029:3R:22781728-22782158:22784467-22785423:22787006-22788517:+,2,1.0,1.0,0.0,nan,nan
CG7029:3R:22789493-22792000:22792390-22792599:22792658-22794030:+,2,1.0,1.0,0.0,nan,nan
CG7220:2R:10731566-10731796:10736657-10736748:10736893-10736995:+,2,1.0,1.0,0.0,nan,nan
CG7220:2R:10731659-10731796:10736657-10736748:10736893-10736995:+,2,1.0,1.0,0.0,nan,nan
CG7220:2R:10736657-10736748:10736893-10736995:10737060-10737291:+,2,1.0,1.0,0.0,nan,nan
CG7220:2R:10736893-10736995:10737060-10737291:10737357-10737425:+,2,1.0,1.0,0.0,nan,nan
CG7220:2R:10736893-10736995:10737060-10737291:10737357-10738370:+,2,1.0,1.0,0.0,nan,nan
CG7289:2L:1982547-1983960:1984019-1984143:1984206-1984514:+,2,1.0,1.0,0.0,nan,nan
CG7332:X:18886836-18886995:18887053-18887212:18887300-18887605:+,2,1.0,1.0,0.0,nan,nan
CG7332:X:18886836-18886995:18887053-18887212:18887300-18888860:+,2,1.0,1.0,0.0,nan,nan
CG7378:X:18907731-18907859:18908250-18908374:18908884-18911843:+,2,1.0,1.0,0.0,nan,nan
CG7378:X:18907731-18907859:18908277-18908374:18908884-18909287:+,2,1.0,1.0,0.0,nan,nan
CG7378:X:18907731-18907859:18908277-18908374:18908884-18910058:+,2,1.0,1.0,0.0,nan,nan
CG7394:3L:11562647-11562737:11562861-11563100:11563303-11564312:+,2,1.0,1.0,0.0,nan,nan
CG7394:3L:11562673-11562737:11562861-11563100:11563303-11563531:+,2,1.0,1.0,0.0,nan,nan
CG7394:3L:11562673-11562737:11562861-11563100:11563303-11564312:+,2,1.0,1.0,0.0,nan,nan
CG7430:3L:17847547-17848074:17848138-17849016:17849080-17849372:+,2,1.0,1.0,0.0,nan,nan
CG7430:3L:17847547-17848074:17848138-17849016:17849080-17849601:+,2,1.0,1.0,0.0,nan,nan
CG7607:3L:11199825-11199928:11199982-11200063:11200131-11200198:+,2,1.0,1.0,0.0,nan,nan
CG7607:3L:11199982-11200063:11200131-11200198:11200253-11200328:+,2,1.0,1.0,0.0,nan,nan
CG7607:3L:11200131-11200198:11200253-11200328:11200398-11200587:+,2,1.0,1.0,0.0,nan,nan
CG7646:3L:19993265-19993322:19994168-19994735:19994808-19994951:+,2,1.0,1.0,0.0,nan,nan
CG7646:3L:19993265-19993322:19995374-19995502:19995629-19995912:+,2,1.0,1.0,0.0,nan,nan
CG7646:3L:19994168-19994735:19994808-19994951:19995374-19995502:+,2,1.0,1.0,0.0,nan,nan
CG7646:3L:19994323-19994735:19994808-19994951:19995374-19995502:+,2,1.0,1.0,0.0,nan,nan
CG7646:3L:19994808-19994951:19995374-19995502:19995629-19995912:+,2,1.0,1.0,0.0,nan,nan
CG7646:3L:19994808-19994951:19995374-19995502:19995629-19996269:+,2,1.0,1.0,0.0,nan,nan
CG7668:3L:20002736-20002992:20003303-20004363:20004417-20004604:+,2,1.0,1.0,0.0,nan,nan
CG7668:3L:20002736-20002992:20003303-20004363:20004417-20004834:+,2,1.0,1.0,0.0,nan,nan
CG7694:3R:18577567-18577584:18590117-18590427:18590521-18590726:+,2,1.0,1.0,0.0,nan,nan
CG7694:3R:18584473-18584586:18590117-18590427:18590521-18590726:+,2,1.0,1.0,0.0,nan,nan
CG7741:2R:11304751-11305079:11305138-11305295:11305351-11305607:+,2,1.0,1.0,0.0,nan,nan
CG7985:3R:18212409-18213161:18213215-18214598:18214666-18215001:+,2,1.0,1.0,0.0,nan,nan
CG8079:2R:15221429-15221565:15221728-15221823:15221899-15221980:+,2,1.0,1.0,0.0,nan,nan
CG8079:2R:15221429-15221565:15221728-15221823:15221899-15222425:+,2,1.0,1.0,0.0,nan,nan
CG8320:2R:15992778-15992933:15992993-15993129:15993187-15993707:+,2,1.0,1.0,0.0,nan,nan
CG8360:2L:8213109-8213282:8213337-8213529:8213781-8214135:+,2,1.0,1.0,0.0,nan,nan
CG8360:2L:8213117-8213282:8213337-8213529:8213781-8214135:+,2,1.0,1.0,0.0,nan,nan
CG8369:3R:8822008-8822125:8822469-8822666:8822724-8822838:+,2,1.0,1.0,0.0,nan,nan
CG8369:3R:8822008-8822173:8822469-8822666:8822724-8822838:+,2,1.0,1.0,0.0,nan,nan
CG8460:2L:8197879-8198082:8198149-8198548:8198613-8198813:+,2,1.0,1.0,0.0,nan,nan
CG8500:3R:9785752-9786077:9786135-9786320:9786377-9786448:+,2,1.0,1.0,0.0,nan,nan
CG8500:3R:9786135-9786320:9786377-9786448:9786585-9789323:+,2,1.0,1.0,0.0,nan,nan
CG8507:3R:9792124-9792334:9792396-9792757:9792813-9793098:+,2,1.0,1.0,0.0,nan,nan
CG8520:2R:12424166-12424768:12424823-12425074:12425129-12425459:+,2,1.0,1.0,0.0,nan,nan
CG8671:2L:21262956-21263123:21263648-21263786:21273324-21273771:+,2,1.0,1.0,0.0,nan,nan
CG8671:2L:21262956-21263123:21263723-21263786:21273324-21273771:+,2,1.0,1.0,0.0,nan,nan
CG8671:2L:21262956-21263179:21263648-21263786:21273324-21273771:+,2,1.0,1.0,0.0,nan,nan
CG8671:2L:21263648-21263786:21273324-21273771:21273828-21274139:+,2,1.0,1.0,0.0,nan,nan
CG8671:2L:21263723-21263786:21273324-21273771:21273828-21274139:+,2,1.0,1.0,0.0,nan,nan
CG8677:2L:21222436-21222617:21222678-21223127:21223192-21226422:+,2,1.0,1.0,0.0,nan,nan
CG8677:2L:21222678-21223127:21223192-21226422:21226630-21228340:+,2,1.0,1.0,0.0,nan,nan
CG8929:2R:20328327-20329021:20329106-20329197:20329264-20329630:+,2,1.0,1.0,0.0,nan,nan
CG8929:2R:20328332-20329021:20329106-20329197:20329264-20329630:+,2,1.0,1.0,0.0,nan,nan
CG8929:2R:20329106-20329197:20329264-20329630:20329709-20330164:+,2,1.0,1.0,0.0,nan,nan
CG9147:2L:6066087-6066312:6066369-6067235:6067289-6067635:+,2,1.0,1.0,0.0,nan,nan
CG9147:2L:6066224-6066312:6066369-6067235:6067289-6067635:+,2,1.0,1.0,0.0,nan,nan
CG9147:2L:6066270-6066312:6066369-6067235:6067289-6067635:+,2,1.0,1.0,0.0,nan,nan
CG9166:3L:1351116-1351471:1351529-1351789:1351853-1352108:+,2,1.0,1.0,0.0,nan,nan
CG9166:3L:1351116-1351471:1351529-1351789:1351853-1352853:+,2,1.0,1.0,0.0,nan,nan
CG9205:3L:1035185-1035461:1035560-1035956:1036032-1036298:+,2,1.0,1.0,0.0,nan,nan
CG9205:3L:1035210-1035461:1035560-1035956:1036032-1036298:+,2,1.0,1.0,0.0,nan,nan
CG9330:3L:19587881-19588054:19588123-19588613:19588680-19588771:+,2,1.0,1.0,0.0,nan,nan
CG9330:3L:19588123-19588613:19588680-19588771:19588831-19589111:+,2,1.0,1.0,0.0,nan,nan
CG9331:2L:20826633-20826970:20827032-20827157:20827497-20827724:+,2,1.0,1.0,0.0,nan,nan
CG9331:2L:20826633-20826970:20827032-20827157:20827497-20827744:+,2,1.0,1.0,0.0,nan,nan
CG9346:2R:21011970-21012102:21012162-21012278:21012335-21012621:+,2,1.0,1.0,0.0,nan,nan
CG9346:2R:21012162-21012278:21012335-21012621:21012679-21013097:+,2,1.0,1.0,0.0,nan,nan
CG9577:X:20166957-20167119:20167191-20167815:20167882-20168080:+,2,1.0,1.0,0.0,nan,nan
CG9646:2R:17050717-17051164:17053269-17053418:17053485-17053855:+,2,1.0,1.0,0.0,nan,nan
CG9646:2R:17051822-17053144:17053269-17053418:17053485-17053855:+,2,1.0,1.0,0.0,nan,nan
CG9953:3L:6970681-6970819:6970882-6971353:6971426-6971666:+,2,1.0,1.0,0.0,nan,nan
CHOp24:X:4540908-4541144:4541217-4541551:4541907-4542438:+,2,1.0,1.0,0.0,nan,nan
CHOp24:X:4540908-4541144:4541217-4541551:4541907-4542506:+,2,1.0,1.0,0.0,nan,nan
COX4:2L:19958713-19958764:19959267-19959691:19959751-19960004:+,2,1.0,1.0,0.0,nan,nan
COX4:2L:19958713-19958768:19959267-19959691:19959751-19960065:+,2,1.0,1.0,0.0,nan,nan
COX4:2L:19958832-19958909:19959267-19959691:19959751-19960065:+,2,1.0,1.0,0.0,nan,nan
COX5B:2L:6557800-6557984:6558418-6558591:6558939-6559149:+,2,1.0,1.0,0.0,nan,nan
COX5B:2L:6557800-6557984:6558418-6558591:6558939-6559308:+,2,1.0,1.0,0.0,nan,nan
COX7B:3L:17425477-17425517:17425579-17425640:17425910-17426079:+,2,1.0,1.0,0.0,nan,nan
COX7B:3L:17425579-17425640:17425910-17426079:17426139-17426282:+,2,1.0,1.0,0.0,nan,nan
COX7C:2R:10048353-10048486:10049408-10049644:10049753-10049899:+,2,1.0,1.0,0.0,nan,nan
COX7C:2R:10048999-10049221:10049408-10049644:10049753-10049904:+,2,1.0,1.0,0.0,nan,nan
COX7C:2R:10049408-10049644:10049753-10049899:10049960-10050066:+,2,1.0,1.0,0.0,nan,nan
COX7C:2R:10049408-10049644:10049753-10049904:10049960-10050066:+,2,1.0,1.0,0.0,nan,nan
COX7C:2R:10049481-10049644:10049753-10049899:10049960-10050066:+,2,1.0,1.0,0.0,nan,nan
COX7C:2R:10049481-10049644:10049753-10049904:10049960-10050066:+,2,1.0,1.0,0.0,nan,nan
CR43212:X:11595655-11596057:11596695-11597108:11597175-11597545:+,2,1.0,1.0,0.0,nan,nan
CSN5:3R:16470099-16470439:16470493-16471069:16471129-16471406:+,2,1.0,1.0,0.0,nan,nan
CSN7:2R:8427579-8427799:8427993-8428146:8428284-8428577:+,2,1.0,1.0,0.0,nan,nan
CSN8:2L:8365040-8365104:8365153-8365328:8365389-8365663:+,2,1.0,1.0,0.0,nan,nan
CaMKI:4:446578-446751:446821-447035:447101-447235:+,2,1.0,1.0,0.0,nan,nan
CaMKI:4:446631-446751:446821-447035:447101-447235:+,2,1.0,1.0,0.0,nan,nan
CaMKI:4:446631-447035:447101-447235:450242-450316:+,2,1.0,1.0,0.0,nan,nan
CaMKI:4:452618-452744:452803-452890:452972-453947:+,2,1.0,1.0,0.0,nan,nan
Cadps:4:1231883-1232190:1233129-1233510:1234679-1234799:+,2,1.0,1.0,0.0,nan,nan
Cadps:4:1233129-1233510:1234679-1234799:1241730-1241897:+,2,1.0,1.0,0.0,nan,nan
Cadps:4:1241730-1241897:1243477-1243652:1243719-1243950:+,2,1.0,1.0,0.0,nan,nan
Cadps:4:1243477-1243652:1243719-1243950:1244014-1244264:+,2,1.0,1.0,0.0,nan,nan
Cadps:4:1243719-1243950:1244014-1244264:1244337-1244351:+,2,1.0,1.0,0.0,nan,nan
Cadps:4:1243719-1243950:1244014-1244264:1245101-1245331:+,2,1.0,1.0,0.0,nan,nan
Cadps:4:1245101-1245331:1245379-1245523:1245577-1245683:+,2,1.0,1.0,0.0,nan,nan
Cadps:4:1245285-1245331:1245379-1245523:1245577-1245683:+,2,1.0,1.0,0.0,nan,nan
Cadps:4:1245379-1245523:1245577-1245683:1245752-1245927:+,2,1.0,1.0,0.0,nan,nan
Cadps:4:1245577-1245683:1245752-1245927:1245990-1246193:+,2,1.0,1.0,0.0,nan,nan
Cadps:4:1245577-1245683:1245752-1245927:1245990-1246196:+,2,1.0,1.0,0.0,nan,nan
Cadps:4:1245990-1246196:1247102-1247238:1248303-1248490:+,2,1.0,1.0,0.0,nan,nan
Cadps:4:1247102-1247238:1248303-1248490:1248547-1248836:+,2,1.0,1.0,0.0,nan,nan
Cadps:4:1248303-1248490:1248547-1248836:1250771-1250883:+,2,1.0,1.0,0.0,nan,nan
Cadps:4:1248547-1248836:1250771-1250883:1254006-1254212:+,2,1.0,1.0,0.0,nan,nan
Cadps:4:1248547-1248836:1250771-1250883:1255842-1255998:+,2,1.0,1.0,0.0,nan,nan
Cam:2R:12259398-12259458:12260040-12260188:12264743-12264917:+,2,1.0,1.0,0.0,nan,nan
Cam:2R:12264544-12264675:12264743-12264917:12269193-12269435:+,2,1.0,1.0,0.0,nan,nan
Caper:2L:7032721-7032839:7032904-7033018:7034199-7034273:+,2,1.0,1.0,0.0,nan,nan
Caper:2L:7032721-7032839:7032904-7033018:7034484-7034693:+,2,1.0,1.0,0.0,nan,nan
Caper:2L:7032721-7032839:7032904-7033018:7035407-7035561:+,2,1.0,1.0,0.0,nan,nan
Caper:2L:7032721-7033018:7034199-7034273:7034484-7034693:+,2,1.0,1.0,0.0,nan,nan
Caper:2L:7032721-7033018:7034484-7034693:7034765-7034910:+,2,1.0,1.0,0.0,nan,nan
Caper:2L:7032904-7033018:7034199-7034273:7034484-7034693:+,2,1.0,1.0,0.0,nan,nan
Caper:2L:7032904-7033018:7034484-7034693:7034765-7034910:+,2,1.0,1.0,0.0,nan,nan
Caper:2L:7034199-7034273:7034484-7034693:7034765-7034910:+,2,1.0,1.0,0.0,nan,nan
Caper:2L:7034199-7034273:7034484-7034693:7034765-7034912:+,2,1.0,1.0,0.0,nan,nan
Caper:2L:7034484-7034693:7034765-7034910:7035075-7035561:+,2,1.0,1.0,0.0,nan,nan
Caper:2L:7034484-7034693:7034765-7034910:7035407-7035561:+,2,1.0,1.0,0.0,nan,nan
Caper:2L:7034484-7034693:7034765-7034912:7035407-7035561:+,2,1.0,1.0,0.0,nan,nan
Cbp20:3R:18164661-18164776:18164832-18165049:18165174-18165439:+,2,1.0,1.0,0.0,nan,nan
Cbp53E:2R:16986071-16986211:16986581-16986636:16986705-16986750:+,2,1.0,1.0,0.0,nan,nan
Cbp53E:2R:16986581-16986636:16986705-16986750:16994160-16994216:+,2,1.0,1.0,0.0,nan,nan
Cbp53E:2R:16986705-16986750:16994160-16994216:16994282-16994353:+,2,1.0,1.0,0.0,nan,nan
Cbp53E:2R:16994160-16994216:16994282-16994353:16994411-16994703:+,2,1.0,1.0,0.0,nan,nan
Cbp53E:2R:16994160-16994216:16994282-16994353:16994411-16996057:+,2,1.0,1.0,0.0,nan,nan
Ccdc58:3L:19805181-19806452:19806510-19806632:19806686-19806932:+,2,1.0,1.0,0.0,nan,nan
Ccdc58:3L:19806295-19806452:19806510-19806632:19806686-19806932:+,2,1.0,1.0,0.0,nan,nan
Ccdc58:3L:19806306-19806452:19806510-19806632:19806686-19806932:+,2,1.0,1.0,0.0,nan,nan
Ccm3:3R:15372631-15372763:15372849-15373013:15373386-15374237:+,2,1.0,1.0,0.0,nan,nan
Cdk12:3L:21516306-21516654:21517250-21517790:21517846-21518699:+,2,1.0,1.0,0.0,nan,nan
Cdk12:3L:21517187-21517790:21517846-21518699:21518758-21518917:+,2,1.0,1.0,0.0,nan,nan
Cdk12:3L:21517250-21517790:21517846-21518699:21518758-21518917:+,2,1.0,1.0,0.0,nan,nan
ChAT:3R:18730110-18730235:18730323-18730523:18730730-18731178:+,2,1.0,1.0,0.0,nan,nan
ChAT:3R:18730110-18730256:18730323-18730523:18730730-18732344:+,2,1.0,1.0,0.0,nan,nan
Ciz1:3L:9866314-9866361:9867314-9867744:9868254-9868935:+,2,1.0,1.0,0.0,nan,nan
Ciz1:3L:9867314-9867744:9868254-9868935:9868999-9869322:+,2,1.0,1.0,0.0,nan,nan
CkIIbeta:X:11793798-11793900:11793974-11794165:11794819-11795008:+,2,1.0,1.0,0.0,nan,nan
CkIIbeta:X:11793974-11794165:11794819-11795008:11795105-11795186:+,2,1.0,1.0,0.0,nan,nan
CkIIbeta:X:11794819-11795008:11795105-11795186:11795601-11795887:+,2,1.0,1.0,0.0,nan,nan
CkIIbeta:X:11794819-11795008:11795105-11795186:11795601-11797301:+,2,1.0,1.0,0.0,nan,nan
CkIIbeta:X:11794819-11795008:11795105-11795186:11795601-11797924:+,2,1.0,1.0,0.0,nan,nan
CkIIbeta:X:11794819-11795008:11795105-11795186:11795732-11795887:+,2,1.0,1.0,0.0,nan,nan
CkIIbeta:X:11794819-11795008:11795105-11795186:11796604-11797565:+,2,1.0,1.0,0.0,nan,nan
CkIIbeta:X:11794819-11795008:11795105-11795186:11798295-11798850:+,2,1.0,1.0,0.0,nan,nan
CkIIbeta:X:11794819-11795008:11795105-11795186:11799993-11801587:+,2,1.0,1.0,0.0,nan,nan
ClC-b:2R:12574234-12574620:12574679-12574837:12574894-12574977:+,2,1.0,1.0,0.0,nan,nan
ClC-b:2R:12574679-12574837:12574894-12574977:12575042-12575299:+,2,1.0,1.0,0.0,nan,nan
Cndp2:2R:5699415-5699679:5699737-5699988:5700043-5700212:+,2,1.0,1.0,0.0,nan,nan
Cnot4:2L:10401926-10402333:10402407-10402562:10402631-10402882:+,2,1.0,1.0,0.0,nan,nan
Cnot4:2L:10401926-10402333:10402407-10402562:10402631-10403206:+,2,1.0,1.0,0.0,nan,nan
Coa8:X:1880282-1880623:1880683-1880946:1881020-1881432:+,2,1.0,1.0,0.0,nan,nan
Coa8:X:1880531-1880623:1880683-1880946:1881020-1881432:+,2,1.0,1.0,0.0,nan,nan
Coq7:X:6771225-6771373:6772227-6772723:6772787-6773039:+,2,1.0,1.0,0.0,nan,nan
Coq9:2R:7701944-7702614:7702674-7702883:7702941-7703501:+,2,1.0,1.0,0.0,nan,nan
Cox10:2L:10331747-10331930:10331988-10332674:10332739-10333129:+,2,1.0,1.0,0.0,nan,nan
Cpsf5:3L:9411479-9411743:9411817-9411982:9412155-9413317:+,2,1.0,1.0,0.0,nan,nan
Cpsf5:3L:9411479-9411743:9411817-9411982:9413203-9413317:+,2,1.0,1.0,0.0,nan,nan
Cpsf5:3L:9411817-9411982:9412155-9413317:9413391-9413637:+,2,1.0,1.0,0.0,nan,nan
Cpsf5:3L:9411817-9411982:9413203-9413317:9413391-9413835:+,2,1.0,1.0,0.0,nan,nan
Crk:4:210558-210675:211639-211794:211854-211982:+,2,1.0,1.0,0.0,nan,nan
Crk:4:210558-210680:211590-211794:211854-211982:+,2,1.0,1.0,0.0,nan,nan
Crk:4:210558-210680:212628-212729:212791-213165:+,2,1.0,1.0,0.0,nan,nan
Crk:4:210582-210680:211590-211794:211854-211982:+,2,1.0,1.0,0.0,nan,nan
Crk:4:211590-211794:211854-211982:212115-212274:+,2,1.0,1.0,0.0,nan,nan
Crk:4:211590-211794:211854-211982:212628-212729:+,2,1.0,1.0,0.0,nan,nan
Crk:4:211639-211794:211854-211982:212628-212729:+,2,1.0,1.0,0.0,nan,nan
Crk:4:211854-211982:212628-212729:212791-213165:+,2,1.0,1.0,0.0,nan,nan
Crk:4:212115-212274:212628-212729:212791-213165:+,2,1.0,1.0,0.0,nan,nan
CtBP:3R:13011649-13011748:13019342-13019814:13019896-13020201:+,2,1.0,1.0,0.0,nan,nan
CtBP:3R:13020854-13021114:13021176-13021307:13021420-13021642:+,2,1.0,1.0,0.0,nan,nan
CtBP:3R:13020854-13021114:13021176-13021307:13021420-13024703:+,2,1.0,1.0,0.0,nan,nan
CtBP:3R:13020854-13021114:13021176-13021316:13021420-13021642:+,2,1.0,1.0,0.0,nan,nan
CtBP:3R:13020854-13021114:13021176-13021316:13021420-13021717:+,2,1.0,1.0,0.0,nan,nan
CtBP:3R:13020854-13021114:13021176-13021316:13021420-13024097:+,2,1.0,1.0,0.0,nan,nan
CtBP:3R:13021176-13021307:13021420-13021642:13024800-13025029:+,2,1.0,1.0,0.0,nan,nan
CtBP:3R:13021176-13021307:13021420-13021642:13024800-13025044:+,2,1.0,1.0,0.0,nan,nan
CtBP:3R:13021176-13021307:13021420-13021642:13024824-13025044:+,2,1.0,1.0,0.0,nan,nan
CtBP:3R:13021176-13021307:13021420-13021642:13025389-13026275:+,2,1.0,1.0,0.0,nan,nan
CtBP:3R:13021176-13021316:13021420-13021642:13024824-13025044:+,2,1.0,1.0,0.0,nan,nan
Cul2:2L:21662084-21662452:21662518-21662631:21662689-21663210:+,2,1.0,1.0,0.0,nan,nan
Cul2:2L:21662084-21662452:21662518-21662631:21662689-21663698:+,2,1.0,1.0,0.0,nan,nan
Cyp28d1:2L:5211191-5211821:5211881-5212150:5212213-5212445:+,2,1.0,1.0,0.0,nan,nan
Cyt-c1:3L:5361493-5361625:5361695-5361988:5362103-5362422:+,2,1.0,1.0,0.0,nan,nan
Cyt-c1:3L:5361493-5361625:5361695-5361988:5362103-5362798:+,2,1.0,1.0,0.0,nan,nan
DCTN2-p50:2R:8891832-8891989:8892074-8892995:8893062-8893339:+,2,1.0,1.0,0.0,nan,nan
DCTN5-p25:2L:15005733-15005872:15005961-15006260:15006318-15006607:+,2,1.0,1.0,0.0,nan,nan
DIP-delta:3L:5424109-5424275:5429163-5429628:5431632-5431738:+,2,1.0,1.0,0.0,nan,nan
DIP-delta:3L:5437713-5437775:5439190-5439471:5439531-5439803:+,2,1.0,1.0,0.0,nan,nan
DIP-delta:3L:5437713-5437775:5439190-5439471:5439531-5442399:+,2,1.0,1.0,0.0,nan,nan
DMAP1:2R:20644329-20644718:20644779-20645368:20645428-20645582:+,2,1.0,1.0,0.0,nan,nan
DMAP1:2R:20644779-20645368:20645428-20645582:20645653-20645865:+,2,1.0,1.0,0.0,nan,nan
Dbp45A:2R:9088866-9089224:9089291-9089444:9089508-9089802:+,2,1.0,1.0,0.0,nan,nan
Dbp80:3L:27293076-27293271:27331994-27332108:27332169-27332346:+,2,1.0,1.0,0.0,nan,nan
Dbp80:3L:27323294-27323574:27331994-27332108:27332169-27332346:+,2,1.0,1.0,0.0,nan,nan
Dbp80:3L:27332169-27332346:27350220-27350321:27350597-27350910:+,2,1.0,1.0,0.0,nan,nan
Dbp80:3L:27332169-27332346:27350220-27350321:27380953-27381088:+,2,1.0,1.0,0.0,nan,nan
Dbp80:3L:27350220-27350321:27380953-27381088:27420679-27420841:+,2,1.0,1.0,0.0,nan,nan
Dbp80:3L:27380953-27381088:27420679-27420841:27420901-27421014:+,2,1.0,1.0,0.0,nan,nan
Dbp80:3L:27380953-27381088:27420679-27420841:27420901-27421171:+,2,1.0,1.0,0.0,nan,nan
Dbp80:3L:27420679-27420841:27420901-27421014:27421957-27422159:+,2,1.0,1.0,0.0,nan,nan
Dek:2R:16856220-16856303:16856806-16857052:16857633-16858114:+,2,1.0,1.0,0.0,nan,nan
Dek:2R:16856220-16856315:16856806-16857052:16857633-16858114:+,2,1.0,1.0,0.0,nan,nan
Dek:2R:16856642-16857052:16857633-16858114:16858181-16858601:+,2,1.0,1.0,0.0,nan,nan
Dek:2R:16856806-16857052:16857633-16858114:16858181-16858601:+,2,1.0,1.0,0.0,nan,nan
Dek:2R:16858664-16858764:16858827-16859000:16859061-16859249:+,2,1.0,1.0,0.0,nan,nan
Der-1:2L:1974564-1974818:1974881-1974991:1975061-1975413:+,2,1.0,1.0,0.0,nan,nan
Det:3R:17149667-17149920:17149998-17150177:17150239-17150455:+,2,1.0,1.0,0.0,nan,nan
Dgkepsilon:2R:12757962-12758969:12759026-12759343:12759399-12759724:+,2,1.0,1.0,0.0,nan,nan
Doa:3R:28889766-28889884:28890005-28890100:28900824-28901022:+,2,1.0,1.0,0.0,nan,nan
Doa:3R:28890005-28890100:28900824-28901022:28901333-28901539:+,2,1.0,1.0,0.0,nan,nan
Doa:3R:28890005-28890100:28900824-28901022:28902543-28902806:+,2,1.0,1.0,0.0,nan,nan
Doa:3R:28890005-28890100:28900824-28901022:28919492-28919567:+,2,1.0,1.0,0.0,nan,nan
Dp:2R:13225322-13225624:13225691-13225751:13225809-13225938:+,2,1.0,1.0,0.0,nan,nan
Dp:2R:13225467-13225624:13225691-13225751:13225809-13225938:+,2,1.0,1.0,0.0,nan,nan
Dph3:3R:11231912-11232124:11232194-11232268:11232341-11232539:+,2,1.0,1.0,0.0,nan,nan
Dscam4:3L:8241131-8241194:8248558-8248951:8254865-8255001:+,2,1.0,1.0,0.0,nan,nan
Dsor1:X:9248542-9249181:9249375-9249701:9249773-9250037:+,2,1.0,1.0,0.0,nan,nan
Dsor1:X:9248551-9249181:9249375-9249701:9249773-9250037:+,2,1.0,1.0,0.0,nan,nan
Dtd:3R:11430180-11430270:11430339-11430571:11430627-11430762:+,2,1.0,1.0,0.0,nan,nan
Dtd:3R:11430180-11430274:11430339-11430571:11430627-11430762:+,2,1.0,1.0,0.0,nan,nan
EMC10:3L:21574744-21574911:21575227-21575610:21575670-21575874:+,2,1.0,1.0,0.0,nan,nan
EMC5:2L:18987707-18987870:18987936-18987988:18988057-18988331:+,2,1.0,1.0,0.0,nan,nan
Eip63E:3L:3515751-3515934:3516529-3516828:3552787-3552864:+,2,1.0,1.0,0.0,nan,nan
Eph:4:611285-611655:611727-611806:613615-613795:+,2,1.0,1.0,0.0,nan,nan
Eph:4:611513-611655:611727-611806:613615-613795:+,2,1.0,1.0,0.0,nan,nan
Exo70:3L:8415135-8415457:8415527-8415660:8415716-8415910:+,2,1.0,1.0,0.0,nan,nan
Fas1:3R:16632064-16632294:16632362-16632530:16632608-16632768:+,2,1.0,1.0,0.0,nan,nan
Fas1:3R:16632362-16632530:16632608-16632768:16634374-16634382:+,2,1.0,1.0,0.0,nan,nan
Fas1:3R:16632362-16632530:16632608-16632768:16635546-16635700:+,2,1.0,1.0,0.0,nan,nan
Fas3:2L:18384459-18384893:18387287-18387317:18392245-18392911:+,2,1.0,1.0,0.0,nan,nan
Fas3:2L:18384459-18384893:18387287-18387317:18392245-18393441:+,2,1.0,1.0,0.0,nan,nan
Fas3:2L:18387287-18387317:18391052-18391364:18392245-18393441:+,2,0.0,0.0,0.0,nan,nan
Fie:3L:3893533-3893914:3893978-3894114:3894169-3894833:+,2,1.0,1.0,0.0,nan,nan
Fip1:3R:4485008-4486531:4486596-4486688:4486821-4486891:+,2,1.0,1.0,0.0,nan,nan
Fip1:3R:4486596-4486688:4486821-4486891:4486948-4487677:+,2,1.0,1.0,0.0,nan,nan
Fkbp12:2R:19290109-19290225:19290386-19290456:19290518-19290962:+,2,1.0,1.0,0.0,nan,nan
Fkbp59:2L:9888847-9888985:9889048-9889405:9889460-9889570:+,2,1.0,1.0,0.0,nan,nan
Fkbp59:2L:9889048-9889405:9889460-9889570:9889632-9889769:+,2,1.0,1.0,0.0,nan,nan
Fkbp59:2L:9889460-9889570:9889632-9889769:9889877-9890119:+,2,1.0,1.0,0.0,nan,nan
Frq1:X:18155369-18155590:18161013-18161292:18167632-18167656:+,2,1.0,1.0,0.0,nan,nan
Frq1:X:18155369-18155594:18161013-18161292:18167632-18167656:+,2,1.0,1.0,0.0,nan,nan
Frq1:X:18155369-18155732:18161013-18161292:18167632-18167656:+,2,1.0,1.0,0.0,nan,nan
Frq1:X:18168403-18168492:18169489-18169567:18169696-18169784:+,2,1.0,1.0,0.0,nan,nan
Frq1:X:18169489-18169567:18169696-18169784:18169989-18174744:+,2,1.0,1.0,0.0,nan,nan
Frq2:X:18186155-18186249:18186387-18186501:18192331-18192563:+,2,1.0,1.0,0.0,nan,nan
Frq2:X:18186155-18186501:18192331-18192563:18199124-18199148:+,2,1.0,1.0,0.0,nan,nan
Frq2:X:18186387-18186501:18192331-18192563:18199124-18199148:+,2,1.0,1.0,0.0,nan,nan
GABA-B-R1:2L:15030747-15030884:15032003-15032183:15032635-15033984:+,2,1.0,1.0,0.0,nan,nan
GABA-B-R1:2L:15030747-15030884:15032003-15032183:15032635-15034704:+,2,1.0,1.0,0.0,nan,nan
GABPI:2L:3030539-3030947:3031000-3031893:3031954-3032300:+,2,1.0,1.0,0.0,nan,nan
GABPI:2L:3030670-3030947:3031000-3031893:3031954-3032300:+,2,1.0,1.0,0.0,nan,nan
GABPI:2L:3030776-3030947:3031000-3031893:3031954-3032300:+,2,1.0,1.0,0.0,nan,nan
GATAd:2L:10337141-10337293:10337368-10337596:10338019-10338116:+,2,1.0,1.0,0.0,nan,nan
GATAd:2L:10337368-10337596:10338019-10338116:10338232-10338441:+,2,1.0,1.0,0.0,nan,nan
GATAd:2L:10337368-10337596:10338019-10338116:10338232-10339185:+,2,1.0,1.0,0.0,nan,nan
GILT3:3R:23677358-23677637:23677856-23678164:23678238-23678421:+,2,1.0,1.0,0.0,nan,nan
Galphao:2R:10448472-10448632:10460903-10461031:10461096-10461225:+,2,1.0,1.0,0.0,nan,nan
Galphao:2R:10459163-10459360:10460903-10461031:10461096-10461225:+,2,1.0,1.0,0.0,nan,nan
Galphao:2R:10460903-10461031:10461096-10461225:10461290-10461443:+,2,1.0,1.0,0.0,nan,nan
Galphao:2R:10461096-10461225:10461290-10461443:10461513-10462686:+,2,1.0,1.0,0.0,nan,nan
Galphao:2R:10461096-10461225:10461290-10461443:10461513-10463718:+,2,1.0,1.0,0.0,nan,nan
Galphao:2R:10461096-10461225:10461290-10461443:10461513-10465701:+,2,1.0,1.0,0.0,nan,nan
Galphaq:2R:12612740-12612851:12613567-12614345:12615907-12616414:+,2,1.0,1.0,0.0,nan,nan
Galphaq:2R:12612740-12612884:12613567-12614345:12615907-12616414:+,2,1.0,1.0,0.0,nan,nan
Galphas:2R:23945898-23946077:23946137-23946261:23946447-23946520:+,2,1.0,1.0,0.0,nan,nan
Galphas:2R:23946137-23946261:23946438-23946520:23946601-23946936:+,2,1.0,1.0,0.0,nan,nan
Galphas:2R:23946137-23946261:23946447-23946520:23946601-23946936:+,2,1.0,1.0,0.0,nan,nan
Gel:3R:4238819-4240524:4240589-4240714:4240878-4241057:+,2,1.0,1.0,0.0,nan,nan
Ggamma30A:2L:9256563-9256696:9272466-9272607:9291056-9291798:+,2,1.0,1.0,0.0,nan,nan
Ggamma30A:2L:9256563-9256696:9272466-9272607:9291056-9295521:+,2,1.0,1.0,0.0,nan,nan
Ggamma30A:2L:9259268-9259585:9272466-9272607:9291056-9291798:+,2,1.0,1.0,0.0,nan,nan
GluClalpha:3R:19730715-19731279:19752529-19752679:19753748-19753860:+,2,1.0,1.0,0.0,nan,nan
GluClalpha:3R:19760900-19761034:19763598-19763750:19764249-19764413:+,2,1.0,1.0,0.0,nan,nan
GluClalpha:3R:19760900-19761034:19763598-19763750:19764249-19764428:+,2,1.0,1.0,0.0,nan,nan
GluClalpha:3R:19760900-19761034:19763598-19763750:19764249-19764474:+,2,1.0,1.0,0.0,nan,nan
GluClalpha:3R:19763598-19763750:19764249-19764413:19764553-19764665:+,2,1.0,1.0,0.0,nan,nan
GluClalpha:3R:19763598-19763750:19764249-19764413:19765633-19765751:+,2,1.0,1.0,0.0,nan,nan
GluClalpha:3R:19763598-19763750:19764249-19764413:19765645-19765751:+,2,1.0,1.0,0.0,nan,nan
GluClalpha:3R:19763598-19763750:19764249-19764428:19765633-19765751:+,2,1.0,1.0,0.0,nan,nan
GluClalpha:3R:19763598-19763750:19764249-19764428:19765645-19765751:+,2,1.0,1.0,0.0,nan,nan
Gnpnat:3R:29741029-29741090:29741150-29741369:29741768-29741904:+,2,1.0,1.0,0.0,nan,nan
Golgin97:2R:13452322-13452735:13452791-13453030:13453089-13453393:+,2,1.0,1.0,0.0,nan,nan
Gos28:3R:18663883-18664067:18664609-18664997:18665068-18665307:+,2,1.0,1.0,0.0,nan,nan
Gpdh1:2L:5947018-5947171:5947240-5947332:5948407-5948843:+,2,1.0,1.0,0.0,nan,nan
Gpdh1:2L:5947018-5947171:5947240-5947332:5948407-5948968:+,2,1.0,1.0,0.0,nan,nan
Grip75:2L:10484825-10485197:10485254-10485527:10485594-10485857:+,2,1.0,1.0,0.0,nan,nan
Grx1:3L:18869230-18869330:18869427-18869646:18869707-18869811:+,2,1.0,1.0,0.0,nan,nan
Grx1:3L:18869338-18869646:18869707-18869811:18869877-18870057:+,2,1.0,1.0,0.0,nan,nan
Grx1:3L:18869427-18869646:18869707-18869811:18869877-18870057:+,2,1.0,1.0,0.0,nan,nan
Grx3:2L:13366447-13366740:13366805-13367067:13367131-13367410:+,2,1.0,1.0,0.0,nan,nan
GstT2:2R:9607536-9607638:9607701-9608017:9608077-9608350:+,2,1.0,1.0,0.0,nan,nan
Gtpx:3L:3326265-3326367:3327860-3328183:3328251-3328626:+,2,1.0,1.0,0.0,nan,nan
Gtpx:3L:3326265-3326712:3327860-3328183:3328251-3328626:+,2,1.0,1.0,0.0,nan,nan
Gtpx:3L:3327343-3327553:3327860-3328183:3328251-3328626:+,2,1.0,1.0,0.0,nan,nan
Gycalpha99B:3R:29683698-29683938:29683999-29685347:29685410-29685758:+,2,1.0,1.0,0.0,nan,nan
Gycbeta100B:3R:31134392-31134668:31137402-31137503:31138372-31138445:+,2,1.0,1.0,0.0,nan,nan
Gycbeta100B:3R:31158238-31158395:31171009-31171632:31177252-31178278:+,2,1.0,1.0,0.0,nan,nan
HINT1:2L:2770135-2770191:2770259-2770400:2770460-2770808:+,2,1.0,1.0,0.0,nan,nan
HINT1:2L:2770135-2770191:2770259-2770400:2770460-2770904:+,2,1.0,1.0,0.0,nan,nan
HIPP1:3L:20809669-20810928:20810981-20811450:20811524-20812197:+,2,1.0,1.0,0.0,nan,nan
HIPP1:3L:20809669-20810928:20810981-20811450:20811530-20812197:+,2,1.0,1.0,0.0,nan,nan
HP5:X:11454786-11455191:11455282-11456487:11456655-11457764:+,2,1.0,1.0,0.0,nan,nan
HP5:X:11455282-11456487:11456655-11457764:11458230-11459227:+,2,1.0,1.0,0.0,nan,nan
Haspin:2R:4029741-4029944:4030002-4030297:4049078-4049342:+,2,1.0,1.0,0.0,nan,nan
Hcf:4:363868-364941:365674-366762:369507-369744:+,2,1.0,1.0,0.0,nan,nan
Hcf:4:364024-364941:365674-366762:369507-369744:+,2,1.0,1.0,0.0,nan,nan
Hcf:4:365674-365805:365860-366762:369507-369744:+,2,1.0,1.0,0.0,nan,nan
Hcf:4:365674-366762:369507-369744:369810-369964:+,2,1.0,1.0,0.0,nan,nan
Hcf:4:365860-366762:369507-369744:369810-369964:+,2,1.0,1.0,0.0,nan,nan
His4r:3R:14625755-14625815:14626026-14626229:14626294-14626604:+,2,1.0,1.0,0.0,nan,nan
His4r:3R:14625788-14625815:14626026-14626229:14626294-14626614:+,2,1.0,1.0,0.0,nan,nan
His4r:3R:14625788-14625917:14626026-14626229:14626294-14626604:+,2,1.0,1.0,0.0,nan,nan
HnRNP-K:2R:20587551-20587744:20595557-20595663:20595758-20595814:+,2,1.0,1.0,0.0,nan,nan
HnRNP-K:2R:20589617-20589667:20595557-20595663:20595758-20595814:+,2,1.0,1.0,0.0,nan,nan
HnRNP-K:2R:20598599-20598694:20604696-20605619:20605682-20605851:+,2,1.0,1.0,0.0,nan,nan
HnRNP-K:2R:20598599-20598694:20604696-20605619:20605682-20605876:+,2,1.0,1.0,0.0,nan,nan
HnRNP-K:2R:20602982-20603148:20604696-20605619:20605682-20605932:+,2,1.0,1.0,0.0,nan,nan
HnRNP-K:2R:20604696-20605619:20605682-20605851:20606444-20606854:+,2,1.0,1.0,0.0,nan,nan
HnRNP-K:2R:20604696-20605619:20605682-20605876:20606444-20606854:+,2,1.0,1.0,0.0,nan,nan
Ho:3R:11679743-11680027:11680084-11680589:11680645-11680976:+,2,1.0,1.0,0.0,nan,nan
Hrb98DE:3R:28602772-28602947:28603012-28603318:28603608-28603698:+,2,1.0,1.0,0.0,nan,nan
Hrb98DE:3R:28603012-28603318:28603608-28603698:28604061-28604759:+,2,1.0,1.0,0.0,nan,nan
Hrb98DE:3R:28603012-28603318:28603608-28603698:28604061-28605095:+,2,1.0,1.0,0.0,nan,nan
Hrb98DE:3R:28603012-28603318:28603608-28603698:28605462-28605777:+,2,1.0,1.0,0.0,nan,nan
Idh3g:3R:25681121-25681198:25681266-25682045:25682105-25682291:+,2,1.0,1.0,0.0,nan,nan
Idh3g:3R:25681266-25682045:25682105-25682291:25682356-25682431:+,2,1.0,1.0,0.0,nan,nan
Idh3g:3R:25681266-25682045:25682105-25682291:25682356-25682873:+,2,1.0,1.0,0.0,nan,nan
Idh3g:3R:25682105-25682291:25682356-25682431:25683058-25683164:+,2,1.0,1.0,0.0,nan,nan
Idh3g:3R:25682105-25682291:25682356-25682431:25683058-25683383:+,2,1.0,1.0,0.0,nan,nan
Idh3g:3R:25682105-25682291:25682356-25682431:25683473-25683780:+,2,1.0,1.0,0.0,nan,nan
Ih:2R:14276130-14276406:14277281-14279642:14281395-14281556:+,2,1.0,1.0,0.0,nan,nan
Ip6k:2R:21646177-21646491:21650111-21650792:21652437-21652563:+,2,1.0,1.0,0.0,nan,nan
Ip6k:2R:21650111-21650792:21652437-21652563:21654775-21654907:+,2,1.0,1.0,0.0,nan,nan
Jasper:3R:30052514-30053464:30053544-30054346:30054410-30054697:+,2,1.0,1.0,0.0,nan,nan
Jasper:3R:30052672-30053464:30053544-30054346:30054410-30054697:+,2,1.0,1.0,0.0,nan,nan
Lamtor2:2R:18446548-18446705:18446764-18446950:18447018-18447356:+,2,1.0,1.0,0.0,nan,nan
Lamtor2:2R:18446548-18446705:18446764-18446950:18447018-18447753:+,2,1.0,1.0,0.0,nan,nan
Lamtor2:2R:18446764-18446950:18447018-18447753:18447808-18447884:+,2,1.0,1.0,0.0,nan,nan
Lar:2L:19586623-19587086:19600858-19600931:19611304-19611626:+,2,1.0,1.0,0.0,nan,nan
Lar:2L:19587226-19587527:19600858-19600931:19611304-19611626:+,2,1.0,1.0,0.0,nan,nan
Lar:2L:19600858-19600931:19611304-19611626:19643331-19643372:+,2,1.0,1.0,0.0,nan,nan
Lar:2L:19600858-19600931:19611304-19611626:19644268-19644399:+,2,1.0,1.0,0.0,nan,nan
Lar:2L:19606569-19607081:19610610-19610799:19611304-19611626:+,2,1.0,1.0,0.0,nan,nan
Lar:2L:19606569-19607081:19610610-19611626:19644268-19644399:+,2,1.0,1.0,0.0,nan,nan
Lcch3:X:15927381-15927884:15927951-15928172:15928232-15928529:+,2,1.0,1.0,0.0,nan,nan
Lint-1:X:11149323-11149851:11149925-11149960:11150636-11152127:+,2,1.0,1.0,0.0,nan,nan
Lint-1:X:11149444-11149851:11149925-11149960:11150636-11152127:+,2,1.0,1.0,0.0,nan,nan
Lint-1:X:11149444-11149851:11149925-11150114:11150636-11152127:+,2,1.0,1.0,0.0,nan,nan
Lint-1:X:11149444-11149851:11149925-11150204:11150636-11152127:+,2,1.0,1.0,0.0,nan,nan
Lis-1:2R:16182983-16183118:16183186-16183537:16183603-16183991:+,2,1.0,1.0,0.0,nan,nan
Lis-1:2R:16182983-16183118:16183186-16183537:16183603-16185103:+,2,1.0,1.0,0.0,nan,nan
Lrp4:X:15918887-15919385:15919529-15919686:15919744-15920570:+,2,1.0,1.0,0.0,nan,nan
Lrp4:X:15918887-15919385:15919529-15919686:15919744-15921013:+,2,1.0,1.0,0.0,nan,nan
Lsm12a:X:12019628-12019758:12019825-12019941:12020007-12020138:+,2,1.0,1.0,0.0,nan,nan
Lsm12a:X:12019825-12019941:12020007-12020138:12020535-12020719:+,2,1.0,1.0,0.0,nan,nan
MCTS1:X:6038041-6038193:6038263-6038565:6038876-6039129:+,2,1.0,1.0,0.0,nan,nan
MCTS1:X:6038041-6038193:6038263-6038565:6038876-6039576:+,2,1.0,1.0,0.0,nan,nan
MED15:2L:475036-475178:475233-475851:475916-476015:+,2,1.0,1.0,0.0,nan,nan
MED15:2L:475233-475851:475916-476015:476078-476170:+,2,1.0,1.0,0.0,nan,nan
MED18:X:1865909-1866138:1866186-1866495:1866563-1866887:+,2,1.0,1.0,0.0,nan,nan
MED18:X:1865909-1866138:1866209-1866495:1866563-1866887:+,2,1.0,1.0,0.0,nan,nan
MED22:X:928139-928327:928384-928485:928550-928860:+,2,1.0,1.0,0.0,nan,nan
MED9:2R:18167255-18167522:18167658-18167721:18167773-18168138:+,2,1.0,1.0,0.0,nan,nan
MED9:2R:18167658-18167721:18167773-18168138:18168208-18168380:+,2,1.0,1.0,0.0,nan,nan
MEP-1:3L:2631715-2631916:2631977-2632121:2633538-2633809:+,2,1.0,1.0,0.0,nan,nan
MESK2:2R:21502097-21502479:21510867-21511060:21511123-21511243:+,2,1.0,1.0,0.0,nan,nan
MESK2:2R:21507295-21507722:21510867-21511060:21511123-21511243:+,2,1.0,1.0,0.0,nan,nan
MESK2:2R:21510106-21510201:21510867-21511060:21511123-21511243:+,2,1.0,1.0,0.0,nan,nan
MESK2:2R:21510118-21510201:21510867-21511060:21511123-21511243:+,2,1.0,1.0,0.0,nan,nan
MESK2:2R:21510867-21511060:21511123-21511243:21511404-21511968:+,2,1.0,1.0,0.0,nan,nan
MESK2:2R:21511123-21511243:21511404-21511968:21512093-21512177:+,2,1.0,1.0,0.0,nan,nan
MESK2:2R:21511404-21511968:21512093-21512177:21512393-21512725:+,2,1.0,1.0,0.0,nan,nan
MESK2:2R:21511404-21511968:21512093-21512177:21513517-21513582:+,2,1.0,1.0,0.0,nan,nan
MESK2:2R:21511404-21511968:21512093-21512177:21514209-21514994:+,2,1.0,1.0,0.0,nan,nan
MESK2:2R:21511404-21511968:21512093-21512177:21515888-21517241:+,2,1.0,1.0,0.0,nan,nan
MICU1:2L:7183872-7183986:7184043-7184203:7184615-7185074:+,2,1.0,1.0,0.0,nan,nan
MME1:2L:7027988-7028420:7028490-7028666:7028727-7028959:+,2,1.0,1.0,0.0,nan,nan
MagR:X:15735099-15735174:15735244-15735321:15735389-15735780:+,2,1.0,1.0,0.0,nan,nan
MagR:X:15735099-15735174:15735247-15735321:15735389-15735780:+,2,1.0,1.0,0.0,nan,nan
Mbs:3L:16063299-16063737:16063886-16063999:16064227-16064317:+,2,1.0,1.0,0.0,nan,nan
Mbs:3L:16063543-16063737:16063886-16063999:16064227-16064317:+,2,1.0,1.0,0.0,nan,nan
Mbs:3L:16063886-16063999:16064227-16064317:16066023-16066109:+,2,1.0,1.0,0.0,nan,nan
Mettl5:3L:19264327-19264622:19264681-19265443:19266594-19266838:+,2,1.0,1.0,0.0,nan,nan
Mettl5:3L:19264404-19264622:19264681-19265443:19266594-19266838:+,2,1.0,1.0,0.0,nan,nan
Mnt:X:3683353-3683449:3692953-3693932:3698118-3699027:+,2,1.0,1.0,0.0,nan,nan
Mob3:2L:10265827-10265950:10266007-10266110:10266198-10266313:+,2,1.0,1.0,0.0,nan,nan
Mob3:2L:10266007-10266110:10266198-10266313:10266380-10266570:+,2,1.0,1.0,0.0,nan,nan
Moca-cyp:3R:28340334-28340738:28341372-28341459:28342185-28342214:+,2,1.0,1.0,0.0,nan,nan
Moca-cyp:3R:28340334-28340738:28341372-28342214:28342280-28342419:+,2,1.0,1.0,0.0,nan,nan
Moca-cyp:3R:28341372-28341459:28341627-28342214:28342280-28342419:+,2,1.0,1.0,0.0,nan,nan
Moca-cyp:3R:28341372-28341459:28342185-28342214:28342280-28342419:+,2,1.0,1.0,0.0,nan,nan
Moca-cyp:3R:28341372-28342214:28342280-28342419:28342479-28342626:+,2,1.0,1.0,0.0,nan,nan
Moca-cyp:3R:28341627-28342214:28342280-28342419:28342479-28342626:+,2,1.0,1.0,0.0,nan,nan
Moca-cyp:3R:28342185-28342214:28342280-28342419:28342479-28342626:+,2,1.0,1.0,0.0,nan,nan
Mp:3L:7012739-7012898:7035759-7035881:7038005-7038151:+,2,1.0,1.0,0.0,nan,nan
Mp:3L:7035170-7035315:7035744-7035881:7038005-7038151:+,2,1.0,1.0,0.0,nan,nan
Mp:3L:7035214-7035315:7035744-7035881:7038005-7038151:+,2,1.0,1.0,0.0,nan,nan
Mp:3L:7035744-7035881:7038005-7038151:7040546-7040575:+,2,1.0,1.0,0.0,nan,nan
Mp:3L:7035744-7035881:7038005-7038151:7041018-7041131:+,2,1.0,1.0,0.0,nan,nan
Mp:3L:7035759-7035881:7038005-7038151:7041018-7041131:+,2,1.0,1.0,0.0,nan,nan
Mtap:2R:17427795-17428093:17428164-17428943:17429003-17429315:+,2,1.0,1.0,0.0,nan,nan
Mtap:2R:17427953-17428093:17428164-17428943:17429003-17429315:+,2,1.0,1.0,0.0,nan,nan
Myo81F:3R:1191610-1191975:1342196-1342317:1454572-1455091:+,2,1.0,1.0,0.0,nan,nan
Myo81F:3R:895786-895893:947426-947570:1025040-1025614:+,2,1.0,1.0,0.0,nan,nan
Myo81F:3R:947426-947570:1025040-1025614:1138730-1138972:+,2,1.0,1.0,0.0,nan,nan
NAT1:2R:12917995-12920859:12920985-12922810:12922879-12923734:+,2,1.0,1.0,0.0,nan,nan
ND-15:2L:114726-114991:155546-155784:155858-156030:+,2,1.0,1.0,0.0,nan,nan
ND-15:2L:114726-114991:155567-155784:155858-156030:+,2,1.0,1.0,0.0,nan,nan
ND-15:2L:114726-114991:155638-155784:155858-156030:+,2,1.0,1.0,0.0,nan,nan
ND-15:2L:155089-155178:155250-155784:155858-156030:+,2,1.0,1.0,0.0,nan,nan
ND-15:2L:155335-155410:155466-155784:155858-156030:+,2,1.0,1.0,0.0,nan,nan
ND-15:2L:155335-155429:155546-155784:155858-156030:+,2,1.0,1.0,0.0,nan,nan
ND-15:2L:155335-155429:155567-155784:155858-156030:+,2,1.0,1.0,0.0,nan,nan
ND-15:2L:155335-155429:155638-155784:155858-156030:+,2,1.0,1.0,0.0,nan,nan
ND-18:X:19492421-19492586:19492677-19492997:19493057-19493337:+,2,1.0,1.0,0.0,nan,nan
ND-19:2R:24664508-24664679:24664854-24665029:24665093-24665183:+,2,1.0,1.0,0.0,nan,nan
ND-19:2R:24664516-24664679:24664854-24665029:24665093-24665183:+,2,1.0,1.0,0.0,nan,nan
ND-19:2R:24664854-24665029:24665093-24665183:24665237-24665439:+,2,1.0,1.0,0.0,nan,nan
ND-24:X:17632254-17632460:17632590-17633108:17633263-17633509:+,2,1.0,1.0,0.0,nan,nan
ND-24:X:17632321-17632460:17632590-17633108:17633263-17633509:+,2,1.0,1.0,0.0,nan,nan
ND-42:3R:22027709-22027780:22028020-22029148:22029216-22029393:+,2,1.0,1.0,0.0,nan,nan
ND-42:3R:22027709-22027824:22028020-22029148:22029216-22029393:+,2,1.0,1.0,0.0,nan,nan
ND-ACP:3L:1329949-1330047:1330131-1330290:1330863-1330949:+,2,1.0,1.0,0.0,nan,nan
ND-ACP:3L:1329949-1330047:1330131-1330290:1330863-1330964:+,2,1.0,1.0,0.0,nan,nan
ND-ACP:3L:1329949-1330047:1330131-1330290:1331042-1331170:+,2,1.0,1.0,0.0,nan,nan
ND-ACP:3L:1330131-1330290:1330863-1330964:1331280-1331543:+,2,1.0,1.0,0.0,nan,nan
ND-ACP:3L:1330131-1330290:1331042-1331170:1331280-1331631:+,2,1.0,1.0,0.0,nan,nan
ND-ACP:3L:1330863-1330949:1331042-1331170:1331280-1331543:+,2,1.0,1.0,0.0,nan,nan
ND-B12:2R:21658078-21658109:21658346-21658480:21658540-21658777:+,2,1.0,1.0,0.0,nan,nan
ND-B12:2R:21658078-21658109:21658351-21658480:21658540-21658777:+,2,1.0,1.0,0.0,nan,nan
ND-B12:2R:21658124-21658275:21658346-21658480:21658540-21658777:+,2,1.0,1.0,0.0,nan,nan
ND-B12:2R:21658124-21658275:21658351-21658480:21658540-21658777:+,2,1.0,1.0,0.0,nan,nan
ND-B14.7:2R:21025078-21025160:21025341-21025603:21025661-21025755:+,2,1.0,1.0,0.0,nan,nan
ND-B14.7:2R:21025341-21025603:21025661-21025755:21025816-21026086:+,2,1.0,1.0,0.0,nan,nan
ND-MLRQ:3L:23339326-23339369:23339430-23339476:23339534-23339680:+,2,1.0,1.0,0.0,nan,nan
ND-MLRQ:3L:23339326-23339476:23339534-23339680:23341457-23341597:+,2,1.0,1.0,0.0,nan,nan
ND-MLRQ:3L:23339326-23339476:23339534-23339680:23341457-23341602:+,2,1.0,1.0,0.0,nan,nan
ND-MLRQ:3L:23339430-23339476:23339534-23339680:23341457-23341597:+,2,1.0,1.0,0.0,nan,nan
ND-MWFE:2R:13158666-13158846:13159017-13159103:13159534-13159649:+,2,1.0,1.0,0.0,nan,nan
ND-MWFE:2R:13158666-13158846:13159017-13159103:13159731-13160190:+,2,1.0,1.0,0.0,nan,nan
ND-PDSW:2L:3466157-3466416:3466787-3467062:3467133-3467334:+,2,1.0,1.0,0.0,nan,nan
ND-PDSW:2L:3466316-3466416:3466787-3467062:3467133-3467334:+,2,1.0,1.0,0.0,nan,nan
NaCP60E:2R:24900844-24901055:24904281-24904900:24904970-24905189:+,2,1.0,1.0,0.0,nan,nan
NaCP60E:2R:24900844-24901055:24904281-24904900:24904970-24905381:+,2,1.0,1.0,0.0,nan,nan
NaCP60E:2R:24904117-24904178:24904281-24904900:24904970-24905189:+,2,1.0,1.0,0.0,nan,nan
NaCP60E:2R:24904281-24904900:24904970-24905189:24905247-24905381:+,2,1.0,1.0,0.0,nan,nan
NaCP60E:2R:24904281-24904900:24904970-24905381:24905437-24906172:+,2,1.0,1.0,0.0,nan,nan
NaCP60E:2R:24904970-24905189:24905247-24905381:24905437-24906172:+,2,1.0,1.0,0.0,nan,nan
NaCP60E:2R:24904970-24905381:24905437-24906172:24906228-24906442:+,2,1.0,1.0,0.0,nan,nan
NaCP60E:2R:24905247-24905381:24905437-24906172:24906228-24906442:+,2,1.0,1.0,0.0,nan,nan
Nca:3L:19996681-19996780:19996850-19996968:19997031-19997219:+,2,1.0,1.0,0.0,nan,nan
Nca:3L:19996850-19996968:19997031-19997219:19997292-19997568:+,2,1.0,1.0,0.0,nan,nan
Ndf:2L:10007252-10007341:10007414-10007503:10007567-10008889:+,2,1.0,1.0,0.0,nan,nan
Ndf:2L:10007255-10007341:10007414-10007503:10007567-10007861:+,2,1.0,1.0,0.0,nan,nan
Ndf:2L:10007255-10007341:10007414-10007503:10007567-10008889:+,2,1.0,1.0,0.0,nan,nan
Neb-cGP:X:10460736-10460848:10460920-10460996:10461082-10461301:+,2,1.0,1.0,0.0,nan,nan
Neb-cGP:X:10460736-10460848:10460920-10460996:10461082-10461878:+,2,1.0,1.0,0.0,nan,nan
Nf1:3R:25983592-25983735:25983835-25984219:25984275-25984416:+,2,1.0,1.0,0.0,nan,nan
Nf1:3R:25983835-25984219:25984275-25984416:25984473-25985066:+,2,1.0,1.0,0.0,nan,nan
Nhe2:2L:21104568-21105008:21114594-21115092:21116260-21116482:+,2,1.0,1.0,0.0,nan,nan
Nhe2:2L:21122251-21122389:21124135-21124191:21124287-21124373:+,2,1.0,1.0,0.0,nan,nan
Nhe2:2L:21122913-21122927:21124135-21124191:21124287-21124373:+,2,1.0,1.0,0.0,nan,nan
Nhe2:2L:21124135-21124191:21124287-21124373:21124440-21124521:+,2,1.0,1.0,0.0,nan,nan
Nhe2:2L:21124135-21124191:21124287-21124373:21124440-21124614:+,2,1.0,1.0,0.0,nan,nan
Nhe2:2L:21124135-21124191:21124287-21124373:21124443-21124521:+,2,1.0,1.0,0.0,nan,nan
Nlg4:3R:20204809-20204978:20206198-20206715:20211081-20211505:+,2,1.0,1.0,0.0,nan,nan
Nmnat:3R:24946144-24946295:24946884-24947154:24947263-24947400:+,2,1.0,1.0,0.0,nan,nan
Nna1:X:13712982-13713141:13713201-13713359:13713424-13713492:+,2,1.0,1.0,0.0,nan,nan
Nna1:X:13712982-13713141:13713201-13713359:13713424-13714435:+,2,1.0,1.0,0.0,nan,nan
Nrg:X:8517373-8517420:8531697-8532019:8532335-8532464:+,2,1.0,1.0,0.0,nan,nan
Nrg:X:8517509-8518398:8531525-8532019:8532335-8532464:+,2,1.0,1.0,0.0,nan,nan
Nse4:2L:10439945-10440112:10440176-10440505:10440561-10440693:+,2,1.0,1.0,0.0,nan,nan
Nse4:2L:10439945-10440112:10440176-10440505:10440561-10441047:+,2,1.0,1.0,0.0,nan,nan
Nt5c:2R:9579963-9580366:9580452-9580747:9580818-9581004:+,2,1.0,1.0,0.0,nan,nan
Nt5c:2R:9580452-9580747:9580818-9581004:9581066-9581206:+,2,1.0,1.0,0.0,nan,nan
Nt5c:2R:9581066-9581206:9581266-9581417:9581486-9581847:+,2,1.0,1.0,0.0,nan,nan
Ntf-2:X:21036399-21036470:21036539-21036637:21037610-21037994:+,2,1.0,1.0,0.0,nan,nan
Ntf-2:X:21036399-21036470:21036539-21036637:21038746-21039076:+,2,1.0,1.0,0.0,nan,nan
Ntf-2:X:21036399-21036470:21036539-21036637:21038746-21039543:+,2,1.0,1.0,0.0,nan,nan
Ntf-2:X:21036399-21036470:21036539-21036637:21038746-21039946:+,2,1.0,1.0,0.0,nan,nan
Ntf-2:X:21036539-21036637:21038746-21039946:21040015-21041467:+,2,1.0,1.0,0.0,nan,nan
Nubp2:3L:20526576-20526764:20526838-20527280:20527593-20527910:+,2,1.0,1.0,0.0,nan,nan
ORMDL:3L:21635305-21635561:21635618-21635769:21635987-21636251:+,2,1.0,1.0,0.0,nan,nan
Ogg1:X:8690686-8691003:8691065-8691551:8691611-8691811:+,2,1.0,1.0,0.0,nan,nan
Or63a:3L:2963122-2963226:2963296-2963451:2963560-2963788:+,2,1.0,1.0,0.0,nan,nan
Oscillin:2L:5547973-5548100:5548168-5548709:5549444-5549614:+,2,1.0,1.0,0.0,nan,nan
Oscillin:2L:5548168-5548709:5549017-5549076:5549444-5549614:+,2,0.0,0.0,0.0,nan,nan
PAN3:3L:3071133-3071189:3073081-3073478:3083733-3083809:+,2,1.0,1.0,0.0,nan,nan
PAN3:3L:3072547-3072616:3073081-3073478:3083733-3083809:+,2,1.0,1.0,0.0,nan,nan
PAN3:3L:3087699-3087890:3087957-3088119:3088192-3088493:+,2,1.0,1.0,0.0,nan,nan
PAN3:3L:3087699-3087890:3087957-3088119:3088192-3088634:+,2,1.0,1.0,0.0,nan,nan
PAN3:3L:3087699-3087890:3087957-3088119:3088192-3090406:+,2,1.0,1.0,0.0,nan,nan
PGAP3:2R:6673874-6674190:6674261-6674727:6674781-6675061:+,2,1.0,1.0,0.0,nan,nan
PH4alphaEFB:3R:30484687-30484752:30485227-30485392:30485454-30485799:+,2,1.0,1.0,0.0,nan,nan
PIG-H:3R:7999832-8000503:8000586-8000663:8000724-8001064:+,2,1.0,1.0,0.0,nan,nan
PIG-H:3R:8000021-8000503:8000586-8000663:8000724-8000917:+,2,1.0,1.0,0.0,nan,nan
PIG-O:2R:18427888-18429496:18429573-18430021:18430081-18430333:+,2,1.0,1.0,0.0,nan,nan
PIG-Q:X:16360763-16360878:16360932-16361046:16361114-16361275:+,2,1.0,1.0,0.0,nan,nan
PPP4R2r:X:10479370-10479717:10479836-10480024:10480084-10481943:+,2,1.0,1.0,0.0,nan,nan
PPP4R2r:X:10479473-10479717:10479789-10480024:10480084-10481943:+,2,1.0,1.0,0.0,nan,nan
PPP4R2r:X:10479473-10479717:10479836-10480024:10480084-10481943:+,2,1.0,1.0,0.0,nan,nan
PPP4R2r:X:10479490-10479717:10479836-10480024:10480084-10481943:+,2,1.0,1.0,0.0,nan,nan
PTPMT1:3R:23758608-23758918:23758978-23759295:23759358-23759606:+,2,1.0,1.0,0.0,nan,nan
PTPMT1:3R:23758775-23758918:23758978-23759295:23759358-23759606:+,2,1.0,1.0,0.0,nan,nan
PVRAP:3L:6024631-6024892:6025009-6025337:6025418-6026317:+,2,1.0,1.0,0.0,nan,nan
Papst2:3L:17042797-17043917:17043974-17044155:17044218-17044465:+,2,1.0,1.0,0.0,nan,nan
Past1:3R:12697831-12699335:12703639-12703812:12703876-12704875:+,2,1.0,1.0,0.0,nan,nan
Past1:3R:12698119-12699335:12703639-12703812:12703876-12704133:+,2,1.0,1.0,0.0,nan,nan
Pcd:3R:29723163-29723356:29723438-29723588:29723847-29724226:+,2,1.0,1.0,0.0,nan,nan
Pdha:X:4703555-4704119:4704195-4704517:4704588-4705123:+,2,1.0,1.0,0.0,nan,nan
Pdha:X:4703555-4704119:4704195-4704517:4704588-4705265:+,2,1.0,1.0,0.0,nan,nan
Pdk:2R:9432235-9432425:9432490-9433064:9433130-9433228:+,2,1.0,1.0,0.0,nan,nan
Pdk:2R:9432235-9432425:9432490-9433064:9433130-9433300:+,2,1.0,1.0,0.0,nan,nan
Pdk:2R:9432235-9432425:9432490-9433064:9433130-9433952:+,2,1.0,1.0,0.0,nan,nan
Pdk:2R:9432490-9433064:9433130-9433228:9434207-9434638:+,2,1.0,1.0,0.0,nan,nan
Pdk:2R:9432490-9433064:9433130-9433228:9434354-9434638:+,2,1.0,1.0,0.0,nan,nan
Pect:2L:13209436-13209599:13209660-13209845:13209911-13210828:+,2,1.0,1.0,0.0,nan,nan
Pect:2L:13209472-13209599:13209660-13209845:13209911-13210828:+,2,1.0,1.0,0.0,nan,nan
Pect:2L:13209493-13209599:13209660-13209845:13209911-13210828:+,2,1.0,1.0,0.0,nan,nan
Pect:2L:13209502-13209599:13209660-13209845:13209911-13210828:+,2,1.0,1.0,0.0,nan,nan
Pex19:2L:12094178-12094481:12094548-12094711:12094769-12095250:+,2,1.0,1.0,0.0,nan,nan
Pfdn1:2L:6069079-6069250:6069347-6069489:6069559-6069838:+,2,1.0,1.0,0.0,nan,nan
Pfdn1:2L:6069099-6069250:6069347-6069489:6069559-6069838:+,2,1.0,1.0,0.0,nan,nan
Pfdn5:3R:22487039-22487392:22487510-22487719:22487781-22488110:+,2,1.0,1.0,0.0,nan,nan
Pfdn5:3R:22487201-22487392:22487510-22487719:22487781-22488035:+,2,1.0,1.0,0.0,nan,nan
Pfdn6:3L:19923671-19923894:19923982-19924207:19924292-19924491:+,2,1.0,1.0,0.0,nan,nan
Pfdn6:3L:19923671-19923894:19923982-19924207:19924292-19924688:+,2,1.0,1.0,0.0,nan,nan
Pglym78:3R:29148248-29148552:29149009-29149506:29149569-29149901:+,2,1.0,1.0,0.0,nan,nan
Pglym78:3R:29148342-29148552:29149009-29149506:29149569-29149901:+,2,1.0,1.0,0.0,nan,nan
Pglym78:3R:29148362-29148552:29149009-29149506:29149569-29149901:+,2,1.0,1.0,0.0,nan,nan
PhKgamma:X:11698299-11698435:11698500-11698597:11703290-11703448:+,2,1.0,1.0,0.0,nan,nan
PhKgamma:X:11698500-11698597:11703290-11703448:11703509-11704394:+,2,1.0,1.0,0.0,nan,nan
PhKgamma:X:11699323-11699406:11703290-11703448:11703509-11704394:+,2,1.0,1.0,0.0,nan,nan
PhKgamma:X:11700621-11701127:11703290-11703448:11703509-11704394:+,2,1.0,1.0,0.0,nan,nan
Phb2:2R:18821041-18821118:18821184-18821283:18821490-18821839:+,2,1.0,1.0,0.0,nan,nan
Pink1:X:6684786-6685571:6685635-6686648:6686713-6687014:+,2,1.0,1.0,0.0,nan,nan
Pink1:X:6684786-6685571:6685635-6686648:6686713-6687018:+,2,1.0,1.0,0.0,nan,nan
Pink1:X:6684786-6685571:6685635-6686648:6686713-6687302:+,2,1.0,1.0,0.0,nan,nan
Pitslre:3L:20771528-20771608:20771668-20771864:20772605-20776053:+,2,1.0,1.0,0.0,nan,nan
Pitslre:3L:20771528-20771608:20771668-20771864:20773794-20776053:+,2,1.0,1.0,0.0,nan,nan
Pitslre:3L:20771528-20771864:20772605-20772963:20773794-20776053:+,2,1.0,1.0,0.0,nan,nan
Pitslre:3L:20771668-20771864:20772605-20776053:20776174-20776837:+,2,1.0,1.0,0.0,nan,nan
Pka-R1:3L:20832846-20833205:20833283-20833657:20833730-20833869:+,2,1.0,1.0,0.0,nan,nan
Pka-R1:3L:20832846-20833205:20833283-20833657:20833733-20833869:+,2,1.0,1.0,0.0,nan,nan
Pka-R1:3L:20833283-20833657:20833730-20833869:20834002-20834269:+,2,1.0,1.0,0.0,nan,nan
Pka-R1:3L:20833283-20833657:20833730-20833869:20834002-20835280:+,2,1.0,1.0,0.0,nan,nan
Pka-R1:3L:20833283-20833657:20833730-20833869:20834002-20836048:+,2,1.0,1.0,0.0,nan,nan
Pka-R1:3L:20833283-20833657:20833733-20833869:20834002-20834658:+,2,1.0,1.0,0.0,nan,nan
Pka-R1:3L:20833283-20833657:20833733-20833869:20834002-20835280:+,2,1.0,1.0,0.0,nan,nan
Pka-R1:3L:20833283-20833657:20833733-20833869:20834002-20836048:+,2,1.0,1.0,0.0,nan,nan
Pkc53E:2R:16924655-16924790:16926346-16926807:16931112-16931143:+,2,1.0,1.0,0.0,nan,nan
Pkc53E:2R:16924925-16924977:16926346-16926807:16928125-16928151:+,2,1.0,1.0,0.0,nan,nan
Pkc53E:2R:16924925-16925037:16926346-16926807:16928125-16928151:+,2,1.0,1.0,0.0,nan,nan
Pkc53E:2R:16925127-16925745:16926346-16926807:16931112-16931143:+,2,1.0,1.0,0.0,nan,nan
Pkc53E:2R:16926346-16926807:16931112-16931143:16931199-16931278:+,2,1.0,1.0,0.0,nan,nan
Pkc53E:2R:16931112-16931143:16931199-16931278:16932464-16932578:+,2,1.0,1.0,0.0,nan,nan
Pkc53E:2R:16931199-16931278:16932464-16932578:16940093-16940221:+,2,1.0,1.0,0.0,nan,nan
Plc21C:2L:310200-310605:317743-318120:325678-325824:+,2,1.0,1.0,0.0,nan,nan
Pnn:3R:9740899-9741142:9741199-9741968:9742200-9742844:+,2,1.0,1.0,0.0,nan,nan
Pomp:2L:20787656-20787785:20787850-20788115:20788403-20789098:+,2,1.0,1.0,0.0,nan,nan
Pp1alpha-96A:3R:24518844-24519192:24519596-24519881:24519940-24520087:+,2,1.0,1.0,0.0,nan,nan
Pp1alpha-96A:3R:24519596-24519881:24519940-24520087:24520343-24521342:+,2,1.0,1.0,0.0,nan,nan
Pp1alpha-96A:3R:24519596-24519881:24519940-24520087:24520343-24522331:+,2,1.0,1.0,0.0,nan,nan
Pp2A-29B:2L:8367931-8368696:8368758-8369030:8369716-8370082:+,2,1.0,1.0,0.0,nan,nan
Pp2A-29B:2L:8368758-8369030:8369223-8369399:8369716-8370082:+,2,0.0,0.0,0.0,nan,nan
Ppcdc:2R:21691580-21692170:21692235-21692374:21692432-21692764:+,2,1.0,1.0,0.0,nan,nan
Ppcdc:2R:21691669-21692170:21692235-21692374:21692432-21692764:+,2,1.0,1.0,0.0,nan,nan
Prosalpha2:3R:12431746-12432001:12432067-12432222:12432287-12432556:+,2,1.0,1.0,0.0,nan,nan
Prosalpha6:2L:10221351-10221445:10221514-10222143:10222202-10222503:+,2,1.0,1.0,0.0,nan,nan
Prosalpha6:2L:10221351-10221445:10221514-10222143:10222202-10222546:+,2,1.0,1.0,0.0,nan,nan
Prp39:3R:28812705-28813551:28813618-28813814:28813881-28814006:+,2,1.0,1.0,0.0,nan,nan
Prp39:3R:28812705-28813551:28813618-28813814:28813881-28815422:+,2,1.0,1.0,0.0,nan,nan
Prx4:3L:3043272-3043389:3043441-3043846:3043905-3044174:+,2,1.0,1.0,0.0,nan,nan
Ptp99A:3R:29377646-29378024:29382956-29383391:29416956-29417125:+,2,1.0,1.0,0.0,nan,nan
Ptp99A:3R:29457570-29457641:29461813-29462575:29471651-29471854:+,2,1.0,1.0,0.0,nan,nan
Ptp99A:3R:29457570-29457641:29461813-29462575:29471651-29471899:+,2,1.0,1.0,0.0,nan,nan
Pur-alpha:4:560095-560300:560349-560411:560471-560583:+,2,1.0,1.0,0.0,nan,nan
Pur-alpha:4:560095-560300:560372-560411:560471-560583:+,2,1.0,1.0,0.0,nan,nan
Pur-alpha:4:560098-560300:560349-560411:560471-560583:+,2,1.0,1.0,0.0,nan,nan
Pur-alpha:4:560349-560411:560471-560583:560718-560820:+,2,1.0,1.0,0.0,nan,nan
Pur-alpha:4:560372-560411:560471-560583:560718-560820:+,2,1.0,1.0,0.0,nan,nan
Pur-alpha:4:560471-560583:560718-560820:564361-564479:+,2,1.0,1.0,0.0,nan,nan
Pur-alpha:4:560718-560820:564361-564479:564541-564662:+,2,1.0,1.0,0.0,nan,nan
Pur-alpha:4:564361-564479:564541-564662:565407-565515:+,2,1.0,1.0,0.0,nan,nan
Pur-alpha:4:564361-564479:564541-564662:565410-565515:+,2,1.0,1.0,0.0,nan,nan
Pur-alpha:4:564541-564662:565407-565515:565601-565931:+,2,1.0,1.0,0.0,nan,nan
Pur-alpha:4:564541-564662:565407-565515:565601-567257:+,2,1.0,1.0,0.0,nan,nan
Pur-alpha:4:564541-564662:565410-565515:565601-565931:+,2,1.0,1.0,0.0,nan,nan
Pur-alpha:4:564541-564662:565410-565515:565601-567257:+,2,1.0,1.0,0.0,nan,nan
PyK:3R:22367536-22367668:22370778-22372167:22372226-22372382:+,2,1.0,1.0,0.0,nan,nan
PyK:3R:22369282-22369565:22370778-22372167:22372226-22372382:+,2,1.0,1.0,0.0,nan,nan
PyK:3R:22370778-22372167:22372226-22372382:22372469-22372746:+,2,1.0,1.0,0.0,nan,nan
REPTOR-BP:2L:10264125-10264264:10264549-10264633:10264764-10264885:+,2,1.0,1.0,0.0,nan,nan
REPTOR-BP:2L:10264125-10264264:10264549-10264633:10264764-10264889:+,2,1.0,1.0,0.0,nan,nan
REPTOR-BP:2L:10264125-10264264:10264552-10264633:10264764-10264885:+,2,1.0,1.0,0.0,nan,nan
REPTOR-BP:2L:10264125-10264264:10264552-10264633:10264764-10264889:+,2,1.0,1.0,0.0,nan,nan
REPTOR-BP:2L:10264549-10264633:10264764-10264885:10264947-10265111:+,2,1.0,1.0,0.0,nan,nan
REPTOR-BP:2L:10264549-10264633:10264764-10264889:10264947-10265229:+,2,1.0,1.0,0.0,nan,nan
REPTOR-BP:2L:10264552-10264633:10264764-10264885:10264947-10265229:+,2,1.0,1.0,0.0,nan,nan
REPTOR-BP:2L:10264552-10264633:10264764-10264889:10264947-10265114:+,2,1.0,1.0,0.0,nan,nan
RIC-3:2R:21020087-21020241:21020993-21021133:21021191-21021317:+,2,1.0,1.0,0.0,nan,nan
RIC-3:2R:21020993-21021133:21021191-21021317:21021501-21021521:+,2,1.0,1.0,0.0,nan,nan
RIC-3:2R:21020993-21021133:21021191-21021317:21021886-21022133:+,2,1.0,1.0,0.0,nan,nan
RIC-3:2R:21020993-21021133:21021191-21021317:21023065-21023165:+,2,1.0,1.0,0.0,nan,nan
RIC-3:2R:21021501-21021521:21021886-21022133:21023434-21023586:+,2,1.0,1.0,0.0,nan,nan
Rab14:2L:14357520-14357700:14357755-14357937:14358006-14358345:+,2,1.0,1.0,0.0,nan,nan
Rab14:2L:14357520-14357700:14357755-14357937:14358006-14358764:+,2,1.0,1.0,0.0,nan,nan
Rab26:3L:21333154-21333264:21333350-21333494:21333896-21334190:+,2,1.0,1.0,0.0,nan,nan
Rab26:3L:21333154-21333264:21333350-21333494:21333896-21335027:+,2,1.0,1.0,0.0,nan,nan
Rab2:2R:6697416-6697575:6698049-6698385:6698446-6698844:+,2,1.0,1.0,0.0,nan,nan
Rab2:2R:6697416-6697575:6698049-6698385:6698446-6699469:+,2,1.0,1.0,0.0,nan,nan
Rad23:4:309539-309633:309694-310017:310079-310302:+,2,1.0,1.0,0.0,nan,nan
Rad23:4:309539-309633:309694-310017:310079-310822:+,2,1.0,1.0,0.0,nan,nan
Rap2l:2R:24063051-24063573:24064734-24064871:24064993-24065110:+,2,1.0,1.0,0.0,nan,nan
Rap2l:2R:24064135-24064229:24064734-24064871:24064993-24065110:+,2,1.0,1.0,0.0,nan,nan
Rap2l:2R:24064477-24064657:24064734-24064871:24064993-24065110:+,2,1.0,1.0,0.0,nan,nan
Rap2l:2R:24064734-24064871:24064993-24065110:24065183-24065405:+,2,1.0,1.0,0.0,nan,nan
Rbfox1:3L:10481412-10481945:10506070-10506563:10568129-10568605:+,2,1.0,1.0,0.0,nan,nan
Rbfox1:3L:10587627-10587687:10590120-10590390:10590521-10590967:+,2,1.0,1.0,0.0,nan,nan
Rbfox1:3L:10589356-10589516:10590327-10590390:10590521-10590925:+,2,1.0,1.0,0.0,nan,nan
Rbfox1:3L:10589356-10589516:10590327-10590390:10590521-10590967:+,2,1.0,1.0,0.0,nan,nan
Rbfox1:3L:10589356-10589516:10590327-10590390:10590521-10593403:+,2,1.0,1.0,0.0,nan,nan
Rbfox1:3L:10589356-10589516:10590327-10590390:10590521-10594012:+,2,1.0,1.0,0.0,nan,nan
Rbm13:X:8901880-8901926:8901998-8902811:8903202-8903464:+,2,1.0,1.0,0.0,nan,nan
Rbm13:X:8901880-8901926:8901998-8902811:8903202-8903761:+,2,1.0,1.0,0.0,nan,nan
Rbp1:3R:10784383-10784480:10784557-10784923:10786158-10786465:+,2,1.0,1.0,0.0,nan,nan
Rbp9:2L:2960690-2960835:2960895-2960986:2961218-2961672:+,2,1.0,1.0,0.0,nan,nan
Rbp9:2L:2960895-2960986:2961218-2961672:2961739-2961996:+,2,1.0,1.0,0.0,nan,nan
ReepB:2R:14170462-14170722:14172290-14172522:14172584-14172683:+,2,1.0,1.0,0.0,nan,nan
ReepB:2R:14171160-14171451:14172290-14172522:14172584-14172683:+,2,1.0,1.0,0.0,nan,nan
ReepB:2R:14171789-14172226:14172290-14172522:14172584-14172683:+,2,1.0,1.0,0.0,nan,nan
ReepB:2R:14172290-14172522:14172584-14172683:14172747-14172923:+,2,1.0,1.0,0.0,nan,nan
ReepB:2R:14172290-14172522:14172584-14172683:14172747-14172998:+,2,1.0,1.0,0.0,nan,nan
RfC3:2L:10419991-10420205:10420268-10420345:10420401-10420612:+,2,1.0,1.0,0.0,nan,nan
Rgk3:2R:21276518-21276606:21278395-21278575:21278692-21278825:+,2,1.0,1.0,0.0,nan,nan
Rgk3:2R:21278395-21278575:21278692-21278825:21278983-21279093:+,2,1.0,1.0,0.0,nan,nan
Rgk3:2R:21278395-21278575:21278692-21278825:21279799-21280373:+,2,1.0,1.0,0.0,nan,nan
Rgk3:2R:21278395-21278575:21278692-21278825:21279799-21280995:+,2,1.0,1.0,0.0,nan,nan
Rho1:2R:16102687-16102820:16103611-16103774:16105033-16105182:+,2,1.0,1.0,0.0,nan,nan
Rho1:2R:16102687-16102892:16103611-16103774:16105033-16105182:+,2,1.0,1.0,0.0,nan,nan
Rho1:2R:16102687-16102949:16103611-16103774:16105033-16105182:+,2,1.0,1.0,0.0,nan,nan
Rho1:2R:16103097-16103308:16103611-16103774:16105033-16105182:+,2,1.0,1.0,0.0,nan,nan
Rho1:2R:16103466-16103774:16105033-16105182:16105717-16105797:+,2,1.0,1.0,0.0,nan,nan
Rho1:2R:16103611-16103774:16105033-16105182:16105717-16105797:+,2,1.0,1.0,0.0,nan,nan
Rho1:2R:16105033-16105182:16105717-16105797:16105860-16106489:+,2,1.0,1.0,0.0,nan,nan
Rho1:2R:16105033-16105182:16105717-16105797:16105860-16107229:+,2,1.0,1.0,0.0,nan,nan
RhoGAP102A:4:261777-262062:263206-263340:264352-264429:+,2,1.0,1.0,0.0,nan,nan
RhoGAP102A:4:263206-263340:264352-264429:264486-264670:+,2,1.0,1.0,0.0,nan,nan
RhoGAP102A:4:263206-263340:264352-264429:264528-264670:+,2,1.0,1.0,0.0,nan,nan
Rlip:3R:21017684-21017874:21017942-21018074:21018133-21019014:+,2,1.0,1.0,0.0,nan,nan
Rlip:3R:21017942-21018074:21018130-21019014:21019445-21020753:+,2,1.0,1.0,0.0,nan,nan
Rlip:3R:21017942-21018074:21018133-21019014:21019445-21020753:+,2,1.0,1.0,0.0,nan,nan
RluA-2:2L:10482285-10482574:10482625-10482786:10482845-10482975:+,2,1.0,1.0,0.0,nan,nan
RluA-2:2L:10482285-10482574:10482637-10482786:10482845-10482975:+,2,1.0,1.0,0.0,nan,nan
Ror:2L:10253668-10254115:10254193-10254325:10254385-10254686:+,2,1.0,1.0,0.0,nan,nan
RpL11:2R:19442618-19442740:19442801-19443098:19443313-19443518:+,2,1.0,1.0,0.0,nan,nan
RpL11:2R:19442618-19442740:19442801-19443098:19443313-19443825:+,2,1.0,1.0,0.0,nan,nan
RpL12:2R:24060454-24060574:24060676-24060749:24060813-24060993:+,2,1.0,1.0,0.0,nan,nan
RpL12:2R:24060513-24060574:24060676-24060749:24060813-24060993:+,2,1.0,1.0,0.0,nan,nan
RpL12:2R:24060676-24060749:24060813-24060993:24061150-24061413:+,2,1.0,1.0,0.0,nan,nan
RpL12:2R:24060676-24060749:24060813-24060993:24061150-24061860:+,2,1.0,1.0,0.0,nan,nan
RpL13:2L:9967330-9967877:9967939-9968247:9968317-9968645:+,2,1.0,1.0,0.0,nan,nan
RpL13:2L:9967617-9967877:9967939-9968247:9968317-9968491:+,2,1.0,1.0,0.0,nan,nan
RpL13A:3R:5624474-5624520:5624890-5625130:5625514-5625947:+,2,1.0,1.0,0.0,nan,nan
RpL14:3L:8601006-8601037:8601314-8601415:8601648-8601842:+,2,1.0,1.0,0.0,nan,nan
RpL14:3L:8601314-8601415:8601648-8601842:8602103-8602392:+,2,1.0,1.0,0.0,nan,nan
RpL15:3L:27267255-27267283:27267514-27267918:27268092-27268445:+,2,1.0,1.0,0.0,nan,nan
RpL15:3L:27267255-27267283:27267608-27267918:27268092-27268445:+,2,1.0,1.0,0.0,nan,nan
RpL15:3L:27267255-27267455:27267592-27267918:27268092-27268445:+,2,1.0,1.0,0.0,nan,nan
RpL15:3L:27267255-27267523:27267592-27267918:27268092-27268445:+,2,1.0,1.0,0.0,nan,nan
RpL15:3L:27267256-27267283:27267592-27267918:27268092-27268445:+,2,1.0,1.0,0.0,nan,nan
RpL15:3L:27267256-27267455:27267514-27267918:27268092-27268445:+,2,1.0,1.0,0.0,nan,nan
RpL15:3L:27267256-27267459:27267592-27267918:27268092-27268445:+,2,1.0,1.0,0.0,nan,nan
RpL23:2R:22854480-22854529:22854647-22854858:22855445-22855694:+,2,1.0,1.0,0.0,nan,nan
RpL29:2R:21293768-21293789:21294054-21294161:21294231-21294404:+,2,1.0,1.0,0.0,nan,nan
RpL29:2R:21293768-21293874:21294054-21294161:21294231-21294404:+,2,1.0,1.0,0.0,nan,nan
RpL29:2R:21293850-21293874:21294054-21294161:21294231-21294404:+,2,1.0,1.0,0.0,nan,nan
RpL31:2R:9587193-9587228:9587447-9587706:9587777-9587989:+,2,1.0,1.0,0.0,nan,nan
RpL31:2R:9587235-9587283:9587447-9587706:9587777-9587989:+,2,1.0,1.0,0.0,nan,nan
RpL31:2R:9587235-9587338:9587447-9587706:9587777-9587989:+,2,1.0,1.0,0.0,nan,nan
RpL35:X:5672401-5672522:5672998-5673134:5673217-5673547:+,2,1.0,1.0,0.0,nan,nan
RpL35:X:5672480-5672522:5672998-5673134:5673217-5673543:+,2,1.0,1.0,0.0,nan,nan
RpL35:X:5672734-5672875:5672998-5673134:5673217-5673543:+,2,1.0,1.0,0.0,nan,nan
RpL37A:2L:5070957-5071030:5071103-5071157:5071227-5071355:+,2,1.0,1.0,0.0,nan,nan
RpL37A:2L:5071000-5071030:5071103-5071157:5071227-5071355:+,2,1.0,1.0,0.0,nan,nan
RpL37A:2L:5071000-5071157:5071227-5071355:5071609-5071904:+,2,1.0,1.0,0.0,nan,nan
RpL37A:2L:5071103-5071157:5071227-5071355:5071609-5071904:+,2,1.0,1.0,0.0,nan,nan
RpL37A:2L:5071103-5071157:5071227-5071355:5071609-5072055:+,2,1.0,1.0,0.0,nan,nan
RpL3:3R:11223088-11223530:11223858-11224247:11224491-11224944:+,2,1.0,1.0,0.0,nan,nan
RpL3:3R:11223395-11223530:11223858-11224247:11224491-11224944:+,2,1.0,1.0,0.0,nan,nan
RpL3:3R:11223395-11223530:11223858-11224247:11224491-11225173:+,2,1.0,1.0,0.0,nan,nan
RpL7-like:2L:12056326-12056432:12056499-12057147:12057215-12057416:+,2,1.0,1.0,0.0,nan,nan
RpL7-like:2L:12056348-12056432:12056499-12057147:12057215-12057416:+,2,1.0,1.0,0.0,nan,nan
RpL7-like:2L:12056348-12056432:12056499-12057147:12057215-12058251:+,2,1.0,1.0,0.0,nan,nan
RpS12:3L:13023483-13023525:13023732-13023866:13024370-13024762:+,2,1.0,1.0,0.0,nan,nan
RpS14b:X:7934898-7934932:7935175-7935439:7935499-7935792:+,2,1.0,1.0,0.0,nan,nan
RpS16:2R:22606247-22606288:22606509-22606640:22606934-22607048:+,2,1.0,1.0,0.0,nan,nan
RpS16:2R:22606509-22606640:22606934-22607048:22607755-22607995:+,2,1.0,1.0,0.0,nan,nan
RpS18:2R:20264070-20264110:20264247-20264432:20264493-20264848:+,2,1.0,1.0,0.0,nan,nan
RpS18:2R:20264076-20264110:20264247-20264432:20264493-20264848:+,2,1.0,1.0,0.0,nan,nan
RpS20:3R:20822181-20822273:20822418-20822573:20822802-20822891:+,2,1.0,1.0,0.0,nan,nan
RpS20:3R:20822418-20822573:20822802-20822891:20823132-20823356:+,2,1.0,1.0,0.0,nan,nan
RpS21:2L:2856070-2856175:2856247-2856305:2856377-2856705:+,2,1.0,1.0,0.0,nan,nan
RpS21:2L:2856111-2856175:2856223-2856305:2856377-2856568:+,2,1.0,1.0,0.0,nan,nan
RpS21:2L:2856111-2856175:2856247-2856305:2856377-2856568:+,2,1.0,1.0,0.0,nan,nan
RpS21:2L:2856223-2856305:2856377-2856568:2856631-2856705:+,2,1.0,1.0,0.0,nan,nan
RpS21:2L:2856247-2856305:2856377-2856568:2856631-2856672:+,2,1.0,1.0,0.0,nan,nan
RpS21:2L:2856247-2856305:2856377-2856568:2856631-2856705:+,2,1.0,1.0,0.0,nan,nan
RpS21:2L:2856247-2856305:2856377-2856568:2856631-2857029:+,2,1.0,1.0,0.0,nan,nan
RpS21:2L:2856377-2856568:2856631-2856672:2856769-2857029:+,2,1.0,1.0,0.0,nan,nan
RpS27A:2L:10408352-10408386:10409711-10410051:10410241-10410456:+,2,1.0,1.0,0.0,nan,nan
RpS29:3R:9778042-9778196:9778619-9778718:9778777-9779528:+,2,1.0,1.0,0.0,nan,nan
RpS29:3R:9778097-9778196:9778619-9778718:9778777-9779078:+,2,1.0,1.0,0.0,nan,nan
RpS30:3R:20850516-20850627:20850855-20850943:20851031-20851427:+,2,1.0,1.0,0.0,nan,nan
RpS30:3R:20850597-20850627:20850855-20850943:20851031-20851427:+,2,1.0,1.0,0.0,nan,nan
RpS4:3L:13042442-13042539:13043166-13043337:13043574-13043905:+,2,1.0,1.0,0.0,nan,nan
RpS4:3L:13042442-13042539:13043166-13043337:13043574-13044234:+,2,1.0,1.0,0.0,nan,nan
RpS8:3R:29862199-29862305:29862785-29863196:29863415-29863583:+,2,1.0,1.0,0.0,nan,nan
RpS8:3R:29862199-29862305:29862785-29863196:29863415-29863902:+,2,1.0,1.0,0.0,nan,nan
Rpp25:2R:6691882-6692063:6692120-6692236:6692293-6692590:+,2,1.0,1.0,0.0,nan,nan
Rpp25:2R:6691882-6692063:6692120-6692236:6692293-6693162:+,2,1.0,1.0,0.0,nan,nan
Rs1:2R:8166116-8166848:8166909-8167452:8167514-8167769:+,2,1.0,1.0,0.0,nan,nan
S6KL:X:18790958-18791081:18791146-18791244:18791301-18791459:+,2,1.0,1.0,0.0,nan,nan
S6KL:X:18791146-18791244:18791301-18791459:18793759-18793847:+,2,1.0,1.0,0.0,nan,nan
SA1:2L:6953434-6953724:6953787-6954327:6954393-6954586:+,2,1.0,1.0,0.0,nan,nan
SCAR:2L:10980445-10981112:10981179-10981428:10981487-10981854:+,2,1.0,1.0,0.0,nan,nan
SCAR:2L:10980445-10981112:10981179-10981428:10981487-10982293:+,2,1.0,1.0,0.0,nan,nan
SCAR:2L:10980445-10981112:10981179-10981428:10981487-10982395:+,2,1.0,1.0,0.0,nan,nan
SMC1:3R:24058287-24058799:24058855-24059003:24059062-24059230:+,2,1.0,1.0,0.0,nan,nan
SMC1:3R:24058855-24059003:24059062-24059230:24059289-24060311:+,2,1.0,1.0,0.0,nan,nan
SMC1:3R:24061857-24062360:24062421-24062598:24062660-24062815:+,2,1.0,1.0,0.0,nan,nan
SMC5:3L:21569521-21569893:21569957-21570135:21570257-21570503:+,2,1.0,1.0,0.0,nan,nan
SMC5:3L:21569957-21570135:21570257-21570503:21570556-21570654:+,2,1.0,1.0,0.0,nan,nan
SMC5:3L:21569957-21570135:21570257-21570503:21570720-21571007:+,2,1.0,1.0,0.0,nan,nan
SNF4Agamma:3R:21178580-21179204:21179268-21179390:21185548-21185584:+,2,1.0,1.0,0.0,nan,nan
SNF4Agamma:3R:21179268-21179390:21185548-21185584:21202452-21202585:+,2,1.0,1.0,0.0,nan,nan
SP2353:2R:16045079-16045180:16045287-16045390:16045451-16046255:+,2,1.0,1.0,0.0,nan,nan
SP2353:2R:16045079-16045180:16045287-16045390:16045451-16047243:+,2,1.0,1.0,0.0,nan,nan
STUB1:2L:10438591-10438696:10438756-10438812:10438882-10439240:+,2,1.0,1.0,0.0,nan,nan
Saf-B:3R:24817464-24817736:24817862-24818350:24818411-24818438:+,2,1.0,1.0,0.0,nan,nan
Saf-B:3R:24817862-24818350:24818411-24818438:24818586-24818700:+,2,1.0,1.0,0.0,nan,nan
Sam-S:2L:107761-107838:108588-108809:110406-110483:+,2,1.0,1.0,0.0,nan,nan
Sam-S:2L:107761-107956:108588-108809:110406-110483:+,2,1.0,1.0,0.0,nan,nan
Sam-S:2L:107765-107838:108588-108809:110406-110483:+,2,1.0,1.0,0.0,nan,nan
Sam-S:2L:107937-108101:108588-108809:110406-110483:+,2,1.0,1.0,0.0,nan,nan
Sam-S:2L:107937-108226:108588-108809:110406-110483:+,2,1.0,1.0,0.0,nan,nan
Sam-S:2L:108089-108226:108588-108809:110406-110483:+,2,1.0,1.0,0.0,nan,nan
Sam-S:2L:108133-108226:108588-108809:110406-110483:+,2,1.0,1.0,0.0,nan,nan
Sam-S:2L:108133-108346:108588-108809:110406-110483:+,2,1.0,1.0,0.0,nan,nan
Sam-S:2L:108588-108809:110406-110483:110755-110877:+,2,1.0,1.0,0.0,nan,nan
Sam-S:2L:108588-108809:110406-110483:110755-111337:+,2,1.0,1.0,0.0,nan,nan
Sam-S:2L:109594-109793:110406-110483:110755-110877:+,2,1.0,1.0,0.0,nan,nan
Sam-S:2L:110406-110483:110755-110877:111005-111117:+,2,1.0,1.0,0.0,nan,nan
Sam-S:2L:110406-110483:110755-110877:111907-112019:+,2,1.0,1.0,0.0,nan,nan
Sam-S:2L:110406-110483:110755-110877:112690-113369:+,2,1.0,1.0,0.0,nan,nan
SamDC:2L:10340867-10340959:10341008-10341163:10341226-10341503:+,2,1.0,1.0,0.0,nan,nan
Sap47:3R:15935100-15936340:15951602-15951850:15954158-15954234:+,2,1.0,1.0,0.0,nan,nan
Sap47:3R:15935119-15935584:15935953-15936340:15951602-15951841:+,2,1.0,1.0,0.0,nan,nan
Sap47:3R:15935119-15935584:15935953-15936340:15951602-15951850:+,2,1.0,1.0,0.0,nan,nan
Sap47:3R:15935119-15936340:15951602-15951850:15954158-15954234:+,2,1.0,1.0,0.0,nan,nan
Sap47:3R:15935953-15936340:15951602-15951841:15954158-15954234:+,2,1.0,1.0,0.0,nan,nan
Sap47:3R:15935953-15936340:15951602-15951850:15954158-15954255:+,2,1.0,1.0,0.0,nan,nan
Sap47:3R:15944949-15944996:15951602-15951850:15954158-15954255:+,2,1.0,1.0,0.0,nan,nan
Sap47:3R:15951602-15951841:15954158-15954234:15954583-15954683:+,2,1.0,1.0,0.0,nan,nan
Sap47:3R:15951602-15951850:15954158-15954234:15954583-15954683:+,2,1.0,1.0,0.0,nan,nan
Sap47:3R:15951602-15951850:15954158-15954255:15954583-15954683:+,2,1.0,1.0,0.0,nan,nan
Sap47:3R:15954158-15954234:15954583-15954683:15954747-15955021:+,2,1.0,1.0,0.0,nan,nan
Sap47:3R:15954583-15954683:15954747-15955021:15955087-15955205:+,2,1.0,1.0,0.0,nan,nan
Sap47:3R:15954747-15955021:15955087-15955205:15955990-15956307:+,2,1.0,1.0,0.0,nan,nan
Sap47:3R:15954747-15955021:15955087-15955205:15956865-15957919:+,2,1.0,1.0,0.0,nan,nan
Sap47:3R:15954747-15955021:15955087-15955205:15957591-15957919:+,2,1.0,1.0,0.0,nan,nan
Sap47:3R:15955087-15955205:15956865-15957919:15959320-15962124:+,2,1.0,1.0,0.0,nan,nan
Sap47:3R:15955087-15955205:15957591-15957919:15958934-15959025:+,2,1.0,1.0,0.0,nan,nan
Sap47:3R:15955087-15955205:15957591-15957919:15959320-15959548:+,2,1.0,1.0,0.0,nan,nan
Sap47:3R:15955087-15955205:15957591-15957919:15959320-15962124:+,2,1.0,1.0,0.0,nan,nan
Sap47:3R:15957591-15957919:15959320-15959548:15959742-15960485:+,2,1.0,1.0,0.0,nan,nan
Sar1:3R:22358563-22358628:22359525-22359760:22359837-22360711:+,2,1.0,1.0,0.0,nan,nan
Sbp2:3L:8304157-8304686:8304748-8304968:8305022-8305325:+,2,1.0,1.0,0.0,nan,nan
Sc2:3L:3904069-3904285:3904506-3904621:3904684-3905035:+,2,1.0,1.0,0.0,nan,nan
Scgalpha:2L:8304173-8304577:8304844-8304987:8305052-8305376:+,2,1.0,1.0,0.0,nan,nan
Scgalpha:2L:8304662-8304772:8304844-8304987:8305052-8305376:+,2,1.0,1.0,0.0,nan,nan
ScpX:2L:18832106-18832296:18832361-18833244:18833305-18833630:+,2,1.0,1.0,0.0,nan,nan
ScsbetaA:3R:8940922-8941189:8941408-8941832:8941901-8942070:+,2,1.0,1.0,0.0,nan,nan
ScsbetaA:3R:8940922-8941189:8941408-8941832:8941901-8942557:+,2,1.0,1.0,0.0,nan,nan
ScsbetaA:3R:8941314-8941316:8941408-8941832:8941901-8942070:+,2,1.0,1.0,0.0,nan,nan
ScsbetaA:3R:8941314-8941316:8941408-8941832:8941901-8942557:+,2,1.0,1.0,0.0,nan,nan
ScsbetaA:3R:8941408-8941832:8941901-8942070:8942678-8943027:+,2,1.0,1.0,0.0,nan,nan
Sec10:3R:24136627-24136816:24136886-24137203:24137276-24137538:+,2,1.0,1.0,0.0,nan,nan
Sec23:3R:5651032-5651185:5651254-5651802:5652381-5652629:+,2,1.0,1.0,0.0,nan,nan
Sec23:3R:5651254-5651802:5651981-5652001:5652381-5652629:+,2,0.0,0.0,0.0,nan,nan
Sec23:3R:5651254-5651802:5651981-5652004:5652381-5652629:+,2,0.0,0.0,0.0,nan,nan
Sec5:2L:3457585-3458199:3458254-3460075:3460133-3460367:+,2,1.0,1.0,0.0,nan,nan
SecS:3R:5601733-5601862:5601914-5602930:5602990-5603185:+,2,1.0,1.0,0.0,nan,nan
SecS:3R:5601733-5601862:5601960-5602930:5602990-5603185:+,2,1.0,1.0,0.0,nan,nan
SecS:3R:5601739-5601862:5601914-5602930:5602990-5603185:+,2,1.0,1.0,0.0,nan,nan
Sema1a:2L:8542147-8542212:8544544-8545233:8563739-8564296:+,2,1.0,1.0,0.0,nan,nan
Sema1a:2L:8543213-8543418:8544544-8545233:8563739-8564296:+,2,1.0,1.0,0.0,nan,nan
Sema1a:2L:8543330-8543674:8544544-8545233:8563739-8564296:+,2,1.0,1.0,0.0,nan,nan
Sema1a:2L:8543330-8543715:8544544-8545233:8563739-8564296:+,2,1.0,1.0,0.0,nan,nan
Sema1a:2L:8544544-8545233:8563739-8564296:8631027-8631123:+,2,1.0,1.0,0.0,nan,nan
Sema2b:2R:16420281-16420368:16421681-16421732:16422680-16422748:+,2,1.0,1.0,0.0,nan,nan
Sema2b:2R:16421681-16421732:16422680-16422748:16423014-16423124:+,2,1.0,1.0,0.0,nan,nan
Sema2b:2R:16421681-16421732:16422680-16422748:16423017-16423124:+,2,1.0,1.0,0.0,nan,nan
Sema2b:2R:16428424-16428532:16428729-16428822:16429331-16429462:+,2,1.0,1.0,0.0,nan,nan
Serinc:3L:16414284-16414493:16414794-16414956:16415021-16415386:+,2,1.0,1.0,0.0,nan,nan
Serinc:3L:16414284-16414493:16414803-16414956:16415021-16415386:+,2,1.0,1.0,0.0,nan,nan
Serinc:3L:16414284-16414493:16414806-16414956:16415021-16415386:+,2,1.0,1.0,0.0,nan,nan
Serinc:3L:16414284-16414493:16414815-16414956:16415021-16415386:+,2,1.0,1.0,0.0,nan,nan
Serinc:3L:16414284-16414493:16414821-16414956:16415021-16415386:+,2,1.0,1.0,0.0,nan,nan
Set1:3L:25109278-25109604:25109660-25109909:25109964-25113571:+,2,1.0,1.0,0.0,nan,nan
Set1:3L:25109301-25109604:25109660-25109909:25109964-25113571:+,2,1.0,1.0,0.0,nan,nan
Set1:3L:25109310-25109604:25109660-25109909:25109964-25113571:+,2,1.0,1.0,0.0,nan,nan
Set1:3L:25109324-25109604:25109660-25109909:25109964-25113571:+,2,1.0,1.0,0.0,nan,nan
Set:3R:15264353-15264542:15264605-15264955:15265019-15265253:+,2,1.0,1.0,0.0,nan,nan
Shab:3L:2924075-2925476:2940781-2941624:2944023-2946408:+,2,1.0,1.0,0.0,nan,nan
Shaw:2L:3722353-3722571:3722653-3723256:3723636-3723764:+,2,1.0,1.0,0.0,nan,nan
Shaw:2L:3722653-3723256:3723636-3723764:3724884-3725196:+,2,1.0,1.0,0.0,nan,nan
Shaw:2L:3722653-3723256:3723636-3723764:3725656-3725901:+,2,1.0,1.0,0.0,nan,nan
Shaw:2L:3722653-3723256:3723636-3723764:3726679-3727587:+,2,1.0,1.0,0.0,nan,nan
Shaw:2L:3722653-3723256:3723636-3723764:3726697-3729145:+,2,1.0,1.0,0.0,nan,nan
Shaw:2L:3723636-3723764:3725656-3725901:3726679-3727587:+,2,1.0,1.0,0.0,nan,nan
Slip1:4:664988-665305:665951-666932:668420-668574:+,2,1.0,1.0,0.0,nan,nan
Snap25:3L:24074180-24074310:24079465-24079558:24131196-24131237:+,2,1.0,1.0,0.0,nan,nan
Snap25:3L:24079465-24079558:24131196-24131237:24161131-24161179:+,2,1.0,1.0,0.0,nan,nan
Snap25:3L:24079465-24079558:24131196-24131237:24167763-24167811:+,2,1.0,1.0,0.0,nan,nan
Snap25:3L:24210021-24210138:24253793-24253921:24258492-24258636:+,2,1.0,1.0,0.0,nan,nan
Sodh2:3R:10877429-10877647:10877702-10877823:10877882-10878257:+,2,1.0,1.0,0.0,nan,nan
Spf30:3L:23715023-23715166:23715902-23716320:23716373-23716689:+,2,1.0,1.0,0.0,nan,nan
Spf30:3L:23715291-23715717:23715902-23716320:23716373-23716689:+,2,1.0,1.0,0.0,nan,nan
SppL:3R:25886307-25886498:25886566-25887019:25887111-25887231:+,2,1.0,1.0,0.0,nan,nan
SppL:3R:25886566-25887019:25887111-25887231:25887298-25887564:+,2,1.0,1.0,0.0,nan,nan
SppL:3R:25886566-25887019:25887111-25887231:25887298-25888071:+,2,1.0,1.0,0.0,nan,nan
SppL:3R:25886566-25887019:25887111-25887231:25887298-25888230:+,2,1.0,1.0,0.0,nan,nan
Spt6:X:6268107-6268191:6268767-6268972:6269125-6269244:+,2,1.0,1.0,0.0,nan,nan
Spt6:X:6268767-6268972:6269125-6269244:6269314-6269465:+,2,1.0,1.0,0.0,nan,nan
Spt6:X:6269125-6269244:6269314-6269465:6269531-6274888:+,2,1.0,1.0,0.0,nan,nan
Spt6:X:6269125-6269244:6269314-6269465:6269531-6274984:+,2,1.0,1.0,0.0,nan,nan
Srp14:3R:20580115-20580192:20580249-20580321:20580390-20580490:+,2,1.0,1.0,0.0,nan,nan
Srp14:3R:20580249-20580321:20580390-20580490:20580553-20580764:+,2,1.0,1.0,0.0,nan,nan
Srp72:3R:20588998-20590025:20590088-20590770:20590829-20591040:+,2,1.0,1.0,0.0,nan,nan
Stacl:2R:15452857-15453008:15456435-15456559:15456660-15456815:+,2,1.0,1.0,0.0,nan,nan
Stacl:2R:15453741-15453797:15456435-15456559:15456660-15456815:+,2,1.0,1.0,0.0,nan,nan
Stacl:2R:15456435-15456559:15456660-15456815:15457748-15457924:+,2,1.0,1.0,0.0,nan,nan
Stacl:2R:15456435-15456559:15456660-15456815:15458899-15459267:+,2,1.0,1.0,0.0,nan,nan
Stacl:2R:15456435-15456559:15456660-15456815:15460873-15461226:+,2,1.0,1.0,0.0,nan,nan
Stacl:2R:15456435-15456559:15456660-15456815:15463298-15463846:+,2,1.0,1.0,0.0,nan,nan
Stoml2:2R:23950245-23950389:23950454-23950569:23952153-23952459:+,2,1.0,1.0,0.0,nan,nan
Svip:3L:9358999-9359187:9359246-9359416:9359476-9359747:+,2,1.0,1.0,0.0,nan,nan
Svip:3L:9358999-9359187:9359246-9359416:9359476-9359996:+,2,1.0,1.0,0.0,nan,nan
Syp:3R:20791937-20792249:20792314-20792555:20795139-20795274:+,2,1.0,1.0,0.0,nan,nan
Syp:3R:20793716-20793851:20797144-20797277:20797345-20797473:+,2,1.0,1.0,0.0,nan,nan
Syp:3R:20795139-20795274:20797144-20797277:20797345-20797473:+,2,1.0,1.0,0.0,nan,nan
Syp:3R:20797144-20797277:20797345-20797473:20797536-20797676:+,2,1.0,1.0,0.0,nan,nan
Syp:3R:20797345-20797473:20797536-20797676:20797747-20797853:+,2,1.0,1.0,0.0,nan,nan
Syp:3R:20797747-20797853:20798315-20798409:20805947-20806223:+,2,1.0,1.0,0.0,nan,nan
Syp:3R:20797747-20797853:20798315-20798409:20805947-20810726:+,2,1.0,1.0,0.0,nan,nan
Syx6:2R:11219934-11220621:11220928-11221629:11221784-11222338:+,2,1.0,1.0,0.0,nan,nan
Syx6:2R:11220464-11220621:11220928-11221629:11221784-11222110:+,2,1.0,1.0,0.0,nan,nan
Syx6:2R:11220464-11220621:11220928-11221629:11221784-11222480:+,2,1.0,1.0,0.0,nan,nan
TM4SF:2R:23878507-23879812:23879875-23880060:23880154-23880354:+,2,1.0,1.0,0.0,nan,nan
TM4SF:2R:23879624-23879812:23879875-23880060:23880154-23880354:+,2,1.0,1.0,0.0,nan,nan
TM4SF:2R:23879875-23880060:23880154-23880354:23880431-23880860:+,2,1.0,1.0,0.0,nan,nan
TP53INP:3L:4407145-4407384:4417820-4418494:4418782-4419172:+,2,1.0,1.0,0.0,nan,nan
TP53INP:3L:4407145-4407384:4417820-4418494:4418782-4419262:+,2,1.0,1.0,0.0,nan,nan
TP53INP:3L:4418680-4419172:4419429-4419663:4419740-4420266:+,2,1.0,1.0,0.0,nan,nan
TP53INP:3L:4418782-4419172:4419429-4419663:4419740-4420073:+,2,1.0,1.0,0.0,nan,nan
TP53INP:3L:4418782-4419172:4419429-4419663:4419740-4420266:+,2,1.0,1.0,0.0,nan,nan
TP53INP:3L:4418782-4419172:4419429-4419663:4419740-4420648:+,2,1.0,1.0,0.0,nan,nan
Tace:3R:30003073-30003178:30003252-30003414:30003480-30003678:+,2,1.0,1.0,0.0,nan,nan
Tango10:X:11721199-11722183:11722251-11722408:11722534-11723854:+,2,1.0,1.0,0.0,nan,nan
Ten-a:X:12197186-12197255:12204139-12204409:12229666-12230370:+,2,1.0,1.0,0.0,nan,nan
Ten-a:X:12203798-12203878:12204139-12204409:12229666-12230370:+,2,1.0,1.0,0.0,nan,nan
Ten-a:X:12203798-12203978:12204139-12204409:12229666-12230370:+,2,1.0,1.0,0.0,nan,nan
Ten-a:X:12203798-12203984:12204139-12204409:12229666-12230370:+,2,1.0,1.0,0.0,nan,nan
Ten-a:X:12203798-12203996:12204139-12204409:12229666-12230370:+,2,1.0,1.0,0.0,nan,nan
Ten-a:X:12204139-12204409:12229666-12230370:12273935-12274240:+,2,1.0,1.0,0.0,nan,nan
TfIIEalpha:3L:11682038-11682222:11682301-11683407:11683476-11683805:+,2,1.0,1.0,0.0,nan,nan
TfIIEbeta:3L:4287464-4287626:4287687-4287977:4288034-4288349:+,2,1.0,1.0,0.0,nan,nan
TfIIFalpha:3R:6380467-6380619:6380686-6381605:6381682-6382269:+,2,1.0,1.0,0.0,nan,nan
TfIIFalpha:3R:6380686-6381605:6381682-6382269:6382328-6382604:+,2,1.0,1.0,0.0,nan,nan
Tfb1:2R:14363973-14364935:14364996-14365171:14365227-14365473:+,2,1.0,1.0,0.0,nan,nan
Tif-IA:2L:22253746-22253921:22257653-22257902:22257960-22258260:+,2,1.0,1.0,0.0,nan,nan
Tim17b:3R:3734855-3735166:3735269-3735446:3744836-3745306:+,2,1.0,1.0,0.0,nan,nan
Tim17b:3R:3734929-3735166:3735269-3735446:3744836-3745306:+,2,1.0,1.0,0.0,nan,nan
Tim9a:X:13385210-13385396:13385500-13385595:13385661-13385893:+,2,1.0,1.0,0.0,nan,nan
Tim9a:X:13385265-13385396:13385500-13385595:13385661-13385893:+,2,1.0,1.0,0.0,nan,nan
Tlk:X:3720007-3720322:3721376-3721647:3781655-3783559:+,2,1.0,1.0,0.0,nan,nan
Tlk:X:3720007-3720513:3721376-3721647:3781655-3783559:+,2,1.0,1.0,0.0,nan,nan
Tm1:3R:15299277-15299347:15300747-15300822:15301011-15301073:+,2,1.0,1.0,0.0,nan,nan
Tm1:3R:15300110-15300180:15300747-15300822:15301011-15301073:+,2,1.0,1.0,0.0,nan,nan
Tm1:3R:15300747-15300822:15301011-15301073:15303153-15303222:+,2,1.0,1.0,0.0,nan,nan
Tm1:3R:15301011-15301073:15303153-15303222:15305178-15305981:+,2,1.0,1.0,0.0,nan,nan
Tm1:3R:15301011-15301073:15303153-15303222:15306341-15307125:+,2,1.0,1.0,0.0,nan,nan
Tm1:3R:15301011-15301073:15303153-15303222:15307590-15307980:+,2,1.0,1.0,0.0,nan,nan
Tm1:3R:15301011-15301073:15303153-15303222:15307590-15308779:+,2,1.0,1.0,0.0,nan,nan
Tm1:3R:15301011-15301073:15303153-15303222:15308031-15308236:+,2,1.0,1.0,0.0,nan,nan
Tm1:3R:15301011-15301073:15303153-15303222:15308031-15308779:+,2,1.0,1.0,0.0,nan,nan
Tm1:3R:15301624-15301686:15303153-15303222:15308031-15308779:+,2,1.0,1.0,0.0,nan,nan
Tmem18:2R:12436321-12436438:12436514-12436662:12436719-12436990:+,2,1.0,1.0,0.0,nan,nan
Tmtc2:2L:922793-923219:930065-930423:950492-950578:+,2,1.0,1.0,0.0,nan,nan
Tmtc2:2L:930065-930423:950492-950578:951587-952142:+,2,1.0,1.0,0.0,nan,nan
Tomosyn:X:12638593-12639075:12639154-12639296:12640662-12640839:+,2,1.0,1.0,0.0,nan,nan
Tpst:X:13563823-13564333:13575902-13576182:13576612-13577664:+,2,1.0,1.0,0.0,nan,nan
Tpst:X:13563823-13564333:13575902-13576376:13576612-13577664:+,2,1.0,1.0,0.0,nan,nan
Treh:2R:21086790-21087412:21087781-21087858:21087938-21088226:+,2,1.0,1.0,0.0,nan,nan
Trf2:X:8409272-8409341:8410282-8410689:8418351-8418426:+,2,1.0,1.0,0.0,nan,nan
Trf2:X:8409272-8409364:8410277-8410689:8418351-8418426:+,2,1.0,1.0,0.0,nan,nan
Trf2:X:8418351-8418426:8423184-8423575:8423728-8424035:+,2,1.0,1.0,0.0,nan,nan
Trf2:X:8418351-8418426:8423184-8423669:8423728-8424035:+,2,1.0,1.0,0.0,nan,nan
Trm1:2L:12428143-12428597:12428661-12429740:12429798-12430021:+,2,1.0,1.0,0.0,nan,nan
Trm7-32:3R:17040682-17040967:17041023-17041705:17041763-17041895:+,2,1.0,1.0,0.0,nan,nan
Trp1:2L:10009381-10009536:10010737-10011552:10011607-10011908:+,2,1.0,1.0,0.0,nan,nan
Trp1:2L:10009381-10009536:10010737-10011552:10011607-10012118:+,2,1.0,1.0,0.0,nan,nan
Tsf1:X:18388574-18389669:18389732-18390116:18390180-18390344:+,2,1.0,1.0,0.0,nan,nan
Tsp39D:2L:21355477-21355594:21356104-21356682:21356740-21358271:+,2,1.0,1.0,0.0,nan,nan
Tsp42Ej:2R:7041569-7041730:7041785-7042147:7042580-7042762:+,2,1.0,1.0,0.0,nan,nan
Tsp42Ek:2R:7043946-7044107:7044209-7044403:7044460-7044710:+,2,1.0,1.0,0.0,nan,nan
Tsp66E:3L:8928016-8928144:8930380-8930739:8930800-8932065:+,2,1.0,1.0,0.0,nan,nan
Txl:3L:5765846-5766375:5766433-5766716:5766776-5767084:+,2,1.0,1.0,0.0,nan,nan
UQCR-11:3L:25120709-25120796:25120894-25120985:25121044-25121297:+,2,1.0,1.0,0.0,nan,nan
UQCR-11:3L:25120749-25120818:25120878-25120985:25121044-25121371:+,2,1.0,1.0,0.0,nan,nan
UQCR-11:3L:25120749-25120818:25120894-25120985:25121044-25121297:+,2,1.0,1.0,0.0,nan,nan
UQCR-11:3L:25120749-25120818:25120894-25120985:25121618-25121813:+,2,1.0,1.0,0.0,nan,nan
UQCR-14:X:16286288-16286449:16286565-16286612:16286676-16286988:+,2,1.0,1.0,0.0,nan,nan
UQCR-Q:3L:17474761-17474834:17474894-17475135:17475410-17475594:+,2,1.0,1.0,0.0,nan,nan
UQCR-Q:3L:17474761-17474834:17474923-17475135:17475410-17475594:+,2,1.0,1.0,0.0,nan,nan
UQCR-Q:3L:17474894-17475135:17475410-17475594:17475651-17475803:+,2,1.0,1.0,0.0,nan,nan
UQCR-Q:3L:17474923-17475135:17475410-17475594:17475651-17475803:+,2,1.0,1.0,0.0,nan,nan
UQCR-Q:3L:17475049-17475135:17475410-17475594:17475651-17475803:+,2,1.0,1.0,0.0,nan,nan
UQCR-Q:3L:17475049-17475135:17475410-17475594:17475651-17476124:+,2,1.0,1.0,0.0,nan,nan
Ube4A:2L:6658517-6659318:6659379-6659761:6659828-6662033:+,2,1.0,1.0,0.0,nan,nan
Uck:3R:24290172-24290627:24290742-24290887:24290945-24291042:+,2,1.0,1.0,0.0,nan,nan
Uck:3R:24290742-24290887:24290945-24291042:24291104-24291152:+,2,1.0,1.0,0.0,nan,nan
Uck:3R:24290945-24291042:24291104-24291152:24291512-24292251:+,2,1.0,1.0,0.0,nan,nan
Uck:3R:24290945-24291042:24291104-24291152:24291512-24292541:+,2,1.0,1.0,0.0,nan,nan
Uck:3R:24290945-24291042:24291104-24291152:24291512-24292599:+,2,1.0,1.0,0.0,nan,nan
Uck:3R:24290945-24291042:24291104-24291152:24292838-24292969:+,2,1.0,1.0,0.0,nan,nan
Uck:3R:24291104-24291152:24291512-24292541:24292597-24292730:+,2,1.0,1.0,0.0,nan,nan
Uck:3R:24291104-24291152:24291512-24292541:24292600-24292730:+,2,1.0,1.0,0.0,nan,nan
Uhg1:2R:17701834-17701894:17702075-17702125:17702315-17702369:+,2,1.0,1.0,0.0,nan,nan
Uhg1:2R:17702075-17702125:17702315-17702369:17702547-17702598:+,2,1.0,1.0,0.0,nan,nan
Uhg1:2R:17702315-17702369:17702547-17702598:17702779-17702841:+,2,1.0,1.0,0.0,nan,nan
Uhg1:2R:17702547-17702598:17702779-17702841:17703021-17703064:+,2,1.0,1.0,0.0,nan,nan
Uhg1:2R:17702779-17702841:17703021-17703064:17703244-17703344:+,2,1.0,1.0,0.0,nan,nan
Uhg3:2L:20647533-20647788:20647964-20648013:20648189-20648248:+,2,1.0,1.0,0.0,nan,nan
Uhg3:2L:20647533-20647788:20647964-20648013:20648189-20648479:+,2,1.0,1.0,0.0,nan,nan
Uhg3:2L:20647533-20648013:20648189-20648248:20648420-20648479:+,2,1.0,1.0,0.0,nan,nan
Uhg3:2L:20647964-20648013:20648189-20648248:20648420-20648479:+,2,1.0,1.0,0.0,nan,nan
Uhg3:2L:20647964-20648013:20648189-20648479:20648785-20648848:+,2,1.0,1.0,0.0,nan,nan
Uhg4:2R:9095578-9095629:9095898-9095958:9096150-9096202:+,2,1.0,1.0,0.0,nan,nan
Uhg4:2R:9095898-9095958:9096150-9096202:9096383-9096438:+,2,1.0,1.0,0.0,nan,nan
Uhg4:2R:9096383-9096438:9096671-9096735:9096926-9096991:+,2,1.0,1.0,0.0,nan,nan
Uhg5:2R:14622478-14622531:14622713-14622766:14622945-14623004:+,2,1.0,1.0,0.0,nan,nan
Uhg5:2R:14622713-14622766:14622945-14623004:14623189-14623245:+,2,1.0,1.0,0.0,nan,nan
Uhg5:2R:14622945-14623004:14623189-14623245:14623417-14623469:+,2,1.0,1.0,0.0,nan,nan
Uhg5:2R:14623189-14623245:14623417-14623469:14623687-14623731:+,2,1.0,1.0,0.0,nan,nan
Uhg5:2R:14623417-14623469:14623687-14623731:14623920-14623978:+,2,1.0,1.0,0.0,nan,nan
Uhg5:2R:14623687-14623731:14623920-14623978:14624157-14624220:+,2,1.0,1.0,0.0,nan,nan
Uhg5:2R:14623920-14623978:14624157-14624220:14624403-14624498:+,2,1.0,1.0,0.0,nan,nan
Usp2:X:22467716-22467865:22467922-22468000:22468112-22468429:+,2,1.0,1.0,0.0,nan,nan
Usp2:X:22467716-22467865:22467922-22468000:22468112-22468475:+,2,1.0,1.0,0.0,nan,nan
Usp2:X:22467716-22467865:22467922-22468000:22468112-22470146:+,2,1.0,1.0,0.0,nan,nan
Usp47:3L:5760860-5760930:5760985-5761118:5761174-5761419:+,2,1.0,1.0,0.0,nan,nan
Usp47:3L:5760860-5760930:5760985-5761118:5761174-5761886:+,2,1.0,1.0,0.0,nan,nan
VGlut:2L:2400751-2400965:2401107-2401333:2401890-2402294:+,2,1.0,1.0,0.0,nan,nan
Vap33:X:3948975-3949372:3949481-3949713:3951415-3951567:+,2,1.0,1.0,0.0,nan,nan
Vap33:X:3949265-3949372:3949481-3949713:3951415-3951567:+,2,1.0,1.0,0.0,nan,nan
Vap33:X:3951829-3952041:3952108-3952221:3952767-3954086:+,2,1.0,1.0,0.0,nan,nan
Vap33:X:3951829-3952041:3952108-3952221:3952767-3955442:+,2,1.0,1.0,0.0,nan,nan
Vap33:X:3952003-3952041:3952108-3952221:3952767-3954086:+,2,1.0,1.0,0.0,nan,nan
Vha26:3R:5591763-5591830:5591929-5592038:5592568-5592780:+,2,1.0,1.0,0.0,nan,nan
Vha26:3R:5592568-5592780:5592859-5593185:5593247-5594699:+,2,1.0,1.0,0.0,nan,nan
Vha26:3R:5592568-5592780:5592859-5593185:5593247-5595356:+,2,1.0,1.0,0.0,nan,nan
VhaM9.7-b:3L:21539862-21540082:21540153-21540200:21540269-21540698:+,2,1.0,1.0,0.0,nan,nan
VhaM9.7-b:3L:21539862-21540082:21540153-21540200:21540269-21541215:+,2,1.0,1.0,0.0,nan,nan
Vps16A:3R:9268942-9269225:9269294-9269883:9269944-9270224:+,2,1.0,1.0,0.0,nan,nan
Vps4:X:17908808-17909669:17909781-17910009:17910078-17910717:+,2,1.0,1.0,0.0,nan,nan
Vps4:X:17908808-17909669:17909781-17910009:17910078-17911097:+,2,1.0,1.0,0.0,nan,nan
Vti1b:3R:18396995-18397503:18399812-18399950:18400011-18400339:+,2,1.0,1.0,0.0,nan,nan
Wbp2:3L:12850915-12851153:12852427-12852521:12852616-12852716:+,2,1.0,1.0,0.0,nan,nan
Wbp2:3L:12851309-12851722:12852616-12852716:12852781-12853169:+,2,1.0,1.0,0.0,nan,nan
Wbp2:3L:12852232-12852277:12852616-12852716:12852781-12853169:+,2,1.0,1.0,0.0,nan,nan
Wbp2:3L:12852427-12852521:12852616-12852716:12852781-12853169:+,2,1.0,1.0,0.0,nan,nan
Wbp2:3L:12852427-12852528:12852616-12852716:12852781-12853169:+,2,1.0,1.0,0.0,nan,nan
X11Lbeta:X:10706952-10707082:10708067-10708834:10708896-10709036:+,2,1.0,1.0,0.0,nan,nan
X11Lbeta:X:10707817-10707822:10708067-10708834:10708896-10709036:+,2,1.0,1.0,0.0,nan,nan
X11Lbeta:X:10708067-10708834:10708896-10709036:10709088-10710626:+,2,1.0,1.0,0.0,nan,nan
X11Lbeta:X:10708067-10708834:10708896-10709036:10709088-10710947:+,2,1.0,1.0,0.0,nan,nan
Xrp1:3R:18918260-18918625:18919423-18919512:18920413-18921319:+,2,1.0,1.0,0.0,nan,nan
Xrp1:3R:18918260-18918625:18919423-18919512:18925078-18925796:+,2,1.0,1.0,0.0,nan,nan
Zcchc7:3L:16845386-16845509:16845568-16845889:16847161-16849314:+,2,1.0,1.0,0.0,nan,nan
Zcchc7:3L:16845568-16845889:16847161-16849314:16849377-16849576:+,2,1.0,1.0,0.0,nan,nan
Zir:2L:101016-101194:101249-101619:101876-102086:+,2,1.0,1.0,0.0,nan,nan
ZnT49B:2R:12655149-12655223:12655284-12655397:12655462-12655743:+,2,1.0,1.0,0.0,nan,nan
ab:2L:11210678-11210725:11211768-11211963:11225694-11225884:+,2,1.0,1.0,0.0,nan,nan
ab:2L:11210678-11210747:11211768-11211963:11225694-11225884:+,2,1.0,1.0,0.0,nan,nan
ab:2L:11210678-11210773:11211768-11211963:11225694-11225884:+,2,1.0,1.0,0.0,nan,nan
ab:2L:11211768-11211963:11225694-11225884:11235275-11236066:+,2,1.0,1.0,0.0,nan,nan
ab:2L:11211797-11211963:11225694-11225884:11235275-11236066:+,2,1.0,1.0,0.0,nan,nan
ab:2L:11225694-11225884:11235275-11236066:11236204-11236798:+,2,1.0,1.0,0.0,nan,nan
ab:2L:11225694-11225884:11235275-11236066:11236204-11236828:+,2,1.0,1.0,0.0,nan,nan
akirin:3L:7371707-7372072:7372163-7372519:7372581-7372783:+,2,1.0,1.0,0.0,nan,nan
akirin:3L:7371707-7372072:7372163-7372519:7372581-7373711:+,2,1.0,1.0,0.0,nan,nan
akirin:3L:7371732-7372072:7372163-7372519:7372581-7372783:+,2,1.0,1.0,0.0,nan,nan
alph:3R:29593094-29594163:29594227-29594344:29597241-29597346:+,2,1.0,1.0,0.0,nan,nan
alph:3R:29593272-29594163:29594227-29594344:29597241-29597346:+,2,1.0,1.0,0.0,nan,nan
alph:3R:29594227-29594344:29596488-29596571:29597241-29597346:+,2,0.0,0.0,0.0,nan,nan
alph:3R:29594227-29594344:29597241-29597346:29597419-29597473:+,2,1.0,1.0,0.0,nan,nan
alph:3R:29596488-29596571:29597241-29597346:29597419-29597473:+,2,1.0,1.0,0.0,nan,nan
alph:3R:29597241-29597346:29597419-29597473:29597776-29597908:+,2,1.0,1.0,0.0,nan,nan
alph:3R:29597241-29597346:29597419-29597473:29598164-29599231:+,2,1.0,1.0,0.0,nan,nan
alph:3R:29597241-29597346:29597419-29597473:29604510-29604581:+,2,1.0,1.0,0.0,nan,nan
alphaSnap:3L:20313632-20313884:20314608-20314923:20314983-20315303:+,2,1.0,1.0,0.0,nan,nan
alphaSnap:3L:20314608-20314923:20314983-20315303:20315398-20316577:+,2,1.0,1.0,0.0,nan,nan
anne:4:132220-132287:133186-133231:133588-133713:+,2,1.0,1.0,0.0,nan,nan
anne:4:132220-132287:133186-133231:133588-134964:+,2,1.0,1.0,0.0,nan,nan
anne:4:132220-132287:133186-133235:133588-134964:+,2,1.0,1.0,0.0,nan,nan
anne:4:133186-133231:133588-133713:133795-133924:+,2,1.0,1.0,0.0,nan,nan
anne:4:133186-133231:133588-133713:134671-134964:+,2,1.0,1.0,0.0,nan,nan
anne:4:133186-133231:133588-134964:136879-137167:+,2,1.0,1.0,0.0,nan,nan
anne:4:133186-133235:133588-134964:136879-137167:+,2,1.0,1.0,0.0,nan,nan
ash2:3R:24652310-24652590:24652782-24653039:24653098-24653376:+,2,1.0,1.0,0.0,nan,nan
asrij:2R:22886398-22886702:22886759-22887248:22887310-22887578:+,2,1.0,1.0,0.0,nan,nan
asrij:2R:22886561-22886702:22886759-22887248:22887307-22887578:+,2,1.0,1.0,0.0,nan,nan
atms:3R:4750035-4750054:4750794-4750886:4750949-4751076:+,2,1.0,1.0,0.0,nan,nan
atms:3R:4750794-4750886:4750949-4751076:4775575-4775779:+,2,1.0,1.0,0.0,nan,nan
aux:3R:4218247-4218314:4221118-4221317:4221756-4221986:+,2,1.0,1.0,0.0,nan,nan
aux:3R:4220986-4221317:4221756-4221986:4222058-4222197:+,2,1.0,1.0,0.0,nan,nan
aux:3R:4221118-4221317:4221756-4221986:4222058-4222197:+,2,1.0,1.0,0.0,nan,nan
bai:3R:25039701-25039821:25039886-25039956:25040022-25040148:+,2,1.0,1.0,0.0,nan,nan
bai:3R:25039886-25039956:25040022-25040148:25040212-25040443:+,2,1.0,1.0,0.0,nan,nan
beat-IIIb:2L:16973091-16973697:16976490-16977050:16984610-16984818:+,2,1.0,1.0,0.0,nan,nan
beat-IV:3R:23576038-23576171:23578570-23578798:23578879-23580077:+,2,1.0,1.0,0.0,nan,nan
beat-Ic:2L:16000291-16001254:16013953-16014288:16032380-16032591:+,2,1.0,1.0,0.0,nan,nan
beat-Ic:2L:16000520-16001254:16013953-16014288:16032380-16032591:+,2,1.0,1.0,0.0,nan,nan
beta-Spec:X:17668276-17668382:17668497-17668663:17668751-17669371:+,2,1.0,1.0,0.0,nan,nan
beta4GalT7:3R:25023256-25023466:25023528-25024149:25024217-25024482:+,2,1.0,1.0,0.0,nan,nan
bi:X:4427135-4427539:4428198-4429498:4450688-4450801:+,2,1.0,1.0,0.0,nan,nan
blw:2R:22799896-22800476:22800569-22801370:22801483-22802180:+,2,1.0,1.0,0.0,nan,nan
br:X:1636639-1636912:1637000-1637139:1637284-1637334:+,2,1.0,1.0,0.0,nan,nan
br:X:1637000-1637139:1637284-1637334:1647365-1649378:+,2,1.0,1.0,0.0,nan,nan
br:X:1637000-1637139:1637284-1637334:1647365-1653062:+,2,1.0,1.0,0.0,nan,nan
brat:2L:19133816-19134276:19145794-19145844:19166085-19166358:+,2,1.0,1.0,0.0,nan,nan
bys:X:7902367-7903159:7903216-7903335:7903398-7903643:+,2,1.0,1.0,0.0,nan,nan
caz:X:16289027-16289158:16289226-16289322:16291057-16291091:+,2,1.0,1.0,0.0,nan,nan
chinmo:2L:1651258-1651712:1652775-1653835:1690117-1690755:+,2,1.0,1.0,0.0,nan,nan
chn:2R:15138509-15138981:15139079-15140095:15140471-15140677:+,2,1.0,1.0,0.0,nan,nan
chn:2R:15138509-15138981:15139079-15140095:15140471-15140721:+,2,1.0,1.0,0.0,nan,nan
chn:2R:15139079-15140095:15140471-15140677:15140974-15141300:+,2,1.0,1.0,0.0,nan,nan
chn:2R:15139079-15140095:15140471-15140677:15140983-15141300:+,2,1.0,1.0,0.0,nan,nan
chrb:3L:11494090-11494732:11494846-11494956:11495017-11499055:+,2,1.0,1.0,0.0,nan,nan
cin:X:257480-257642:257982-258080:258142-258413:+,2,1.0,1.0,0.0,nan,nan
cin:X:257480-257642:257982-258080:258142-258469:+,2,1.0,1.0,0.0,nan,nan
cl:2L:5520135-5520235:5520287-5520545:5520619-5520700:+,2,1.0,1.0,0.0,nan,nan
cl:2L:5520135-5520235:5520302-5520545:5520619-5520700:+,2,1.0,1.0,0.0,nan,nan
cl:2L:5520260-5520545:5520619-5520700:5521136-5521382:+,2,1.0,1.0,0.0,nan,nan
cl:2L:5520287-5520545:5520619-5520700:5521136-5521382:+,2,1.0,1.0,0.0,nan,nan
cl:2L:5520302-5520545:5520619-5520700:5521136-5521382:+,2,1.0,1.0,0.0,nan,nan
conu:2R:4754500-4754670:4756171-4756259:4756316-4756588:+,2,1.0,1.0,0.0,nan,nan
conu:2R:4756655-4757165:4757236-4757748:4757802-4758048:+,2,1.0,1.0,0.0,nan,nan
cora:2R:19236267-19236419:19236485-19236843:19236942-19237063:+,2,1.0,1.0,0.0,nan,nan
cora:2R:19236485-19236843:19236942-19237063:19237328-19237441:+,2,1.0,1.0,0.0,nan,nan
cora:2R:19236485-19236843:19236942-19237063:19237340-19237441:+,2,1.0,1.0,0.0,nan,nan
cora:2R:19236485-19236843:19236942-19237063:19237742-19237771:+,2,1.0,1.0,0.0,nan,nan
cora:2R:19236485-19236843:19236942-19237063:19238152-19238314:+,2,1.0,1.0,0.0,nan,nan
cpx:3R:4280385-4280430:4282674-4282834:4284226-4284406:+,2,1.0,1.0,0.0,nan,nan
cpx:3R:4280385-4280469:4282674-4282834:4284226-4284406:+,2,1.0,1.0,0.0,nan,nan
cpx:3R:4280385-4280822:4282674-4282834:4284226-4284406:+,2,1.0,1.0,0.0,nan,nan
cpx:3R:4281705-4281871:4282674-4282834:4284226-4284406:+,2,1.0,1.0,0.0,nan,nan
cpx:3R:4281838-4281915:4282674-4282834:4284226-4284406:+,2,1.0,1.0,0.0,nan,nan
cpx:3R:4281838-4281930:4282674-4282834:4284226-4284406:+,2,1.0,1.0,0.0,nan,nan
cpx:3R:4281838-4282003:4282674-4282834:4284226-4284406:+,2,1.0,1.0,0.0,nan,nan
cpx:3R:4282164-4282314:4282674-4282834:4284226-4284406:+,2,1.0,1.0,0.0,nan,nan
cpx:3R:4282164-4282482:4282674-4282834:4284226-4284406:+,2,1.0,1.0,0.0,nan,nan
cpx:3R:4282625-4282834:4284226-4284406:4288072-4288083:+,2,1.0,1.0,0.0,nan,nan
cpx:3R:4282625-4282834:4284226-4284406:4295120-4295286:+,2,1.0,1.0,0.0,nan,nan
cpx:3R:4282674-4282834:4284226-4284406:4288072-4288083:+,2,1.0,1.0,0.0,nan,nan
cpx:3R:4282674-4282834:4284226-4284406:4295120-4295286:+,2,1.0,1.0,0.0,nan,nan
cpx:3R:4282674-4282834:4284226-4284406:4295129-4295286:+,2,1.0,1.0,0.0,nan,nan
cpx:3R:4284226-4284406:4295120-4295286:4295568-4295700:+,2,1.0,1.0,0.0,nan,nan
cpx:3R:4284226-4284406:4295120-4295286:4295568-4304604:+,2,1.0,1.0,0.0,nan,nan
cpx:3R:4284226-4284406:4295129-4295286:4295568-4295700:+,2,1.0,1.0,0.0,nan,nan
cpx:3R:4288072-4288083:4295120-4295286:4295568-4295700:+,2,1.0,1.0,0.0,nan,nan
cpx:3R:4288072-4288083:4295129-4295286:4295568-4295700:+,2,1.0,1.0,0.0,nan,nan
cpx:3R:4291738-4292072:4295120-4295286:4295568-4295700:+,2,1.0,1.0,0.0,nan,nan
cpx:3R:4291738-4292072:4295129-4295286:4295568-4295700:+,2,1.0,1.0,0.0,nan,nan
cpx:3R:4291738-4292269:4295120-4295286:4295568-4295700:+,2,1.0,1.0,0.0,nan,nan
cpx:3R:4291738-4292269:4295120-4295286:4295568-4296962:+,2,1.0,1.0,0.0,nan,nan
cpx:3R:4294862-4294944:4295120-4295286:4295568-4295700:+,2,1.0,1.0,0.0,nan,nan
cpx:3R:4295120-4295286:4295568-4295700:4297488-4298585:+,2,1.0,1.0,0.0,nan,nan
cpx:3R:4295120-4295286:4295568-4295700:4297488-4304604:+,2,1.0,1.0,0.0,nan,nan
cpx:3R:4295120-4295286:4295568-4295700:4302526-4304604:+,2,1.0,1.0,0.0,nan,nan
cpx:3R:4295129-4295286:4295568-4295700:4297488-4298585:+,2,1.0,1.0,0.0,nan,nan
cpx:3R:4295129-4295286:4295568-4295700:4297488-4301541:+,2,1.0,1.0,0.0,nan,nan
ctp:X:4687800-4688028:4691637-4691844:4698297-4699456:+,2,1.0,1.0,0.0,nan,nan
ctp:X:4688203-4688317:4691637-4691844:4698297-4699456:+,2,1.0,1.0,0.0,nan,nan
ctp:X:4688203-4688317:4691637-4691844:4698297-4702034:+,2,1.0,1.0,0.0,nan,nan
ctp:X:4688203-4688672:4691637-4691844:4698297-4702034:+,2,1.0,1.0,0.0,nan,nan
cyp33:2R:17545554-17545937:17545994-17546166:17546240-17546400:+,2,1.0,1.0,0.0,nan,nan
cype:2L:5327227-5327286:5327503-5327676:5327744-5327905:+,2,1.0,1.0,0.0,nan,nan
cype:2L:5327227-5327286:5327503-5327676:5327744-5327969:+,2,1.0,1.0,0.0,nan,nan
cype:2L:5327289-5327350:5327503-5327676:5327744-5327905:+,2,1.0,1.0,0.0,nan,nan
dj-1beta:3R:30807117-30807284:30807348-30807667:30807734-30807978:+,2,1.0,1.0,0.0,nan,nan
dlg1:X:11369665-11369799:11373817-11374510:11376842-11376973:+,2,1.0,1.0,0.0,nan,nan
dnc:X:3256068-3256211:3258611-3258878:3279947-3281155:+,2,1.0,1.0,0.0,nan,nan
dnc:X:3338215-3338377:3338448-3338816:3338970-3339327:+,2,1.0,1.0,0.0,nan,nan
dnc:X:3338215-3338377:3338448-3338816:3338970-3343767:+,2,1.0,1.0,0.0,nan,nan
dod:X:21345358-21345508:21345620-21345952:21346322-21346858:+,2,1.0,1.0,0.0,nan,nan
dpr12:2R:5832347-5832377:5846593-5847470:5852946-5853070:+,2,1.0,1.0,0.0,nan,nan
dpr21:2R:3182392-3182519:3190636-3190804:3190861-3191011:+,2,1.0,1.0,0.0,nan,nan
dpr8:X:14322226-14322915:14355463-14355542:14389605-14389682:+,2,1.0,1.0,0.0,nan,nan
dpr8:X:14324738-14324858:14355463-14355542:14389605-14389682:+,2,1.0,1.0,0.0,nan,nan
drn:3R:9340216-9340274:9354422-9354854:9354925-9355083:+,2,1.0,1.0,0.0,nan,nan
drn:3R:9340654-9340769:9354422-9354854:9354925-9355083:+,2,1.0,1.0,0.0,nan,nan
drn:3R:9341867-9341925:9342220-9342491:9354422-9354854:+,2,1.0,1.0,0.0,nan,nan
drn:3R:9341867-9342003:9342220-9342491:9354422-9354854:+,2,1.0,1.0,0.0,nan,nan
drn:3R:9341867-9342491:9354422-9354854:9354925-9355083:+,2,1.0,1.0,0.0,nan,nan
drn:3R:9342220-9342491:9354422-9354854:9354925-9355083:+,2,1.0,1.0,0.0,nan,nan
drn:3R:9342576-9342894:9354422-9354854:9354925-9355083:+,2,1.0,1.0,0.0,nan,nan
drn:3R:9354422-9354854:9354925-9355083:9357984-9358176:+,2,1.0,1.0,0.0,nan,nan
drn:3R:9354925-9355083:9357984-9358176:9358256-9358571:+,2,1.0,1.0,0.0,nan,nan
drn:3R:9354925-9355083:9357984-9358176:9358256-9359189:+,2,1.0,1.0,0.0,nan,nan
drn:3R:9354925-9355083:9357984-9358176:9358256-9362994:+,2,1.0,1.0,0.0,nan,nan
drn:3R:9356424-9357455:9357984-9358176:9358256-9359189:+,2,1.0,1.0,0.0,nan,nan
drn:3R:9357984-9358176:9358256-9358571:9358629-9362994:+,2,1.0,1.0,0.0,nan,nan
eEF5:2R:24058484-24058691:24058932-24059133:24059196-24059282:+,2,1.0,1.0,0.0,nan,nan
eEF5:2R:24058484-24058691:24058932-24059133:24059196-24059483:+,2,1.0,1.0,0.0,nan,nan
eEF5:2R:24058932-24059133:24059196-24059282:24059339-24059483:+,2,1.0,1.0,0.0,nan,nan
eIF1:3L:3223341-3223526:3223770-3223927:3224314-3224650:+,2,1.0,1.0,0.0,nan,nan
eIF2Bbeta:X:2704993-2705449:2705540-2705925:2705994-2706217:+,2,1.0,1.0,0.0,nan,nan
eIF4A:2L:5984011-5984624:5984719-5984942:5985026-5985220:+,2,1.0,1.0,0.0,nan,nan
eIF4A:2L:5984011-5984624:5984719-5984942:5985026-5985579:+,2,1.0,1.0,0.0,nan,nan
eIF4A:2L:5984011-5984624:5984719-5984942:5985026-5985909:+,2,1.0,1.0,0.0,nan,nan
eIF4A:2L:5984719-5984942:5985026-5985220:5985339-5985559:+,2,1.0,1.0,0.0,nan,nan
eIF4A:2L:5984719-5984942:5985026-5985220:5985339-5985579:+,2,1.0,1.0,0.0,nan,nan
eIF4A:2L:5984719-5984942:5985026-5985220:5985343-5985793:+,2,1.0,1.0,0.0,nan,nan
eIF4H1:X:16450314-16450501:16451275-16451559:16451919-16453615:+,2,1.0,1.0,0.0,nan,nan
eIF4H1:X:16450314-16450501:16451275-16451559:16451919-16454972:+,2,1.0,1.0,0.0,nan,nan
eIF4H1:X:16450314-16450600:16451275-16451559:16451919-16453615:+,2,1.0,1.0,0.0,nan,nan
eIF4H1:X:16451275-16451559:16451702-16451791:16451919-16453615:+,2,0.0,0.0,0.0,nan,nan
eRF1:3L:20351324-20351521:20351583-20351730:20351899-20352260:+,2,1.0,1.0,0.0,nan,nan
eag:X:14955477-14955549:14955865-14956129:14971099-14971798:+,2,1.0,1.0,0.0,nan,nan
ed:2L:4031377-4031555:4032423-4032769:4074514-4074712:+,2,1.0,1.0,0.0,nan,nan
emb:2L:8403573-8403660:8404005-8405779:8405916-8406286:+,2,1.0,1.0,0.0,nan,nan
emei:3L:11111188-11111362:11111425-11111688:11111745-11112117:+,2,1.0,1.0,0.0,nan,nan
eys:2L:2311680-2312179:2323383-2324256:2327404-2327552:+,2,1.0,1.0,0.0,nan,nan
flw:X:10406353-10406700:10406762-10407105:10407166-10407300:+,2,1.0,1.0,0.0,nan,nan
flw:X:10406762-10407105:10407166-10407300:10407366-10408065:+,2,1.0,1.0,0.0,nan,nan
flw:X:10406762-10407105:10407166-10407300:10407366-10409817:+,2,1.0,1.0,0.0,nan,nan
fne:X:12917477-12917814:12918577-12919709:12941720-12942856:+,2,1.0,1.0,0.0,nan,nan
fne:X:12938517-12938931:12939015-12939242:12941720-12942856:+,2,1.0,1.0,0.0,nan,nan
fne:X:12938517-12939242:12941720-12942847:12943086-12943130:+,2,1.0,1.0,0.0,nan,nan
fne:X:12938517-12939242:12941720-12942856:12943086-12943130:+,2,1.0,1.0,0.0,nan,nan
fne:X:12939015-12939242:12941720-12942847:12943086-12943130:+,2,1.0,1.0,0.0,nan,nan
fne:X:12939015-12939242:12941720-12942856:12943086-12943130:+,2,1.0,1.0,0.0,nan,nan
futsch:X:1409069-1410121:1413418-1414685:1427676-1427774:+,2,1.0,1.0,0.0,nan,nan
futsch:X:1411726-1411978:1413418-1414685:1427676-1427774:+,2,1.0,1.0,0.0,nan,nan
galla-1:2R:20671746-20671858:20672119-20672269:20672340-20672554:+,2,1.0,1.0,0.0,nan,nan
galla-1:2R:20671746-20671858:20672119-20672269:20672340-20673495:+,2,1.0,1.0,0.0,nan,nan
gce:X:15297766-15297936:15305829-15306579:15310378-15311216:+,2,1.0,1.0,0.0,nan,nan
gce:X:15299009-15299583:15305829-15306579:15310378-15311216:+,2,1.0,1.0,0.0,nan,nan
gdl-ORF39:3L:15509445-15509881:15509937-15510231:15510605-15510837:+,2,1.0,1.0,0.0,nan,nan
gdl:3L:15509445-15509881:15509937-15510231:15510605-15510837:+,2,1.0,1.0,0.0,nan,nan
gdl:3L:15509445-15509881:15509937-15510231:15510605-15511047:+,2,1.0,1.0,0.0,nan,nan
gdl:3L:15509598-15509881:15509937-15510231:15510605-15511047:+,2,1.0,1.0,0.0,nan,nan
gish:3R:16273001-16273330:16274152-16274875:16274954-16275169:+,2,1.0,1.0,0.0,nan,nan
gish:3R:16273001-16273330:16274152-16275169:16289631-16289839:+,2,1.0,1.0,0.0,nan,nan
gish:3R:16299591-16299689:16301245-16301351:16301805-16302372:+,2,1.0,1.0,0.0,nan,nan
gro:3R:26047496-26048169:26048236-26048435:26048498-26048899:+,2,1.0,1.0,0.0,nan,nan
gro:3R:26047496-26048169:26048236-26048435:26048498-26049911:+,2,1.0,1.0,0.0,nan,nan
inaE:X:13783714-13784276:13785707-13785952:13801679-13801773:+,2,1.0,1.0,0.0,nan,nan
kcc:2R:23921965-23922327:23922392-23922578:23922641-23922856:+,2,1.0,1.0,0.0,nan,nan
kcc:2R:23922392-23922578:23922641-23922856:23922922-23923029:+,2,1.0,1.0,0.0,nan,nan
kcc:2R:23922641-23922856:23922922-23923029:23923340-23923393:+,2,1.0,1.0,0.0,nan,nan
kcc:2R:23922641-23922856:23922922-23923029:23924002-23924094:+,2,1.0,1.0,0.0,nan,nan
kcc:2R:23922641-23922856:23922922-23923029:23924416-23924549:+,2,1.0,1.0,0.0,nan,nan
kcc:2R:23922922-23923029:23924416-23924549:23924616-23924755:+,2,1.0,1.0,0.0,nan,nan
kcc:2R:23924002-23924094:23924416-23924549:23924616-23924755:+,2,1.0,1.0,0.0,nan,nan
kcc:2R:23924416-23924549:23924616-23924755:23924818-23925066:+,2,1.0,1.0,0.0,nan,nan
kek2:2L:11581937-11583102:11590748-11590793:11606514-11606544:+,2,1.0,1.0,0.0,nan,nan
kek2:2L:11590748-11590793:11606514-11606544:11621188-11626883:+,2,1.0,1.0,0.0,nan,nan
kek5:X:19353181-19353653:19362967-19363021:19379213-19379280:+,2,1.0,1.0,0.0,nan,nan
kek5:X:19353181-19353653:19362967-19363021:19433154-19433272:+,2,1.0,1.0,0.0,nan,nan
kek6:3R:31622136-31622822:31633571-31633612:31658579-31658969:+,2,1.0,1.0,0.0,nan,nan
kek6:3R:31633571-31633612:31658579-31658969:31659151-31664646:+,2,1.0,1.0,0.0,nan,nan
klg:3R:22899284-22899610:22914951-22915636:22948677-22948829:+,2,1.0,1.0,0.0,nan,nan
kri:3L:5810973-5811320:5811386-5811979:5812065-5812228:+,2,1.0,1.0,0.0,nan,nan
kug:3L:20023451-20023639:20024156-20024287:20024349-20024607:+,2,1.0,1.0,0.0,nan,nan
kug:3L:20023953-20023982:20024156-20024287:20024349-20024510:+,2,1.0,1.0,0.0,nan,nan
kuz:2L:13550139-13550420:13551142-13551666:13558800-13558832:+,2,1.0,1.0,0.0,nan,nan
l(2)k01209:2R:17424573-17424759:17424819-17425412:17425470-17425679:+,2,1.0,1.0,0.0,nan,nan
l(2)k14505:2L:21261412-21261719:21261777-21261957:21262013-21262287:+,2,1.0,1.0,0.0,nan,nan
l(2)k14505:2L:21261412-21261719:21261777-21261957:21262013-21262411:+,2,1.0,1.0,0.0,nan,nan
l(3)87Df:3R:13030913-13031011:13031082-13031269:13031335-13031598:+,2,1.0,1.0,0.0,nan,nan
lap:3R:7192540-7192654:7192721-7192970:7198328-7200941:+,2,1.0,1.0,0.0,nan,nan
lncRNA:CR43900:2R:12259409-12259458:12260040-12260188:12260276-12260813:+,2,1.0,1.0,0.0,nan,nan
lncRNA:CR44997:X:22692941-22692999:22740542-22740620:22797279-22797682:+,2,1.0,1.0,0.0,nan,nan
lqf:3L:7528780-7529186:7532672-7532828:7533355-7533443:+,2,1.0,1.0,0.0,nan,nan
lsn:3R:21865168-21865747:21865815-21865961:21866025-21866238:+,2,1.0,1.0,0.0,nan,nan
mRpL11:3R:14511838-14512058:14512119-14512403:14512464-14512691:+,2,1.0,1.0,0.0,nan,nan
mRpL22:X:16783933-16784344:16784418-16784631:16784746-16785092:+,2,1.0,1.0,0.0,nan,nan
mRpL28:2L:4973976-4974157:4974277-4975100:4975153-4975284:+,2,1.0,1.0,0.0,nan,nan
mRpL28:2L:4973976-4974157:4974277-4975100:4975153-4975316:+,2,1.0,1.0,0.0,nan,nan
mRpL32:3R:31252872-31253003:31253059-31253298:31253355-31253686:+,2,1.0,1.0,0.0,nan,nan
mRpL40:3R:11407918-11408016:11408081-11408326:11408386-11408756:+,2,1.0,1.0,0.0,nan,nan
mRpL54:2R:21060789-21061015:21061073-21061206:21061267-21061587:+,2,1.0,1.0,0.0,nan,nan
mRpS11:3R:17072732-17072994:17073053-17073183:17073238-17073338:+,2,1.0,1.0,0.0,nan,nan
mRpS11:3R:17073053-17073183:17073238-17073338:17073502-17073567:+,2,1.0,1.0,0.0,nan,nan
mRpS11:3R:17073238-17073338:17073502-17073567:17073628-17073795:+,2,1.0,1.0,0.0,nan,nan
mbl:2R:17220055-17220103:17275410-17276063:17351094-17351264:+,2,1.0,1.0,0.0,nan,nan
mbl:2R:17265518-17266211:17275410-17276063:17351094-17351264:+,2,1.0,1.0,0.0,nan,nan
me31B:2L:10240680-10241058:10241133-10241780:10241846-10242172:+,2,1.0,1.0,0.0,nan,nan
mei-P26:X:9163255-9163290:9165682-9166459:9166535-9167032:+,2,1.0,1.0,0.0,nan,nan
mei-P26:X:9163255-9163398:9165682-9166459:9166535-9167032:+,2,1.0,1.0,0.0,nan,nan
miple1:3L:267299-267391:268220-268459:268563-268700:+,2,1.0,1.0,0.0,nan,nan
miple1:3L:267764-267853:268220-268459:268563-268700:+,2,1.0,1.0,0.0,nan,nan
miple1:3L:267764-267869:268220-268459:268563-268700:+,2,1.0,1.0,0.0,nan,nan
miple1:3L:268563-268700:268781-268960:269097-270336:+,2,1.0,1.0,0.0,nan,nan
miple2:3L:274104-274241:274595-274807:274867-275018:+,2,1.0,1.0,0.0,nan,nan
miple2:3L:274104-274250:274595-274807:274867-275018:+,2,1.0,1.0,0.0,nan,nan
mora:3R:24186600-24187150:24187220-24187414:24187473-24187785:+,2,1.0,1.0,0.0,nan,nan
mr:2R:23974513-23974776:23974842-23975083:23975140-23975408:+,2,1.0,1.0,0.0,nan,nan
mre11:2L:11283593-11283753:11283809-11284118:11284186-11284335:+,2,1.0,1.0,0.0,nan,nan
mri:3L:201171-201368:201441-201758:201817-202152:+,2,1.0,1.0,0.0,nan,nan
mri:3L:201174-201368:201441-201758:201817-202152:+,2,1.0,1.0,0.0,nan,nan
msi:3R:25516118-25516349:25519261-25519729:25564080-25564127:+,2,1.0,1.0,0.0,nan,nan
msi:3R:25516118-25516349:25519261-25519729:25574884-25574922:+,2,1.0,1.0,0.0,nan,nan
msi:3R:25516118-25516349:25519261-25519729:25595074-25595602:+,2,1.0,1.0,0.0,nan,nan
mthl8:3L:25341-25559:25619-25976:26030-26308:+,2,1.0,1.0,0.0,nan,nan
mts:2L:7827650-7828153:7830462-7831025:7831469-7831659:+,2,1.0,1.0,0.0,nan,nan
mts:2L:7827793-7828153:7830462-7831025:7831469-7831659:+,2,1.0,1.0,0.0,nan,nan
mts:2L:7830462-7831025:7831469-7831659:7831734-7832124:+,2,1.0,1.0,0.0,nan,nan
mts:2L:7830462-7831025:7831469-7831659:7831734-7832668:+,2,1.0,1.0,0.0,nan,nan
mts:2L:7830462-7831025:7831469-7831659:7831734-7833576:+,2,1.0,1.0,0.0,nan,nan
mub:3L:21875297-21875325:21907346-21907920:21914776-21914832:+,2,1.0,1.0,0.0,nan,nan
mub:3L:21879577-21879941:21907346-21907920:21914776-21914832:+,2,1.0,1.0,0.0,nan,nan
muc:2L:7428878-7429104:7429167-7429515:7429582-7429684:+,2,1.0,1.0,0.0,nan,nan
muc:2L:7428926-7429104:7429167-7429515:7429582-7429684:+,2,1.0,1.0,0.0,nan,nan
muc:2L:7429167-7429515:7429582-7429684:7429743-7430329:+,2,1.0,1.0,0.0,nan,nan
mus312:3L:7329132-7329363:7329429-7329637:7329716-7330239:+,2,1.0,1.0,0.0,nan,nan
myd:3R:19189351-19190576:19200022-19200706:19200778-19201096:+,2,1.0,1.0,0.0,nan,nan
nAChRalpha2:3R:24488781-24489366:24489599-24489800:24490818-24491147:+,2,1.0,1.0,0.0,nan,nan
nAChRalpha4:3L:23206669-23207019:23210852-23211160:23216063-23216107:+,2,1.0,1.0,0.0,nan,nan
nAChRalpha4:3L:23210852-23211160:23216063-23216107:23227438-23227547:+,2,1.0,1.0,0.0,nan,nan
nAChRalpha5:2L:14040170-14040221:14041321-14042234:14060958-14062075:+,2,1.0,1.0,0.0,nan,nan
nAChRalpha5:2L:14040170-14040394:14041321-14042234:14060958-14062075:+,2,1.0,1.0,0.0,nan,nan
nAChRalpha5:2L:14040170-14040465:14041321-14042234:14060958-14062075:+,2,1.0,1.0,0.0,nan,nan
nAChRalpha5:2L:14041321-14042234:14060958-14062075:14062171-14062621:+,2,1.0,1.0,0.0,nan,nan
nAChRalpha5:2L:14088486-14088608:14088723-14088861:14089108-14089437:+,2,1.0,1.0,0.0,nan,nan
nAChRalpha5:2L:14088486-14088608:14088723-14088861:14089108-14092725:+,2,1.0,1.0,0.0,nan,nan
nAChRalpha5:2L:14088486-14088608:14088723-14088861:14089108-14094292:+,2,1.0,1.0,0.0,nan,nan
nAChRalpha5:2L:14088723-14088861:14089108-14094292:14094351-14094401:+,2,1.0,1.0,0.0,nan,nan
nAChRbeta1:3L:4429349-4429502:4429566-4429715:4432386-4432522:+,2,1.0,1.0,0.0,nan,nan
nAChRbeta1:3L:4429566-4429715:4432386-4432522:4433305-4433459:+,2,1.0,1.0,0.0,nan,nan
nonA:X:16361569-16362054:16363358-16364630:16365205-16365513:+,2,1.0,1.0,0.0,nan,nan
nonA:X:16363358-16364630:16365205-16365513:16365587-16365642:+,2,1.0,1.0,0.0,nan,nan
nonA:X:16363358-16364630:16365205-16365513:16365587-16368526:+,2,1.0,1.0,0.0,nan,nan
nonA:X:16365205-16365513:16365587-16365642:16366904-16368526:+,2,1.0,1.0,0.0,nan,nan
nonA:X:16365205-16365513:16365587-16365642:16366904-16371525:+,2,1.0,1.0,0.0,nan,nan
nonA:X:16365205-16365513:16365587-16365642:16371314-16371547:+,2,1.0,1.0,0.0,nan,nan
norpA:X:4323609-4323801:4332796-4332840:4349004-4349587:+,2,1.0,1.0,0.0,nan,nan
norpA:X:4325348-4325616:4332796-4332840:4349004-4349587:+,2,1.0,1.0,0.0,nan,nan
norpA:X:4332796-4332840:4349004-4349587:4349653-4349712:+,2,1.0,1.0,0.0,nan,nan
norpA:X:4349004-4349587:4349653-4349712:4353467-4353613:+,2,1.0,1.0,0.0,nan,nan
norpA:X:4349653-4349712:4353467-4353613:4353944-4354023:+,2,1.0,1.0,0.0,nan,nan
norpA:X:4359067-4360330:4360395-4360551:4360616-4360705:+,2,1.0,1.0,0.0,nan,nan
norpA:X:4360395-4360551:4360616-4360705:4361966-4364879:+,2,1.0,1.0,0.0,nan,nan
norpA:X:4360395-4360551:4360616-4360705:4361966-4365408:+,2,1.0,1.0,0.0,nan,nan
nrm:3L:23002053-23002443:23007328-23007499:23007559-23007707:+,2,1.0,1.0,0.0,nan,nan
nrm:3L:23007328-23007499:23007559-23007707:23010850-23011020:+,2,1.0,1.0,0.0,nan,nan
nrv3:2L:21380000-21380361:21382019-21382330:21384455-21384595:+,2,1.0,1.0,0.0,nan,nan
nrv3:2L:21380133-21380361:21382019-21382330:21384455-21384595:+,2,1.0,1.0,0.0,nan,nan
nrv3:2L:21380133-21380361:21382042-21382330:21384455-21384595:+,2,1.0,1.0,0.0,nan,nan
nrv3:2L:21382019-21382330:21384455-21384595:21385278-21385397:+,2,1.0,1.0,0.0,nan,nan
nrv3:2L:21382042-21382330:21384455-21384595:21385278-21385397:+,2,1.0,1.0,0.0,nan,nan
nrv3:2L:21384455-21384595:21385278-21385397:21388282-21388287:+,2,1.0,1.0,0.0,nan,nan
nrv3:2L:21384455-21384595:21385278-21385397:21388503-21388669:+,2,1.0,1.0,0.0,nan,nan
nrv3:2L:21385278-21385397:21388282-21388287:21388503-21388669:+,2,0.0,0.0,0.0,nan,nan
nrv3:2L:21385278-21385397:21388503-21388669:21388732-21388842:+,2,1.0,1.0,0.0,nan,nan
nrv3:2L:21388282-21388287:21388503-21388669:21388732-21388842:+,2,1.0,1.0,0.0,nan,nan
nrv3:2L:21388503-21388669:21388732-21388842:21388914-21389079:+,2,1.0,1.0,0.0,nan,nan
nrv3:2L:21388732-21388842:21388914-21389079:21390052-21390347:+,2,1.0,1.0,0.0,nan,nan
nrv3:2L:21388732-21388842:21388914-21389079:21390052-21393319:+,2,1.0,1.0,0.0,nan,nan
nudC:3L:16809168-16809357:16818907-16819304:16819368-16819532:+,2,1.0,1.0,0.0,nan,nan
nwk:3L:9138582-9138697:9138773-9139002:9139093-9139620:+,2,1.0,1.0,0.0,nan,nan
nwk:3L:9138773-9139002:9139093-9139620:9139906-9140788:+,2,1.0,1.0,0.0,nan,nan
nwk:3L:9139906-9140788:9140851-9141508:9141787-9141843:+,2,1.0,1.0,0.0,nan,nan
nwk:3L:9139906-9140788:9140851-9141508:9141787-9141970:+,2,1.0,1.0,0.0,nan,nan
nwk:3L:9140851-9141019:9141089-9141508:9141787-9141843:+,2,1.0,1.0,0.0,nan,nan
nwk:3L:9140851-9141508:9141787-9141843:9142573-9143323:+,2,1.0,1.0,0.0,nan,nan
nwk:3L:9140851-9141508:9141787-9141843:9143298-9143323:+,2,1.0,1.0,0.0,nan,nan
nwk:3L:9141089-9141508:9141787-9141843:9143298-9143323:+,2,1.0,1.0,0.0,nan,nan
p23:3R:9678562-9678648:9678720-9678976:9679043-9679347:+,2,1.0,1.0,0.0,nan,nan
p23:3R:9678562-9678648:9678720-9678976:9679043-9679658:+,2,1.0,1.0,0.0,nan,nan
pAbp:2R:18143413-18144897:18144967-18145274:18145342-18145618:+,2,1.0,1.0,0.0,nan,nan
pAbp:2R:18143413-18144897:18144967-18145274:18145342-18146235:+,2,1.0,1.0,0.0,nan,nan
pAbp:2R:18143413-18144897:18144967-18145274:18145342-18147191:+,2,1.0,1.0,0.0,nan,nan
pan:4:82638-82746:85712-85799:85853-85933:+,2,1.0,1.0,0.0,nan,nan
pan:4:85853-85933:87017-87166:94423-94615:+,2,1.0,1.0,0.0,nan,nan
pan:4:87017-87166:94423-94615:94837-95002:+,2,1.0,1.0,0.0,nan,nan
pan:4:90355-93273:94423-94615:94837-95002:+,2,1.0,1.0,0.0,nan,nan
pan:4:97822-97975:99406-99475:104083-104528:+,2,1.0,1.0,0.0,nan,nan
par-1:2R:19459795-19460616:19470597-19470812:19470872-19471092:+,2,1.0,1.0,0.0,nan,nan
par-1:2R:19464310-19465694:19470597-19470812:19470872-19471092:+,2,1.0,1.0,0.0,nan,nan
par-1:2R:19468790-19470338:19470597-19470812:19470872-19471092:+,2,1.0,1.0,0.0,nan,nan
par-1:2R:19470597-19470812:19470872-19471092:19471209-19471490:+,2,1.0,1.0,0.0,nan,nan
pen-2:2R:18277439-18277681:18277751-18277855:18277930-18278124:+,2,1.0,1.0,0.0,nan,nan
pen-2:2R:18277439-18277681:18277751-18277855:18277930-18278762:+,2,1.0,1.0,0.0,nan,nan
pigs:X:6600062-6600510:6605180-6605279:6630705-6631105:+,2,1.0,1.0,0.0,nan,nan
pigs:X:6602325-6602727:6605180-6605279:6630705-6631105:+,2,1.0,1.0,0.0,nan,nan
pigs:X:6605180-6605279:6630705-6631105:6644562-6644758:+,2,1.0,1.0,0.0,nan,nan
pros:3R:11328480-11329956:11339658-11339706:11370248-11370292:+,2,1.0,1.0,0.0,nan,nan
pros:3R:11332878-11333553:11339658-11339706:11370248-11370292:+,2,1.0,1.0,0.0,nan,nan
pros:3R:11334980-11335622:11339658-11339706:11370248-11370292:+,2,1.0,1.0,0.0,nan,nan
pros:3R:11370248-11370292:11371313-11375838:11376322-11377217:+,2,1.0,1.0,0.0,nan,nan
pros:3R:11370248-11370292:11371313-11375838:11376322-11377276:+,2,1.0,1.0,0.0,nan,nan
pros:3R:11370248-11370292:11371313-11377217:11378035-11378189:+,2,1.0,1.0,0.0,nan,nan
ps:3R:9419521-9420047:9432032-9432839:9444011-9444076:+,2,1.0,1.0,0.0,nan,nan
ps:3R:9419783-9420047:9432029-9432839:9444011-9444076:+,2,1.0,1.0,0.0,nan,nan
ps:3R:9419807-9420047:9432029-9432839:9444011-9444076:+,2,1.0,1.0,0.0,nan,nan
ps:3R:9445255-9445895:9445969-9446497:9447629-9448649:+,2,1.0,1.0,0.0,nan,nan
ps:3R:9445255-9445895:9445969-9446497:9447629-9455500:+,2,1.0,1.0,0.0,nan,nan
psq:2R:10557888-10558376:10561686-10561954:10562026-10562190:+,2,1.0,1.0,0.0,nan,nan
psq:2R:10557888-10558533:10561686-10561954:10562026-10562190:+,2,1.0,1.0,0.0,nan,nan
psq:2R:10561686-10561954:10562026-10562190:10610550-10611515:+,2,1.0,1.0,0.0,nan,nan
pzg:3L:21286099-21287067:21287128-21289546:21289606-21290041:+,2,1.0,1.0,0.0,nan,nan
pzg:3L:21286099-21287067:21287128-21289546:21289606-21290310:+,2,1.0,1.0,0.0,nan,nan
qvr:2R:11444540-11444627:11444684-11444760:11445368-11445415:+,2,1.0,1.0,0.0,nan,nan
qvr:2R:11444540-11444627:11444684-11444760:11446133-11446189:+,2,1.0,1.0,0.0,nan,nan
qvr:2R:11444684-11444760:11446133-11446189:11447156-11447208:+,2,1.0,1.0,0.0,nan,nan
rdgA:X:8925184-8925696:8999380-9000240:9000682-9002117:+,2,1.0,1.0,0.0,nan,nan
rdgA:X:8925184-8925696:8999380-9000249:9000682-9002117:+,2,1.0,1.0,0.0,nan,nan
rdgA:X:9024074-9024137:9024261-9024418:9024624-9024787:+,2,1.0,1.0,0.0,nan,nan
rdgA:X:9024074-9024137:9024261-9024418:9024624-9024936:+,2,1.0,1.0,0.0,nan,nan
rdgA:X:9024074-9024137:9024261-9024418:9024624-9027615:+,2,1.0,1.0,0.0,nan,nan
rdgA:X:9024074-9024137:9024261-9024418:9024624-9029476:+,2,1.0,1.0,0.0,nan,nan
ref(2)P:2L:19542468-19542988:19543620-19545101:19545157-19545458:+,2,1.0,1.0,0.0,nan,nan
ref(2)P:2L:19542468-19542988:19543620-19545101:19545157-19545548:+,2,1.0,1.0,0.0,nan,nan
rg:X:5085759-5086201:5089342-5090145:5203311-5203415:+,2,1.0,1.0,0.0,nan,nan
rg:X:5163901-5165498:5174897-5176788:5186903-5187429:+,2,1.0,1.0,0.0,nan,nan
rg:X:5165310-5165498:5174897-5176788:5186903-5187429:+,2,1.0,1.0,0.0,nan,nan
rg:X:5174897-5176788:5186903-5187429:5203311-5203415:+,2,1.0,1.0,0.0,nan,nan
rg:X:5250078-5250274:5250423-5250574:5250729-5250952:+,2,1.0,1.0,0.0,nan,nan
rg:X:5250078-5250274:5250423-5250574:5250729-5254864:+,2,1.0,1.0,0.0,nan,nan
rl:2R:1071975-1072045:1072251-1072439:1076635-1076761:+,2,1.0,1.0,0.0,nan,nan
rl:2R:1071975-1072439:1076635-1076761:1080331-1080441:+,2,1.0,1.0,0.0,nan,nan
rl:2R:1071975-1072439:1076635-1076761:1080331-1081150:+,2,1.0,1.0,0.0,nan,nan
rl:2R:1072251-1072439:1076635-1076761:1076816-1076877:+,2,1.0,1.0,0.0,nan,nan
rl:2R:1072251-1072439:1076635-1076761:1080331-1080441:+,2,1.0,1.0,0.0,nan,nan
rl:2R:1072268-1072439:1076635-1076761:1080331-1080441:+,2,1.0,1.0,0.0,nan,nan
robl:2R:17456472-17456573:17456637-17456715:17456784-17457129:+,2,1.0,1.0,0.0,nan,nan
rudhira:X:11816898-11817033:11817236-11818016:11823283-11824478:+,2,1.0,1.0,0.0,nan,nan
rudhira:X:11816898-11818016:11823283-11824478:11824790-11825093:+,2,1.0,1.0,0.0,nan,nan
rudhira:X:11817236-11818016:11823283-11824478:11824790-11825093:+,2,1.0,1.0,0.0,nan,nan
sNPF:2L:20054077-20054221:20054279-20054736:20054879-20055109:+,2,1.0,1.0,0.0,nan,nan
sNPF:2L:20054279-20054736:20054879-20055109:20055176-20056373:+,2,1.0,1.0,0.0,nan,nan
san:2R:11360706-11360832:11360959-11361282:11361515-11361871:+,2,1.0,1.0,0.0,nan,nan
scro:3L:24724162-24724430:24728297-24728508:24734036-24734187:+,2,1.0,1.0,0.0,nan,nan
scro:3L:24728297-24728508:24734036-24734187:24740905-24741000:+,2,1.0,1.0,0.0,nan,nan
scro:3L:24734036-24734187:24740905-24741000:24748408-24748494:+,2,1.0,1.0,0.0,nan,nan
scro:3L:24734036-24734187:24740905-24741000:24757361-24758036:+,2,1.0,1.0,0.0,nan,nan
sd:X:15804370-15805177:15805558-15806321:15819596-15819723:+,2,1.0,1.0,0.0,nan,nan
sei:2R:24052030-24052169:24052395-24052588:24052655-24052749:+,2,1.0,1.0,0.0,nan,nan
sei:2R:24052395-24052588:24052655-24052749:24052802-24053035:+,2,1.0,1.0,0.0,nan,nan
sgg:X:2633952-2634025:2634827-2635031:2641125-2641361:+,2,1.0,1.0,0.0,nan,nan
sgg:X:2634827-2635031:2641125-2641361:2641590-2642093:+,2,1.0,1.0,0.0,nan,nan
shi:X:15892116-15892166:15892828-15893150:15894693-15894766:+,2,1.0,1.0,0.0,nan,nan
shi:X:15892200-15892251:15892828-15893150:15894693-15894766:+,2,1.0,1.0,0.0,nan,nan
shi:X:15892200-15892360:15892828-15893150:15894693-15894766:+,2,1.0,1.0,0.0,nan,nan
shi:X:15892200-15892417:15892828-15893150:15894693-15894766:+,2,1.0,1.0,0.0,nan,nan
shi:X:15892200-15892440:15892828-15893150:15894693-15894766:+,2,1.0,1.0,0.0,nan,nan
shi:X:15892200-15892569:15892828-15893150:15894693-15894766:+,2,1.0,1.0,0.0,nan,nan
shi:X:15892200-15892581:15892828-15893150:15894693-15894766:+,2,1.0,1.0,0.0,nan,nan
shi:X:15892828-15893150:15894693-15894766:15894835-15895591:+,2,1.0,1.0,0.0,nan,nan
shi:X:15892889-15893150:15894693-15894766:15894835-15895591:+,2,1.0,1.0,0.0,nan,nan
shi:X:15894693-15894766:15894835-15895591:15895662-15895778:+,2,1.0,1.0,0.0,nan,nan
shi:X:15895662-15895778:15895846-15896074:15896147-15896304:+,2,1.0,1.0,0.0,nan,nan
shi:X:15895846-15896074:15896147-15896304:15896366-15896472:+,2,1.0,1.0,0.0,nan,nan
shi:X:15896147-15896304:15896366-15896472:15896707-15896763:+,2,1.0,1.0,0.0,nan,nan
shi:X:15896147-15896304:15896366-15896472:15897102-15897295:+,2,1.0,1.0,0.0,nan,nan
shi:X:15896366-15896472:15896707-15896763:15897102-15897295:+,2,0.0,0.0,0.0,nan,nan
shi:X:15896366-15896472:15897102-15897295:15898955-15899074:+,2,1.0,1.0,0.0,nan,nan
shi:X:15901823-15901916:15901978-15902117:15902190-15902332:+,2,1.0,1.0,0.0,nan,nan
shi:X:15901978-15902117:15902190-15902332:15903790-15905068:+,2,1.0,1.0,0.0,nan,nan
shi:X:15901978-15902117:15902190-15902332:15903790-15905667:+,2,1.0,1.0,0.0,nan,nan
shi:X:15901978-15902117:15902190-15902332:15905774-15906252:+,2,1.0,1.0,0.0,nan,nan
shi:X:15901978-15902117:15902190-15902332:15905774-15906716:+,2,1.0,1.0,0.0,nan,nan
sicily:X:11892289-11892403:11892730-11893355:11893590-11893745:+,2,1.0,1.0,0.0,nan,nan
sif:3L:5657913-5658290:5658343-5658547:5659429-5659681:+,2,0.0,0.0,0.0,nan,nan
sif:3L:5657913-5658290:5659429-5659681:5667822-5667942:+,2,1.0,1.0,0.0,nan,nan
sif:3L:5667822-5667942:5668006-5668141:5668691-5668884:+,2,1.0,1.0,0.0,nan,nan
sif:3L:5668006-5668141:5668691-5668884:5668964-5669082:+,2,1.0,1.0,0.0,nan,nan
sif:3L:5668006-5668141:5668700-5668884:5668964-5669082:+,2,1.0,1.0,0.0,nan,nan
sif:3L:5668691-5668884:5668964-5669082:5672055-5673265:+,2,1.0,1.0,0.0,nan,nan
sif:3L:5668691-5668884:5668964-5669082:5673067-5673265:+,2,1.0,1.0,0.0,nan,nan
sif:3L:5668691-5668884:5668964-5669082:5673094-5673265:+,2,1.0,1.0,0.0,nan,nan
sif:3L:5668700-5668884:5668964-5669082:5673094-5673265:+,2,1.0,1.0,0.0,nan,nan
sif:3L:5739444-5739726:5740104-5740207:5746468-5749599:+,2,1.0,1.0,0.0,nan,nan
sif:3L:5739465-5739726:5740104-5740207:5746468-5749599:+,2,1.0,1.0,0.0,nan,nan
slo:3R:24674411-24674569:24674770-24674881:24675167-24675318:+,2,1.0,1.0,0.0,nan,nan
slo:3R:24674770-24674881:24675167-24675318:24675633-24675800:+,2,1.0,1.0,0.0,nan,nan
slo:3R:24675167-24675318:24675633-24675800:24677244-24677335:+,2,1.0,1.0,0.0,nan,nan
slo:3R:24675167-24675318:24675633-24675800:24679486-24679577:+,2,1.0,1.0,0.0,nan,nan
slo:3R:24675167-24675318:24675633-24675800:24682308-24682399:+,2,1.0,1.0,0.0,nan,nan
sloth1:X:7011357-7011408:7011494-7011756:7011818-7012137:+,2,1.0,1.0,0.0,nan,nan
sloth2:X:7011357-7011408:7011494-7011756:7011818-7012137:+,2,1.0,1.0,0.0,nan,nan
smash:3R:4659579-4659676:4660239-4660399:4670797-4670850:+,2,1.0,1.0,0.0,nan,nan
smash:3R:4659579-4659825:4660239-4660399:4670797-4670850:+,2,1.0,1.0,0.0,nan,nan
smash:3R:4659579-4659893:4660239-4660399:4670797-4670850:+,2,1.0,1.0,0.0,nan,nan
smash:3R:4659579-4660399:4670797-4670850:4680779-4680837:+,2,1.0,1.0,0.0,nan,nan
smash:3R:4660239-4660399:4670797-4670850:4680779-4680837:+,2,1.0,1.0,0.0,nan,nan
smog:2L:4852864-4853016:4854398-4854728:4865148-4866130:+,2,1.0,1.0,0.0,nan,nan
smog:2L:4852864-4853016:4854435-4854728:4865148-4866130:+,2,1.0,1.0,0.0,nan,nan
smog:2L:4854398-4854728:4865148-4866130:4870478-4870717:+,2,1.0,1.0,0.0,nan,nan
smog:2L:4854435-4854728:4865148-4866130:4870478-4870717:+,2,1.0,1.0,0.0,nan,nan
sosie:3R:24838051-24838197:24839313-24839489:24839612-24839836:+,2,1.0,1.0,0.0,nan,nan
sosie:3R:24838051-24838197:24839313-24839489:24839612-24840488:+,2,1.0,1.0,0.0,nan,nan
spag:2R:24160288-24160871:24160929-24161214:24161279-24161503:+,2,1.0,1.0,0.0,nan,nan
spen:2L:159032-159819:160009-163001:164159-164234:+,2,1.0,1.0,0.0,nan,nan
spen:2L:159032-159823:162592-163001:183761-185082:+,2,1.0,1.0,0.0,nan,nan
spt4:2R:12633589-12633745:12633807-12633969:12634036-12634172:+,2,1.0,1.0,0.0,nan,nan
stai:2L:6109667-6110224:6113030-6113113:6121774-6121943:+,2,1.0,1.0,0.0,nan,nan
stai:2L:6109773-6110224:6113030-6113113:6121774-6121943:+,2,1.0,1.0,0.0,nan,nan
stai:2L:6113030-6113113:6121774-6121943:6122005-6122190:+,2,1.0,1.0,0.0,nan,nan
stai:2L:6121774-6121943:6122005-6122190:6122264-6122410:+,2,1.0,1.0,0.0,nan,nan
stai:2L:6122005-6122190:6122264-6122410:6122698-6122853:+,2,1.0,1.0,0.0,nan,nan
stai:2L:6122005-6122190:6122264-6122410:6122978-6123899:+,2,1.0,1.0,0.0,nan,nan
sxc:2R:5325804-5325999:5326063-5327791:5327848-5328028:+,2,1.0,1.0,0.0,nan,nan
sxc:2R:5326063-5327791:5327848-5328028:5329010-5329495:+,2,1.0,1.0,0.0,nan,nan
sxc:2R:5326063-5327791:5327848-5328028:5329010-5329555:+,2,1.0,1.0,0.0,nan,nan
tai:2L:9176358-9176380:9177122-9177630:9191615-9191813:+,2,1.0,1.0,0.0,nan,nan
tai:2L:9176358-9176380:9177125-9177630:9191615-9191813:+,2,1.0,1.0,0.0,nan,nan
tinc:3R:17813531-17813617:17836151-17836236:17851986-17852683:+,2,1.0,1.0,0.0,nan,nan
tna:3L:10873645-10873774:10873878-10874264:10874336-10874646:+,2,1.0,1.0,0.0,nan,nan
tna:3L:10873645-10873774:10873878-10874264:10874336-10875743:+,2,1.0,1.0,0.0,nan,nan
tna:3L:10873645-10873774:10873878-10874264:10874336-10876496:+,2,1.0,1.0,0.0,nan,nan
tow:3L:6942856-6943006:6944432-6944769:6946264-6946447:+,2,1.0,1.0,0.0,nan,nan
tow:3L:6942856-6943101:6944432-6944769:6946264-6946447:+,2,1.0,1.0,0.0,nan,nan
toy:4:1004470-1004618:1005807-1006009:1006066-1006288:+,2,1.0,1.0,0.0,nan,nan
toy:4:1004470-1004618:1005807-1006009:1006066-1007922:+,2,1.0,1.0,0.0,nan,nan
toy:4:992066-992246:996512-996749:997707-997883:+,2,1.0,1.0,0.0,nan,nan
trv:3R:28047571-28047721:28049319-28050306:28075677-28075764:+,2,1.0,1.0,0.0,nan,nan
trv:3R:28083230-28083622:28084463-28084616:28085405-28085762:+,2,1.0,1.0,0.0,nan,nan
trv:3R:28083230-28083622:28084463-28084616:28085426-28090740:+,2,1.0,1.0,0.0,nan,nan
tutl:2L:4284701-4285074:4295163-4295621:4299068-4299189:+,2,1.0,1.0,0.0,nan,nan
tutl:2L:4284759-4285074:4295163-4295621:4299068-4299189:+,2,1.0,1.0,0.0,nan,nan
tutl:2L:4295163-4295621:4299068-4299189:4303336-4303618:+,2,1.0,1.0,0.0,nan,nan
twr:3R:6658168-6658427:6659003-6659180:6659242-6659442:+,2,1.0,1.0,0.0,nan,nan
tyn:X:198052-198346:198434-198549:198610-199037:+,2,1.0,1.0,0.0,nan,nan
tyn:X:198052-198346:198434-198549:198610-199461:+,2,1.0,1.0,0.0,nan,nan
tyn:X:198052-198346:198434-198549:198610-200663:+,2,1.0,1.0,0.0,nan,nan
vtd:3L:27136946-27137236:27140119-27140242:27146395-27146574:+,2,1.0,1.0,0.0,nan,nan
vtd:3L:27140119-27140242:27146395-27146574:27146628-27146883:+,2,1.0,1.0,0.0,nan,nan
vtd:3L:27146395-27146574:27146628-27146883:27146945-27147695:+,2,1.0,1.0,0.0,nan,nan
vtd:3L:27146628-27146883:27146945-27147695:27156010-27156171:+,2,1.0,1.0,0.0,nan,nan
vtd:3L:27146945-27147695:27156010-27156171:27157810-27157999:+,2,1.0,1.0,0.0,nan,nan
vtd:3L:27147770-27147997:27156010-27156171:27157810-27157999:+,2,1.0,1.0,0.0,nan,nan
wac:3L:258176-258395:258451-258763:258823-259097:+,2,1.0,1.0,0.0,nan,nan
wac:3L:258350-258395:258451-258763:258823-259097:+,2,1.0,1.0,0.0,nan,nan
zfh2:4:501810-501857:503851-504138:515582-515631:+,2,1.0,1.0,0.0,nan,nan
zfh2:4:503851-504138:515582-515631:521473-523104:+,2,1.0,1.0,0.0,nan,nan
