chrom	donor	acceptor	strand	count
2R	12269436	12273766	1	8070
2L	22535064	22535617	-1	4995
3R	11215625	11215693	-1	4200
2L	21389080	21390052	1	4096
2L	10410052	10410241	1	4088
3R	30206722	30208093	-1	4005
3L	23093879	23094684	-1	3910
2R	16570385	16570626	-1	3884
3R	29863197	29863415	1	3590
2L	4457510	4457740	-1	3314
3L	8601843	8602103	1	3217
2R	9587707	9587777	1	3170
2R	22854859	22855445	1	3147
3L	3221284	3221467	-1	3133
2R	4187693	4187760	-1	3004
2L	9968248	9968317	1	2985
2L	19959692	19959751	1	2952
3L	1632455	1635186	-1	2869
2R	12199590	12199834	-1	2864
2R	10106453	10107467	1	2811
3L	9510159	9510465	-1	2768
3R	14626230	14626294	1	2737
2L	2753661	2756008	1	2382
X	9554929	9554996	1	2360
2R	24062302	24062388	-1	2218
3R	20822892	20823132	1	2158
3R	8822667	8822724	1	2110
2R	19443099	19443313	1	2087
3R	15955022	15955087	1	2005
2R	10094979	10095049	1	1930
2R	24903789	24903881	-1	1900
2R	24060994	24061150	1	1866
2R	21293875	21294054	1	1842
3R	8340090	8340428	-1	1833
3R	8823070	8823261	-1	1832
X	17143772	17144618	-1	1815
2R	7042148	7042580	1	1778
3R	4957224	4957290	-1	1776
3R	15266371	15266433	1	1766
3R	26255432	26256933	-1	1736
2R	21293790	21293850	1	1722
2L	6558592	6558939	1	1688
3L	1635238	1635301	-1	1639
2L	2756171	2756245	1	1627
4	1047391	1047453	-1	1607
X	15138914	15138979	-1	1597
2R	22607049	22607755	1	1519
3R	20822574	20822802	1	1508
3R	25246382	25246448	-1	1436
3L	268961	269097	1	1380
2L	8042126	8042440	-1	1350
3L	13043338	13043574	1	1348
3R	9778719	9778777	1	1320
2L	5327287	5327503	1	1312
3L	27267919	27268092	1	1245
2R	24905190	24905247	1	1208
2L	5071356	5071609	1	1169
3R	22899611	22914951	1	1162
2L	3467063	3467133	1	1155
X	17144717	17145016	-1	1120
2R	24030844	24030970	-1	1097
X	12016722	12016779	1	1089
2L	14963360	14971543	-1	1087
2L	13370565	13370624	-1	1076
2R	5603762	5603900	-1	1039
2L	2579427	2579483	-1	979
3L	12137779	12137838	-1	975
3R	22372383	22372469	1	956
4	354562	354680	-1	945
X	628687	628751	-1	935
2L	155785	155858	1	918
2R	24665184	24665237	1	906
3R	19412765	19415633	1	899
2L	6061124	6061187	-1	893
3L	24161180	24210021	1	883
X	7935440	7935499	1	869
2L	2856176	2856247	1	867
2R	21698305	21698388	-1	865
3L	17426080	17426139	1	864
3R	5596123	5596861	-1	862
3L	24210139	24253793	1	862
X	10213772	10214099	1	839
2L	2579568	2579619	-1	836
2L	5327677	5327744	1	835
3L	17425518	17425579	1	834
3R	15836287	15836355	-1	827
3R	15955206	15957591	1	822
2L	14616908	14616978	1	820
2L	4457290	4457375	-1	807
X	15902333	15903790	1	805
3L	19995503	19995629	1	804
2L	5985221	5985339	1	795
3L	23339681	23341457	1	783
2L	1612989	1613044	-1	775
2R	24047322	24047505	-1	769
3R	4284407	4295120	1	766
2L	19008544	19008949	-1	762
3R	5466028	5466153	-1	756
2L	10255015	10255078	-1	742
3R	8822126	8822469	1	741
3R	18706107	18712425	1	740
3L	4371905	4379421	-1	739
2R	5604013	5604244	-1	737
3R	4295287	4295568	1	732
2L	21388843	21388914	1	726
3R	29222482	29222546	-1	724
3R	23355570	23355634	-1	723
3R	5465732	5465800	-1	716
2R	1344382	1344451	-1	692
2R	21025756	21025816	1	688
2L	11803899	11806048	-1	685
2R	12259459	12260040	1	671
3L	23339370	23339430	1	662
3L	11200329	11200398	1	657
3L	13798506	13803062	-1	656
4	1141368	1143449	-1	648
3L	9429115	9429174	-1	645
4	281893	281948	-1	643
3L	20315304	20315398	1	639
2R	4187880	4187946	-1	638
2R	22664122	22664175	1	636
3L	17475136	17475410	1	636
2R	22801371	22801483	1	636
4	1047576	1047635	-1	626
2L	15749852	15750550	-1	622
3R	19218032	19218159	-1	619
3L	21575611	21575670	1	614
2R	24059134	24059196	1	613
3R	29149507	29149569	1	608
3L	17475595	17475651	1	604
3L	24079559	24131196	1	604
2R	16994354	16994411	1	601
3R	25246668	25247433	-1	596
3L	11200199	11200253	1	593
X	5673135	5673217	1	586
3L	24131238	24161131	1	586
X	15902118	15902190	1	583
2L	5045926	5046147	1	582
3R	11591308	11591995	-1	574
2R	10897418	10897472	-1	571
2L	10247774	10247852	-1	562
2R	16326065	16326135	-1	562
3L	12187112	12187173	1	562
3L	1661166	1661227	-1	561
2R	926683	926735	-1	559
X	19492998	19493057	1	550
3L	8307381	8307794	-1	541
2R	3933464	3938552	-1	540
2R	24665030	24665093	1	535
2R	4516320	4516378	-1	534
3R	31935392	31935666	-1	534
3L	21539168	21539244	-1	534
2R	23924756	23924818	1	532
2R	12264918	12269193	1	523
3R	22029149	22029216	1	511
3R	19643679	19643738	-1	510
3L	22833800	22835169	-1	509
X	10460849	10460920	1	508
2R	14172684	14172747	1	506
2R	10049645	10049753	1	504
2L	19514860	19514931	-1	503
3L	12143686	12143745	-1	502
2R	18522721	18522973	1	502
X	17633109	17633263	1	501
2R	21294162	21294231	1	492
X	6677576	6677652	-1	486
2R	16444123	16444669	1	483
3L	25120986	25121044	1	480
X	9159849	9159907	-1	476
3L	3717408	3718196	-1	469
2L	23312655	23312719	-1	465
3L	20771609	20771668	1	462
3R	11592013	11592367	-1	457
2L	8322242	8322309	-1	456
3R	16503172	16512964	1	455
2R	16326274	16326333	-1	443
3R	11339707	11370248	1	441
X	15084266	15084353	-1	434
3R	29378025	29382956	1	433
2L	5099674	5099737	-1	430
X	10460997	10461082	1	429
4	1129731	1130025	1	426
3L	24074311	24079465	1	424
X	1410122	1413418	1	422
X	12776799	12776869	-1	421
2R	23386046	23386117	-1	420
3R	4282835	4284226	1	417
3L	18869812	18869877	1	417
3L	17425641	17425910	1	415
3L	13356853	13357008	1	414
2R	14514457	14514804	1	414
3L	13016519	13016587	1	411
2L	7831660	7831734	1	410
2R	18523042	18523194	1	410
3L	1331171	1331280	1	408
3L	13023867	13024370	1	408
X	18813799	18819776	1	404
3R	19731280	19752529	1	403
2R	23880355	23880431	1	400
X	6772724	6772787	1	397
3L	3894115	3894169	1	396
2R	7151853	7151919	-1	395
4	282029	282436	-1	394
2R	20264433	20264493	1	394
2R	24044751	24044814	-1	390
4	249736	249790	-1	388
2R	1515837	1515890	-1	387
3L	25120819	25120894	1	383
2R	21690475	21690638	-1	380
2R	24065111	24065183	1	380
X	9163291	9165682	1	378
2R	14215703	14215951	-1	377
3L	22801742	22824041	-1	375
X	11703449	11703509	1	374
2L	2772654	2779185	-1	373
3L	10693507	10693706	-1	373
2R	10049905	10049960	1	372
2R	17867254	17867326	-1	372
3R	11370293	11371313	1	372
2R	24555572	24558030	1	371
4	1192653	1192706	-1	370
2L	2792372	2792482	-1	368
2R	9135706	9135765	-1	367
3L	24258637	24297681	1	366
3R	9446498	9447629	1	366
4	280240	280325	-1	363
X	10255591	10258878	-1	363
4	1124894	1124950	1	362
3L	1660858	1661109	-1	361
X	10258965	10259191	-1	360
2L	2787163	2792195	-1	360
2R	18614425	18614482	-1	360
3R	26257133	26257225	-1	358
X	11144483	11144614	1	358
2L	2856306	2856377	1	354
2R	24903590	24903698	-1	354
2R	22606641	22606934	1	354
X	16286613	16286676	1	352
3R	31935776	31936690	-1	352
2L	19587087	19600858	1	352
3L	2541404	2554058	-1	351
3R	22727492	22728843	1	351
3L	23094847	23094906	-1	351
3L	19924208	19924292	1	344
3R	6659181	6659242	1	343
2R	14623732	14623920	1	343
3L	2373068	2373129	-1	342
3L	12137945	12138016	-1	341
2R	18145275	18145342	1	340
2R	4727954	4728009	-1	339
X	12020139	12020535	1	335
2R	21658481	21658540	1	331
2L	11803675	11803785	-1	331
4	85934	87017	1	331
3R	18929565	18931144	1	330
3L	24253922	24258492	1	329
3R	25682292	25682356	1	328
4	1006010	1006066	1	328
2L	2787169	2792195	-1	327
2L	5984943	5985026	1	322
X	762992	764302	-1	322
3L	1577132	1592744	1	321
X	15176000	15177693	1	319
3R	24839490	24839612	1	318
X	4700450	4700741	1	318
X	1468383	1468447	1	318
3L	268701	268781	1	316
3L	2689939	2697696	-1	316
2R	14623979	14624157	1	314
X	13383624	13384300	-1	314
3L	1330965	1331280	1	312
2L	3145449	3145528	-1	312
X	8096835	8096901	-1	309
3L	25933411	25961360	-1	308
2R	10105826	10105941	1	307
3L	1876782	1876848	-1	304
3R	23759924	23759985	-1	304
3R	18248152	18248215	1	304
3L	22801742	22831937	-1	302
3L	23339477	23339534	1	301
3R	13133094	13154368	-1	300
X	4691845	4698297	1	300
X	18169785	18169989	1	299
X	8330142	8365490	-1	297
X	6602728	6605180	1	296
3R	25040149	25040212	1	296
2L	21627758	21627842	-1	296
3L	9141509	9141787	1	294
3L	7372520	7372581	1	294
X	575351	575471	1	293
2R	19067541	19089854	1	292
X	20917474	20923298	-1	292
3L	18869647	18869707	1	292
3R	9783960	9784224	-1	291
X	22995915	23004612	-1	291
X	5086202	5089342	1	290
X	15848005	15848886	-1	290
2R	13518140	13518538	-1	290
X	13746849	13750316	-1	289
3R	13636305	13636366	-1	289
3R	11335623	11339658	1	288
2R	21650793	21652437	1	286
4	1230119	1230306	-1	284
X	5671017	5671081	-1	283
2R	13158847	13159017	1	282
3L	17066841	17067137	-1	280
X	12832341	12868228	-1	278
3L	23748717	23748772	1	276
X	6672180	6672262	-1	276
3L	15162134	15162257	1	276
3R	3750540	3752167	1	276
2R	14234207	14234268	-1	276
2R	24061993	24062198	-1	275
3L	17849017	17849080	1	273
X	11435482	11435549	-1	273
3L	5668885	5668964	1	273
3L	9684459	9684522	-1	273
2R	14234343	14234443	-1	272
2L	5212151	5212213	1	272
X	19342358	19342419	-1	271
3R	9234665	9236810	-1	269
3L	3223928	3224314	1	268
2R	24559133	24559455	-1	267
3R	19029948	19030009	1	265
2R	16016265	16016331	-1	265
3R	31217178	31217740	-1	265
2R	12200040	12200116	-1	264
2L	1651713	1652775	1	263
2L	4944417	4944475	-1	262
4	1195791	1195842	-1	261
X	10255591	10256112	-1	261
3L	16405171	16405326	-1	260
2L	3145250	3145305	-1	258
2L	10264890	10264947	1	258
X	14837754	14837814	-1	257
4	1192771	1193560	-1	257
X	11091858	11091921	1	256
3L	1637270	1637723	-1	256
3R	12432223	12432287	1	256
3R	5553046	5553271	-1	255
X	6275171	6276228	-1	254
3R	4957443	4957501	-1	254
2R	16994217	16994282	1	253
X	10765536	10765605	-1	253
3R	30045625	30045687	-1	252
2L	12057148	12057215	1	251
4	85800	85853	1	247
2L	17475843	17475910	-1	247
2R	24905382	24905437	1	246
2L	13462201	13483447	1	245
X	10382511	10382582	1	244
2L	5520701	5521136	1	244
3L	6971354	6971426	1	242
2R	24875273	24875338	-1	242
2R	4408033	4427936	-1	242
2R	23386318	23386397	-1	242
X	11976507	11976604	-1	239
2R	16196573	16196692	1	238
2L	15750652	15750722	-1	237
3R	9515020	9515073	-1	236
2R	10897588	10897664	-1	235
3R	5335061	5349468	-1	235
3L	3221710	3221882	-1	235
2L	9797193	9797679	-1	234
X	15756237	15757856	-1	231
2R	8951893	8952002	1	231
4	310018	310079	1	231
3R	17909656	17914954	-1	230
2L	5519157	5519212	-1	230
X	11571109	11571169	1	230
3R	8819264	8819928	-1	229
2R	16764375	16765328	-1	229
3R	9678977	9679043	1	228
2R	16014046	16014114	-1	227
3R	30807668	30807734	1	227
X	6672336	6672620	-1	227
3L	21517791	21517846	1	227
4	154966	155027	-1	227
2R	14172523	14172584	1	226
X	16885802	16885967	-1	225
2L	4975101	4975153	1	223
X	4332841	4349004	1	223
3L	16671843	16672454	-1	222
2R	11381595	11381663	-1	222
3R	19094586	19094642	-1	221
4	1045249	1047264	-1	221
X	18390117	18390180	1	220
2R	8963556	8963615	-1	220
X	15849017	15849136	-1	218
X	14582356	14582499	-1	218
X	1411979	1413418	1	217
4	1057573	1057633	-1	216
3R	17073568	17073628	1	216
2R	13159104	13159534	1	216
3R	17073339	17073502	1	216
3R	4365891	4365949	1	215
2R	13580558	13580857	-1	215
2R	10736996	10737060	1	214
2R	18168139	18168208	1	213
3L	3072617	3073081	1	213
2L	11076865	11076927	-1	212
X	12776950	12777077	-1	212
4	1140902	1140960	-1	210
2R	4427998	4458023	-1	210
3R	29685348	29685410	1	209
3R	9487204	9493396	-1	209
2R	18446951	18447018	1	209
2L	8042614	8042823	-1	208
2L	11003239	11003511	-1	208
4	247229	249557	-1	208
X	12019942	12020007	1	207
3R	7889439	7889509	-1	206
2R	9793406	9806459	-1	205
2R	23444384	23456183	1	205
3L	9151113	9151254	-1	205
2L	8107439	8107748	1	204
2L	4392989	4393042	-1	204
3R	3735447	3744836	1	204
3L	11200064	11200131	1	204
2R	23378178	23382615	-1	203
X	8925697	8999380	1	203
X	16794924	16795195	1	202
2R	2053619	2118977	-1	201
X	9163399	9165682	1	201
4	442390	442864	-1	200
3L	20833870	20834002	1	200
3R	28603699	28605462	1	199
3R	21807735	21808617	-1	199
3R	22359761	22359837	1	199
2R	14756714	14756794	1	197
3R	30003415	30003480	1	197
2R	23548387	23548538	1	197
2R	11653084	11678206	-1	196
2R	14623470	14623687	1	196
X	5250575	5250729	1	195
X	6605280	6630705	1	194
3L	12746831	12746898	-1	194
3R	30419024	30419094	-1	194
X	4533344	4533525	1	194
2L	9889770	9889877	1	193
2L	8364126	8364188	-1	192
2L	4459208	4459266	-1	191
3L	3471857	3471927	-1	190
X	20255082	20255132	-1	190
3L	4255731	4255800	1	189
X	6276297	6276370	-1	189
2L	2856569	2856631	1	187
3R	4737379	4737473	-1	187
X	4360552	4360616	1	187
3R	16436299	16436361	-1	186
3R	10851489	10851549	1	185
3L	16672545	16673057	-1	185
X	1876912	1876969	-1	185
3L	13664875	13666386	-1	185
2R	19445380	19445928	-1	183
3L	2372464	2372526	1	183
2R	24559565	24559623	-1	182
3R	21267146	21267226	-1	182
3R	25868788	25869538	1	181
2R	17220104	17275410	1	181
2L	19047826	19047914	1	181
2R	7822486	7822549	-1	180
3L	1779311	1779385	-1	180
3R	16340763	16340822	-1	180
3R	18668803	18668872	1	180
2R	9433065	9433130	1	179
X	6289722	6289785	-1	179
3L	19997220	19997292	1	179
4	1140001	1140487	-1	179
2R	4727735	4727794	-1	178
X	15989477	15989854	-1	178
2R	11444628	11444684	1	177
3L	20028060	20028115	-1	176
2R	23905542	23905605	-1	176
X	5819203	5834351	1	175
X	628879	629382	-1	175
3L	9785181	9785242	1	174
X	15175552	15175811	1	174
X	17145133	17146798	-1	173
2L	5973675	5976611	-1	173
4	1143566	1143627	-1	173
3R	4430169	4430228	-1	173
2L	11225885	11235275	1	173
X	6531432	6531835	-1	172
3L	12200639	12200712	-1	171
4	1047730	1047823	-1	171
3L	11817317	11817389	-1	171
3L	3825751	3828388	1	170
2R	8141821	8141891	-1	170
2R	1596129	1596188	1	170
3L	17620358	17620419	-1	170
2L	21263124	21263648	1	169
2L	420147	420292	1	169
3R	24291043	24291104	1	169
2L	10342234	10342289	1	169
2R	23866386	23866440	1	168
2L	10976162	10976251	-1	168
2L	10976306	10976362	-1	167
3L	17067379	17067993	-1	167
2L	9870521	9877102	-1	167
2R	9841350	9841408	-1	167
3R	17915165	17916139	-1	166
3R	24291153	24291512	1	166
2L	12690556	12690619	-1	166
2R	4350768	4351118	-1	165
2R	4547055	4560361	1	165
2R	13969603	13969672	1	165
4	1124699	1124768	1	164
3L	13017350	13017404	-1	163
2R	5699989	5700043	1	163
2L	10224893	10224958	-1	162
2L	21261958	21262013	1	162
3R	21302413	21302778	1	161
X	4323156	4332796	1	161
2R	8900841	8900893	-1	161
2L	159820	160009	1	161
X	2008069	2008129	-1	160
2L	6557985	6558418	1	160
2R	7455232	7455302	-1	160
2L	20093247	20093318	-1	159
X	17939955	17940720	-1	159
2R	24066178	24066261	-1	159
3R	29490754	29490810	-1	159
X	20491395	20509366	-1	158
3R	25683384	25683473	1	158
3R	24520088	24520343	1	157
2R	16196603	16196692	1	157
X	9355179	9356212	-1	156
3R	25048791	25049272	1	156
3R	10044755	10044813	-1	154
2R	18155343	18155405	-1	154
X	10255591	10257668	-1	153
4	480239	480302	-1	153
X	8060159	8060877	-1	153
3L	17641256	17643363	-1	153
X	6511179	6523732	-1	153
2L	8995747	8995804	-1	152
2R	17717750	17719174	-1	152
4	352591	354351	-1	151
2R	14234343	14234693	-1	151
X	6038566	6038876	1	151
2L	11833374	11835090	-1	151
3R	14569366	14569424	-1	150
X	16294041	16294115	-1	150
X	15989951	15991083	-1	150
2R	14624221	14624403	1	149
2R	9096736	9096926	1	148
3R	5651803	5652381	1	147
3L	10593700	10593800	1	147
3L	19816282	19816346	-1	147
2R	23946521	23946601	1	146
2L	10266314	10266380	1	146
4	1245524	1245577	1	146
X	14828032	14829136	-1	145
2R	18658649	18658708	-1	145
2R	8428147	8428284	1	144
2R	9096439	9096671	1	144
2R	11100115	11105907	-1	144
2L	10264634	10264764	1	143
2L	8713020	8713089	-1	143
X	15896305	15896366	1	143
X	1681494	1681573	-1	143
2R	14230839	14230895	-1	143
2R	24158531	24158592	-1	142
3R	15264956	15265019	1	142
2R	24970549	24970605	1	142
3L	9113488	9123616	-1	142
2R	21025604	21025661	1	141
3L	16414957	16415021	1	141
2R	11443113	11444540	1	141
2R	16570849	16570917	-1	141
3L	25798743	25843725	-1	140
3R	12403594	12403651	-1	140
2R	9587229	9587447	1	140
2L	14040637	14041321	1	140
3R	15793152	15793210	1	140
4	872226	873214	-1	140
3R	5255620	5255682	-1	140
3R	30180652	30180802	1	139
2L	5044690	5045822	1	139
2R	24066314	24067163	-1	139
3R	18664998	18665068	1	139
3R	5667951	5668010	-1	138
X	2172706	2172806	1	138
3R	18248152	18248233	1	138
X	17878517	17886404	-1	137
3R	30435600	30435657	-1	136
2R	12922811	12922879	1	135
4	460142	460203	-1	135
3R	5602931	5602990	1	135
2R	16761808	16761870	-1	135
3R	20750355	20752346	1	135
2R	24064872	24064993	1	135
2R	24599498	24599617	-1	134
3L	9108074	9108132	-1	134
2R	7152064	7152258	-1	134
2L	10981429	10981487	1	134
3R	23959389	23959456	1	133
4	353979	354351	-1	133
3R	11333554	11339658	1	133
4	1117906	1117968	-1	133
3R	3623706	3626910	1	133
3L	11620666	11621214	-1	133
2R	21511969	21512093	1	133
2L	16249707	16250081	-1	132
2R	15566968	15567029	-1	131
2L	11211964	11225694	1	131
3R	9778197	9778619	1	130
3R	11564372	11564440	-1	130
2R	11358272	11358336	-1	130
3R	20850944	20851031	1	130
3R	24761329	24761390	-1	129
3R	7806771	7806912	-1	128
3R	11591308	11592367	-1	127
3R	11215970	11216259	-1	127
3L	20515624	20515725	-1	127
X	14322916	14324738	1	127
2L	10308476	10308548	-1	126
2R	3190805	3190861	1	126
3R	5607593	5607684	-1	126
2R	9846906	9847073	-1	126
2R	23544554	23544625	1	126
3R	23959211	23959280	1	126
X	11057801	11058365	-1	125
X	11456488	11456655	1	125
2L	16328350	16328412	-1	125
X	11369800	11373817	1	125
3R	5593186	5593247	1	125
4	116631	116686	-1	124
2L	2747253	2747311	-1	124
3R	12703813	12703876	1	124
3L	27988703	28012381	-1	124
4	464741	464797	-1	124
2L	2360570	2360633	-1	124
3L	16126276	16126342	-1	124
X	7287847	7287911	1	123
3R	28890101	28900824	1	123
3R	22487720	22487781	1	123
3L	16586388	16586441	-1	123
3L	1499880	1500245	-1	123
3R	24519882	24519940	1	123
3R	9358177	9358256	1	123
2L	8162064	8162123	-1	122
3R	20752376	20753509	1	122
3R	14512404	14512464	1	122
3R	24947155	24947263	1	121
3R	18730524	18730730	1	121
3R	15959549	15959742	1	121
3L	268460	268563	1	121
3R	23678165	23678238	1	121
4	251526	252055	-1	121
2R	21658110	21658346	1	120
3L	11629505	11629581	1	120
3L	1861677	1862061	-1	120
3R	8798047	8799462	-1	120
4	564663	565410	1	120
3L	5739727	5740104	1	119
X	13784277	13785707	1	119
3R	21308095	21308373	1	119
X	575363	575471	1	119
3R	25109470	25109528	-1	119
X	10159057	10186521	1	119
X	21036638	21038746	1	119
X	8874112	8874189	-1	119
X	16286450	16286565	1	119
3R	5625131	5625514	1	119
2R	18119964	18120024	-1	119
X	13750456	13750586	-1	118
2L	14357938	14358006	1	118
X	10213486	10213560	1	118
X	20315950	20329163	-1	118
X	11434815	11435383	-1	118
3L	17844895	17845754	-1	118
2R	20672270	20672340	1	117
2R	12517589	12517641	-1	117
3R	24659955	24660011	1	117
4	177993	178778	-1	117
3L	21280790	21280851	-1	117
2L	21157648	21157711	-1	116
2L	1139764	1139832	1	116
2R	7010046	7010103	-1	116
3L	9429326	9429695	-1	116
X	13968074	13985214	-1	115
2R	16326431	16326493	-1	115
2L	17409794	17409856	-1	115
3R	19647132	19647213	-1	115
2L	7885805	7885877	1	115
3R	30045787	30046134	-1	115
2L	18215847	18246025	-1	115
2L	5058677	5058786	-1	115
2R	24940014	24940072	-1	114
3R	13402771	13402839	-1	114
2L	6122191	6122264	1	114
X	9249702	9249773	1	114
2R	5604517	5604583	-1	114
X	11091628	11091725	1	114
2R	7673984	7674044	-1	114
3L	9070648	9070705	-1	114
X	13564334	13575902	1	114
3L	12137296	12137353	1	114
3L	28012484	28012537	-1	114
2R	17456716	17456784	1	113
2R	16753538	16753599	-1	113
2R	12436663	12436719	1	113
3L	24167812	24210021	1	113
3R	25276061	25276126	-1	113
3R	29934752	29934811	-1	113
2L	18246108	18270988	-1	113
3L	10664169	10664228	1	113
X	15928173	15928232	1	112
X	18908375	18908884	1	112
4	564480	564541	1	111
3R	5356129	5356425	1	111
2L	9272608	9291056	1	111
3L	17799553	17801892	-1	111
2R	19629071	19631037	-1	111
3R	10408876	10408939	-1	110
4	189249	189998	-1	110
3R	15222451	15222508	-1	110
2L	16001255	16013953	1	110
X	1682929	1683097	-1	110
2R	6698386	6698446	1	110
3L	19588772	19588831	1	110
2L	5055541	5055631	1	109
2L	1166923	1166983	1	109
2R	13220456	13220766	1	109
2L	19009138	19009205	-1	109
2L	14042235	14060958	1	109
2R	7393790	7393848	-1	108
2R	4458518	4470770	-1	108
2R	12607051	12607124	1	108
2L	5539645	5539707	-1	108
2L	10241781	10241846	1	108
3R	24814635	24814698	1	108
3L	25120797	25120894	1	108
3R	23983911	23984369	1	107
2L	15065457	15066937	-1	107
3R	4240715	4240878	1	107
3L	2689933	2697696	-1	107
3L	12785414	12785471	-1	107
2L	23067084	23067145	-1	107
2L	8306841	8306906	-1	107
X	15735322	15735389	1	107
3R	7859052	7859216	-1	107
3R	6361912	6362005	-1	107
3L	24728509	24734036	1	107
2L	8054594	8054657	-1	106
3L	27421015	27441599	1	106
X	3338817	3338970	1	106
2R	17572524	17572652	-1	106
2R	15858011	15858190	-1	106
4	1050610	1053498	-1	106
3R	25048604	25048665	1	106
2R	2499041	2508133	-1	105
2R	20255139	20255197	-1	105
3R	11680590	11680645	1	105
2L	18987989	18988057	1	105
3L	16590295	16590352	-1	105
3L	1035957	1036032	1	105
X	12939243	12941720	1	105
3R	28928110	28969331	-1	105
3R	21018075	21018130	1	104
3R	25278711	25278773	-1	104
3L	20028186	20028245	-1	104
2R	16007026	16007087	-1	104
2L	4978708	4978776	-1	104
3R	23072729	23073864	-1	104
2R	21151085	21153885	-1	104
2R	23880061	23880154	1	103
3L	16610830	16610892	-1	103
2L	20648014	20648189	1	103
3R	9418001	9419783	1	103
2R	5604412	5604468	-1	103
2L	5520546	5520619	1	103
4	132288	133186	1	103
2L	1717230	1717598	-1	103
3R	11416421	11416480	-1	103
3L	16616566	16621841	-1	102
2L	10341933	10342150	1	102
3R	14034326	14034380	1	102
X	4546825	4547386	-1	102
2L	11076862	11076927	-1	102
3L	13537997	13538246	-1	101
X	17668664	17668751	1	101
3L	4918862	4919101	1	101
3L	2263295	2263356	1	101
2R	16924791	16926346	1	100
3R	12705504	12705566	1	100
3R	6566878	6592884	-1	100
4	1243653	1243719	1	99
2R	18614604	18614665	-1	99
X	4360706	4361966	1	99
3R	25887020	25887111	1	99
3R	5564341	5564406	-1	99
3L	20833658	20833730	1	99
3L	25924457	25933196	-1	99
3L	5361989	5362103	1	99
2L	18271928	18275463	-1	98
2L	23312889	23312948	-1	98
2R	4322716	4322776	-1	98
3R	7067730	7067788	1	98
4	352591	353943	-1	98
X	6870992	6872716	1	98
3R	22583642	22583699	-1	98
3R	21308155	21308433	1	97
3R	12561805	12595395	-1	97
3R	7889672	7901384	-1	97
2R	23950570	23952153	1	97
3L	7975688	7975762	-1	97
3L	3071190	3073081	1	97
X	7011757	7011818	1	97
2R	6674728	6674781	1	97
2L	19516034	19516441	-1	97
X	10870845	10870904	-1	97
2R	14234560	14234693	-1	96
X	10186739	10188139	1	96
2L	10264886	10264947	1	96
3R	11379290	11388392	-1	96
3R	16644384	16644548	1	96
3R	7192971	7198328	1	96
X	1680109	1681400	-1	96
3R	25306702	25306762	-1	96
3L	5168303	5170187	-1	96
3R	15957177	15957591	1	96
3R	17675012	17675075	-1	96
X	2008290	2008351	-1	96
3R	13636526	13636971	-1	95
X	2250388	2250444	-1	95
3R	23983734	23984305	1	95
3L	5811980	5812065	1	95
3L	7641028	7641086	-1	95
3R	21603574	21618727	-1	95
3L	20881811	20884990	-1	95
2L	13367068	13367131	1	95
2R	14623246	14623417	1	95
2L	6525821	6525883	1	94
2R	6756482	6756543	-1	94
2R	12633970	12634036	1	94
2L	13240910	13241504	1	94
2L	10203033	10203384	-1	94
3R	22583524	22583595	-1	94
2R	12655398	12655462	1	94
2L	16250159	16257076	-1	93
2L	14040466	14041321	1	93
2R	9096203	9096383	1	93
3L	9429728	9429792	-1	93
3L	5918166	5918360	-1	92
2R	8911371	8911426	-1	92
3L	11624781	11624851	-1	92
3R	20580491	20580553	1	92
X	8408325	8408388	-1	92
3L	19994736	19994808	1	91
3R	18165050	18165174	1	91
3L	3941305	3941372	-1	91
3R	4737253	4737314	-1	91
2L	21385398	21388503	1	91
3R	4284407	4295129	1	91
3R	24049365	24049419	-1	91
3R	13381504	13381563	-1	91
2R	926903	926972	-1	91
2R	12759344	12759399	1	90
2L	3989801	3991548	-1	90
3L	25969628	25977967	-1	90
2R	19236844	19236942	1	90
2R	6633949	6634011	-1	90
X	18169568	18169696	1	90
X	6686649	6686713	1	90
3R	21132945	21133000	-1	89
2R	7156725	7156791	-1	89
4	280538	281724	-1	89
2L	10328411	10328472	-1	89
2R	24052750	24052802	1	89
4	320039	328162	1	89
3R	24529504	24529563	1	89
2R	10101098	10104256	1	88
4	564663	565407	1	88
X	21037995	21038746	1	88
3R	25291690	25291748	-1	88
3R	25679481	25679593	-1	88
3L	10481946	10506070	1	88
2L	6949533	6949591	-1	88
3L	9094207	9094569	1	88
3R	9506200	9506258	-1	88
3L	5161602	5162456	-1	88
2R	24116062	24116118	1	88
2R	4720211	4722147	-1	88
2R	13853116	13853181	-1	87
4	855636	855686	-1	87
2L	21382331	21384455	1	87
3R	23607050	23607525	-1	87
3R	25352193	25354149	-1	87
3R	21865962	21866025	1	87
3L	27332347	27350220	1	87
3R	27680596	27680653	-1	87
3R	21308150	21308428	1	87
2R	16105183	16105717	1	87
3R	25516350	25519261	1	86
2R	5832378	5846593	1	86
3R	9786449	9786585	1	86
3L	11621423	11621483	-1	86
3R	22792001	22792390	1	86
3R	14625816	14626026	1	86
3R	25742013	25742154	-1	86
X	16640031	16640093	-1	86
3R	14279542	14286209	-1	86
3R	25682432	25683058	1	85
2L	13001505	13001560	-1	85
3R	30003905	30003990	-1	85
3L	9510652	9511056	-1	85
2R	9480133	9490610	1	85
X	8712113	8712183	1	85
3L	541960	542017	1	85
X	9606554	9606620	-1	85
3R	9487204	9493011	-1	85
2R	7044404	7044460	1	85
2R	23985696	23985763	-1	85
2R	19398806	19399026	-1	85
3R	8341658	8341716	1	85
2L	10341164	10341226	1	84
2R	19470813	19470872	1	84
4	860382	860440	-1	84
2L	14040395	14041321	1	84
2L	2798837	2799909	-1	84
3R	15936341	15951602	1	84
2L	4994445	4994508	-1	84
3R	11994756	11994964	-1	83
3L	5923293	5923356	1	83
2R	24036915	24036975	-1	83
X	1879351	1879412	-1	83
2R	11279126	11279191	-1	83
3L	16405429	16405502	-1	83
3L	24131238	24167763	1	83
3R	4365542	4365702	1	83
X	1682782	1682863	-1	83
4	427712	429497	1	82
3R	9234665	9236606	-1	82
3R	15303223	15308031	1	82
3R	21308159	21308437	1	82
2L	10269551	10269613	1	82
2L	21388670	21388732	1	82
X	4658537	4659735	-1	82
2R	18636272	18636340	-1	82
3L	4429716	4432386	1	81
3R	9786321	9786377	1	81
3R	15955206	15956865	1	81
2R	9096992	9097242	1	81
3L	21628136	21628193	1	81
3R	6531784	6531946	-1	80
2R	21658110	21658351	1	80
3R	23983946	23984290	1	80
2R	18728019	18728081	-1	80
3L	9113488	9129897	-1	80
2R	13948111	13948177	-1	80
X	15850711	15851088	-1	80
3R	25039957	25040022	1	80
2R	10107861	10107969	1	80
3R	4295701	4297488	1	80
3R	26048436	26048498	1	80
3R	13031270	13031335	1	79
2L	10214056	10214125	-1	79
2L	22257903	22257960	1	79
2L	8107174	8107238	1	79
4	212730	212791	1	79
2L	3031894	3031954	1	79
3R	24675319	24675633	1	79
2L	12713587	12713650	-1	79
2R	23191605	23203517	-1	78
2R	16198947	16199007	1	78
2L	10745710	10745782	-1	78
2L	15006261	15006318	1	78
2R	4728125	4728180	-1	78
2R	22129931	22129991	1	78
X	13385596	13385661	1	78
2L	16247187	16247253	-1	78
2R	16105798	16105860	1	78
X	18887213	18887300	1	78
2R	23924550	23924616	1	78
4	915554	915617	-1	78
2L	4994278	4994339	-1	78
X	15888497	15889302	-1	78
3R	5357284	5357355	-1	78
3R	13710154	13710309	-1	78
3L	21635770	21635987	1	78
3L	1632455	1634505	-1	77
3R	8388801	8389977	-1	77
2L	10266111	10266198	1	77
2L	9164849	9165020	1	77
3R	13011749	13019342	1	77
2L	21139943	21140009	-1	77
3L	25874385	25924296	-1	77
3L	21845258	21845346	1	77
3L	9108192	9112634	-1	77
2R	5805455	5832347	1	76
X	13381044	13384300	-1	76
3R	3585314	3585369	-1	76
2L	5099914	5100010	-1	76
2R	14757179	14757241	-1	76
2R	18155492	18155892	-1	76
2R	15456560	15456660	1	76
3R	18248152	18248218	1	76
2R	11444761	11446133	1	76
X	17822351	17822427	-1	76
2L	14040222	14041321	1	76
2R	15211069	15211577	-1	76
2L	8210104	8210353	-1	75
2L	6069490	6069559	1	75
2R	24599700	24599767	-1	75
2L	9698234	9699115	-1	75
2R	16443758	16443908	1	75
2R	4379156	4407981	-1	75
2L	5652181	5658395	-1	75
X	19329721	19329790	-1	75
3R	21302778	21303607	1	75
3R	16573401	16573533	-1	75
3L	1724226	1730525	-1	75
2L	1974992	1975061	1	75
2R	16045391	16045451	1	75
3L	20024288	20024349	1	75
3R	13642428	13642512	-1	75
3L	5567604	5567732	-1	75
3R	7145582	7151051	1	74
3L	1637273	1637723	-1	74
3L	2499624	2499691	-1	74
2R	7467051	7467483	-1	74
X	8721110	8721234	1	74
3R	23984101	23984362	1	74
X	2634026	2641590	1	74
3R	4737781	4739511	-1	74
3L	11817317	11818088	-1	74
X	10709037	10709088	1	74
2R	12757232	12757298	-1	74
2L	21638117	21638230	1	74
2L	2312180	2323383	1	73
3R	23355786	23355981	-1	73
3L	1599915	1599979	1	73
3R	20749831	20750225	1	73
X	11615447	11615518	-1	73
2R	17702599	17702779	1	73
3R	24290888	24290945	1	73
2L	10745572	10745635	-1	73
X	16528120	16533059	-1	73
2L	19032382	19032435	-1	73
3L	21828005	21828071	-1	72
2R	17003791	17003851	-1	72
3L	19806633	19806686	1	72
3R	11224248	11224491	1	72
2R	6809357	6809424	-1	72
X	625106	625166	-1	72
3L	11563101	11563303	1	72
3L	20844549	20845929	-1	72
4	915719	915837	-1	71
2R	10805514	10805575	-1	71
2R	17266212	17275410	1	71
3R	21307584	21308418	1	71
2R	18447612	18449472	-1	71
3R	9295552	9295686	-1	71
X	15919687	15919744	1	71
3R	29137524	29137584	1	71
2R	18477024	18496747	-1	71
2L	10402563	10402631	1	71
3L	15812898	15813246	-1	71
3R	14891877	14891951	1	71
3R	9234665	9237615	-1	70
3R	25682046	25682105	1	70
X	8275209	8275268	1	70
3L	13859749	13859806	1	70
2L	18951347	18951407	-1	70
2L	8307069	8307147	-1	70
2R	17546167	17546240	1	70
2L	141341	141396	-1	70
3L	27420842	27420901	1	70
3R	20481631	20483977	-1	70
3R	10784924	10786158	1	70
X	17953157	17953223	-1	70
3R	14035279	14035444	-1	70
X	15896075	15896147	1	70
X	18381774	18381864	-1	70
2L	20054737	20054879	1	70
2R	3182520	3190636	1	70
3L	9413318	9413391	1	69
2L	3041398	3041453	1	69
2R	21087859	21087938	1	69
3R	21308092	21308370	1	69
2R	12594069	12606915	1	69
2L	16309931	16310000	-1	69
3L	21289547	21289606	1	69
3L	9400034	9400097	-1	69
2L	7064198	7064253	1	69
X	3952222	3952767	1	69
2R	10121754	10121815	-1	69
2L	566625	566680	-1	69
3L	1661593	1663920	-1	69
2R	9841476	9841540	-1	69
2L	6680115	6680175	-1	69
4	1057754	1057807	-1	69
4	87167	94423	1	68
X	11974340	11976403	-1	68
3L	20295993	20296085	-1	68
2R	18718557	18718712	1	68
3L	21540201	21540269	1	68
2R	10461226	10461290	1	68
2L	19603914	19604846	-1	68
2L	5327351	5327503	1	68
2L	10766131	10766191	-1	68
3L	9107696	9107956	-1	68
2L	10269709	10269763	1	68
2R	21652564	21652913	1	68
3L	2665382	2665911	-1	68
2L	3758920	3758981	1	68
3R	30054347	30054410	1	68
3R	14733635	14733700	-1	68
3L	23716321	23716373	1	67
3L	4224852	4224927	-1	67
2L	7429685	7429743	1	67
2L	13639797	13639860	-1	67
3R	25024744	25024800	-1	67
2L	5051571	5051637	-1	67
3R	20850628	20850855	1	67
2R	16099016	16099079	1	67
2R	20476252	20477884	1	67
3L	20713878	20715553	-1	67
4	855841	860307	-1	67
2R	23922579	23922641	1	67
3L	1330291	1330863	1	67
3R	19218339	19218402	-1	67
2R	22414283	22414408	-1	67
3R	8000664	8000724	1	67
X	18791245	18791301	1	67
X	23473471	23535023	-1	67
3R	11239628	11239896	1	66
2R	9581418	9581486	1	66
2R	12590746	12590915	1	66
4	82747	85712	1	66
3R	18978584	18978644	-1	66
2R	23061781	23061846	-1	66
3L	15493331	15493469	-1	66
3L	27156172	27157810	1	66
3L	19589343	19589403	-1	66
3R	17041706	17041763	1	66
3L	8241195	8248558	1	66
2L	13370764	13370842	-1	66
2L	4295622	4299068	1	66
2R	6627675	6627732	-1	65
X	12204410	12229666	1	65
X	16331726	16331809	-1	65
X	19353654	19362967	1	65
3L	4261306	4261362	1	65
3R	16471070	16471129	1	65
3R	16482048	16482104	-1	65
2L	5071158	5071227	1	65
3L	4429503	4429566	1	65
X	16451560	16451919	1	65
3L	17065709	17066625	-1	65
3R	11246394	11246458	1	65
3R	24814493	24814553	1	65
2L	8365329	8365389	1	65
3L	2963452	2963560	1	65
X	15828503	15828563	-1	65
X	14240521	14240588	-1	65
3R	25064797	25064861	-1	64
2L	8083637	8089185	1	64
2R	10067373	10067438	-1	64
2R	9143001	9143059	-1	64
3R	5793577	5793641	-1	64
3R	18197121	18199207	-1	64
2L	110484	110755	1	64
2L	17410031	17410088	-1	64
3R	23759296	23759358	1	64
X	2635032	2641125	1	64
3R	10865648	10866529	-1	64
2R	4757749	4757802	1	64
3L	11494957	11495017	1	64
2R	12038612	12038677	1	64
2R	21061207	21061267	1	64
2R	17702842	17703021	1	64
3R	4240525	4240589	1	64
2R	21461360	21480091	-1	64
2L	2772654	2779187	-1	64
2R	14946091	14946150	-1	64
2R	10532120	10532181	-1	64
3R	15358808	15359066	1	64
3L	27332109	27332169	1	63
4	1193655	1193708	-1	63
3L	23211161	23216063	1	63
3L	3221982	3222927	-1	63
X	7893491	7893750	-1	63
3L	12498688	12498749	-1	63
3L	22867855	22867907	-1	63
3R	20204979	20206198	1	63
3R	11329957	11339658	1	63
2L	19432064	19432124	1	63
2R	11986963	11987027	-1	63
3L	4089215	4090039	1	63
3R	8242577	8242680	-1	63
3L	20515787	20515861	-1	63
2R	1264842	1265171	1	63
2R	24574216	24574284	1	63
2R	8729880	8730064	-1	63
2L	2785673	2787054	-1	63
X	11435667	11435729	-1	63
X	9112093	9112163	1	63
X	11722409	11722534	1	62
2R	13497152	13497368	-1	62
3L	19994952	19995374	1	62
X	11976825	11976889	-1	62
3R	30518574	30519647	-1	62
3R	15301074	15303153	1	62
2L	21628210	21629667	-1	62
X	10708835	10708896	1	62
4	480692	480776	-1	62
3L	2872751	2878533	-1	62
4	560584	560718	1	62
3R	5489091	5489144	1	62
3R	24489801	24490818	1	62
3L	13356644	13356727	1	62
2L	10007504	10007567	1	62
3R	20822274	20822418	1	62
3L	15879397	15893620	-1	62
2R	18833785	18833965	-1	62
2L	11806158	11809126	-1	62
3L	14998119	14998180	-1	61
X	22468001	22468112	1	61
2R	12574978	12575042	1	61
3R	5489274	5489367	1	61
3L	17128972	17147107	-1	61
2R	10532895	10533118	-1	61
2R	19399094	19407841	-1	61
3R	4486892	4486948	1	61
3R	8006149	8006217	-1	61
3L	20860427	20881630	-1	61
2R	24701210	24714471	-1	61
3L	3088120	3088192	1	61
3R	4328018	4328137	-1	61
3R	12547705	12547911	-1	61
3L	6957285	6957352	-1	61
2R	19407913	19407975	-1	61
3R	12693762	12693830	1	61
X	18028006	18028076	1	61
X	15958591	15961986	-1	61
2L	16731578	16731643	-1	61
X	15095029	15095087	1	60
2R	24891920	24892287	1	60
3R	27568592	27580157	-1	60
3R	25700027	25701309	-1	60
X	9507263	9510160	-1	60
X	2471195	2472952	-1	60
2R	5604651	5604710	-1	60
2R	20645583	20645653	1	60
X	2074972	2075038	-1	60
3L	18955116	18955208	1	60
2R	16925746	16926346	1	60
3L	23326761	23327494	-1	60
3L	19265444	19266594	1	60
4	873572	873635	-1	59
3R	3585511	3586866	-1	59
2R	16183538	16183603	1	59
X	15888269	15888344	-1	59
2L	340856	342579	1	59
2R	24691713	24691776	-1	59
3R	20973739	20973811	1	59
2R	16986751	16994160	1	59
X	15299584	15305829	1	59
X	4930066	4937975	-1	59
3L	3148688	3149628	1	59
2L	1177192	1177256	1	58
3R	9399941	9399997	-1	58
2L	6125756	6125824	1	58
4	892841	892894	-1	58
3R	1342318	1454572	1	58
X	14322916	14324735	1	58
2L	5548710	5549444	1	58
2L	6122411	6122978	1	58
X	5250275	5250423	1	58
2L	8369031	8369716	1	58
2L	13019730	13019798	-1	58
2L	20827158	20827497	1	58
3L	12753345	12753405	-1	58
3L	6737287	6737353	-1	58
2R	20329198	20329264	1	57
X	20792545	20792605	-1	57
2L	14088862	14089108	1	57
2R	24781961	24782019	-1	57
2R	18430886	18431173	-1	57
X	15875206	15875268	1	57
3R	17073184	17073238	1	57
2L	9791695	9791755	1	57
4	1049247	1050298	-1	57
3L	201759	201817	1	57
2R	18277856	18277930	1	57
3R	24653040	24653098	1	57
3R	23984106	23984367	1	57
2L	20788116	20788403	1	57
X	11062269	11062331	-1	57
2R	14173304	14173369	-1	57
3R	23818612	23818981	-1	57
X	15139115	15139252	-1	57
2R	10049900	10049960	1	57
X	13688572	13701097	-1	57
X	13738911	13738986	1	56
3R	5226979	5227324	1	56
X	5176789	5186903	1	56
X	16287240	16287958	-1	56
2L	10918019	10918114	-1	56
2L	2360394	2360456	-1	56
X	11144250	11144320	1	56
2L	10332675	10332739	1	56
3L	12771316	12771372	-1	56
3L	21025549	21027388	-1	56
3L	9510159	9510282	-1	56
2R	8142029	8142099	-1	56
2R	16925038	16926346	1	56
4	1144114	1146470	-1	56
3L	3460099	3460172	-1	56
2R	14946418	14946477	-1	55
2R	24060750	24060813	1	55
2L	2772646	2779175	-1	55
3L	4578870	4579447	1	55
3R	29934090	29934239	1	55
2L	16973698	16976490	1	55
3R	10678072	10678347	-1	55
X	16286135	16287158	-1	55
2R	22887249	22887307	1	55
2L	8428068	8430281	1	55
3L	2941625	2944023	1	55
X	13335874	13335960	-1	55
X	15340992	15341086	-1	55
2R	18133113	18133871	-1	55
3R	20823740	20823803	-1	54
3L	15512737	15512796	1	54
3R	11409149	11409210	-1	54
2L	2793588	2793648	-1	54
2R	19574067	19574144	-1	54
X	5672523	5672998	1	54
3R	17813618	17836151	1	54
3L	25977	26030	1	54
2L	15032184	15032635	1	54
2R	20255349	20255408	-1	54
4	178881	178937	-1	54
3R	8675518	8675573	-1	54
2R	4235939	4235995	-1	54
3R	21308088	21308366	1	54
2R	10365262	10381104	-1	54
3R	17836237	17851986	1	54
X	1880947	1881020	1	54
3R	31745591	31745770	-1	54
2L	2768227	2768286	1	54
2L	8088454	8089185	1	54
2R	8464797	8464864	1	53
3R	4292073	4295129	1	53
2R	11279279	11279339	-1	53
3L	314318	318991	-1	53
3L	22866031	22867111	1	53
3R	22782159	22784467	1	53
2L	19033931	19033989	-1	53
2L	10222144	10222202	1	53
3L	7931791	7932038	-1	53
3R	23514146	23514209	-1	53
3L	16819305	16819368	1	53
3L	257202	257553	-1	53
3L	27083594	27083724	-1	53
2R	17217076	17220055	1	53
2R	16924978	16926346	1	53
3L	8441719	8442333	-1	53
2L	1179070	1179127	1	53
3L	3817722	3817784	1	53
4	1130184	1130383	1	53
3R	19240839	19241654	-1	53
3L	20846023	20846090	-1	53
X	11980158	11980763	-1	53
3L	19588614	19588680	1	53
3R	11591308	11592360	-1	53
3R	29316170	29316237	-1	52
X	928486	928550	1	52
2R	17425413	17425470	1	52
2L	3723257	3723636	1	52
2L	6587144	6600611	-1	52
3L	5766717	5766776	1	52
3R	12996625	12996682	1	52
3L	4327171	4327233	-1	52
2L	10282280	10282345	-1	52
2L	9889571	9889632	1	52
X	5176463	5177567	1	52
4	560412	560471	1	52
3L	20713301	20713484	-1	52
X	2705926	2705994	1	52
4	1117215	1117851	-1	52
2L	10840797	10840867	-1	52
3L	18870561	18870614	1	52
3L	8599767	8599831	-1	52
3R	23578799	23578879	1	52
2R	11294786	11295494	-1	52
X	12203979	12204139	1	52
2L	19600932	19611304	1	52
3R	24163161	24163218	-1	52
3R	23983905	23984369	1	52
3L	12746237	12746297	1	51
3R	21821024	21822483	-1	51
2R	21170239	21170301	-1	51
3L	8307965	8308092	-1	51
2R	1595985	1596036	1	51
4	671167	680440	1	51
X	6485528	6511133	-1	51
3L	1617622	1617707	-1	51
3R	20652785	20653151	-1	51
3L	11620666	11620923	-1	51
X	16365514	16365587	1	51
3R	10853590	10853651	-1	51
2R	15140096	15140471	1	51
X	15850429	15850546	-1	51
4	631895	632028	1	51
3L	7329364	7329429	1	51
X	3481345	3482026	-1	51
3R	9792758	9792813	1	51
4	565516	565601	1	51
3L	5170441	5184215	-1	51
3R	13021308	13021420	1	51
3R	11232269	11232341	1	51
2R	17871662	17871905	-1	51
3L	16492104	16492171	-1	51
2R	9417572	9417633	1	51
2R	5327792	5327848	1	51
3R	24717713	24717796	1	50
3R	26581023	26582665	1	50
2L	6490374	6490439	-1	50
3L	11723132	11727874	1	50
2L	20969524	20993233	-1	50
3L	22865825	22865878	1	50
3L	5136011	5136078	-1	50
3R	14522747	14522814	1	50
X	6276459	6276532	-1	50
3L	22869247	22869346	-1	50
3R	18590428	18590521	1	50
3R	19241711	19242525	-1	50
2L	8083522	8089185	1	50
3L	17044156	17044218	1	50
3R	27967202	27967269	-1	50
X	20772774	20773152	-1	50
3L	1635460	1635534	-1	50
3L	19232573	19234805	-1	49
2L	9894133	9894331	-1	49
3L	7163507	7163752	-1	49
2L	8198549	8198613	1	49
X	7905995	7906045	-1	49
2R	16103775	16105033	1	49
3R	13672817	13674146	-1	49
3R	29597347	29597419	1	49
2R	7656416	7656472	1	49
X	6268973	6269125	1	49
2L	7429516	7429582	1	49
2R	13841318	13841381	1	49
3R	15222646	15222703	-1	49
3L	11199929	11199982	1	49
4	452891	452972	1	49
2R	24904901	24904970	1	49
3L	12744747	12744809	1	49
2R	2246007	2261829	-1	49
3L	24537617	24542410	1	48
3L	10663918	10664075	1	48
3L	257057	257130	-1	48
4	504139	515582	1	48
X	17910010	17910078	1	48
3R	31744939	31745001	1	48
2R	5757826	5757911	1	48
2L	1180927	1180995	1	48
4	1037423	1037476	-1	48
3R	4281872	4282674	1	48
X	1468186	1468251	1	48
3R	4221318	4221756	-1	48
2R	18821284	18821490	1	48
3R	29050433	29050497	1	48
X	10348860	10356369	-1	48
3R	21179391	21185548	1	48
3R	21972462	21975155	1	48
2L	19047655	19047716	1	48
2L	8713204	8713264	-1	48
3R	3523948	3584980	-1	48
2R	8892996	8893062	1	48
2L	10210168	10210225	-1	48
3R	17006694	17006750	1	48
3R	9042785	9042852	-1	48
3L	267870	268220	1	48
3L	1330291	1331042	1	48
3L	3839362	3839424	1	48
X	4704518	4704588	1	48
2R	4563082	4564434	1	48
3L	21216324	21216477	-1	48
3R	29741370	29741768	1	48
2L	10438813	10438882	1	47
2L	12094712	12094769	1	47
X	1412035	1413418	1	47
3R	5591831	5591929	1	47
2L	11077067	11077123	-1	47
3R	30003179	30003252	1	47
2R	17053419	17053485	1	47
3L	20527281	20527593	1	47
2L	7195641	7195703	-1	47
X	13265037	13265130	-1	47
2R	22994828	22994885	-1	47
3L	10590391	10590521	1	47
3R	25856974	25866996	1	47
2L	10178478	10179437	-1	47
3R	10877824	10877882	1	47
2R	14514216	14514283	1	47
2L	5177400	5177724	1	47
X	5309707	5310132	1	47
2R	9840871	9840944	1	47
2L	15940083	15962009	-1	47
X	16310308	16310379	-1	47
2R	7465270	7465331	-1	47
3L	18667794	18667847	1	47
2R	18460645	18460912	-1	47
4	1043525	1045156	-1	47
2R	9400069	9400257	-1	47
4	1059837	1060413	-1	47
X	16710078	16710204	1	47
2R	17702370	17702547	1	47
3R	4236805	4237625	1	46
2R	8963721	8963777	-1	46
2L	10137560	10178041	-1	46
3R	19763751	19764249	1	46
3R	21019015	21019445	1	46
3L	6739922	6740667	-1	46
2L	10988983	10989049	1	46
2R	7971183	7971244	-1	46
3L	16226359	16226587	-1	46
2R	3933464	3935732	-1	46
3R	18399951	18400011	1	46
3R	27645411	27646041	-1	46
X	11795187	11795601	1	46
2L	5031803	5031878	1	46
2L	3460076	3460133	1	46
2R	22663875	22663989	1	46
3L	11621104	11621214	-1	46
3L	22864926	22865771	1	46
3R	23679678	23679736	1	46
2L	8107881	8109816	1	46
3R	23514324	23514377	-1	46
3L	5439472	5439531	1	46
3R	9790461	9790526	-1	46
2L	13550421	13551142	1	46
3L	709614	709738	-1	45
3L	17528621	17528909	-1	45
2R	20586410	20586615	-1	45
3R	5667389	5667693	-1	45
X	571001	571131	1	45
2R	22887249	22887310	1	45
3R	16632531	16632608	1	45
2R	23922857	23922922	1	45
3R	4298586	4299790	1	45
2R	10886153	10886211	1	45
3R	18165896	18166026	-1	45
3R	25700027	25700997	-1	45
3R	9063341	9063406	-1	45
2L	21380362	21382019	1	45
3L	17065709	17067137	-1	45
2R	18728182	18728262	-1	45
3R	6658428	6659003	1	45
3R	9295744	9326688	-1	45
3R	31622823	31633571	1	45
2L	21637787	21637958	1	45
2L	5071031	5071103	1	45
2R	24668681	24668737	-1	45
3L	13787057	13798024	-1	45
2R	19530701	19532170	-1	45
X	10578607	10584910	-1	45
3L	1500389	1501799	-1	45
2R	15566592	15566803	-1	45
2R	16428823	16429331	1	45
2L	21223128	21223192	1	45
4	443155	443213	-1	45
X	5177618	5186903	1	45
3R	21069020	21070724	1	45
3L	3924475	3925463	-1	45
2R	6833688	6833755	1	45
2L	2360802	2360972	-1	45
3L	19988346	19988401	-1	45
2L	13812358	13812479	1	45
X	16365643	16371314	1	45
3R	16632769	16633328	1	45
X	16784632	16784746	1	45
3R	29723589	29723847	1	44
3R	3867427	3867500	1	44
2R	11652072	11652140	1	44
X	10258961	10259191	-1	44
3R	28889885	28890005	1	44
2R	7931225	7931285	-1	44
3R	7472848	7473261	-1	44
3R	11338993	11339658	1	44
2L	1182105	1182170	1	44
3L	7696879	7696938	-1	44
2L	8213530	8213781	1	44
X	5794143	5794204	1	44
3L	21197638	21197760	-1	44
2L	19587528	19600858	1	44
3L	9107376	9107619	-1	44
3L	202430	202489	-1	44
2R	10561955	10562026	1	44
2L	8403661	8404005	1	44
3L	16125784	16125846	1	44
2R	16016460	16016525	-1	44
3R	18197121	18198702	-1	44
3R	5652798	5653175	-1	44
2R	20605852	20606444	1	44
2L	10403557	10403730	-1	44
X	13701354	13707596	-1	44
2R	15677435	15677489	-1	44
X	8408447	8408519	-1	44
4	872075	872127	-1	43
3L	2689939	2711352	-1	43
2R	11361283	11361515	1	43
3R	567269	682458	1	43
X	11893356	11893590	1	43
3R	13154750	13155509	-1	43
3L	8930740	8930800	1	43
4	996750	997707	1	43
2L	13019927	13020231	-1	43
2L	20648249	20648420	1	43
3L	21531574	21531758	-1	43
2L	14094293	14094351	1	43
2L	7831026	7831469	1	43
3L	10874265	10874336	1	43
3L	1294039	1294093	1	43
3R	19454266	19457120	1	43
3R	14026945	14031573	-1	43
2R	21012279	21012335	1	43
3L	20304644	20304701	-1	43
3R	21300472	21302138	1	43
3L	1351790	1351853	1	43
3L	11201643	11201696	1	43
2R	9433229	9434354	1	42
3R	17346135	17365766	-1	42
3R	21302840	21303255	1	42
3L	8415661	8415716	1	42
2R	14514085	14514153	1	42
3R	27566148	27566207	-1	42
2L	21124192	21124287	1	42
3R	31253299	31253355	1	42
2R	21154167	21154715	-1	42
3R	20580322	20580390	1	42
3L	5740208	5746468	1	42
3R	4330249	4331547	-1	42
X	18137051	18137576	-1	42
3L	5140778	5140840	-1	42
2R	24939855	24939906	-1	42
X	2269705	2270699	-1	42
2R	9285539	9285603	-1	42
2R	22854530	22854647	1	42
2L	216276	216345	-1	42
X	9164255	9165682	1	42
2L	2975080	2975151	-1	42
2R	14234829	14234890	-1	42
3R	8941833	8941901	1	42
3R	14327128	14327253	1	42
3R	4957239	4957290	-1	42
X	12203985	12204139	1	42
X	12868410	12869497	-1	42
2L	10009537	10010737	1	42
X	11698598	11703290	1	42
2R	16857053	16857633	1	42
2R	9095959	9096150	1	42
4	873927	873994	-1	41
3L	2235579	2235829	-1	41
2R	11221630	11221784	1	41
4	273917	275580	-1	41
2R	12753354	12753428	-1	41
3L	17037031	17037084	-1	41
3L	22961676	23002053	1	41
3L	5761119	5761174	1	41
3L	6490904	6490970	1	41
3R	12561805	12595561	-1	41
3R	27635105	27635166	-1	41
2L	10296111	10296172	-1	41
2L	16263181	16263262	1	41
3R	11430572	11430627	1	41
X	10258018	10258878	-1	41
4	781670	783174	-1	41
2R	16859001	16859061	1	41
3L	20810929	20810981	1	41
3R	24634927	24634987	-1	41
2L	13209846	13209911	1	41
X	3672040	3683353	1	41
3R	18248152	18248221	1	41
2R	24044920	24044992	-1	41
X	19494652	19494727	-1	41
2R	3938886	3942934	-1	41
X	16521814	16522065	-1	41
3L	18619208	18619377	-1	41
3L	20771865	20772605	1	41
2R	6151997	6152069	-1	41
X	13095334	13095445	1	41
2L	7196858	7203939	-1	41
3R	17070776	17070845	-1	41
3L	7699374	7699486	-1	41
X	12608866	12608935	1	40
4	1243951	1244014	1	40
3R	8730102	8730367	-1	40
4	395323	395520	-1	40
X	20167816	20167882	1	40
3R	22372168	22372226	1	40
4	1230421	1230498	-1	40
3R	8819264	8820312	-1	40
3L	9135902	9136301	-1	40
X	11373090	11373817	1	40
3R	21364646	21364714	-1	40
3L	16844863	16844920	-1	40
3R	29993814	29993873	-1	40
3L	709495	709557	-1	40
2R	7467634	7467691	-1	40
3R	11950785	11950858	1	40
X	4533198	4533261	1	40
2R	8172772	8173173	-1	40
3R	28342215	28342280	1	40
3L	4124853	4124919	-1	40
3R	20797474	20797536	1	40
X	16527900	16533059	-1	40
3R	21621697	21622812	-1	40
2L	21097279	21098584	1	40
2R	24067255	24067465	-1	40
2L	15940083	15962001	-1	40
X	3683450	3692953	1	40
2L	10408387	10408739	1	40
2R	10091997	10093144	1	40
2R	6756637	6756713	-1	40
3L	5170441	5218950	-1	39
2L	101620	101876	1	39
3R	27957620	27957672	-1	39
3L	7793768	7800767	1	39
3L	8196884	8197142	-1	39
3R	4660400	4670797	1	39
4	1015621	1016376	-1	39
3R	17674824	17674889	-1	39
3L	11184420	11196567	-1	39
2R	4700584	4700644	-1	39
2R	14752743	14752946	1	39
3R	15363098	15363152	-1	39
3R	23557874	23567515	1	39
X	2473100	2473175	-1	39
2L	9940569	9940629	1	39
2R	9351174	9351409	-1	39
3R	15954684	15954747	1	39
2L	10485528	10485594	1	39
X	4930066	4930999	-1	39
X	15297937	15305829	1	39
2L	11284119	11284186	1	39
2R	18708366	18708422	-1	39
3R	20798410	20805947	1	39
X	15702186	15702264	-1	39
X	18155733	18161013	1	39
X	12203997	12204139	1	38
2R	10105826	10106289	1	38
3L	4262748	4262798	1	38
2R	16204382	16204442	-1	38
3R	9805019	9805100	-1	38
3R	8823802	8823985	-1	38
3L	12291242	12291300	-1	38
2R	24941055	24941122	-1	38
2R	13901573	13901687	-1	38
3R	20797278	20797345	1	38
2L	18987871	18987936	1	38
2L	21263787	21273324	1	38
3L	274808	274867	1	38
2R	17429661	17429720	-1	38
3L	4407385	4417820	1	38
3R	21302840	21303809	1	38
3L	21830733	21830790	-1	38
X	8515613	8515723	1	38
3L	9130609	9134317	-1	38
3R	9342492	9354422	1	38
2L	8029734	8029816	1	38
3L	19816532	19816593	-1	38
3R	27287720	27287785	-1	38
3R	8943144	8943205	-1	38
2R	4673224	4673277	1	38
3R	21805176	21807599	-1	38
3R	20963857	20963927	1	38
3R	28324878	28325489	-1	38
2R	15998253	15999805	1	38
2L	9894402	9894576	-1	38
2R	18144898	18144967	1	38
X	942797	943302	-1	37
X	16801588	16801654	1	37
3L	7529187	7532672	1	37
3R	25135077	25135150	1	37
X	61334	61395	-1	37
2R	12574838	12574894	1	37
3L	2631917	2631977	1	37
3R	16637112	16638623	1	37
X	22693000	22740542	1	37
3R	5336636	5349468	-1	37
3R	11337066	11339658	1	37
3R	25684517	25685025	-1	37
2R	4829494	4829547	1	37
3R	31935776	31937270	-1	37
2L	14040379	14041321	1	37
3R	14733884	14734387	-1	37
4	211795	211854	1	37
X	3256212	3258611	1	37
2L	20083016	20084578	-1	37
2L	6719075	6719137	1	37
4	133232	133588	1	37
2R	16931279	16932464	1	37
2R	11370714	11370773	-1	37
3R	15965020	15965074	-1	37
2L	20740313	20748129	1	37
2L	10482787	10482845	1	37
X	13831101	13831168	-1	37
3R	23983916	23984440	1	37
2R	18430022	18430081	1	37
2R	20587745	20595557	1	37
3R	31171633	31177252	1	36
3L	827002	827182	-1	36
X	10480025	10480084	1	36
3L	9867745	9868254	1	36
3R	5335061	5335895	-1	36
3R	7248402	7248457	-1	36
3L	17068059	17074193	-1	36
4	665306	665951	1	36
2L	16247385	16248602	-1	36
3L	9107711	9107956	-1	36
2L	6122411	6122698	1	36
2L	3025192	3025257	1	36
3R	947571	1025040	1	36
3R	18515344	18545113	-1	36
X	18040384	18059735	-1	36
2L	2400966	2401107	1	36
X	9024419	9024624	1	36
3R	13661860	13662161	1	36
2L	108810	110406	1	36
2L	10254326	10254385	1	36
2R	16609326	16618804	1	36
X	8249095	8249154	-1	36
3R	11995169	11995372	-1	36
3R	13374016	13374079	-1	36
3R	18950604	18958362	1	36
2L	449171	449230	-1	36
3R	9420048	9432029	1	36
X	16473828	16474447	-1	36
3L	10688781	10688926	1	36
3R	7071862	7071916	-1	36
X	11597109	11597175	1	36
4	1247239	1248303	1	36
X	2148844	2149221	-1	36
3L	5658291	5659429	1	36
X	20776249	20792355	-1	36
X	4321868	4321931	-1	36
2L	12432205	12432309	-1	36
2R	23859618	23859690	-1	35
2L	10264265	10264552	1	35
3R	25067332	25067385	-1	35
2L	8304988	8305052	1	35
2L	11806158	11808014	-1	35
X	16601199	16601376	1	35
2L	21154580	21154646	-1	35
2L	4393200	4393262	-1	35
2L	3869804	3869873	1	35
X	10848246	10848365	1	35
3R	23983955	23984306	1	35
3L	14746914	14746978	1	35
X	1901014	1901065	-1	35
X	3708919	3709836	-1	35
4	190062	191309	-1	35
3L	306547	306605	-1	35
3L	19544542	19544605	-1	35
2R	2495024	2522393	-1	35
X	4541552	4541907	1	35
X	12572627	12572772	-1	35
3R	19242670	19242722	-1	35
X	19344151	19347638	-1	35
3R	19643839	19644206	-1	35
2R	12199112	12199313	-1	35
2R	22887794	22887850	-1	35
X	15896473	15897102	1	35
3R	9213847	9213977	-1	35
4	1248837	1250771	1	35
2R	25077307	25077370	-1	35
3L	1659991	1661109	-1	35
3L	7816413	7816484	-1	35
3R	16645947	16646020	-1	35
3R	10324699	10324758	-1	35
X	10072389	10072570	-1	35
X	258081	258142	1	34
X	15063984	15064049	1	34
2L	21701181	21701764	1	34
3L	7132678	7133119	1	34
3R	25271288	25271346	1	34
2R	14234343	14234396	-1	34
3L	21845236	21875297	1	34
3R	28603319	28603608	1	34
3R	23963224	23965800	1	34
2L	101915	101979	1	34
4	1233511	1234679	1	34
3L	3904622	3904684	1	34
3R	10973350	10992905	1	34
3L	4435090	4435175	1	34
X	5082240	5084573	-1	34
4	1248491	1248547	1	34
2L	13979075	13979216	1	34
3L	224184	224973	1	34
2L	9878026	9885726	-1	34
3R	9354855	9354925	1	34
X	13669745	13670129	1	34
2R	12612885	12613567	1	34
3R	21357759	21358005	-1	34
2L	2783275	2785539	-1	34
3R	11232125	11232194	1	34
X	15343503	15343597	-1	34
3L	12753614	12753676	-1	34
3R	6381606	6381682	1	34
3R	4078533	4081369	1	34
X	8060159	8060917	-1	34
2R	21212479	21212546	1	34
3L	9359417	9359476	1	34
2L	1174131	1174197	1	34
2L	10965720	10965792	-1	33
4	1127416	1128489	1	33
4	1135485	1135539	1	33
3L	827237	827423	-1	33
2R	18641194	18641459	-1	33
2R	20549562	20549632	-1	33
X	8517421	8531697	1	33
4	560821	564361	1	33
2R	19408056	19408124	-1	33
3L	20004364	20004417	1	33
X	18381100	18381162	1	33
X	8902812	8903202	1	33
3L	3897092	3897148	1	33
3R	5376101	5376157	1	33
2R	7508821	7508875	-1	33
2R	9608018	9608077	1	33
X	16362055	16363358	1	33
3R	6008307	6008551	-1	33
3R	18247903	18247971	1	33
4	1181282	1181368	-1	33
2R	17428944	17429003	1	33
X	11818017	11823283	1	33
X	5754357	5754437	-1	33
2L	12713376	12713443	-1	33
2L	7034694	7034765	1	33
4	302527	305016	-1	33
3L	21333495	21333896	1	33
X	8097074	8097162	-1	33
X	22740621	22764988	1	33
2L	11583103	11590748	1	33
2L	19065270	19069444	1	33
3R	29490957	29491015	-1	33
X	6327731	6327797	1	33
X	12652864	12652947	1	33
X	12912074	12912583	1	33
3L	10638701	10639215	1	33
4	94616	94837	1	33
2L	2770401	2770460	1	33
3L	27293272	27331994	1	33
3L	12852717	12852781	1	33
2R	17703065	17703244	1	33
3R	19413107	19415633	1	33
4	361007	362304	1	33
3L	14629682	14629741	-1	33
2R	9885513	9885573	-1	33
2L	21633306	21633374	1	33
3L	11069307	11069368	-1	33
3R	16636811	16636986	1	33
2R	19399094	19406020	-1	33
3L	16964979	16967382	1	33
2L	21384596	21385278	1	33
2L	13050180	13059217	-1	33
3R	15792911	15793042	1	33
3L	13986169	13992976	-1	33
4	1129489	1129566	1	33
2R	20624170	20624220	1	32
3L	23319003	23319061	-1	32
2L	10485791	10485855	-1	32
3L	258764	258823	1	32
3L	24734188	24740905	1	32
3R	12705282	12705344	1	32
3R	23983910	23984440	1	32
X	11795009	11795105	1	32
2R	9090022	9090083	-1	32
X	19363022	19410159	1	32
2L	2877390	2877611	-1	32
3R	8822174	8822469	1	32
3R	27165371	27165432	-1	32
3R	29457642	29461813	1	32
3R	19200707	19200778	1	32
3L	5424288	5429163	1	32
3R	17811805	17813531	1	32
2R	24052589	24052655	1	32
X	3700465	3700671	1	32
3R	4094457	4095775	1	32
3R	22026391	22026448	-1	32
2R	9970409	9970474	1	32
2L	2782840	2783041	-1	32
3L	3171107	3171164	1	32
3R	22408881	22408940	-1	32
3L	2697927	2711352	-1	32
4	366763	369507	1	32
2R	12169196	12169725	1	32
3L	4579520	4580077	1	32
4	478084	478538	-1	32
3R	19459735	19459801	1	32
2R	5657310	5657372	-1	32
2R	10737292	10737357	1	32
3L	23126401	23126717	1	32
3L	21879942	21907346	1	32
2L	228282	229173	-1	32
2L	11816707	11817353	-1	31
2L	23162140	23162212	-1	31
X	11970667	11971459	-1	31
3L	7131909	7132649	1	31
3R	31134669	31137402	1	31
3R	17875546	17877067	-1	31
X	6681373	6681437	1	31
3R	25685501	25685567	-1	31
2L	8211503	8211559	1	31
2L	2136645	2136731	1	31
3R	12563120	12593483	-1	31
4	155148	155765	-1	31
3L	7916881	7925999	-1	31
X	12732401	12741449	-1	31
2R	18438276	18439735	-1	31
3R	9522715	9523536	1	31
2R	23946262	23946447	1	31
3L	21875326	21907346	1	31
3L	11692360	11692422	1	31
X	4154757	4203191	-1	31
2L	4031556	4032423	1	31
2R	9883844	9883897	-1	31
3L	3043847	3043905	1	31
2L	6907134	6907232	-1	31
3L	21213492	21213844	1	31
X	1637140	1637284	1	31
3L	4918690	4918759	1	31
2R	10461032	10461096	1	31
3R	13657126	13658462	-1	31
3R	5656572	5656799	-1	31
X	15929798	15929854	-1	31
2L	7647267	7648747	-1	31
X	7903336	7903398	1	31
X	10255587	10256112	-1	31
3L	1198487	1198555	1	31
2L	8377794	8377847	1	31
4	1143869	1143985	-1	31
3R	14791253	14793443	1	31
2L	20576270	20583686	1	31
3L	27146575	27146628	1	31
3R	4538690	4556696	-1	31
4	1229516	1229580	-1	31
3R	24187415	24187473	1	31
3L	11184209	11184389	-1	31
3R	5294235	5294306	-1	31
3R	13663052	13663455	1	31
3R	29594345	29597241	1	31
3R	31748087	31749207	1	31
3R	24250676	24250733	-1	31
3L	4291624	4291687	-1	30
2R	11387316	11387372	-1	30
2R	9586232	9586290	-1	30
3L	826886	826946	-1	30
3L	1657930	1658050	-1	30
3L	6505120	6523030	1	30
2R	9142656	9142717	-1	30
2R	6627211	6627309	-1	30
3L	11683408	11683476	1	30
X	5634426	5636222	-1	30
X	20917474	20923272	-1	30
3R	16350028	16350417	1	30
2R	9351174	9351441	-1	30
2R	4336584	4350549	-1	30
2L	17226474	17251509	-1	30
3L	9091821	9091882	1	30
2R	13215967	13216023	-1	30
3L	23327646	23328714	-1	30
3L	6025338	6025418	1	30
3R	5580306	5580382	-1	30
3L	1196656	1196937	1	30
X	9355179	9356001	-1	30
3R	15344351	15344413	-1	30
X	9164335	9165682	1	30
3L	20768529	20768593	-1	30
3L	4255296	4255610	1	30
2L	2095178	2109819	-1	30
2L	18211299	18215765	-1	30
2R	18708535	18708587	-1	30
2L	824138	824219	1	30
2R	4458098	4458154	-1	30
4	133236	133588	1	30
2R	6081035	6081736	-1	30
X	5836891	5836975	1	30
2R	6083885	6083941	-1	30
2L	13971682	13971741	1	30
X	16993546	16993675	-1	30
2L	19545102	19545157	1	30
3L	185865	185926	1	30
3L	21421528	21424454	-1	30
X	5693292	5693361	-1	30
X	11979765	11979839	-1	30
4	1131959	1133875	1	30
2L	1984144	1984206	1	30
2L	2372771	2372830	-1	30
X	9105332	9105397	-1	30
2R	15531396	15532122	-1	30
3R	30038956	30039062	-1	30
X	3720323	3721376	1	30
3L	20351731	20351899	1	30
2R	12425075	12425129	1	30
2R	21021522	21021886	1	29
2L	9703179	9703268	-1	29
4	549622	549714	-1	29
X	16640241	16640306	-1	29
4	355226	355310	-1	29
3L	23748717	23748776	1	29
X	16447699	16447772	-1	29
2L	10848169	10848241	-1	29
4	94616	97822	1	29
2R	16706280	16716154	-1	29
3R	21309576	21309851	1	29
X	12918014	12918577	1	29
3L	20169064	20184963	-1	29
3R	21117545	21117596	1	29
3L	22823972	22824041	-1	29
3R	13021317	13021420	1	29
3R	9269884	9269944	1	29
2R	23356671	23356856	-1	29
3L	12472974	12473185	1	29
3L	226257	230780	1	29
2R	4695407	4695462	-1	29
2L	2876411	2876784	1	29
4	1230119	1230447	-1	29
3R	18918626	18919423	1	29
2R	4351219	4378369	-1	29
2L	8545234	8563739	1	29
2R	17775436	17775493	-1	29
X	18186502	18192331	1	29
2R	18431358	18431416	-1	29
2R	5204140	5204194	-1	29
2R	18167722	18167773	1	29
2R	9089445	9089508	1	29
2R	19396563	19396624	-1	29
X	6600511	6605180	1	29
2L	12429741	12429798	1	29
3L	15870808	15879320	-1	29
3L	16845890	16847161	1	29
2R	13942751	13942807	-1	29
3L	7051723	7051977	1	29
3R	8823070	8823268	-1	28
3R	24452634	24456435	-1	28
X	61443	61557	-1	28
3L	17434334	17434394	1	28
3L	7932143	7932301	-1	28
3R	27262161	27262227	-1	28
2R	16571006	16571189	-1	28
3L	22865961	22867400	1	28
2L	5947333	5948407	1	28
X	15901917	15901978	1	28
3L	4125080	4125136	-1	28
3R	8390011	8391287	-1	28
2R	21021134	21021191	1	28
3R	26963081	26963158	-1	28
3R	17006913	17007083	1	28
3R	25984220	25984275	1	28
2R	15324148	15324202	1	28
3R	30826027	30826718	1	28
2L	8083458	8089185	1	28
2L	6954328	6954393	1	28
2L	7783049	7783299	1	28
3R	20580193	20580249	1	28
3R	11965487	11965545	-1	28
2R	4692011	4692079	-1	28
4	874468	875203	-1	28
X	15421629	15440517	-1	28
3R	14734419	14737420	-1	28
2L	12407467	12407550	-1	28
3R	17967829	17977356	1	28
2L	20919393	20919451	-1	28
X	11622358	11623753	1	28
3R	10865627	10866529	-1	28
3L	11100388	11100447	1	28
3R	24838198	24839313	1	28
3R	24317842	24317896	-1	28
3L	4540654	4540713	-1	28
3R	10255430	10260818	-1	28
3R	11217566	11217624	1	28
3R	21878078	21878233	-1	28
3R	19653564	19653625	-1	28
2R	6832932	6833615	1	28
2L	15037986	15038054	-1	28
3R	5546401	5546456	-1	28
2R	14623005	14623189	1	28
2R	21096270	21096327	-1	28
X	10407106	10407166	1	28
3R	16999593	16999650	-1	28
2L	16342752	16342822	-1	28
X	13335874	13335956	-1	28
3R	5939939	5958825	-1	28
X	22657660	22692941	1	28
3R	30518574	30519608	-1	28
3L	236075	236139	-1	28
2R	24176832	24176893	1	28
4	211983	212628	1	28
2R	2495024	2521441	-1	28
2R	10533969	10541345	-1	28
3L	23093879	23094680	-1	28
3L	12534005	12534063	1	28
3R	8655907	8655987	-1	27
3L	22961676	22969125	1	27
3L	6096152	6096206	1	27
3R	24189170	24189230	-1	27
4	1018710	1018770	-1	27
3R	3469479	3523414	-1	27
2L	6426906	6445114	-1	27
2R	19237064	19237328	1	27
3R	10159332	10159396	-1	27
3L	7173555	7175425	-1	27
3L	24161180	24253793	1	27
2L	13351395	13351458	-1	27
2L	7220678	7220742	-1	27
3L	9784892	9784952	1	27
3R	15957920	15959320	1	27
2L	3453279	3453429	1	27
2L	8524685	8524743	1	27
4	252171	252824	-1	27
3R	8823302	8823353	-1	27
4	1196092	1196165	-1	27
2L	2579797	2579860	-1	27
3R	21185585	21202452	1	27
3L	3328184	3328251	1	27
3L	5691784	5695422	1	27
3R	13049642	13049711	-1	27
2L	19008544	19008724	-1	27
4	1121623	1123223	-1	27
2R	11651225	11651324	-1	27
3L	12472833	12472926	1	27
2R	7393962	7395431	-1	27
2L	6967386	6967508	-1	27
3L	13873015	13873072	-1	27
2L	19702035	19702146	1	27
3L	20356281	20356345	1	27
X	21061918	21062348	1	27
2R	8597848	8598113	-1	27
2R	22338946	22339046	-1	27
X	13047014	13047862	1	27
2L	8373915	8373984	1	27
2L	5984625	5984719	1	27
2R	23975084	23975140	1	27
3R	11218037	11218106	-1	27
X	6289926	6290055	-1	27
2L	6659319	6659379	1	27
2L	19600765	19603813	-1	27
3R	14031125	14031263	1	27
3L	9123777	9125167	-1	27
X	762992	763441	-1	27
X	15805178	15805558	1	27
3R	19214904	19215140	1	27
2R	3933464	3942934	-1	27
3L	3072842	3073081	1	27
2R	24025368	24025432	1	27
2R	6810136	6810201	-1	27
3R	23973555	23976166	1	27
2R	8953030	8953103	1	27
X	18225525	18225648	-1	27
2L	10404551	10404611	-1	27
2R	15993130	15993187	1	27
2R	6075001	6075064	-1	27
3R	18214599	18214666	1	27
2R	5360966	5361019	-1	26
2R	13843337	13843540	-1	26
3R	21128494	21128552	1	26
2R	12924348	12924422	1	26
3L	21540083	21540153	1	26
2R	19308516	19308573	-1	26
3R	30572851	30572925	1	26
3R	10675845	10675903	-1	26
3R	4737128	4737181	-1	26
2R	24092263	24092342	-1	26
3R	11736444	11736503	1	26
3R	9695224	9695282	-1	26
3R	6532052	6532636	-1	26
3L	708929	708991	-1	26
3L	16231417	16231474	-1	26
2L	10408387	10409711	1	26
3L	15161100	15161165	-1	26
2L	21684147	21684546	1	26
3L	9106518	9107342	-1	26
X	21383384	21383450	1	26
3L	16382158	16382382	-1	26
3R	9487204	9493523	-1	26
X	5085890	5089342	1	26
2R	10099739	10104256	1	26
3L	23095212	23095275	-1	26
X	10407301	10407366	1	26
3L	16417730	16417789	-1	26
3L	11606199	11606257	-1	26
3L	22869472	22869665	-1	26
2L	7032840	7032904	1	26
3L	7656204	7656375	-1	26
2L	18120073	18123349	1	26
2R	11387491	11387545	-1	26
3R	18355934	18360518	-1	26
2L	20055110	20055176	1	26
3L	21570136	21570257	1	26
3L	7385275	7385337	1	26
2L	227548	228133	-1	26
3L	7980983	7994889	1	26
X	1016709	1026514	-1	26
3R	11217696	11217752	1	26
3R	27156270	27156340	1	26
2R	19290457	19290518	1	26
3L	25109910	25109964	1	26
2R	12200242	12200775	-1	26
X	7421211	7421273	1	26
3L	9139003	9139093	1	26
3R	26649525	26650993	-1	26
3R	27568206	27568279	-1	26
2L	4854729	4865148	1	26
3L	27140243	27146395	1	26
2R	18167523	18167658	1	26
3L	7424157	7445167	1	26
2R	17867560	17868287	-1	26
3R	30485393	30485454	1	26
X	2075140	2075207	-1	26
2R	4187848	4187946	-1	26
2R	7957960	7958018	1	26
3L	9858064	9858338	-1	26
3L	7640065	7640125	-1	26
X	482434	482518	1	25
3R	24624156	24624475	-1	25
3R	21865748	21865815	1	25
3R	8994461	8994527	1	25
3R	18253213	18253275	-1	25
2L	1170554	1170611	1	25
X	7287641	7287709	1	25
X	19621651	19621777	-1	25
3R	15347626	15347690	1	25
2L	2772644	2779175	-1	25
2R	18660125	18660195	-1	25
2R	18132942	18133004	-1	25
X	18168493	18169489	1	25
3R	18979162	18979224	-1	25
X	13385397	13385500	1	25
2L	18387318	18392245	1	25
2R	17548535	17548886	1	25
3R	8648897	8648962	-1	25
2R	13453031	13453089	1	25
2L	5211062	5211191	1	25
2R	23061595	23061683	-1	25
2L	21632706	21633266	1	25
3R	8128424	8128490	1	25
2R	6924487	6924553	1	25
3R	24818351	24818411	1	25
3L	21215502	21215576	1	25
2L	6730540	6730599	1	25
3L	7035882	7038005	1	25
2R	10736749	10736893	1	25
2R	1266053	1266192	1	25
3R	10324410	10324466	-1	25
2L	13386037	13386099	-1	25
3R	19987657	20006235	-1	25
X	5319583	5319654	-1	25
3R	21774366	21774427	-1	25
X	10814094	10822392	-1	25
2L	1014485	1014550	-1	25
3R	7871917	7872013	-1	25
2R	16859250	16859313	1	25
2R	15567173	15567243	-1	25
2R	16432901	16433019	1	25
2L	9809403	9815803	-1	25
2L	22247722	22247796	-1	25
3L	17044660	17044713	-1	25
2L	310606	317743	1	25
2L	2581839	2581898	-1	25
4	184796	185827	-1	25
3R	11624661	11624718	1	25
2R	7937144	7937204	-1	25
3R	12435203	12435262	1	25
X	10267359	10276455	-1	25
2R	5662554	5662619	-1	25
2R	21021318	21021501	1	24
3R	29201909	29201970	-1	24
X	19347734	19347836	-1	24
2L	9893873	9894064	-1	24
3R	28084617	28085426	1	24
3L	4419664	4419740	1	24
2R	12612852	12613567	1	24
2R	13840975	13841033	1	24
3R	12462177	12462235	1	24
3L	21025549	21027296	-1	24
3R	18978569	18978644	-1	24
2L	6067236	6067289	1	24
2R	21293790	21294054	1	24
3L	12812617	12812680	1	24
3R	12950328	12950408	-1	24
3R	8796937	8797324	-1	24
2R	23992575	23992635	-1	24
2R	17548963	17549069	1	24
3R	16273331	16274152	1	24
3L	16232324	16232380	1	24
3R	11621454	11621515	1	24
3L	8521673	8521732	-1	24
3L	20372020	20372080	-1	24
2L	12693657	12693720	1	24
3R	13025045	13025389	1	24
3L	23748061	23748140	1	24
2L	1501037	1501097	-1	24
3L	19923895	19923982	1	24
2L	9889406	9889460	1	24
2L	13394800	13394865	-1	24
4	1280857	1280916	1	24
3R	17475006	17475080	-1	24
2R	11100115	11116040	-1	24
2R	4030298	4049078	1	24
2L	10338117	10338232	1	24
3R	22792600	22792658	1	24
X	8408779	8409663	-1	24
2R	16753701	16753766	-1	24
3L	4558053	4563797	1	24
3R	10851489	10851541	1	24
3R	20559837	20559898	-1	24
3L	20833658	20833733	1	24
3L	9720566	9720626	-1	24
3R	16636577	16636775	1	24
3R	24137204	24137276	1	24
X	19136606	19143468	-1	24
4	282739	302242	-1	24
3R	8728567	8728626	-1	24
3R	20736930	20736985	1	24
2R	14672386	14672654	-1	24
3R	28084617	28085405	1	24
3L	15976042	15976099	1	24
3R	7121139	7121275	-1	24
2L	4840984	4841163	1	24
2R	1265532	1266192	1	24
3L	20351522	20351583	1	24
X	11062464	11062677	-1	24
2R	17518696	17518753	1	24
2L	159824	162592	1	24
X	1015080	1015140	-1	24
3R	25908193	25910027	1	24
3L	25978151	26013543	-1	24
X	20427740	20427800	-1	24
2R	21278576	21278692	1	24
X	6524795	6524866	1	24
3R	12432002	12432067	1	23
2R	16341422	16341481	-1	23
3R	11228422	11228490	-1	23
3R	23983906	23984428	1	23
X	571353	571427	1	23
3R	11408327	11408386	1	23
2L	6063772	6063826	-1	23
2L	2215460	2215515	-1	23
3R	27665743	27665800	1	23
3L	21726938	21728287	-1	23
3L	2599833	2599897	1	23
X	16522154	16527277	-1	23
X	5553506	5559410	-1	23
3L	8304969	8305022	1	23
3R	11239434	11239511	1	23
3R	21017875	21017942	1	23
X	9154241	9154380	-1	23
X	19344595	19344905	-1	23
3L	20769838	20769894	1	23
4	783246	783302	-1	23
3R	14572362	14572423	-1	23
3R	27065323	27065803	-1	23
3R	25431982	25472482	-1	23
2L	23068145	23068200	-1	23
3L	23019251	23019309	1	23
2R	9235576	9246765	-1	23
3R	16052960	16053024	1	23
4	354967	355031	-1	23
4	1175124	1181048	-1	23
3R	29597474	29597776	1	23
4	1195597	1195660	-1	23
3R	23076977	23081349	-1	23
3R	23996706	23996766	1	23
2R	11305812	11305872	-1	23
3L	5900609	5900673	1	23
X	13204151	13206712	-1	23
3R	28325820	28333709	-1	23
3L	7640338	7640404	-1	23
3R	25024150	25024217	1	23
X	12522727	12523518	-1	23
2R	24161215	24161279	1	23
X	1668745	1668808	-1	23
3L	14985155	14987582	1	23
3R	20331049	20331481	1	23
3L	9749767	9750053	-1	23
X	10255587	10258878	-1	23
2L	11985772	11985833	-1	23
2R	22747026	22747136	-1	23
X	4544177	4544234	1	23
2R	23945825	23945898	1	23
3R	11818138	11818573	-1	23
3L	3839524	3839633	1	23
2L	10482575	10482637	1	23
X	4915523	4915586	-1	23
2R	16263537	16263603	-1	23
3R	19240839	19242525	-1	23
3R	23997209	23997267	1	23
X	3664490	3664561	1	23
X	6808342	6808812	1	23
2R	7467317	7467483	-1	23
2R	14944059	14944139	1	23
2R	16986637	16986705	1	23
X	8119293	8119355	-1	22
X	14234763	14234825	-1	22
3L	1500098	1500206	-1	22
3L	21614013	21614065	-1	22
3R	27662498	27663187	1	22
3L	12771142	12771206	-1	22
2R	13207597	13207651	1	22
3R	23249683	23249741	-1	22
2L	13462276	13483447	1	22
2R	10249828	10250879	-1	22
4	185917	185978	-1	22
2R	8119469	8119548	-1	22
3L	3893915	3893978	1	22
2R	21394736	21394878	-1	22
X	4360331	4360395	1	22
2L	3175399	3183316	-1	22
2L	8162238	8162311	-1	22
3L	24030858	24035432	1	22
3R	15300823	15301011	1	22
3L	6590836	6590894	1	22
X	8410690	8418351	1	22
2L	9967878	9967939	1	22
3R	31599349	31600389	-1	22
2L	4227750	4228012	1	22
3R	25417965	25431917	-1	22
3L	17429304	17429377	-1	22
2L	10970881	10970957	1	22
2R	21128955	21129013	1	22
3R	23983941	23984283	1	22
2L	9916981	9917040	1	22
3L	9508134	9508220	-1	22
2L	15030885	15032003	1	22
2L	306390	317743	1	22
2R	6692237	6692293	1	22
3R	24104964	24105130	-1	22
4	179035	179092	-1	22
3L	5162632	5162967	-1	22
3L	3515935	3516529	1	22
2L	2792677	2793175	-1	22
2R	5610257	5611192	1	22
2R	10094144	10094203	1	22
3R	7870349	7871786	-1	22
X	10629361	10630189	1	22
3R	21527402	21527468	1	22
X	14227496	14227566	1	22
X	13773979	13775973	1	22
2L	10256507	10257778	-1	22
3L	15510232	15510605	1	22
mitochondrion_genome	13066	17264	-1	22
2R	19430153	19430214	1	22
4	1230421	1230502	-1	22
2L	17251616	17260350	-1	22
X	21346750	21346957	-1	22
X	15851197	15851585	-1	22
2R	13186923	13186981	-1	22
3R	8793368	8796705	-1	22
X	14408322	14425187	1	22
4	871655	871720	-1	22
3R	14512828	14512883	-1	22
2L	824138	824191	1	22
3R	10877648	10877702	1	22
3L	21267106	21267167	-1	22
3L	3718473	3718638	-1	22
X	17950765	17951192	-1	22
X	15893151	15894693	1	22
2L	7059199	7060966	1	22
3R	24814298	24814349	1	22
2L	10256507	10257395	-1	22
3R	13969331	13969397	-1	22
2R	21692375	21692432	1	22
3L	16006874	16006933	-1	22
3L	11111689	11111745	1	22
3R	3735167	3735269	1	22
3R	25282826	25282893	1	22
3L	11629513	11630467	1	22
3L	327080	327135	-1	22
3L	6496482	6505083	1	22
X	15800574	15800639	1	22
2R	13827038	13829640	1	21
3R	17150178	17150239	1	21
X	9473267	9495674	-1	21
2R	16428533	16428729	1	21
2R	24785261	24785312	1	21
3R	9332868	9332930	-1	21
3R	9355084	9357984	1	21
3L	6169928	6170117	-1	21
3R	19761035	19763598	1	21
3R	29123490	29123801	1	21
2L	8161428	8161493	1	21
3R	5734433	5734502	1	21
2R	9095630	9095898	1	21
3L	20713612	20713681	-1	21
2L	6499820	6515262	1	21
2R	15211668	15211726	-1	21
3R	4911086	4917397	1	21
X	4322035	4322091	-1	21
2R	7702884	7702941	1	21
3R	22729760	22729817	1	21
X	15466477	15466543	1	21
2L	17476362	17476417	-1	21
3R	7269130	7269193	1	21
3R	8673310	8673378	1	21
3R	25397563	25417938	-1	21
3L	7035316	7035744	1	21
4	501858	503851	1	21
3L	16040066	16046485	-1	21
X	21036471	21036539	1	21
X	575090	575168	1	21
3L	13045596	13046217	1	21
3R	5782022	5785113	-1	21
2R	24609037	24609090	1	21
X	1691013	1691080	-1	21
3R	4638410	4638544	-1	21
X	2739233	2739297	-1	21
3R	21110558	21110616	1	21
2L	19607082	19610610	1	21
3R	4750887	4750949	1	21
X	1681756	1681808	-1	21
X	1866496	1866563	1	21
3R	19874287	19874345	-1	21
2R	24871246	24871299	1	21
X	12639076	12639154	1	21
X	8060159	8060903	-1	21
2L	9890323	9890386	-1	21
2L	10337597	10338019	1	21
3R	17877199	17877259	-1	21
2R	12436439	12436514	1	21
2L	18442158	18442234	-1	21
3L	8047601	8049869	1	21
3L	17434457	17436324	1	21
3R	26051533	26051587	-1	21
3L	8601416	8601648	1	21
3R	20575622	20576146	-1	21
X	19576396	19576695	-1	21
2R	10648423	10648481	1	21
2L	6646948	6647921	-1	21
3L	19804233	19804288	-1	21
3R	4292270	4295120	1	21
2R	17545938	17545994	1	21
3L	16844139	16844207	1	21
3R	20590771	20590829	1	20
X	16447963	16448031	-1	20
2L	21662632	21662689	1	20
3R	24058800	24058855	1	20
2R	25255791	25257385	1	20
3R	10891392	10891514	-1	20
3L	322829	322893	-1	20
3L	226257	230767	1	20
3L	1660227	1661109	-1	20
2L	6063231	6063283	1	20
2R	9608604	9608665	-1	20
3L	11196876	11197501	-1	20
2R	21511061	21511123	1	20
X	22765026	22797279	1	20
2R	9606764	9606825	1	20
3L	9411744	9411817	1	20
3R	19032026	19032089	1	20
2L	292661	292717	1	20
2R	7443376	7443443	1	20
2L	19031242	19031293	-1	20
3L	20023393	20023451	1	20
3R	21068778	21068838	1	20
2R	9059549	9059853	-1	20
2R	20243110	20243173	-1	20
3R	27568592	27582002	-1	20
X	8490016	8509456	1	20
3L	9411983	9412155	1	20
2L	4796220	4796287	1	20
2L	3706792	3706922	-1	20
2R	19564513	19573988	-1	20
X	18155595	18161013	1	20
3L	23095306	23095437	-1	20
3R	5355943	5356003	1	20
3L	6634661	6634728	1	20
X	198550	198610	1	20
X	16289159	16289226	1	20
2L	251465	251527	-1	20
2L	16705790	16715771	-1	20
2L	18833245	18833305	1	20
3L	20519895	20519954	-1	20
3L	23329399	23329886	-1	20
2L	9685203	9696191	-1	20
3L	1666035	1666090	1	20
4	883082	883143	-1	20
3L	21569894	21569957	1	20
3R	15792974	15793042	1	20
3R	23983946	23984305	1	20
X	16294314	16294388	-1	20
2R	24577300	24577366	1	20
2R	12590340	12590439	1	20
3L	6754458	6755073	-1	20
3L	27293014	27293076	1	20
X	11795187	11799993	1	20
3L	827470	827646	-1	20
2R	12885312	12886369	1	20
3R	23984193	23984362	1	20
2L	20648480	20648785	1	20
2R	24966042	24966106	-1	20
4	181517	181569	-1	20
3L	3600226	3600312	1	20
2L	6445230	6445287	-1	20
3R	23994603	23994664	1	20
2L	338119	339207	1	20
3L	11692567	11692618	1	20
3R	4670851	4680229	1	20
3R	22544558	22544615	-1	20
3L	2689933	2711352	-1	20
4	123893	129322	-1	20
3L	1632455	1633058	-1	20
4	302324	302386	-1	20
4	1245684	1245752	1	20
3L	12155993	12156051	1	20
X	4139318	4141771	-1	20
2L	16742443	16742626	-1	20
3R	23983910	23984347	1	20
3L	20280148	20294761	-1	20
2L	6678225	6679986	-1	20
X	11290264	11293127	-1	20
X	6111824	6111928	-1	20
3R	4486689	4486821	1	20
3L	7312231	7312740	-1	20
3R	31741833	31741910	1	20
2L	21381833	21381899	1	20
4	475105	476963	-1	20
2R	16762444	16762512	-1	20
2R	25283027	25283085	1	20
X	17701166	17701306	-1	20
2R	14276407	14277281	1	20
X	21345953	21346322	1	20
X	9324203	9324260	1	20
3R	20252822	20253627	1	20
2L	6490223	6490288	-1	20
3R	29597909	29598164	1	20
3R	4280357	4282674	1	20
2R	18277682	18277751	1	20
3L	1658047	1658119	-1	20
2L	9176381	9177125	1	20
2R	10116826	10117234	1	20
3L	7639960	7640016	-1	20
2R	8011582	8011643	-1	20
3R	5892772	5892851	-1	20
3R	13691299	13691635	1	20
2R	20605620	20605682	1	20
X	8691552	8691611	1	20
X	1691134	1691207	-1	19
3R	21307584	21307862	1	19
3R	22278627	22278706	1	19
2R	10810192	10810251	1	19
2R	21010106	21010169	-1	19
2R	18306136	18355500	-1	19
3L	4554693	4554755	-1	19
4	65522	66000	-1	19
4	1196263	1196320	-1	19
4	1234800	1241730	1	19
2R	10146162	10146229	-1	19
3L	19285414	19291480	-1	19
3R	20300413	20300635	1	19
3L	20434713	20434781	1	19
3R	29597474	29598164	1	19
X	4203487	4205900	-1	19
3R	31743838	31743893	1	19
2R	9148096	9148153	1	19
X	10259489	10261255	-1	19
2R	18425035	18425340	1	19
X	1683261	1684453	-1	19
4	395323	395649	-1	19
2R	21087413	21087781	1	19
2R	18658857	18658920	-1	19
3R	24064331	24106825	-1	19
3R	31633613	31658579	1	19
2L	3723765	3725656	1	19
3L	3943295	3943347	1	19
2R	23923030	23924416	1	19
X	2637554	2641125	1	19
3R	27696832	27696889	-1	19
3R	31750587	31750645	1	19
2L	15017397	15021092	1	19
2L	17409300	17409359	1	19
3R	29315880	29315945	-1	19
X	11608641	11608703	-1	19
3R	22174728	22232640	1	19
2L	10766276	10766391	-1	19
2L	930424	950492	1	19
2R	4236178	4236237	-1	19
3R	23983728	23984303	1	19
2L	21615041	21615103	-1	19
3L	11062390	11062456	-1	19
2R	4131980	4132037	1	19
3R	20792556	20795139	1	19
X	13157854	13157914	-1	19
2R	14410419	14410725	-1	19
2R	16716212	16730899	-1	19
3R	23983955	23984303	1	19
3R	23983734	23984290	1	19
4	201659	203980	-1	19
2L	21140157	21140217	-1	19
3R	9511682	9511740	-1	19
3R	16340947	16341229	-1	19
3L	21532032	21532339	-1	19
3L	835331	835387	1	19
4	1075737	1075792	1	19
X	12019759	12019825	1	19
4	668575	669130	1	19
2R	8167453	8167514	1	19
3L	7163879	7164350	-1	19
X	13773754	13773806	1	19
X	22503741	22504229	1	19
3L	19897260	19897318	-1	19
3R	23959594	23962051	1	19
3R	24062599	24062660	1	19
X	8060159	8061264	-1	19
X	13883365	13883459	-1	19
X	14206467	14206597	-1	19
3R	26050116	26050171	-1	19
2R	13825158	13825211	1	19
2L	2745495	2745557	1	19
2R	24966154	24967051	-1	19
2R	20671859	20672119	1	19
4	478739	478800	-1	19
3L	24028724	24030755	1	19
3R	17967829	17989576	1	19
2R	10723957	10724014	-1	19
3R	30593421	30593489	-1	19
2R	17573034	17573103	1	19
2R	12103313	12103528	-1	19
2L	21627503	21627572	-1	19
3R	20029832	20029891	-1	19
X	13085752	13085825	-1	19
2R	24775801	24775859	-1	19
X	22995915	22996057	-1	19
2R	8125210	8125267	-1	19
2R	17702126	17702315	1	19
X	14322916	14355463	1	19
X	21036638	21037610	1	19
3R	23983935	23984306	1	19
3R	11233127	11233217	-1	19
4	1148888	1148989	1	19
3R	21626851	21645516	-1	18
2R	12639991	12640052	1	18
2L	9878026	9885932	-1	18
X	19340590	19341846	-1	18
2R	12655224	12655284	1	18
2L	13386691	13386757	-1	18
3R	29659394	29659792	-1	18
3R	25124116	25124590	1	18
X	11793901	11793974	1	18
X	6269245	6269314	1	18
3R	21309421	21309699	1	18
X	14581675	14581749	1	18
3R	14035552	14035621	-1	18
2R	9885302	9885361	-1	18
2L	20343948	20344655	1	18
3R	27261944	27262116	-1	18
3R	9728092	9728159	-1	18
2L	10329932	10329992	-1	18
4	892950	893505	-1	18
3R	13056289	13056351	1	18
3R	12933835	12934395	1	18
3L	226247	230767	1	18
X	10229508	10229583	1	18
3R	10224043	10224151	-1	18
3L	19927270	19927571	-1	18
2L	4842348	4843540	-1	18
3R	26661731	26662096	-1	18
3L	15836249	15836780	-1	18
3R	21973399	21975155	1	18
3L	9337661	9337726	1	18
2R	18634942	18636143	-1	18
3R	13229771	13232679	-1	18
X	20923614	20924978	-1	18
2R	16762697	16762753	-1	18
2R	4322939	4336377	-1	18
X	12203879	12204139	1	18
2L	11590794	11606514	1	18
3L	5668142	5668691	1	18
X	2584396	2584463	-1	18
3R	25135249	25135308	1	18
X	16361047	16361114	1	18
2R	13073452	13079084	-1	18
2L	9937511	9937658	-1	18
3R	8718372	8719804	1	18
2L	10257994	10258064	-1	18
2R	16045181	16045287	1	18
3R	10045060	10045126	-1	18
X	10618997	10619966	-1	18
X	9355179	9355987	-1	18
3L	14017628	14017693	1	18
2R	21605831	21606043	-1	18
2L	10399536	10399595	1	18
3L	7972886	7972946	-1	18
3L	19896848	19896912	-1	18
3R	18668223	18668609	1	18
2R	14216111	14216530	-1	18
3R	6382270	6382328	1	18
3R	23983905	23984428	1	18
X	18859642	18859699	1	18
3R	10853397	10853452	1	18
X	3478550	3478611	-1	18
3R	22678773	22678830	1	18
3L	9459595	9459654	-1	18
X	15919386	15919529	1	18
2R	6988266	6988571	1	18
X	1774223	1775699	1	18
X	624345	624407	1	18
X	4688673	4691597	1	18
3R	12984048	12984111	1	18
2L	10256507	10256910	-1	18
X	6223512	6223585	-1	18
3R	3850236	3864292	1	18
3R	24718263	24718321	-1	18
3R	13637079	13642299	-1	18
4	624664	624772	-1	18
2R	17208188	17220055	1	18
4	671617	680440	1	18
2R	7390622	7390680	1	18
3R	13662405	13662970	1	18
3R	23983931	23984305	1	18
2R	7815717	7822136	-1	18
2L	16828796	16828857	1	18
3L	9779594	9779652	1	18
2R	19243180	19243255	1	18
2L	4458058	4458289	-1	18
X	7738800	7738901	1	18
2L	1012730	1012913	-1	18
3L	21025549	21027186	-1	18
3R	31255970	31256038	1	18
2L	20754366	20754431	1	18
2L	2772654	2779189	-1	18
2L	20421118	20422145	1	18
2R	15453009	15456435	1	18
X	7893417	7893750	-1	18
3L	10589517	10590327	1	18
X	17906338	17906653	-1	18
2L	3466417	3466787	1	18
2R	9959392	9959444	-1	18
2L	155430	155567	1	18
3R	19232904	19232961	-1	18
3R	21645544	21660216	-1	17
2L	11803899	11809126	-1	17
2L	16887678	16887793	-1	17
4	1255999	1261952	1	17
3R	21309540	21309817	1	17
3R	25272932	25272989	1	17
2R	19532375	19532436	-1	17
3R	8463876	8477419	-1	17
3R	31959128	31975448	-1	17
4	1280671	1280761	1	17
2L	2793271	2793328	-1	17
3L	14010896	14010996	1	17
3R	23983905	23984356	1	17
2L	21122390	21124135	1	17
2R	9884003	9884085	-1	17
2R	11149512	11149601	-1	17
2R	10104410	10104717	1	17
3R	7748194	7748254	-1	17
X	15989269	15989392	-1	17
2L	16173824	16174057	1	17
3L	9415297	9415408	-1	17
3R	17685351	17685413	1	17
3R	29245319	29245383	-1	17
2L	22124217	22124782	1	17
X	10309666	10318418	-1	17
2R	22854413	22854480	1	17
2R	3901331	3918151	-1	17
3L	7239986	7240044	1	17
3L	20000061	20000121	-1	17
2L	10007342	10007414	1	17
3R	24059231	24059289	1	17
3R	31617460	31617522	1	17
2L	8041699	8041759	1	17
2R	6627215	6627312	-1	17
X	15894767	15894835	1	17
3L	21194957	21195034	-1	17
2R	8143075	8156055	-1	17
X	19342600	19342728	-1	17
2R	8010546	8010771	-1	17
3R	9568955	9569011	1	17
2R	12260189	12264743	1	17
3L	16414222	16414284	1	17
2R	11278982	11279046	-1	17
2L	8942453	8942509	-1	17
2R	6877123	6877221	-1	17
2R	19407922	19407975	-1	17
3L	19999744	19999936	-1	17
2L	21684912	21688474	1	17
3L	14753472	14753631	-1	17
2R	5979638	5980043	-1	17
3L	13023526	13023732	1	17
3R	21807735	21808489	-1	17
3L	4262748	4262806	1	17
4	694417	695214	-1	17
2R	12569406	12569461	-1	17
2R	5662377	5662456	-1	17
3R	5607849	5607953	-1	17
3R	23076215	23076828	-1	17
3R	11593767	11604142	-1	17
X	11794166	11794819	1	17
2R	1265294	1266192	1	17
3L	15969561	15969626	1	17
2L	13351612	13351669	-1	17
3R	3864561	3864613	1	17
2R	8132792	8132942	1	17
2R	9996622	9997704	-1	17
2L	9938511	9938565	-1	17
X	20234903	20235288	-1	17
2R	14622767	14622945	1	17
4	275720	276291	-1	17
3R	9402774	9402843	-1	17
X	19887414	19899012	1	17
X	10309749	10318418	-1	17
2R	18688369	18692041	1	17
3R	26879837	26880085	1	17
3R	8756213	8767674	-1	17
2R	13814582	13814644	1	17
3L	709024	709080	-1	17
X	22467866	22467922	1	17
3L	9459117	9459183	1	17
2L	6646948	6647951	-1	17
3R	10321227	10321465	-1	17
2R	14235188	14235286	-1	17
2L	16545439	16557879	1	17
2R	14741363	14741467	-1	17
X	13409750	13409814	-1	17
2L	20650461	20650537	1	17
X	4086053	4086170	1	17
3L	11062824	11062903	-1	17
3L	17236063	17237832	-1	17
3R	7197660	7198328	1	17
2R	18821284	18821493	1	17
2L	19047363	19047420	1	17
3L	14562284	14562377	1	17
3L	1587123	1592744	1	17
X	19198144	19198231	-1	17
2L	9952699	9952758	-1	17
2R	6810340	6810399	-1	16
2R	6627215	6627309	-1	16
3L	1501893	1502467	-1	16
2R	16145579	16145643	1	16
X	5396295	5396473	1	16
2R	13215800	13215856	-1	16
X	5383647	5394053	1	16
3R	10108912	10108976	-1	16
X	3256515	3258611	1	16
3R	27957745	27957807	-1	16
3L	13042540	13043166	1	16
2R	23992859	23992928	-1	16
3R	26210217	26229657	1	16
X	19334525	19340503	-1	16
2L	10229956	10231283	-1	16
4	930024	930080	-1	16
3R	17795914	17795995	1	16
X	138706	138770	1	16
X	22797306	22832404	1	16
2L	9257207	9272466	1	16
2L	10341766	10341822	1	16
2L	337199	337938	1	16
2R	17008537	17008597	-1	16
3R	6364726	6365004	-1	16
3R	7083892	7083948	-1	16
X	11066931	11067776	1	16
X	12989240	13030757	1	16
3R	18191046	18191109	1	16
2R	17670329	17670387	1	16
3L	19996969	19997031	1	16
2L	10429660	10429715	1	16
3L	7063151	7077182	-1	16
3R	21354695	21354974	-1	16
3R	29801867	29801928	-1	16
3L	8622359	8622411	-1	16
2R	10104831	10104941	1	16
3L	9806573	9807720	1	16
3L	967538	972244	1	16
3R	21309616	21309894	1	16
3L	4242091	4242144	1	16
X	9684152	9686639	-1	16
4	537761	538538	1	16
3L	4004342	4004516	1	16
2L	11152027	11152139	-1	16
X	20923611	20924978	-1	16
4	427604	427667	1	16
3R	23668468	23669587	-1	16
3R	7071218	7071273	1	16
X	2151847	2151917	-1	16
2R	16764375	16765833	-1	16
2L	21666378	21668106	-1	16
2R	14159057	14159133	1	16
3R	23696686	23696752	-1	16
2L	325825	334120	1	16
2L	9165843	9165943	-1	16
2R	18523708	18524233	1	16
2L	413655	414443	-1	16
3R	24326896	24326957	1	16
X	7009664	7009774	-1	16
3L	750228	752272	1	16
3R	16447135	16450967	-1	16
3L	20839341	20839398	-1	16
2R	5204279	5210502	-1	16
3R	8653478	8653546	1	16
4	864412	865348	-1	16
3R	27952925	27952993	-1	16
3R	8943401	8943465	-1	16
2R	19423798	19424823	-1	16
X	15343674	15343733	-1	16
3L	20297499	20297564	-1	16
3L	6624697	6626421	1	16
3R	29132303	29132376	1	16
2L	10216451	10216510	-1	16
3L	12394043	12394109	-1	16
X	11162455	11162516	1	16
X	7000264	7002772	1	16
X	8418427	8423184	1	16
2R	9115661	9115719	1	16
3R	24674882	24675167	1	16
2L	14217070	14222017	-1	16
X	5176789	5177567	1	16
2R	21512178	21514209	1	16
3L	16052151	16052755	1	16
3R	23249964	23250023	-1	16
4	93274	94423	1	16
2R	16421733	16422680	1	16
3R	21021305	21021405	-1	16
2R	7467317	7467474	-1	16
2R	24785684	24785736	-1	16
2L	12040380	12040438	-1	16
4	587094	587149	1	16
2L	8210474	8210550	-1	16
X	8688903	8688962	-1	16
3L	9665700	9667702	-1	16
2R	6809512	6809570	-1	16
4	121800	121853	-1	16
4	943021	943103	1	16
2R	20586730	20586804	-1	16
4	680305	680440	1	16
3R	18573530	18586279	1	16
X	15084563	15084626	-1	16
3L	998292	998351	-1	16
2L	14209118	14217027	-1	16
2L	11175292	11199594	-1	16
2R	6081416	6081736	-1	16
4	120213	120858	-1	16
3L	20001437	20001850	1	16
2R	24527046	24527106	1	16
2L	8107881	8110481	1	16
2L	3322757	3322816	1	16
3R	25125775	25125834	-1	16
4	178837	178937	-1	16
X	6123599	6123694	-1	16
3L	5667943	5668006	1	16
2L	3516678	3516736	1	16
4	1174929	1174982	-1	16
3R	5294856	5295641	-1	16
3L	23319178	23319234	-1	16
2R	16608335	16618804	1	16
X	10765803	10767981	-1	16
X	10519778	10522803	-1	16
3R	20438136	20449445	-1	16
3L	17654901	17655218	1	16
2R	24991273	24991810	-1	16
2R	12579357	12579415	-1	16
4	249978	250034	-1	16
3R	11237341	11237400	1	16
X	16360879	16360932	1	16
2R	9897691	9898375	1	15
X	13198976	13199048	-1	15
3R	28047722	28049319	1	15
2R	7244540	7244611	1	15
X	1774223	1778612	1	15
3R	27666000	27666064	1	15
3L	6739826	6739896	-1	15
2R	5669420	5669481	1	15
2R	5307353	5307414	1	15
X	16329371	16329515	-1	15
3R	8562316	8562412	-1	15
X	8056138	8059867	-1	15
2L	339442	340710	1	15
2R	13440329	13440392	-1	15
3R	28148252	28158989	1	15
2L	13905719	13906566	1	15
3R	8000504	8000586	1	15
2R	13623831	13654284	1	15
2L	1047023	1047956	-1	15
X	19353584	19362967	1	15
3R	21302840	21309455	1	15
2R	12032826	12032889	1	15
2R	8615250	8615903	1	15
2R	24088544	24088604	1	15
3L	3232240	3232298	1	15
2R	16856304	16856806	1	15
2R	14365172	14365227	1	15
X	13758307	13758360	1	15
3R	24509640	24510141	-1	15
3L	3833789	3833976	1	15
2L	10274106	10274165	-1	15
2L	13462201	13483428	1	15
3R	14902891	14903212	-1	15
2R	12653128	12653182	1	15
3R	9332626	9332683	-1	15
3L	4188775	4189676	1	15
3R	21069020	21070278	1	15
3R	8031712	8031782	1	15
2R	23684933	23684995	-1	15
2R	23993054	23993115	-1	15
3L	4188885	4189676	1	15
2R	13225625	13225691	1	15
X	19494837	19494900	-1	15
X	1470340	1470402	1	15
X	21383628	21383700	1	15
2R	4786884	4786966	1	15
3L	5909597	5909664	1	15
2L	7028667	7028727	1	15
4	215268	215330	-1	15
X	8559859	8559921	-1	15
2R	24785684	24785742	-1	15
X	15828650	15828716	-1	15
3R	25993485	25993665	1	15
3R	28325820	28326054	-1	15
X	15341163	15341222	-1	15
X	19631067	19632637	-1	15
2L	5339483	5339545	-1	15
2L	3905588	3910989	-1	15
2L	7999168	7999249	1	15
3R	24343040	24343103	1	15
3R	25039822	25039886	1	15
X	4450802	4450877	1	15
2R	10105068	10105702	1	15
X	2712023	2712093	-1	15
3R	18283358	18283415	-1	15
2L	6790743	6790799	-1	15
4	892950	893455	-1	15
3L	11519015	11519079	-1	15
2L	16843395	16843513	-1	15
X	12731907	12732352	-1	15
3L	5424276	5429163	1	15
2R	19442741	19442801	1	15
2R	15204176	15204235	1	15
2R	5979638	5979701	-1	15
X	7322473	7322557	-1	15
3L	9123911	9125167	-1	15
2L	6273127	6278679	1	15
X	10782096	10782173	-1	15
3R	22278756	22279229	1	15
2L	10313241	10313306	-1	15
X	11609714	11610202	-1	15
3L	23127252	23127313	1	15
3R	21626851	21632133	-1	15
3L	18887747	18890190	-1	15
2R	24892549	24894084	1	15
3R	27942134	27942435	1	15
X	2442733	2443734	-1	15
4	478869	480035	-1	15
3R	23983911	23984433	1	15
X	18039731	18040202	-1	15
2R	24135368	24135430	-1	15
2L	2214885	2215014	1	15
X	15961720	15961835	-1	15
3L	9730641	9730733	1	15
2L	10440506	10440561	1	15
2R	16633011	16633081	-1	15
2R	22414510	22414570	-1	15
2R	6754845	6754899	1	15
3L	9112788	9113046	-1	15
2L	9727257	9732955	-1	15
X	15572446	15572510	-1	15
2L	16602086	16603824	1	15
2R	11841763	11841846	1	15
X	18381970	18382040	-1	15
4	446752	446821	1	15
2R	2053619	2116217	-1	15
4	97976	99406	1	15
3L	11059304	11059355	1	15
3R	24059004	24059062	1	15
2L	10225150	10225279	-1	15
X	19640240	19640302	1	15
2R	5328029	5329010	1	15
2R	24527178	24527237	1	15
3L	22269727	22269789	1	15
X	19600562	19600636	-1	15
2R	14253493	14253553	-1	15
3R	30180455	30180509	1	15
3L	217776	217855	1	15
2R	5647825	5652499	-1	15
X	7985357	7985434	1	15
3L	14984121	14984211	1	15
3R	5569972	5570028	1	15
3R	27272197	27272841	-1	15
2L	21617433	21617494	-1	15
2R	7069581	7069652	1	15
X	19618188	19618250	-1	15
2L	2400351	2401107	1	15
3R	25067079	25067133	-1	15
2L	16506853	16506929	1	15
2R	23191605	23203567	-1	15
2R	9536093	9536152	1	15
3L	27147696	27156010	1	15
2L	2772654	2779183	-1	15
3R	16052834	16052889	1	15
2R	9102898	9102957	1	15
3L	23100358	23102122	1	15
3L	19836046	19836121	1	15
3R	16551966	16552361	1	15
3L	10516163	10517962	1	15
2R	6081841	6081912	-1	15
4	263341	264352	1	15
X	129418	132807	1	15
2R	24607522	24608935	1	15
2L	15029732	15029790	1	14
2L	1170957	1171030	-1	14
3R	23996280	23997112	1	14
X	198347	198434	1	14
3L	22969183	23002053	1	14
3R	27261941	27262116	-1	14
2L	6917163	6917341	-1	14
3L	12341047	12341134	-1	14
3R	23861506	23861577	-1	14
2L	6655014	6655070	-1	14
X	18907860	18908277	1	14
2L	7182640	7182707	1	14
2L	21380479	21382019	1	14
3R	15970093	15970155	-1	14
3R	24662523	24664364	1	14
3R	7872119	7885854	-1	14
2R	10515659	10515835	-1	14
3R	30004158	30004304	-1	14
2R	22223978	22224032	-1	14
X	12476269	12476337	1	14
2R	7027642	7027702	1	14
2L	13967695	13967751	-1	14
X	21054743	21060492	1	14
2R	16386751	16398829	1	14
2L	21140491	21140569	-1	14
4	319668	329218	1	14
2R	13826482	13829640	1	14
2L	19792452	19792510	1	14
X	15758318	15760125	-1	14
2R	12639771	12639830	1	14
2R	1590884	1590940	1	14
2L	10832097	10837280	-1	14
3L	12122774	12122837	-1	14
3L	11629599	11630467	1	14
3R	1467259	1588295	1	14
2L	823570	823637	1	14
3L	5997654	6018060	1	14
3R	10044250	10044304	1	14
3L	1659991	1660197	-1	14
3R	20252917	20253627	1	14
3R	20033627	20034042	1	14
3L	7778737	7778798	-1	14
3R	16625343	16625969	1	14
4	320045	328167	1	14
2R	13827410	13829640	1	14
3R	21357365	21375060	-1	14
3L	1564281	1568418	-1	14
2L	7787032	7787095	-1	14
3R	24818439	24818586	1	14
2L	7444860	7444927	1	14
2R	24383620	24383924	-1	14
2L	20064573	20064625	-1	14
3L	24724431	24725824	1	14
3L	8444553	8449149	1	14
X	14234895	14234959	-1	14
2R	20313862	20316451	-1	14
2R	17591964	17592028	-1	14
2L	10348197	10348660	-1	14
3R	10037891	10041972	-1	14
2L	10265951	10266007	1	14
4	1040079	1043468	-1	14
X	16389328	16389396	-1	14
X	14324859	14355463	1	14
3L	11196876	11197400	-1	14
3L	234505	234568	-1	14
3R	11654966	11655123	1	14
3R	8242847	8242918	-1	14
2R	15180711	15188756	1	14
2R	14092502	14114216	-1	14
2R	14865059	14865172	-1	14
3L	5425284	5429163	1	14
3R	4735804	4737023	-1	14
2R	12757435	12757499	-1	14
3R	12855768	12855825	-1	14
3R	18970289	18970631	1	14
3R	27565855	27565918	-1	14
2R	24664680	24664854	1	14
4	1246197	1247102	1	14
3R	27156073	27156141	1	14
3L	21424657	21424718	-1	14
3R	18973160	18973988	1	14
3R	31413146	31418293	1	14
3R	21084477	21084538	-1	14
X	15878472	15878597	-1	14
2R	15527718	15531135	-1	14
3R	5416899	5437136	1	14
3R	23983916	23984367	1	14
3R	18022673	18022730	1	14
3R	29115687	29115748	1	14
2R	11443113	11444684	1	14
2R	14865275	14865342	-1	14
4	472678	473147	-1	14
3L	3379797	3379864	1	14
X	19741169	19744262	-1	14
X	5818595	5819015	1	14
2L	19515108	19515168	-1	14
2L	10997426	10997493	1	14
2R	23946262	23946438	1	14
3L	11196876	11197505	-1	14
3R	13647201	13647383	1	14
2R	17701895	17702075	1	14
3R	17537295	17537356	-1	14
3R	8724383	8724451	1	14
3L	3899544	3899771	-1	14
3L	7158515	7158579	1	14
2L	10258174	10258235	-1	14
2L	5985221	5985343	1	14
X	11152128	11152238	1	14
2R	24888762	24888822	-1	14
3R	23255624	23255701	-1	14
3R	15230028	15230097	1	14
2L	9709560	9709622	-1	14
2L	5068228	5068296	1	14
X	15735175	15735247	1	14
3R	24555963	24556236	1	14
3L	8470188	8470285	1	14
X	16626248	16626570	-1	14
2R	25255938	25256158	1	14
2R	12633746	12633807	1	14
X	18820043	18820334	1	14
2R	1516168	1516222	-1	14
2R	22382109	22382167	1	14
2R	19435251	19435314	-1	14
X	12850811	12868228	-1	14
4	121957	122309	-1	14
X	19344990	19347638	-1	14
X	17822560	17822625	-1	14
X	13586093	13589922	1	14
2R	18688742	18692041	1	14
3R	30800964	30806288	-1	14
X	8548526	8550083	1	14
3R	12752627	12754631	-1	14
2R	10461444	10461513	1	14
3R	25043823	25043881	-1	14
3L	234653	234982	-1	14
2R	5184661	5185575	-1	14
2L	15094233	15094679	1	14
3R	12475825	12477406	-1	14
3R	26843263	26843445	-1	14
3R	28813815	28813881	1	14
2R	20275928	20275986	1	14
3R	5972316	5972370	-1	14
3R	13662232	13662297	1	14
3R	23983905	23984343	1	14
3R	23983903	23984476	1	14
X	52722	52811	-1	14
3L	21059072	21063991	1	14
2L	2752841	2753372	1	14
3R	23979236	23979299	1	14
X	14931986	14932048	1	14
2R	2553878	2565119	-1	14
X	11139935	11140001	-1	14
3L	148842	148895	1	14
X	22995915	23004429	-1	14
3L	6948110	6948278	1	14
3R	12446562	12446623	1	14
3R	24104964	24105185	-1	14
3R	21306707	21307541	1	14
4	1050393	1050455	-1	14
3L	16064000	16064227	1	14
2R	24892079	24892284	1	14
3L	9553537	9575651	1	13
X	15758318	15760240	-1	13
X	560777	570862	1	13
X	12196624	12197186	1	13
3L	16077283	16077723	1	13
4	281988	282436	-1	13
2R	20977246	20977317	1	13
3L	21823053	21823111	1	13
3L	7239794	7239883	1	13
3R	19412571	19415633	1	13
3L	3198432	3198752	-1	13
3R	11815334	11816277	-1	13
X	13953227	13967270	-1	13
3R	23983810	23984305	1	13
2L	17373518	17373579	-1	13
3L	19601148	19601210	1	13
3R	5640949	5641062	-1	13
3R	30005422	30009678	1	13
3R	31935392	31936690	-1	13
2L	11165679	11165745	-1	13
4	115203	115258	-1	13
2R	10090800	10091757	1	13
2L	12311094	12312376	1	13
3R	12462803	12462856	-1	13
2L	17485229	17485302	1	13
2R	20320689	20321678	1	13
X	15935343	15935417	-1	13
2R	4560790	4562845	1	13
2L	1014975	1015035	-1	13
3R	11628237	11628295	1	13
3R	14737484	14740380	-1	13
3R	25494079	25494215	-1	13
2R	22614722	22619805	1	13
4	885892	898393	-1	13
3L	25961541	25969034	-1	13
2R	17699169	17699351	1	13
2R	9399869	9399948	-1	13
2L	17190231	17190297	-1	13
2R	11380794	11381573	-1	13
3R	14889410	14889470	-1	13
X	2634026	2634827	1	13
2L	4308860	4314202	1	13
3L	21619618	21619674	1	13
3L	4379597	4379931	-1	13
3R	5580046	5580115	-1	13
2R	24020322	24020384	-1	13
3L	12785607	12785672	-1	13
3R	30165978	30166035	-1	13
3R	9790266	9790320	-1	13
3L	6755124	6755420	-1	13
2L	9854879	9869532	-1	13
3R	23748681	23748745	1	13
X	16082976	16091147	-1	13
3L	8971047	8971103	1	13
3R	25354316	25354948	-1	13
3R	9361866	9362053	1	13
4	1048559	1049187	-1	13
2L	12040380	12040438	1	13
X	1486592	1489452	-1	13
3R	9723800	9723860	-1	13
2R	22876093	22876145	1	13
X	15929916	15929981	-1	13
3L	13023394	13023483	1	13
2R	10033704	10033757	1	13
3L	13638566	13664419	-1	13
X	17945349	17949921	-1	13
X	3175659	3175934	1	13
2L	19046143	19046207	1	13
3R	16573691	16573755	-1	13
2R	24559775	24559830	-1	13
2L	17401059	17401113	1	13
3R	18733365	18733429	-1	13
3L	11226569	11226636	1	13
3R	9420048	9432032	1	13
3R	25887232	25887298	1	13
2L	4874170	4874887	1	13
2R	2053292	2053345	-1	13
2R	18288389	18289535	-1	13
2R	7483565	7483647	-1	13
3L	25708979	25709037	1	13
2R	23061782	23061847	-1	13
2L	19179984	19180042	-1	13
2L	10255271	10255721	-1	13
X	5648178	5648420	-1	13
3L	2556730	2556792	-1	13
2R	22071708	22071766	-1	13
3L	19542469	19542535	-1	13
2R	18878641	18902866	1	13
2L	21635036	21635092	1	13
3L	3051766	3051968	1	13
2R	24891838	24892217	1	13
2L	21175225	21175280	-1	13
X	22832439	22866051	1	13
2L	21105009	21114594	1	13
X	15902333	15905774	1	13
2L	1149587	1149651	-1	13
X	3481370	3482026	-1	13
2R	18821119	18821184	1	13
3R	16434229	16434285	1	13
3L	11690109	11690226	-1	13
2L	17815718	17827421	-1	13
2R	23865774	23866187	1	13
X	9094349	9094411	-1	13
2R	19406089	19407841	-1	13
X	17642831	17643023	-1	13
3R	18331841	18333279	-1	13
X	10836630	10836693	-1	13
X	10797664	10797836	-1	13
2R	16931144	16931199	1	13
3L	11062229	11062291	-1	13
X	13713142	13713201	1	13
3L	7696725	7696780	-1	13
3R	25044290	25044526	-1	13
2R	24066314	24066561	-1	13
X	2584549	2584667	-1	13
2R	4722326	4726624	-1	13
3L	17074277	17074353	-1	13
2L	20925175	20925264	-1	13
3R	6407092	6407478	1	13
2R	23946078	23946137	1	13
X	7926700	7926765	-1	13
X	12197256	12233276	1	13
2L	3872948	3873019	-1	13
X	5479156	5480833	1	13
3R	30133449	30133510	-1	13
2L	19043884	19043936	-1	13
3R	8011235	8011295	-1	13
2L	21356683	21356740	1	13
3R	24189361	24189422	-1	13
3L	17073791	17074193	-1	13
2R	7990868	7990928	1	13
3R	31749522	31749581	1	13
2R	19443099	19443160	1	13
3L	19611208	19611325	-1	13
X	9795062	9811788	1	13
2L	5204904	5205104	1	13
3L	9353830	9353888	-1	13
3L	27083594	27083737	-1	13
3R	11505527	11505589	1	13
X	14203285	14203441	1	13
X	13728818	13728880	-1	13
2L	19007978	19008033	1	13
2L	20993378	21028637	-1	13
3R	16204537	16204894	-1	13
2L	11109508	11110159	1	13
X	4429499	4450688	1	13
X	3720514	3721376	1	13
3R	24060945	24061011	1	13
3L	1635685	1636818	-1	13
3R	9582122	9583454	1	13
X	273393	273470	-1	13
3L	5756434	5756497	1	13
2R	2495024	2520579	-1	13
3L	19568717	19569661	-1	13
2L	23166880	23174062	-1	13
3L	9091626	9091737	1	13
2L	6025951	6031293	-1	13
X	2966081	2973401	-1	13
4	481142	481209	-1	13
3R	23984148	23984440	1	13
2R	8615477	8615903	1	13
2R	17217076	17275410	1	12
3L	21195131	21195186	-1	12
2L	475852	475916	1	12
2L	4815858	4815916	-1	12
2R	13221377	13221440	-1	12
3R	20299011	20299081	1	12
3R	14367500	14369390	-1	12
2L	10179520	10180107	-1	12
X	3256212	3258614	1	12
3L	1198231	1198299	1	12
3L	21025549	21026040	-1	12
3R	11208182	11208247	1	12
2R	5090642	5091872	1	12
3L	8048444	8049869	1	12
3R	21179205	21179268	1	12
3R	18931388	18937523	1	12
2L	7223698	7227104	-1	12
3L	19816662	19816720	-1	12
3L	5607466	5607552	-1	12
2L	12272085	12278837	1	12
3L	23013040	23013194	1	12
3R	9647142	9648983	1	12
X	13197177	13197247	-1	12
X	3256318	3258611	1	12
4	549874	550754	-1	12
2L	10329263	10329322	-1	12
X	20426908	20426965	-1	12
3L	23007708	23010159	1	12
3R	31219049	31219536	-1	12
3R	15954235	15954583	1	12
3R	14006020	14026878	-1	12
3R	31254024	31254079	-1	12
3R	25916644	25916700	1	12
2L	560038	560097	1	12
2R	23910824	23911391	1	12
3R	30519764	30523228	-1	12
3R	13658565	13658637	-1	12
3L	13602477	13638517	-1	12
3L	24927164	24927236	1	12
2R	18636822	18636888	-1	12
3L	5163150	5163345	-1	12
2L	17714497	17717843	-1	12
2R	24063574	24064734	1	12
2R	8011093	8011172	-1	12
4	1226445	1226505	-1	12
X	20315950	20330118	-1	12
3R	19594399	19594500	1	12
3L	19882589	19882654	-1	12
3L	16766541	16773714	1	12
3R	7083587	7083690	-1	12
X	3100319	3113168	1	12
X	638721	638781	1	12
3L	8415458	8415527	1	12
2R	8930534	8930591	1	12
2L	21381669	21382019	1	12
X	15338705	15338837	1	12
2R	20641119	20641181	1	12
3L	21622053	21622114	-1	12
2R	18821284	18821976	1	12
X	15733554	15733711	-1	12
2L	7033019	7034199	1	12
2R	24691874	24691981	-1	12
3L	9895877	9895958	-1	12
3R	31598953	31599281	-1	12
3L	25874086	25874142	-1	12
3L	8889063	8889164	1	12
3R	13666249	13666419	1	12
2R	2857142	2862878	1	12
3R	5761447	5761646	-1	12
2R	21012103	21012162	1	12
2L	8369761	8369828	1	12
X	8068784	8068870	1	12
X	11612105	11612176	1	12
2R	20623970	20624030	1	12
3R	21115102	21115251	1	12
3L	23738185	23740161	1	12
2L	18384894	18387287	1	12
3L	5800718	5805828	-1	12
3L	16350953	16351120	-1	12
2R	14298214	14298375	1	12
3R	29855044	29855953	-1	12
2L	13836433	13872074	1	12
2R	16088366	16088452	-1	12
X	16336744	16336851	1	12
2R	19588744	19600882	-1	12
3L	277756	278178	1	12
2L	11152272	11152335	-1	12
2R	6754439	6754702	1	12
2L	19513252	19513309	-1	12
3R	22364128	22364197	1	12
2R	24727160	24736614	-1	12
2R	20645369	20645428	1	12
3L	19263525	19263840	-1	12
X	8041045	8041111	-1	12
3L	12336718	12336779	1	12
3L	20839466	20839524	-1	12
2L	12175771	12176804	-1	12
2R	19217845	19218131	1	12
3R	23983960	23984305	1	12
3R	20795275	20797144	1	12
3R	9634476	9634537	-1	12
3R	11233325	11233402	-1	12
3L	10636785	10636846	-1	12
3L	9150821	9169792	-1	12
2R	23950390	23950454	1	12
3R	17890596	17890661	-1	12
2L	10438697	10438756	1	12
2R	22995000	22995324	-1	12
3R	895894	947426	1	12
2R	7969477	7969574	-1	12
3R	5593888	5594142	1	12
2L	10225433	10225504	-1	12
3R	11392686	11395947	1	12
3R	10083853	10089061	1	12
X	9148626	9148695	-1	12
2L	5068395	5069127	1	12
3R	7196394	7198328	1	12
2R	16634904	16637648	-1	12
2L	4459430	4459484	-1	12
2R	24037141	24037201	-1	12
3R	4735558	4735642	-1	12
3L	20515384	20515444	-1	12
X	22866943	22867739	1	12
2R	24993922	24994012	-1	12
2L	1014717	1014777	-1	12
3L	23741085	23746190	1	12
3R	18430965	18432564	-1	12
3R	20676375	20676442	-1	12
2L	9897132	9897473	-1	12
X	7285785	7285914	-1	12
2L	6646948	6647747	-1	12
3R	16442349	16442403	-1	12
2L	7184204	7184608	1	12
2R	5242063	5242385	-1	12
2L	9797853	9797912	-1	12
3L	20313885	20314608	-1	12
2R	9089225	9089291	1	12
X	19616407	19616470	1	12
2R	7779886	7781727	-1	12
3R	30177390	30177454	1	12
2R	12259466	12260040	1	12
3R	22465676	22465737	1	12
2R	4787076	4787138	-1	12
2L	13240711	13240763	1	12
2L	10402334	10402407	1	12
2R	15540641	15540700	-1	12
X	1930593	1938110	1	12
X	15094614	15094667	1	12
3L	20881811	20885037	-1	12
X	13813806	13813875	-1	12
2R	24173256	24173316	1	12
3R	5151729	5153523	1	12
3R	17006502	17006576	1	12
3L	250614	250671	-1	12
3L	16131439	16131496	-1	12
X	5672876	5672998	1	12
2L	9655770	9655851	1	12
3R	7974866	7975128	-1	12
3L	13525211	13532954	-1	12
2L	7648890	7648958	-1	12
3R	25130789	25130847	1	12
3R	18167868	18169484	1	12
2R	9793406	9803334	-1	12
3L	26013569	26013709	-1	12
3L	18798856	18800108	-1	12
2L	2793265	2793328	-1	12
2L	10178478	10180107	-1	12
4	876240	876296	-1	12
3R	32049870	32051269	-1	12
3R	23983905	23984374	1	12
3R	22303181	22303557	1	12
2R	20136799	20136964	-1	12
2L	9556399	9566433	-1	12
3R	23983928	23984369	1	12
X	4841441	4869496	-1	12
3L	11063124	11063187	-1	12
3R	23768330	23768457	1	12
2L	21137107	21137515	-1	12
X	8283158	8285016	-1	12
2L	20826971	20827032	1	12
3L	8983474	8983532	-1	12
X	18521040	18547826	1	12
2R	12092669	12092747	-1	12
2L	12714547	12714649	-1	12
3R	20958168	20960726	1	12
3R	20390431	20390758	-1	12
4	613796	613937	1	12
2L	8355975	8356045	-1	12
2L	1015928	1015993	-1	12
3L	17803112	17803173	-1	12
3R	30883918	30883976	-1	12
X	8060159	8061376	-1	12
2L	15064949	15065190	-1	11
2L	21741736	21741795	-1	11
3L	17221843	17235352	-1	11
2R	12153729	12153906	1	11
X	19479754	19479814	-1	11
3R	8359466	8359530	1	11
3R	18573526	18577567	1	11
3R	30208426	30208490	-1	11
2L	10399689	10399768	1	11
2L	566439	566498	-1	11
3R	17498549	17504040	-1	11
2R	14584011	14584118	1	11
2R	8080960	8081031	-1	11
X	6120350	6123389	-1	11
3R	9828796	9864969	-1	11
X	12566837	12568289	-1	11
2R	1442559	1442634	1	11
3R	17668996	17669056	1	11
X	5415042	5415322	-1	11
2R	8165049	8165107	1	11
3R	20958168	20963725	1	11
3L	14628405	14628463	-1	11
2R	21150924	21150983	-1	11
X	12917815	12918577	1	11
X	2705450	2705540	1	11
2R	18458471	18460566	-1	11
2L	10804627	10804830	-1	11
3L	11649492	11649551	1	11
3R	12624905	12624966	-1	11
2R	15221824	15221899	1	11
2R	7053722	7053848	1	11
3R	19874511	19875398	-1	11
3L	14746648	14746708	1	11
2R	11447209	11447270	1	11
4	876790	876870	-1	11
3R	17541587	17541667	1	11
3L	2632122	2633538	1	11
3R	11592625	11593322	-1	11
2R	3182520	3190619	1	11
X	15945329	15945397	1	11
2R	16429463	16429579	1	11
4	416825	419586	-1	11
3L	20522820	20523203	-1	11
3L	12137092	12137159	1	11
4	450317	450371	1	11
X	11149852	11149925	1	11
X	16882519	16882610	1	11
X	10244627	10249776	-1	11
2L	1034191	1046810	-1	11
2L	11606545	11621188	1	11
2R	16040260	16040892	1	11
2L	7786425	7786990	-1	11
X	13986075	13988545	-1	11
3L	6943102	6944432	1	11
2R	16762034	16762188	-1	11
3L	8112715	8113012	1	11
2L	10404755	10404829	-1	11
mitochondrion_genome	13023	13161	-1	11
3R	25875240	25875659	-1	11
3L	16788544	16788662	-1	11
2R	6754982	6755045	1	11
3R	7805639	7806654	-1	11
3R	20749659	20749741	1	11
3L	2897430	2923556	1	11
2R	23967463	23967516	-1	11
3R	9789882	9789954	-1	11
X	11290264	11293498	-1	11
2L	14600876	14601687	-1	11
2L	12142856	12145070	1	11
2L	3378071	3378156	1	11
X	9884869	9884938	1	11
3L	16966359	16967382	1	11
2R	13456253	13456316	-1	11
X	3632056	3645304	-1	11
2R	20330165	20330225	1	11
2L	10398393	10398444	1	11
3L	7804708	7808997	-1	11
2L	4943989	4944048	1	11
3L	18908213	18908286	1	11
2R	9289300	9289361	-1	11
4	992247	996512	1	11
2R	22873637	22873828	1	11
2L	1360374	1360492	-1	11
X	5837115	5837206	1	11
3R	27255971	27256034	1	11
3L	4913957	4917457	1	11
3L	17531036	17538662	1	11
X	15928931	15929173	-1	11
3L	21938255	21938320	1	11
3L	10693868	10693997	-1	11
3L	4284284	4284347	1	11
3R	10613801	10638624	-1	11
3R	15278444	15278502	-1	11
2L	12168370	12168428	1	11
2L	17810939	17815574	-1	11
3R	11966740	11966797	-1	11
3R	6407775	6436725	1	11
4	305179	305732	-1	11
3R	11416664	11416720	-1	11
3L	22136810	22183786	1	11
3R	9487204	9493557	-1	11
X	12652125	12652241	1	11
2R	8867534	8867598	1	11
X	10244627	10249963	-1	11
2L	9245713	9245777	1	11
2R	14237883	14237948	-1	11
2R	7010301	7010432	-1	11
2R	14619171	14619234	1	11
3R	23963212	23965800	1	11
3R	13232843	13232961	-1	11
2L	17590812	17590872	1	11
3R	24110275	24110333	-1	11
2L	6720943	6720997	-1	11
2R	23966128	23966272	1	11
2R	12667995	12669887	-1	11
2L	13687659	13689356	-1	11
3R	3865461	3866007	1	11
3R	17477059	17477545	-1	11
3R	22364958	22365019	-1	11
2R	22073905	22073967	-1	11
2L	155430	155546	1	11
3L	9113484	9123616	-1	11
2R	9059144	9059255	-1	11
3L	17844715	17844780	-1	11
4	574429	575335	1	11
3L	10593680	10593787	1	11
2R	13223113	13225467	1	11
3L	4405616	4405785	-1	11
2L	18370839	18370948	-1	11
2R	927571	929051	-1	11
X	16594531	16594691	1	11
X	2250581	2250647	-1	11
X	13662687	13662755	1	11
X	13196976	13197038	-1	11
3R	7888930	7889096	1	11
X	13206830	13211100	-1	11
3L	17544185	17544256	1	11
2L	8107001	8107066	1	11
3R	20978249	20978386	1	11
3L	20523285	20523352	-1	11
X	20062365	20062659	-1	11
X	13806665	13808370	1	11
3R	27292331	27292391	1	11
2R	24053136	24053198	-1	11
3R	19242824	19242888	-1	11
2L	10768577	10768644	-1	11
3R	20802552	20805947	1	11
X	530535	531627	1	11
X	13733442	13733496	-1	11
X	1775739	1778612	1	11
2L	19896324	19901933	1	11
2L	16168720	16169487	1	11
3L	9473682	9473955	1	11
3R	8649048	8649279	-1	11
2L	20576273	20583689	1	11
3L	9575723	9581391	1	11
3R	19852641	19853548	1	11
3L	21342137	21342194	-1	11
3R	19594099	19594369	1	11
2L	10343588	10343644	-1	11
3L	4022554	4022821	1	11
2R	12581940	12582289	-1	11
2L	15036521	15036575	-1	11
3R	18180002	18180066	-1	11
2L	5174317	5174641	1	11
3R	29864137	29864195	-1	11
3R	18943116	18947291	1	11
2R	13955045	13955215	1	11
3L	3129424	3129587	-1	11
X	15892252	15892828	1	11
2R	17699450	17699858	1	11
3L	11818188	11818254	-1	11
3L	7640207	7640270	-1	11
3L	12518668	12518733	1	11
3R	20797854	20798315	1	11
2R	24059283	24059339	1	11
2R	10116658	10116737	1	11
3L	5364016	5364084	-1	11
X	14828032	14828661	-1	11
3R	31737601	31737659	1	11
3R	9163629	9213760	-1	11
3R	16482214	16482280	-1	11
3R	4292073	4295120	1	11
2R	6697576	6698049	1	11
3R	14568600	14568664	-1	11
2R	8102545	8102608	-1	11
2L	10981113	10981179	1	11
X	6327599	6327664	1	11
3L	18749480	18749548	1	11
2L	4032770	4046469	1	11
3R	17673477	17673577	1	11
X	6840057	6840114	-1	11
2L	10440612	10444752	1	11
3L	7312231	7312942	-1	11
3L	9624373	9624425	1	11
4	308290	308431	1	11
2L	17406942	17406996	1	11
X	15962137	15962274	-1	11
3L	25114668	25114724	1	11
2R	5195195	5195251	-1	11
2R	10099851	10104256	1	11
X	8051530	8051695	-1	11
2R	4600088	4606764	1	11
3R	10133691	10134218	-1	11
3R	23979623	23980528	1	11
3R	22389234	22389314	-1	11
2R	18522444	18522517	1	11
4	134965	136879	1	11
2R	18821638	18821698	1	11
2R	6981686	6981743	-1	11
X	2589507	2595726	1	11
3R	31935392	31945622	-1	11
X	5332011	5332069	1	11
2L	201062	201127	1	11
2L	13773323	13773383	1	11
2L	12427388	12427469	-1	11
2R	15119372	15127800	1	11
3R	5791041	5791103	1	11
3L	22914300	22923362	1	11
2R	8910585	8910644	1	10
2R	4712046	4712101	-1	10
2L	16168649	16169487	1	10
4	280432	280497	-1	10
3R	23983924	23984305	1	10
2R	17868370	17868432	-1	10
3L	12336847	12336910	1	10
2R	10569253	10569821	1	10
4	204575	204640	-1	10
3R	7805639	7806591	-1	10
2L	7237791	7248829	-1	10
2R	5307653	5316269	1	10
X	6760347	6760414	1	10
3R	23197977	23209342	-1	10
3L	1967140	1967200	-1	10
3L	5760931	5760985	1	10
2L	20830797	20830861	1	10
2R	17276064	17351094	1	10
3R	6366288	6366348	-1	10
2L	5914116	5914175	1	10
3L	16355368	16355634	-1	10
4	997884	998623	1	10
2R	10033552	10033604	1	10
3L	19806453	19806510	1	10
3R	15381595	15381654	1	10
2R	13854919	13854975	-1	10
3L	19828946	19829020	1	10
4	66050	66105	-1	10
3L	20169064	20182626	-1	10
3R	9256528	9256587	1	10
3L	23150330	23150453	1	10
3L	4575759	4577917	1	10
4	1116080	1116326	-1	10
3R	24109589	24109656	1	10
3R	24356486	24356541	-1	10
2R	8724465	8726615	1	10
3R	16552467	16556227	1	10
3L	9130079	9130555	-1	10
2R	9312746	9370249	-1	10
3R	17804997	17805055	-1	10
2R	24891920	24892284	1	10
2R	9143237	9143620	-1	10
3R	11336213	11339658	1	10
3R	17678179	17682457	-1	10
3R	4697543	4698049	1	10
X	13740113	13740678	1	10
2L	10275630	10275697	-1	10
2L	1983961	1984019	1	10
3L	21573308	21573368	1	10
3L	27350322	27380953	1	10
X	19342838	19342900	-1	10
2R	6221277	6233266	1	10
X	18155591	18161013	1	10
2R	13826586	13829640	1	10
X	4115215	4115320	-1	10
3R	14315151	14315360	1	10
2R	18772899	18772958	1	10
X	6350055	6350122	-1	10
3L	15554223	15554290	1	10
2R	23811725	23811795	-1	10
3R	9472340	9472405	-1	10
2R	7674193	7674255	-1	10
3L	20424845	20424898	-1	10
2L	17739714	17751939	-1	10
2R	11305296	11305351	1	10
2R	4029945	4030002	1	10
3R	9418001	9439346	1	10
3R	12991683	12991744	-1	10
2L	9727257	9732916	-1	10
X	15786630	15786794	1	10
X	15991383	15991822	-1	10
3L	23840181	23873610	-1	10
3L	21100194	21130805	-1	10
3L	20846292	20846349	-1	10
3L	198690	198762	-1	10
X	1636913	1637000	1	10
3L	8450458	8451775	1	10
2R	8464600	8464653	1	10
3L	14075814	14075876	1	10
3L	5676949	5685533	1	10
X	7281750	7281823	-1	10
2R	10479426	10479482	-1	10
3R	23983924	23984283	1	10
3R	30877998	30878147	-1	10
3R	28820518	28820572	1	10
2R	17081850	17087223	-1	10
X	8090148	8093775	-1	10
X	10309666	10318472	-1	10
3L	12852522	12852616	1	10
2R	9113333	9113395	-1	10
3R	7078408	7078822	-1	10
X	16709913	16709985	1	10
3L	20523563	20523630	-1	10
2R	9095340	9095578	1	10
X	1637335	1647365	1	10
3L	17037256	17037320	-1	10
4	1181282	1181590	-1	10
4	583864	583936	1	10
3R	28341460	28342185	1	10
3L	21826415	21826475	1	10
2L	11110922	11110980	-1	10
3R	15951851	15954158	1	10
4	1033219	1033272	1	10
4	69982	72321	1	10
2L	21028682	21051003	-1	10
2R	12586073	12588716	-1	10
X	8518399	8531525	1	10
3L	7325883	7325959	1	10
4	1165488	1165550	1	10
3L	11250641	11251739	-1	10
4	1149214	1150608	1	10
3R	27272942	27273011	-1	10
4	903283	903337	-1	10
X	23281236	23433722	-1	10
2R	19408419	19408483	-1	10
3L	12412123	12412185	-1	10
3R	11995193	11995372	-1	10
2R	5657582	5657643	-1	10
2R	16762993	16763051	-1	10
2R	10437020	10437082	-1	10
2R	24762973	24763033	-1	10
2R	8119255	8119323	-1	10
3R	27599193	27599257	-1	10
3R	11624492	11624550	1	10
3R	29724440	29724496	-1	10
3R	19233140	19233201	-1	10
4	1004619	1005807	1	10
2L	12063871	12063929	-1	10
3L	23227548	23238837	1	10
2L	4970785	4971083	-1	10
2R	18094100	18094165	-1	10
2L	17410178	17410252	-1	10
3R	16632295	16632362	1	10
3R	24818701	24818803	1	10
3L	14801780	14801840	-1	10
3L	19572080	19572291	-1	10
2L	16173545	16173718	1	10
2R	22105575	22105646	1	10
X	19741203	19744262	-1	10
X	2265817	2265877	-1	10
2L	8008653	8008718	-1	10
4	1144114	1144966	-1	10
3R	5666962	5667098	-1	10
2L	2977531	2977587	1	10
2R	10358120	10364687	-1	10
2R	9780257	9793183	-1	10
2R	23845941	23846128	1	10
3L	14789214	14789319	1	10
3L	5545102	5550784	-1	10
2R	10805728	10808740	-1	10
2L	16469256	16471856	-1	10
X	5238268	5239426	1	10
2L	21318420	21318485	1	10
2R	13840645	13840705	1	10
2R	20589668	20595557	1	10
4	1046701	1047001	-1	10
4	1278926	1279010	1	10
2R	19460617	19470597	1	10
2L	21662453	21662518	1	10
X	8174999	8175069	-1	10
3L	3183145	3183200	1	10
2R	13830719	13830778	1	10
2R	495330	495604	1	10
3R	22717342	22719871	-1	10
2L	10398220	10398279	1	10
X	18354995	18355921	-1	10
2L	6474652	6474708	-1	10
2L	20422237	20422302	1	10
2L	8429463	8430281	1	10
3R	26967550	26969685	1	10
3R	10161027	10161082	-1	10
3R	24946296	24946884	1	10
4	1014527	1014583	-1	10
2L	12977910	12977977	1	10
3L	6943007	6944432	1	10
3L	9171091	9177094	-1	10
2R	9580748	9580818	1	10
X	22458261	22463539	1	10
3L	23007500	23007559	1	10
2L	17657234	17657313	-1	10
X	9163575	9165682	1	10
2R	13447329	13448997	-1	10
3L	16843731	16843792	1	10
3R	23693148	23693335	-1	10
2L	20647789	20647964	1	10
2L	6680284	6680346	-1	10
X	12475998	12476153	1	10
X	11664980	11666698	1	10
2R	9312746	9317293	-1	10
3R	15844765	15844822	-1	10
4	1015353	1015425	-1	10
3R	26666892	26681377	-1	10
3L	26008178	26013543	-1	10
4	885892	886965	-1	10
X	13295383	13295527	-1	10
2R	6168369	6168756	-1	10
3R	16471064	16471129	1	10
4	875485	875543	-1	10
X	4427540	4428198	1	10
2R	13829866	13830551	1	10
3R	8340772	8340913	-1	10
2R	22885357	22885414	-1	10
3R	12399209	12399272	-1	10
4	925949	926011	-1	10
X	6269466	6269531	1	10
2R	23389659	23389719	-1	10
3L	9150817	9169789	-1	10
3R	7244472	7244528	-1	10
3R	9265409	9265480	-1	10
2L	13497901	13497959	1	10
2L	9066761	9070832	-1	10
2R	14258370	14258432	1	10
3L	4287978	4288034	1	10
2L	17476097	17476159	-1	10
2R	18758584	18758641	-1	10
2L	13964739	13964797	1	10
3R	5855352	5855753	-1	10
4	1048149	1048504	-1	10
3L	5158658	5158748	-1	10
3L	12851154	12852427	1	10
3L	16077125	16077192	1	10
3R	4094075	4094149	1	10
2R	11447364	11447527	1	10
2R	23893419	23893475	-1	10
2L	21174976	21175033	-1	10
2R	15145272	15145383	-1	10
2L	3326364	3326431	1	10
3L	23330090	23330698	-1	9
2L	21836642	21836817	1	9
3L	514706	539899	-1	9
3R	29318141	29318274	-1	9
3R	20797677	20797747	1	9
2L	5174641	5174965	1	9
3R	31935776	31936823	-1	9
2L	19155794	19171590	1	9
3R	22678329	22678566	1	9
X	19706114	19706176	1	9
X	11975862	11976403	-1	9
2R	6627922	6632027	-1	9
2R	6084008	6084169	-1	9
3L	19263019	19263084	-1	9
3R	27646244	27646336	-1	9
2L	11076856	11076927	-1	9
3R	9259188	9259254	1	9
X	9071802	9071872	-1	9
2R	18836579	18836655	1	9
3L	12697004	12705220	1	9
2R	19435718	19435777	-1	9
2L	19514351	19514931	-1	9
X	17642700	17642778	-1	9
2R	17471796	17471855	1	9
2R	12924352	12924422	1	9
2R	21698601	21702677	-1	9
2L	9877279	9885932	-1	9
2R	15990100	15990170	-1	9
2R	10810758	10810823	-1	9
2L	10329136	10329196	-1	9
2R	20238005	20238259	1	9
2R	23945081	23945696	1	9
2R	13187909	13197677	-1	9
4	930132	930512	-1	9
2R	24174196	24174260	-1	9
2R	18630277	18630338	-1	9
4	902583	902826	-1	9
2R	14279643	14281395	1	9
4	871847	871912	-1	9
2R	16991663	16994160	1	9
2R	4728352	4728433	-1	9
3R	10602934	10605088	-1	9
X	645914	645990	1	9
2R	13415616	13415875	-1	9
4	447036	447101	1	9
3R	26799481	26826576	1	9
3R	27261944	27262227	-1	9
2L	18838159	18838509	-1	9
2R	16266654	16266719	1	9
3R	31799374	31799439	1	9
2L	14222082	14233648	-1	9
2R	9585672	9585731	1	9
3L	5901100	5901153	-1	9
2R	14157147	14157207	-1	9
2R	16986755	16994160	1	9
2R	13580547	13580844	-1	9
3R	20817428	20817495	-1	9
2R	12183578	12183639	1	9
3L	3211433	3211495	-1	9
2R	20644719	20644779	1	9
3L	20715684	20716799	-1	9
2R	23883479	23883747	-1	9
2R	5149157	5152789	1	9
2R	13591879	13592894	-1	9
3L	9470438	9470560	1	9
3L	11996326	11996384	-1	9
3R	21972464	21975155	1	9
2R	3918418	3918475	-1	9
3R	23983901	23984357	1	9
2L	13609988	13610056	1	9
X	12286707	12286860	1	9
3R	9241083	9241147	-1	9
2R	16859575	16859633	1	9
3L	24726293	24728297	1	9
2R	14114297	14139789	-1	9
X	11058486	11059280	-1	9
3R	21155072	21155233	1	9
X	576770	578014	1	9
X	12886670	12896718	-1	9
2R	4607321	4608359	1	9
X	16528022	16533059	-1	9
3R	21771837	21771902	-1	9
3L	22749993	22777111	1	9
2R	16986006	16986071	1	9
X	18892686	18892759	-1	9
2R	3122085	3182392	1	9
X	15468450	15468514	-1	9
2L	2960987	2961218	1	9
X	10075628	10078486	-1	9
3R	14277543	14279093	-1	9
3R	4281916	4282674	1	9
2R	9922004	9928900	-1	9
2R	5294713	5294797	1	9
3L	12747204	12747275	-1	9
2R	24004610	24030645	-1	9
4	351210	351586	-1	9
2L	20096804	20096866	-1	9
3L	23216108	23227438	1	9
X	11140110	11140178	-1	9
2R	4458381	4458441	-1	9
3L	19602061	19602656	1	9
3L	5716280	5717538	1	9
2L	7417479	7417547	1	9
2R	16765642	16765833	-1	9
2R	24991273	24991565	-1	9
2L	16828553	16828617	1	9
3R	12699336	12703639	1	9
2L	13560452	13565220	1	9
2L	6121944	6122005	1	9
2L	2814757	2814807	-1	9
3L	23325957	23326688	-1	9
3R	4249018	4249191	-1	9
3R	32053556	32053623	1	9
2L	21661466	21661530	1	9
3L	27083594	27083646	-1	9
3R	5592781	5592859	1	9
3L	20392490	20392641	-1	9
3L	1661019	1661109	-1	9
4	1145104	1146470	-1	9
3L	14231636	14231927	1	9
3R	19867509	19867575	-1	9
2R	19437582	19437955	1	9
2L	19134277	19145794	1	9
3R	31354615	31355611	1	9
2R	5117803	5120763	-1	9
2R	18688512	18692041	1	9
X	3190577	3244735	1	9
3L	12519071	12519144	1	9
X	17286877	17286937	-1	9
2R	13000052	13000144	1	9
3R	14879761	14879832	1	9
3R	21376742	21376819	-1	9
3L	1658465	1658520	-1	9
2R	16589761	16589817	-1	9
2R	9997890	9998271	-1	9
X	11622423	11623753	1	9
3L	2236730	2236801	1	9
2L	21142013	21142239	-1	9
2L	5042891	5043078	-1	9
X	5744700	5746772	-1	9
3R	19865298	19866414	1	9
X	2637992	2641125	1	9
3R	23983916	23984353	1	9
3R	12424517	12424611	-1	9
2R	24871646	24871709	-1	9
4	1057573	1057638	-1	9
3R	18937641	18943053	1	9
2L	4994717	4994787	-1	9
2L	11283534	11283593	1	9
4	1146218	1146470	-1	9
X	15976314	15976372	1	9
X	6484320	6484775	-1	9
2R	23924095	23924416	1	9
3L	5428455	5429163	1	9
3L	2587514	2587751	1	9
3R	26453242	26453569	1	9
3R	4333160	4333222	-1	9
X	18860943	18861046	1	9
3R	17803657	17803856	-1	9
3L	6617316	6617768	1	9
2R	24063428	24065306	1	9
X	17143768	17146825	-1	9
3R	18242910	18247433	1	9
3R	18972920	18972982	1	9
2L	19133352	19133409	-1	9
X	9159077	9159140	1	9
X	16070869	16071035	-1	9
3R	9439706	9440681	1	9
2L	20859902	20860682	1	9
X	19363022	19433154	1	9
3R	23983935	23984222	1	9
3L	1632429	1636866	-1	9
2L	2401334	2401890	1	9
X	1512358	1512413	-1	9
3R	30016595	30016660	-1	9
3R	12215954	12216881	-1	9
3R	27109059	27109127	-1	9
X	11405996	11406072	1	9
3L	11918668	11936973	-1	9
X	5383380	5383542	1	9
X	15800038	15800096	1	9
3R	9466632	9467354	-1	9
X	11052858	11053034	-1	9
3R	25679159	25679214	1	9
3R	13695643	13695706	-1	9
X	4539604	4539664	-1	9
2R	13058222	13058317	-1	9
X	3664670	3664811	1	9
3L	4588125	4589787	1	9
X	16794637	16794696	1	9
2R	12628302	12628439	1	9
2L	10970688	10970748	1	9
3R	5757082	5757144	-1	9
2R	12882533	12882742	1	9
2L	1113766	1113826	1	9
2R	15874450	15874512	-1	9
3L	17236063	17237880	-1	9
3R	15229741	15229801	1	9
3R	13661433	13661702	1	9
3R	24067626	24102779	-1	9
2R	23955997	23956053	1	9
2R	20595664	20595758	1	9
2L	10966622	10968134	-1	9
3R	14882805	14882897	-1	9
3R	20054167	20055728	-1	9
3R	5592039	5592568	1	9
2L	10420346	10420401	1	9
3R	22729880	22729947	1	9
2R	17008786	17008846	-1	9
2R	11441491	11441935	1	9
3R	27643974	27645225	-1	9
3R	10331642	10331698	1	9
3R	21269685	21269745	-1	9
3L	9896123	9896179	-1	9
4	204793	205741	-1	9
4	320045	328167	-1	9
X	4076427	4077875	1	9
3R	9455718	9455781	-1	9
4	560887	562908	1	9
3L	10884660	10884734	-1	9
3L	16794666	16795251	-1	9
2L	7384992	7385050	-1	9
3R	8008501	8008552	-1	9
X	4114930	4115002	-1	9
2L	19929355	19950407	1	9
3R	12632586	12632651	1	9
2R	11587712	11587771	-1	9
2L	10420206	10420268	1	9
X	9197211	9197269	-1	9
3R	24162684	24162740	1	9
2L	296812	296977	1	9
X	11369709	11373817	1	9
X	15755993	15756079	-1	9
3R	8754411	8754487	-1	9
3R	21309531	21309808	1	9
2L	11143099	11143165	-1	9
2L	9176381	9177122	1	9
3R	24128440	24128499	-1	9
2L	5043384	5045822	1	9
3L	1871918	1872354	-1	9
3L	18819900	18820400	-1	9
2R	13518856	13518977	-1	9
X	1462313	1462373	-1	9
2R	7044108	7044209	1	9
3R	12095923	12096049	1	9
Y	9090	9174	-1	9
X	4412673	4423411	1	9
3L	22269921	22271558	1	9
3R	30465318	30465378	1	9
4	569302	569975	-1	9
2R	22747278	22747367	-1	9
X	11681115	11681718	1	9
2L	21628210	21628945	-1	9
2R	6755118	6755185	1	9
3R	20750355	20750688	1	9
X	13084571	13085596	-1	9
4	472521	472578	-1	9
2L	13908789	13908856	1	9
X	22994004	22994484	-1	9
X	20509468	20510519	-1	9
3L	3743773	3745828	-1	9
3L	269347	270226	1	9
2R	4015215	4029741	1	9
3L	9382460	9382550	1	9
3R	18969978	18970075	1	9
X	5086202	5089404	1	9
3R	28813552	28813618	1	9
2L	7034274	7034484	1	9
2L	10337294	10337368	1	9
2L	6678225	6678912	-1	9
3L	7375347	7375405	-1	9
X	17075990	17076925	-1	9
X	18137047	18137576	-1	9
2L	20903560	20916905	-1	9
X	16789718	16789773	-1	9
2R	11589941	11590003	-1	8
4	1265410	1270732	1	8
2R	19176524	19176588	1	8
2L	7811773	7814576	1	8
3L	236428	236863	-1	8
2R	23991615	23991675	1	8
2R	13894970	13899450	-1	8
2L	16400527	16404486	-1	8
X	4688318	4691637	1	8
3L	19832171	19832228	-1	8
3L	1564281	1568197	-1	8
3L	1634908	1635186	-1	8
2L	17401582	17402375	1	8
2R	16859786	16859850	1	8
3L	21554181	21554554	-1	8
2R	1072440	1076635	1	8
3L	3552865	3578289	1	8
3R	25856202	25856627	1	8
X	4349713	4353467	1	8
2R	9351174	9351462	-1	8
X	17646894	17646959	-1	8
2L	21380601	21382019	1	8
3L	8972628	8972685	-1	8
3R	13374209	13374279	-1	8
3L	19371245	19372166	-1	8
2L	20074129	20074191	-1	8
2R	8895474	8895532	1	8
3L	6087607	6087668	1	8
3L	21025549	21026130	-1	8
3L	20351731	20352807	1	8
3L	22867319	22867400	1	8
2R	4673063	4673114	1	8
2R	22639481	22639537	-1	8
3R	6363231	6365004	-1	8
3R	4282004	4282674	1	8
2L	19181397	19181454	-1	8
2R	24020941	24021003	-1	8
2R	13531620	13532661	-1	8
3L	4090143	4090273	1	8
4	335074	342922	-1	8
3L	27279423	27279481	1	8
2R	7666947	7667004	1	8
3R	24067610	24102770	-1	8
2R	19282712	19282772	-1	8
3L	9151874	9155026	-1	8
2R	13483905	13483973	-1	8
2R	6963096	6970893	-1	8
3L	11891230	11936973	-1	8
2R	5320616	5325804	1	8
X	5666799	5667210	1	8
2L	3720905	3720968	1	8
X	15934775	15935295	-1	8
2R	18127298	18127865	1	8
2L	6110225	6113030	1	8
2L	20877084	20877149	-1	8
2R	8010546	8010914	-1	8
3R	23279559	23280431	-1	8
3L	27146884	27146945	1	8
3R	30176586	30176643	-1	8
2R	13219885	13219944	-1	8
3L	10568606	10571049	1	8
3R	8655907	8655978	-1	8
X	5871271	5871340	-1	8
3R	19829043	19836262	-1	8
4	190062	191302	-1	8
X	15929592	15929658	-1	8
3R	15373014	15373386	1	8
3L	19802841	19802898	1	8
3R	8814907	8816718	-1	8
2R	15339076	15339138	1	8
2R	14176543	14176612	-1	8
2R	6214752	6233266	1	8
4	1303756	1303874	1	8
X	1783589	1783656	1	8
3L	17400553	17400899	-1	8
3R	21580689	21587953	-1	8
3R	16297105	16297175	1	8
2R	20996929	21001012	1	8
3R	4301156	4301238	1	8
4	930117	930512	-1	8
2L	18687127	18687187	-1	8
3R	20966040	20966398	1	8
2L	10229127	10229185	-1	8
X	9163543	9165682	1	8
X	5389812	5392863	1	8
3R	13378319	13378402	-1	8
2R	22876848	22876914	1	8
2L	10269320	10269376	1	8
3R	9741969	9742200	1	8
4	41286	42914	-1	8
3L	7341115	7341353	1	8
2L	2764442	2764505	-1	8
2R	11865422	11865500	-1	8
3L	8886971	8887097	1	8
2R	5362568	5362628	-1	8
3R	13969787	13969909	-1	8
3R	4237818	4238303	1	8
3R	17909504	17915003	-1	8
3L	7144007	7144060	-1	8
2R	21060123	21060180	-1	8
3R	30884118	30884175	-1	8
2R	5805455	5846593	1	8
X	3662279	3663456	1	8
3L	18747719	18747776	-1	8
2L	10438240	10438301	1	8
3L	9900085	9900153	1	8
3R	12352545	12352614	-1	8
3L	7838860	7853183	-1	8
2L	5652181	5658309	-1	8
2R	18834119	18834311	-1	8
X	10479718	10479836	1	8
2R	22801707	22802009	1	8
2L	7196858	7203935	-1	8
3L	9155311	9157941	-1	8
3L	6968397	6968509	-1	8
X	10627776	10630189	1	8
X	21816933	21874258	-1	8
3L	23207020	23210852	1	8
2R	24947687	24947748	-1	8
3R	25984417	25984473	1	8
2L	851660	851718	-1	8
3L	16064318	16066023	1	8
2R	15221981	15222044	1	8
3R	5255939	5256248	-1	8
3R	11782371	11782432	-1	8
2R	21606194	21606468	-1	8
X	15345423	15345488	1	8
4	190062	193673	-1	8
3R	21309570	21309847	1	8
2R	13422037	13422099	-1	8
2L	16481552	16483808	-1	8
X	22995915	22996201	-1	8
2L	9815913	9819287	-1	8
3L	1578997	1592744	1	8
3L	21553594	21554025	-1	8
3R	7806771	7807582	-1	8
2L	19145845	19166085	1	8
3L	17797966	17798027	-1	8
3R	20534530	20534610	-1	8
2L	16730856	16730909	-1	8
3L	6075689	6075761	1	8
2R	3079083	3121991	1	8
X	9152657	9153900	-1	8
2L	3071765	3080651	-1	8
3L	23019468	23019530	1	8
3R	18275142	18281694	1	8
2R	11294786	11297262	-1	8
3L	2258518	2258580	1	8
3R	12746680	12746837	-1	8
X	17953347	17961633	-1	8
2L	14062622	14068867	1	8
X	1411923	1413418	1	8
2L	9381764	9384640	-1	8
2R	1113726	1120625	1	8
2L	10201529	10201599	1	8
3L	1568310	1568418	-1	8
2L	8415887	8426874	1	8
2R	5350822	5350880	1	8
2L	6049633	6050074	1	8
2L	8407689	8407775	1	8
3R	10321583	10321662	-1	8
X	9196979	9197053	-1	8
2R	4754671	4756171	1	8
4	1279069	1279221	1	8
3R	5375925	5375987	1	8
2L	21222618	21222678	1	8
3R	24913582	24913827	-1	8
3L	15509882	15509937	1	8
2R	8494378	8516247	-1	8
3L	1861677	1862206	-1	8
2R	21512178	21513517	1	8
3L	299017	300895	1	8
2L	10011553	10011607	1	8
X	15752473	15752541	-1	8
3L	1795733	1795793	1	8
2L	8543716	8544544	1	8
2R	20734248	20734318	1	8
2L	21263180	21263648	1	8
3R	6365155	6365954	-1	8
3L	2235973	2236050	-1	8
3R	25099461	25099942	1	8
X	140390	140516	1	8
X	17962252	17966348	-1	8
3L	21915196	21915261	1	8
X	5176267	5177567	1	8
2R	1072046	1072251	1	8
2L	16250159	16251241	-1	8
3L	9415467	9417652	-1	8
X	631984	632044	1	8
2L	18951538	18951698	-1	8
2L	22247400	22247469	-1	8
4	601530	601757	-1	8
2L	21311033	21311193	1	8
2L	8084059	8089185	1	8
3L	17544002	17544060	1	8
X	5629025	5629397	-1	8
2L	2059984	2061810	-1	8
3R	15300181	15300747	1	8
X	15858538	15858600	-1	8
2R	7496897	7496957	-1	8
2L	10918212	10918745	-1	8
X	3688496	3692953	1	8
2L	9406264	9414787	-1	8
3L	12788629	12797683	-1	8
3R	21308123	21308401	1	8
4	462329	462388	-1	8
2R	25255631	25257222	1	8
X	16000586	16000668	-1	8
3L	5163976	5166935	-1	8
3L	23239018	23262708	1	8
2R	11759502	11770537	1	8
3L	20769686	20769739	1	8
2R	20587745	20589617	1	8
3R	11593355	11593633	-1	8
X	12868410	12869435	-1	8
2R	22129692	22129764	1	8
2L	21638369	21639241	1	8
3L	3943295	3943356	1	8
3R	13969540	13969608	-1	8
2R	16986212	16986581	1	8
3R	10593602	10602792	-1	8
2R	16952054	16952152	1	8
3R	25040876	25042645	-1	8
3L	11494733	11494846	1	8
3L	9048961	9049166	-1	8
3L	7854190	7855279	-1	8
2R	1075218	1076431	1	8
2L	5769514	5769574	-1	8
X	15707065	15707129	-1	8
3R	7886169	7886443	-1	8
3R	22036016	22036076	1	8
2R	22885244	22885297	-1	8
3R	8360247	8360301	-1	8
2R	18445484	18445552	-1	8
2R	24264346	24264586	1	8
3R	21526903	21527263	1	8
3L	14741879	14742813	1	8
3R	6362764	6362838	-1	8
3R	22720018	22720079	-1	8
3R	25134881	25134947	1	8
2R	4236857	4236914	-1	8
2L	20653797	20653856	-1	8
3R	11581840	11583314	1	8
3R	7844584	7844738	1	8
3R	15381882	15383067	1	8
2L	216574	216632	-1	8
3L	7163180	7163752	-1	8
4	1230421	1230649	-1	8
2R	13148891	13148953	-1	8
2R	14276429	14277281	1	8
2R	19312715	19312785	-1	8
2L	12045704	12046076	-1	8
4	1173204	1173806	-1	8
2R	18902913	18913443	1	8
3R	21302861	21303139	1	8
3R	29104249	29104310	1	8
2L	9762844	9762906	-1	8
3R	27710537	27710614	1	8
3L	20015002	20015058	1	8
3R	20823868	20823935	-1	8
X	13585828	13585894	1	8
3L	2587891	2588084	1	8
2L	14209118	14222017	-1	8
3L	8523898	8523953	-1	8
3L	8438056	8438193	-1	8
2L	1859002	1862720	-1	8
X	20509468	20510623	-1	8
X	19236314	19236505	-1	8
2R	19564513	19574003	-1	8
2R	19409744	19409805	-1	8
3R	11950355	11950427	1	8
3R	18661249	18661312	-1	8
2L	1052266	1052331	-1	8
3R	23081718	23081828	-1	8
2R	9505469	9507863	1	8
X	5398763	5399532	1	8
X	13670014	13670129	1	8
3L	8106950	8108286	1	8
X	15992662	15993472	-1	8
3R	15362538	15362588	1	8
X	14955550	14955865	1	8
3R	7847118	7847429	1	8
3L	21014965	21023393	-1	8
3L	23319475	23325642	-1	8
3L	6077346	6078919	1	8
2R	18958436	18958593	1	8
2L	13831884	13831938	-1	8
3R	17678179	17682402	-1	8
3R	31945659	31959035	-1	8
X	7289265	7289506	-1	8
3R	4713318	4713417	-1	8
2R	16420369	16421681	1	8
3R	21791600	21791729	-1	8
3L	20164431	20168476	-1	8
X	15886265	15887038	-1	8
4	1134073	1135094	1	8
2R	18164896	18164955	-1	8
X	5096327	5103832	1	8
2R	12614346	12615907	1	8
X	3668413	3668535	1	8
3R	18182534	18182596	-1	8
2L	17464126	17464190	-1	8
X	19519626	19519696	-1	8
2R	12618551	12619064	1	8
2R	8908480	8908535	1	8
2R	19530701	19532176	-1	8
X	13781734	13781810	1	8
2L	2782941	2783041	-1	8
2R	22606289	22606509	1	8
3L	21921328	21925180	1	8
3R	17915284	17916139	-1	8
3R	23049988	23050047	-1	8
3R	7865762	7870232	-1	8
X	16360697	16360763	1	8
X	15083337	15083488	1	8
2R	4784183	4786697	1	8
2R	22875717	22875895	1	8
3L	23013306	23013769	1	8
X	15936435	15937591	-1	8
2R	13580546	13580843	-1	8
2L	21575114	21575965	1	8
2R	10107854	10107967	1	8
3L	11690313	11690897	-1	8
2R	23929432	23929500	-1	8
3L	15503243	15503308	1	8
4	1145342	1146470	-1	8
2L	16394124	16400289	-1	8
2R	10049645	10049701	1	8
2R	17699898	17700081	1	8
3R	22448509	22459172	1	8
3R	4705781	4707026	1	8
3R	17248106	17264897	-1	8
3R	21803390	21817101	-1	8
3L	17436378	17436513	1	8
3R	13669697	13670645	1	8
X	3949373	3949481	1	7
2R	10425191	10425254	1	7
X	6126858	6128393	-1	7
X	18167834	18168403	1	7
3L	17179376	17221802	-1	7
3R	20245321	20248880	1	7
X	13374104	13374241	1	7
3L	21845252	21845343	1	7
3L	7294920	7311929	-1	7
2L	18473329	18473396	-1	7
X	16311432	16311488	-1	7
X	19741166	19744262	-1	7
3R	5593577	5594500	1	7
3L	8106950	8108639	1	7
2L	2793909	2798486	-1	7
2L	1173830	1173884	1	7
3R	16644384	16644440	1	7
4	1130587	1131193	1	7
3L	5573830	5576838	-1	7
2L	2772645	2779175	-1	7
2R	11967780	11967837	-1	7
3R	27707319	27707377	1	7
X	3721648	3734477	1	7
X	4349588	4349653	1	7
4	878993	882617	-1	7
2L	10965911	10965993	-1	7
3R	24061267	24061323	1	7
X	9473267	9499886	-1	7
3R	12561805	12595242	-1	7
2R	4712776	4719770	-1	7
3R	23983930	23984305	1	7
X	16815613	16815743	-1	7
3R	16984096	16984571	-1	7
3R	23983899	23984422	1	7
3R	7903594	7903656	-1	7
3R	25132954	25133016	1	7
2L	5947172	5947240	1	7
3R	23074002	23075015	-1	7
X	10782301	10782380	-1	7
X	10761510	10761578	-1	7
3R	4401486	4401601	1	7
3R	21367694	21367910	1	7
3R	10585929	10591409	-1	7
3R	9716451	9716517	-1	7
3R	10866977	10868439	1	7
3L	17040211	17040439	-1	7
X	11390254	11406258	1	7
X	18445985	18446094	-1	7
3R	25914500	25914559	1	7
3R	24642115	24642173	-1	7
2R	23698530	23698595	1	7
2L	1016077	1016139	-1	7
X	12633958	12635732	-1	7
3L	23126119	23126200	1	7
3L	5664448	5664964	1	7
2L	10482575	10482625	1	7
X	6732868	6735631	1	7
X	19251275	19251451	1	7
3L	209714	209784	-1	7
3R	5538032	5538085	1	7
3R	5335061	5349744	-1	7
X	18186440	18192331	1	7
2L	5723575	5723638	1	7
2L	8364316	8364541	-1	7
X	22996121	22996197	-1	7
2L	6490630	6490706	-1	7
3R	28324650	28324810	-1	7
3L	16414494	16414794	1	7
3L	17040067	17040138	-1	7
3R	15957182	15957591	1	7
X	9674925	9676512	-1	7
3R	23890828	23890884	-1	7
X	15402956	15410832	-1	7
2L	20754751	20754809	-1	7
4	188524	188578	-1	7
X	5662330	5662823	-1	7
X	12656463	12657263	1	7
2L	22240104	22240170	1	7
X	9163424	9165682	1	7
3R	22515175	22516623	1	7
2R	16102950	16103611	1	7
2L	13386258	13386530	-1	7
3L	17437544	17437607	1	7
2L	20870761	20870832	1	7
2R	23061776	23061840	-1	7
3L	274242	274595	1	7
3R	14034100	14034162	1	7
3L	3962670	3964491	-1	7
3R	7694631	7713639	1	7
X	10846428	10846492	-1	7
3L	4918515	4918596	1	7
2L	21380729	21382019	1	7
3R	29594164	29594227	1	7
2R	12167928	12167994	-1	7
X	11128790	11128858	-1	7
2R	19242860	19243069	1	7
3R	25302046	25302106	1	7
2L	2216960	2217013	-1	7
2L	17602704	17603116	1	7
2L	22534948	22535010	-1	7
4	349680	349730	-1	7
X	6908822	6917360	1	7
2L	6570863	6570923	-1	7
2L	10329411	10329475	-1	7
2L	5018513	5018575	-1	7
4	960124	962401	1	7
3R	23977822	23977936	1	7
X	1252097	1259959	-1	7
X	11679290	11680844	1	7
3R	23983911	23984362	1	7
2L	14088609	14088723	1	7
3R	22544695	22544758	-1	7
3L	23339365	23339430	1	7
3R	20438136	20449235	-1	7
3L	3988055	3988965	1	7
4	1250884	1254006	1	7
3R	31935392	31959035	-1	7
4	694417	695697	-1	7
3R	9487204	9493474	-1	7
3L	7705915	7705973	-1	7
X	52871	52947	-1	7
2R	12873161	12873219	-1	7
2R	20325538	20325596	1	7
3L	6197558	6197614	1	7
3L	241502	241564	-1	7
4	1232191	1233129	1	7
3R	24062361	24062421	1	7
2L	4948560	4948898	-1	7
2L	14040405	14041321	1	7
3L	7854190	7854742	-1	7
3R	24254679	24254994	-1	7
3L	7816612	7817437	-1	7
X	7092171	7098001	-1	7
2R	15216879	15216942	1	7
2L	21382136	21390214	1	7
X	3571940	3572003	-1	7
2R	8427800	8427993	1	7
3R	28084617	28086887	1	7
2L	1170973	1171030	-1	7
3R	21084290	21084353	-1	7
3R	25036332	25036393	-1	7
2L	2220259	2220320	1	7
X	17929704	17930117	-1	7
X	9674444	9674814	-1	7
3R	12349365	12349422	-1	7
3R	24530197	24530258	-1	7
X	11368626	11368704	1	7
2R	9508254	9508927	1	7
2L	10346367	10346423	1	7
3L	22229167	22229260	1	7
3L	11077404	11077463	1	7
2R	12581578	12581639	-1	7
2L	2772648	2779175	-1	7
3L	256594	256649	-1	7
X	12777226	12783089	-1	7
X	9684152	9685503	-1	7
3L	3056753	3056819	-1	7
X	7290396	7290566	-1	7
3R	9577149	9577208	-1	7
X	3481345	3481954	-1	7
2R	1212502	1212556	1	7
3R	15369014	15369066	-1	7
3R	9738951	9739254	-1	7
X	1690809	1690873	-1	7
X	1482481	1482673	-1	7
4	451455	452618	1	7
X	18791082	18791146	1	7
X	22474546	22474637	1	7
2R	7051614	7051676	1	7
3L	6496482	6523030	1	7
2R	18437978	18438208	-1	7
4	258467	258528	1	7
2L	9877973	9885726	-1	7
2L	4874563	4874887	1	7
X	257643	257982	1	7
3R	16301352	16301823	1	7
X	22740621	22797279	1	7
2R	18773336	18773398	1	7
3L	13047172	13047235	1	7
3R	16274882	16274954	1	7
3R	8444688	8477419	-1	7
3L	16352916	16352971	1	7
3L	12122155	12122676	-1	7
3R	28083623	28084463	1	7
3R	31217945	31218943	-1	7
3R	16999821	16999882	-1	7
X	17077441	17077681	-1	7
3R	28463807	28464079	1	7
3L	10574155	10574435	1	7
2R	19023684	19023862	-1	7
3L	838625	839250	1	7
3R	24691613	24691778	1	7
2L	8083898	8089185	1	7
X	9472658	9499874	-1	7
X	12783590	12784462	-1	7
2L	18122589	18123349	1	7
2L	242745	250757	-1	7
3R	19908610	19910893	1	7
2L	21124374	21124440	1	7
3R	24048428	24048486	1	7
2L	11077239	11081154	-1	7
2R	13169451	13169507	1	7
2L	19928997	19929203	1	7
2L	10201149	10201230	1	7
X	939677	939733	-1	7
3R	11337763	11339658	1	7
3R	13039834	13039897	1	7
3R	18919513	18920413	1	7
X	18535425	18547826	1	7
3L	5193815	5218950	-1	7
3L	16413804	16413869	1	7
4	116719	116820	-1	7
X	16518838	16521623	-1	7
3R	29860615	29860707	-1	7
3L	2791278	2791432	-1	7
3L	19611262	19611325	-1	7
3R	4301164	4301248	1	7
3R	14265108	14265168	-1	7
2R	12607998	12608056	1	7
X	21626253	21626313	-1	7
3L	3071190	3071257	1	7
2L	16183040	16183104	1	7
2R	24939843	24939906	-1	7
3L	20852762	20854057	-1	7
2R	23946772	23946839	1	7
2R	16926808	16931112	1	7
X	12731907	12742319	-1	7
3L	19568717	19572291	-1	7
2L	10272907	10272996	-1	7
X	15965649	15966469	-1	7
2R	9884902	9884963	-1	7
X	2008462	2008514	-1	7
X	21073086	21073178	-1	7
3R	16301352	16301805	1	7
X	14582694	14582757	-1	7
4	1250884	1255842	1	7
2R	10106445	10107461	1	7
2R	14179932	14180422	1	7
2R	21184455	21184518	1	7
2R	24991974	24992033	-1	7
3L	657586	657650	1	7
2R	12636991	12637054	1	7
3L	17074389	17077622	-1	7
3R	16351231	16351878	-1	7
3R	18730257	18730323	1	7
X	15483501	15484256	1	7
3R	23976934	23976997	1	7
3L	17167100	17179294	-1	7
2R	4700873	4700940	-1	7
X	1684558	1684631	-1	7
X	19177963	19178040	-1	7
X	12655317	12655378	1	7
3R	7193689	7198328	1	7
3L	321550	321915	-1	7
2L	14041234	14041321	1	7
3L	5163704	5163834	-1	7
3L	18072577	18072629	-1	7
2L	10358438	10358502	-1	7
2R	11808064	11809901	1	7
3L	4379581	4379931	-1	7
2R	6910101	6910168	1	7
3R	17809800	17809858	-1	7
X	19880437	19880505	1	7
3R	20623545	20624131	1	7
3L	7312231	7312889	-1	7
2R	11358425	11358958	-1	7
3L	16413979	16414038	1	7
2L	16176803	16176865	1	7
3R	11789022	11789086	1	7
2R	16319297	16319350	-1	7
3R	17674042	17677315	-1	7
2R	19629071	19630484	-1	7
2R	17700186	17700382	1	7
2R	9972444	9972501	1	7
3R	24489367	24489599	1	7
3L	13426034	13426089	-1	7
3R	6005127	6008037	-1	7
3R	10591460	10593551	-1	7
2L	10377943	10378011	1	7
2R	19446140	19446218	-1	7
3L	5550912	5551128	-1	7
X	15411104	15419963	-1	7
3L	3860762	3860891	1	7
3L	7699386	7699486	-1	7
2L	8492803	8492967	-1	7
2R	21293879	21294054	1	7
2L	18810685	18810819	-1	7
3R	4486532	4486596	1	7
2L	6052666	6053287	1	7
X	8874402	8874512	-1	7
4	1193860	1195428	-1	7
3L	23264171	23264221	1	7
3R	9234665	9236914	-1	7
3R	17716935	17717956	-1	7
X	928328	928384	1	7
3R	7977069	7977562	1	7
2R	5198107	5198468	-1	7
2L	9910757	9910817	-1	7
3L	27988703	28003977	-1	7
3L	21725496	21725555	-1	7
2R	17781280	17781341	-1	7
2L	20079473	20084578	-1	7
X	9152776	9153920	-1	7
3R	9988783	9988856	1	7
3R	15264543	15264605	1	7
X	19887897	19893806	1	7
3L	13016165	13016357	1	7
2L	9877261	9885932	-1	7
4	1226384	1229796	-1	7
2R	18620775	18620839	-1	7
3R	11816545	11816612	-1	7
3L	14224979	14225303	1	7
2R	9864821	9864896	-1	7
3R	29860636	29860707	-1	7
2R	18971764	18971829	-1	7
3R	22379605	22379666	1	7
2L	2886579	2889674	1	7
3L	3051785	3051983	1	7
2L	12040203	12040265	1	7
2R	14862122	14862195	-1	7
3R	23081931	23082099	-1	7
3R	4720105	4720224	-1	7
4	343061	348995	-1	7
2R	15573392	15573450	-1	7
3R	28815423	28815482	1	7
X	18326776	18327195	-1	7
X	22453429	22453491	-1	7
3L	16784713	16784878	1	7
2R	23368033	23375321	-1	7
2R	15189245	15190159	1	7
3R	27942484	27942588	1	7
3R	7190267	7190721	1	7
3R	15270116	15270185	1	7
3R	31216367	31216709	-1	7
3R	21111467	21111655	1	7
3R	22899981	22914951	1	7
2L	16313451	16314451	-1	7
3R	7901745	7901810	-1	7
3R	22409010	22409063	-1	7
4	329429	330271	-1	7
3R	9643699	9647019	1	7
3R	23983901	23984339	1	7
2L	17401291	17401516	1	7
X	3663532	3664334	1	7
2R	16875982	16876342	-1	7
3R	9418001	9420022	1	7
2R	10151053	10152904	-1	7
2R	8421297	8421357	1	7
3R	4310359	4310414	-1	7
3L	5679188	5685533	1	7
2L	9177631	9191615	1	7
3R	20253019	20253627	1	7
3R	15291526	15295113	1	7
3L	17400534	17400850	-1	7
3R	9741143	9741199	1	7
3L	22739213	22739272	-1	7
3R	6363231	6364162	-1	7
3L	13608847	13638517	-1	7
X	11290298	11293498	-1	7
2R	14774008	14774969	-1	7
4	666933	668420	1	7
2R	6884659	6884729	1	7
3R	31769649	31769708	-1	7
2R	23960720	23961220	1	7
2L	11984663	11984725	-1	7
3R	5780173	5780235	1	7
2L	6122854	6122978	1	7
2R	22639138	22639397	-1	7
3R	23985677	23985856	-1	7
2R	15891281	15921639	-1	7
3L	19261793	19261878	1	7
2L	18215704	18215765	-1	7
3L	11226802	11227673	1	7
3L	7342171	7342236	-1	7
2L	21381669	21381740	1	7
2L	6572543	6574016	-1	7
2L	6646948	6647754	-1	7
X	8548356	8548422	1	7
3R	26916563	26924634	1	7
2L	17461844	17462168	-1	7
2L	21286426	21286489	-1	7
2R	4378696	4378749	-1	7
2R	23968509	23968566	1	7
2R	21658276	21658346	1	7
3R	23983926	23984374	1	7
3L	4364746	4364812	1	7
2L	7183987	7184043	1	7
4	429591	429643	1	7
3L	974301	974720	1	7
3R	23983955	23984284	1	7
3L	13522247	13666453	-1	7
2R	8011796	8011866	-1	7
X	6132314	6137787	-1	7
2L	10376885	10377248	1	7
4	1181302	1181368	-1	7
4	351828	351884	-1	7
4	925687	925768	-1	7
X	15395192	15396399	-1	7
3R	7191492	7191557	1	7
3L	21622823	21622891	-1	7
3R	31776197	31776249	1	7
2R	13216104	13216159	-1	7
2R	18622589	18622645	1	7
2L	8640696	8645027	1	7
2L	9958886	9958940	1	7
X	9684152	9686979	-1	7
3L	18954860	18954925	1	7
3L	9736966	9737129	-1	7
3R	21307196	21307474	1	7
3L	8125039	8125093	-1	7
3R	9728236	9728321	-1	7
4	369745	369810	1	7
X	14794153	14794215	-1	7
2R	16427911	16428424	1	7
X	6227916	6227977	1	7
X	11368988	11373817	1	7
2L	7785641	7785701	1	7
2L	1743541	1743634	1	7
2R	23383123	23383365	-1	7
X	15794202	15794267	-1	7
3L	12756095	12756405	1	7
2L	13965397	13965475	-1	7
2R	15540404	15540457	-1	7
3L	9400185	9400419	-1	7
3R	24192318	24192377	-1	7
2R	8932681	8932743	1	7
2R	17208188	17275410	1	7
3L	13017613	13017676	-1	7
2L	6743030	6753940	1	7
3L	20189189	20189320	1	7
3R	8307841	8307896	-1	7
3R	13037814	13037879	1	7
2R	4564850	4565049	1	7
3L	7913998	7914059	-1	7
3L	21306199	21315303	-1	7
3L	236907	239055	-1	7
X	5648173	5648420	-1	7
3L	9107696	9130330	-1	7
2R	16290752	16290928	1	7
3L	2956437	2957331	1	7
2L	15252795	15253234	1	7
2R	23684187	23684248	1	7
3L	4540848	4540923	-1	7
3L	3051783	3051983	1	7
3R	9562002	9562175	-1	7
2R	22496399	22497108	-1	7
X	18039958	18040213	-1	7
3R	4295287	4295548	1	7
3L	19891532	19894804	-1	7
3R	20700332	20700594	-1	7
2R	7921052	7921115	-1	7
X	19851496	19851682	-1	7
3L	27381089	27420679	1	7
X	16798959	16799182	-1	7
3R	23236711	23245255	-1	7
3L	20296285	20296344	-1	7
4	1043522	1045156	-1	7
3R	25110827	25110890	-1	7
2L	9292240	9293015	1	7
3R	4403281	4404469	1	7
3L	3759259	3765506	-1	7
2L	9294328	9295488	1	7
3L	22961367	22961496	1	7
3R	28696406	28696672	1	7
3L	20023983	20024156	1	7
3L	8047601	8048070	1	7
X	20235435	20235509	-1	7
2R	16984932	16985919	1	7
2L	22156816	22158513	1	7
2R	22601148	22601213	-1	7
3L	18868646	18868704	1	6
3R	21868983	21869039	-1	6
2R	18127716	18127851	-1	6
2R	9875960	9876016	1	6
3L	19263208	19263417	-1	6
2L	18123909	18126497	1	6
X	9165942	9176944	1	6
2R	4749514	4754500	1	6
2R	24970418	24970470	1	6
3L	15016618	15016825	-1	6
2R	17207872	17208002	1	6
2R	17851461	17855140	1	6
3R	13636526	13642299	-1	6
2R	21090215	21090270	-1	6
3R	25710148	25713842	-1	6
X	14956130	14971099	1	6
4	353989	354351	-1	6
3L	7816726	7817437	-1	6
4	395323	395836	-1	6
2R	16099020	16099079	1	6
X	18005565	18005814	-1	6
3R	15274057	15274115	-1	6
3L	21421055	21421106	-1	6
3R	14035683	14035824	-1	6
2R	8133209	8133615	1	6
X	15403009	15406278	-1	6
3L	18933053	18945733	-1	6
2R	16647106	16650813	1	6
3R	30419424	30421278	-1	6
X	16969348	16970185	-1	6
3R	4911086	4917397	-1	6
2R	9586596	9586650	-1	6
4	1145101	1146470	-1	6
3L	5644633	5644735	1	6
2L	21742009	21742075	-1	6
2L	7977130	7984051	-1	6
2L	16168605	16169487	1	6
3L	5747503	5747747	1	6
X	3289846	3336805	1	6
2R	13125453	13125507	1	6
X	10814094	10822341	-1	6
3R	13378286	13378402	-1	6
3R	13261771	13262038	1	6
X	8548526	8551750	1	6
2R	14853556	14853614	1	6
X	16289323	16291057	1	6
X	11722184	11722251	1	6
2L	3190120	3190412	-1	6
3R	24827100	24827158	-1	6
3R	12682543	12683137	-1	6
2R	10101426	10104256	1	6
X	8174568	8174823	-1	6
2L	8195570	8195629	-1	6
3R	23983570	23983674	1	6
3R	12461951	12462009	1	6
2L	13834661	13834722	-1	6
mitochondrion_genome	12943	13003	-1	6
3R	13696150	13696203	-1	6
3L	1945053	1945110	-1	6
3R	7064338	7064467	-1	6
X	10328073	10328412	1	6
3R	24837218	24838051	1	6
X	11374511	11376842	1	6
3L	15851899	15852139	-1	6
2R	17456574	17456637	1	6
2L	19509085	19509142	-1	6
2L	23177335	23177416	1	6
3R	23958799	23959032	1	6
2R	4101962	4122500	1	6
3L	20028379	20028646	-1	6
4	452745	452803	1	6
2L	6070179	6070233	-1	6
3L	17425507	17425579	1	6
3L	14231326	14231597	1	6
2L	21624643	21628468	1	6
3R	20030002	20030058	-1	6
4	1244281	1245101	1	6
2R	15317378	15317434	1	6
4	1116599	1116660	-1	6
2L	543350	543416	-1	6
3R	28682591	28686242	1	6
2R	16925038	16925705	1	6
X	5754542	5754616	-1	6
X	649147	651657	-1	6
2L	7473890	7473948	-1	6
3L	13886110	13886171	-1	6
2L	9890484	9890542	-1	6
3L	1875916	1876110	-1	6
3L	9177493	9177659	-1	6
2R	16333188	16333278	-1	6
X	20792739	20805827	-1	6
3L	14763115	14763204	1	6
2R	24771325	24771725	-1	6
3R	26477805	26532113	-1	6
2L	6573806	6574016	-1	6
3L	15584869	15584923	1	6
2L	112020	112690	1	6
2R	24533492	24534954	-1	6
X	12943757	12945166	1	6
3R	27232200	27232473	-1	6
2R	14866052	14867484	-1	6
3L	22279560	22279614	1	6
2L	343730	344042	1	6
4	138575	140270	1	6
2R	13170256	13170317	1	6
3R	15799263	15799376	1	6
2L	13496699	13497239	1	6
3L	3516829	3552787	1	6
2R	9370379	9370442	-1	6
3R	16644771	16644954	1	6
3R	31778759	31779030	1	6
4	363135	363494	1	6
3L	543278	547482	1	6
3L	2963227	2963296	1	6
X	15930059	15930117	-1	6
3L	5691935	5694967	1	6
2R	20551723	20551782	-1	6
3R	8832275	8832354	-1	6
2R	6655111	6655172	1	6
X	13269959	13270247	-1	6
3L	19601977	19602042	1	6
2R	7320765	7322543	-1	6
2L	11009378	11009443	1	6
3R	7868373	7870232	-1	6
3R	10167462	10170192	-1	6
2R	13000385	13000927	1	6
3R	15934315	15934375	1	6
2L	19644636	19691018	1	6
2L	4468362	4468425	-1	6
3R	18950563	18950886	1	6
3L	19871455	19873761	1	6
3L	17839983	17840036	-1	6
3L	4182874	4183307	-1	6
3R	4737781	4738065	-1	6
3L	9179196	9181757	-1	6
2L	21680181	21680757	-1	6
X	17423365	17443808	-1	6
X	3952042	3952108	1	6
X	2572144	2572509	1	6
X	18172124	18172206	1	6
2R	20663096	20663160	-1	6
3R	9728366	9728425	-1	6
3R	12778422	12783063	-1	6
2L	8973024	8973225	-1	6
X	6684462	6684518	1	6
X	14240785	14240852	-1	6
3L	9722161	9722220	-1	6
X	12633958	12635732	1	6
4	611656	611727	1	6
2L	12282563	12298568	1	6
3L	14985366	14987582	1	6
X	809668	840440	-1	6
4	1120802	1121459	-1	6
3R	23983981	23984283	1	6
2R	22410397	22410539	-1	6
X	2685901	2688197	1	6
3L	3924478	3925463	-1	6
2R	21181762	21181836	1	6
3R	21084900	21084960	-1	6
3R	28031426	28043586	1	6
3R	18274757	18274867	1	6
3R	17899729	17900384	-1	6
2L	1139764	1139829	1	6
3L	17620650	17620729	-1	6
X	15403629	15410832	-1	6
3R	9497573	9497632	-1	6
X	10072686	10072749	-1	6
3R	1938206	1961120	1	6
X	5744700	5747102	-1	6
2R	20256609	20256690	-1	6
3L	9351851	9351918	-1	6
2L	228282	230538	-1	6
2L	9256697	9272466	1	6
X	16685412	16685508	-1	6
3L	25120819	25120878	1	6
X	20509468	20510635	-1	6
2L	4318978	4319330	1	6
2L	20562763	20575469	1	6
X	5904036	5904533	1	6
3R	13384580	13384670	1	6
2R	18659931	18659986	-1	6
2L	5044489	5046304	1	6
3R	21117061	21117117	1	6
2R	13979716	13979774	-1	6
2R	13225752	13225809	1	6
X	7289679	7289745	-1	6
3R	23921781	23922896	-1	6
X	15883368	15883433	-1	6
2L	18120078	18123349	1	6
3R	22899981	22915076	1	6
2L	8210667	8210730	-1	6
3L	19993323	19994168	1	6
3R	11377216	11378035	1	6
3L	12851723	12852232	1	6
3L	19911520	19911574	1	6
3R	4735347	4735408	-1	6
2R	16269656	16269794	-1	6
X	16365643	16366904	1	6
4	1037591	1037646	-1	6
X	7281961	7282024	-1	6
2R	23752906	23752965	1	6
3L	19999451	19999572	-1	6
2R	24994317	24994407	-1	6
3L	8265985	8266347	1	6
3R	21309143	21309421	1	6
X	1924286	1924528	1	6
3L	20192300	20197482	-1	6
2L	11009566	11009627	1	6
3R	29473441	29474732	1	6
X	6699575	6700053	1	6
3L	2673285	2673586	-1	6
3R	23983900	23984336	1	6
X	17843507	17843569	-1	6
2R	15145091	15145179	-1	6
3R	16358612	16358683	-1	6
4	1166368	1166666	1	6
2L	10249260	10250281	-1	6
2R	6627215	6627320	-1	6
3L	4351187	4363027	-1	6
3L	13229141	13238675	1	6
3R	18724068	18725133	1	6
3R	20802552	20805950	1	6
3L	20012418	20012476	1	6
2L	234175	234237	-1	6
2R	12618141	12618443	1	6
2L	14347598	14347653	-1	6
3L	4379597	4380287	-1	6
2R	6944871	6944941	-1	6
2R	23708475	23708635	1	6
X	17643248	17643681	-1	6
3R	21303053	21303331	1	6
3L	11562738	11562861	1	6
2R	18795007	18795069	-1	6
3R	20964194	20964258	1	6
2L	15648029	15648095	-1	6
3R	23979456	23979515	1	6
2L	15274391	15274620	-1	6
2R	24891838	24892284	1	6
3L	8469692	8470154	1	6
4	1065886	1065940	1	6
3R	23983912	23984349	1	6
X	19782509	19782854	-1	6
4	940718	942767	1	6
2L	2766708	2766767	1	6
2R	12486311	12486586	1	6
4	902235	902307	-1	6
3R	21588010	21603020	-1	6
2R	16178953	16181981	1	6
3L	6016401	6016548	1	6
3L	7124959	7125025	-1	6
2R	17562539	17562660	1	6
3L	20840402	20840473	-1	6
2R	24206249	24206339	-1	6
3L	9439052	9439150	-1	6
2L	11140366	11140440	-1	6
3L	8524075	8524134	-1	6
X	5785101	5785167	1	6
2R	21399314	21412311	-1	6
3R	24050981	24051690	1	6
2R	2522512	2522573	-1	6
2R	15165101	15180513	1	6
3L	7535468	7535543	1	6
3L	20346175	20346244	-1	6
3L	9581714	9588240	1	6
2L	7100208	7100278	-1	6
3R	5151287	5153523	1	6
2L	9878002	9885932	-1	6
2R	22877208	22877259	1	6
2R	24028125	24028614	-1	6
3L	15834452	15834734	-1	6
X	23030610	23030667	1	6
3R	23983909	23984359	1	6
3R	5541239	5541329	-1	6
2R	16924984	16926346	1	6
2L	3869062	3869118	1	6
2L	18547045	18562710	-1	6
3R	12445119	12445978	-1	6
X	3173596	3173668	-1	6
3L	21216579	21216644	-1	6
3L	14760905	14760967	-1	6
3R	11782633	11782686	-1	6
3R	5593994	5594101	1	6
2L	10335925	10336022	1	6
3R	19218512	19218969	-1	6
3R	30068065	30068314	1	6
3R	22021733	22021793	-1	6
3R	20438136	20449459	-1	6
X	9163488	9165682	1	6
2L	13394941	13395056	-1	6
2R	8011312	8011401	-1	6
3L	291398	298959	1	6
2L	10218173	10218232	-1	6
2R	23359926	23359990	1	6
2L	21281338	21281396	1	6
X	8681829	8686695	1	6
2L	295629	295704	1	6
X	15702416	15702509	-1	6
3R	23984095	23984359	1	6
2R	21276607	21278395	1	6
3L	16077810	16080759	1	6
3R	25713962	25718398	-1	6
3R	13389760	13390048	-1	6
3R	24691934	24693772	1	6
Y	124361	200761	1	6
2L	5208994	5209056	1	6
X	15730968	15731045	1	6
2L	4285075	4295163	1	6
4	584932	584990	1	6
3L	11196876	11197305	-1	6
3L	19924367	19924422	1	6
3R	20403161	20403224	-1	6
X	7838852	7839718	-1	6
2L	871275	871341	1	6
X	15981673	15981739	-1	6
3R	24318122	24318215	1	6
X	7285849	7285914	-1	6
3R	24247643	24247713	1	6
3L	7370185	7371707	1	6
X	14691404	14691659	-1	6
2R	23665888	23665951	1	6
2L	6678081	6678169	-1	6
X	16337010	16337086	1	6
4	611807	612082	1	6
3R	16358789	16359135	-1	6
3L	16993914	16993978	1	6
2L	21743072	21743839	-1	6
3L	21845251	21845342	1	6
X	9472661	9499874	-1	6
3L	4133823	4134454	-1	6
3L	20496524	20496592	1	6
2L	3723765	3724884	1	6
2R	23684321	23684374	1	6
3R	5282078	5309682	-1	6
3R	18718008	18718680	1	6
4	1010096	1012125	-1	6
2L	15765578	15765675	1	6
2R	21715618	21715692	1	6
3L	5138293	5138349	1	6
3R	25701456	25701525	-1	6
X	8409365	8410277	1	6
2R	6884459	6884517	1	6
X	13655776	13655851	1	6
X	10814094	10815104	-1	6
X	23100803	23100860	1	6
3R	29181873	29194888	-1	6
3R	12150948	12156109	-1	6
3L	22784753	22785283	1	6
3L	19567151	19573869	-1	6
2R	9969553	9969741	1	6
2R	1075217	1076436	1	6
3L	13251212	13265180	1	6
X	247597	248382	1	6
2R	23358768	23358833	1	6
2R	13528387	13531414	-1	6
X	52611	52674	-1	6
3L	1884249	1884323	-1	6
X	14824928	14825746	-1	6
3R	22618030	22618084	1	6
3R	7192971	7193593	1	6
3R	5593954	5594353	1	6
3R	7974866	7975137	-1	6
4	1115895	1115956	-1	6
2L	17594997	17600941	1	6
X	11962104	11962230	-1	6
3R	9728837	9728895	-1	6
2R	18475434	18475494	-1	6
3L	3717377	3799886	-1	6
X	4953622	4953725	1	6
2L	10336884	10336945	1	6
2R	14988084	14988143	-1	6
4	1115898	1115956	-1	6
2R	8732406	8732465	-1	6
3R	4311975	4312030	1	6
3L	15813354	15813419	-1	6
3L	5686051	5687042	1	6
3L	9689449	9694233	-1	6
2R	16778685	16778740	1	6
3R	14733029	14733209	-1	6
3R	23983933	23984305	1	6
4	1078830	1080257	-1	6
X	22485636	22485943	1	6
3L	5899748	5899805	1	6
3R	9629616	9629708	-1	6
2L	10275923	10275984	-1	6
3L	6075958	6076023	1	6
X	15878685	15878750	-1	6
3R	17729690	17730167	1	6
3R	21351244	21351303	-1	6
3R	10851381	10853550	-1	6
3R	31776383	31776445	1	6
3R	2461593	2503677	1	6
3L	7693856	7696644	-1	6
2L	22155409	22156621	1	6
X	2637312	2641125	1	6
2L	13636214	13637288	1	6
3R	25111861	25111928	-1	6
3L	9750300	9750892	-1	6
3R	14683741	14696485	-1	6
3R	25262886	25262945	1	6
X	19636470	19637618	-1	6
2L	13535027	13546911	-1	6
2R	22337913	22338801	-1	6
3L	19817168	19817231	-1	6
3R	13658298	13658462	-1	6
4	1065184	1065856	1	6
3R	13223379	13232679	-1	6
X	13733225	13733312	-1	6
3R	27127767	27127837	-1	6
3R	21356705	21356811	-1	6
2R	14231100	14231160	-1	6
2R	19443240	19443313	1	6
2R	16330399	16333034	-1	6
2R	10433724	10433787	1	6
2L	5045484	5045822	1	6
3L	14075460	14075710	1	6
X	13728615	13728685	-1	6
3R	25906007	25906072	-1	6
X	11814882	11815170	-1	6
3R	22729540	22729610	1	6
2L	15908279	15939364	-1	6
4	1230391	1230447	-1	6
3L	3223527	3223770	1	6
2L	412659	413396	-1	6
3R	20578793	20578914	-1	6
3L	13873267	13873922	-1	6
2R	17689816	17689874	1	6
3R	28342420	28342479	1	6
3L	3210908	3210967	1	6
2L	21380827	21382019	1	6
3R	19764429	19765645	1	6
3R	1191976	1342196	1	6
4	1173031	1173084	-1	6
X	17634978	17635342	-1	6
3L	17527281	17527336	-1	6
3R	11591308	11591501	-1	6
3R	23978212	23978950	1	6
2L	4840814	4840884	1	6
2L	5759363	5759429	1	6
3L	11823356	11823658	1	6
3R	7865762	7868039	-1	6
2R	6831497	6831551	-1	6
X	17668383	17668497	1	6
4	1120607	1120659	-1	6
2R	8171721	8172218	1	6
3L	16611299	16611363	-1	6
3L	16845510	16845568	1	6
2R	16587512	16587604	-1	6
3L	19993323	19993797	1	6
2R	12277893	12278508	1	6
3R	4297783	4297871	1	6
3L	8047448	8047507	1	6
3L	6194890	6194973	1	6
3L	22833454	22833692	-1	6
X	16527975	16533059	-1	6
2R	24385049	24389594	-1	6
2R	16706280	16730899	-1	6
3L	9464707	9470268	1	6
3L	4807833	4807892	-1	6
2L	6466765	6466819	-1	6
2R	1515837	1515895	-1	6
2R	22606170	22606247	1	6
3L	13043289	13043602	1	6
2L	6898087	6901242	1	6
3R	11604284	11604586	-1	6
X	10309742	10318418	-1	6
2R	13153753	13153814	-1	6
3R	15278442	15278503	-1	6
X	9111787	9111854	1	6
3R	14891724	14891785	1	6
X	15758330	15759697	-1	6
2R	23914332	23921965	1	6
3L	16071172	16076982	1	6
3L	3057765	3057829	-1	6
3L	1592884	1600173	1	6
4	137333	137391	1	6
2L	10444786	10445161	1	6
X	17868167	17868982	-1	6
X	4357277	4357345	1	6
3L	11723126	11727873	1	6
3R	24674622	24710339	1	6
X	15755563	15755819	-1	6
2L	6678934	6679986	-1	6
3L	16774367	16774430	1	6
3L	20314924	20314983	1	6
2R	7570139	7570200	1	6
3R	9234665	9237432	-1	6
2R	22877007	22877075	1	6
2L	8031309	8032060	1	6
3L	11722533	11722589	1	6
2R	16106482	16106977	1	6
2R	10093429	10093917	1	6
3R	10299059	10299634	1	6
2L	15748580	15748751	-1	6
2R	10569697	10569807	1	6
3L	11609189	11609286	-1	6
X	1234280	1236445	-1	6
3R	9487204	9493352	-1	6
3L	22841917	22841978	1	6
X	19964072	19964782	1	6
X	15962452	15962536	-1	6
2R	12628125	12628194	1	6
2R	9582074	9582129	-1	6
3R	21995772	21995838	1	6
3L	2962235	2962289	1	6
2R	16007387	16007445	-1	6
3L	17434138	17434189	1	6
3L	20521778	20522155	1	6
2R	25028485	25028542	1	6
2R	18615473	18615570	1	6
2L	5856319	5856404	1	6
2L	8032116	8038289	1	6
3R	24675801	24677244	1	6
3L	9823640	9823711	-1	6
2R	18758881	18758944	-1	6
X	10348860	10356372	-1	6
3R	835492	869486	1	6
2R	16853741	16853809	1	6
2R	12659066	12659124	1	6
X	18785928	18786001	1	6
X	1512596	1512661	-1	6
3R	31055552	31055622	-1	6
2R	17593905	17593966	1	6
4	918482	918536	-1	6
3R	23292682	23311982	-1	6
3R	22515175	22515302	1	6
3L	17059321	17060849	-1	6
2R	12529827	12541825	1	6
3L	3333926	3333984	-1	5
2R	22638252	22638311	1	5
2L	19535160	19536133	1	5
2L	7414665	7417373	1	5
3L	8545090	8555731	1	5
3R	30466375	30474034	1	5
2R	23912322	23912384	1	5
X	8140918	8141636	-1	5
3L	6741791	6741915	-1	5
4	251526	252824	-1	5
3R	19752680	19753748	1	5
3L	19211512	19232324	-1	5
2R	16038458	16040143	1	5
2L	1359111	1359172	-1	5
X	8238189	8238252	1	5
4	883642	885756	-1	5
3L	1305661	1306495	-1	5
X	6603391	6605180	1	5
2L	7033019	7035075	1	5
3R	8568828	8568888	1	5
3L	11202341	11202400	-1	5
X	15399321	15400268	-1	5
X	11145865	11145943	-1	5
3L	17270427	17287273	1	5
3R	24669880	24674411	1	5
3R	21299811	21303225	1	5
3L	8126955	8127011	-1	5
2R	24243544	24244490	1	5
2L	6682684	6682746	-1	5
2L	11281781	11281840	1	5
3R	5235729	5235843	1	5
3R	24802513	24802571	-1	5
3R	19235584	19237508	-1	5
2L	8000033	8000108	-1	5
2R	12616942	12617072	1	5
X	20421995	20422059	-1	5
2L	21381200	21382019	1	5
3R	22479454	22479530	1	5
X	21054743	21060495	1	5
3L	14002302	14003193	1	5
2R	4408033	4458023	-1	5
X	15758318	15760467	-1	5
3L	8351380	8351767	1	5
3R	17795801	17795863	1	5
3R	8881340	8930716	-1	5
3R	11951012	11951250	1	5
3R	4332478	4332992	-1	5
2R	15425667	15427260	1	5
X	15955190	15955308	-1	5
4	632130	632208	1	5
3L	23264365	23269404	1	5
3R	21777598	21777649	-1	5
3R	30517769	30517885	-1	5
3R	8243165	8243222	-1	5
2R	4756260	4756316	1	5
3L	19263906	19263981	-1	5
3R	3735587	3735825	1	5
2R	2053619	2119047	-1	5
2R	12758970	12759026	1	5
2L	13550294	13551142	1	5
3L	13039340	13039405	1	5
2L	21626941	21627353	-1	5
3R	10548655	10561909	-1	5
X	9472658	9499886	-1	5
3L	7980983	8017584	1	5
X	15760195	15760252	-1	5
X	13591534	13592917	1	5
3L	8440138	8441073	-1	5
3R	11396788	11397350	1	5
3R	22473440	22473638	1	5
2R	12849897	12849961	-1	5
3R	24067626	24102775	-1	5
3L	8537017	8537082	1	5
2R	7564858	7565058	-1	5
3R	17497575	17498266	-1	5
4	1124894	1124962	1	5
2L	17602147	17602206	1	5
2L	450879	452577	-1	5
X	3594951	3631310	1	5
3R	17909468	17909589	-1	5
3R	27642939	27643815	-1	5
3L	3924475	3925559	-1	5
3R	31600604	31600674	-1	5
X	10244627	10250017	-1	5
3R	20033459	20033516	1	5
X	17953347	18039085	-1	5
3L	8601038	8601314	1	5
2L	8083878	8089185	1	5
X	8365747	8366804	-1	5
3R	23966703	23972448	1	5
3R	25856224	25856627	1	5
2R	16925706	16926346	1	5
3L	22340642	22406892	-1	5
2R	23859828	23859887	-1	5
3R	19744288	19749480	1	5
2L	11109298	11109356	1	5
3R	19244965	19245030	-1	5
3L	3194722	3194965	1	5
2R	21698188	21698388	-1	5
2R	4117019	4122170	1	5
4	874161	874246	-1	5
3R	4957635	4959637	-1	5
2L	10259691	10260254	-1	5
X	622736	623448	1	5
2R	14238315	14238376	-1	5
X	13707715	13718129	-1	5
4	995236	995357	-1	5
X	7961364	7961439	-1	5
3R	24872154	24872219	-1	5
3R	30084900	30086315	1	5
3L	8427404	8429041	1	5
X	11112007	11112142	1	5
X	11815540	11816422	-1	5
3R	23983900	23984422	1	5
3R	21972517	21975155	1	5
4	570177	570234	-1	5
3R	23983909	23984374	1	5
X	12476869	12477611	1	5
3L	9354075	9358615	-1	5
3L	16622575	16647344	-1	5
X	11981177	11983846	-1	5
2R	4757166	4757236	1	5
X	1399750	1400478	1	5
2R	12168204	12170924	-1	5
4	1128544	1129435	1	5
2L	16263185	16263262	1	5
3L	22679702	22679764	1	5
2L	14922098	14922949	-1	5
3R	20608554	20608632	1	5
3L	13872858	13872922	-1	5
2R	23397090	23397145	-1	5
4	1303917	1303990	1	5
3R	5892990	5903716	-1	5
2L	9703182	9703268	-1	5
3R	13025893	13026165	1	5
2R	24060575	24060676	1	5
3L	13873267	13876378	-1	5
3L	14068928	14069892	1	5
3R	20805988	20810489	1	5
3R	16274173	16274419	1	5
2R	24573937	24573996	1	5
3L	1659363	1659846	-1	5
4	939118	940174	1	5
2R	4728552	4728779	-1	5
3R	29935082	29935137	-1	5
3R	16298551	16299591	1	5
X	11901280	11901349	-1	5
2L	3167974	3168035	1	5
X	3482042	3482101	-1	5
2R	6752989	6754180	1	5
2L	6730367	6730423	1	5
3L	5669083	5672055	1	5
3L	508800	514612	-1	5
2R	1082410	1087133	1	5
3R	6001737	6003673	-1	5
3L	19997220	19997510	1	5
3L	11587882	11588540	-1	5
X	628879	629328	-1	5
2R	16531396	16531459	1	5
X	7903160	7903216	1	5
X	21425656	21426584	-1	5
X	18371607	18377245	1	5
3R	19852426	19852483	1	5
X	15083042	15083257	1	5
X	2695226	2695393	-1	5
mitochondrion_genome	13677	17434	-1	5
X	12918846	12918934	1	5
3L	4575759	4578760	1	5
2R	6186337	6186475	-1	5
3R	23983895	23984356	1	5
3L	4285770	4285847	1	5
3R	20754262	20754423	1	5
2R	1113483	1113537	1	5
3L	13886282	13886363	-1	5
3R	11397851	11400821	1	5
3L	27267284	27267592	1	5
2L	12051382	12051453	1	5
X	8158387	8158565	1	5
3R	6589652	6592884	-1	5
X	16568277	16586925	-1	5
3R	4430160	4430630	-1	5
2L	1082666	1082789	1	5
X	13576183	13576612	1	5
X	8050284	8050437	-1	5
3R	18226938	18227705	1	5
2R	2261771	2261829	-1	5
2R	21020242	21020993	1	5
X	13381902	13383346	-1	5
X	2692391	2692477	1	5
2R	23905794	23905856	-1	5
2L	16246017	16249287	-1	5
3L	19895039	19896798	-1	5
2R	10109269	10109436	1	5
3R	8391401	8392014	-1	5
3R	9342418	9359248	1	5
3R	20957969	20974581	1	5
3R	15856323	15856383	-1	5
2R	18913495	18938550	1	5
X	11369804	11373817	1	5
3R	7195896	7196294	1	5
X	2642094	2669913	1	5
4	1141368	1143627	-1	5
4	621873	621929	1	5
X	1016247	1016521	-1	5
2L	1167452	1167710	-1	5
2R	9511079	9511144	1	5
2R	13580540	13580837	-1	5
3R	22413458	22413520	1	5
3L	17338737	17338796	-1	5
X	16842224	16842333	-1	5
3R	13243427	13243586	-1	5
2R	24696249	24698870	-1	5
2R	18167270	18167344	1	5
2L	8218505	8218570	-1	5
2R	23545264	23545326	-1	5
2L	23176374	23176984	1	5
3R	10850020	10851285	1	5
3L	8961457	8961517	-1	5
2R	13960877	13967742	1	5
2R	24532644	24532897	1	5
2R	8209626	8209714	1	5
2L	1175524	1175579	1	5
X	6631106	6644562	1	5
3R	16636143	16636202	1	5
2R	13959399	13959568	-1	5
3L	148646	148704	1	5
3L	1723706	1723770	-1	5
2L	9709148	9710356	-1	5
2R	16790267	16790739	1	5
3L	3899504	3899733	-1	5
X	15895779	15895846	1	5
3R	25053975	25054042	-1	5
3L	20935516	20936666	-1	5
3L	12526386	12526589	-1	5
2L	22131700	22132118	1	5
X	15989299	15989377	-1	5
2R	4701262	4711814	-1	5
2L	7866150	7870267	-1	5
3R	15897424	15897548	-1	5
2L	13207997	13208110	-1	5
3R	5569272	5569400	1	5
X	12203912	12204139	1	5
2R	17871662	17871905	1	5
3R	26590718	26594776	1	5
3L	20854188	20854605	-1	5
2L	6525551	6525619	1	5
2L	8383271	8383335	1	5
2R	24608262	24608319	1	5
3L	23334741	23337875	-1	5
2R	18165103	18165160	-1	5
2L	13773117	13773184	1	5
2L	10313028	10313084	-1	5
2R	14857846	14857908	-1	5
2L	5955724	5955781	-1	5
3L	24035809	24035871	1	5
2R	5212468	5217345	-1	5
X	11852999	11853055	-1	5
2L	21382204	21390191	1	5
2R	23735789	23735854	-1	5
X	9676670	9676757	-1	5
4	75166	82638	1	5
3R	17321124	17321216	-1	5
2R	21150861	21153987	-1	5
4	1078830	1082127	-1	5
4	882724	882961	-1	5
2R	9613760	9614827	-1	5
2L	6492857	6494938	1	5
2R	10673970	10691365	1	5
2R	4695611	4698503	-1	5
4	948179	948313	1	5
3L	10662624	10662684	1	5
2R	23913027	23913086	1	5
X	4353614	4353944	1	5
2L	20336405	20336467	1	5
X	4361109	4361966	1	5
X	5633267	5633354	-1	5
2L	17401291	17401519	1	5
3R	16644487	16644548	1	5
X	9152650	9153896	-1	5
2R	18688912	18692041	1	5
2L	19524967	19525024	1	5
X	10186739	10187054	1	5
2L	10298990	10299044	-1	5
3R	18334300	18352725	-1	5
2L	17601149	17601453	1	5
4	1120048	1120106	-1	5
X	11973485	11974224	-1	5
3R	16299690	16301245	1	5
X	1691131	1691207	-1	5
3R	11628053	11628126	1	5
3R	16059376	16059461	1	5
3L	15523465	15523833	-1	5
3R	23998769	23998830	-1	5
2L	7057157	7057224	1	5
3R	22712475	22712805	-1	5
3L	16077283	16080759	1	5
3R	16978711	16978780	-1	5
X	4413900	4428198	1	5
2R	10647787	10647925	1	5
X	12656153	12656334	1	5
X	3709997	3710069	-1	5
2R	10469715	10472565	-1	5
2R	5362756	5362830	-1	5
2R	4726789	4726848	-1	5
X	15897296	15898955	1	5
2L	8368697	8368758	1	5
2R	22743552	22743841	-1	5
3L	2955847	2955912	1	5
X	15965534	15965598	-1	5
X	9440117	9471999	-1	5
2R	14277056	14277281	1	5
4	377826	377885	-1	5
X	20465432	20465500	1	5
3L	1003654	1003728	-1	5
4	558169	560095	1	5
2R	22413341	22414101	-1	5
X	11921932	11921998	-1	5
2L	10262850	10263037	-1	5
2R	12259845	12273766	1	5
2L	10312909	10312962	-1	5
3R	21300362	21300640	1	5
2L	21388806	21390231	1	5
2R	10107861	10107969	-1	5
3L	18667580	18667648	1	5
X	10631809	10677709	-1	5
2R	5202064	5203752	-1	5
2L	5541337	5541433	-1	5
3L	17061838	17078116	-1	5
3L	19994736	19994812	1	5
3L	17077707	17078116	-1	5
3L	21915010	21915102	1	5
3L	9112369	9112634	-1	5
3R	28820719	28820788	1	5
3L	8266435	8266558	1	5
3R	27057475	27057652	1	5
X	19659079	19659227	1	5
3L	17533850	17534351	1	5
2L	9891074	9891133	1	5
3R	8752399	8752514	1	5
3R	29735960	29736016	-1	5
4	1075558	1075616	1	5
2L	21129083	21130005	1	5
2R	15307299	15310088	-1	5
3L	19868865	19869103	-1	5
3L	1800172	1801998	1	5
3R	13997136	14026878	-1	5
2L	2866742	2866814	1	5
2R	16089893	16098128	-1	5
3R	31601352	31601416	-1	5
3L	9835283	9835339	-1	5
2R	22029527	22029606	-1	5
3R	24662564	24664364	1	5
3R	20791864	20791937	-1	5
3R	24793550	24794324	1	5
3L	8439757	8441418	-1	5
3L	13964310	13964377	-1	5
2R	1072501	1117308	1	5
X	22995915	23004550	-1	5
3R	24513823	24513880	-1	5
3R	15215091	15215339	-1	5
X	16498657	16498716	-1	5
2R	13337349	13344501	-1	5
3R	21314959	21315654	1	5
3R	23983897	23984353	1	5
X	22982551	22982621	-1	5
2L	9291249	9295291	1	5
X	2091892	2091962	1	5
3R	23983898	23984362	1	5
3L	3039819	3039927	1	5
3L	27137237	27140119	1	5
3L	4429716	4429954	1	5
X	21299610	21300151	-1	5
4	350691	350765	-1	5
2R	4030298	4116600	1	5
2R	12636738	12636844	1	5
2R	8012283	8012347	-1	5
3L	3860412	3860636	1	5
3R	25742316	25742392	-1	5
3L	28012474	28012537	-1	5
3R	13709383	13709441	-1	5
3L	14774692	14774758	-1	5
3L	13798506	13802925	-1	5
2L	21380362	21380919	1	5
4	990503	992066	1	5
2R	5242583	5245952	-1	5
2L	10400999	10401077	1	5
X	4658459	4659818	-1	5
3L	8470380	8470431	1	5
X	13670012	13670129	1	5
X	1376188	1376696	1	5
2R	24058692	24058932	1	5
X	15340992	15341139	-1	5
3L	7804708	7805100	-1	5
3L	8970896	8970949	1	5
3R	18251279	18251344	1	5
2L	2772644	2779177	-1	5
3L	1523857	1523914	-1	5
2R	19841780	19853373	1	5
X	15828883	15828952	-1	5
X	8689089	8689145	-1	5
3L	19992043	19993265	1	5
3R	25321465	25321523	-1	5
X	1691358	1692376	-1	5
2R	24946333	24946383	1	5
X	10061349	10070142	-1	5
2L	119376	119431	-1	5
2R	8162707	8162770	-1	5
2R	15519870	15519926	-1	5
X	21037771	21038842	1	5
2L	18442439	18442505	-1	5
X	15626233	15632809	-1	5
3R	8735444	8735509	1	5
3L	5170349	5271753	-1	5
X	15919687	15919741	1	5
4	943674	943734	1	5
3R	18168207	18169484	1	5
3R	30208162	30208321	-1	5
2R	19119484	19120524	1	5
2L	19034151	19034205	-1	5
3R	5640757	5640821	-1	5
2R	19229115	19229424	1	5
X	16527971	16529816	-1	5
2R	9970208	9970272	1	5
3L	1318048	1318115	1	5
2L	17476618	17476693	-1	5
2L	10276113	10276392	-1	5
2R	6756858	6756920	-1	5
2R	2832946	2833119	1	5
3L	225141	225726	1	5
3R	11430275	11430339	1	5
X	12028040	12028424	-1	5
3L	11196876	11197239	-1	5
2R	16760715	16761668	-1	5
2L	11151621	11151928	-1	5
3R	11817339	11818006	-1	5
3R	10562033	10585743	-1	5
X	10821489	10822341	-1	5
3R	9234665	9237272	-1	5
3L	8470484	8471152	1	5
X	13678754	13678855	-1	5
3L	293186	298959	1	5
2L	5641953	5645456	-1	5
3R	23607666	23608369	-1	5
3L	21635562	21635618	1	5
3L	24110916	24131196	1	5
3L	12735250	12736058	1	5
4	1303122	1315396	-1	5
X	13261664	13261732	1	5
2R	13580549	13580846	-1	5
2R	6044039	6044096	1	5
2L	16685942	16690902	1	5
X	13731623	13733085	-1	5
X	10060578	10060667	-1	5
2R	22498806	22498963	-1	5
3R	29316366	29316720	-1	5
2L	218886	226116	-1	5
2L	6040865	6040924	1	5
X	13069553	13069645	1	5
2R	16763341	16764138	-1	5
4	1126942	1127002	1	5
X	15760158	15760240	-1	5
3L	14231326	14231927	1	5
3R	4295167	4295263	1	5
4	250137	250190	-1	5
X	6228880	6228948	1	5
X	13773979	13775433	1	5
2L	11997704	11997768	1	5
3L	19487107	19487162	-1	5
X	6191529	6192347	-1	5
2R	9119048	9121736	1	5
2R	22922340	22922397	-1	5
3L	12518225	12518438	1	5
X	10238593	10238934	-1	5
3R	13689854	13689913	1	5
4	905964	906028	-1	5
2R	1429729	1440929	-1	5
4	1059289	1059419	-1	5
4	1060635	1060741	-1	5
2R	24991202	24996076	-1	5
3L	6401194	6449107	1	5
2R	12517775	12517837	-1	5
3R	25044757	25044972	-1	5
X	18861764	18861833	-1	5
2L	2356932	2357690	1	5
X	17641817	17641901	-1	5
X	15895592	15895662	1	5
4	190062	193545	-1	5
3L	18899140	18899306	1	5
3R	9750230	9750285	1	5
2R	1429729	1440940	-1	5
2R	10106445	10107458	1	5
2R	21513562	21514209	1	5
4	855841	860335	-1	5
2R	21606361	21606468	-1	5
2R	9370518	9371565	-1	5
X	18931001	18936607	1	5
2L	22579253	22579821	1	5
3L	9413808	9415408	-1	5
3L	11196876	11197149	-1	5
2R	21658276	21658351	1	5
4	320037	328162	1	5
X	16455652	16462184	-1	5
3R	18186315	18186373	1	5
3R	24221617	24221793	-1	5
4	1128656	1129435	1	5
3R	24104960	24105122	-1	5
X	2492421	2492988	-1	5
3R	30877772	30878839	-1	5
3L	19573912	19574494	-1	5
3R	24346761	24346817	-1	5
3L	27323575	27331994	1	5
3R	25110686	25110743	-1	5
2R	9471348	9471421	1	5
3L	9123777	9125172	-1	5
2L	9806531	9807310	-1	5
3L	20476805	20484351	1	5
4	905542	909049	1	5
3L	15147403	15150812	1	5
3R	21307474	21307752	1	5
2R	24727160	24736504	-1	5
3L	15560579	15560641	1	5
2L	16485029	16485437	-1	5
3R	23963462	23965611	1	5
3R	25053869	25053933	-1	5
X	16288958	16289027	1	5
3L	2593500	2593561	1	5
3L	25816968	25843725	-1	5
4	369185	369507	1	5
3R	20974692	20975239	1	5
X	15760195	15760256	-1	5
3L	9371670	9371894	-1	5
2R	7320765	7321583	-1	5
2L	12739189	12743980	1	5
3R	14120229	14120285	-1	5
X	16459739	16463612	-1	5
X	3893283	3895624	-1	5
X	8272622	8272693	-1	5
2R	24401809	24402561	-1	5
2R	21341077	21341420	1	5
3L	2508574	2508639	-1	5
X	11608500	11608553	-1	5
3R	23983911	23984440	1	5
2R	16924787	16926346	1	5
2R	16984785	16984842	1	5
3L	8537143	8537323	1	5
3R	13049837	13049899	-1	5
2R	22537327	22540437	-1	5
X	13297652	13297747	1	5
X	11494000	11522616	1	5
3R	13669697	13670645	-1	5
4	1013769	1014318	-1	5
3L	3458841	3458948	-1	5
X	16599640	16599724	1	5
3R	23983903	23984428	1	5
2R	24892549	24894084	-1	5
X	22494276	22495176	1	5
3L	17400527	17400881	-1	5
3L	6116003	6118959	1	5
2L	20347550	20348132	1	5
3L	8210492	8210558	1	5
X	10256811	10260900	1	5
3R	16297346	16298470	1	5
3R	15374969	15381163	1	5
3R	18218081	18218326	1	5
X	8060159	8061300	-1	5
2L	8088517	8089185	1	5
4	369297	369507	1	5
3R	8717342	8717849	1	5
3R	12215954	12216633	-1	5
4	806957	807186	-1	5
X	7943849	7943919	-1	5
2R	13518603	13528184	-1	5
2R	17797862	17797928	1	5
2L	15029914	15029985	1	5
3R	23983733	23984353	1	5
3R	15792902	15792957	1	5
3R	11337633	11339658	1	5
2R	15368434	15368486	-1	5
2R	16760518	16760598	-1	5
2L	13462162	13483447	1	5
3L	20936715	20943564	-1	5
X	10595478	10595544	-1	5
4	1241898	1243477	1	5
2R	17010195	17010263	-1	5
2R	13442517	13442934	-1	5
X	2641362	2641590	1	5
3L	6737478	6737535	-1	5
3R	23983737	23984349	1	5
X	11053188	11053338	-1	5
2R	4693484	4695119	-1	5
X	16274502	16274564	-1	5
3L	2864061	2869449	-1	5
2R	14276407	14277139	1	5
X	576138	578237	1	5
3R	20300153	20300217	1	5
3R	10018559	10018942	-1	5
3L	1174608	1176981	-1	5
X	14227142	14227197	1	5
3R	20401307	20403013	-1	5
2L	9293222	9295347	1	5
2R	16009717	16009773	-1	5
3L	11603491	11603561	1	5
3L	150019	150084	-1	5
3R	17875546	17876332	-1	5
3R	10218692	10219779	1	5
2R	24891879	24892284	1	5
3R	31934011	31935004	-1	5
3L	25670852	25670919	-1	5
X	9181750	9183129	1	5
3R	27566796	27566861	-1	5
2R	17276064	17295835	1	5
2L	17807001	17902658	-1	5
X	18654422	18654547	-1	5
2R	16984491	16984699	1	5
2R	20329022	20329106	1	5
2R	23912835	23912897	1	5
3L	8120751	8120815	1	5
X	16318608	16320079	-1	5
2R	16387563	16387992	1	5
X	14788388	14789574	-1	5
3L	10156565	10182243	-1	5
2L	7820401	7820462	1	5
2L	6790968	6791031	-1	5
X	11817933	11830937	1	5
3R	5807388	5807818	1	5
X	15440658	15440924	-1	5
3L	12213298	12213354	-1	5
2L	3478761	3479185	1	5
2R	10094635	10094696	1	5
3L	22271763	22272369	1	5
3L	3833794	3833982	1	5
X	23281317	23455175	1	5
2L	3322512	3322691	1	5
3R	15792473	15802810	-1	5
3R	22652559	22656874	1	5
2R	19172281	19172345	1	5
3R	25685703	25685768	-1	5
X	576617	578835	1	5
2R	22932307	22932364	-1	5
X	10701122	10701804	1	5
2L	7826982	7827061	-1	5
2R	6753504	6754702	1	5
2L	19031763	19031821	-1	5
2R	24952255	24952312	1	5
X	5629025	5629385	-1	5
2R	10370479	10370604	-1	5
3R	30208201	30208390	-1	5
2L	10432179	10432242	1	5
2L	6113114	6121774	1	5
3R	20750758	20752346	1	5
2R	4297251	4297358	-1	5
3L	1522645	1522707	1	5
3R	9930546	9943481	1	5
3L	12736161	12736253	1	5
X	18005567	18005816	-1	5
3R	30435821	30435882	-1	5
2R	932918	933252	-1	5
2L	8083687	8089185	1	5
2L	15059708	15060438	-1	5
X	9008202	9013311	1	5
2L	1836653	1837019	1	5
3L	4589968	4590032	1	5
3R	23983321	23983794	1	5
3L	9735993	9736928	-1	5
2R	1075209	1076436	1	5
3R	9487110	9493011	-1	5
3L	1660227	1660651	-1	5
3R	26662328	26662992	-1	5
2L	14601799	14601851	-1	5
2L	9176662	9177125	1	5
X	12686254	12686572	-1	5
3R	11591308	11593633	-1	5
3L	1501398	1501799	-1	5
3R	15372764	15372849	1	5
3R	791886	795263	1	5
3L	16990880	16991014	1	5
2R	24021542	24021790	-1	5
3R	31852809	31857879	-1	5
2R	7041731	7041785	1	5
2R	8919467	8919524	-1	5
3L	12118627	12118688	1	5
4	270756	271069	-1	5
3R	24510248	24510902	-1	5
3L	5367775	5367900	-1	5
3R	23983979	23984283	1	5
4	1050610	1053654	-1	5
3L	4190330	4192859	1	5
3L	2962031	2962095	1	5
2R	7634933	7635048	-1	5
3L	17729874	17730189	1	5
3R	12097017	12107139	1	5
3R	21069020	21069313	1	5
2L	6646948	6649030	-1	5
2R	15998004	15998067	1	5
2L	5633078	5634654	-1	5
2R	12578552	12579129	-1	5
3R	3625753	3626910	1	5
2L	10377389	10377797	1	5
3L	13867602	13872414	-1	5
3R	31742367	31743117	1	5
X	21347934	21348002	-1	5
3L	27420842	27441599	1	5
2L	9877279	9885938	-1	5
2R	24067203	24067852	-1	5
3L	7814183	7815592	-1	5
2L	13964739	13964794	1	5
2R	14989616	14989682	1	5
3L	2927892	2936113	-1	5
3L	17426671	17426728	-1	5
4	855555	865344	-1	5
2R	9374598	9387782	-1	5
X	17950093	17950611	-1	5
2L	21381665	21391488	1	5
3R	30573073	30577179	1	5
2L	13462216	13462354	1	5
mitochondrion_genome	3494	3549	1	5
3R	10328479	10328571	-1	5
X	5760821	5761169	-1	5
2R	12880871	12880950	-1	5
X	14586437	14586497	-1	5
2L	12468418	12477115	-1	5
X	20045023	20062055	-1	5
3R	21949403	21949640	1	5
2L	5047480	5047543	1	5
X	9587946	9589567	1	5
X	17929298	17932666	-1	5
3R	31594957	31595054	-1	5
2R	16326237	16326697	-1	5
3R	4101771	4101861	1	5
2L	10825837	10825949	-1	5
X	19342945	19343118	-1	5
3L	11196876	11197155	-1	5
3L	3071308	3073081	1	5
2R	19161594	19161660	1	5
2L	18083190	18083254	1	5
2L	4314616	4318577	1	5
X	16291092	16291941	1	5
3R	24922030	24922085	1	5
3R	9544748	9546798	-1	5
3R	17696587	17697656	-1	5
2L	7786425	7786701	-1	5
X	15852740	15853042	-1	5
2L	9292213	9293027	1	5
2L	6929772	6931793	1	5
X	11290264	11293237	-1	5
3L	8888860	8888924	1	5
2L	9798127	9798196	-1	5
3R	3462694	3468909	-1	5
2R	5217436	5241896	-1	5
3L	16844863	16844942	-1	5
X	13808495	13808794	1	5
3L	11795004	11795063	1	5
2L	21632989	21633266	1	5
2L	11115586	11115660	1	5
3R	16059685	16059739	1	5
2R	18558017	18558075	-1	5
2L	8101821	8105214	1	5
3R	20974605	20976018	1	5
2R	14281443	14299496	1	5
2R	11987227	11987281	-1	5
3R	21807735	21808289	-1	5
X	11398823	11400788	1	5
2R	4693169	4693248	-1	5
2R	18522721	18524233	1	5
3R	17915165	17916152	-1	5
X	21035722	21036399	1	5
3L	19888105	19888232	-1	5
X	13714736	13714824	1	5
X	20171066	20171130	1	5
3L	15911653	15924288	-1	5
2R	17538623	17538694	1	5
4	210487	210558	1	5
3R	27664826	27664881	1	5
3R	14617010	14617175	1	5
3L	7930610	7930688	-1	5
X	8210003	8239140	1	5
2L	10248136	10248197	-1	5
X	3256515	3258614	1	5
3L	9774490	9779446	-1	5
3L	7656204	7662471	-1	5
2R	13957351	13957962	-1	5
3L	3924478	3925559	-1	5
2L	6922827	6923784	1	5
2L	5204593	5204836	1	5
2L	15591629	15726498	1	5
X	21347433	21347531	-1	5
3L	3606607	3633538	1	5
3L	9870099	9870158	1	5
X	6360443	6361108	1	5
X	575967	577936	1	5
3L	2923924	2924075	1	5
2R	16858765	16858827	1	5
2L	12709310	12709375	-1	5
2R	25006084	25010380	-1	5
2L	1909993	1910067	1	5
3R	5593411	5594413	1	5
3L	24253922	24297681	1	5
3R	29490754	29490814	-1	5
X	3481370	3481954	-1	5
3R	23983729	23984283	1	5
2R	24020698	24020755	-1	5
3L	19879480	19879536	1	5
2L	10178086	10178157	-1	5
2R	19176742	19177289	1	5
X	21104106	21104293	1	5
3L	9399870	9401122	-1	5
3R	21771840	21771902	-1	5
2R	17700943	17701134	1	5
X	6864982	6866806	-1	5
2L	18475274	18475336	-1	5
X	21382969	21383030	1	5
X	18826288	18826393	1	5
3R	9391074	9392741	-1	5
3R	16275170	16289631	1	5
X	633839	633902	-1	5
2L	19510731	19510787	-1	5
2L	21122394	21124135	1	5
4	689541	690446	1	5
3L	11691250	11691308	-1	5
2R	24023131	24023845	1	5
2L	21139603	21139676	-1	5
2L	21380366	21382019	1	5
2R	16204755	16204825	-1	5
3L	14707853	14735554	1	5
X	16514185	16518805	-1	5
3R	27665181	27665238	1	5
X	21381064	21382180	1	5
3R	3744983	3746949	-1	5
3R	11674429	11674492	1	5
X	17951314	17951415	-1	5
3R	18976488	18977695	1	5
X	5904250	5904334	1	5
X	15989951	15991822	-1	5
3R	9716317	9716374	-1	5
X	7837488	7838697	1	5
3R	8520969	8521029	1	5
X	8060159	8060880	-1	5
3R	25132502	25132592	1	5
3R	1455092	1467146	1	5
3L	21838145	21838212	-1	5
X	22987157	22989763	-1	5
X	8060159	8061017	-1	5
2L	11852222	11852378	1	5
X	4086251	4087054	1	5
X	13075446	13076838	1	5
X	13967537	13985320	-1	5
3L	7529199	7532672	1	5
3L	9714400	9714506	1	5
X	9163291	9164169	1	5
3R	27550482	27550873	-1	5
3R	11396573	11400742	1	5
X	18060549	18062827	-1	4
X	934334	939357	1	4
X	5353005	5355947	1	4
3R	5226996	5227324	1	4
3L	4953108	4955826	-1	4
2L	5799412	5799751	-1	4
3L	16036702	16036777	1	4
3R	5858585	5858643	-1	4
2L	10857011	10857071	-1	4
X	4451040	4478148	1	4
2R	16178911	16184606	1	4
2R	15221818	15221899	1	4
2L	22538731	22538804	1	4
X	6137962	6138024	-1	4
3R	9004452	9004509	1	4
X	15793245	15793309	1	4
3R	25868524	25868593	1	4
X	1891595	1895274	-1	4
X	20773331	20773391	-1	4
4	877195	878851	-1	4
3L	4325411	4326984	-1	4
X	5709044	5709128	-1	4
2L	21678306	21678757	-1	4
3R	13643210	13644359	-1	4
X	21426704	21431598	-1	4
3L	8339822	8339876	1	4
2R	21144137	21144201	1	4
3R	27647609	27656206	-1	4
2R	15831514	15834683	-1	4
2L	22126125	22126431	1	4
3R	14570703	14574566	-1	4
2R	13843712	13843774	-1	4
3R	8727972	8728031	1	4
2R	18638618	18638819	-1	4
3L	9774490	9779446	1	4
X	2670104	2670174	1	4
3R	18908556	18908941	1	4
4	340767	341128	-1	4
3R	25063878	25063935	1	4
3L	4130644	4131121	-1	4
2L	21635732	21637659	1	4
4	714513	717127	1	4
X	10348842	10356353	-1	4
3R	24047547	24105478	-1	4
X	11676397	11676651	1	4
2L	21743972	21746152	-1	4
3R	15096969	15097281	-1	4
4	469331	471014	1	4
X	15932462	15932522	-1	4
2R	15994803	15994865	-1	4
X	9170537	9170711	1	4
2R	5604517	5604710	-1	4
X	13858677	13868906	-1	4
2L	13497681	13497741	1	4
X	6743149	6744196	-1	4
3L	9645487	9650344	1	4
X	6684071	6684128	1	4
3R	28529696	28529752	-1	4
3R	20204979	20206179	1	4
4	179212	179264	-1	4
2R	5092477	5092527	1	4
X	5336598	5338061	-1	4
3R	31935392	31937270	-1	4
3L	13540642	13541489	-1	4
X	5340512	5341181	1	4
3L	3958593	3961639	-1	4
3R	18463358	18513451	-1	4
2L	13610242	13637475	1	4
3R	24103154	24104440	-1	4
3R	8820057	8820157	-1	4
2R	17674765	17674827	-1	4
3L	14231113	14231177	1	4
X	2078775	2078832	-1	4
3R	32043882	32043939	1	4
2L	3718486	3720875	1	4
X	9008137	9013271	1	4
3L	20515621	20515725	-1	4
X	13746675	13755009	-1	4
X	13746679	13754835	-1	4
3L	11527343	11561894	-1	4
X	18039958	18040202	-1	4
2R	13337349	13361951	-1	4
3L	7352734	7353343	1	4
3R	9826933	9828419	-1	4
X	6742257	6743058	-1	4
3R	21297281	21298241	1	4
2R	4237724	4238019	-1	4
3L	5161602	5161768	-1	4
X	11817659	11831266	1	4
3R	22959724	22959895	-1	4
3L	25798743	25816891	-1	4
2R	8119621	8122257	-1	4
2L	11833088	11833138	-1	4
2L	13384795	13384984	1	4
4	249736	249800	-1	4
3R	12373470	12373651	1	4
2R	8598290	8598572	-1	4
3L	8433214	8440696	-1	4
3R	25043466	25043523	-1	4
2L	7977136	7984057	-1	4
2R	20734451	20745785	1	4
2L	15092486	15092550	1	4
X	15989110	15989392	-1	4
2L	18973460	18973917	-1	4
3R	23075402	23075634	-1	4
2R	24891838	24892402	1	4
2R	19574327	19600882	-1	4
2L	17650506	17650983	-1	4
X	7501172	7501234	1	4
3L	21435643	21436799	1	4
3R	29735656	29735714	-1	4
2L	19049236	19049287	1	4
2L	155971	156045	1	4
X	1411927	1413418	1	4
3L	20527542	20527593	1	4
2R	22085498	22085583	1	4
X	521697	522986	-1	4
3L	12752923	12752984	1	4
X	90010	90071	-1	4
3L	5664448	5664882	1	4
3R	27640883	27641038	-1	4
X	12850811	12886601	-1	4
2R	10110936	10117263	1	4
3L	5672854	5749537	1	4
2R	13815025	13815555	1	4
3R	32052978	32053246	1	4
3R	22960133	22961578	1	4
2L	10311785	10311899	-1	4
3R	16579148	16583564	-1	4
X	4698677	4701354	1	4
4	66739	66840	-1	4
2L	6047781	6047900	-1	4
3L	3831875	3842260	1	4
2L	2989338	2989397	1	4
3L	21342453	21342931	-1	4
3L	23934495	23934555	-1	4
3R	15412522	15412579	1	4
X	3514173	3514868	-1	4
3R	20390814	20393667	-1	4
3L	1304224	1304280	1	4
2R	10439632	10448199	1	4
3L	16063738	16063886	1	4
2L	7236352	7237687	-1	4
3R	27580326	27582002	-1	4
3R	11987377	11988658	-1	4
X	8040923	8055087	-1	4
3L	9900307	9900423	1	4
3R	11781940	11782002	-1	4
2L	5989692	5989955	-1	4
3R	27387235	27388455	-1	4
3R	10166235	10167249	-1	4
3L	14762397	14763053	1	4
X	13670060	13670129	1	4
2R	7981473	7982641	-1	4
2L	8338489	8338580	1	4
2R	22797173	22797518	-1	4
X	4316904	4316964	-1	4
2R	14291916	14292046	1	4
2L	13423346	13446515	1	4
3R	6001361	6001558	-1	4
2R	12448101	12448163	1	4
X	17125018	17126001	1	4
2L	12052504	12052560	-1	4
3R	12561805	12595855	-1	4
X	14831511	14831604	-1	4
3L	13541588	13541722	-1	4
3R	5202854	5203050	-1	4
2R	10107654	10109407	1	4
2R	9530207	9532346	1	4
3R	29659394	29659830	-1	4
3R	8568653	8568719	1	4
X	4413746	4428198	1	4
3R	23851112	23858726	1	4
3R	18178777	18179635	1	4
3R	12970249	12970323	-1	4
2R	24026617	24027004	1	4
X	18822508	18822582	1	4
3R	18168207	18169657	1	4
3R	10865677	10866529	-1	4
2R	9056633	9059255	-1	4
3R	19764429	19765258	1	4
X	8294250	8294393	1	4
2L	476016	476078	1	4
2R	1521560	1527005	-1	4
3L	15860027	15863968	-1	4
3L	4115143	4115305	-1	4
2R	11694841	11694918	1	4
X	3338746	3339112	1	4
3R	21777314	21777378	-1	4
2L	10224754	10225550	-1	4
3R	19412765	19415638	1	4
4	118780	118838	-1	4
2L	11237555	11255463	1	4
2R	6812084	6812781	1	4
2R	18289851	18355500	-1	4
2L	16078290	16079814	1	4
2L	6928722	6931814	1	4
X	4698663	4699609	1	4
3R	25856202	25856624	1	4
X	13986075	13988766	-1	4
3R	5177511	5177637	-1	4
2L	2352737	2352802	1	4
3L	19199498	19211467	-1	4
3R	23984098	23984428	1	4
2R	12167246	12170947	-1	4
2R	16942155	16942223	1	4
X	6758954	6759425	-1	4
2R	12161473	12161535	-1	4
mitochondrion_genome	9525	13133	-1	4
X	11424455	11428529	1	4
3L	22801742	22803808	-1	4
3R	26870373	26871926	-1	4
X	13985748	13985821	-1	4
2L	456898	456973	1	4
2R	18632505	18634220	-1	4
2R	2487669	2497094	-1	4
3R	25518395	25519261	1	4
X	10618987	10619966	-1	4
2R	6010548	6010610	1	4
3L	24734352	24739895	1	4
2R	21394408	21394878	-1	4
3R	15962409	15963050	-1	4
3R	11228340	11229929	-1	4
3R	11378190	11391554	1	4
3R	4645077	4645181	-1	4
3R	7269767	7270619	1	4
3L	24161180	24162203	1	4
X	11573984	11574053	1	4
2R	7815728	7822143	-1	4
2R	926673	926735	-1	4
X	12636284	12636539	1	4
2L	21665596	21665918	-1	4
2R	6668257	6668309	1	4
3R	23937020	23937423	-1	4
3R	21851877	21855400	-1	4
2R	13482478	13482933	-1	4
3L	27332109	27350220	1	4
3R	21948426	21949640	1	4
X	6484098	6484163	-1	4
3R	22142224	22149367	1	4
2R	5956888	5957028	1	4
2L	19514853	19514931	-1	4
2L	1170364	1170430	1	4
mitochondrion_genome	12911	13153	-1	4
3L	11603255	11603339	1	4
mitochondrion_genome	11349	11410	1	4
X	15099038	15099249	1	4
3L	19587822	19587881	1	4
3R	24633500	24633558	1	4
2L	22540325	22540378	1	4
X	1400626	1413418	1	4
X	9603725	9603801	1	4
2R	16995707	16995781	1	4
3R	8649420	8649478	-1	4
2R	18432776	18437575	-1	4
3L	15127652	15127745	1	4
4	671167	671247	1	4
3R	15955206	15957594	1	4
2L	11143289	11143339	-1	4
4	611807	613615	1	4
X	15402956	15403584	-1	4
4	372177	372250	1	4
X	6655773	6657607	1	4
2R	8930381	8930434	1	4
3R	16187300	16196031	1	4
X	9506260	9507056	-1	4
3R	5489900	5489970	-1	4
2R	24661998	24662055	1	4
3R	13141721	13142279	-1	4
4	891203	892521	-1	4
2R	9992918	9992984	1	4
2R	9803477	9806459	-1	4
2L	10989875	10990096	1	4
4	1230119	1230649	-1	4
3L	22824085	22824196	-1	4
2R	10722397	10722636	-1	4
X	16600896	16600954	1	4
3L	20449636	20450266	1	4
2L	16973245	16973448	1	4
X	17625659	17626940	-1	4
X	8293908	8295445	1	4
4	1262094	1262412	1	4
3L	19542181	19542298	-1	4
X	9171026	9171487	1	4
X	8056138	8056317	-1	4
2R	16788667	16788791	1	4
X	22445309	22445775	1	4
3R	31150495	31150594	1	4
3L	1657634	1657760	-1	4
X	8908322	8916697	1	4
2L	5189996	5205409	1	4
2L	18858463	18858952	-1	4
2L	22253922	22257653	1	4
2R	17471624	17471694	1	4
3L	5672749	5749503	1	4
3L	5544396	5544972	-1	4
3R	30033744	30033805	1	4
3R	20026942	20027052	-1	4
3R	21223195	21223257	-1	4
3R	10196782	10196841	1	4
X	1778961	1779090	1	4
3L	4189035	4189676	1	4
3L	21918477	21920903	1	4
X	9099462	9101096	-1	4
X	15734607	15735099	1	4
2L	8084296	8089185	1	4
X	18211266	18211690	-1	4
2L	6777735	6777796	1	4
X	22980870	22981322	-1	4
4	569057	569114	-1	4
3R	4405420	4405480	1	4
3L	5167060	5168250	-1	4
2R	12609637	12610579	1	4
X	11435461	11437184	-1	4
3L	5983886	5983951	-1	4
2R	16500530	16503505	1	4
3R	21805248	21808509	-1	4
3L	9967071	9967282	1	4
4	1139958	1140496	-1	4
X	13986075	13990470	-1	4
3R	31588860	31588920	-1	4
3R	20026766	20026831	-1	4
2L	21094638	21094703	1	4
X	12608866	12608938	1	4
4	588043	588572	1	4
3L	18750903	18765273	-1	4
3R	9420048	9440681	1	4
2L	16328332	16328728	-1	4
2L	4316003	4321138	1	4
3R	17821959	17836151	1	4
3L	24079559	24085758	1	4
X	9109757	9110618	1	4
3R	31216246	31216603	-1	4
3R	27885659	27904971	-1	4
3R	12475830	12477411	-1	4
3R	24746303	24746394	1	4
X	11791185	11791358	1	4
3R	9567557	9567611	1	4
2R	8348295	8387756	1	4
3L	4182874	4187673	-1	4
3R	10534007	10561909	-1	4
4	116629	116686	-1	4
3L	5676760	5676819	1	4
3L	21073153	21073214	1	4
2L	7568979	7576245	-1	4
3R	5336241	5349506	-1	4
X	575642	576990	1	4
3L	10182892	10185309	-1	4
3L	27974141	27987738	-1	4
2R	24891879	24892287	1	4
2R	22327883	22329150	1	4
3R	16631742	16631823	1	4
X	15804914	15805558	1	4
3L	17070827	17072412	-1	4
2R	16151066	16164087	1	4
3L	17955050	17955215	-1	4
3L	15159777	15159839	1	4
3R	18717499	18718688	1	4
3R	5808550	5809351	1	4
2L	10400680	10400735	1	4
3L	13867668	13869188	-1	4
2R	22410629	22410687	-1	4
2R	8909412	8910487	1	4
4	1279498	1279625	1	4
X	16798685	16798750	-1	4
3R	29045719	29045870	1	4
2L	9711688	9713544	-1	4
2R	24535087	24535142	-1	4
3R	27942134	27942588	1	4
3R	5469031	5469086	1	4
3L	5200367	5218950	-1	4
2R	5604509	5604575	-1	4
2R	21025604	21025877	1	4
3L	240111	240177	-1	4
2R	21689869	21689927	1	4
3R	19760632	19760900	1	4
X	9163286	9165682	1	4
2R	10444463	10445034	1	4
3R	23983894	23984418	1	4
3L	7362454	7362522	1	4
X	16445886	16446185	-1	4
3R	23983927	23984305	1	4
X	21441725	21442422	-1	4
X	13196511	13196597	1	4
2L	2959521	2960690	-1	4
3R	23815107	23815241	-1	4
2R	10724186	10724249	-1	4
3R	31935776	31937118	-1	4
2L	11126150	11126215	1	4
X	6692019	6692073	-1	4
3R	27567056	27567152	-1	4
X	2173096	2173258	1	4
3R	23936646	23937423	-1	4
3L	21521556	21521622	1	4
3R	23984099	23984360	1	4
3L	2941581	2944087	1	4
X	13712910	13712982	1	4
2L	9256815	9256893	1	4
2R	5121653	5121983	-1	4
2L	2772644	2779173	-1	4
2L	22925920	22927438	1	4
4	352127	352181	-1	4
2R	9059698	9059853	-1	4
3L	6738099	6738704	-1	4
2L	872081	872208	1	4
3L	11173910	11173980	1	4
3R	4758412	4767979	-1	4
X	10072801	10073301	-1	4
X	6079022	6079709	-1	4
3R	19930533	19937254	-1	4
3L	236428	239055	-1	4
2R	8102907	8102970	-1	4
3L	15852250	15858101	-1	4
mitochondrion_genome	12874	13190	-1	4
3L	1330048	1330131	1	4
X	22765026	22832404	1	4
2L	10483629	10483687	1	4
3R	29041426	29041600	1	4
3L	1595439	1600033	1	4
X	19699176	19699690	1	4
2R	22881921	22882402	1	4
X	5529412	5529495	-1	4
2L	3889785	3893262	-1	4
X	15987201	15989023	-1	4
X	10188213	10193358	1	4
3R	17054363	17055052	1	4
2R	17207922	17208002	1	4
X	1412923	1413418	1	4
3R	21297328	21298598	1	4
X	1217867	1233875	-1	4
3R	9607975	9621519	1	4
3L	22833347	22833492	-1	4
3R	23984137	23984428	1	4
2R	10512004	10514255	-1	4
2R	25253441	25253581	1	4
3L	12645041	12645113	1	4
3R	4492149	4492489	-1	4
3R	21310886	21313723	1	4
3R	17684096	17684155	-1	4
3R	30879243	30879354	-1	4
2L	1997959	1998232	-1	4
X	13379371	13379433	1	4
X	21380738	21380882	1	4
3L	20319567	20319625	1	4
3L	3186900	3186963	1	4
2R	12705593	12750542	1	4
3R	29741091	29741150	1	4
X	575965	577936	1	4
2R	20653406	20653540	-1	4
2L	6564682	6565038	-1	4
2R	5699680	5699737	1	4
3L	10688598	10688679	1	4
3R	18309537	18314191	-1	4
2R	6920168	6920268	1	4
3L	14805630	14839218	1	4
3R	9259957	9260011	1	4
X	9608293	9608719	1	4
3L	8130557	8130621	1	4
X	11439107	11453796	-1	4
2R	11587583	11587646	-1	4
3L	12812451	12812509	1	4
2R	14384910	14384975	1	4
2R	12921112	12922968	1	4
3L	17538745	17538814	1	4
X	13858749	13865395	-1	4
2L	12726679	12726746	1	4
X	19572614	19572678	-1	4
4	449969	450242	1	4
X	6115573	6120235	-1	4
3L	5200367	5201065	-1	4
2L	18200720	18200811	-1	4
X	18039731	18040261	-1	4
2L	1885319	1909669	1	4
X	17070118	17070585	-1	4
3R	28078237	28078536	1	4
3L	12852278	12852427	1	4
2R	15288251	15291831	-1	4
2R	23882061	23882115	-1	4
2L	16604397	16621836	1	4
2L	15030687	15030747	1	4
2R	10512157	10513349	-1	4
2R	6231317	6231761	1	4
2L	22581134	22584122	1	4
X	4688673	4691637	1	4
3R	6359023	6359092	1	4
3L	12705327	12707375	1	4
4	614423	615036	1	4
X	9008137	9013311	1	4
3R	30237471	30237528	-1	4
3L	4414859	4417820	1	4
2R	24891920	24892217	1	4
3R	26048170	26048236	1	4
3R	31254242	31254299	-1	4
3L	1330291	1330866	1	4
X	5636579	5637535	-1	4
3L	343653	344107	-1	4
3L	2122961	2123300	-1	4
2R	24523912	24524090	-1	4
X	16483034	16483678	-1	4
4	823619	827859	-1	4
2L	3698762	3698827	-1	4
3R	21018075	21018133	1	4
X	14838762	14838818	-1	4
2R	18880129	18902866	1	4
2R	12409425	12409475	1	4
3L	11254726	11255815	1	4
2L	20754938	20754993	-1	4
3R	9719398	9719477	1	4
2L	22939088	22939154	1	4
2R	19435550	19435608	-1	4
3L	4090465	4090584	1	4
X	4698593	4699611	1	4
3R	11224213	11224844	1	4
3R	9234665	9237617	-1	4
3R	25036718	25038211	-1	4
2R	927571	951127	-1	4
X	2634026	2634836	1	4
2R	13580544	13580842	-1	4
2L	21717673	21719514	1	4
3L	7045356	7045534	1	4
X	16788343	16788567	1	4
3R	11895049	11895109	-1	4
2R	1265759	1266190	1	4
2R	15381559	15381850	1	4
2L	14080735	14081660	1	4
2R	18820844	18821041	1	4
3R	28854662	28854730	-1	4
2R	21061016	21061073	1	4
2L	1273779	1280599	1	4
3L	13876459	13886080	-1	4
2R	19290226	19290386	1	4
3R	12918770	12928865	1	4
3L	14220418	14225431	1	4
2R	9889125	9889607	-1	4
2L	2579956	2580015	-1	4
X	8716947	8717087	-1	4
3L	16542080	16543165	-1	4
X	6258507	6258650	-1	4
3R	24514013	24514067	-1	4
X	571001	571134	1	4
2R	6914824	6920035	1	4
2R	24907083	24907145	1	4
3L	10883084	10883139	1	4
4	585939	586902	1	4
3R	18655949	18656165	-1	4
X	13069706	13076842	1	4
3R	18718318	18718676	1	4
3L	9885774	9885834	-1	4
X	4085876	4085940	1	4
2R	23922328	23922392	1	4
3R	22640754	22640816	1	4
2L	9787461	9788252	-1	4
3R	8995600	8995656	-1	4
3L	4577953	4578760	1	4
3R	31621360	31621920	1	4
2L	16719977	16722009	1	4
2R	5739046	5739380	-1	4
2L	9370473	9406231	-1	4
2R	21205300	21205361	1	4
3R	9240069	9240202	-1	4
2L	13415777	13420132	1	4
2L	18704795	18705181	-1	4
2R	16183723	16184908	1	4
4	860487	865335	-1	4
2L	1170364	1170419	1	4
X	11791688	11792093	1	4
3L	22870151	22871924	-1	4
2L	1152116	1152177	-1	4
3L	14840412	14840463	1	4
2L	16177252	16177336	1	4
X	14866474	14869401	-1	4
3R	5543296	5543366	-1	4
X	1234280	1234754	-1	4
2R	4030159	4122167	1	4
2L	15650703	15650766	-1	4
3R	10044863	10044927	-1	4
X	18195741	18197303	1	4
3L	10506564	10519612	1	4
2L	16050273	16050386	1	4
3R	23082166	23112207	-1	4
3R	13011749	13015108	1	4
mitochondrion_genome	11878	11957	-1	4
3R	7082766	7082837	1	4
3R	11677350	11677405	-1	4
2R	13810620	13810753	1	4
2R	24047654	24048075	-1	4
3R	10866694	10866809	1	4
3L	12770339	12770395	-1	4
2L	2787169	2789347	-1	4
3R	30517733	30518171	-1	4
X	5617057	5617121	-1	4
X	23281186	23438759	1	4
3R	8245876	8248346	1	4
X	15175552	15175788	1	4
3R	11816758	11817194	-1	4
3R	22788518	22788579	1	4
3L	3429084	3432204	-1	4
3R	20817586	20817640	-1	4
2R	23912635	23912729	1	4
3R	23983903	23984359	1	4
2L	22131448	22131503	1	4
3R	13644461	13644518	-1	4
3R	5754448	5754509	-1	4
2L	12312466	12312526	1	4
3R	21626851	21627481	-1	4
X	11360529	11360664	1	4
2L	4822275	4822574	1	4
2R	19520124	19523231	-1	4
3R	21788928	21789449	-1	4
3R	11751781	11751928	-1	4
X	9163913	9165682	1	4
X	16638304	16638406	1	4
3L	986045	987209	1	4
2R	1076762	1080331	1	4
2L	16484808	16485437	-1	4
2R	14993429	14993512	-1	4
3R	16575395	16576923	-1	4
2R	22172434	22172497	1	4
2L	9789616	9789791	-1	4
3R	25036537	25036623	-1	4
3R	10696803	10697626	1	4
2R	16924791	16925705	1	4
3R	15968511	15968575	-1	4
3R	9016269	9016335	1	4
X	575708	578224	1	4
3R	6359311	6359382	1	4
X	8715773	8715835	1	4
X	14389683	14408206	1	4
X	12942857	12943086	1	4
3R	4960974	4961312	-1	4
2R	4427998	4458307	-1	4
2L	17809403	17810823	-1	4
3L	2807830	2851559	-1	4
3R	24247890	24247976	1	4
3L	2632467	2633538	1	4
2L	13484525	13485164	1	4
3R	31935776	31935895	-1	4
2L	2782730	2793238	-1	4
3R	18010151	18010228	1	4
3L	23019098	23019155	1	4
2L	9272998	9273196	1	4
2L	9819332	9825613	-1	4
2R	10372457	10372518	-1	4
3R	23983979	23984290	1	4
2L	18940628	18940688	-1	4
4	435928	436598	1	4
3L	132531	135458	1	4
3R	22279336	22280799	1	4
3L	11196729	11197501	-1	4
3R	9516168	9521053	1	4
2R	22037717	22039356	-1	4
2L	9125941	9126881	1	4
3R	17054421	17054944	1	4
2R	21698601	21704323	-1	4
3L	5156436	5272706	-1	4
3R	23973142	23973208	1	4
3R	23219250	23220417	-1	4
X	12092071	12092143	1	4
2L	1047023	1047946	-1	4
X	17580098	17588988	1	4
2R	10090800	10093144	1	4
3R	25993260	25993319	1	4
2L	3029007	3029064	-1	4
3L	9151113	9151248	-1	4
3R	16573701	16573755	-1	4
2R	15425990	15426289	1	4
3L	14539070	14539553	1	4
2R	4014251	4014305	1	4
X	3949714	3951415	1	4
3R	9342492	9354422	-1	4
3L	15094349	15094469	-1	4
3R	21351887	21375060	-1	4
3R	13687976	13688046	1	4
3R	26532423	26534724	-1	4
X	6359880	6359992	1	4
3R	25043679	25043735	-1	4
3L	25109605	25109660	1	4
4	654799	655061	-1	4
3R	5614970	5615765	1	4
X	2634026	2634605	1	4
2L	8377650	8377873	1	4
2R	24892079	24892157	1	4
3R	9067720	9070850	-1	4
X	15112311	15112801	1	4
3L	13867566	13868873	-1	4
3R	9487200	9493474	-1	4
2R	6038447	6040082	-1	4
X	12919710	12941720	1	4
2R	14961507	14961568	-1	4
3R	22915637	22936494	1	4
2L	1651430	1652775	1	4
3R	30556668	30556741	-1	4
X	18039731	18040213	-1	4
3L	2566934	2567046	1	4
2L	6674229	6674301	1	4
2L	7125846	7125911	-1	4
3L	12249654	12249709	1	4
3R	17396909	17397020	-1	4
3R	5335061	5350240	-1	4
3R	15199505	15199570	1	4
3L	3221593	3221895	-1	4
X	16506440	16509576	-1	4
X	6277217	6277444	-1	4
X	18516295	18517237	1	4
2R	18446706	18446764	1	4
X	11143195	11143259	1	4
X	5394189	5396184	1	4
2L	4874170	4874542	1	4
3L	21447498	21447556	1	4
X	6483924	6484001	-1	4
3L	14002380	14003193	1	4
3R	23808476	23814121	-1	4
2L	18836090	18836154	-1	4
2R	22482786	22482844	1	4
2R	2116296	2118977	-1	4
2R	7017627	7017690	1	4
3R	22691106	22691166	1	4
X	2372707	2372767	-1	4
2L	19520656	19520713	1	4
3R	10767098	10767163	-1	4
3R	23982711	23984367	1	4
3R	15961746	15962018	1	4
3R	26879837	26880280	1	4
3R	5593931	5594383	1	4
X	3706252	3707368	-1	4
3L	9497212	9499022	-1	4
2L	20055802	20056120	1	4
3R	25518473	25519261	1	4
3R	30386257	30386319	-1	4
3R	22006135	22006702	1	4
2L	3296486	3296544	-1	4
3L	27381089	27441599	1	4
3L	23715167	23715902	1	4
4	115189	115258	-1	4
X	18027715	18027769	1	4
3L	13522159	13523901	-1	4
2R	11770583	11793228	1	4
3R	25128662	25128733	1	4
2L	156349	156423	1	4
X	479946	480030	1	4
X	5319757	5319813	-1	4
4	137168	137391	1	4
3L	982104	982175	1	4
2L	4318709	4318948	1	4
X	17878510	17886404	-1	4
4	102712	102941	1	4
3R	19899057	19899644	-1	4
2R	9587711	9587777	1	4
3R	11684979	11685036	-1	4
3R	9487200	9493396	-1	4
3R	15955022	15955098	1	4
2L	21628587	21628651	1	4
3L	21421293	21421361	-1	4
2L	11092153	11092209	1	4
3R	18982251	18982308	1	4
3L	7536770	7536976	1	4
2L	10248462	10248525	-1	4
2L	871577	871641	1	4
2R	19408594	19409620	-1	4
3R	10320831	10321155	-1	4
3R	5667306	5667693	-1	4
3R	7187548	7190124	1	4
X	9007972	9008149	1	4
2R	22621160	22622159	1	4
3L	9179209	9180292	-1	4
3R	10298592	10299002	1	4
2R	19399094	19406615	-1	4
2R	24264098	24264160	1	4
X	574003	574196	1	4
X	2293294	2293353	-1	4
2R	8963326	8963412	-1	4
3L	2895060	2897244	1	4
3L	1625893	1626822	-1	4
3R	15368848	15368906	-1	4
2R	23878908	23880697	1	4
2R	10814963	10815029	1	4
2R	15402204	15409932	1	4
3R	6008310	6008551	-1	4
X	8060439	8061041	-1	4
3R	21523689	21523752	1	4
X	15950283	15950355	-1	4
X	12942278	12950236	1	4
3R	17474917	17475080	-1	4
2L	9878026	9879447	-1	4
3R	21949399	21949640	1	4
3R	16275170	16304527	1	4
3R	18242801	18248588	1	4
2R	6692064	6692120	1	4
3L	24161180	24210021	-1	4
X	20232165	20233423	-1	4
X	20233444	20234328	-1	4
2R	10805514	10805575	1	4
2R	24060445	24060513	1	4
2R	14233562	14233617	-1	4
3L	5606667	5606723	1	4
X	16564624	16564791	-1	4
2L	6640935	6645972	-1	4
2L	12696379	12697466	1	4
2R	12869084	12869150	-1	4
2L	21261720	21261777	1	4
3L	16350432	16350493	-1	4
3L	11078327	11078398	1	4
X	6104803	6106194	-1	4
X	11338790	11339214	-1	4
3L	1333633	1333689	-1	4
3L	12292098	12292250	-1	4
2L	2772587	2781948	-1	4
3L	15971234	15971294	-1	4
4	363640	363868	1	4
2L	6069251	6069347	1	4
3L	3322843	3322910	-1	4
3R	7196394	7197570	1	4
3L	12412273	12412330	-1	4
X	9153157	9153329	-1	4
3L	12740858	12740920	1	4
2L	10342867	10342930	-1	4
3L	11488029	11498798	1	4
3L	5247844	5248195	-1	4
X	10677756	10699257	-1	4
X	3724872	3734477	1	4
X	2111624	2111704	1	4
3R	27276504	27276570	1	4
X	5903983	5904555	1	4
3R	20309690	20309904	1	4
2R	21510202	21510867	1	4
X	18794563	18794613	-1	4
X	17953347	17976351	-1	4
2R	17752878	17752940	1	4
2L	1019322	1033687	-1	4
2R	8088897	8088956	1	4
X	575826	578019	1	4
X	1515042	1515378	1	4
3L	209375	209450	-1	4
2L	23176289	23176374	1	4
3R	30388903	30389199	1	4
3R	18679353	18679407	1	4
3R	19886672	19886740	-1	4
3R	30068421	30082180	1	4
3L	15133595	15133662	-1	4
Y	1164719	1216738	-1	4
3R	14885761	14885835	-1	4
2R	20146446	20146501	1	4
3R	23983913	23984349	1	4
X	17934595	17939646	-1	4
3R	23983961	23984291	1	4
3R	14879766	14879832	1	4
3L	1796838	1796902	1	4
2L	9732888	9743343	-1	4
3R	9715931	9715991	-1	4
2R	7326785	7329289	-1	4
X	11813468	11814697	-1	4
3R	12402482	12402538	1	4
X	3783560	3783677	1	4
3R	4750055	4750794	1	4
3R	20966614	20970883	1	4
2L	18706740	18706797	-1	4
3L	20539075	20540134	-1	4
2L	3807462	3807525	1	4
3L	6114354	6115955	1	4
3L	17102905	17103250	-1	4
2R	24115847	24115908	1	4
2L	829972	830145	1	4
3R	16296777	16296836	1	4
X	18186462	18192331	1	4
2L	23166637	23166825	-1	4
2L	14040446	14041321	1	4
2R	12617201	12617795	1	4
3L	19614950	19615010	-1	4
2L	8363900	8363962	-1	4
3L	9511302	9511500	-1	4
2R	17010174	17010263	-1	4
2R	10461852	10462670	1	4
X	17994577	17997153	-1	4
3R	11752690	11753903	-1	4
X	20009023	20009074	-1	4
3L	1191114	1191173	-1	4
4	281911	282436	-1	4
3L	23211161	23212929	1	4
3L	8561618	8561687	1	4
2L	22535073	22535617	-1	4
3L	3198867	3198993	-1	4
X	22995915	23005124	-1	4
X	2111634	2111793	-1	4
2L	1652930	1700438	1	4
X	10472144	10473169	-1	4
2L	2963133	2963225	1	4
3L	19112520	19136442	-1	4
2R	19601020	19628481	-1	4
X	9383366	9471999	-1	4
3R	15186593	15186647	1	4
X	7322783	7323158	-1	4
3R	23782389	23789928	1	4
2R	12617856	12622106	1	4
2R	17873916	17874171	1	4
X	16608001	16609005	1	4
2L	5627118	5632037	-1	4
2L	19511083	19511228	1	4
X	10357816	10358073	-1	4
X	9070659	9071588	-1	4
3L	12165691	12165773	-1	4
3R	19088301	19093689	-1	4
X	7908035	7908099	-1	4
X	3706252	3708744	-1	4
2R	16858115	16858181	1	4
3R	31151971	31152396	1	4
3L	13538872	13538943	-1	4
2R	24970418	24970605	1	4
3R	14557723	14557804	-1	4
X	22996362	23003543	-1	4
2L	16169907	16170259	1	4
X	11610835	11611532	-1	4
2R	24889136	24889195	-1	4
2R	15992934	15992993	1	4
3R	19643839	19644066	-1	4
2L	13446712	13473806	1	4
3L	21517709	21517896	1	4
X	17015225	17018126	1	4
2R	14276429	14277139	1	4
3R	14732978	14733257	-1	4
3R	5272212	5273196	-1	4
3R	30177092	30177177	1	4
2L	1974819	1974881	1	4
2L	20714118	20714401	-1	4
2R	24059064	24059262	1	4
3L	20834168	20836035	1	4
3L	9660806	9662943	-1	4
4	369965	371091	1	4
2R	14865448	14865508	-1	4
4	900110	902826	-1	4
3L	11200199	11200272	1	4
3R	20976007	20976073	1	4
3L	7117537	7117599	1	4
3R	21306194	21307028	1	4
2R	12610722	12611009	1	4
4	1010138	1011828	-1	4
3L	20834119	20836015	1	4
X	13998765	13999542	1	4
X	21603731	21604463	-1	4
2L	10064544	10064790	-1	4
2L	5051421	5051502	-1	4
2L	13031395	13050138	-1	4
3L	8604915	8609734	1	4
2L	2772654	2779181	-1	4
3R	21785756	21807599	-1	4
3R	24640633	24640699	-1	4
X	576796	578256	1	4
3L	10665371	10685010	1	4
3L	182587	182664	-1	4
4	1014909	1014966	-1	4
2L	4403415	4403514	1	4
2R	13580537	13580834	-1	4
3R	4466844	4467294	-1	4
2R	12576994	12579129	-1	4
X	12686874	12711689	-1	4
2L	10229956	10230899	-1	4
3L	24028724	24028811	1	4
2R	9098687	9098742	1	4
3L	22245655	22246048	1	4
2R	22412035	22412089	1	4
2L	923220	930065	1	4
3R	21115686	21115803	1	4
3R	23986100	23986166	-1	4
4	133714	133795	1	4
2R	14926783	14927928	-1	4
3R	25993485	25994567	1	4
3R	2307584	2413805	1	4
X	10598050	10598316	1	4
2R	24786705	24786769	-1	4
3L	9461560	9463302	1	4
2R	4239157	4242089	-1	4
3R	27227942	27228068	-1	4
2R	22410021	22410311	-1	4
X	1217789	1218106	-1	4
X	1682271	1682367	-1	4
X	15860251	15860989	1	4
2R	4377255	4394548	-1	4
2L	14040277	14041321	1	4
2R	4744402	4749222	1	4
2R	21205815	21208470	1	4
X	17942270	17942405	-1	4
3L	17401127	17401207	-1	4
3R	28732483	28733201	1	4
3L	20260990	20261213	1	4
2R	16765642	16765949	-1	4
3L	8280689	8280760	1	4
3L	1633506	1635186	-1	4
4	585773	585840	1	4
X	1411950	1413418	1	4
X	11936196	11936261	-1	4
3R	23245760	23248594	-1	4
2R	22699735	22699802	-1	4
3R	21076333	21076598	1	4
2R	9409654	9413225	-1	4
2R	16182091	16182158	1	4
3L	10518307	10568129	1	4
X	8176455	8176553	-1	4
3R	5735098	5735159	-1	4
2L	13900064	13900143	-1	4
X	13967811	13985859	-1	4
X	11154666	11155034	1	4
3R	24232975	24235817	1	4
2R	6711721	6715104	-1	4
3R	9234665	9237640	-1	4
3R	31216360	31216603	-1	4
2R	22408125	22408216	1	4
3R	24136817	24136886	1	4
2R	24891838	24892233	1	4
X	1929712	1929773	1	4
3R	21309542	21309819	1	4
2R	15938268	15938447	-1	4
X	12589322	12589841	-1	4
2L	4283253	4284759	1	4
X	11689544	11692799	1	4
3L	13965631	13968647	1	4
4	538605	538659	1	4
2R	17789849	17789919	1	4
2R	9351194	9351441	-1	4
2L	12477167	12536275	-1	4
3L	25635949	25636158	-1	4
X	5634029	5634241	-1	4
X	12943131	12943193	1	4
3R	21966942	21975155	1	4
3L	5746763	5747818	1	4
3R	28825702	28825765	-1	4
2R	9042610	9042666	-1	4
2L	1985402	1985471	-1	4
2L	17190433	17190834	-1	4
X	1217782	1234100	-1	4
X	19189806	19189885	1	4
2R	17687949	17688007	1	4
2L	10804897	10805619	-1	4
X	14840917	14894441	1	4
2R	18496869	18497842	-1	4
2L	6253330	6272750	1	4
2L	22168321	22168380	-1	4
2L	21263002	21263648	1	4
X	16680302	16680364	-1	4
4	330340	342922	-1	4
3L	8407467	8407522	-1	4
3L	269709	270108	1	4
3R	26532423	26535159	-1	4
3L	3987026	3988355	1	4
X	15914095	15914156	1	4
3R	23979623	23981726	1	4
X	9097460	9097756	-1	4
X	2565675	2565726	1	4
3R	23983917	23984440	1	4
3L	23746545	23747873	1	4
3L	269400	270152	1	4
3L	4432523	4433054	1	4
3L	5917032	5917107	1	4
2R	18556985	18557803	-1	4
3L	12741950	12742595	1	4
3R	21603574	21619006	-1	4
3L	8953049	8953184	-1	4
3R	21014195	21015402	1	4
2R	9994146	9996412	-1	4
X	10631809	10677709	1	4
3R	24064624	24067472	-1	4
2R	21502480	21510867	1	4
3L	17354044	17354106	1	4
3R	22483627	22483726	1	4
3R	16347281	16347374	-1	4
2L	14222082	14229459	-1	4
2L	14229537	14233648	-1	4
X	13763089	13767787	1	4
3R	23983924	23984290	1	4
3L	13856258	13856322	1	4
2R	3943139	3943196	-1	4
X	15755287	15755347	-1	4
3L	14708148	14735554	1	4
3R	5083898	5086066	-1	4
3L	21622285	21622346	-1	4
3R	20814525	20814581	-1	4
X	2241507	2241568	-1	4
2R	8798909	8855943	1	4
3R	10292714	10293194	1	4
3R	13224774	13228284	-1	4
2L	21384536	21390219	1	4
2L	15026838	15029589	1	4
X	19961601	19963955	1	4
2L	13289091	13289176	1	4
2L	19158756	19166085	1	4
2R	11588128	11588363	-1	4
2L	2661244	2663030	-1	4
3R	9432840	9439321	1	4
3R	11656675	11667359	1	4
3L	4429745	4432931	1	4
X	11808708	11809424	-1	4
3R	25856202	25856562	1	4
3R	15332549	15332616	-1	4
X	1780826	1781718	1	4
3R	16102960	16103031	1	4
2L	1103821	1103879	-1	4
X	19363022	19398503	1	4
2R	16924978	16925619	1	4
X	15584640	15584703	1	4
2R	21208756	21209442	1	4
2L	199220	201420	1	4
3R	9568753	9568806	1	4
3R	18248391	18249018	1	4
2L	9291260	9293210	1	4
2L	13372637	13372695	-1	4
2R	8615250	8615407	1	4
2R	9922004	9934319	-1	4
2L	122995	123081	-1	4
2R	19164176	19165164	1	4
2R	16106139	16106229	1	4
X	530705	531784	1	4
2R	6695287	6695340	-1	4
2R	16109275	16109372	-1	4
3R	22149423	22173932	1	4
2L	110878	111907	1	4
3R	16148375	16148435	1	4
3L	22293163	22293266	-1	4
2L	318121	325678	1	4
X	10249079	10249776	-1	4
3R	20907362	20907933	1	4
2R	4300190	4307565	1	4
2L	5204593	5204875	1	4
3R	9400879	9400942	-1	4
2R	7377715	7381471	-1	4
3L	11059101	11059159	1	4
X	17302787	17302839	-1	4
3L	1499880	1501351	-1	4
3R	13670833	13670907	-1	4
2R	22873647	22873828	1	4
2R	6935109	6935423	-1	4
3L	23127490	23128260	1	4
X	11475858	11475919	1	4
X	10814094	10815602	-1	4
2L	1555206	1556540	1	4
X	19327932	19329639	-1	4
3L	22833502	22833692	-1	4
X	531877	560606	1	4
2L	1012418	1013226	-1	4
2R	22886953	22887337	1	4
3L	17460381	17460445	1	4
3R	17145865	17145927	-1	4
2L	1700468	1703106	1	4
2L	2227282	2229266	1	4
2R	21148883	21149096	-1	4
3L	269322	270152	1	4
2R	24557700	24558030	1	4
X	13625416	13657742	1	4
2R	13954446	13954917	1	4
2L	8200034	8200102	1	4
3R	12522660	12547287	-1	4
3R	23677638	23677856	1	4
3R	21878420	21878487	-1	4
2L	10233562	10233757	1	4
X	4533052	4533120	1	4
3R	21306161	21306996	1	4
3R	9487218	9493396	-1	4
2R	21652564	21653219	1	4
3R	5221326	5221392	1	4
3L	11799177	11799239	-1	4
2L	4308427	4308776	1	4
2L	8542213	8543213	1	4
3L	6740874	6740957	-1	4
3R	27376659	27382308	-1	4
2R	17979541	17989501	-1	4
4	427712	429437	1	4
3L	3738637	3767137	-1	4
3R	16187534	16187685	1	4
2L	19031580	19031644	-1	4
4	137168	137223	1	4
3R	24664796	24669541	1	4
2R	25075723	25077174	-1	4
2L	16323518	16324333	-1	4
3R	9418268	9419745	1	4
2R	16423125	16423451	1	4
3L	4262205	4262264	-1	4
2R	23708488	23708630	1	4
X	1215420	1216836	-1	4
4	855636	861329	-1	4
X	15950386	15951150	-1	4
3R	14513534	14513586	-1	4
3L	8828504	8835052	1	4
2R	547364	578872	1	4
2R	10516052	10532039	-1	4
3L	11817190	11817525	-1	4
X	15884375	15884443	-1	4
4	435934	436601	-1	4
3L	1654501	1659210	-1	4
2R	18005649	18007214	-1	4
3L	21046234	21046313	-1	4
2L	8514593	8514660	-1	4
2R	21293875	21294051	1	4
4	652843	652901	-1	4
X	20923614	20926962	-1	4
4	465316	466501	-1	4
2R	12200040	12200428	-1	4
3R	14615798	14615857	1	4
X	2081660	2090969	1	4
3R	21309565	21309842	1	4
3R	12414757	12414871	1	4
2R	17565325	17565388	1	4
3L	5163976	5166968	-1	4
3L	3899492	3899720	-1	4
X	16417896	16417956	-1	4
3L	10506564	10534831	1	4
2R	6627184	6627386	-1	4
2R	17701193	17701369	1	4
X	15936009	15936076	-1	4
3L	18086962	18087125	-1	4
3L	18112384	18112450	1	4
3R	17909499	17915055	-1	4
3L	19477852	19477907	-1	4
3R	5608158	5608450	-1	4
2R	7985452	7989516	-1	4
3R	20320001	20320215	1	4
2R	7321658	7322560	-1	4
3R	21302498	21302861	1	4
3L	2253987	2256606	1	4
2L	10253075	10253139	1	4
3L	23327325	23327377	-1	4
2L	11281407	11281472	1	4
X	1858679	1858736	-1	4
3L	21333265	21333350	1	4
3R	18194962	18196562	-1	4
3R	11782900	11782955	-1	4
X	8060159	8061208	-1	4
X	15989297	15989375	-1	4
2L	18204945	18209769	-1	4
2R	7674825	7674895	1	4
2L	3404609	3404873	-1	4
3R	30496871	30497084	-1	4
3R	24133449	24133506	1	4
4	1124332	1124436	1	4
X	21043302	21043680	1	4
3R	23963224	23965805	1	4
3R	8817720	8818818	-1	4
3L	25978151	26010107	-1	4
X	21432154	21435403	-1	4
3R	4295701	4301410	1	4
3L	8193277	8193335	1	4
3R	13465642	13465707	-1	4
3L	11525677	11527182	-1	4
3L	8441271	8441640	-1	4
X	10791083	10795322	-1	4
X	8055894	8055967	-1	4
3R	4284338	4295188	1	4
X	12785789	12787481	-1	4
3L	16231589	16231840	-1	4
3R	24518708	24518844	1	4
2L	10993674	10993743	1	4
3R	21302823	21303096	1	4
X	1451962	1452064	1	4
2L	21380727	21382019	1	4
2L	7832260	7832529	1	4
X	2637309	2641125	1	4
2R	10107672	10109387	1	4
2L	10258657	10258728	-1	4
3L	21185534	21186207	-1	4
3L	24075201	24079465	1	4
3L	11123411	11123475	-1	3
2L	15064494	15064888	-1	3
2R	23910211	23910477	1	3
3R	27382556	27384202	-1	3
3L	11488295	11495375	1	3
3L	7854190	7855209	-1	3
4	1131397	1131489	1	3
3L	10593845	10593941	1	3
3R	11764290	11768913	-1	3
3R	23983903	23984422	1	3
2R	18773606	18773663	1	3
2R	8133076	8133141	1	3
X	16528120	16531489	-1	3
3L	13521983	13523558	-1	3
2R	7718966	7735173	-1	3
2L	12455836	12456490	-1	3
2L	9896352	9896768	-1	3
3L	9162975	9170638	-1	3
X	13383403	13384296	-1	3
2R	8012881	8013072	-1	3
3R	15393499	15396310	1	3
3L	5158815	5273174	-1	3
2L	9797055	9877897	-1	3
2R	24891838	24892287	1	3
2R	14352534	14352595	1	3
4	116563	119939	-1	3
2L	7865317	7865867	-1	3
3R	24032692	24032760	1	3
X	15860251	15861140	1	3
2R	21291113	21291304	-1	3
X	8053280	8054108	-1	3
3L	15961821	15961876	-1	3
3R	23963409	23965672	1	3
3R	23209421	23209608	-1	3
X	17128428	17134989	1	3
3L	11097062	11098092	1	3
3R	31791257	31791314	-1	3
2R	21291113	21291254	-1	3
3L	9048961	9049158	-1	3
3R	7248592	7248650	-1	3
X	15994926	15995744	1	3
X	2671546	2671629	1	3
2L	10275067	10275127	-1	3
2R	495800	547232	1	3
3R	31739710	31739777	1	3
2L	20322081	20334081	1	3
3L	9547478	9552902	1	3
X	6678617	6678757	1	3
2R	21510202	21510867	-1	3
X	1916914	1916982	-1	3
2R	20138268	20140118	1	3
2R	23964825	23966547	1	3
3R	31777752	31778172	1	3
2L	8322703	8322774	-1	3
2R	5091801	5091872	1	3
3L	19927443	19927571	-1	3
3L	27332042	27350706	1	3
2R	18846211	18846310	-1	3
3R	27561736	27567936	-1	3
2R	19671851	19671906	1	3
3L	9499215	9505132	-1	3
3R	8731374	8731442	-1	3
3R	21523509	21523567	1	3
X	12529623	12546662	-1	3
2L	20752691	20752781	1	3
X	1260009	1274426	-1	3
3L	20737777	20738243	-1	3
2L	3868541	3868604	1	3
3R	18251094	18256634	1	3
2L	22240403	22242665	1	3
2R	12264918	12273766	1	3
2R	22828607	22828663	1	3
3L	14736136	14744189	1	3
3L	681311	681373	-1	3
3L	3817996	3818308	1	3
2R	13823362	13824058	-1	3
2L	7443833	7443894	1	3
2L	1107950	1108016	-1	3
2R	25074407	25074698	-1	3
3R	20750758	20753509	1	3
X	12942090	12942380	1	3
3R	31936062	31936690	-1	3
3R	28418868	28442770	1	3
X	9667124	9684095	-1	3
X	10712225	10714040	-1	3
X	12019171	12020594	1	3
4	827925	833379	-1	3
2L	20830613	20830671	1	3
3L	709155	709212	-1	3
2R	14291877	14299368	1	3
X	10194655	10195185	1	3
2L	8036299	8036358	1	3
3R	5652535	5653205	-1	3
3L	13426265	13426327	-1	3
3R	15368702	15368760	-1	3
3R	21308140	21308418	1	3
3R	18275120	18282750	1	3
2R	18144666	18145409	1	3
3L	3083810	3084808	-1	3
3R	5660304	5660365	1	3
3R	31152618	31152691	1	3
3R	21228364	21228427	1	3
3L	21420858	21420918	-1	3
3L	4418187	4419916	1	3
2L	21274140	21274200	1	3
3R	24192651	24192705	-1	3
3R	21307479	21310330	1	3
3L	2235579	2236050	-1	3
2L	3407413	3407472	-1	3
4	474220	474453	-1	3
3R	29046519	29048926	1	3
2R	17129883	17129995	1	3
4	1034116	1034334	1	3
3R	24196927	24221371	-1	3
2L	11236067	11236204	1	3
2L	4719982	4720341	1	3
3L	17241059	17241217	-1	3
X	23433808	23438709	1	3
3R	29737723	29737856	1	3
3L	11208867	11208929	-1	3
2L	19761835	19761911	-1	3
2R	1591018	1726644	1	3
X	11817442	11817737	1	3
2R	12870983	12871139	1	3
X	5085763	5089342	1	3
4	1192640	1196165	-1	3
2L	7428680	7428878	1	3
3L	5664168	5665177	1	3
3L	13514802	13514863	1	3
2R	326940	348382	1	3
3L	21272668	21272723	-1	3
3R	17152495	17152551	1	3
3R	31595080	31595434	-1	3
2R	9309706	9351178	-1	3
2L	9234658	9235102	1	3
2R	23976088	23976148	-1	3
2L	8093539	8094471	1	3
2R	24289807	24289935	1	3
3R	9467441	9467991	-1	3
2L	6925948	7033111	1	3
3R	4235015	4235085	1	3
X	10348860	10356367	-1	3
3R	31382336	31385168	1	3
3L	5562872	5563085	-1	3
X	1379373	1380138	-1	3
3L	20516133	20518968	-1	3
2R	21987356	22038975	-1	3
X	12939250	12941720	1	3
2L	4318713	4321708	1	3
3R	11337763	11338237	1	3
2L	345154	345215	1	3
2R	14276527	14277281	1	3
X	20431527	20431588	1	3
3L	7817663	7818069	-1	3
3R	8818881	8820370	-1	3
3R	11221933	11222175	1	3
3L	5193815	5201065	-1	3
3L	10587897	10589356	1	3
3R	18679102	18679158	1	3
2R	24399047	24399108	-1	3
3R	21299391	21300034	1	3
3R	11753042	11754905	-1	3
3R	14367497	14369398	-1	3
4	1135485	1135581	1	3
3L	17236063	17237824	-1	3
4	879368	882617	-1	3
3R	30968428	30968591	-1	3
2R	13814787	13814968	1	3
3R	23220644	23221846	-1	3
2L	2490679	2490733	-1	3
3L	7156316	7156378	-1	3
2L	8084740	8089223	1	3
3L	3504804	3504888	1	3
4	1232781	1233129	1	3
2R	14237505	14237575	-1	3
2R	11580454	11590892	-1	3
3R	18907021	18907200	1	3
X	5642027	5642916	-1	3
3L	10182892	10184844	-1	3
3L	7663325	7666166	-1	3
4	944254	944306	1	3
mitochondrion_genome	8241	8840	-1	3
X	16276827	16276892	1	3
2R	1727619	1727672	1	3
2L	16168613	16169487	1	3
X	8517421	8531525	1	3
2L	14939029	14941518	-1	3
4	872089	872174	1	3
2R	9919748	9920519	-1	3
X	12566837	12568224	-1	3
4	305179	305814	-1	3
2L	12063697	12064406	-1	3
2L	7662875	7674439	-1	3
3R	26058918	26058980	-1	3
2L	5919936	5919994	1	3
3R	20973348	20973506	1	3
2R	24532542	24532598	1	3
3R	17232906	17233232	-1	3
3R	13681405	13681465	-1	3
2R	7711677	7711743	1	3
3R	20911913	20911971	-1	3
2R	17569178	17569246	1	3
X	5402029	5404006	1	3
3L	16066110	16066613	1	3
X	10277703	10277761	-1	3
3L	6591418	6591479	1	3
3L	870338	871670	1	3
4	1145322	1146470	-1	3
4	305179	305637	-1	3
3R	21366339	21366450	1	3
X	13644008	13644691	1	3
3R	4288974	4295120	1	3
3L	18930679	18932758	-1	3
X	16528120	16532650	-1	3
X	20794682	20798515	1	3
2L	9291323	9291552	1	3
3L	23094783	23095088	-1	3
3R	22755269	22766611	1	3
3R	23983941	23984222	1	3
3R	5371916	5371978	1	3
2R	19485921	19485983	-1	3
2L	2947436	2947609	1	3
2R	22801802	22802035	1	3
2R	19398800	19399022	-1	3
2R	15936581	15938115	-1	3
2L	5171382	5175289	1	3
2R	13863055	13863951	1	3
X	16481500	16482626	-1	3
3L	269615	270141	1	3
3R	18194993	18196564	-1	3
3L	13584272	13602342	-1	3
4	272409	273115	-1	3
X	13379282	13379604	1	3
X	18860975	18861819	1	3
2R	10335414	10336328	-1	3
2R	10800713	10804312	-1	3
3L	15081162	15081333	-1	3
2L	13208361	13208421	1	3
2R	20264008	20264076	1	3
2L	17902774	17902853	-1	3
3R	10330002	10330968	-1	3
X	19329934	19330101	-1	3
3L	4088155	4088212	-1	3
3R	31163636	31166176	-1	3
3R	20974162	20976045	1	3
X	19833389	19833752	-1	3
3L	19873996	19874063	1	3
X	21376667	21379588	1	3
4	508381	515582	1	3
3L	19995570	19995629	1	3
X	10226656	10227349	1	3
3L	18803731	18803829	-1	3
3R	11400552	11406619	1	3
3R	9487130	9493011	-1	3
3R	31217945	31218943	1	3
3L	4940107	4952891	-1	3
3R	23073906	23075108	-1	3
X	15175552	15177693	1	3
2R	24773302	24773362	-1	3
2R	18519453	18520428	1	3
2R	24970418	24970472	1	3
3R	7847750	7847822	1	3
X	6360563	6361066	1	3
3R	24290628	24290742	1	3
2R	17370184	17370564	1	3
3R	31777565	31777638	1	3
2L	6682871	6683726	-1	3
3L	23325824	23325889	-1	3
3L	9716582	9717540	1	3
2L	8200281	8200346	1	3
4	780335	783483	-1	3
3L	9050360	9057543	-1	3
X	18380931	18380991	1	3
2R	982020	994324	1	3
3L	14792461	14792661	1	3
X	10408963	10409542	1	3
3L	22870151	22871460	-1	3
2R	9111806	9113040	-1	3
X	18137051	18137365	-1	3
3L	135843	135967	1	3
3R	30165090	30165904	-1	3
2R	19067541	19089861	1	3
3R	25110355	25110410	-1	3
3R	14733017	14733227	-1	3
2L	23170942	23172046	-1	3
2L	19758944	19759002	1	3
3R	29483744	29484452	1	3
2R	13179919	13184451	-1	3
3L	7972637	7973800	-1	3
2R	12274001	12274470	1	3
3L	20834133	20836011	1	3
2R	18181113	18181171	1	3
2R	5668849	5669771	1	3
X	11437138	11437204	-1	3
X	16387620	16387681	1	3
X	20476101	20476165	-1	3
2L	2772643	2782228	-1	3
3R	4503726	4534149	-1	3
3L	8434486	8434550	-1	3
3L	22615795	22637195	-1	3
3L	3221388	3221467	-1	3
3R	23959594	23960478	1	3
3R	11391590	11396098	1	3
2L	15067690	15067916	-1	3
2R	10151038	10152904	-1	3
3L	8995566	8997579	-1	3
3L	22877876	22877937	-1	3
2L	3989803	3991678	-1	3
3R	21784226	21785018	-1	3
3L	9114293	9114381	-1	3
2L	1934899	1934961	1	3
2L	1934994	1935450	1	3
3R	18248378	18249023	1	3
X	10751557	10753616	1	3
4	349147	349213	-1	3
2R	11220359	11220464	1	3
3R	21309505	21309782	1	3
2R	1594006	1594946	1	3
2L	5040028	5040120	1	3
X	5839289	5840779	1	3
3R	20973993	20974485	1	3
X	23200999	23216958	1	3
3R	25064995	25065148	-1	3
3L	20316028	20316300	1	3
3R	11591310	11592350	-1	3
2L	12278920	12282514	1	3
X	2706079	2706292	-1	3
X	13211299	13211549	-1	3
3L	10307133	10313115	1	3
X	6807649	6807799	1	3
3R	9448635	9450051	1	3
2L	18607091	18607154	1	3
2R	22649344	22649408	-1	3
2L	5032375	5032500	1	3
3L	8110655	8110730	1	3
X	4091204	4092160	1	3
3R	23230605	23230678	-1	3
3R	4795821	4796489	-1	3
2L	15163765	15164207	-1	3
4	135781	136879	1	3
2L	5166766	5205416	1	3
X	3476740	3507097	-1	3
3R	14367497	14372547	-1	3
3R	5878135	5878700	-1	3
X	12654169	12655171	1	3
2L	1612924	1613044	-1	3
3R	25329884	25329950	-1	3
3L	4189306	4189676	1	3
3R	9420048	9432029	-1	3
2R	16925285	16926341	1	3
3R	29171401	29171584	-1	3
3L	21879942	21888634	1	3
3L	143218	143515	-1	3
2L	6914417	6914530	-1	3
3L	241058	241118	-1	3
2R	7664835	7664896	1	3
X	7911194	7911252	1	3
3L	20152306	20153164	-1	3
3R	25653433	25655651	-1	3
2R	8902713	8902814	1	3
3R	27551047	27551114	-1	3
2R	16859398	16859453	1	3
3L	17400540	17400823	-1	3
3R	9766728	9766788	-1	3
3L	14045757	14045811	-1	3
3R	18175530	18175603	1	3
2R	16087726	16088305	-1	3
3L	25443926	25484191	-1	3
3L	11850759	11862807	-1	3
3L	3037962	3038123	1	3
X	5744700	5746768	-1	3
3L	7812301	7853726	-1	3
3R	29864827	29864889	-1	3
3R	17921470	17937522	1	3
3R	4657210	4657581	1	3
3R	26697870	26698505	-1	3
2R	14683771	14684153	-1	3
X	7913801	7914263	1	3
2L	3026975	3027038	-1	3
2R	16623687	16624163	1	3
2L	229978	230538	-1	3
2R	19438728	19438785	1	3
3L	17527421	17527483	-1	3
2R	9537346	9541285	1	3
3L	5760802	5760860	1	3
3R	11770104	11771154	-1	3
3L	6055664	6055717	1	3
3R	24682800	24683017	1	3
2R	6627168	6632162	-1	3
2R	18836348	18836416	1	3
3R	17909499	17915059	-1	3
3R	24788280	24790117	1	3
2R	5127524	5128973	1	3
2R	6019254	6019309	1	3
X	15976145	15976206	1	3
2R	13571966	13572030	-1	3
X	12608529	12608624	1	3
3L	12213476	12213719	-1	3
3R	11815402	11816276	-1	3
2R	13225939	13226002	1	3
mitochondrion_genome	2612	2666	1	3
3L	20500351	20504665	1	3
3R	31410402	31433459	1	3
3R	29104449	29104504	1	3
3L	17064902	17147644	-1	3
3R	4280431	4282674	1	3
3R	7120883	7120942	-1	3
X	3300073	3343487	1	3
3L	23011818	23012723	1	3
2R	12653128	12653187	1	3
3R	23983898	23984334	1	3
3R	18909604	18910247	1	3
X	18390933	18390998	-1	3
2R	8948376	8948501	-1	3
2R	10419325	10419388	1	3
2R	24727160	24736619	-1	3
4	190062	190678	-1	3
2R	7037097	7037158	-1	3
2L	2582110	2582174	-1	3
3R	10196913	10204005	1	3
X	3477315	3477626	1	3
2L	4439645	4441049	-1	3
3R	4511095	4522988	-1	3
4	540718	545135	-1	3
2R	5977469	5977987	-1	3
X	7739125	7739903	1	3
X	16822773	16823103	1	3
X	15871524	15871859	1	3
2L	6572543	6573699	-1	3
3R	13228362	13229100	-1	3
3L	1661166	1661227	1	3
3R	24318122	24318215	-1	3
Y	3004630	3019154	1	3
2R	5847471	5852946	1	3
X	10241737	10242810	-1	3
2L	20647789	20648198	1	3
2L	9166165	9166223	-1	3
3R	27561847	27566694	-1	3
X	16100350	16104804	-1	3
3L	1499593	1499772	-1	3
X	5908762	5908871	1	3
X	13746690	13755009	-1	3
2R	12274967	12278481	1	3
3L	7375909	7380621	-1	3
2R	19096510	19108752	1	3
3R	6381400	6381776	1	3
3L	7814175	7815845	-1	3
X	4631731	4631814	-1	3
3R	21322967	21323439	-1	3
3R	5669158	5669290	-1	3
3L	4182236	4182763	-1	3
2L	21175934	21176007	-1	3
3R	27291018	27291433	1	3
X	2598133	2599102	1	3
3R	7907820	7907884	1	3
3L	7348586	7353403	1	3
2L	159341	162300	1	3
3R	4468147	4468214	-1	3
2L	334258	335415	1	3
3R	24192124	24192191	-1	3
X	16300876	16300939	1	3
3R	18976260	18977271	1	3
3R	22410682	22410853	-1	3
2R	16071473	16071543	1	3
2L	5324664	5324726	-1	3
2L	7185075	7185138	1	3
2R	6626186	6626397	-1	3
2L	19982613	19999337	-1	3
X	16302413	16302907	1	3
2R	15189245	15190191	1	3
2R	12655097	12655149	1	3
2L	11132371	11132453	1	3
3R	25042682	25043226	-1	3
X	9254385	9254757	1	3
2R	1442707	1442769	1	3
4	1316431	1316494	1	3
2L	21116483	21117871	1	3
4	1196478	1196758	-1	3
2L	9968211	9968412	1	3
3L	5691900	5692428	1	3
3R	31599010	31599300	-1	3
X	11622492	11623753	1	3
2L	5111022	5117577	1	3
2R	8945056	8945128	-1	3
3L	9105159	9106439	-1	3
3R	12414287	12414352	1	3
3R	10863486	10863856	1	3
2R	21324811	21324870	1	3
X	8908326	8999380	1	3
X	3339437	3340110	1	3
3L	6626574	6626931	1	3
3L	14346262	14354148	1	3
3L	1019273	1022678	-1	3
3R	8818662	8820649	-1	3
2L	10994919	10995844	1	3
X	12463855	12478245	1	3
2L	10358649	10358711	-1	3
3R	4319891	4321845	1	3
2R	4014571	4122502	1	3
3R	24576519	24582713	-1	3
3L	22306915	22307547	-1	3
2R	17563282	17563341	1	3
2R	8682032	8682529	1	3
2R	10493242	10532039	-1	3
3R	21306918	21307752	1	3
2R	21684637	21684701	1	3
2R	15466774	15466849	1	3
3R	21057952	21058016	-1	3
3R	20958143	20974099	1	3
3L	20076132	20088498	-1	3
3L	4129792	4131121	-1	3
3L	11185322	11196567	-1	3
3R	8819111	8820088	-1	3
2R	24786544	24786602	-1	3
X	2025700	2025775	-1	3
2R	16088536	16088683	-1	3
3R	23983911	23984290	1	3
2R	9811811	9819885	-1	3
3R	11034926	11039911	1	3
3L	9741134	9744372	-1	3
X	1650942	1652981	1	3
2R	14179042	14179109	1	3
3R	18192673	18199534	-1	3
3L	3505087	3506075	1	3
2L	17452391	17452453	1	3
mitochondrion_genome	5419	17405	1	3
2R	16325030	16325265	-1	3
X	12868410	12868571	-1	3
3L	13847978	13848081	1	3
3R	20387283	20387419	-1	3
3L	25983617	25985762	-1	3
X	17937784	17962164	-1	3
3L	24074570	24075141	1	3
3L	25738863	25743460	-1	3
3R	15971324	15971374	-1	3
X	9491136	9491722	-1	3
2R	1107038	1123231	-1	3
2L	7057675	7057864	1	3
2R	23946508	23946702	1	3
2R	2732609	2735042	-1	3
2R	24513172	24514536	-1	3
4	467694	467751	1	3
2L	10439889	10439945	1	3
2R	8474252	8516360	-1	3
2L	4319522	4321103	1	3
X	10244627	10249837	-1	3
X	6277184	6277427	-1	3
2L	20917221	20918103	-1	3
3R	8263972	8264029	-1	3
2L	3501300	3501363	-1	3
2R	11449073	11451497	1	3
4	1245928	1245990	1	3
3R	20310197	20310565	1	3
2R	4749387	4749446	1	3
2L	16247385	16247504	-1	3
3L	2655684	2656805	-1	3
X	5176442	5177567	1	3
X	6370408	6370737	1	3
4	1004413	1004470	1	3
2L	13499301	13499437	1	3
3R	30517695	30518218	-1	3
X	12640840	12648537	1	3
3R	29117897	29117959	1	3
3L	17400540	17400894	-1	3
3R	9358518	9359267	1	3
X	15862866	15863100	1	3
mitochondrion_genome	2702	2777	1	3
2L	1014485	1014550	1	3
2L	9684233	9684836	-1	3
X	1489554	1489668	-1	3
3L	2670805	2689833	-1	3
3R	26536693	26537154	1	3
2L	9162709	9163295	1	3
3L	14753967	14754085	-1	3
3R	21156412	21157438	1	3
3R	20973988	20974485	1	3
3L	16721191	16721258	1	3
3L	226021	226106	1	3
2R	10033552	10033757	1	3
3R	25681199	25681266	1	3
4	1047576	1056663	-1	3
2L	16471940	16472128	-1	3
2R	16641693	16642052	1	3
3R	23972528	23972609	1	3
2R	16860243	16860477	1	3
2L	23162873	23162925	-1	3
3R	10133703	10134218	-1	3
3L	5743127	5743254	1	3
3R	24675365	24675495	1	3
3L	17081280	17097910	-1	3
3R	21267558	21267620	-1	3
3L	7156341	7156470	-1	3
3R	18248376	18248445	1	3
2R	11221163	11222161	1	3
2L	4334440	4336450	1	3
2R	16328915	16329417	-1	3
3R	16059376	16059485	1	3
2R	17344899	17345178	1	3
3L	15908859	15908925	-1	3
3L	11202502	11202622	-1	3
X	6349386	6349442	-1	3
2L	2400351	2401231	1	3
2R	16924797	16926346	1	3
2R	23548672	23548779	1	3
X	5082240	5082891	-1	3
3L	22499247	22517424	-1	3
X	11965054	11979006	-1	3
4	249652	249790	-1	3
3L	17960804	17968480	-1	3
3R	11680590	11680784	1	3
3R	4957154	4957563	-1	3
3L	2851697	2864043	-1	3
X	4700875	4701947	1	3
X	9163399	9164169	1	3
2L	13275866	13276247	1	3
3R	18929565	18931123	1	3
3R	26843576	26843655	-1	3
3L	3119964	3120027	-1	3
X	22982246	22982359	-1	3
X	19572426	19572497	-1	3
2R	4238210	4238273	-1	3
2R	8826075	8826143	1	3
3R	15973809	15983231	1	3
2L	19207502	19207626	1	3
X	614714	614774	-1	3
4	382409	386883	-1	3
3R	23768546	23768864	1	3
2R	15368740	15368794	-1	3
3R	18195045	18195166	-1	3
X	23431675	23457324	1	3
X	13746690	13746762	-1	3
2L	102907	103006	1	3
3L	5691784	5695339	1	3
3R	12456732	12456799	1	3
3L	9462705	9463258	1	3
3L	21551973	21552204	-1	3
3R	16639298	16639525	1	3
X	13083099	13085596	-1	3
3L	5743128	5743999	1	3
3R	18970690	18975791	1	3
X	7922973	7926338	-1	3
X	19572188	19572252	-1	3
2R	7242192	7242903	-1	3
3L	1632428	1637029	-1	3
3L	3072108	3073081	1	3
4	903472	904361	-1	3
3R	7864915	7865151	-1	3
X	9848977	9849032	1	3
3R	11419596	11419739	-1	3
2L	14000608	14000773	-1	3
3R	18931388	18931447	1	3
X	21081721	21082172	1	3
X	575524	577911	1	3
2L	13547162	13549132	-1	3
2L	21380699	21390231	1	3
3R	2137403	2307285	1	3
2L	2772592	2781052	-1	3
3L	5743731	5743819	1	3
X	3740205	3781655	1	3
2R	22471185	22471278	1	3
3R	14733035	14733227	-1	3
2R	16763134	16763198	-1	3
2R	6210661	6210728	-1	3
X	2252666	2252724	-1	3
2L	5533743	5533803	1	3
2R	6631392	6631444	-1	3
3R	31435414	31435513	1	3
X	6070203	6070293	-1	3
2L	3467067	3467133	1	3
2R	7105612	7118417	1	3
3L	19381498	19385398	-1	3
3L	19988606	19988662	-1	3
2L	8123246	8123304	-1	3
X	1858407	1858561	-1	3
X	10186590	10186655	1	3
3R	24585066	24585572	-1	3
3L	24254847	24278289	1	3
2R	12569613	12569681	-1	3
2L	13965213	13966543	-1	3
3R	16638845	16639620	1	3
3L	7663325	7696644	-1	3
3L	5156501	5157147	-1	3
3R	10002695	10002753	-1	3
3R	20957815	20957867	1	3
4	1127266	1127359	1	3
X	13619666	13619738	-1	3
X	1217762	1220673	-1	3
2L	5148883	5154248	1	3
2L	17887149	17901809	-1	3
4	85934	86988	1	3
2L	12805613	12851726	1	3
3L	2368426	2368630	-1	3
3L	4581088	4583099	1	3
2L	409913	414498	1	3
4	904656	904769	-1	3
3R	26720611	26720677	-1	3
2R	16645458	16650813	1	3
3R	11211010	11211104	1	3
X	17945349	17950611	-1	3
3R	16068615	16069863	-1	3
3L	9170706	9170993	-1	3
2R	10206686	10207072	-1	3
3R	20948830	20960726	1	3
4	191387	193825	-1	3
3L	24741001	24748408	1	3
3L	3379572	3379623	1	3
2R	16607269	16607446	-1	3
2L	13276292	13276378	1	3
2L	3760518	3760693	1	3
X	14114738	14114991	1	3
3L	7353980	7354042	-1	3
2L	9723269	9743416	-1	3
3R	11371052	11401321	1	3
mitochondrion_genome	12943	13011	-1	3
2R	19473555	19473613	1	3
2R	20146712	20146773	1	3
3R	21310830	21314095	1	3
3R	23983915	23984283	1	3
3L	7979681	7994889	1	3
2L	18123158	18123349	1	3
3R	4737781	4739572	-1	3
3R	25516241	25519261	1	3
3R	9826226	9827170	-1	3
2L	10241432	10241979	1	3
2R	2770687	2844599	1	3
2L	12171925	12172117	-1	3
X	12587901	12587970	-1	3
3L	17401030	17401102	-1	3
2R	24609037	24609099	1	3
3R	19463964	19464500	1	3
3L	10518307	10519612	1	3
3R	17320453	17320773	-1	3
3L	10182516	10185925	-1	3
3R	25284836	25284906	1	3
2R	7444286	7444349	-1	3
2L	16896172	16896237	1	3
3L	6055664	6055760	1	3
3R	13374371	13374447	-1	3
3L	16405173	16411102	-1	3
3R	14733047	14733284	-1	3
2L	19702026	19702327	1	3
X	16551490	16552340	-1	3
3L	5362454	5362526	1	3
3L	8427214	8427272	1	3
2R	14739466	14741017	-1	3
3R	21623652	21623839	-1	3
3R	21307517	21307795	1	3
3L	3546132	3552787	1	3
X	10386275	10408046	1	3
2L	11345	11410	-1	3
X	5904139	5940794	1	3
2R	10468938	10469201	1	3
2L	2960992	2961218	1	3
X	481170	481233	-1	3
X	5546946	5553455	-1	3
2R	17355077	17361500	1	3
X	7290678	7290789	-1	3
X	15947921	15948066	-1	3
2R	24399184	24400200	-1	3
2L	4944865	4944927	-1	3
2R	10095545	10096048	1	3
3R	15155818	15156078	1	3
2L	9714012	9743418	-1	3
X	13383384	13384735	-1	3
2L	21141009	21141178	-1	3
2R	7729709	7735154	-1	3
3L	11998997	12000273	-1	3
X	17935299	17966652	-1	3
X	15914006	15919648	1	3
2L	9714044	9743404	-1	3
3L	16491719	16496444	1	3
4	375844	394347	-1	3
X	12947129	12948457	1	3
3R	23983911	23984476	1	3
X	576777	577938	1	3
3R	30421354	30421463	-1	3
2L	1176044	1176101	1	3
2R	21148954	21153983	-1	3
3L	1502515	1502570	-1	3
X	2019738	2019848	1	3
X	503143	503678	1	3
X	2634179	2641590	1	3
2L	1012560	1015819	-1	3
2R	7719307	7719376	-1	3
2L	10330593	10331080	-1	3
3R	9726190	9727990	-1	3
3L	1667736	1667809	-1	3
2L	13895390	13895457	1	3
3R	15811053	15818916	1	3
X	3911880	3929567	-1	3
3R	21301644	21303114	1	3
3R	15366597	15367147	-1	3
3R	13457112	13457463	1	3
2L	21382335	21390752	1	3
2R	16924978	16925705	1	3
2R	14300368	14300425	-1	3
3L	2872363	2872678	-1	3
3L	25844108	25873860	-1	3
3L	2957541	2959049	1	3
2L	18845213	18845614	1	3
2L	1171545	1171716	1	3
3R	24943211	24943276	-1	3
3R	7094402	7094471	1	3
3R	2351840	2384346	1	3
3L	8280689	8280744	1	3
2L	17668111	17708034	-1	3
3L	6741640	6741702	-1	3
3R	21306640	21307752	1	3
X	15861181	15862838	1	3
2L	8384541	8384700	1	3
2R	19555072	19555312	-1	3
3R	10224293	10224351	-1	3
3L	18663618	18663679	1	3
2L	2886579	2890377	1	3
2R	6762775	6762834	-1	3
2L	1697446	1698488	1	3
2R	21698197	21698384	-1	3
2L	5042891	5042961	-1	3
X	15482538	15483182	1	3
3L	2505428	2507856	-1	3
3L	20390436	20390500	-1	3
2L	18065731	18066776	1	3
X	13776381	13776676	1	3
2R	18430516	18439906	-1	3
X	16463801	16464181	-1	3
3L	20854869	20854937	-1	3
X	10471539	10471618	-1	3
2R	8829065	8829790	1	3
3R	19639414	19642078	-1	3
2L	2753323	2756730	1	3
4	189249	190003	-1	3
3L	11488275	11495289	1	3
3R	12692945	12693004	1	3
2L	9125941	9126761	1	3
X	16147210	16148742	-1	3
4	395323	395787	-1	3
X	1119786	1134185	-1	3
X	10791107	10794627	-1	3
3R	8938752	8938814	1	3
3L	21875326	21888634	1	3
3L	2588385	2588787	1	3
4	428649	429497	1	3
3R	28078633	28082901	1	3
X	13585041	13585691	-1	3
X	8441684	8441742	-1	3
2R	5763962	5764021	1	3
3L	17042041	17042103	-1	3
3R	4325997	4327790	1	3
3R	16637112	16638628	1	3
3R	22389449	22390283	-1	3
3L	17401227	17401292	-1	3
2L	7053366	7053476	1	3
3R	28341957	28342185	1	3
3L	1868931	1869127	1	3
2L	11002955	11003029	-1	3
2L	11003762	11004006	-1	3
2L	11004056	11004129	-1	3
3R	24837082	24839635	1	3
X	8547321	8552506	1	3
2R	23735943	23736002	-1	3
2R	6706199	6715104	-1	3
3L	3899482	3899710	-1	3
3L	11197358	11197501	-1	3
2R	19334789	19334961	1	3
X	16076532	16076955	-1	3
4	786455	787184	-1	3
3R	21300122	21310016	1	3
X	5319226	5320141	-1	3
3L	22561057	22583003	-1	3
2R	7833145	7833693	1	3
3R	14338627	14340432	-1	3
3L	8181684	8181751	1	3
3R	9728603	9728659	-1	3
3R	20780828	20783207	1	3
2L	232380	233997	-1	3
X	17930816	17931687	-1	3
2L	9292169	9295347	1	3
3L	23339681	23345843	1	3
X	8428206	8428277	1	3
X	10386033	10407824	1	3
3L	4561632	4563164	1	3
X	15755156	15755215	-1	3
2R	12870958	12871164	1	3
3R	29137287	29137352	1	3
3R	22018828	22018992	-1	3
2L	22246535	22246647	1	3
3R	28710850	28710938	1	3
2R	18441354	18445246	1	3
2R	5418044	5420623	1	3
3L	24080366	24088182	1	3
4	254652	254965	1	3
2R	9470165	9471276	1	3
X	13048028	13059208	1	3
3R	4405812	4405867	1	3
3L	13798262	13803062	-1	3
3L	10765955	10768880	1	3
3L	6943767	6944389	1	3
3R	27423261	27436612	-1	3
2R	15223327	15223384	1	3
2L	8054571	8056073	-1	3
3R	15951842	15954158	1	3
3R	22082388	22082898	1	3
3R	5375217	5375278	1	3
3R	21155388	21178278	1	3
3L	3119735	3119799	-1	3
2L	1651335	1653272	1	3
3R	8820135	8820622	-1	3
2R	13816702	13816755	1	3
3L	261747	261978	-1	3
2L	2678058	2683868	1	3
2R	21515238	21517261	-1	3
2L	14492977	14493080	1	3
3R	15935534	15941398	1	3
3R	24046492	24047819	-1	3
3R	16345947	16347056	-1	3
X	3930579	3930919	-1	3
3R	9507387	9508291	-1	3
2R	10253550	10255418	1	3
2R	17704627	17704856	-1	3
2L	4074713	4079504	1	3
3R	21306961	21307517	1	3
2L	5608950	5611028	-1	3
3R	21788103	21788874	-1	3
3R	19860762	19860886	-1	3
2L	4123479	4123538	1	3
3R	25131810	25132341	1	3
3L	4586784	4588069	1	3
3L	5909546	5909709	1	3
X	54145	54202	-1	3
3R	20309667	20309904	1	3
2L	19211317	19211377	-1	3
X	13642199	13645178	1	3
3L	6943754	6944441	1	3
2L	17827884	17843591	-1	3
X	13768804	13768869	1	3
3R	22174728	22258477	1	3
2R	16974125	16984266	1	3
3R	30572536	30572599	1	3
3R	4282315	4282674	1	3
2R	9535569	9535841	1	3
2R	23708475	23708630	1	3
2L	12404178	12407185	-1	3
2R	16864052	16864569	-1	3
2R	23104094	23104150	-1	3
3L	11564835	11572405	1	3
3L	984277	985941	1	3
2L	22124029	22124090	1	3
3L	1720385	1723580	-1	3
3L	6781169	6783130	-1	3
3L	3371571	3372423	-1	3
X	13381786	13382289	-1	3
3R	21299806	21300084	1	3
2R	15292970	15293427	-1	3
3R	27165042	27165109	-1	3
X	7666619	7666966	1	3
2L	1726656	1727646	-1	3
3R	25291965	25292028	-1	3
3L	8260791	8262954	1	3
X	17822214	17827458	-1	3
2R	7321650	7322560	-1	3
3R	11392507	11406749	1	3
3R	14041420	14041485	-1	3
3R	31216378	31216656	-1	3
X	15848005	15848298	-1	3
2L	16828947	16829003	1	3
X	3176686	3189534	1	3
2R	17520580	17520646	-1	3
2R	18447885	18447941	1	3
3L	4379581	4380306	-1	3
3R	21805176	21807599	1	3
2R	10024528	10025829	-1	3
X	11373143	11373817	1	3
2L	6486112	6486172	1	3
3L	8931380	8931887	1	3
4	395323	404739	-1	3
3L	4090741	4091102	1	3
3R	22657080	22658021	1	3
2R	24110767	24110833	-1	3
2L	3160149	3160203	-1	3
2R	16011156	16011219	-1	3
2L	6927448	6930024	1	3
3L	14220418	14225435	1	3
2R	7796021	7796086	1	3
2R	15221566	15221728	1	3
3R	23983922	23984290	1	3
3L	9479099	9479886	1	3
3L	9164746	9166153	-1	3
3R	8392176	8393331	-1	3
3L	1594548	1600193	1	3
3R	8817662	8819083	-1	3
3L	16802415	16807533	-1	3
3R	25303657	25303709	1	3
2R	19518907	19523299	-1	3
4	661981	663077	-1	3
2R	24771791	24771849	-1	3
3L	7424868	7428044	1	3
2R	12471005	12471504	1	3
2L	18462263	18465349	1	3
3L	9510159	9511056	-1	3
X	5904091	5904208	1	3
2L	8493853	8506635	-1	3
3R	15346715	15347941	1	3
X	18879870	18880065	1	3
2R	17975225	18007533	-1	3
3L	5704071	5704962	1	3
X	15465994	15466069	1	3
3R	20823966	20824093	-1	3
3L	1465592	1467346	1	3
3R	7268856	7269055	1	3
X	9163975	9165682	1	3
2R	16942412	16942475	1	3
X	16455652	16463602	-1	3
X	16366024	16367254	1	3
3L	9411983	9413203	1	3
3R	17660669	17660725	1	3
X	6284891	6284974	-1	3
3R	19459728	19459794	1	3
X	8366424	8366662	-1	3
2R	1080442	1105847	1	3
2R	24696289	24696973	-1	3
2L	18845494	18845614	1	3
2R	6863290	6863348	-1	3
2R	6759969	6760047	-1	3
2R	7832718	7833632	1	3
3R	21351379	21375060	-1	3
X	11866662	11866729	-1	3
3L	8579625	8585971	1	3
3R	10993348	11045891	1	3
2R	17686045	17686107	1	3
3R	4638078	4638253	-1	3
3R	18714641	18718860	1	3
3R	27418981	27436190	-1	3
X	13670034	13670132	1	3
X	17639730	17648648	-1	3
mitochondrion_genome	2763	2858	1	3
3L	21161003	21171440	-1	3
3R	24136569	24136627	1	3
3R	14057025	14057741	1	3
X	16669225	16669313	-1	3
3R	5663161	5663217	1	3
3L	3913775	3913852	-1	3
X	13858392	13864742	-1	3
3L	9728620	9728713	1	3
2R	12691736	12691792	-1	3
3L	5219060	5271958	-1	3
3L	13522112	13666483	-1	3
2R	20595815	20597548	1	3
2R	3919121	3919185	-1	3
2L	3759807	3760068	1	3
2L	9292828	9293149	1	3
3L	16492500	16492662	-1	3
3L	4285921	4286172	1	3
4	502320	503851	1	3
X	11818017	11831222	1	3
X	16592747	16592944	-1	3
3L	16799955	16807533	-1	3
2R	10895129	10895193	1	3
X	5904490	5904555	1	3
X	17070094	17072691	-1	3
2R	14245685	14245759	1	3
2R	16995664	16995864	1	3
X	18495291	18495902	-1	3
3R	24322339	24322397	1	3
3L	10663728	10663790	1	3
X	19740726	19740782	-1	3
2R	8624831	8625013	1	3
3R	22032760	22032820	-1	3
4	917091	917275	-1	3
3R	26866996	26868563	1	3
X	20522446	20522505	-1	3
2L	19052218	19052279	1	3
3L	22866028	22867109	1	3
2L	19114817	19116352	1	3
3L	21240214	21240426	1	3
3L	8517418	8517472	1	3
3L	19374841	19381372	-1	3
2R	5294713	5294797	-1	3
2R	10812236	10812994	-1	3
X	8096835	8096955	-1	3
3L	8241883	8248558	1	3
3L	11134035	11134538	1	3
3R	25064117	25064178	1	3
3R	9573290	9573354	-1	3
3R	22469721	22486824	1	3
2R	14509784	14509840	1	3
3R	13450725	13452218	1	3
X	12334182	12334394	1	3
X	15752334	15752393	-1	3
3L	20995200	21025144	-1	3
3R	11370377	11371163	1	3
3L	15584440	15584640	1	3
3L	6944770	6946264	1	3
3R	21302986	21310021	1	3
3R	31597787	31609381	-1	3
2L	5541091	5541153	-1	3
X	577287	577819	1	3
3L	8462089	8463004	1	3
2R	17820711	17850133	-1	3
2L	4694992	4705478	1	3
3L	1861677	1861778	-1	3
3L	20454458	20454645	1	3
X	9091178	9091410	1	3
3R	21302948	21303225	1	3
2L	8087946	8089185	1	3
3R	23983894	23984362	1	3
3R	13224760	13228363	-1	3
3R	17803979	17804041	-1	3
3L	22870151	22871320	-1	3
X	18519936	18519989	1	3
4	446487	446631	1	3
3L	12745469	12745729	1	3
3L	21641196	21641287	1	3
2R	11190397	11208245	1	3
X	23283453	23431559	1	3
2L	8509519	8510978	-1	3
3R	25906568	25906662	-1	3
3L	3958593	3961991	-1	3
3R	23777621	23777689	-1	3
4	695440	695697	-1	3
3L	4131237	4131750	-1	3
2L	17788625	17789083	-1	3
4	885463	885760	-1	3
X	19610624	19610696	1	3
3L	17015267	17015743	-1	3
3R	20006660	20008161	-1	3
3R	10298592	10299634	1	3
4	305179	305696	-1	3
2L	5759617	5759677	1	3
3R	17386254	17386902	1	3
2R	10563970	10564101	1	3
X	20230594	20232117	-1	3
2L	5185467	5205373	1	3
2R	949818	949871	-1	3
3R	11370293	11371317	1	3
2L	14088129	14088486	1	3
3R	9420048	9439295	1	3
X	1447296	1447364	1	3
3L	4563897	4577917	1	3
X	19727748	19729692	1	3
2R	14276429	14279243	1	3
X	10834401	10834468	-1	3
2L	21226423	21226630	1	3
X	10309666	10318482	-1	3
3R	27933315	27933373	-1	3
3R	5761718	5762172	-1	3
2R	19629071	19630853	-1	3
2R	15453798	15456435	1	3
2L	873195	873898	1	3
3L	265050	265112	1	3
X	16569713	16580841	-1	3
3R	13224780	13228295	-1	3
3R	24852212	24854621	1	3
2L	20789424	20789586	-1	3
3L	4173277	4173338	1	3
3R	4598769	4599396	-1	3
2L	16973312	16973448	1	3
X	8873176	8873623	-1	3
3R	12010961	12011023	1	3
4	320041	328162	1	3
2L	10138206	10143393	-1	3
2R	22339208	22339303	-1	3
3L	17400534	17400823	-1	3
2L	10242747	10242946	-1	3
3R	8303012	8303065	-1	3
2R	8573614	8578273	-1	3
2L	17647272	17752291	-1	3
3R	28884017	28885841	1	3
X	14215140	14216747	-1	3
3R	30507604	30507659	1	3
2L	13017662	13017829	-1	3
3R	4937665	4937984	1	3
2R	11453283	11453393	1	3
X	23019056	23019160	1	3
3R	15062479	15063120	-1	3
X	5838125	5840625	1	3
3R	23983988	23984290	1	3
2R	14276407	14279243	1	3
X	13382013	13384592	-1	3
3L	19591168	19598629	-1	3
3L	16866353	16866406	1	3
3L	4554923	4554973	-1	3
2R	5982709	5986572	1	3
3R	15365346	15365407	-1	3
2L	11614102	11615543	1	3
2R	14299332	14299480	1	3
2R	7361868	7364178	-1	3
3R	24199952	24219600	-1	3
2L	5075830	5077535	-1	3
X	13380984	13384379	-1	3
4	653052	653870	-1	3
3R	4496133	4496476	-1	3
3R	22134452	22142174	1	3
3R	17393601	17393673	-1	3
3R	28089495	28090055	1	3
2R	12200040	12200121	-1	3
3R	29728050	29728105	1	3
3L	3219243	3219556	-1	3
2L	22584683	22584742	1	3
2L	5165631	5173471	1	3
3L	5433453	5433727	1	3
X	2634439	2641590	1	3
X	11145571	11148530	-1	3
3L	1500389	1501351	-1	3
2L	4439487	4441158	-1	3
4	515632	521473	1	3
2R	18971776	18971829	-1	3
3L	225850	225910	1	3
4	450510	451190	1	3
3R	9432840	9447629	1	3
3R	23983903	23984356	1	3
3R	29725174	29725238	1	3
2L	16723898	16724058	-1	3
X	496121	496370	1	3
3R	4640337	4641329	-1	3
3L	21920988	21921042	1	3
3L	9148710	9150440	-1	3
3L	19599450	19600605	1	3
X	13986075	13986375	-1	3
3L	9452171	9452298	1	3
2R	8732881	8733792	-1	3
3L	17142437	17146808	-1	3
X	16686770	16694043	1	3
3R	21309253	21309808	1	3
4	711042	711575	-1	3
4	259605	261230	1	3
3L	4582637	4590603	1	3
3L	20496076	20496158	1	3
3L	6259911	6259981	-1	3
X	14459513	14462105	1	3
2L	4909409	4909476	-1	3
3R	6005127	6005950	-1	3
3R	30517695	30518223	-1	3
3R	13054162	13056490	1	3
2R	18119862	18122645	-1	3
3R	4933139	4937971	1	3
X	9098008	9098084	-1	3
2R	10427098	10427161	-1	3
X	17700912	17700970	-1	3
2R	18797656	18797716	-1	3
2R	12801432	12801841	1	3
X	13985234	13985299	-1	3
2L	11283754	11283809	1	3
X	6605529	6628537	1	3
3R	8024594	8024653	-1	3
3R	24232975	24235393	1	3
2R	928215	950492	-1	3
2R	22760589	22777023	-1	3
2L	2890917	2945030	1	3
2L	1009932	1011569	-1	3
2R	9581207	9581266	1	3
3L	1666830	1667002	-1	3
3L	4542908	4551002	1	3
3L	14212233	14213089	1	3
3R	31137504	31138372	1	3
3R	20253015	20253627	1	3
2R	9913727	9914987	-1	3
2L	2980378	2980470	-1	3
2R	10534975	10541615	-1	3
3L	321364	321915	-1	3
X	9846181	9848532	1	3
4	907909	908985	1	3
3R	11378190	11395155	1	3
3R	27232876	27232935	-1	3
2R	18718557	18732555	1	3
2R	17012709	17013285	-1	3
3R	29136704	29137076	1	3
2L	10334813	10335781	1	3
2R	1075209	1076429	1	3
3R	12075713	12075779	-1	3
X	22995839	23004612	-1	3
2R	10049905	10049966	1	3
X	11336810	11336875	-1	3
3R	28603934	28604977	1	3
3L	1500313	1501351	-1	3
2L	21672470	21672857	-1	3
3L	546199	547482	1	3
X	21505891	21506559	-1	3
3R	23267681	23268063	-1	3
X	9097520	9097756	-1	3
2L	10225812	10225874	-1	3
4	952462	953513	-1	3
2L	16250159	16251624	-1	3
4	99476	104083	1	3
X	8131001	8131527	1	3
3R	24355654	24355716	1	3
X	4325617	4332796	1	3
3R	10307367	10307423	1	3
3R	31599019	31599116	-1	3
2L	14932659	14934869	-1	3
X	7283869	7283941	-1	3
2R	6974229	6974291	-1	3
3L	9177493	9178205	-1	3
3R	17072995	17073053	1	3
2L	6568710	6570743	-1	3
X	6366233	6366365	-1	3
X	4930066	4931058	-1	3
3R	17042614	17042670	-1	3
X	16283819	16285526	1	3
2R	24243544	24244366	1	3
3R	10639686	10639965	1	3
2R	13841119	13841465	1	3
X	17924561	17941389	-1	3
2L	9787483	9788246	-1	3
2R	18497522	18497705	-1	3
2R	6767561	6768122	-1	3
X	9171335	9189129	1	3
X	10070724	10070839	-1	3
X	13380526	13381931	-1	3
X	4648095	4648175	1	3
3R	11334902	11335562	1	3
3L	1535147	1535411	-1	3
2L	21380710	21382009	1	3
4	1145104	1145208	-1	3
3R	9736656	9736720	-1	3
2L	12040203	12040265	-1	3
2R	7467051	7467474	-1	3
3L	20357869	20357941	1	3
2L	19446027	19446097	1	3
3R	4284407	4286009	1	3
2R	16925285	16926346	1	3
2L	15117492	15117554	1	3
2R	16862867	16864033	-1	3
3R	5258163	5259281	1	3
3R	24255506	24255562	-1	3
3R	18684946	18686646	1	3
2L	1701018	1703092	1	3
3L	23099724	23100220	1	3
X	5086113	5089468	1	3
X	8876753	8880292	-1	3
3L	868488	868569	1	3
2L	20426791	20455278	1	3
2L	19120026	19120255	-1	3
3L	2927892	2936113	1	3
X	11823370	11831107	1	3
2L	13287314	13287377	1	3
3R	20737185	20737260	1	3
X	7661139	7662646	-1	3
2R	13508665	13509172	1	3
3R	15363316	15363377	-1	3
3R	4702412	4705723	1	3
4	633861	633921	1	3
2L	2772639	2779175	-1	3
2L	20873891	20873957	-1	3
3L	19831153	19831253	-1	3
3R	31738530	31739777	1	3
3R	28927596	28927684	-1	3
3R	30385805	30385865	-1	3
2R	22381910	22381974	1	3
3R	6658098	6658168	1	3
3R	31940978	31942076	-1	3
3L	13867613	13868806	-1	3
X	20304189	20310278	-1	3
3R	8369174	8375400	-1	3
2R	23042176	23042268	-1	3
2R	21872695	21878730	1	3
3L	13867603	13868800	-1	3
X	9172552	9178255	1	3
X	12639297	12640662	1	3
2R	22797132	22797465	-1	3
3R	10613801	10618656	-1	3
3R	10618684	10638624	-1	3
3L	1003822	1009322	-1	3
3L	129889	135458	1	3
2R	12328079	12328140	1	3
3R	20974318	20975239	1	3
X	5529312	5546772	-1	3
X	15112897	15113572	1	3
3L	4188635	4189674	1	3
2L	9246466	9247269	1	3
3L	11542835	11552830	-1	3
X	14269452	14269543	1	3
3L	19888615	19910043	-1	3
3R	12593535	12595395	-1	3
2R	18773078	18773135	1	3
X	246050	246198	1	3
3L	7813033	7855496	-1	3
3L	20845401	20852904	-1	3
2R	8950792	8950911	-1	3
3L	5816701	5817535	-1	3
3L	5679188	5680633	1	3
2L	17926715	17935005	1	3
X	7289265	7290242	-1	3
4	805311	968822	-1	3
X	8927634	8929838	1	3
3L	5568997	5569117	1	3
3R	16635858	16635922	1	3
2R	18837077	18842584	-1	3
2L	6391345	6394837	-1	3
4	671237	680440	1	3
3R	9432840	9439346	1	3
X	11818017	11818707	1	3
2L	11108808	11108866	1	3
2L	7034683	7035175	1	3
X	6131959	6132192	-1	3
3L	19544773	19544847	-1	3
2R	22995624	22995890	-1	3
3R	8822667	8822724	-1	3
3R	10109072	10109816	-1	3
2L	21122928	21124135	1	3
2R	19495404	19495461	-1	3
X	16278548	16280886	1	3
3R	12547726	12547911	-1	3
3R	23983570	23983660	1	3
X	12194224	12195769	1	3
3R	23984101	23984422	1	3
2R	13833109	13833294	1	3
2R	23389942	23390006	-1	3
3R	27923741	27924140	1	3
2L	18993992	18994137	-1	3
3R	24354881	24354938	1	3
X	17929276	17932649	-1	3
3L	12540147	12540390	-1	3
X	16956422	16956496	-1	3
X	11622385	11623753	1	3
X	6881291	6881361	1	3
2R	24383378	24383436	-1	3
4	90383	90663	1	3
2R	13580557	13580857	-1	3
2R	16291719	16291774	1	3
X	11826788	11826865	1	3
3L	14130162	14130675	-1	3
3R	5796059	5796429	1	3
3R	17652969	17653287	-1	3
2R	12274051	12274619	1	3
3L	21888693	21907346	1	3
mitochondrion_genome	13012	13449	-1	3
3L	9129975	9130330	-1	3
X	15386538	15440972	-1	3
3L	1622666	1622732	1	3
X	17144673	17148204	-1	3
3R	20957774	20957932	1	3
3R	22363288	22363354	1	3
3R	8646330	8648590	-1	3
3L	18642364	18661357	1	3
3R	8803610	8805046	-1	3
3L	17063224	17147462	-1	3
X	9171350	9171752	1	3
3R	25649498	25649564	1	3
X	8440482	8440545	1	3
2R	8474953	8475102	-1	3
2R	12277834	12278641	1	3
3R	20677708	20677771	1	3
2L	8428068	8428320	1	3
X	6146220	6164474	-1	3
X	6164504	6191349	-1	3
4	205011	205741	-1	3
2R	10722418	10722823	-1	3
3R	4503232	4503615	-1	3
3L	17953615	17953920	-1	3
X	1474893	1476256	-1	3
3L	17952710	18061032	-1	3
2L	750990	752695	1	3
2R	7988337	7989068	-1	3
2R	23941813	23941933	1	3
3R	21786863	21786930	-1	3
X	13265264	13265333	-1	3
2R	23960427	23961515	1	3
3R	20817215	20817309	-1	3
3R	17320181	17320262	-1	3
3R	4301146	4301226	1	3
2R	18825681	18826019	-1	3
2R	9272464	9274649	-1	3
3L	1637270	1637633	-1	3
3L	21622649	21622725	-1	3
3L	9138698	9138773	1	3
3L	16081321	16081776	1	3
X	5176789	5186892	1	3
3R	29499416	29499797	-1	3
2L	4957947	4958008	1	3
X	6584023	6585696	-1	3
2R	2143556	2245972	-1	3
X	16418025	16418081	-1	3
3L	17115980	17118969	-1	3
X	6605532	6608501	1	3
2L	7824481	7824580	1	3
2R	22801860	22801996	1	3
3L	1723934	1723992	-1	3
X	8365841	8366804	-1	3
X	1575722	1604926	1	3
3R	20438255	20449445	-1	3
2L	9880693	9881192	-1	3
2L	21384536	21390220	1	3
2R	10039344	10039404	-1	3
2L	21684340	21684546	1	3
2R	10093897	10095178	1	3
2L	236832	242408	-1	3
3R	7190797	7191132	1	3
3R	7191165	7191389	1	3
2L	15064490	15064884	-1	3
3R	19416389	19440703	1	3
3L	20930453	20935413	-1	3
2R	12607715	12607916	1	3
3L	12155383	12155446	1	3
3R	9737476	9737540	-1	3
2L	22163694	22164693	1	3
3L	21014969	21023397	-1	3
2R	15993703	15994028	-1	3
2R	10533969	10542905	-1	3
3R	24707217	24707273	1	3
2L	15252360	15253389	1	3
X	17668973	17669153	1	3
X	16080706	16080804	-1	3
X	6585786	6585848	-1	3
2L	6208913	6209056	1	3
X	10309666	10318447	-1	3
3R	19087198	19087405	-1	3
2L	17385896	17392820	1	3
X	8515609	8515719	1	3
3R	4737739	4739511	-1	3
X	6439293	6439971	-1	3
3R	13970630	13970952	-1	3
2R	5809863	5810570	1	3
2R	13814315	13814379	1	3
2R	7036409	7036466	1	3
X	143520	157475	1	3
3R	24104964	24105350	-1	3
X	18409210	18409884	-1	3
3R	13378785	13379003	-1	3
3L	15161373	15162500	-1	3
2L	4822138	4822881	1	3
2R	8930651	8930710	1	3
X	9855232	9855356	1	3
X	17648806	17648946	-1	3
3L	1632399	1636832	-1	3
X	4698643	4701841	1	3
2L	21706194	21707332	1	3
3R	27640857	27642727	-1	3
X	9158197	9158266	1	3
3R	27665376	27665429	1	3
2L	19970462	19970520	-1	3
2L	1010698	1013783	-1	3
X	17285763	17301485	-1	3
2L	6035223	6035278	-1	3
3R	15271991	15272051	-1	3
X	12475841	12475915	1	3
2L	9292180	9295209	1	3
X	10255591	10257724	-1	3
3R	1025615	1138730	1	3
3R	6385259	6385359	1	3
X	10357814	10358086	-1	3
3R	23983919	23984305	1	3
3L	19609710	19609766	-1	3
2R	20324225	20324293	1	3
3L	9150879	9157953	-1	3
X	576604	578183	1	3
X	9179208	9189109	1	3
3R	21306918	21307196	1	3
2L	2961673	2961739	1	3
2R	18496869	18497849	1	3
X	8138636	8139588	-1	3
2R	24531637	24532440	1	3
X	16504299	16505507	-1	3
3L	7933235	7935378	-1	3
3R	31177287	31177378	1	3
X	11290264	11293310	-1	3
2L	3494622	3495480	-1	3
3L	7652084	7654295	-1	3
2L	5984591	5985704	1	3
X	16448730	16449874	1	3
3R	21308418	21309808	1	3
3R	30436001	30436053	-1	3
2L	13384023	13384657	1	3
3L	11668313	11668432	-1	3
X	10629246	10630019	1	3
3R	8124766	8124823	1	3
3R	13685309	13686589	1	3
2L	21312044	21312098	1	3
X	15936249	15936319	-1	3
3R	20975255	20975922	1	3
2L	4994995	5004172	-1	3
3L	2942923	2943337	1	3
3L	9071902	9072488	-1	3
3R	7814676	7854701	1	3
2R	2083178	2233162	-1	3
2R	1866304	1866363	-1	3
2L	10258398	10258549	-1	3
X	8408779	8409403	-1	3
3R	22899505	22914963	1	3
2R	9372308	9372379	-1	3
X	1514793	1514857	1	3
X	10781322	10781852	-1	3
3R	26826697	26837719	1	3
2L	8111906	8115788	1	3
2L	1981833	1981886	1	3
3L	17015078	17015141	-1	3
3R	10760259	10760741	-1	3
3R	9475841	9486601	-1	3
2L	21382145	21390224	1	3
3R	9706827	9706892	-1	3
2L	5179407	5179731	1	3
3R	14616184	14616952	1	3
2L	1988484	1988724	1	3
2R	8126870	8126924	-1	3
2L	20422412	20422469	1	3
3L	22832927	22833298	-1	3
2R	2126284	2261829	-1	3
4	264430	264486	1	3
2R	9604612	9604670	1	3
2R	13202953	13203018	-1	3
3R	31936716	31937270	-1	3
2L	3183483	3184877	-1	3
2L	10486082	10486152	-1	3
3L	1336017	1337271	1	3
2R	4238463	4238523	-1	3
2R	8948292	8950747	-1	3
2R	14757551	14757606	-1	3
3R	31933996	31934997	-1	3
X	6852943	6864902	-1	3
2L	11166144	11175161	-1	3
3L	10182886	10185782	-1	3
2R	6038447	6038508	-1	3
3L	7680224	7680452	-1	3
3R	15705229	15705917	1	3
4	539589	545428	-1	3
3L	305539	305649	-1	3
X	3785814	3786144	1	3
3L	22269492	22269574	1	3
2R	13827367	13829640	1	3
3R	25647249	25647337	1	3
3R	10676037	10676094	-1	3
2R	953793	955163	1	3
3L	5425108	5429163	1	3
3L	9417815	9418344	-1	3
X	9666279	9667340	-1	3
2L	13215433	13215659	-1	3
2R	9994546	9995167	-1	3
X	4698663	4699622	1	3
3R	23983941	23984312	1	3
X	647638	647703	1	3
X	6532546	6533124	-1	3
X	6533162	6533230	-1	3
3R	29173995	29176546	-1	3
X	19630901	19630966	-1	3
3R	25126874	25126935	-1	3
3L	1575832	1576185	1	3
3R	20907154	20907933	1	3
3R	23983960	23984312	1	3
3R	25323502	25323562	-1	3
3R	14361627	14372547	-1	3
2L	16246061	16246719	-1	3
2R	5725039	5725218	-1	3
3L	10481783	10590628	1	3
3L	15098517	15110816	1	3
2R	10156595	10157891	-1	3
3L	4256500	4256560	1	3
2L	6648193	6648502	-1	3
2R	14038424	14038710	1	3
3L	10326795	10359807	1	3
X	4841191	4841692	1	3
2R	16864104	16864569	-1	3
3R	16513771	16550231	1	3
X	2713432	2713496	-1	3
X	16794626	16794883	1	3
3R	27935994	27936062	-1	3
2L	12142834	12145070	1	3
3R	8398115	8398562	-1	3
2L	2753661	2756008	-1	3
3L	27279540	27292882	1	3
3L	7358616	7358691	-1	3
X	12651418	12651479	1	3
X	16129016	16146864	-1	3
2L	11860507	11860577	-1	3
X	16458506	16462123	-1	3
X	6531064	6531887	-1	3
4	535881	537175	1	3
X	10244627	10249559	-1	3
2L	4852256	4852457	1	3
4	349425	349481	-1	3
2R	16016672	16016733	-1	3
4	33087	40584	-1	3
2L	5018758	5027037	-1	3
2R	21487846	21488019	-1	3
2R	24565985	24566041	1	3
3R	30577559	30578117	1	3
2R	9921221	9921360	-1	3
2R	2562806	2565119	-1	3
2R	12267640	12274509	1	3
2L	1034191	1042964	-1	3
3R	7886169	7886596	-1	3
3R	15935788	15957624	1	3
3L	1664022	1664532	-1	3
3R	20321637	20321702	1	3
2R	16097371	16097976	-1	3
3R	25268039	25268104	-1	3
3R	13637719	13638337	-1	3
2R	17701650	17701834	1	3
2L	1910150	1932056	1	3
4	281893	282436	-1	3
3L	24734635	24736717	1	3
3R	24854699	24854990	-1	3
2L	11210726	11211768	1	3
3L	10505779	10506070	1	3
3L	18819911	18820400	-1	3
3L	11606472	11606536	-1	3
3L	3237665	3237742	-1	3
3R	1861418	1938067	1	3
3L	6739922	6740305	-1	3
2R	19237064	19238152	1	3
3L	239186	239243	-1	3
3R	21309464	21309742	1	3
3L	11524546	11527275	-1	3
2R	24037341	24037395	-1	3
X	8575491	8583541	1	3
3R	10585475	10613440	-1	3
2R	15489350	15489547	-1	3
4	664341	664988	1	3
2R	21120046	21120454	1	3
2R	13841276	13841621	1	3
2L	18456430	18457709	-1	3
3L	20993858	20995074	-1	3
2L	13468077	13488134	1	3
3R	27418734	27418785	-1	3
3L	12852529	12852616	1	3
X	2632852	2632912	1	3
X	17073612	17075953	-1	3
2R	1072440	1075009	1	3
3L	22547939	22583003	-1	3
X	5719642	5721274	-1	3
3R	28889359	28889766	1	3
3R	24064704	24064941	-1	3
3L	8283615	8283773	-1	3
2R	22662864	22662934	1	3
2L	12222218	12311167	1	3
X	13167242	13167361	-1	3
3L	4136574	4136891	-1	3
2R	928291	928733	-1	3
4	618632	618693	1	3
3L	3056923	3056993	-1	3
3R	21309637	21309914	1	3
2L	6911853	6911949	-1	3
2R	15566566	15569179	-1	3
2L	11128734	11128807	1	3
X	16956424	16956496	-1	3
X	2706357	2706455	-1	3
3R	29173517	29176602	-1	3
X	12128609	12147368	1	3
X	95193	95436	1	3
2L	5985221	5985290	1	3
3L	9456681	9456766	-1	3
X	13383411	13383502	-1	3
3L	16095320	16095702	1	3
3R	4364507	4364566	1	3
X	5383647	5388242	1	3
3R	12980197	12980253	1	3
3R	21361611	21361670	1	3
3R	12950519	12956942	-1	3
3L	20315249	20315398	1	3
3R	11953539	11953804	1	3
X	8175236	8175302	-1	3
2L	5522283	5522349	-1	3
X	574717	577991	1	3
X	577612	578237	1	3
2L	10205138	10206907	-1	3
3R	23125196	23125262	-1	3
3L	19790333	19793495	-1	3
3R	4588238	4598469	-1	3
2R	24892072	24892284	1	3
3R	3469479	3584980	-1	3
3L	16070931	16071109	1	3
3L	7930764	7931755	-1	3
X	13986075	13986279	-1	3
2R	9522663	9524111	1	3
X	10255508	10260999	-1	3
X	16317835	16318062	-1	3
3R	11393102	11396058	1	3
3R	4737376	4737473	-1	3
3R	20579059	20579139	-1	3
2R	17472435	17472493	1	3
3L	9975358	10074288	1	3
2L	1012410	1012509	-1	3
X	17069942	17077019	-1	3
2L	10403829	10403891	-1	3
2L	9176767	9177122	1	3
2R	17428455	17429123	1	3
3L	9103252	9104322	-1	3
X	7995794	7999271	1	3
X	576619	578119	1	3
3R	29116773	29116845	1	3
X	12605819	12610118	1	3
3R	21104810	21104882	1	3
3R	9750092	9750148	1	3
X	10834172	10834229	-1	3
3R	30878582	30878692	-1	3
2R	12428843	12428910	-1	3
2R	14233130	14233188	-1	3
3R	23220644	23221842	-1	3
X	7652784	7652976	1	3
X	17070623	17070746	-1	3
X	11931932	11933556	-1	3
2R	14178597	14178665	1	3
2R	5088289	5088360	-1	3
2R	7365180	7368388	-1	3
3R	11819645	11820101	1	3
2R	10339502	10339566	-1	3
3L	13386539	13386601	-1	3
3R	20783291	20810503	1	3
2L	10621453	10622697	1	3
3R	29132690	29134445	1	3
2L	9549060	9556130	-1	3
3L	9151488	9151572	-1	3
2L	750927	752695	1	3
2R	14527992	14552912	1	3
X	11052336	11052448	-1	3
3L	18800839	18801121	-1	3
4	264671	264744	1	3
X	17642046	17642106	-1	3
3L	24079559	24110796	1	3
3L	21839832	21841026	-1	3
2L	5540301	5540972	-1	3
4	671661	680188	1	3
2L	10393973	10394573	-1	3
3L	19068621	19069691	-1	3
3R	18725325	18728783	1	3
4	189249	191309	-1	3
X	15872539	15875362	1	3
3L	3128876	3142996	-1	3
X	10238630	10254188	-1	3
X	17992814	18039085	-1	3
2R	11646320	11650815	-1	3
3R	5255617	5255682	-1	3
X	8552984	8553207	1	3
2R	15115689	15138102	1	3
3R	18729545	18729609	1	3
3R	24633371	24633433	1	3
3L	19598094	19598156	-1	3
3L	11121407	11121563	1	3
3R	13735624	13744784	1	3
X	15861999	15862551	1	3
3L	25237226	25303603	-1	3
3R	29173570	29173938	-1	3
3L	1573309	1573546	1	3
3L	2588611	2588683	1	3
2L	3758677	3758738	1	3
2L	9391585	9391699	1	3
2L	1652968	1653469	1	3
mitochondrion_genome	12922	13190	-1	3
3R	23983728	23984283	1	3
3L	19600790	19600910	1	3
2L	20343673	20343743	1	3
2R	14866076	14867484	-1	3
2R	7963394	7963452	1	3
4	1116457	1116515	-1	3
X	10629665	10630261	1	3
X	3376098	3385854	1	3
3R	9726176	9727990	-1	3
X	5839646	5840640	1	3
X	10781044	10781572	-1	3
2L	10396983	10398035	1	3
3R	12445119	12445978	1	3
X	17639761	17647373	-1	3
3R	16240398	16242834	1	3
2R	19418283	19418492	-1	3
3L	4258063	4258116	-1	3
2L	7184204	7184615	1	3
X	576820	578144	1	3
X	14971799	14986273	-1	3
3R	15142295	15142729	-1	3
2L	10275388	10275449	-1	3
3R	16978524	16978590	-1	3
X	1474511	1474675	-1	3
3R	29317970	29318069	-1	3
3L	2820657	2871828	-1	3
2L	6928206	6930025	1	3
2L	14196011	14196075	-1	3
3R	12366307	12367987	-1	3
2R	21652564	21654775	1	3
X	5086136	5089342	1	3
3R	22751367	22766611	1	3
X	15181334	15181411	1	3
3R	31579886	31579953	-1	3
2L	17827884	17843309	-1	3
3R	21306640	21307196	1	3
3L	6018208	6018413	1	3
3R	17973894	17973946	1	3
2L	10746079	10755904	-1	3
2L	1697484	1698486	1	3
X	18389670	18389732	-1	3
2L	15718772	15727563	-1	3
3R	28697401	28700335	1	3
3L	1945206	1945264	-1	3
2R	17516791	17516855	1	3
3L	3051788	3051973	1	3
2R	4458098	4458150	-1	3
X	19575970	19576039	-1	3
4	250244	251315	-1	3
2R	18751833	18751953	1	3
2L	8368976	8369949	1	3
X	1373927	1374395	1	3
3L	4540231	4540295	-1	3
2L	8083860	8089185	1	3
3L	18869647	18869719	1	3
3R	5578371	5578438	1	3
3L	19651712	19652148	-1	3
3L	21845248	21845338	1	3
3L	6943825	6944432	1	3
3L	1599243	1599733	1	3
4	1193622	1193708	-1	3
3R	22616224	22616278	1	3
2L	2756165	2756245	1	3
X	21382245	21382549	1	3
X	9173979	9186603	1	3
X	13193214	13193311	-1	3
X	9195222	9195551	-1	3
2L	6791324	6791518	-1	3
3L	4095123	4095200	-1	3
2R	7017376	7017435	1	3
3L	9337222	9337454	1	3
X	4930066	4936013	-1	3
3L	1573621	1573680	1	3
X	10791321	10791795	-1	3
X	21431727	21431961	-1	3
3L	21530049	21530649	-1	3
X	18407886	18408518	-1	3
3R	18217593	18217652	1	3
2R	10557970	10558193	1	3
X	5165594	5174706	1	3
3R	24196494	24196555	1	3
4	1230119	1230421	-1	3
3R	9541167	9541229	-1	3
X	6801294	6801361	1	3
2R	16531612	16531794	1	3
4	305179	305361	-1	3
3L	9869323	9869446	1	3
2R	7957716	7957769	1	3
3L	6101312	6103625	1	3
X	11369810	11373817	1	3
3L	3321723	3322338	1	3
3L	13238715	13251154	1	3
X	7092123	7098001	-1	3
3R	11336513	11338884	1	3
3R	21805244	21808527	-1	3
2R	23358972	23359032	1	3
3R	23983322	23984369	1	3
X	5627807	5628299	-1	3
3L	17061861	17063589	-1	3
3R	4301146	4301238	1	3
2R	21632885	21632944	-1	3
3R	4226692	4226751	1	3
2L	9521496	9523163	1	3
3R	21972641	21975155	1	3
3R	29861935	29862199	1	3
3R	22446087	22446139	-1	3
2L	21124374	21124443	1	3
3L	1626960	1627908	-1	3
2R	10024203	10025850	-1	3
3R	18192640	18199257	-1	3
2R	14276429	14277188	1	3
2R	6708635	6708719	1	3
2L	1010056	1011559	-1	3
3L	16350774	16350833	-1	3
3R	16275110	16304592	1	3
X	17966587	17966682	-1	3
2R	8904041	8904558	1	3
3R	16434053	16434555	1	3
2L	10438443	10438591	1	3
3R	17967069	18013459	1	3
3R	16341599	16341728	-1	3
2L	18122231	18123349	1	3
2L	2095178	2109525	-1	3
2L	14040195	14041321	1	3
X	16463398	16528099	-1	3
3R	20895028	20895627	-1	3
3L	12235635	12236083	-1	3
3R	5757269	5757339	-1	3
3R	13373298	13373714	-1	3
3R	28616169	28634376	-1	3
X	54607	63395	1	3
X	11979156	11979625	-1	3
2R	1076762	1076816	1	3
3R	20586371	20586493	-1	3
2L	9935570	9937238	-1	3
2R	24523946	24525911	-1	3
3R	24487286	24487423	1	3
X	13590114	13590471	1	3
2R	9503846	9505004	1	3
3L	11066275	11066361	1	3
3R	10584908	10638993	-1	3
3R	20254739	20254959	1	3
3L	19064596	19064845	1	3
3R	28462200	28463715	1	3
2L	215677	215773	-1	3
3R	5151627	5153523	1	3
2R	7467827	7468422	-1	3
3R	31217178	31217740	1	3
3R	19415761	19457899	1	3
X	576614	577969	1	3
3L	10328544	10328828	1	3
3L	7930746	7931232	-1	3
2R	15936584	15938115	-1	3
4	1115202	1118658	-1	3
2L	15266527	15266596	-1	3
2L	10842274	10842381	-1	3
X	15351959	15352334	-1	3
3R	5593557	5594500	1	3
3R	11371382	11396163	1	3
3L	7814445	7815293	-1	3
X	22433067	22433129	-1	3
2L	1836653	1837191	1	3
2R	12624087	12624149	1	3
3L	9965003	9966449	1	3
3R	24398747	24400735	-1	3
3L	9178780	9182047	-1	3
3L	8117699	8121415	1	3
3L	13859436	13859492	1	3
2L	560306	560370	1	3
2R	9309900	9319400	-1	3
3L	20496394	20496956	1	3
2L	3989801	3991634	-1	3
3L	10037472	10040856	1	3
3R	28985356	28985412	-1	3
4	137753	137807	1	3
X	19275340	19275400	-1	3
3L	11722419	11722472	1	3
3R	31813541	31817819	1	3
2L	20564954	20566357	1	3
2R	9351174	9351542	-1	3
2L	9798306	9806444	-1	3
3L	5658291	5659520	1	3
2L	21176606	21176671	-1	3
X	5165594	5174754	1	3
3L	6026056	6026133	1	3
2R	7515583	7515643	-1	3
3L	23095306	23095426	-1	3
3L	4552847	4552920	1	3
X	21601275	21601344	-1	3
3L	16040066	16050458	-1	3
3L	20242668	20242785	1	3
2L	5796143	5799118	-1	3
3R	20974034	20975890	1	3
2L	22020091	22020688	1	3
2R	16759443	16759510	-1	3
3R	31959128	31969756	-1	3
2L	15191066	15199521	-1	3
3L	7656204	7663259	-1	3
3R	27580326	27581010	-1	3
2R	5210875	5212329	-1	3
3R	19218032	19218159	1	3
3R	22959724	22959895	1	3
X	3340192	3343563	1	3
3L	6112250	6112371	1	3
X	23282588	23432318	-1	3
3L	9415051	9426712	-1	3
2L	19736581	19736634	1	3
3L	15093325	15094248	-1	3
3L	13522161	13523739	-1	3
X	10255587	10257668	-1	3
2R	23389419	23389481	-1	3
2L	831084	831177	1	3
4	1015594	1019433	-1	3
2R	8731964	8732160	-1	3
3R	21308418	21309531	1	3
3L	4074258	4075122	-1	3
X	18133372	18133711	-1	3
2R	9536940	9537013	1	3
X	12947249	12948508	1	3
X	5684103	5684174	1	3
X	6807438	6807496	1	3
X	1786184	1787981	1	3
3L	6551950	6562322	1	3
2R	9441135	9441192	-1	3
2L	2095178	2109666	-1	3
3L	20351029	20351094	1	3
2R	20726212	20734170	1	3
3L	5255011	5271340	-1	3
3L	16052151	16053012	1	3
X	15114108	15114698	-1	3
3L	10826315	10828453	1	3
2L	12540901	12546410	-1	3
3L	20023640	20023953	1	3
3L	23150205	23150264	1	3
2L	1010629	1011388	-1	3
2L	14093076	14093178	1	3
3R	10643590	10643768	1	3
3L	17066826	17067147	-1	3
3R	19413061	19415633	1	3
2R	10071288	10075239	-1	3
2R	17792141	17792204	1	3
2R	1522150	1522276	-1	3
3L	12845669	12845734	-1	3
2L	10178086	10179437	-1	3
2R	9510655	9510832	1	3
2R	16641697	16641992	1	3
3L	7979641	8050035	1	3
3R	23983935	23984388	1	3
2R	9841350	9841403	-1	3
2R	11443113	11444567	1	3
3L	21824226	21824381	1	3
X	3256318	3258614	1	3
3L	20848515	20851413	-1	3
3R	22545784	22546712	-1	3
2L	16905390	16905491	1	3
3L	21573134	21573190	1	3
3R	27243945	27245017	-1	3
4	108373	108427	1	3
2L	5176491	5177139	1	3
2R	19178873	19179377	1	3
3R	7130363	7130417	1	3
2R	14602264	14603224	-1	3
2R	6160259	6168313	-1	3
2L	7413309	7413382	1	3
2R	22758932	22759051	-1	3
3L	21907628	21927909	1	3
3L	12138246	12138317	-1	3
2L	21382083	21390258	1	3
2R	18145489	18146004	1	3
3R	26044627	26045469	1	3
2R	9477138	9477219	1	3
2R	16325428	16336490	-1	3
X	8293812	8295212	1	3
3R	25604170	25606694	1	3
2R	13207350	13207406	1	3
2L	21263413	21263648	1	3
4	446748	446821	1	3
X	13746849	13754830	-1	3
3R	24576519	24577177	-1	3
X	16069498	16069564	1	3
X	5170908	5171333	1	3
3R	18248566	18250211	1	3
3R	19142019	19142088	-1	3
X	134761	136055	1	3
X	136076	136635	1	3
2L	9745569	9746185	-1	3
3L	8939014	8939091	-1	3
2R	23966375	23966585	1	3
3R	28601196	28602772	1	3
X	20604900	20623073	-1	3
2R	24671040	24671098	1	3
2R	24514871	24515231	-1	3
3L	3715086	3745969	-1	3
4	692844	693381	-1	3
2L	9870270	9877940	-1	3
2L	10816234	10816963	-1	3
2L	743624	744196	-1	3
2R	19486541	19486593	-1	3
2R	19164443	19165164	1	3
3L	9048957	9049152	-1	3
2R	7025142	7027827	1	3
2L	7864772	7865175	-1	3
3R	23983941	23984265	1	3
2L	20149606	20149672	-1	3
3L	18641842	18652909	1	3
X	21061920	21062348	1	2
2L	19031045	19033315	-1	2
X	16514185	16521623	-1	2
2L	1651412	1652775	1	2
3L	22833128	22833358	-1	2
3L	22295681	22303114	-1	2
2L	21678205	21679039	-1	2
X	3689639	3692953	1	2
3L	11497219	11498755	1	2
3R	28026871	28030499	1	2
2L	12694249	12694304	-1	2
3L	7035835	7038120	1	2
3L	18800393	18800971	-1	2
X	1442653	1442734	1	2
3L	12771310	12771372	-1	2
3R	4298586	4302526	1	2
3R	11215611	11215693	-1	2
2L	192595	193111	1	2
X	15322383	15322585	1	2
3L	5170441	5201065	-1	2
2R	13954645	13954917	1	2
X	5902287	5904567	1	2
3R	20253854	20287949	1	2
3R	24820533	24820709	1	2
3R	16998899	16999254	1	2
3L	6112422	6114294	1	2
4	948173	948307	1	2
2R	13748866	13749131	1	2
3R	21308116	21308394	1	2
2R	10293762	10293861	1	2
X	575831	577991	1	2
2L	9717764	9717870	-1	2
2R	9540069	9541530	1	2
3R	18947348	18977424	1	2
X	2349614	2365906	-1	2
3R	23983899	23984355	1	2
2R	19467939	19468790	1	2
3L	4431971	4433043	1	2
X	15345764	15346098	1	2
3L	20001297	20001361	1	2
3R	15135379	15135499	-1	2
3R	23253270	23253325	1	2
3R	13643104	13643169	-1	2
2L	10340239	10341226	1	2
2L	1648105	1648188	-1	2
2R	19174784	19174882	1	2
2R	21278826	21278983	1	2
3L	250820	250877	-1	2
3L	18115280	18115344	1	2
2R	8903204	8904643	1	2
X	19697109	19698848	1	2
2R	11447648	11451418	1	2
X	17868170	17868982	-1	2
2R	23190926	23190994	-1	2
3L	13798156	13798217	-1	2
X	6232113	6234284	1	2
X	17992814	17993414	-1	2
3R	10707787	10707858	-1	2
2R	12627727	12627787	1	2
3R	4295701	4302526	1	2
4	944602	946225	1	2
2R	8959634	8959690	1	2
3R	20826344	20827980	-1	2
4	464587	466519	-1	2
3L	16791525	16791581	-1	2
3R	23986716	23987032	1	2
X	12807006	12807077	-1	2
3L	9178113	9181569	-1	2
2L	16168649	16169518	1	2
3L	13798382	13803004	-1	2
X	3784442	3784528	1	2
3L	3373870	3374133	-1	2
3R	18977456	18977517	1	2
X	9183310	9189266	1	2
3R	18012105	18013260	1	2
2L	95588	95910	1	2
3L	269427	270030	1	2
3R	7977069	7977562	-1	2
3R	31154198	31154329	1	2
3L	343653	343955	-1	2
3R	30517750	30518213	-1	2
2L	6570800	6571030	-1	2
3L	25669952	25670721	-1	2
3L	19999451	19999572	1	2
2R	4672220	4672278	1	2
3R	15799037	15799146	1	2
3L	25885742	25896411	-1	2
X	6252564	6252628	-1	2
3R	26195619	26229657	1	2
3R	12222541	12223940	1	2
3R	20029039	20029200	1	2
2L	6680284	6680346	1	2
3L	11650794	11675211	-1	2
3L	3924532	3924680	-1	2
X	17934522	17937456	-1	2
3L	2872360	2872675	-1	2
X	9472661	9499886	-1	2
3R	28083348	28085543	1	2
2L	21380362	21381899	1	2
3L	11524440	11524582	-1	2
3R	31776197	31776249	-1	2
3L	13629565	13629621	-1	2
3R	11970975	11971031	1	2
X	572071	577991	1	2
3R	31935776	31936658	-1	2
X	19866243	19866793	1	2
2L	10376554	10376766	1	2
3L	8307733	8307794	-1	2
2R	23965539	23966619	1	2
mitochondrion_genome	13009	13227	-1	2
2R	10855935	10856124	-1	2
3L	27279540	27331994	1	2
2L	9684267	9698117	-1	2
3L	5272555	5272608	-1	2
X	8174215	8174547	-1	2
2L	21380322	21390159	1	2
3L	1573002	1575427	1	2
3R	30019118	30019182	-1	2
2L	10257123	10257395	-1	2
3R	27270374	27271143	-1	2
2R	7981123	7981184	-1	2
3R	31390662	31391229	1	2
4	224440	225762	1	2
2L	8713020	8713084	-1	2
2L	13370555	13370609	-1	2
X	9355176	9356001	-1	2
2R	24949867	24949924	1	2
3L	20374844	20374899	-1	2
2L	11810302	11810507	-1	2
2L	19600932	19610863	1	2
X	9165915	9188307	1	2
X	576625	578923	1	2
2L	10201843	10201949	1	2
3R	13680013	13680072	-1	2
3R	29104046	29104150	1	2
X	15886265	15887013	-1	2
2L	4122584	4122709	1	2
3R	8474437	8476835	-1	2
2R	9396509	9398172	-1	2
3L	21612510	21612613	1	2
3R	18976915	18977298	1	2
2R	17022550	17022603	1	2
3R	15957775	15960192	1	2
2R	9969855	9969919	1	2
X	3632244	3645304	-1	2
3R	4366741	4376617	1	2
2L	19512984	19513044	-1	2
3R	5596003	5596053	-1	2
3R	27924295	27924662	1	2
2L	16168788	16169362	1	2
3R	22020038	22020104	-1	2
2R	6160201	6168165	-1	2
3L	18107428	18107483	1	2
2R	8905209	8906530	-1	2
3R	18921320	18925078	1	2
3R	27917803	27917894	1	2
X	7003014	7003268	1	2
2R	13443129	13444428	-1	2
2L	9537743	9537805	1	2
2L	21704706	21710271	1	2
2R	22408724	22408783	1	2
X	17009264	17012862	-1	2
3R	9157710	9234386	-1	2
X	4323156	4332796	-1	2
2L	5268748	5268800	1	2
3L	1248166	1250158	1	2
2R	24194935	24195001	1	2
2L	2772594	2780863	-1	2
2R	6626547	6627450	-1	2
3R	4402748	4402808	-1	2
3R	31979620	32014360	-1	2
3L	8433469	8438333	-1	2
4	1234936	1241334	1	2
3R	13662405	13662955	1	2
X	12652665	12652739	1	2
3R	7068090	7068708	1	2
X	13860805	13985847	-1	2
3R	13744562	13750841	1	2
2L	4883588	4883646	1	2
2R	20623718	20623775	1	2
3L	13868351	13869220	-1	2
2R	15429477	15429903	1	2
2R	9469915	9470029	1	2
3R	21309432	21309710	1	2
X	6852943	6866806	-1	2
2R	14276407	14278890	1	2
2R	21606618	21606681	-1	2
2L	16737081	16737142	-1	2
3R	5580511	5580573	-1	2
3R	19459568	19460140	1	2
2L	9292008	9295492	1	2
2R	14237702	14237757	-1	2
X	19342041	19342282	-1	2
2R	10339666	10340123	-1	2
X	17878517	17886404	1	2
2R	13451876	13451928	1	2
3L	1573765	1574988	1	2
3R	11678597	11679071	-1	2
2R	16044454	16046970	1	2
X	5238007	5238117	1	2
3R	18248376	18250242	1	2
2R	6214752	6219733	1	2
3R	21186869	21189256	1	2
2L	21171829	21171895	1	2
3R	5579540	5581820	-1	2
2R	12275130	12275315	1	2
X	6789052	6803107	-1	2
2R	15156216	15163886	1	2
2R	12273980	12275438	1	2
2L	21146886	21146940	-1	2
2L	16743571	16743760	-1	2
2R	21183798	21184067	1	2
X	502993	504386	1	2
3R	31226250	31226366	1	2
3R	22463287	22463343	1	2
2R	1013992	1022264	-1	2
3L	16589531	16589649	1	2
2R	24961748	24964572	-1	2
2R	5708380	5708611	-1	2
Y	124396	132482	1	2
4	1192771	1192956	-1	2
X	18813400	18813612	1	2
2L	18977197	18977263	1	2
X	6243096	6243154	-1	2
2L	20312415	20322010	1	2
2L	13000945	13001197	-1	2
3R	21272094	21272155	-1	2
X	13746694	13746766	-1	2
2R	16950481	16950541	-1	2
2L	9764840	9765024	1	2
4	446487	446821	1	2
3L	8850710	8855130	1	2
2R	23878583	23880669	1	2
X	5251483	5252777	1	2
3R	10784924	10785403	1	2
X	15860323	15861152	1	2
2R	9780257	9806459	-1	2
3R	20752376	20753515	1	2
2R	8964006	8964359	-1	2
2R	14114297	14139533	-1	2
2R	7527977	7532753	-1	2
X	18039678	18040202	-1	2
X	2676221	2676408	1	2
3R	18975171	18975458	1	2
3L	20850407	20850859	-1	2
3R	24219776	24219965	-1	2
2L	11988330	11988384	1	2
3R	10582476	10584601	-1	2
3L	3088419	3090246	1	2
3L	21059072	21064026	1	2
3R	19440832	19454067	1	2
X	3938060	3938118	-1	2
3R	26230025	26230323	1	2
3R	18900706	18900760	1	2
3R	31935356	31935666	-1	2
3R	14082186	14086976	1	2
2R	19530697	19600898	-1	2
2L	1012702	1013386	-1	2
X	4483659	4483773	1	2
3R	18908565	18909870	1	2
3R	15055079	15055908	-1	2
2R	22216186	22216246	1	2
2L	2141723	2141785	-1	2
3R	13759784	13759844	1	2
2L	6929090	6931053	1	2
3L	9135128	9135605	1	2
3R	23268295	23268384	-1	2
2R	15679598	15679977	-1	2
2R	24770455	24771264	-1	2
3R	5591813	5593152	1	2
3R	21372578	21372698	-1	2
2R	16622575	16622658	1	2
2L	7386183	7386424	-1	2
X	9182018	9189125	1	2
3L	12205892	12205944	-1	2
2R	24879939	24880977	1	2
X	10762435	10764170	-1	2
3R	10324197	10324286	-1	2
3R	7119049	7119462	-1	2
2L	13383665	13383737	1	2
2R	13422726	13423914	-1	2
2L	12064720	12065270	-1	2
3L	2672894	2673065	-1	2
X	3674095	3726691	1	2
3R	20974074	20974512	1	2
3R	29041163	29046339	1	2
3R	19155258	19156313	-1	2
3R	10863284	10864637	1	2
2L	10386788	10386862	1	2
2L	9291802	9295343	1	2
2R	6084008	6084508	-1	2
2L	6755660	6755861	1	2
3L	8967736	8967795	1	2
2L	18127870	18127945	1	2
2L	22550489	22550548	1	2
2R	21713569	21714803	1	2
2L	15091035	15091099	1	2
3L	25961541	25969230	-1	2
4	1130184	1130372	1	2
X	136734	137256	1	2
X	20443582	20447581	-1	2
3R	18908451	18908506	1	2
3L	12046382	12055194	-1	2
3R	13012173	13015108	1	2
2L	21121236	21121582	1	2
3R	6003912	6004017	-1	2
X	8294250	8294398	1	2
2R	7010046	7010103	1	2
2R	9992697	9992763	1	2
X	11699407	11703290	1	2
3R	23983741	23984428	1	2
3R	760262	782335	1	2
3R	5270237	5272992	-1	2
3R	8865300	8881264	-1	2
X	15860251	15861152	1	2
2R	1395193	1395468	-1	2
3R	24552657	24553234	1	2
3L	23033061	23033160	1	2
2R	16025135	16025191	-1	2
3R	21299806	21300362	1	2
2R	14276527	14277188	1	2
3L	1499808	1501387	-1	2
2R	20264111	20264247	1	2
X	12732401	12732654	-1	2
X	15929217	15932887	-1	2
3L	24079559	24085562	1	2
3L	19551072	19551128	-1	2
3L	269377	270167	1	2
2L	5176815	5177139	1	2
3L	5747483	5749215	1	2
2L	18445720	18446421	-1	2
X	20062513	20062587	-1	2
3R	11049802	11049971	1	2
3R	31598953	31609340	-1	2
2R	24575824	24575877	1	2
X	11369842	11373817	1	2
3R	16070037	16070098	-1	2
3R	29928122	29928181	1	2
3R	27406628	27409382	-1	2
3R	25611450	25611522	-1	2
X	12943757	12944293	1	2
3L	11097873	11098000	-1	2
2L	3531200	3531254	1	2
X	8277253	8282396	-1	2
3R	28468798	28468963	1	2
mitochondrion_genome	2878	10771	1	2
2L	8369031	8369716	-1	2
3L	7269555	7269678	-1	2
2R	18441368	18445344	1	2
3L	21641363	21641974	1	2
3L	3899544	3901595	-1	2
2R	21698137	21698270	-1	2
3R	23514245	23518658	-1	2
X	13034344	13046904	1	2
X	19515645	19515913	1	2
X	16301918	16302907	1	2
2L	14600876	14601132	-1	2
2R	25087735	25091592	-1	2
3R	17875522	17908830	-1	2
2R	10853810	10853892	-1	2
3L	4195165	4195299	1	2
3R	23847297	23847353	1	2
3R	15957182	15957311	1	2
X	12655711	12656935	1	2
4	132163	133186	1	2
3L	1317786	1317849	1	2
X	5744700	5747084	-1	2
2R	15380882	15381413	1	2
2L	9291838	9293169	1	2
3R	21217712	21217771	-1	2
3R	10584908	10639003	-1	2
2L	9055413	9059471	-1	2
3R	15960961	15961212	1	2
X	10908270	10921964	1	2
2R	2735896	2892005	1	2
3L	1638257	1638569	-1	2
3R	21308142	21308420	1	2
2L	19077344	19078730	-1	2
3R	29317512	29317836	1	2
3L	23002444	23007328	1	2
X	17667233	17667301	1	2
X	13360853	13361574	1	2
2L	9291859	9295541	1	2
X	18025964	18026032	1	2
3R	15954256	15954583	1	2
2R	10445625	10448199	1	2
2R	14859200	14859256	-1	2
3R	28812155	28812395	1	2
3R	11371383	11396163	1	2
2R	12274039	12278623	1	2
2L	291032	291607	-1	2
3L	16959217	16959285	1	2
3L	5748540	5749580	1	2
2L	8826070	8829526	1	2
2L	8713371	8740385	-1	2
X	8277540	8365776	-1	2
X	8072065	8072129	-1	2
2L	22168644	22168888	-1	2
4	1145317	1146470	-1	2
3L	8508236	8508333	-1	2
3L	17400542	17400894	-1	2
X	10309666	10318474	-1	2
2L	5173413	5173737	1	2
2R	24891945	24892266	1	2
X	16527971	16533059	-1	2
X	22996121	22996201	-1	2
3L	23331016	23334364	-1	2
X	16073142	16073403	-1	2
2L	5159222	5161129	1	2
2L	2143850	2143920	-1	2
X	10255591	10261271	-1	2
3R	5294235	5294306	1	2
X	16469074	16495836	-1	2
2R	10837172	10837254	-1	2
3L	20847512	20847565	-1	2
X	16439287	16439597	-1	2
3R	17909501	17915010	-1	2
3R	11239825	11239896	1	2
3R	30390368	30419760	1	2
3L	3907965	3908100	-1	2
3R	25349536	25397530	-1	2
3L	21931216	21932465	1	2
3R	26209527	26210113	1	2
X	19344151	19347638	1	2
2R	348501	438894	1	2
X	2741497	2741589	-1	2
3R	10760543	10760604	-1	2
3R	19619381	19632334	-1	2
2R	3939238	3942130	-1	2
3R	20962111	20974068	1	2
X	5389131	5389513	1	2
X	18586798	18586863	-1	2
X	10814094	10821319	-1	2
2L	6930768	6931029	1	2
3L	9123911	9125172	-1	2
3L	4125061	4125136	-1	2
2R	18283245	18283331	-1	2
3R	20838262	20838325	1	2
2R	18821274	18821493	1	2
X	19262186	19306696	1	2
X	15885944	15886001	-1	2
X	17009264	17012861	-1	2
3L	16854526	16856297	-1	2
2L	21312007	21319168	1	2
3L	8281808	8282314	1	2
3R	20838888	20839058	1	2
X	16284762	16285022	1	2
2R	12199372	12199434	-1	2
3L	3054481	3054540	1	2
2R	17666160	17666222	1	2
X	15343391	15343457	-1	2
4	634125	634177	1	2
X	5082240	5082882	-1	2
2R	21669694	21669755	-1	2
3L	4379597	4380309	-1	2
3R	9748196	9750600	1	2
3R	6383261	6384981	1	2
2L	14222082	14233579	-1	2
3R	10613586	10613724	-1	2
X	9166402	9176935	1	2
X	15795102	15796002	-1	2
X	11622419	11623753	1	2
4	1290933	1291060	1	2
Y	2984116	3154820	-1	2
X	9182102	9183195	1	2
2R	23714900	23722210	-1	2
3L	21623549	21623691	-1	2
2R	23523510	23523599	-1	2
2L	7051646	7051760	1	2
3L	10881113	10881668	-1	2
2R	21684191	21684253	1	2
3L	3817081	3817437	1	2
2L	12094112	12094178	-1	2
2L	12540901	12546581	-1	2
X	12569895	12572152	-1	2
3R	21310646	21314095	1	2
2L	11280759	11280821	1	2
2R	23700241	23700298	-1	2
2L	19896344	19901933	1	2
3R	20861309	20861391	-1	2
X	576637	578843	1	2
2R	1591018	1593915	1	2
3R	18515061	18515291	-1	2
2R	17424760	17424819	1	2
3R	10363736	10363946	-1	2
2R	18437613	18437940	-1	2
X	14274011	14276613	1	2
2L	3624374	3624440	-1	2
X	13338720	13339167	1	2
X	5365914	5376048	1	2
3R	23983794	23984236	1	2
3L	6546353	6547249	1	2
2R	23932815	23933259	-1	2
3R	18274890	18282110	1	2
2R	19142355	19151905	1	2
X	14833734	14835645	1	2
2R	9637263	9638002	-1	2
X	14322940	14324673	1	2
3L	18061298	18061411	-1	2
4	634345	634410	1	2
3L	3764712	3765312	-1	2
3L	3466140	3466201	-1	2
3R	23983696	23984359	1	2
2R	14764000	14764060	-1	2
2L	8107881	8110481	-1	2
2R	22800332	22801654	1	2
3R	17320247	17365959	-1	2
X	15947710	15948040	-1	2
2R	22686129	22686394	-1	2
2R	24604939	24604994	-1	2
3R	21949746	22008850	1	2
X	2589191	2598963	1	2
3L	9141844	9143298	1	2
3L	9143324	9143527	1	2
2L	10994022	10995844	1	2
3R	27128578	27128639	-1	2
3L	269610	270237	1	2
X	3256198	3258611	1	2
3R	21297098	21297810	1	2
2R	4728125	4728215	-1	2
X	5838125	5840713	1	2
2L	5178111	5179731	1	2
2R	6685162	6685271	-1	2
2L	13967695	13967747	-1	2
3R	416852	525337	-1	2
2L	5951998	5952056	1	2
3L	21839832	21841231	-1	2
2R	16219364	16220148	-1	2
X	13858239	13863506	-1	2
2R	11967457	11967514	-1	2
X	11794895	11801251	1	2
X	8768943	8787610	-1	2
3R	22515398	22517105	1	2
3R	8817720	8819168	-1	2
3R	10534007	10548607	-1	2
4	253461	258312	1	2
3R	7249245	7249305	1	2
3R	20975066	20975246	1	2
2R	3122085	3190636	1	2
2R	3182520	3245497	1	2
3L	8433202	8441347	-1	2
3R	23767871	23768079	1	2
3R	9418001	9419494	1	2
2L	18476335	18476394	-1	2
X	16373358	16374926	1	2
2L	1012364	1012543	-1	2
3R	9327313	9328442	-1	2
3L	12565040	12571539	-1	2
3L	2277873	2307247	-1	2
3L	9105325	9106345	-1	2
3R	17872814	17882492	-1	2
2L	3806124	3810592	1	2
X	12659549	12660534	1	2
X	9167606	9187808	1	2
3R	19095595	19095916	1	2
2R	16144714	16144773	1	2
X	14322916	14348162	1	2
X	13077765	13077914	1	2
2L	16306321	16306515	-1	2
4	460102	464704	-1	2
3R	11219292	11219352	-1	2
3L	2942280	2943446	1	2
3L	19913421	19913479	1	2
3R	21306991	21308381	1	2
3R	5738489	5738595	-1	2
X	16771696	16779851	-1	2
2L	20055944	20056115	1	2
3L	13522267	13535687	-1	2
2L	20917121	20918799	-1	2
2R	8902983	8904650	1	2
2R	14946604	14947179	-1	2
3R	19756122	19756976	1	2
3R	10320831	10321465	-1	2
3L	14985133	14987582	1	2
3R	9445896	9447748	1	2
2R	21023126	21024619	1	2
3L	21761266	21769918	-1	2
3R	9407062	9407122	1	2
X	5167106	5174589	1	2
3R	23983928	23984305	1	2
2L	9825753	9869532	-1	2
3L	1631767	1632166	-1	2
2L	4909255	4909315	-1	2
X	12517175	12523567	-1	2
3L	9728617	9728715	1	2
2R	15457438	15458587	1	2
2L	8667255	8669189	1	2
2L	7405294	7408917	-1	2
X	9175389	9188321	1	2
2L	20737447	20737515	1	2
2R	16325398	16325691	-1	2
2L	14525655	14525716	1	2
2R	2753891	2753983	1	2
2R	4322628	4458302	-1	2
3R	30011608	30011669	-1	2
4	610897	611285	1	2
2L	6726719	6727194	1	2
3R	24255225	24255285	-1	2
2R	10469707	10472564	-1	2
3L	17236161	17237832	-1	2
2R	19456459	19456878	1	2
2R	16615306	16616904	1	2
3R	24519046	24520429	1	2
3L	22869775	22869842	-1	2
2R	8948942	8950706	-1	2
2R	20902294	20902786	-1	2
3R	7603986	7605111	-1	2
2L	11199795	11203321	-1	2
3R	23233443	23233501	-1	2
4	1131959	1132085	1	2
2L	13287314	13287374	1	2
2L	4822206	4822665	1	2
2R	10275848	10279299	1	2
2R	8955424	8963262	-1	2
2R	22880219	22880478	1	2
2R	13580544	13580836	-1	2
3R	5468630	5468689	1	2
3R	19488392	19493965	1	2
3R	31055556	31055622	-1	2
X	21338291	21338534	-1	2
3R	9487204	9493634	-1	2
3R	30278802	30372130	1	2
3L	1305715	1306438	-1	2
2R	13808860	13808951	1	2
2L	7990328	7990394	1	2
3L	3193608	3193820	1	2
2R	1429729	1436223	-1	2
X	10463101	10474616	-1	2
X	577043	577913	1	2
2R	24212608	24212694	-1	2
2R	8100476	8100534	1	2
2R	10204269	10234476	-1	2
3R	24941782	24941867	-1	2
3R	17811805	17821894	1	2
2L	16891738	16891793	1	2
X	9174749	9186603	1	2
3L	2831528	2851559	-1	2
2R	2938884	2948716	1	2
2R	23926501	23926561	1	2
3R	26256975	26257295	-1	2
2R	21168184	21168432	1	2
2R	24608979	24609090	1	2
2R	23077036	23077091	-1	2
3R	5760962	5761636	-1	2
2L	20749389	20749528	1	2
4	874454	875203	-1	2
3R	11393567	11403673	1	2
X	517827	518294	-1	2
3R	11404594	11404660	1	2
2L	2886579	2945030	1	2
2R	8731613	8731681	-1	2
3R	23983935	23984386	1	2
3R	13641312	13642278	-1	2
2L	16662817	16662940	1	2
3L	3319906	3320515	1	2
4	446724	453181	1	2
3L	8241632	8248558	1	2
3L	19928909	19930815	1	2
3R	24104955	24105408	-1	2
2L	22128607	22128709	-1	2
3R	15412841	15416214	1	2
X	17953347	17993414	-1	2
3R	6376052	6376108	-1	2
3L	5929768	5930005	1	2
2R	5860485	5860682	1	2
2R	24939218	24939271	1	2
3L	23278463	23283733	1	2
3L	2896788	2897244	1	2
3L	5659544	5749006	1	2
2L	10271101	10271354	1	2
X	17161192	17175347	1	2
X	7419934	7419992	1	2
2L	21311857	21319306	1	2
2R	17352316	17361980	1	2
3L	9785878	9786041	1	2
3R	13657447	13657997	-1	2
2R	13415616	13416575	-1	2
3L	14130160	14130673	-1	2
X	12686911	12731583	-1	2
2L	16248769	16248831	-1	2
2L	8826389	8829536	1	2
3L	19543127	19543200	1	2
2L	19946703	19950407	1	2
X	6285368	6285432	-1	2
3R	18681337	18682347	1	2
3L	15893962	15898599	-1	2
2R	5609490	5610064	1	2
2L	1697192	1698488	1	2
2L	10357436	10357492	1	2
mitochondrion_genome	4289	4621	1	2
3L	352569	352630	1	2
2R	11210630	11210698	1	2
3R	19459957	19460166	1	2
3R	31866437	31873834	-1	2
3L	22301953	22302795	-1	2
2L	21390110	21390178	1	2
2R	19427322	19427378	1	2
X	10203655	10204377	-1	2
2L	8340311	8340864	-1	2
2L	6646948	6647708	-1	2
2L	7827868	7832454	1	2
3R	24709006	24710833	1	2
2L	9292327	9295202	1	2
3R	24327138	24327189	1	2
3L	22865973	22867400	1	2
X	1372896	1373852	1	2
X	6368834	6370802	1	2
3L	15586601	15587005	-1	2
X	11817304	11831185	1	2
3R	15960897	15961213	1	2
X	5401152	5403735	1	2
4	1277108	1278672	1	2
3L	10638495	10638566	1	2
2R	17561160	17561478	1	2
3R	19095648	19095842	1	2
2L	8656507	8660282	1	2
3R	12446553	12446604	-1	2
3R	17147352	17147415	-1	2
4	1250884	1253673	1	2
3L	1661166	1661414	-1	2
X	18886365	18887492	1	2
2R	955253	955493	1	2
4	1279484	1279539	1	2
3L	4580160	4583612	1	2
3R	8667426	8667676	1	2
X	15178763	15188054	1	2
3L	8191479	8193190	1	2
3L	7267642	7267817	-1	2
3L	7404281	7404864	-1	2
3R	9707041	9707107	-1	2
X	12786073	12789615	-1	2
3L	12825165	12825554	-1	2
3L	10182541	10185925	-1	2
3R	8817720	8819169	-1	2
2R	9075955	9076036	1	2
3R	4284407	4288072	1	2
3L	1632414	1636983	-1	2
X	15138914	15138979	1	2
3L	1308332	1311641	1	2
3L	3194727	3194967	1	2
3L	17400545	17400898	-1	2
2L	22534948	22535007	-1	2
3R	23983894	23984468	1	2
2R	12576994	12577454	-1	2
3L	5742279	5747649	1	2
mitochondrion_genome	12943	13172	-1	2
2L	5984931	5985348	1	2
2L	18690250	18690595	1	2
2L	20917121	20918127	-1	2
X	15189237	15189567	1	2
2R	5603762	5604710	-1	2
2R	16764529	16765328	-1	2
2R	17432414	17432476	1	2
X	1063810	1072551	1	2
3R	11392631	11406101	1	2
2R	23944741	23944807	1	2
3R	21771677	21771734	-1	2
X	7074880	7077928	-1	2
3L	11735444	11736009	-1	2
2R	2770711	2846508	-1	2
3L	21437484	21438612	1	2
X	4933974	4934569	-1	2
3L	11996749	11996810	-1	2
X	11866312	11866377	-1	2
2R	2553878	2564444	-1	2
3R	17920110	17920393	1	2
3R	4324511	4324588	1	2
2R	2798881	2809200	1	2
3R	30523330	30526243	-1	2
2L	9814891	9875794	1	2
3L	9716712	9716777	1	2
3L	13042369	13042442	1	2
3L	18870371	18870428	1	2
X	12610125	12610532	-1	2
X	10193640	10194054	1	2
2L	5185464	5205373	1	2
2R	16089039	16089092	-1	2
2L	10337073	10337141	1	2
X	15176000	15177693	-1	2
2R	18477024	18497705	-1	2
3R	11394481	11401451	1	2
3R	12547705	12547876	-1	2
4	954864	954921	-1	2
2L	13487980	13488161	1	2
4	223742	223818	-1	2
3R	21301582	21301860	1	2
3L	19092730	19094504	1	2
2L	9713990	9717290	-1	2
3L	1966913	1967200	-1	2
3L	20786713	20787355	-1	2
2L	9556399	9566546	-1	2
3R	22358629	22359525	1	2
3R	20204979	20206295	1	2
2R	18131388	18131460	-1	2
3L	11737284	11737349	-1	2
2R	4901975	4902031	-1	2
2L	10765324	10765587	-1	2
2L	9537545	9537613	1	2
2L	3990808	3991675	-1	2
3R	12551476	12552719	-1	2
X	22832487	22839370	1	2
3L	17401096	17401219	-1	2
3L	7358781	7358851	-1	2
2L	409466	409532	-1	2
3R	14307971	14308172	-1	2
3L	269368	270121	1	2
2L	9809343	9814824	-1	2
2R	20588429	20588677	1	2
3R	11815334	11816280	-1	2
X	13564327	13576081	1	2
3R	8814807	8833447	-1	2
3R	5593886	5594140	1	2
X	18170107	18172858	1	2
X	499451	499519	1	2
2L	18128313	18129665	1	2
2R	13654459	13749292	1	2
2R	25114798	25115296	-1	2
2R	19568616	19628810	-1	2
X	5673541	5795486	1	2
2L	3363763	3363827	-1	2
X	11396364	11402220	1	2
2R	19518027	19525687	-1	2
3L	21217032	21217082	1	2
3R	21138743	21140122	1	2
2R	3933464	3936525	-1	2
3L	4553890	4553952	-1	2
3L	5745124	5749150	1	2
3R	15819425	15819484	1	2
X	8440295	8440361	1	2
X	10406643	10407471	1	2
X	16839226	16839441	-1	2
3R	13682132	13682187	-1	2
2R	24532644	24535401	1	2
2R	7566351	7566513	-1	2
3L	27136870	27136946	1	2
3L	11129497	11134278	1	2
3R	22372556	22408912	1	2
2L	9894726	9894980	-1	2
X	13591723	13593146	1	2
3R	5479990	5484328	1	2
3L	16403159	16404574	-1	2
X	286892	286949	-1	2
X	19523930	19523990	1	2
X	576838	578306	1	2
2L	9714293	9743343	-1	2
2L	13387114	13387177	-1	2
3R	16514177	16532532	1	2
X	20512088	20512902	1	2
3R	27931625	27931688	1	2
3L	17847992	17848976	1	2
3L	2536219	2540977	1	2
3L	13664875	13666129	-1	2
2R	9530477	9530908	1	2
3L	13848769	13848830	1	2
2L	3081269	3089835	-1	2
2R	21392593	21392683	-1	2
2L	17589274	17589386	-1	2
3L	9105285	9105749	-1	2
2L	21380362	21382065	1	2
4	1270869	1270925	1	2
2R	24699201	24726970	-1	2
2L	6726541	6726599	1	2
X	10160018	10165965	1	2
3L	22789358	22833312	-1	2
X	15947226	15958393	-1	2
4	916060	916121	-1	2
3R	17054245	17054879	1	2
X	18146005	18161013	1	2
X	3720958	3721274	1	2
3L	16673255	16673324	1	2
2R	16088826	16088907	-1	2
2L	1012410	1013231	-1	2
2R	14276407	14276711	1	2
3R	9487479	9493396	-1	2
2R	19523836	19530539	-1	2
3R	11396550	11396617	1	2
X	10324357	10325676	-1	2
2R	16112142	16112196	1	2
3L	10151104	10154762	-1	2
3L	14744444	14744531	1	2
2L	9547958	9556204	-1	2
X	19013400	19025615	1	2
3L	2639554	2639615	1	2
mitochondrion_genome	13026	13084	-1	2
X	10238440	10256383	-1	2
3L	8944521	8947828	-1	2
2R	8919464	8919524	-1	2
2R	21605729	21606378	-1	2
3R	13784939	13785430	1	2
3R	14732830	14733411	-1	2
2R	20747523	20748326	1	2
3R	15344824	15344889	-1	2
2L	2780788	2798486	-1	2
3L	1599915	1599979	-1	2
2L	3373928	3373984	-1	2
3R	11394660	11394851	1	2
4	1058156	1058210	-1	2
3R	18947335	18971377	1	2
3R	3170667	3296066	-1	2
2R	18496869	18497705	1	2
2R	16639166	16639328	1	2
X	1372268	1372461	1	2
3R	19688366	19696552	1	2
2L	10400870	10400963	1	2
2L	21673273	21676604	-1	2
mitochondrion_genome	13018	13128	-1	2
3R	12417393	12417448	-1	2
3L	25304279	25421161	-1	2
3R	20963787	20976097	1	2
3R	23983905	23984461	1	2
4	860495	865348	-1	2
X	12631814	12633918	1	2
X	3702622	3702692	1	2
2R	2732609	2735042	1	2
3L	15591675	15591779	-1	2
3L	4637758	4642677	-1	2
2R	17602827	17602902	1	2
3L	310466	310525	-1	2
X	12128609	12147366	1	2
3L	1537990	1538045	1	2
2L	831957	833229	1	2
3L	19232573	19235014	-1	2
3R	24129866	24129924	-1	2
2R	15425667	15426544	1	2
3L	4095294	4095636	-1	2
2R	15189174	15190124	1	2
3R	5335061	5335714	-1	2
2L	8826076	8826165	1	2
X	15875206	15875307	1	2
3R	18515065	18515140	-1	2
3L	17517034	17524537	1	2
2L	1085137	1085201	-1	2
3L	22961367	22961534	1	2
3R	28075765	28078161	1	2
2R	16954205	16954259	-1	2
3R	16051177	16052075	1	2
X	18861748	18861819	1	2
3R	18976744	18977413	1	2
2L	13547162	13547752	-1	2
3R	8817675	8819150	-1	2
X	15321372	15321861	1	2
3R	27608570	27615293	1	2
X	18937034	18946428	1	2
2L	16305942	16306238	-1	2
2L	10007465	10007584	1	2
2L	13217294	13217361	-1	2
2R	17689526	17689583	1	2
3R	21307157	21307435	1	2
2R	13422260	13422320	-1	2
2R	22561143	22561899	-1	2
3R	7906328	7906418	-1	2
X	20551264	20551390	1	2
2R	24625320	24637283	-1	2
2L	2772654	2779191	-1	2
3R	5786435	5787163	1	2
3L	14538939	14540387	1	2
3R	19458098	19460077	1	2
3R	17071256	17071319	-1	2
2L	5946689	5947018	1	2
3R	30390344	30390431	1	2
3R	14034621	14034869	1	2
2L	8083910	8115966	1	2
3R	30237588	30237643	-1	2
3L	8947890	8948883	-1	2
X	22717507	22740542	1	2
3L	212380	212445	-1	2
2L	20733017	20733926	-1	2
2R	9187135	9188120	-1	2
X	11888657	11888716	1	2
2R	1072440	1074272	1	2
3R	9523262	9524012	1	2
3R	8250121	8250178	1	2
3L	22534610	22535453	-1	2
3R	22412851	22412910	1	2
3L	1554402	1554461	1	2
X	11981177	11983836	-1	2
2L	1012410	1013222	-1	2
3R	10204709	10204767	-1	2
3R	21321158	21321222	-1	2
X	16337250	16337381	1	2
X	9848716	9848901	1	2
3L	21005109	21025190	1	2
2L	9521441	9523163	1	2
3R	27663442	27664097	1	2
3R	27664124	27664416	1	2
3R	27664437	27664493	1	2
3R	25440836	25447094	-1	2
2L	16247765	16248602	-1	2
2L	6067443	6067582	1	2
3R	11589014	11589068	-1	2
2R	23879925	23880412	1	2
2R	9793406	9803120	-1	2
X	13882848	13884335	-1	2
X	14324684	14324735	1	2
2L	3758920	3758988	1	2
3R	11402078	11406434	1	2
2L	10218403	10218779	-1	2
3L	21907877	21928689	1	2
2R	16532751	16533233	1	2
3R	16503167	16512964	1	2
4	249715	251351	-1	2
3R	26532481	26534954	-1	2
3R	31826212	31827723	1	2
3R	13690135	13691669	1	2
3L	951134	967248	1	2
2R	7970177	7970235	-1	2
2L	10225966	10226665	-1	2
3L	5743580	5744108	1	2
3L	2588609	2588680	1	2
X	576676	577997	1	2
3R	11591310	11592340	-1	2
2L	448997	449907	-1	2
2R	23910824	23911391	-1	2
X	17930438	17930586	-1	2
3L	17063501	17063921	-1	2
2L	21382079	21390258	1	2
X	16108845	16173748	1	2
3L	5156671	5161070	-1	2
2L	26689	26766	-1	2
3R	10783367	10783424	-1	2
2L	22332773	22332828	-1	2
3L	12472833	12473185	1	2
3R	12008299	12010348	-1	2
X	17304371	17304698	1	2
2R	1369206	1376689	-1	2
3L	7453510	7453660	1	2
2R	25037531	25039051	1	2
X	19327357	19327637	-1	2
4	427700	429497	1	2
3L	3832171	3842153	1	2
3L	13798188	13798459	-1	2
3L	3058934	3070094	-1	2
4	446748	446799	1	2
X	12917691	12919183	1	2
3R	31599013	31599300	-1	2
2R	17094697	17094765	-1	2
3R	8822174	8822406	1	2
3L	17400644	17400763	-1	2
2R	19308814	19309393	-1	2
X	22995789	23004612	-1	2
2L	9341342	9341735	1	2
3L	11199205	11199266	-1	2
3L	9474665	9475207	1	2
3R	20964629	20975025	1	2
2R	14276636	14277389	1	2
3L	5735921	5735986	1	2
3R	23983901	23984476	1	2
3L	142880	142943	1	2
3L	3904286	3904506	1	2
X	17937545	17944269	-1	2
X	12465521	12466494	-1	2
3R	21307512	21307790	1	2
X	2115125	2115309	1	2
3L	5585663	5590321	1	2
3L	18682378	18682439	1	2
3R	27667245	27667365	1	2
3R	10157431	10157496	1	2
X	8185028	8185267	1	2
2R	22645161	22645400	-1	2
2L	21257258	21257746	1	2
X	15947743	15955079	-1	2
3L	14794463	14799696	1	2
2L	2781259	2782350	-1	2
3R	13642327	13642388	-1	2
3L	1865741	1867551	1	2
2L	9291746	9293265	1	2
2R	12486039	12486260	1	2
X	13286880	13286956	1	2
2L	10378865	10378923	1	2
3L	25303778	25303845	-1	2
3R	21307862	21309808	1	2
X	1514669	1514727	1	2
2L	9126534	9126726	-1	2
3R	5822443	5823574	-1	2
3R	9526444	9526506	1	2
3R	15855466	15855529	-1	2
2R	23947341	23947616	-1	2
2L	9294680	9295212	1	2
3L	19601992	19602668	1	2
3R	27565559	27567936	-1	2
3L	17064675	17068268	-1	2
2R	9417336	9417395	1	2
3R	27638540	27638623	1	2
3L	3718303	3742736	-1	2
2L	21617822	21618004	-1	2
mitochondrion_genome	2875	5010	1	2
3L	5664983	5665177	1	2
3R	18929565	18937523	1	2
3R	8128196	8128262	1	2
3R	13373179	13373841	-1	2
2R	22797394	22797769	-1	2
2L	18142581	18152040	1	2
3R	8995460	8995523	-1	2
3L	2924233	2944229	1	2
X	575775	578025	1	2
X	6115620	6126662	-1	2
3R	18706614	18712425	1	2
3R	24013231	24013296	-1	2
2L	7643638	7645449	-1	2
X	16967862	16968021	-1	2
4	960039	962401	1	2
3L	5170441	5200331	-1	2
3R	9487204	9487623	-1	2
3R	4085579	4093946	1	2
2L	9717475	9732951	-1	2
X	4658349	4659945	-1	2
3L	15823182	15823247	-1	2
3R	10613509	10613747	-1	2
3R	23753169	23754349	1	2
3L	10516189	10517705	1	2
2L	20447740	20455563	1	2
2L	18609963	18610029	-1	2
3R	23983921	23984440	1	2
2L	5645531	5651610	-1	2
2R	8830578	8830873	-1	2
3R	8247895	8247954	1	2
X	11120840	11120901	-1	2
2R	13517978	13531520	-1	2
2R	928127	950640	-1	2
3R	18948008	18963769	1	2
X	7097060	7097621	-1	2
X	20062347	20062682	-1	2
3R	4797698	4799692	-1	2
3L	2465796	2466141	1	2
X	8237170	8237232	1	2
X	16123311	16128894	-1	2
3L	9179196	9181790	-1	2
2L	1603630	1604198	1	2
3R	18010298	18013539	1	2
3L	306770	306829	-1	2
3L	9162628	9166153	-1	2
X	9274691	9274927	1	2
3L	3044870	3044973	-1	2
2R	16291056	16291124	-1	2
3R	21949413	21949640	1	2
3L	9399851	9401305	-1	2
2L	13501055	13502532	-1	2
2R	15189192	15190101	1	2
2R	19486105	19486169	-1	2
2R	25091724	25094282	-1	2
3L	1296192	1296265	1	2
3L	16843379	16843510	1	2
X	3783822	3788894	1	2
X	4914234	4914597	1	2
3L	22265987	22266076	-1	2
2R	13531620	13532663	-1	2
2R	12061718	12061821	1	2
3L	9161347	9162748	-1	2
3R	23220644	23221762	-1	2
2L	19511083	19511228	-1	2
3R	18192635	18196629	-1	2
3R	31614218	31614279	1	2
X	12901852	12902316	-1	2
3R	26056783	26056847	1	2
X	12204272	12333807	1	2
3L	20012253	20012311	1	2
X	16463271	16504034	-1	2
2R	14293404	14298613	1	2
2R	21023755	21023976	1	2
2R	5609490	5611192	1	2
2L	8219807	8219870	-1	2
X	16710249	16710994	1	2
3R	26869457	26870214	-1	2
3L	5658173	5665177	1	2
X	11429410	11430055	1	2
3L	21921328	21925180	-1	2
2L	21107985	21108037	1	2
3L	3941570	3941626	-1	2
X	11622256	11623753	1	2
4	1119018	1119937	-1	2
2L	7647510	7648747	-1	2
3R	17146056	17146120	-1	2
X	4109825	4109897	1	2
2L	192847	192935	1	2
3R	26872749	26873860	-1	2
3L	19568633	19569661	-1	2
2L	13305838	13307935	-1	2
2R	10533969	10534850	-1	2
X	17134878	17134945	1	2
2L	21069646	21071303	-1	2
2R	14175193	14176406	-1	2
3L	9048991	9057543	-1	2
X	10188190	10195155	1	2
2L	8218680	8218854	-1	2
2L	8218872	8219116	-1	2
2R	10721585	10723751	-1	2
X	9186640	9189143	1	2
3L	7118081	7118256	-1	2
2L	9437960	9447018	1	2
X	15846348	15846409	1	2
X	2587387	2587441	1	2
2L	8490186	8490241	1	2
4	1254213	1255842	1	2
3L	20348386	20348942	1	2
2L	7208344	7208417	-1	2
2R	4698997	4699059	-1	2
X	17657538	17660989	1	2
3R	29232099	29232165	1	2
3R	24946296	24946476	1	2
2R	11367387	11367560	1	2
2R	13187320	13187394	-1	2
2L	5043384	5044323	1	2
2L	8401772	8401831	-1	2
3R	19411954	19412321	1	2
3R	25619888	25620479	1	2
3L	3718991	3721537	-1	2
3L	25459096	25480784	-1	2
2L	3716304	3716389	1	2
3L	13971318	13971421	1	2
2R	7595571	7596306	-1	2
2L	2772650	2779175	-1	2
2R	10691394	10706308	1	2
X	18167657	18167785	1	2
X	13967803	13985956	-1	2
X	17943583	17943869	-1	2
3R	7859438	7864261	-1	2
X	12917631	12919271	1	2
3L	17400413	17401074	-1	2
3L	281057	281121	1	2
2L	4822473	4822607	1	2
3L	20473970	20474032	1	2
X	17035404	17035476	1	2
2R	14645732	14646241	1	2
3R	24101685	24105385	-1	2
3L	21516655	21517250	1	2
X	11962341	11962451	-1	2
2L	13383637	13385728	1	2
X	8250730	8250798	-1	2
3L	16126285	16127494	-1	2
4	1149214	1151284	1	2
2L	7054971	7055875	1	2
3R	11629249	11629318	1	2
3L	17466137	17466199	1	2
3R	9467441	9467980	-1	2
3R	21375913	21376602	-1	2
3R	5083924	5086271	-1	2
X	4698591	4699622	1	2
2R	10562191	10580304	1	2
3R	5955695	5959006	-1	2
3R	22782159	22784373	1	2
2L	14845362	14845417	-1	2
3R	4795824	4796489	-1	2
3R	25985067	25985128	1	2
4	875711	876114	-1	2
X	16514185	16521626	-1	2
2R	22383195	22386374	1	2
3R	18176700	18176805	1	2
2R	24134911	24135072	1	2
3L	17400550	17400907	-1	2
2R	23692801	23692859	-1	2
3L	1871785	1874510	-1	2
3L	17043918	17043974	1	2
3R	5274083	5274149	-1	2
2R	18641573	18641635	-1	2
2L	16173249	16173319	1	2
X	17951611	17952677	-1	2
3L	3070358	3070526	-1	2
3L	9146188	9148514	-1	2
3L	16585860	16585958	1	2
X	10709291	10709345	1	2
3R	20964687	20973968	1	2
2L	21576083	21576598	1	2
3R	24328858	24328925	-1	2
2R	14173923	14174100	1	2
3L	3940488	3941112	1	2
3L	1664022	1664090	-1	2
2L	11814694	11814960	-1	2
2R	24906919	24906980	1	2
3L	20304129	20304225	-1	2
X	16286503	16286565	1	2
3R	7865431	7865701	-1	2
2R	24990910	24991092	-1	2
3L	7693724	7696644	-1	2
2L	21275657	21275724	1	2
3R	23984101	23984428	1	2
X	16635762	16798494	-1	2
3R	13381498	13381557	-1	2
3L	4681693	4682777	-1	2
2L	12708395	12708458	1	2
2R	1523542	1526034	-1	2
2L	12163611	12166727	1	2
X	12011934	12011994	1	2
2R	18688551	18691950	1	2
X	13701354	13718129	-1	2
3L	235805	246101	-1	2
X	11247673	11290014	-1	2
3L	17401232	17401290	-1	2
3R	19499715	19503639	1	2
X	19492587	19492677	1	2
4	377670	377758	-1	2
X	15399097	15399213	-1	2
2L	21717494	21717561	1	2
X	4323156	4325348	1	2
4	1295824	1295879	1	2
3R	15196638	15198865	1	2
2R	23950183	23950245	1	2
2L	4320808	4321113	1	2
X	23201013	23216958	1	2
2R	21987247	22039356	-1	2
3L	7977271	7977327	1	2
2L	11821776	11822834	-1	2
3R	30003011	30003073	1	2
3R	13735624	13744846	1	2
3R	14902891	14903212	1	2
3L	8128370	8129084	-1	2
2L	8036408	8038275	1	2
3R	24292731	24292838	1	2
2L	9292786	9295226	1	2
3R	21310569	21314016	1	2
3L	2896987	2897244	1	2
2L	18443071	18443153	-1	2
2R	5956066	5956823	1	2
3R	22583930	22583988	-1	2
2R	326940	327966	1	2
2R	6626019	6626779	1	2
3L	9145998	9148562	-1	2
2R	23880061	23880530	1	2
2R	23967463	23967516	1	2
2R	14278821	14279402	1	2
2R	22741103	22746831	-1	2
3R	4713360	4713459	-1	2
3L	11199768	11199825	1	2
3L	3717377	3758891	-1	2
2R	18130907	18130970	-1	2
X	7691381	7694786	-1	2
2L	21380651	21390328	1	2
2R	14276429	14277217	1	2
2L	7098500	7099313	-1	2
2R	4012894	4013876	1	2
X	15084269	15084356	-1	2
2L	4795976	4796093	1	2
3R	31091563	31091686	-1	2
3R	22960558	22961578	1	2
2R	2522731	2553783	-1	2
2R	24891879	24892217	1	2
2L	6054714	6056884	1	2
3L	288475	288770	1	2
3R	26874791	26874857	-1	2
3R	8814836	8815354	-1	2
3L	8339822	8339876	-1	2
2R	4393545	4407981	-1	2
X	15084284	15084353	-1	2
2L	5611090	5611144	-1	2
X	8025953	8026603	1	2
3R	24043682	24044703	-1	2
3L	18828860	18828964	-1	2
3R	14610108	14615729	1	2
3L	17556420	17556496	-1	2
X	10452577	10454636	-1	2
X	13268841	13269828	-1	2
2L	7796915	7797462	-1	2
X	18201469	18204222	1	2
2L	4032770	4074514	1	2
X	634057	634125	-1	2
2R	8930198	8930259	1	2
2R	19456976	19459795	1	2
3L	5563185	5563266	-1	2
3R	5569783	5569842	1	2
2R	14740421	14740559	-1	2
X	6074516	6127736	-1	2
Y	729885	744083	-1	2
3R	18166161	18166355	-1	2
4	559175	559673	1	2
X	13261424	13261505	1	2
2L	5996532	5999298	1	2
3R	11765086	11767433	-1	2
2L	3869062	3871243	1	2
2R	19307595	19307810	-1	2
3L	22865697	22865771	1	2
X	12913803	12914856	-1	2
2L	9790310	9790616	-1	2
2R	7805018	7805101	-1	2
3L	19685679	19685738	-1	2
3L	3310707	3310772	1	2
3L	5742288	5743979	1	2
3R	16503183	16512964	1	2
X	19685911	19685990	1	2
2L	10258916	10259029	-1	2
3L	25109239	25109301	1	2
2L	3039204	3039268	-1	2
2L	189973	190044	1	2
3L	17534563	17538662	1	2
2R	13828523	13829640	1	2
X	3178514	3186122	1	2
X	18102887	18102944	1	2
2R	16046198	16046509	1	2
2R	12870950	12871160	1	2
3L	25481047	25670674	-1	2
3L	20382523	20383474	-1	2
3R	27376647	27382308	-1	2
2R	22641106	22641354	-1	2
3L	5247844	5248188	-1	2
X	9684152	9685550	-1	2
3L	22869113	22869346	-1	2
X	9573118	9573185	-1	2
3R	7532288	7532594	1	2
2L	7483628	7492185	-1	2
2L	2192716	2192778	-1	2
3L	19086222	19086315	-1	2
2L	19120056	19120253	-1	2
3L	8346674	8346748	1	2
X	15848348	15848886	-1	2
X	3341591	3342699	1	2
3L	2963044	2963122	1	2
2L	19544268	19545263	1	2
3L	1344530	1344626	-1	2
X	20476265	20476328	-1	2
X	8099291	8099351	1	2
3L	8719589	8719646	-1	2
X	7081055	7084599	-1	2
X	13762831	13767787	1	2
3L	5568997	5569117	-1	2
2L	10971258	10971317	1	2
2R	24110101	24110159	-1	2
X	8293812	8295212	-1	2
2R	23861144	23861206	-1	2
3R	9293923	9295394	-1	2
2R	13502092	13502691	-1	2
X	4909209	4909452	1	2
3R	5972627	5973054	-1	2
2L	9294053	9295343	1	2
2L	19130119	19131450	-1	2
2L	6477898	6477971	-1	2
4	427704	429497	1	2
X	6306294	6306383	1	2
3L	1881558	1883000	-1	2
2L	10265562	10265621	1	2
2R	22686503	22686646	-1	2
X	7674879	7678495	1	2
3R	21297572	21298215	1	2
X	17077468	17077681	-1	2
2R	10014736	10015923	-1	2
X	5625820	5626211	-1	2
X	3507600	3512635	-1	2
2R	9530921	9532346	1	2
2L	8369872	8369928	1	2
3R	20970590	20974501	1	2
2R	19024990	19025878	-1	2
X	575765	578233	1	2
3L	19820011	19828317	1	2
2L	1011556	1012887	-1	2
3R	20378812	20378959	-1	2
X	20764329	20828742	-1	2
2R	18424252	18424326	1	2
2R	9537265	9537608	1	2
3R	11242564	11242824	-1	2
X	1575624	1577188	1	2
2R	24154917	24157535	1	2
2R	21276462	21276518	1	2
X	16373188	16374926	1	2
2L	1011611	1012878	-1	2
3R	19178553	19178619	-1	2
3R	24514253	24514310	-1	2
2L	4851332	4852463	1	2
2L	20740304	20748125	1	2
3R	20814391	20814452	-1	2
X	8592592	8593480	-1	2
2L	7959097	7960454	-1	2
3L	13867613	13868810	-1	2
2R	12085316	12118677	-1	2
2R	12273820	12276191	1	2
3L	11760111	11765852	-1	2
X	1448784	1448847	1	2
2L	15063107	15065356	-1	2
2R	18441397	18445262	1	2
X	15175488	15178278	1	2
2L	2579568	2579619	1	2
3R	22469860	22486645	1	2
X	576178	577936	1	2
2R	11625296	11625734	-1	2
2L	9956403	9956991	-1	2
2L	11094636	11094763	1	2
3L	243687	245110	-1	2
3R	8817735	8818578	-1	2
3R	4700328	4701158	1	2
3L	19997379	19997510	1	2
3R	13025676	13026137	1	2
3R	31745303	31745866	-1	2
2L	3421865	3426469	-1	2
X	8679768	8679836	1	2
2R	7832643	7832702	1	2
2L	1079066	1079121	1	2
X	5086243	5091255	1	2
2L	4436074	4436456	-1	2
X	11817076	11817236	1	2
X	11430718	11431339	-1	2
X	13655205	13655303	1	2
X	13655338	13664369	1	2
2L	232102	232292	-1	2
2L	21138362	21138712	-1	2
2R	18448051	18448101	1	2
3R	29156044	29156302	1	2
3R	5755335	5755403	-1	2
2R	10293934	10294150	1	2
2R	10294183	10294612	1	2
mitochondrion_genome	2326	2858	1	2
3L	12515573	12516559	-1	2
2L	9235264	9238958	1	2
2R	18641502	18641891	-1	2
3L	13534185	13535039	-1	2
3R	20974127	20974342	1	2
3R	5755007	5755115	-1	2
3R	11784465	11784535	-1	2
2L	9291835	9295438	1	2
X	9176617	9176720	1	2
4	1115184	1118786	-1	2
2R	15142585	15143310	1	2
3R	19095075	19095397	1	2
X	11817511	11817701	1	2
2L	1381138	1382298	-1	2
3L	834908	835155	1	2
2R	14617361	14617428	-1	2
3R	13642373	13642508	-1	2
X	16071901	16073027	-1	2
2L	1844146	1858345	1	2
X	13670040	13670132	1	2
3L	20244578	20244938	1	2
2R	19225974	19226040	1	2
3L	19685892	19685958	-1	2
2R	13623364	13749217	1	2
3R	23983917	23984349	1	2
2R	929293	948081	-1	2
X	7708440	7708531	1	2
2L	2137795	2137883	-1	2
2L	750927	752731	1	2
2L	9126100	9126785	1	2
3R	5657933	5658141	-1	2
3R	8008662	8008829	-1	2
2R	16622206	16622275	1	2
2R	18544064	18544120	1	2
X	9355179	9355997	-1	2
4	69980	94530	1	2
3R	18549569	18549658	1	2
3R	14392890	14392952	-1	2
2R	12274001	12278768	1	2
2R	23070889	23070965	1	2
3R	23927372	23927427	-1	2
2L	22240540	22240598	1	2
3R	27565480	27581973	-1	2
2R	16925038	16925619	1	2
2R	17207864	17208002	1	2
2R	7952042	7953902	-1	2
X	4914228	4914701	1	2
X	10907063	10923046	1	2
3R	29222770	29223243	-1	2
3R	20577587	20577646	1	2
2R	10464130	10464180	1	2
2R	2214101	2216675	-1	2
2R	4750392	4751488	1	2
3R	25624884	25624981	-1	2
3R	5514307	5514424	-1	2
X	1645663	1647143	1	2
2R	9592476	9592589	1	2
2L	17425818	17425892	-1	2
3L	11133598	11133667	1	2
4	447236	450242	1	2
3R	5593475	5594396	1	2
2L	2358035	2358790	1	2
3R	26256972	26257292	-1	2
3R	21297758	21298308	1	2
3L	21935178	21935267	1	2
4	479347	480035	-1	2
2L	2879340	2880497	1	2
2R	21412419	21416880	-1	2
2L	155640	155944	1	2
X	7609010	7616177	1	2
3L	11196876	11197153	-1	2
2R	1442978	1443029	1	2
3R	20438136	20449328	-1	2
3L	20438301	20438365	-1	2
4	451490	451902	1	2
3L	22794286	22801613	-1	2
2R	24929018	24929073	-1	2
3L	1631675	1631763	-1	2
2L	6569586	6570672	-1	2
3L	5576942	5577151	-1	2
3R	9404817	9407613	1	2
2R	2927601	3098260	1	2
2R	7985452	7985602	-1	2
3L	827698	827877	-1	2
3R	24820476	24820703	1	2
2R	9122568	9122622	-1	2
X	15989951	15991893	-1	2
X	572304	577989	1	2
3L	19994904	19995441	1	2
3L	7372073	7372163	1	2
3L	21189973	21192903	-1	2
3L	19988606	19988662	1	2
3L	9632171	9632233	-1	2
X	1400415	1400478	1	2
3R	31216361	31216885	-1	2
3L	11525514	11525580	-1	2
2R	14776187	14776253	-1	2
3R	9736030	9736097	-1	2
Y	124280	132461	1	2
X	15109770	15109847	1	2
X	2480909	2481070	-1	2
X	12656788	12657121	1	2
3L	13638566	13777913	-1	2
3R	29171316	29181729	-1	2
3R	14625816	14626000	1	2
3L	22866028	22867109	-1	2
4	865873	865931	-1	2
2L	6926118	6930024	1	2
X	18133187	18133248	-1	2
2R	2257902	2262032	-1	2
2R	21970490	21970555	1	2
3R	13967100	13968879	-1	2
X	20773558	20775498	1	2
3L	7815817	7815887	-1	2
3R	30389329	30389416	1	2
3R	30389443	30389697	1	2
3L	13867608	13869189	-1	2
2L	5174257	5174581	1	2
2R	13895308	13897051	-1	2
3R	13258407	13259453	-1	2
4	889877	890688	-1	2
3L	24131238	24161131	-1	2
X	12572247	12582829	-1	2
X	3447092	3451010	1	2
2R	21002427	21002491	1	2
3L	5515676	5515745	-1	2
2R	24906670	24906725	1	2
2R	5720032	5720410	-1	2
3L	2896786	2897244	1	2
X	4413812	4428198	1	2
3L	21036353	21037262	-1	2
3R	17909468	17915003	-1	2
2L	16697644	16698139	1	2
X	11806006	11806078	-1	2
3R	3744983	3746297	-1	2
X	10433297	10434579	-1	2
X	10213042	10214139	1	2
2R	22775019	22775386	-1	2
2R	4599364	4608487	1	2
X	6772895	6785847	1	2
2L	16599453	16601998	1	2
2R	22345294	22360254	1	2
2R	16325344	16330339	-1	2
X	16076518	16076981	-1	2
4	192396	192986	1	2
3L	20881811	20885053	-1	2
3R	23291429	23291496	-1	2
3R	26962452	26962540	-1	2
X	2584936	2584998	-1	2
3R	31748187	31749207	1	2
3R	6345637	6345771	-1	2
3R	25125095	25125188	1	2
3R	22160066	22171309	1	2
3R	20799682	20805947	1	2
2L	7976823	7984127	-1	2
2R	1523555	1526046	-1	2
3L	11523035	11552869	-1	2
X	8099291	8099351	-1	2
3L	5135750	5135823	1	2
3L	1299201	1299319	1	2
X	576770	577921	1	2
3R	9358519	9359267	1	2
X	17872754	17873255	-1	2
X	11830427	11831114	1	2
4	441452	442180	-1	2
3R	11378190	11391529	1	2
2R	24698975	24701020	-1	2
3R	27563889	27564072	-1	2
3L	17401133	17401213	-1	2
3R	26555334	26580972	1	2
2L	1653323	1653464	1	2
3R	25039630	25039701	1	2
3R	20792250	20792314	1	2
3R	20974757	20975246	1	2
3L	13933404	13934539	1	2
2R	11220627	11220928	1	2
2L	15093684	15094134	1	2
3L	19869429	19870381	-1	2
3L	22076342	22076416	1	2
2R	4236363	4236413	-1	2
3L	11733874	11735228	-1	2
3R	19404750	19404842	1	2
3L	8952274	8952576	-1	2
X	10235952	10237491	-1	2
2L	13218521	13218785	-1	2
2L	1359271	1359332	-1	2
3R	25484303	25484361	1	2
3R	24109658	24109887	1	2
3R	14645189	14645296	-1	2
2R	10526758	10541339	-1	2
2R	928260	928394	-1	2
2R	8948318	8948559	-1	2
2R	6627184	6627485	-1	2
3L	2640927	2641012	1	2
2L	133745	134179	1	2
X	4332841	4349004	-1	2
3L	9098109	9125243	-1	2
2L	12458224	12460589	1	2
3L	5668142	5668700	1	2
3R	15936204	15951735	1	2
3L	235515	235579	-1	2
X	12909181	12909248	-1	2
2R	14276527	14278698	1	2
X	14601455	14601828	-1	2
3R	8246609	8246671	1	2
3L	9499087	9499164	-1	2
3R	22665272	22677593	1	2
X	7941999	7942058	-1	2
X	15325675	15327771	1	2
2R	19176744	19176941	1	2
3L	11488292	11496444	1	2
X	7288661	7290585	-1	2
3R	18248385	18249012	1	2
2L	7649084	7649304	-1	2
3R	11751781	11763988	-1	2
2L	1010622	1013766	-1	2
3R	6458302	6458403	1	2
3R	25868214	25868453	1	2
2L	1011824	1019268	-1	2
2L	12153975	12155472	1	2
3L	1351472	1351529	1	2
2L	6926122	6930024	1	2
2L	12693403	12693466	1	2
2R	2954046	2968133	1	2
3R	23985290	23985417	-1	2
2L	18477039	18483894	-1	2
3R	24818976	24819504	1	2
2L	406036	406095	1	2
X	8179581	8181045	1	2
3L	3040362	3042110	1	2
2R	9312719	9319345	-1	2
3R	9259342	9259632	1	2
2L	15257651	15257799	-1	2
3L	10042446	10043706	1	2
3L	3370561	3372518	-1	2
2L	7048959	7049176	-1	2
3R	9112211	9120085	-1	2
2R	19332836	19334735	1	2
3R	13122243	13122333	-1	2
X	5389818	5392869	1	2
3R	9418001	9419504	1	2
X	10345028	10345335	1	2
3L	4338183	4363027	-1	2
2R	4595463	4599269	1	2
2L	1012673	1013384	-1	2
3L	8050221	8054008	1	2
X	11290264	11293326	-1	2
X	8060098	8060903	-1	2
2R	1650150	1726644	1	2
2R	12667771	12667835	-1	2
2L	2788103	2791671	-1	2
3R	31776383	31776445	-1	2
X	16841684	16841757	1	2
2L	141610	141671	-1	2
3L	15903890	15903949	-1	2
2R	2119245	2126191	-1	2
X	11334934	11334996	-1	2
X	23022345	23022887	1	2
3L	16374668	16374860	-1	2
2R	15138437	15138509	1	2
3R	11393319	11394540	-1	2
3R	11592127	11592367	-1	2
3R	13641861	13642207	-1	2
3L	9130250	9130555	1	2
X	19529602	19529674	1	2
2R	15960418	15960481	-1	2
3L	4180968	4181028	-1	2
3R	26455705	26455788	-1	2
3L	18459877	18459936	-1	2
3L	14031003	14031389	-1	2
3L	13539120	13540564	-1	2
X	19486193	19486261	-1	2
3R	3750671	3752167	1	2
X	273393	273461	-1	2
2L	20083016	20083828	-1	2
3L	21525717	21525984	1	2
X	7609220	7675858	1	2
X	19621651	19621768	-1	2
2L	9291222	9292921	1	2
2L	22622704	22643129	-1	2
3R	9525754	9525809	1	2
3R	21337825	21341887	-1	2
X	12229860	12229966	1	2
2R	19176744	19177819	1	2
X	20256033	20256776	-1	2
X	15421396	15440640	-1	2
X	18864980	18881459	1	2
X	13297670	13297747	1	2
3R	11393467	11396718	1	2
X	15063966	15064427	1	2
2R	10331825	10332056	-1	2
X	19866891	19867117	1	2
X	8174223	8174816	-1	2
3R	9928989	9929248	1	2
2R	24903808	24903881	-1	2
3R	15256884	15257531	1	2
3L	5160906	5184229	-1	2
2L	10368404	10368784	-1	2
X	20010624	20011130	-1	2
2L	248855	249006	-1	2
3R	29038042	29038098	-1	2
3R	29173995	29174934	-1	2
X	2149342	2149402	-1	2
2L	18771398	18776149	-1	2
2L	19499094	19499146	1	2
3R	9943895	9962602	1	2
3L	9864803	9865058	1	2
3R	21305360	21314270	1	2
X	21365260	21369692	1	2
2L	8083463	8089185	1	2
3R	24235432	24235817	1	2
2R	23911552	23911677	1	2
X	17934579	17941347	-1	2
X	12128609	12209965	1	2
2L	227548	228127	-1	2
2L	9293559	9293721	1	2
3L	1666597	1666782	-1	2
3L	13522110	13666481	-1	2
X	10244606	10250017	-1	2
X	6847398	6847457	1	2
2L	21380360	21390224	1	2
2L	11986381	11986438	-1	2
2R	14622295	14622478	1	2
2R	14622532	14622713	1	2
2R	7041731	7042086	1	2
2R	14442594	14449403	1	2
4	1277599	1295029	-1	2
2L	3809296	3810451	1	2
3R	7079020	7079254	-1	2
3R	28088474	28088759	1	2
3R	29640311	29640626	-1	2
3L	16350648	16350710	-1	2
3L	9113488	9124782	-1	2
2R	1516135	1516222	-1	2
2L	5146704	5146993	1	2
X	8274627	8274709	1	2
2R	2495024	2515645	-1	2
X	7420933	7421494	1	2
3R	21302532	21302771	1	2
3L	22824180	22824262	-1	2
2R	2789760	2790248	1	2
2L	9615449	9615532	1	2
2R	21086726	21086790	1	2
3L	5750378	5750573	-1	2
3L	1632366	1636832	-1	2
X	5656647	5660185	-1	2
3R	26590718	26597647	1	2
2R	18732585	18738753	1	2
3L	18748890	18749344	1	2
X	13986075	13990474	-1	2
3L	8533129	8534149	1	2
3L	23212968	23216063	1	2
2R	21021522	21023065	1	2
X	19629092	19629150	-1	2
2R	21700557	21700865	1	2
3R	18573526	18586279	1	2
3R	28318439	28320174	-1	2
3R	8817700	8818832	-1	2
3L	11488310	11495186	1	2
2R	8000903	8001256	-1	2
3R	30385734	30385790	-1	2
2R	13179906	13184439	-1	2
X	13998544	13998631	1	2
3R	24674570	24674770	1	2
3R	30556115	30556375	-1	2
X	15769091	15769160	1	2
2L	3722749	3723218	1	2
X	7932295	7932537	-1	2
3R	14367500	14372547	-1	2
X	18171485	18171866	1	2
2L	8067556	8067625	-1	2
2R	13942692	13948034	-1	2
X	17640628	17646851	-1	2
3L	17236063	17238072	-1	2
X	1379119	1380416	-1	2
X	21346550	21346742	1	2
X	19204398	19207205	-1	2
3L	11196876	11197291	-1	2
2L	5524848	5525628	1	2
3L	8307381	8307593	-1	2
X	22992913	22992967	-1	2
3R	23982000	23984283	1	2
3L	9429115	9429174	1	2
X	10555398	10557218	-1	2
X	6872922	6875935	1	2
2R	1082408	1087131	1	2
3R	7864435	7864505	-1	2
2R	953793	976894	1	2
X	746838	746904	1	2
3L	24131238	24210021	1	2
2R	18728439	18728504	-1	2
X	18860428	18861810	1	2
2L	5176491	5176815	1	2
3R	11947685	11948837	-1	2
2L	2772476	2780830	-1	2
3R	23228465	23228858	-1	2
X	12230371	12233276	1	2
X	6699575	6699911	1	2
3L	4188835	4189676	1	2
3L	6172295	6172357	-1	2
3L	11115354	11116428	-1	2
X	9573327	9573404	-1	2
2R	1772215	1778587	1	2
3L	9154260	9160831	-1	2
2L	9390364	9391465	1	2
3L	4327703	4327773	-1	2
2L	2780429	2780826	-1	2
3L	20834119	20835999	1	2
4	305179	305421	-1	2
3R	7064338	7064507	-1	2
X	5334197	5334307	1	2
X	18132878	18132960	-1	2
2L	9493104	9494222	-1	2
X	11817664	11830893	1	2
3L	7979681	7980400	-1	2
3L	1654727	1655254	-1	2
X	16594819	16594882	1	2
X	12223844	12224022	1	2
4	1059352	1059419	1	2
X	15380891	15380972	-1	2
2R	18708189	18708262	-1	2
2R	23905997	23906060	-1	2
2R	9446512	9449086	1	2
2R	20003888	20003947	-1	2
2L	18211299	18215464	-1	2
2R	21872695	21909034	1	2
X	13875936	13881967	-1	2
2R	19441168	19441226	1	2
3L	9136658	9136752	-1	2
3R	13011853	13014490	1	2
3R	31595086	31595438	-1	2
3L	7312231	7312714	-1	2
3L	9899356	9899726	1	2
3R	21299596	21299683	1	2
X	18372433	18373034	1	2
3L	7677477	7678172	-1	2
3L	15821285	15826093	-1	2
3R	28340739	28341372	1	2
4	894637	895707	-1	2
3R	21785978	21788047	-1	2
3R	24510982	24511073	-1	2
2L	14334571	14341307	1	2
2L	14341362	14345558	1	2
3L	6562419	6590604	1	2
3L	22067848	22067905	-1	2
2L	5761903	5762251	1	2
X	5617227	5617309	-1	2
2R	10295795	10295869	1	2
3R	19764429	19765374	1	2
3L	17525591	17526403	-1	2
X	11969215	11970331	-1	2
3R	10220273	10222012	1	2
2L	7825903	7826912	-1	2
3R	21306640	21306918	1	2
3R	29131826	29132126	1	2
3L	13638566	13651555	-1	2
3R	24346987	24347081	-1	2
2R	24905008	24905437	1	2
3L	6948435	6948538	1	2
2L	211186	218646	-1	2
2R	25039973	25040117	1	2
X	16710314	16710778	1	2
4	281974	282436	-1	2
3R	10613801	10638620	-1	2
3L	5747372	5749503	1	2
3R	7863333	7864127	-1	2
2R	16107599	16108113	-1	2
4	473720	474453	-1	2
3L	15983595	15983863	1	2
2L	11753885	11753938	-1	2
2R	1442559	1442769	1	2
3R	30423206	30423811	-1	2
X	16340719	16349823	1	2
X	17974744	17977090	-1	2
2R	11359022	11359088	-1	2
2R	5657453	5662047	-1	2
2R	17375350	17379320	1	2
X	5907519	5907589	1	2
3R	9295282	9328438	-1	2
X	575969	578006	1	2
2R	9371712	9372202	-1	2
3R	7974784	7975667	-1	2
2R	11587139	11587538	-1	2
3R	5959281	5959356	-1	2
2R	14992811	14992913	-1	2
2L	16733786	16735007	-1	2
3R	14621214	14621274	-1	2
3R	25334393	25334448	-1	2
2R	22027984	22036294	-1	2
2R	24699507	24699967	-1	2
X	15855095	15857735	-1	2
3L	12504653	12504719	1	2
3R	21302882	21303160	1	2
3R	12711965	12712076	1	2
3R	31935776	31937419	-1	2
2R	4895882	4901846	-1	2
3L	4369738	4369826	-1	2
3R	10076919	10077117	-1	2
3R	9988782	9988855	1	2
2L	11806158	11807239	-1	2
3R	23966136	23984305	1	2
3L	9098775	9106091	-1	2
2R	949947	951127	-1	2
2L	1012550	1013268	-1	2
X	11429174	11429239	1	2
2R	16099636	16099694	-1	2
3R	19753360	19759954	1	2
3R	30497250	30497313	-1	2
2L	21678309	21678683	-1	2
2L	17410031	17410092	-1	2
3R	29604582	29617055	1	2
2L	2407860	2410532	1	2
3R	18177049	18178606	1	2
3R	17810419	17810480	-1	2
2L	15267468	15267530	-1	2
2L	1285445	1285506	1	2
X	18821476	18821592	1	2
X	19745256	19745536	1	2
3R	21886035	21886093	-1	2
X	19353651	19362967	1	2
3R	8474513	8477419	-1	2
3L	2600960	2601021	1	2
2R	18497408	18497705	-1	2
2R	17523572	17524084	-1	2
3L	1632455	1634500	-1	2
2R	20665464	20665545	-1	2
2R	18120665	18120728	-1	2
3R	11023620	11023673	1	2
3R	12077537	12079681	-1	2
X	20515947	20521916	-1	2
2L	1012448	1013316	-1	2
X	15871970	15875131	1	2
X	2266185	2266248	-1	2
3R	5614137	5615858	1	2
3L	2925971	2946230	1	2
3R	23983915	23984440	1	2
3R	31851528	32014552	-1	2
3L	15903455	15903759	-1	2
X	5595157	5597934	1	2
2R	12269301	12269387	1	2
3R	11755112	11755177	-1	2
2R	7135387	7135446	-1	2
3R	10215190	10215532	1	2
3R	23980686	23984263	1	2
2L	16182832	16182893	1	2
2L	3989801	3991179	-1	2
2L	13931083	13931141	-1	2
3L	2670793	2671913	-1	2
2L	2229394	2229457	1	2
3R	28813815	28813881	-1	2
3R	30517556	30518218	-1	2
4	132597	133186	1	2
3L	20256639	20260862	1	2
2R	2832952	2833126	1	2
3R	4295287	4295568	-1	2
2R	16764375	16764839	-1	2
X	575632	578085	1	2
X	11562458	11562519	1	2
3R	30000967	30001025	1	2
3R	21785736	21804690	-1	2
3R	14393132	14393205	-1	2
2L	3722572	3722653	1	2
2R	13814787	13815555	1	2
3R	9504755	9504809	1	2
2R	21970235	21970450	1	2
2L	17647182	17648045	-1	2
3L	5806881	5806945	-1	2
3L	5153764	5153849	1	2
3R	9542925	9543375	1	2
X	15758330	15760467	-1	2
3L	16405083	16405144	-1	2
X	16565690	16595120	-1	2
4	1060635	1060773	-1	2
3L	21317483	21317797	-1	2
3R	11961057	11962273	-1	2
3R	13260419	13261605	1	2
2R	18277866	18277930	1	2
2L	13444568	13444634	-1	2
X	5744700	5744800	-1	2
2L	5548351	5548584	1	2
3L	7078580	7081875	-1	2
3L	12645212	12645272	1	2
X	10259489	10260784	1	2
2R	21183628	21192252	1	2
3L	16233583	16233643	1	2
3L	1877186	1877291	-1	2
2L	5985414	5985493	1	2
3L	23012822	23012880	1	2
2L	2806901	2808980	1	2
X	13267255	13267322	-1	2
2R	18141673	18143413	1	2
2R	14278821	14279094	1	2
3L	13798382	13803376	-1	2
X	22493914	22494033	1	2
2R	17025292	17025359	1	2
4	273917	275514	-1	2
4	275580	275663	-1	2
3R	17920191	17920330	1	2
3R	24048821	24048910	1	2
X	13585828	13585894	-1	2
3L	20315308	20316378	1	2
mitochondrion_genome	12860	13215	-1	2
2L	5171809	5172416	1	2
2L	9888788	9888847	1	2
3L	1190548	1190681	-1	2
4	582627	582994	1	2
2L	2095178	2109726	-1	2
2L	9292182	9293188	1	2
4	887232	887286	-1	2
2R	1595017	1596331	1	2
2L	9794184	9795795	-1	2
2L	1836784	1837191	1	2
3L	17059389	17060904	-1	2
2R	16430619	16431724	1	2
X	11952224	11954099	-1	2
3L	7175577	7179723	-1	2
2L	9796985	9813968	-1	2
3L	1654501	1659268	-1	2
3L	17400573	17400810	-1	2
3L	1315613	1315679	1	2
3R	18546586	18546656	-1	2
3R	23942540	23942594	-1	2
X	14839424	14840635	1	2
3R	6362335	6362399	-1	2
2L	2772643	2779174	-1	2
3R	9263014	9263075	-1	2
X	575770	578019	1	2
X	13363170	13363312	-1	2
X	13381634	13382479	-1	2
3R	9461292	9461354	-1	2
2L	19959692	19959751	-1	2
X	15991378	15991822	-1	2
X	2143093	2144783	1	2
3R	29377834	29382991	1	2
2R	6019394	6019453	1	2
2R	13581071	13583504	-1	2
X	9556116	9556175	-1	2
3L	20881823	20884990	-1	2
2L	20917121	20918094	-1	2
X	9109757	9110297	1	2
2R	19438344	19438407	1	2
3L	20099180	20099243	-1	2
2R	25255073	25259121	1	2
3L	9685046	9686365	-1	2
2R	9884207	9884622	-1	2
2L	5981827	5985355	1	2
X	13262395	13262893	1	2
X	8689295	8689435	-1	2
2R	22855954	22856024	-1	2
X	23253376	23253617	1	2
3L	3072678	3073081	1	2
X	13869706	13870320	-1	2
3L	20002258	20002391	1	2
4	1000887	1001472	1	2
3R	4267206	4267261	1	2
3L	12204407	12204643	-1	2
2R	15189075	15190179	1	2
X	4698638	4699611	1	2
3R	30517530	30517928	-1	2
X	17926012	17936839	-1	2
2R	16027572	16027665	-1	2
X	7898674	7899908	-1	2
2L	23163059	23174062	-1	2
3L	16849577	16849635	1	2
X	10631809	10650533	1	2
2R	18729545	18729743	-1	2
3L	3073331	3088592	1	2
3R	5077490	5081420	1	2
3R	21141312	21154890	1	2
X	10627890	10630189	1	2
2L	9743173	9743916	-1	2
3L	3072617	3073278	1	2
2R	18162329	18162852	1	2
2L	11803899	11804359	-1	2
2R	24160226	24160288	1	2
3R	12778422	12783105	-1	2
3L	4182220	4182774	-1	2
2R	16387268	16396468	1	2
3R	30309249	30342559	1	2
2L	1653836	1690117	1	2
3R	26255432	26256933	1	2
2R	9909967	9910348	1	2
3R	20838446	20838513	1	2
3R	29486208	29486442	1	2
2L	11142008	11142088	-1	2
2R	6175512	6175637	1	2
X	21352486	21352753	1	2
2R	10095113	10095178	1	2
3R	10585521	10613670	-1	2
2L	18051594	18062362	1	2
3R	10090985	10091340	1	2
2L	21712967	21713028	1	2
3R	9768141	9768923	1	2
2L	16168455	16169381	1	2
3L	9101774	9104348	-1	2
Y	124361	200708	1	2
3L	18802341	18803642	-1	2
3R	25376222	25396712	-1	2
X	13714960	13715033	1	2
2L	12817632	12820513	-1	2
3L	12517060	12517428	1	2
2R	15271540	15274220	-1	2
3L	8576685	8576747	-1	2
3L	4363128	4363988	-1	2
X	11831031	11831127	1	2
mitochondrion_genome	2875	10767	1	2
3R	4084534	4085083	1	2
2L	2401235	2410346	1	2
4	1126753	1126809	1	2
3L	9495852	9495917	-1	2
X	11817924	11833170	1	2
3R	20245321	20248879	1	2
X	18155701	18170518	1	2
3R	11335556	11392364	1	2
2R	24892079	24892186	1	2
2R	16894730	16894895	-1	2
3R	23231565	23231629	-1	2
X	9174646	9177025	1	2
3R	16437339	16437793	-1	2
3R	15973825	15977177	1	2
X	6223078	6223140	1	2
X	13048028	13050311	1	2
X	3338378	3338448	1	2
X	18197140	18197334	1	2
3R	22781970	22784467	1	2
3R	18018700	18018826	1	2
X	8365576	8366854	-1	2
mitochondrion_genome	6685	6781	-1	2
3L	21822886	21822941	1	2
3L	5673703	5673772	1	2
2R	12092097	12118481	-1	2
4	181510	181569	-1	2
2L	2407376	2407471	1	2
2R	17374230	17379320	1	2
2L	7036723	7036812	1	2
3L	15904866	15905197	-1	2
3R	29934090	29934239	-1	2
3L	6173311	6173377	-1	2
3R	24710943	24711423	1	2
3R	23984106	23984428	1	2
2R	9512806	9513969	1	2
2R	13826518	13829538	1	2
3R	24191988	24192046	-1	2
X	2055366	2055710	-1	2
2R	6742981	6743037	1	2
X	4549699	4549766	1	2
3R	18289708	18289766	-1	2
2L	2402295	2404727	1	2
3L	12121436	12121725	-1	2
X	11960773	11961247	-1	2
X	8874402	8874503	-1	2
2L	15552921	15553200	1	2
3L	5560682	5560746	-1	2
2R	9505196	9520355	1	2
X	13741144	13741684	1	2
3L	23011021	23011438	1	2
X	19743707	19744262	-1	2
3L	15819260	15826123	-1	2
3R	31739865	31740320	1	2
3R	21299613	21299699	1	2
4	270500	270560	-1	2
2R	19438532	19438590	1	2
X	16838168	16841757	-1	2
3R	31216356	31216586	-1	2
2R	15886171	15886244	-1	2
2R	8068012	8069871	1	2
2R	11856534	11860665	1	2
3R	21309667	21313619	1	2
3R	24064692	24065632	-1	2
X	3176748	3189423	1	2
3L	3221157	3221515	-1	2
3R	30207016	30207363	1	2
2R	6210227	6210287	-1	2
2L	18473497	18474119	-1	2
X	20771314	20771783	-1	2
X	20510021	20510226	-1	2
2L	6495869	6496057	1	2
2L	17475607	17477127	-1	2
2L	9701875	9701930	1	2
2L	3759155	3759686	1	2
2R	9045067	9045281	-1	2
3L	5540560	5540644	-1	2
4	558169	560098	1	2
4	855569	855686	-1	2
X	11337863	11338672	-1	2
2L	21629010	21629667	-1	2
4	1115333	1115491	-1	2
3R	30877932	30878379	-1	2
3L	5159704	5159952	-1	2
2R	2487646	2497055	-1	2
2L	18083036	18083099	1	2
3L	3373870	3374019	-1	2
X	11405843	11405904	1	2
3R	7902181	7902239	-1	2
3R	20584245	20585137	1	2
3L	4664324	4664423	-1	2
2R	23910796	23924644	1	2
4	558301	560095	1	2
2L	6179700	6190439	1	2
2L	5973324	5973529	-1	2
2R	13951689	13954687	-1	2
2R	22686139	22686922	-1	2
X	11579125	11579670	1	2
2L	10368191	10373735	-1	2
3L	11938508	11938700	-1	2
X	4929309	4929374	-1	2
X	6079826	6080337	-1	2
3R	17377267	17390496	-1	2
2R	642364	705374	1	2
3R	23983927	23984283	1	2
4	1045249	1047264	1	2
3L	8287758	8287828	-1	2
X	22657660	22740542	1	2
2L	14040268	14061818	1	2
3L	234505	234568	1	2
3R	20019164	20019225	-1	2
X	17849811	17849908	-1	2
3R	12847194	12847954	-1	2
2R	9477247	9477374	1	2
2R	18634286	18634770	-1	2
2R	21025161	21025341	1	2
2R	10515659	10532362	-1	2
2L	11359762	11366344	1	2
3R	11396634	11400800	1	2
3R	15957177	15957311	1	2
X	4698689	4701001	1	2
2R	6749326	6756052	1	2
2R	11229543	11229599	-1	2
2L	8564297	8622103	1	2
3L	27421015	27441604	1	2
2R	22797089	22797353	-1	2
X	10555668	10557218	-1	2
3L	8891068	8891126	1	2
X	1381069	1385904	1	2
2R	10810192	10810251	-1	2
3R	22781900	22784321	1	2
3R	18013321	18013455	1	2
2R	21294160	21294231	1	2
2R	25184251	25184306	-1	2
mitochondrion_genome	3337	3737	1	2
2R	7505302	7505364	1	2
3R	23668341	23669587	-1	2
2R	16444123	16444669	-1	2
2R	15679755	15679916	-1	2
2R	25282842	25282978	1	2
2R	20260560	20260621	1	2
3L	5156493	5161265	-1	2
2R	9321211	9350667	-1	2
X	15926975	15927381	1	2
2L	1012738	1013301	-1	2
2R	16894700	16894895	-1	2
2R	21684380	21684442	1	2
3L	19340591	19342905	-1	2
2L	13163455	13164452	-1	2
X	8559364	8559426	-1	2
2R	10448633	10460903	1	2
4	227244	227329	1	2
3L	21216585	21317532	-1	2
X	17075554	17075953	-1	2
3R	30278511	30362169	1	2
2L	14042235	14060961	1	2
3R	15954684	15957606	1	2
mitochondrion_genome	6677	6752	-1	2
3R	10264523	10264610	1	2
2L	5079575	5092875	-1	2
X	13159198	13159266	-1	2
3R	21310052	21313787	1	2
2R	20551826	20551893	-1	2
3R	26702512	26702602	-1	2
X	16956428	16956502	-1	2
X	18167834	18168440	1	2
3R	26055809	26055867	-1	2
3L	15554473	15556850	1	2
2L	16185107	16185193	1	2
mitochondrion_genome	12874	13229	-1	2
2R	21570825	21571110	-1	2
2R	4426922	4427834	-1	2
3R	11858756	11868795	-1	2
3R	21866253	21866647	1	2
3L	7926838	7927917	-1	2
3R	21785831	21820803	-1	2
3R	19161225	19161790	-1	2
2R	23914018	23914079	1	2
2R	24782208	24782266	-1	2
X	622359	622434	1	2
2L	21719644	21720123	1	2
3R	16638869	16639173	1	2
X	4704912	4704969	1	2
X	9174089	9186826	1	2
X	15790389	15790743	1	2
3R	12095296	12096049	1	2
3R	12095717	12096049	1	2
3R	14617835	14617894	1	2
3R	13967097	13969149	-1	2
X	17632912	17633263	1	2
X	17015225	17017693	-1	2
X	13069702	13076838	1	2
2L	823874	824094	1	2
X	1413500	1413588	1	2
3R	21299164	21313738	1	2
3R	9715669	9715724	-1	2
X	17935299	17937511	-1	2
3R	20783302	20803684	1	2
3R	24691934	24692204	1	2
3R	16158374	16158858	1	2
3L	13897902	13899724	-1	2
X	3693057	3700760	1	2
2R	13841163	13841510	1	2
2R	2097903	2109898	-1	2
3R	21308975	21309808	1	2
3R	20058745	20058812	1	2
3L	11668606	11674268	-1	2
X	15836398	15836525	1	2
3L	10587688	10587843	1	2
2R	13831338	13833480	1	2
2L	9066761	9070950	-1	2
3L	5747194	5749466	1	2
3R	16639022	16639610	1	2
X	5744700	5746205	-1	2
X	6651455	6651886	1	2
2R	13226336	13226404	1	2
2R	7656420	7656472	1	2
3R	16648050	16648135	1	2
2L	3911337	3914728	-1	2
X	8681020	8681562	-1	2
X	9848603	9849131	1	2
2L	5147299	5148731	1	2
3L	11524554	11561894	-1	2
3R	21523033	21523088	1	2
2R	12608179	12609229	1	2
2L	1010680	1011775	-1	2
2R	9541064	9541288	1	2
3R	21306472	21307028	1	2
3L	17040602	17041694	-1	2
X	19334525	19340050	-1	2
2L	2856673	2856743	1	2
2L	13186965	13187033	-1	2
4	247282	249411	-1	2
2L	5004208	5004614	-1	2
2L	7661775	7662789	-1	2
2L	4319896	4321044	1	2
2L	1653836	1670144	1	2
3R	16457207	16457267	1	2
X	20007231	20007341	-1	2
X	22961461	22961764	-1	2
3L	19258365	19258538	-1	2
2L	5725229	5758695	1	2
2L	9896495	9896699	-1	2
4	123423	123785	-1	2
X	15421629	15441089	-1	2
2L	11076865	11076927	1	2
X	12653168	12653319	1	2
4	129443	129670	-1	2
X	2254703	2257880	-1	2
3L	13042292	13043593	1	2
2R	15200928	15200989	1	2
X	10081872	10081933	-1	2
3R	6000755	6001653	-1	2
X	10309749	10318447	-1	2
X	7737412	7739777	1	2
2L	15167484	15167582	-1	2
3L	24074564	24075146	1	2
X	4478295	4478354	1	2
X	16452187	16452814	1	2
2L	17827946	17843591	-1	2
3R	20228949	20237508	1	2
3R	26867783	26868356	1	2
3L	7285218	7294791	-1	2
3R	8767795	8768075	-1	2
3R	5659517	5660208	1	2
3R	16639335	16639529	1	2
3R	23963234	23965805	1	2
X	10197713	10197776	1	2
2L	22132427	22141345	1	2
2R	10430695	10430880	1	2
3L	3001247	3001320	-1	2
2L	15650980	15651054	-1	2
3R	26060262	26060937	1	2
3L	1659991	1661109	1	2
3R	21772248	21772672	-1	2
X	2886937	2900986	-1	2
X	21440673	21441042	-1	2
3L	15852250	15859812	-1	2
4	313643	313699	-1	2
3R	13651699	13654241	1	2
4	1262580	1264656	1	2
2R	16674864	16675141	-1	2
2R	19118995	19119362	1	2
2R	23847316	23848565	-1	2
3R	25662487	25662634	1	2
X	10914897	10915794	1	2
3R	20205478	20206066	1	2
4	1038818	1047349	-1	2
2L	19116645	19119500	-1	2
2L	20648014	20648198	1	2
2R	24952004	24952060	1	2
2L	14602001	14602113	-1	2
X	6917805	6938755	1	2
3L	8828504	8850588	1	2
2R	24570354	24570435	-1	2
3R	24064638	24105361	-1	2
3L	3232674	3233930	1	2
3R	23848910	23848966	1	2
3R	11401685	11402909	1	2
X	15100183	15100243	1	2
2L	130794	130858	-1	2
3L	8114794	8115030	-1	2
3R	21304573	21308461	1	2
3R	14659583	14659744	1	2
mitochondrion_genome	1951	2618	1	2
2L	19957272	19957333	1	2
2L	3378261	3378450	1	2
X	19468442	19469909	1	2
2L	2890101	2953301	1	2
3R	18546243	18546458	-1	2
2L	786423	786479	-1	2
2R	24672307	24675063	-1	2
X	12516722	12523775	-1	2
3L	11129294	11133855	1	2
3L	18106871	18106967	1	2
3L	21539398	21539462	-1	2
X	4698661	4699622	1	2
2R	10208645	10208706	-1	2
X	18813994	18819776	1	2
3R	15935585	15935840	1	2
3L	16063174	16063886	1	2
X	1394159	1394224	1	2
X	7075645	7083234	-1	2
3L	12742651	12742905	1	2
3L	24920049	24925440	1	2
2L	2781100	2782411	-1	2
3L	17400534	17401099	-1	2
2R	12273996	12274782	1	2
2L	161570	162293	1	2
2R	10983474	10989628	-1	2
3L	1632374	1636827	-1	2
3L	4542725	4551647	1	2
X	12333340	12334292	1	2
3R	11396587	11400742	1	2
2L	4321776	4323723	1	2
3R	11215590	11215738	-1	2
2R	8161935	8162164	-1	2
2R	8162225	8162286	-1	2
4	439166	439448	-1	2
3R	5488308	5488532	1	2
4	917744	918324	-1	2
X	531764	578203	1	2
X	6277177	6277306	-1	2
2R	9096203	9096671	1	2
2R	4754671	4756171	-1	2
2R	4378905	4378964	-1	2
X	15300623	15305829	1	2
3R	16159205	16166536	1	2
3L	14540103	14540394	1	2
3R	13224728	13227924	-1	2
2R	15881583	15882569	-1	2
X	15343076	15343340	-1	2
3R	26195619	26210113	1	2
X	7839850	7840270	1	2
3R	20974062	20974518	1	2
2R	9599480	9603869	1	2
2R	16868845	16868931	1	2
2R	10104178	10104256	1	2
X	6771660	6771737	-1	2
2R	24696480	24697175	-1	2
2L	811204	811259	1	2
4	1145342	1146114	-1	2
3L	4327918	4336269	-1	2
2R	5246138	5250729	-1	2
X	3576042	3631493	1	2
3R	31053308	31053587	-1	2
2L	8151365	8159219	-1	2
X	18027516	18027572	1	2
2R	12614218	12623055	1	2
3L	9438726	9438907	-1	2
3L	17400656	17400771	-1	2
2L	22125119	22128498	-1	2
3R	31614448	31614504	1	2
3R	21267454	21267510	-1	2
2L	13285819	13286170	-1	2
2L	1181794	1181855	1	2
2R	5668509	5668676	1	2
3R	3627314	3627476	1	2
3R	21310691	21314132	1	2
X	11790996	11791061	1	2
2L	11803899	11804377	-1	2
4	190062	193339	-1	2
3R	7976414	7976890	1	2
3R	16984618	16987529	-1	2
X	2904775	2965979	-1	2
3L	17400534	17400847	-1	2
3R	11395278	11400903	1	2
2R	16106382	16107031	1	2
3L	12797857	12804355	1	2
3L	4075539	4075596	-1	2
X	1480221	1481008	1	2
3L	1638115	1638500	-1	2
3R	25031154	25031208	-1	2
2L	4944352	4944600	-1	2
2L	15268758	15268821	-1	2
3R	26254294	26254597	-1	2
X	5666352	5670367	1	2
2R	23878863	23880524	1	2
X	7241071	7241732	1	2
3L	3746012	3746305	-1	2
3L	279208	282256	1	2
3R	18959719	18977294	1	2
X	7899781	7899835	-1	2
X	1866139	1866209	1	2
X	9165787	9176935	1	2
2R	24699216	24701029	-1	2
X	16885802	16885967	1	2
2R	24199217	24199277	1	2
3R	13122047	13124026	-1	2
3R	586296	682458	1	2
2R	12705637	12722305	1	2
3R	21355558	21375060	-1	2
3R	12561805	12561943	-1	2
X	2739546	2741423	-1	2
2R	2050152	2053024	-1	2
X	18201232	18201292	1	2
4	876455	876517	-1	2
2R	24892079	24892233	1	2
3R	30888740	30888885	1	2
2R	13581076	13582845	-1	2
2R	10233945	10234332	-1	2
2L	2772614	2782718	-1	2
3R	31390199	31390298	1	2
2L	5981836	5983010	1	2
2L	22240403	22246378	1	2
X	20251758	20252238	1	2
3R	21308134	21308412	1	2
2R	4351219	4407981	-1	2
3R	5355254	5355327	-1	2
3L	11788246	11789541	-1	2
2R	17867560	17867783	-1	2
3L	12155791	12155855	1	2
2L	5211062	5211156	1	2
X	3315964	3323904	1	2
2L	21381711	21390214	1	2
2R	14231965	14232716	1	2
3R	15213401	15213466	1	2
2R	13490872	13491435	-1	2
2R	17457873	17461994	1	2
2R	22856974	22857038	-1	2
2R	9396540	9397511	-1	2
2L	2178168	2178413	-1	2
3R	26698021	26698098	-1	2
3L	22786001	22787501	1	2
3L	15864121	15864602	-1	2
3R	18628925	18628997	1	2
2L	10247774	10250281	-1	2
X	6104363	6106142	-1	2
X	9666095	9683122	-1	2
X	3720105	3739974	1	2
3R	4204163	4204213	1	2
4	1038683	1044347	-1	2
3R	10853711	10854029	-1	2
2L	6060615	6060668	1	2
3L	4430905	4432585	1	2
2L	10011909	10012400	1	2
3R	10760204	10760445	-1	2
3R	20798410	20799639	1	2
2L	15749878	15750550	-1	2
3R	23982636	23984356	1	2
X	2340128	2340190	-1	2
3R	5580641	5580724	-1	2
X	12776806	12776869	-1	2
2L	8083495	8116072	1	2
4	1037591	1037646	1	2
3L	9896389	9896454	-1	2
2R	7049966	7050034	1	2
3R	13958886	13960234	1	2
3R	31216402	31216736	-1	2
3R	13637887	13640322	-1	2
3L	9139621	9139906	1	2
X	7646980	7660406	1	2
3L	18890282	18890346	-1	2
3R	30025540	30030764	1	2
X	500438	503678	1	2
X	10629361	10631389	1	2
2R	11577572	11579026	-1	2
X	13784229	13785707	1	2
2L	21390117	21390184	1	2
X	571748	575507	1	2
4	253701	258312	1	2
4	601936	603312	-1	2
X	2059779	2071710	1	2
3L	10506237	10590821	1	2
3R	14860068	14873168	-1	2
3L	23094776	23095014	-1	2
2R	7789713	7789773	1	2
3L	14007479	14037072	1	2
2R	15990674	15990859	-1	2
3R	24785588	24785787	-1	2
2L	8105810	8106840	1	2
2R	15936844	15939976	-1	2
3R	19230429	19230485	1	2
2R	13953557	13953618	-1	2
4	1143869	1146470	-1	2
2R	19094174	19096400	1	2
X	10744391	10744869	-1	2
3L	4407700	4408372	1	2
2R	21198918	21198975	1	2
3L	16079727	16080759	1	2
2R	6745195	6745253	1	2
3L	131959	132081	1	2
2R	10612932	10612986	1	2
X	5333587	5334290	1	2
3L	26013569	26013696	-1	2
X	4698607	4701366	1	2
3L	18800724	18800814	-1	2
3L	9927976	9929102	1	2
2R	10106028	10107467	1	2
2R	12200551	12200775	-1	2
X	14680521	14680592	1	2
4	681136	684581	1	2
X	13265958	13266040	-1	2
X	15989289	15989367	-1	2
2L	19749224	19752659	-1	2
3R	16980364	16981639	-1	2
3R	8004864	8005254	1	2
2L	7135880	7157129	-1	2
3L	13043249	13043729	1	2
3R	31390360	31390589	1	2
3R	29318613	29319231	-1	2
X	17937108	17937162	-1	2
2L	1135082	1138621	1	2
3R	16635189	16639549	1	2
2L	9554269	9555284	-1	2
2L	3806289	3809461	1	2
3R	10581847	10583420	-1	2
3L	16005848	16005914	1	2
3L	14761727	14761784	-1	2
2R	15426628	15447832	1	2
2L	9293242	9295367	1	2
3R	30031047	30031112	1	2
2L	2220429	2220539	1	2
X	11698436	11698500	1	2
X	15836675	15836738	1	2
2L	18271928	18272148	-1	2
3R	9544430	9546798	-1	2
3R	15277556	15277614	-1	2
2R	11665818	11668422	1	2
X	17661975	17668817	1	2
4	571967	573613	1	2
3R	15241204	15241260	-1	2
X	5165351	5174897	1	2
X	5176789	5177486	1	2
3R	20465111	20480693	-1	2
3L	5161809	5162456	-1	2
2R	25253762	25253820	1	2
X	1469099	1469161	-1	2
2R	11217481	11217547	-1	2
3L	17400410	17401102	-1	2
2R	14961842	14962695	-1	2
X	13384363	13384417	-1	2
X	19571705	19571775	-1	2
X	15701587	15701951	-1	2
3R	18274978	18282100	1	2
2L	19409911	19410248	-1	2
2L	19723088	19723363	1	2
2R	7931556	7931611	-1	2
2R	17022727	17022790	1	2
X	16362055	16363342	1	2
X	8434058	8434790	-1	2
3R	27952415	27952475	-1	2
X	5251633	5254554	1	2
3R	21302737	21308377	1	2
3R	3170667	3261908	-1	2
3R	7084482	7084543	-1	2
2R	14276407	14278698	1	2
2L	4840105	4840164	1	2
2R	12275814	12278547	1	2
3R	11396864	11406607	1	2
3L	17070576	17235831	-1	2
4	1126942	1127002	-1	2
3L	20236329	20236434	-1	2
3R	23983737	23984305	1	2
3R	24817737	24817862	1	2
3R	27074755	27076703	1	2
4	137652	142848	1	2
2L	10430383	10430439	-1	2
3R	12384822	12385211	1	2
X	15932622	15932850	-1	2
X	21048599	21048665	1	2
X	5910062	5910433	1	2
X	13986075	13986186	-1	2
X	13352061	13380711	-1	2
2L	17752189	17754148	-1	2
X	18919349	18928283	-1	2
3L	1037844	1038222	-1	2
X	6717940	6718062	1	2
2L	21666005	21666063	-1	2
3R	10154367	10155712	1	2
3L	21420363	21420465	1	2
2R	18119836	18122470	-1	2
3R	11374767	11401092	1	2
2R	17431336	17432251	1	2
3R	5642965	5643024	-1	2
2L	21382104	21390328	1	2
3R	16998573	16998787	1	2
3L	5518720	5528951	-1	2
2R	21395046	21398887	-1	2
3R	28086991	28090072	1	2
X	62729	62874	-1	2
3L	274031	274104	1	2
2L	10269320	10269665	1	2
3L	1317334	1317391	1	2
mitochondrion_genome	12997	13437	-1	2
3L	2942656	2944023	1	2
3L	19619259	19619819	1	2
3R	25040736	25043539	-1	2
2R	15271540	15272552	-1	2
3R	15187043	15187098	1	2
2R	13944781	13947535	-1	2
3L	23272823	23276019	1	2
3R	13015193	13019342	1	2
4	462502	463055	-1	2
X	16838433	16840479	-1	2
2R	24577108	24577176	1	2
3L	1637270	1637674	-1	2
3R	31936716	31936823	-1	2
2R	22919072	22919165	-1	2
3R	22953202	22953347	1	2
2R	22298387	22298567	-1	2
3R	21306591	21307421	1	2
3L	3073479	3083733	1	2
2R	10515127	10533865	-1	2
3R	28283931	28284001	1	2
3L	3149480	3149628	1	2
3R	21298102	21298963	1	2
X	10278231	10278293	-1	2
2L	8711638	8711701	-1	2
X	22534837	22536854	-1	2
X	11932202	11932299	-1	2
2L	13209600	13209660	1	2
2L	13018178	13018790	-1	2
3R	9786078	9786135	1	2
3R	27966488	27966553	1	2
3R	24703054	24703118	1	2
3R	18248084	18248616	1	2
4	1059837	1064245	-1	2
2R	17700704	17700901	1	2
X	17937161	17966774	-1	2
3R	4698256	4699717	1	2
2R	9396425	9397544	-1	2
3R	20966614	20970883	-1	2
X	10814094	10814621	-1	2
X	19653639	19653693	1	2
3R	21358439	21358883	-1	2
X	16527784	16528017	-1	2
3L	4564871	4566478	1	2
2L	5012271	5018584	-1	2
2R	16107681	16108113	-1	2
3R	5811002	5813243	1	2
3L	10881863	10882007	-1	2
2L	18853021	18855010	1	2
2R	9528628	9530090	1	2
3L	10641795	10646863	-1	2
3R	24815257	24815319	-1	2
3R	25098908	25099196	1	2
3R	18228074	18228446	1	2
3R	10205179	10205250	-1	2
3R	18271120	18271205	1	2
3L	5664448	5665177	1	2
3L	3171404	3171732	1	2
X	17966587	17967052	-1	2
X	5561780	5564235	1	2
2L	21214648	21220260	-1	2
mitochondrion_genome	12026	12086	-1	2
2L	21121740	21122251	1	2
3R	14244958	14245021	-1	2
2R	17717228	17717465	-1	2
X	8679990	8680068	1	2
X	21604593	21605174	-1	2
X	1409989	1410062	1	2
3R	21266396	21266511	-1	2
2L	3869477	3869543	1	2
3L	443848	443912	-1	2
2R	2776485	2892118	1	2
2R	24699344	24726929	-1	2
2L	11624708	11626111	1	2
3R	14124863	14124925	-1	2
X	15925394	15926010	1	2
X	13967436	13985392	-1	2
2L	22534739	22534794	-1	2
3R	24068065	24101296	1	2
3R	21364376	21375060	-1	2
3L	11100077	11100139	1	2
2L	6923909	6925486	1	2
X	13713360	13713424	1	2
X	8410539	8410589	1	2
3L	13538547	13538792	-1	2
X	10630538	10631389	1	2
3L	1627052	1627555	-1	2
X	17952774	17952988	-1	2
X	14115116	14115222	1	2
2L	126228	128800	-1	2
2L	5540110	5540169	-1	2
4	618477	618536	1	2
3L	13962220	13962293	1	2
3R	8820968	8822469	1	2
2L	3946698	3989393	-1	2
X	250239	250294	1	2
X	15315980	15316119	1	2
X	13719346	13719411	-1	2
2R	2774461	2775584	1	2
X	9588964	9589110	1	2
2R	17775326	17781135	-1	2
2L	21382279	21390307	1	2
3R	27673819	27673874	1	2
3R	30517150	30518184	-1	2
2R	19177574	19177819	-1	2
2L	18471198	18471259	1	2
X	18161159	18170526	1	2
X	11817824	11830789	1	2
X	16506248	16506348	-1	2
X	13297448	13297527	1	2
3L	11495153	11495342	1	2
3R	18016102	18018075	1	2
2L	14616438	14616503	1	2
X	20805984	20828435	-1	2
3L	22784753	22785260	1	2
3L	27146575	27146628	-1	2
3L	11488295	11496963	1	2
3L	11890394	11890762	-1	2
X	808379	881584	-1	2
2R	4824123	4824292	-1	2
3R	23769244	23769309	-1	2
2R	9877238	9877301	-1	2
3L	326540	326867	-1	2
X	11974340	11975746	-1	2
3L	23926767	23934415	-1	2
3R	18231258	18231347	-1	2
2L	8369561	8369716	1	2
3R	17909589	17916371	-1	2
3L	15066979	15067502	-1	2
3R	9474948	9492649	-1	2
X	5904222	5904512	1	2
2L	21743972	21756554	-1	2
X	13383373	13383469	-1	2
3R	21019389	21019445	1	2
2L	11806158	11806828	-1	2
3R	21302855	21303133	1	2
3L	23147996	23149499	-1	2
4	663283	663337	1	2
2L	2095178	2100031	-1	2
2L	9569199	9571477	1	2
3R	13959931	13960286	1	2
2L	17389531	17392850	1	2
2R	16623523	16623580	1	2
3R	17799241	17799308	-1	2
X	12147556	12152577	1	2
4	132372	133186	1	2
2L	10767013	10767657	1	2
3R	11880396	11880455	-1	2
2R	17546987	17547409	-1	2
3L	21270718	21270986	-1	2
3R	17320453	17320756	-1	2
3R	5597204	5597272	-1	2
X	23253591	23256729	1	2
3R	25261215	25262490	-1	2
2L	16844802	16846751	-1	2
2R	21125003	21125063	-1	2
3R	16292835	16295669	1	2
2L	2793909	2799909	-1	2
2L	4840226	4841291	1	2
3L	5765185	5765341	-1	2
2R	4788346	4788400	-1	2
3L	1649495	1651237	1	2
2L	4966025	4966197	1	2
3R	24258326	24258385	-1	2
X	11894191	11894263	1	2
3L	22752391	22762961	1	2
3R	19454138	19457182	1	2
X	8069567	8069944	1	2
2R	24919685	24921454	1	2
3R	11395426	11400804	1	2
X	4700440	4700730	1	2
2R	16942616	16942674	1	2
2R	17716505	17717381	-1	2
4	695338	695697	-1	2
2R	16183952	16184606	1	2
2L	21382131	21390959	1	2
3R	17544337	17544913	1	2
3R	13685439	13685494	1	2
3L	6943102	6944441	1	2
3L	5156963	5160279	-1	2
3L	5679098	5747315	1	2
2R	23714119	23714666	1	2
3L	17400555	17400817	-1	2
X	1409562	1410100	1	2
3L	9963885	9965838	1	2
3L	15560824	15560999	-1	2
2R	10648423	10648481	-1	2
2R	16758403	16759252	-1	2
3L	3471785	3471932	-1	2
X	3340837	3343550	1	2
X	5331620	5331682	1	2
3R	15150469	15151865	1	2
2L	19509209	19511492	-1	2
2R	8874863	8874935	1	2
2R	6610750	6615651	-1	2
3L	175382	175623	-1	2
3L	3717366	3742954	-1	2
2R	6988266	6988583	1	2
X	22995915	23004488	-1	2
3L	3509454	3509949	1	2
3R	8059528	8061534	1	2
3R	13996974	14031851	-1	2
4	304084	305016	-1	2
X	17068940	17077110	-1	2
3L	1496970	1497595	-1	2
X	20159747	20159841	-1	2
X	11290298	11293127	-1	2
X	10781290	10781594	-1	2
3R	3623706	3636438	1	2
3L	8934141	8934405	-1	2
3L	4429799	4433083	1	2
2R	14253289	14253352	-1	2
2L	21070247	21071269	-1	2
3L	10858802	10874815	1	2
3R	12842858	12842979	-1	2
3L	3087891	3087957	1	2
2L	5982652	5985662	1	2
2R	20429777	20431843	1	2
3R	25564128	25574884	1	2
3L	5658291	5659538	1	2
2R	18145969	18146407	1	2
3R	23984101	23984359	1	2
3R	10613457	10613566	-1	2
2R	17581094	17581215	-1	2
3L	1329321	1329401	1	2
X	575627	578001	1	2
2R	5418048	5420627	1	2
2L	6923906	6925527	1	2
2R	24675142	24675210	-1	2
3R	31807081	31809812	-1	2
2R	9207851	9207914	-1	2
X	7933775	7934009	1	2
2L	6928207	6930079	1	2
2R	12750276	12750338	1	2
3L	12750740	12751307	1	2
3R	5592709	5594154	1	2
3R	6385502	6387548	1	2
X	15886353	15887038	-1	2
X	3762858	3781655	1	2
2L	6647303	6647708	-1	2
3L	21134906	21135364	-1	2
3R	15375008	15375174	1	2
2L	16168720	16169518	1	2
X	11424104	11424270	1	2
3R	4301167	4301237	1	2
X	5307617	5308447	-1	2
2L	9294375	9294859	1	2
mitochondrion_genome	13676	17434	-1	2
X	19699137	19699620	1	2
2L	7804919	7805060	-1	2
3R	5638897	5643449	-1	2
3R	26187715	26187771	-1	2
3L	17236052	17237824	-1	2
4	447236	449924	1	2
2L	19457407	19457476	1	2
3L	8536644	8536891	1	2
4	570344	570409	-1	2
3L	15947580	15952102	-1	2
3L	16799955	16805827	1	2
4	190062	193344	-1	2
3L	7854190	7862157	-1	2
3R	18577585	18586279	1	2
2R	19483287	19483349	1	2
3R	7857527	7858631	-1	2
2R	10328990	10329044	-1	2
2L	5803053	5803805	1	2
3R	13154750	13155555	-1	2
3L	24074657	24075049	1	2
2L	8009851	8009905	-1	2
3L	11754147	11756246	-1	2
3L	13522159	13533286	-1	2
2L	10229956	10231539	-1	2
X	9007853	9013311	1	2
3L	1523970	1524027	-1	2
2R	19436480	19436548	-1	2
2L	16696763	16697501	1	2
3R	24851934	24851986	1	2
3R	25994897	25995508	1	2
3R	31595028	31595575	-1	2
X	6228183	6228244	1	2
3L	1501407	1501799	-1	2
2L	420696	458823	1	2
X	7899800	7899897	-1	2
2R	1181595	1187515	-1	2
3R	24984458	24985719	1	2
3L	8616306	8616868	1	2
3R	20909444	20910970	-1	2
3L	19917114	19917183	1	2
3L	21625888	21625957	1	2
X	8517635	8531697	1	2
2L	1722030	1723626	-1	2
2R	927128	927186	-1	2
3R	11396512	11400814	1	2
2L	6483636	6483772	1	2
3L	16586179	16586574	-1	2
3R	21308525	21309914	1	2
2R	22561143	22561919	-1	2
2L	2889774	2953965	1	2
X	18912501	18912585	1	2
X	15991383	15991462	-1	2
2L	5165626	5173471	1	2
X	11429838	11430099	1	2
X	576636	578045	1	2
2R	19447499	19447567	-1	2
4	860484	864394	-1	2
4	568627	570434	-1	2
3R	31851988	31852098	-1	2
2R	23393481	23394917	-1	2
2L	1836784	1837173	1	2
2R	2934036	2952086	1	2
3L	11733827	11736541	-1	2
X	14955440	14955865	1	2
3L	4124052	4130483	-1	2
2R	21184143	21192158	1	2
2R	2050219	2051782	-1	2
2R	9920723	9921610	-1	2
2R	21148773	21153950	-1	2
X	5085994	5089342	1	2
2R	23386234	23386397	-1	2
X	1441855	1452087	1	2
2L	8036577	8037090	1	2
3R	23983904	23984428	1	2
3R	22012861	22012920	1	2
3R	31935379	31935666	-1	2
3L	22293203	22293937	-1	2
2L	7216053	7216862	-1	2
3R	19414623	19415633	1	2
3L	12812221	12812280	1	2
2L	9732875	9743362	-1	2
3L	12134660	12134725	-1	2
2L	6459648	6459716	-1	2
2L	19114567	19114623	1	2
3R	14307971	14308524	-1	2
2R	14680173	14683549	-1	2
3R	13384998	13385104	1	2
2L	8377173	8377225	1	2
3R	12623877	12624561	-1	2
2L	10127878	10136646	-1	2
3R	23127046	23127105	-1	2
3L	13041838	13041982	1	2
3L	13042015	13043691	1	2
3R	5593942	5594345	1	2
3R	9336253	9336483	1	2
2R	15144191	15144600	1	2
3R	15956308	15959320	1	2
X	16337556	16337625	1	2
X	15299070	15305441	1	2
3L	5156232	5272781	-1	2
X	9115909	9115971	1	2
2R	7467494	7473730	-1	2
3L	4182227	4182778	-1	2
3R	5238157	5238213	-1	2
X	2091734	2091802	1	2
X	1832060	1852314	1	2
X	9024138	9024261	1	2
X	22734691	22740542	1	2
X	1044590	1044715	1	2
3L	3420452	3421413	-1	2
X	3571475	3571544	1	2
2L	10994022	10994849	1	2
3R	20958057	20975960	1	2
X	12010867	12010948	-1	2
2L	21124587	21124877	1	2
X	9555024	9555090	1	2
X	17848762	17848819	-1	2
2R	15269758	15270298	-1	2
3R	14891818	14892262	1	2
3R	24156140	24156245	-1	2
2R	14553065	14563011	1	2
2R	7043092	7043718	1	2
3R	25044054	25044110	-1	2
3R	27646526	27647565	-1	2
3L	20471149	20472641	-1	2
3L	3716384	3716446	-1	2
3L	974301	979772	1	2
2R	12026032	12026092	-1	2
2L	9127467	9154659	1	2
2R	25256446	25260421	1	2
2R	21696042	21696599	-1	2
2R	5316480	5326460	1	2
3L	7831811	7832554	1	2
X	20764328	20770176	-1	2
2R	14757439	14757499	-1	2
3L	9969335	9969844	1	2
2L	10788978	10800679	-1	2
2R	17458630	17461994	1	2
2L	6789923	6790618	-1	2
X	8412186	8418351	1	2
2R	24030092	24030401	1	2
3L	9137890	9138582	1	2
3R	30010843	30011450	-1	2
3L	1573621	1576237	1	2
2R	6813117	6813173	1	2
3R	20974449	20976030	1	2
X	9097305	9097355	-1	2
2R	2856544	2919616	1	2
3L	3231797	3231909	1	2
2R	19122614	19122672	-1	2
3R	5273716	5273821	-1	2
X	9174147	9178268	1	2
2L	1140535	1141049	1	2
X	628516	628594	-1	2
X	18826598	18830244	1	2
3L	26013630	26013709	-1	2
3R	6385942	6386003	1	2
3L	16386571	16386632	1	2
3L	167620	168581	1	2
X	16469231	16472779	-1	2
3L	16122917	16125923	1	2
X	15883365	15883433	-1	2
2R	7588972	7589267	-1	2
2R	14761008	14768239	-1	2
X	3256561	3258229	1	2
2L	6056933	6059124	1	2
X	19615106	19615184	1	2
2R	14600299	14600355	-1	2
2R	9994588	9995799	-1	2
2L	14605245	14610684	-1	2
X	10833609	10833675	-1	2
X	19618296	19618405	-1	2
3L	12405161	12412011	-1	2
2R	19217042	19217757	1	2
2R	7569230	7569300	1	2
3L	5658278	5747163	1	2
2R	12919038	12921028	1	2
4	1031954	1032907	1	2
X	14581040	14581582	1	2
4	1068127	1068745	1	2
3R	9876224	9892640	1	2
X	15914278	15914350	1	2
X	22854333	22855043	-1	2
2L	5947333	5947857	1	2
3R	18716653	18718730	1	2
3L	20789172	20790136	-1	2
3R	29832349	29833193	-1	2
3L	5692036	5692473	1	2
3L	9108074	9108136	-1	2
X	11619172	11619540	1	2
2L	12540292	12540506	-1	2
X	14322505	14337500	1	2
2L	9714916	9715158	-1	2
2L	7237791	7244974	-1	2
2R	14992902	14992955	-1	2
2L	2223634	2223705	1	2
3R	2308787	2402596	1	2
X	21628755	21628848	-1	2
2R	10766551	10782320	-1	2
2L	5166678	5169014	1	2
X	8223867	8223956	1	2
X	6684670	6686914	1	2
3L	9158079	9161264	-1	2
X	6926937	6927089	1	2
3L	12500153	12500212	-1	2
3R	17688620	17693715	-1	2
3R	947571	948099	1	2
3L	5747126	5747890	1	2
2L	6873545	6873933	1	2
3L	19575060	19584322	-1	2
2R	23467619	23467693	1	2
3R	23260162	23260221	1	2
X	1483741	1486424	-1	2
3R	21949459	21949640	1	2
X	11272213	11273304	-1	2
2R	2257845	2259983	-1	2
3R	21805176	21813149	-1	2
2L	8363885	8363975	-1	2
2R	10107641	10109326	1	2
3L	10221133	10221394	-1	2
X	15930256	15930323	-1	2
3R	14367497	14369390	-1	2
X	2368645	2368704	-1	2
3R	31598900	31601920	-1	2
2R	5669553	5669856	1	2
2L	6968923	6969865	-1	2
3R	5790825	5790884	1	2
3L	5569362	5573632	1	2
X	4869555	4894618	1	2
3R	10327664	10327729	-1	2
X	6782487	6782561	-1	2
4	872226	875203	-1	2
3R	25040876	25043226	-1	2
2R	7702615	7702674	1	2
2L	10399713	10399768	1	2
X	490229	490302	1	2
2L	19720000	19724659	1	2
4	868027	868102	1	2
3R	8822667	8822767	1	2
3L	4429990	4431851	1	2
3R	20958021	20974295	1	2
2L	6647153	6647794	-1	2
2L	11529718	11530001	-1	2
3R	26270089	26274776	1	2
X	23431677	23457326	1	2
2R	7558622	7558687	1	2
3L	13798156	13803062	-1	2
3L	5738164	5738226	1	2
2R	9916892	9917457	-1	2
2R	9291519	9291842	-1	2
3R	7091049	7091577	1	2
2L	5951820	5951877	1	2
3L	20005490	20008800	1	2
3L	3082228	3083733	1	2
3R	6566883	6592875	-1	2
2L	1997287	1997741	-1	2
2L	110878	112690	1	2
3R	3756254	3756330	-1	2
X	17848402	17848550	-1	2
2L	8665519	8666036	1	2
3L	20488181	20490106	1	2
2L	21256047	21256946	1	2
3L	22229423	22231224	1	2
3L	1626918	1627964	-1	2
2L	21380479	21381899	1	2
3R	21304163	21305638	1	2
3L	17015267	17015514	-1	2
X	21296787	21296850	-1	2
3R	30133133	30134119	-1	2
3L	9130250	9130555	-1	2
3R	27696652	27698515	-1	2
X	10765064	10765510	-1	2
3R	13258442	13259453	-1	2
3R	11372369	11391981	1	2
X	5086870	5087419	1	2
2R	13832469	13832805	1	2
3L	5550912	5551100	-1	2
3R	15359566	15359622	-1	2
X	127596	128921	-1	2
3L	17400644	17400798	-1	2
3L	5811919	5812065	1	2
3R	25125109	25125202	1	2
3L	20351250	20351324	1	2
3R	5812467	5813077	1	2
X	10242881	10254003	-1	2
3L	15494069	15494567	-1	2
3L	23099889	23100245	1	2
3R	16636365	16636429	1	2
3L	3086337	3086398	1	2
2L	1884773	1885025	1	2
3R	20019319	20019465	-1	2
mitochondrion_genome	5419	17402	1	2
2R	10333945	10334896	-1	2
3R	5167266	5169448	1	2
3R	21303167	21303991	1	2
3R	27641495	27643815	-1	2
2R	9844905	9844990	1	2
2R	9291281	9291337	-1	2
3R	27676606	27676662	1	2
2R	17524585	17524704	-1	2
3R	9040093	9040168	-1	2
2L	22534940	22535004	-1	2
2L	77584	77642	1	2
2R	14276240	14277291	1	2
2L	21381669	21381899	1	2
3L	9002227	9002495	1	2
3R	20579233	20579454	-1	2
3R	21297376	21298473	1	2
3L	4074259	4075155	-1	2
2L	1012554	1014385	-1	2
X	6840262	6840364	-1	2
X	11145033	11145154	-1	2
3L	11488556	11495151	1	2
3L	4379581	4380287	-1	2
3L	17400534	17401074	-1	2
X	6684071	6684219	1	2
3L	9107715	9129887	-1	2
3R	6389686	6389758	-1	2
2L	21661637	21661725	1	2
X	22536995	22537256	-1	2
X	22455864	22457427	1	2
2L	18906377	18906466	1	2
2R	9811969	9812482	-1	2
2R	6526196	6526279	1	2
3L	4557583	4580138	1	2
2L	4455333	4456067	-1	2
3R	10617938	10638624	-1	2
X	11935309	11935504	-1	2
2L	199220	201417	1	2
3L	20197803	20197912	-1	2
X	53888	53942	-1	2
3L	9146181	9150420	-1	2
3R	21353735	21375060	-1	2
3L	4582749	4583099	1	2
3R	9523797	9524202	1	2
X	15325526	15325587	1	2
2L	21237347	21238281	1	2
4	280240	281724	-1	2
3L	15494659	15494760	-1	2
X	12790435	12831555	-1	2
3R	26458170	26458240	-1	2
2R	9624777	9657594	-1	2
3R	9719622	9719720	1	2
3L	6591000	6591059	1	2
3R	18581505	18586279	1	2
X	5721203	5721267	-1	2
2L	17454174	17458476	1	2
2L	20175058	20175704	-1	2
3R	4380632	4380703	1	2
2L	3265175	3265643	-1	2
3L	10516178	10517962	1	2
3R	24421905	24451895	-1	2
3L	5749068	5749184	1	2
3L	22273546	22273748	-1	2
2R	21710670	21711121	-1	2
X	9165790	9178498	1	2
2L	5203743	5204451	1	2
2L	19896329	19901933	1	2
3R	27418729	27418781	-1	2
3R	5649661	5649720	1	2
3R	8938889	8939669	1	2
3L	18766959	18797537	-1	2
2L	17719702	17719925	-1	2
3L	18114758	18114823	1	2
3L	5769934	5771618	1	2
2R	17569669	17572097	1	2
2R	15199583	15199635	-1	2
3R	31383209	31384083	1	2
3R	7805652	7807171	-1	2
3R	15076287	15077036	-1	2
3L	5706574	5716097	1	2
2R	15515840	15531583	-1	2
4	201384	201441	-1	2
2L	18864284	18864393	-1	2
2R	10107680	10108228	1	2
3L	22833800	22840681	-1	2
2R	14277407	14279160	1	2
3L	14707972	14724780	1	2
3L	14630193	14630520	-1	2
3R	26699449	26699503	-1	2
2R	16422749	16423017	1	2
2L	10403933	10403993	-1	2
3R	4496724	4538489	-1	2
X	11960743	11961007	-1	2
3L	21889246	21906785	1	2
3R	14733002	14733532	-1	2
X	11334151	11334546	-1	2
3R	4951247	4952190	-1	2
X	18506354	18506416	-1	2
3L	7979681	7980400	1	2
X	20463132	20463187	1	2
2L	2780759	2780874	-1	2
X	1449855	1450980	1	2
3L	13870912	13872651	-1	2
3R	25276061	25276220	-1	2
2L	16973322	16973448	1	2
2R	24285075	24285360	1	2
Y	132628	200803	1	2
X	5721697	5721962	-1	2
2R	14260140	14260197	1	2
2R	25255004	25256581	1	2
2L	12431683	12432122	-1	2
2L	21315323	21319419	1	2
3R	21225031	21225098	1	2
2R	16762034	16762097	-1	2
2L	13513474	13534907	-1	2
3R	5083916	5086263	-1	2
4	456750	457855	1	2
3R	11402254	11402612	1	2
2L	9716307	9716360	-1	2
2R	7796173	7796231	1	2
3L	21217153	21217567	1	2
2R	12590746	12590915	-1	2
2L	1619971	1620040	-1	2
2R	2145266	2214357	-1	2
2R	8169441	8169504	1	2
X	16841871	16841937	-1	2
X	11280317	11289822	-1	2
2R	10736056	10736657	1	2
3L	23024170	23029837	1	2
X	4427353	4428198	1	2
X	18550260	18554230	1	2
2R	14276407	14299421	1	2
2R	14277531	14279106	1	2
3L	5658291	5664964	1	2
2L	5769687	5769748	-1	2
2L	21661201	21661348	1	2
3L	22833800	22841192	-1	2
3L	2895519	2897244	1	2
3R	27950595	27951923	1	2
3R	28985228	28985297	-1	2
2L	2798837	2799489	-1	2
X	15112897	15113574	1	2
2L	19991693	19999248	-1	2
X	1042433	1043213	1	2
3L	5685577	5703925	1	2
X	515052	516026	-1	2
3R	5597938	5598204	-1	2
3R	31813827	31817819	1	2
X	7075360	7079298	-1	2
3L	21025549	21027330	-1	2
2R	16138885	16140330	-1	2
3L	3984495	3993808	1	2
mitochondrion_genome	2868	10762	1	2
2R	17717083	17717174	-1	2
X	8559580	8559653	-1	2
X	6763433	6764097	1	2
2L	3027283	3027339	-1	2
3R	23998947	23999007	-1	2
X	4698663	4701019	1	2
X	13860874	13985825	-1	2
2L	21287995	21288052	-1	2
3L	19998386	19999390	-1	2
3R	5607562	5612630	-1	2
3R	6364712	6365004	-1	2
3L	6690328	6690388	-1	2
X	8925697	8999240	1	2
3L	8987226	8987285	1	2
2R	17797862	17797925	1	2
3R	20974318	20974380	1	2
3R	21302841	21303256	1	2
2L	10224887	10224952	-1	2
2L	1012543	1013260	-1	2
3L	4127163	4129651	-1	2
3L	8439683	8440728	-1	2
2R	2499030	2508124	-1	2
2R	16635487	16637949	-1	2
2L	9294362	9295187	1	2
X	13967991	13985721	-1	2
2L	16905595	16905660	1	2
2R	21392717	21392876	-1	2
X	5251518	5254577	1	2
X	15991383	15991893	-1	2
2L	19777021	19777082	-1	2
2R	9135996	9136952	-1	2
3L	984059	984137	1	2
X	18550230	18554261	1	2
3R	6390510	6390588	-1	2
3L	22308192	22340462	-1	2
3R	16350991	16356991	-1	2
2L	16325055	16325494	-1	2
3R	12843113	12843177	-1	2
3R	23983895	23984469	1	2
2R	16326749	16326811	-1	2
3L	25421784	25480784	-1	2
2R	9128198	9128257	-1	2
3R	11336680	11338237	1	2
2R	14276380	14277516	1	2
X	19614383	19614442	1	2
2R	15467112	15471812	1	2
2R	15212556	15212607	-1	2
3R	17920022	17920160	1	2
3R	24760772	24765014	-1	2
X	12633432	12633913	1	2
2R	17564126	17564178	1	2
2R	7455071	7456465	-1	2
X	687859	704891	1	2
3L	20500242	20504556	1	2
3L	5155938	5157981	-1	2
3R	4950753	4952453	-1	2
2L	10265772	10265827	1	2
2R	14622021	14622240	1	2
X	12868410	12869401	-1	2
Y	132628	200775	1	2
3L	17400534	17400839	-1	2
2R	14083304	14084700	-1	2
3L	23019613	23020656	1	2
2L	10431420	10431477	1	2
3L	2633810	2637068	1	2
3L	256591	256649	-1	2
2R	18156166	18157973	-1	2
4	570534	570604	-1	2
3R	13001880	13001949	1	2
4	939045	949272	1	2
3L	7159373	7189588	-1	2
3R	11396498	11400814	1	2
X	6868781	6869261	1	2
X	4076427	4076545	1	2
3L	16141265	16141327	-1	2
3R	21310618	21314065	1	2
2L	20028330	20045055	1	2
2R	10722433	10722779	-1	2
3R	20964400	20973891	1	2
2R	9300029	9302524	1	2
X	11977045	11977462	-1	2
2R	23878805	23880644	1	2
2L	15063111	15065360	-1	2
3L	21615420	21615520	-1	2
2R	13944089	13946593	-1	2
2L	7999168	7999392	1	2
2L	8338666	8340184	-1	2
3R	22072042	22074449	1	2
2R	21698209	21698388	-1	2
3L	7145173	7145231	-1	2
3R	25040707	25043544	-1	2
2R	890554	989861	-1	2
4	584019	584762	1	2
2L	16249634	16249707	-1	2
2R	11477270	11504929	1	2
3R	27778581	27778912	-1	2
X	13591693	13593134	1	2
3R	6407166	6407478	1	2
2R	25255165	25256742	1	2
2R	5144859	5148201	1	2
2R	5148234	5148776	1	2
3L	17638416	17639350	-1	2
2L	2409407	2410532	1	2
2R	7717843	7718442	-1	2
X	14794390	14794461	-1	2
2L	9910433	9910489	-1	2
3R	22301393	22301464	1	2
2R	21086938	21087781	1	2
3L	9154249	9158294	-1	2
3L	15868648	15869830	-1	2
3L	13848555	13848611	1	2
2L	15093684	15094679	1	2
X	13380803	13382037	-1	2
3L	18750638	18750894	-1	2
2L	10841681	10841783	-1	2
X	252804	253069	1	2
3L	22067231	22069205	1	2
2R	24385049	24388459	-1	2
3L	20773868	20776685	1	2
3R	27563758	27564270	-1	2
2L	21711411	21712769	1	2
2L	5327677	5327748	1	2
3L	18872395	18872451	-1	2
2L	13782946	13782997	-1	2
2L	10768891	10768948	-1	2
2L	10620636	10621420	1	2
2R	7936421	7936485	1	2
3R	29048562	29048669	1	2
3L	14003416	14007237	1	2
3L	24210507	24218588	1	2
3L	9447063	9448388	1	2
2R	24048261	24048335	-1	2
2L	18446717	18446781	-1	2
3L	5433227	5433291	1	2
3R	26042544	26042995	1	2
X	4117396	4117964	1	2
3R	10105502	10105559	-1	2
X	15954445	15958452	-1	2
X	12917639	12941821	1	2
X	6684071	6684133	1	2
3R	9707620	9707685	-1	2
Y	124280	132453	1	2
3R	14807332	14807390	-1	2
3R	11880083	11880138	-1	2
2R	15155841	15189210	1	2
X	11609308	11609402	-1	2
X	15182867	15183100	1	2
X	2671232	2671308	1	2
2L	12994238	12997462	-1	2
3R	23983798	23984290	1	2
2R	15938979	15939037	-1	2
X	4658333	4659929	-1	2
2L	8003464	8003525	-1	2
3R	6192646	6193256	1	2
3L	16070571	16070833	1	2
3R	5593339	5594534	1	2
X	9355176	9356212	-1	2
2R	24559493	24560077	-1	2
2R	11593473	11603508	-1	2
2L	16559945	16597211	1	2
3L	326359	326422	-1	2
3L	11115268	11116141	-1	2
3L	8129549	8129614	1	2
3R	22016356	22024256	-1	2
3R	21817451	21817818	-1	2
3R	18015223	18016801	1	2
2R	14740398	14741043	-1	2
2R	20329631	20329709	-1	2
2R	6808416	6808985	1	2
3L	24210143	24253793	1	2
2L	1012588	1046931	-1	2
3R	23692013	23692071	-1	2
3L	4815437	4815493	1	2
X	9554885	9555060	1	2
2R	9594160	9603869	1	2
X	13335874	13335930	-1	2
2L	3714509	3716614	1	2
2R	10722263	10722831	-1	2
4	1046712	1047012	-1	2
X	15861305	15863630	1	2
3R	3170667	3263619	-1	2
X	12296652	12297084	1	2
3L	6952092	6952368	-1	2
3L	7245832	7248715	-1	2
3R	10529463	10533911	-1	2
2L	5169078	5169852	1	2
2R	7569654	7569710	1	2
X	6771935	6772005	-1	2
3L	11519495	11519558	-1	2
3R	21272836	21273341	-1	2
2R	16399422	16420281	1	2
3L	21197246	21197305	1	2
X	17924985	17925362	-1	2
3L	24161536	24186386	1	2
3L	3907979	3908114	-1	2
2L	20874433	20875638	-1	2
2R	21395046	21399175	-1	2
3R	22766727	22787006	1	2
X	9626380	9628205	-1	2
3L	9150813	9152932	-1	2
X	15920003	15920123	1	2
3R	5477759	5478623	1	2
X	22993609	22995150	-1	2
2L	201511	202735	1	2
3L	22878019	22878634	-1	2
3L	13927336	13927394	-1	2
3L	20844487	20846152	-1	2
2R	8328008	8347501	1	2
X	1930587	1938105	1	2
2R	12062609	12062689	1	2
X	16694372	16694618	1	2
X	10226656	10226972	1	2
3R	11391674	11391918	1	2
3L	21025549	21027233	-1	2
3R	10851489	10851601	1	2
3L	5746371	5747868	1	2
2L	7676346	7676579	1	2
3R	23795002	23795066	1	2
3L	268961	270245	1	2
X	2598245	2598371	1	2
3L	1197750	1198054	1	2
3L	7367985	7368890	1	2
4	861388	861793	-1	2
3L	9462799	9463308	1	2
3R	11394888	11394948	1	2
2R	19518927	19519530	-1	2
X	8060159	8060641	-1	2
3R	11591308	11592353	-1	2
4	671388	680440	1	2
3R	31934011	31935169	-1	2
2R	21974751	21974804	1	2
2L	20560769	20561042	-1	2
3R	9522892	9523536	1	2
2L	6408390	6408476	1	2
2R	25269132	25269226	1	2
3R	28473340	28474426	1	2
X	15803899	15805558	1	2
2R	23732504	23732562	1	2
2R	12166793	12167049	-1	2
X	11953758	11954099	-1	2
3L	21346955	21349042	-1	2
2L	21357336	21357764	1	2
3L	1851419	1851662	-1	2
3R	27165021	27165178	-1	2
3L	7684781	7691513	-1	2
2L	831627	831714	1	2
3L	20303116	20303174	1	2
3R	17915165	17916363	-1	2
2R	15267966	15268083	-1	2
X	13986075	13986371	-1	2
3R	17801931	17801987	-1	2
2L	159818	160009	1	2
2R	8903469	8904650	1	2
3R	18181081	18181147	-1	2
3L	13837004	13837073	-1	2
3L	8469683	8470154	1	2
3R	24002749	24002867	-1	2
3R	5860405	5860990	-1	2
X	19495813	19508691	1	2
3R	22409338	22409399	-1	2
3L	18765297	18765580	-1	2
3R	4282510	4282674	1	2
2L	4853017	4854398	1	2
2R	22407326	22407455	1	2
3R	23692813	23692889	-1	2
3R	30004450	30004582	-1	2
X	13853199	13884584	-1	2
2L	5168581	5173163	1	2
X	3340854	3342646	1	2
3R	11751112	11754229	-1	2
3R	19527235	19554818	1	2
4	305181	305698	-1	2
3L	13892081	13901685	-1	2
2R	9144899	9145076	1	2
4	1046712	1047016	-1	2
3L	18901803	18901881	1	2
2L	1012399	1046938	-1	2
2R	14277756	14299512	1	2
3R	11947641	11948837	-1	2
2R	23968245	23968306	-1	2
2R	12617925	12617987	1	2
3L	27171283	27172880	-1	2
3R	16059176	16059243	1	2
X	11940879	11945440	1	2
3R	9358459	9359291	1	2
3L	5748735	5749215	1	2
X	13720352	13720418	-1	2
2R	21148871	21149085	-1	2
3R	23154968	23155809	-1	2
3L	2720608	2721809	-1	2
3L	4681803	4682777	-1	2
2L	13825680	13825735	-1	2
X	6257927	6258096	-1	2
3R	10613506	10613742	-1	2
3L	7143989	7156040	-1	2
X	7021549	7022530	-1	2
3L	17553619	17554340	-1	2
2R	10107859	10107973	1	2
2L	20766041	20766118	1	2
3R	13238200	13243219	-1	2
2L	2140313	2140380	-1	2
3R	17539307	17539362	-1	2
X	15734434	15735580	1	2
3L	1865798	1869308	1	2
3R	19415791	19457576	1	2
2L	9292181	9295204	1	2
4	999194	1003338	1	2
3L	13870104	13878090	-1	2
2R	578992	579044	1	2
2R	17725443	17725502	-1	2
2R	7519538	7519601	-1	2
3R	31055554	31055622	-1	2
2R	21293875	21294060	1	2
2R	1228168	1337452	-1	2
X	9165884	9177168	1	2
3R	11400469	11400748	1	2
2R	24969052	24969118	-1	2
2L	16638265	16639530	1	2
X	9880092	9880379	1	2
3L	3716175	3723855	-1	2
2R	15386569	15387580	1	2
3R	9790772	9790839	-1	2
3R	25595603	25597099	1	2
3R	21299318	21306237	1	2
3R	17377054	17377117	-1	2
3R	23983904	23984290	1	2
3L	17236115	17237824	-1	2
3L	6168325	6168490	-1	2
3R	23983908	23984343	1	2
2R	10156566	10158114	-1	2
2L	15906806	15906864	-1	2
3R	19760335	19760395	1	2
2L	4304831	4325226	-1	2
3L	8599998	8600087	-1	2
X	2020921	2022443	1	2
3L	5156487	5157942	-1	2
2L	9910227	9910286	-1	2
2L	8089555	8110348	1	2
2L	19046287	19047959	1	2
3R	20974043	20976045	1	2
X	15511593	15539602	-1	2
X	17857651	17858052	1	2
X	5176463	5177531	1	2
X	17932225	17932278	-1	2
2L	14040419	14041321	1	2
2R	1608771	1614981	1	2
3R	17909559	17915008	-1	2
3L	21306199	21315303	1	2
2R	2849597	2952106	1	2
3R	5608639	5609650	-1	2
2L	13180101	13180161	1	2
X	15886216	15887038	-1	2
2L	19446853	19446909	1	2
2R	17671807	17671865	-1	2
2L	15063103	15064155	-1	2
X	9175978	9182961	1	2
3L	17455486	17456557	1	2
3R	8817720	8818817	-1	2
3L	19610745	19610802	-1	2
X	22995915	23004106	-1	2
2L	20311546	20344655	1	2
3R	15934305	15934363	-1	2
X	15937032	15937591	-1	2
3R	20965731	20975954	1	2
X	16527900	16532589	-1	2
2R	6828668	6829561	1	2
2L	6721597	6721650	-1	2
3R	16349800	16349886	1	2
X	13446278	13453282	1	2
3L	972403	973636	1	2
3L	14219937	14225431	1	2
X	11976628	11976693	-1	2
3R	4556992	4557970	-1	2
3R	16550930	16551795	1	2
3R	14123751	14124035	1	2
2L	11814379	11859463	-1	2
X	23020395	23022887	1	2
2L	15095444	15095502	1	2
3R	8817742	8818586	-1	2
X	62916	62971	-1	2
2R	7391085	7391147	-1	2
X	16288137	16288225	-1	2
X	3476947	3477738	-1	2
3L	4580922	4583159	1	2
X	5379510	5393929	1	2
2L	11794514	11794565	-1	2
3R	21626851	21637753	-1	2
3R	12563120	12595395	-1	2
2R	10087769	10090543	1	2
X	15176000	15176058	1	2
2R	10469886	10469946	-1	2
3L	22293496	22295170	-1	2
2R	7538713	7538772	-1	2
2R	15426628	15452857	1	2
3R	24827272	24827332	-1	2
X	6738004	6739490	-1	2
X	19643465	19643865	1	2
2R	16111927	16111983	1	2
X	1941057	1941124	1	2
X	22740621	22832404	1	2
3R	20309914	20309998	1	2
2R	16324864	16325943	-1	2
3R	27599339	27599492	-1	2
3L	9105484	9105827	-1	2
3L	16405837	16407021	-1	2
3R	23983890	23984354	1	2
3R	21308139	21308417	1	2
2L	10328741	10328804	-1	2
2R	14493514	14494947	1	2
3R	27290946	27291437	1	2
3R	17006232	17007095	1	2
3L	9123911	9125118	-1	2
3L	7310315	7310970	-1	2
2L	7886983	7902190	1	2
3L	20016347	20016409	1	2
X	18039576	18039660	-1	2
2R	8066592	8066679	-1	2
2R	13187909	13189561	-1	2
3R	16464562	16464698	-1	2
3L	5155953	5158169	-1	2
3L	5929759	5930170	1	2
2L	11097300	11097408	-1	2
4	446178	446631	1	2
2R	2119245	2245972	-1	2
2R	23390249	23390305	-1	2
X	15299699	15305441	1	2
2L	7864990	7865852	-1	2
2R	2923969	2924377	1	2
3R	13016794	13019342	1	2
2R	9292870	9297266	1	2
3L	17114527	17116401	-1	2
X	18882737	18882810	1	2
2L	11993793	11993857	1	2
X	2524403	2544465	-1	2
3R	20940136	20945164	-1	2
3R	26532423	26534954	-1	2
3R	18515064	18515139	-1	2
3L	21025549	21027140	-1	2
3L	6949681	6950222	-1	2
2R	9885138	9885200	-1	2
2L	13354750	13354942	-1	2
3L	12645046	12645113	1	2
2L	10241059	10241133	1	2
2L	11096476	11096536	-1	2
2R	12671350	12671557	-1	2
2L	1865217	1865459	-1	2
3R	30424046	30424101	1	2
2L	18211299	18246025	-1	2
X	16441339	16441403	-1	2
3R	3850236	3864296	1	2
X	1217833	1233932	-1	2
2L	9291271	9295440	1	2
2L	16977051	16984610	1	2
2L	5523615	5523672	-1	2
3L	11496434	11496788	1	2
3L	21420076	21424122	1	2
X	13381923	13382611	-1	2
2L	2985414	2985476	-1	2
3R	22015761	22015827	1	2
2R	2807696	2809267	1	2
3L	12743173	12743513	1	2
2L	11143447	11143509	-1	2
X	15795102	15795965	-1	2
3R	31216902	31217107	-1	2
4	95003	97822	1	2
3L	17544618	17544677	1	2
2L	18129189	18129660	1	2
X	21600888	21602786	-1	2
mitochondrion_genome	13012	13350	-1	2
X	6069484	6069838	-1	2
3R	13021115	13021176	1	2
3R	12220986	12221116	-1	2
4	280142	305064	-1	2
2R	8173370	8173480	-1	2
X	18186398	18192331	-1	2
3R	24159540	24159648	-1	2
3L	17545434	17545508	-1	2
X	16469064	16476140	-1	2
2R	12338592	12339409	1	2
4	191387	193344	-1	2
3R	23983921	23984236	1	2
3L	2653658	2653718	1	2
3L	9462044	9463061	1	2
X	8294242	8295710	1	2
3L	3899478	3899706	-1	2
3L	7667782	7693275	-1	2
X	4322721	4322961	1	2
3R	27257481	27257544	-1	2
2R	2553205	2555704	-1	2
3R	29741370	29741698	1	2
3R	26649441	26651096	-1	2
3L	5160643	5161163	-1	2
X	16452189	16452731	1	2
X	18571581	18596236	1	2
3R	11399820	11400682	1	2
3L	3909040	3909221	-1	2
2L	20830074	20830281	1	2
X	19740940	19741117	-1	2
3R	30206650	30206786	1	2
3L	20352647	20352807	1	2
X	13295625	13295689	-1	2
3L	12265059	12266277	-1	2
3R	11433965	11434172	-1	2
X	15735443	15735541	1	2
X	6266742	6266855	-1	2
3L	3793505	3794517	-1	2
2L	8039463	8040469	1	2
X	15994915	15995744	1	2
3R	18757566	18757628	-1	2
3L	7832805	7832864	-1	2
X	4699538	4728415	1	2
3L	17128972	17164913	-1	2
3R	17674910	17677455	-1	2
3L	7323869	7323924	-1	2
X	15896473	15902305	1	2
3L	5747434	5747764	1	2
3L	24239486	24239839	1	2
3R	24873250	24873359	-1	2
2R	10110548	10111105	1	2
3L	17164955	17167015	-1	2
3L	17534064	17534133	1	2
X	10192131	10193345	1	2
2L	10484194	10484254	1	2
2L	6570918	6572021	-1	2
2L	13212944	13213009	-1	2
3L	3759259	3765605	-1	2
3L	6951972	6952869	-1	2
3R	27561825	27580213	-1	2
3R	21809131	21815074	1	2
2L	17838993	17849459	1	2
3R	10263416	10263477	1	2
2L	12362650	12385562	1	2
2R	17581346	17581406	-1	2
2L	20311742	20348165	1	2
3L	5717739	5720877	1	2
3R	15079675	15080102	-1	2
2R	12609016	12611793	1	2
X	12592949	12593007	-1	2
3R	18586787	18589314	1	2
2R	25032680	25036593	1	2
2L	740965	743338	-1	2
X	1397079	1397298	1	2
X	12948549	12950265	1	2
2L	10416637	10416691	1	2
2R	12259838	12260040	1	2
3R	20626594	20626760	1	2
2L	9294331	9295492	1	2
2R	18630569	18630629	-1	2
3L	13798506	13803079	-1	2
2R	14179255	14179313	1	2
3L	3993342	3993738	1	2
X	12633032	12633913	-1	2
2R	21717020	21717098	-1	2
3R	12225520	12225582	-1	2
3R	16513044	16513229	1	2
3L	17078199	17084108	-1	2
3L	17084157	17128879	-1	2
2R	24912174	24912253	1	2
2R	11446190	11447156	1	2
3L	21382563	21402491	1	2
3R	22585872	22586005	1	2
X	5839652	5840726	1	2
2L	6920862	6922731	1	2
X	5758889	5759002	1	2
2L	18697755	18697824	1	2
X	15482687	15483025	1	2
2R	15572758	15572813	1	2
3R	24044291	24044358	-1	2
X	647526	647610	1	2
X	15870566	15871361	1	2
2L	12439826	12440996	1	2
3L	21025549	21027225	-1	2
3R	22413280	22413361	1	2
2R	9232733	9234445	-1	2
2L	9295247	9295438	1	2
X	17878519	17886525	-1	2
2R	2728090	2754522	1	2
3L	6024893	6025009	1	2
X	22771552	22774790	1	2
3R	3850099	3864657	1	2
3R	21786210	21822623	-1	2
3R	21304528	21309808	1	2
2L	5042888	5042961	-1	2
2R	24770549	24770945	-1	2
3R	21303607	21308418	1	2
X	3721648	3781655	1	2
3L	8263120	8265894	1	2
3R	3410580	3428836	-1	2
2R	14603290	14603348	-1	2
2L	22925499	22925566	1	2
2L	1012599	1015831	-1	2
3R	24064910	24065056	-1	2
3R	23622650	23626597	-1	2
3R	7901043	7901384	-1	2
2L	5074030	5074092	-1	2
2R	9309271	9310759	-1	2
4	1192649	1192706	-1	2
3R	15793156	15793210	1	2
4	915386	927961	-1	2
3R	24002747	24002868	-1	2
3L	18766913	18770438	-1	2
2L	1173320	1173380	1	2
2L	6853869	6930025	1	2
X	13130401	13130945	-1	2
3L	3200955	3201017	1	2
2L	21382137	21390214	1	2
2R	19546060	19574003	-1	2
2R	11442590	11451649	1	2
3L	17603023	17619075	-1	2
2L	5174601	5174779	1	2
2L	12506672	12536275	-1	2
3L	16405147	16411571	-1	2
3L	20349207	20350305	1	2
2R	14760484	14768228	-1	2
3R	30491792	30491860	1	2
X	8905589	8906109	-1	2
3R	19095075	19095988	1	2
3R	31779509	31779563	1	2
3R	8828319	8828835	-1	2
2R	22360289	22372777	-1	2
3L	20855041	20855104	-1	2
2R	9841245	9841874	-1	2
2R	8631507	8631605	-1	2
3R	18426310	18435507	-1	2
X	6681174	6683113	1	2
2L	10437962	10438041	1	2
3L	3984672	3988604	1	2
2R	17265565	17379194	1	2
3L	2925840	2953682	1	2
2L	16638263	16639531	1	2
3R	21580689	21580767	-1	2
2L	12538905	12539361	-1	2
3R	21785941	21820928	-1	1
3L	7661507	7663259	-1	1
4	874468	875203	1	1
X	23283222	23456990	-1	1
X	16382844	16382906	-1	1
2L	1010633	1011348	-1	1
4	1302721	1302786	1	1
4	1302813	1302886	1	1
4	1302906	1314676	1	1
3R	5270231	5334964	-1	1
X	5904260	5904555	1	1
2R	16071276	16071328	1	1
2R	4744638	4749222	1	1
2L	4838378	4838992	1	1
3L	21063677	21063991	1	1
3L	11496243	11498866	1	1
X	11823386	11830990	1	1
2L	17708221	17709439	-1	1
3L	21270723	21270986	-1	1
3R	4951027	4951111	-1	1
3R	21096183	21097251	1	1
X	9337238	9337698	-1	1
X	10259489	10261046	-1	1
2L	4446762	4446942	-1	1
3R	5492596	5492654	1	1
3L	17236063	17237948	-1	1
4	503738	515721	1	1
3R	5596097	5597878	-1	1
2R	14215703	14215953	-1	1
2L	2756411	2757850	1	1
3L	6112199	6112371	1	1
X	1642079	1646899	1	1
3R	21308549	21308740	1	1
2R	16531066	16531232	1	1
2L	19612797	19613266	1	1
2L	6791638	6791701	-1	1
3R	18167868	18169657	1	1
3R	26532476	26534605	-1	1
X	4698663	4699616	1	1
X	11369806	11373817	1	1
X	15897296	15898955	-1	1
2L	22124217	22124787	1	1
X	15983232	15983328	1	1
3L	9046295	9048774	-1	1
3R	16643909	16644018	1	1
2L	21681559	21682039	-1	1
3L	20834043	20835969	1	1
3R	21803390	21803684	-1	1
2R	16045018	16045609	1	1
X	8283014	8329570	-1	1
2R	10505123	10505709	-1	1
X	16458362	16475607	-1	1
X	23097732	23097793	1	1
2R	1262139	1351603	-1	1
2L	20690457	20713599	-1	1
3L	12746828	12746898	-1	1
X	7995798	7995885	1	1
2L	21688553	21700672	1	1
mitochondrion_genome	4418	4573	1	1
3R	13260487	13261605	1	1
2L	2963584	2968353	1	1
2R	18753560	18754473	1	1
3R	8814685	8815001	-1	1
3L	25843770	25961473	-1	1
3R	20814091	20814201	1	1
2R	4351219	4378749	-1	1
2L	5099674	5099892	-1	1
3R	30556950	30559977	-1	1
2R	19518027	19523252	-1	1
X	12941859	12942102	1	1
2L	8564297	8631027	1	1
3L	9963898	9965847	1	1
3L	569817	569879	1	1
2R	6210484	6210547	-1	1
3R	21302859	21309614	1	1
2L	2882834	2882920	-1	1
3R	27581183	27582002	-1	1
3L	1600061	1600193	1	1
3L	17400579	17401097	-1	1
mitochondrion_genome	12911	13714	-1	1
3R	28147726	28239108	1	1
2R	16325345	16330337	-1	1
X	17009274	17012877	-1	1
3R	4301156	4301252	1	1
3L	9734190	9734504	-1	1
2R	2119019	2119108	-1	1
3R	17389109	17389297	1	1
2L	343666	347858	1	1
X	14686286	14686701	-1	1
X	510838	518394	-1	1
3R	21298965	21306067	1	1
X	13669745	13670132	1	1
2R	16763134	16763198	1	1
2R	19447493	19447566	-1	1
X	10214726	10226378	1	1
X	9172884	9177604	1	1
3R	20299409	20299465	1	1
3R	19025843	19025902	1	1
X	15762122	15762175	1	1
X	6869696	6880473	1	1
3R	21308365	21310279	1	1
3L	3507208	3507298	-1	1
X	648589	649098	-1	1
2R	17050176	17050233	1	1
3L	4074162	4074467	-1	1
X	14643661	14700734	-1	1
2R	16751655	16752261	-1	1
3R	25293852	25293908	-1	1
2L	11820308	11829468	-1	1
4	188170	188230	-1	1
3R	11838231	11858687	-1	1
2R	14358473	14358649	-1	1
3R	23956998	23957146	-1	1
2L	12492912	12502717	-1	1
3R	20537464	20538453	-1	1
2L	10346512	10346573	1	1
X	16458393	16459809	-1	1
X	4357881	4358276	1	1
3R	16441160	16441213	1	1
3R	20204973	20206198	1	1
3L	5695484	5723668	1	1
2R	21630816	21630873	1	1
2R	3071896	3072580	1	1
2L	18017239	18018162	1	1
2L	1103536	1107891	-1	1
X	22498620	22502636	1	1
3L	6943001	6944432	1	1
2R	16757926	16757993	-1	1
3R	13639328	13642167	-1	1
3L	2556867	2556942	-1	1
2L	221783	222830	-1	1
3R	30165169	30165652	-1	1
2L	11987388	11987696	-1	1
3R	23984148	23984461	1	1
3R	29827654	29827850	-1	1
X	4698681	4701981	1	1
2L	1012554	1046970	-1	1
X	5692800	5693041	-1	1
3L	8435961	8436022	-1	1
2L	9293162	9293265	1	1
3R	11988800	11989210	-1	1
2L	13610579	13630706	1	1
X	11622062	11623753	1	1
X	17147201	17148204	1	1
3L	4584223	4585868	1	1
3R	24104980	24105437	-1	1
X	13590114	13590474	1	1
2R	21502480	21510118	-1	1
3R	13691854	13693753	1	1
3R	8827721	8831755	-1	1
3R	17915116	17916139	-1	1
2R	2934059	2952106	1	1
2R	5094227	5095001	1	1
2R	6626225	6632324	-1	1
4	1095025	1127780	1	1
3R	9179082	9213760	-1	1
3L	11123411	11124965	-1	1
X	19347734	19347963	-1	1
3R	23227847	23228311	-1	1
3R	27666540	27667100	1	1
X	5086258	5222270	1	1
3L	12785809	12785871	-1	1
3L	20296543	20296607	-1	1
3R	23981902	23982314	1	1
3L	24079547	24161137	1	1
X	13386432	13386589	-1	1
3R	19415825	19457434	1	1
3L	13664752	13666741	-1	1
X	576134	578184	1	1
3R	25994886	25995494	1	1
2L	2580582	2580644	1	1
X	9586183	9628044	-1	1
X	12655317	12655378	-1	1
2L	9870521	9877102	1	1
2L	10487560	10487617	-1	1
X	7074846	7077897	-1	1
2R	13953334	13953498	-1	1
2L	8631124	8640587	1	1
2L	9294678	9294961	1	1
2R	2843804	2843931	1	1
Y	132534	200775	1	1
2R	10156802	10158188	-1	1
2R	7322398	7322560	-1	1
2R	9856211	9860370	-1	1
3R	22474678	22475162	1	1
2L	13350230	13350658	-1	1
X	12832341	12896718	-1	1
2R	18356722	18356900	-1	1
2R	17352306	17361980	1	1
3L	22223848	22228997	1	1
3R	12294560	12300479	1	1
X	13998863	14013472	1	1
2L	2791480	2791532	-1	1
3R	3623276	3626910	1	1
4	305179	306060	-1	1
X	12128511	12128623	1	1
4	1265186	1271352	1	1
3L	7682685	7682913	-1	1
2R	10729720	10730666	-1	1
3R	11336639	11338237	1	1
2R	11452881	11453405	1	1
3L	3893668	3894443	1	1
4	360359	362337	1	1
3R	24064949	24067243	-1	1
2L	12461831	12468291	-1	1
X	22496549	22496664	1	1
3R	27761466	27764127	-1	1
3R	20974702	20976097	1	1
2R	8949614	8949674	-1	1
X	5086180	5089509	1	1
3L	21048794	21068714	-1	1
X	14103115	14103431	1	1
2R	2487702	2497036	-1	1
2R	12274959	12276107	1	1
3L	7687114	7687571	-1	1
3R	17872929	17909209	-1	1
2R	9285196	9285264	1	1
X	22797306	22866051	1	1
3R	21306975	21307254	1	1
X	19520828	19521673	-1	1
3R	5601670	5601733	1	1
3R	28318321	28319853	-1	1
3R	27917773	27917951	1	1
3R	9986834	9986897	1	1
3R	11169901	11169973	-1	1
2R	14762797	14762919	-1	1
X	10748027	10748098	1	1
3L	11774921	11775105	-1	1
3L	5565606	5566431	1	1
2R	951341	951470	-1	1
X	6104616	6106198	-1	1
X	5479156	5480814	1	1
X	10158752	10184487	1	1
2R	21155338	21155404	-1	1
X	12649246	12708547	1	1
X	9131085	9295009	-1	1
2L	20447570	20455459	1	1
2R	4594482	4595008	-1	1
3L	228082	230884	1	1
2L	18538488	18633660	-1	1
X	23262667	23270799	-1	1
3R	24818850	24819729	1	1
2L	14089929	14090035	1	1
3L	7240778	7240855	-1	1
3R	20974201	20974603	1	1
X	2677424	2677561	1	1
2L	10764585	10764693	1	1
3L	9146129	9150658	-1	1
3R	31383204	31384076	1	1
2L	1012413	1016249	-1	1
2L	1360591	1360657	-1	1
X	20888849	20914284	-1	1
3R	9066529	9066627	-1	1
3L	7641035	7641101	1	1
3R	23759914	23760032	-1	1
3R	15956905	15957650	1	1
X	17937013	17937345	-1	1
3R	30808671	30809014	1	1
3L	1667480	1667565	-1	1
2R	9208345	9208417	1	1
4	132766	133186	1	1
2L	12432061	12432122	-1	1
3R	31933984	31936823	-1	1
3L	17053286	17054298	1	1
X	21301979	21302157	-1	1
3R	13305071	13308496	1	1
4	946617	946876	1	1
3R	24560318	24560382	-1	1
2L	11925729	11928543	-1	1
2L	11164756	11165603	-1	1
3R	16197361	16197420	1	1
X	11384617	11384800	1	1
2L	17709622	17711220	-1	1
2R	8141821	8141891	1	1
X	8492031	8509456	1	1
2L	17803498	17806368	-1	1
3L	4371641	4380338	-1	1
3R	18959550	18977289	1	1
2L	8220435	8220623	-1	1
2R	15283014	15284884	-1	1
3R	31055558	31055622	-1	1
2R	7385502	7385558	-1	1
2R	7151853	7152768	-1	1
X	1381127	1385904	1	1
3R	21302303	21302668	1	1
3R	25029591	25031045	-1	1
3L	3138692	3139022	-1	1
3L	4435420	4435945	1	1
X	19007881	19008752	1	1
3R	9990521	9991176	1	1
2L	6928679	6931967	1	1
X	9182522	9183159	1	1
3R	4468405	4468464	-1	1
2L	9682559	9683085	-1	1
3L	21025401	21027244	-1	1
X	7909538	7909878	-1	1
X	7909925	7910709	-1	1
X	23455072	23535443	-1	1
2R	10276264	10279299	1	1
2R	8162707	8162770	1	1
3R	5595861	5595991	-1	1
X	16707935	16708159	1	1
2R	19517958	19523353	-1	1
X	11151559	11152261	1	1
2R	17520929	17522853	-1	1
2L	13968836	13968897	-1	1
2L	14090307	14093293	1	1
2L	13501113	13502063	-1	1
3L	9967781	9967834	-1	1
2R	6242720	6249412	1	1
3L	16160039	16164028	-1	1
X	3693057	3701418	1	1
4	1081208	1082127	-1	1
3R	3623706	3625639	1	1
X	16089789	16090203	-1	1
3L	14799657	14799724	1	1
3R	26049873	26108783	-1	1
3R	9439207	9440610	1	1
2R	18824801	18825497	-1	1
2R	23942602	23944230	1	1
3L	10858450	10858673	1	1
3R	11751774	11763984	-1	1
2R	16107687	16108706	-1	1
3L	11487997	11495945	1	1
X	15382699	15384911	-1	1
2R	12404581	12404636	1	1
2L	2989550	2989927	1	1
3R	25677467	25677528	-1	1
3R	26813777	26814772	1	1
X	9554727	9554996	1	1
X	14269072	14269133	1	1
2R	12087673	12087910	-1	1
3R	19730969	19758845	1	1
2R	14618903	14618959	1	1
3L	1298736	1299664	1	1
X	4347675	4347830	1	1
2R	22854863	22855445	1	1
2R	18688164	18692041	1	1
2R	23675709	23675778	1	1
2R	10640286	10640354	1	1
3L	9510207	9510465	-1	1
2L	8114731	8114916	1	1
X	923552	923605	-1	1
3R	17877427	17877489	-1	1
2L	2718925	2719002	1	1
X	6104294	6104759	-1	1
X	5251492	5254430	1	1
2R	25254833	25259740	1	1
X	18142348	18161013	1	1
2R	10028669	10031085	-1	1
2R	22422008	22422064	1	1
X	20522042	20522264	-1	1
2L	14062076	14062171	1	1
3R	14891877	14891951	-1	1
3L	20438232	20439354	1	1
X	15947743	15972317	-1	1
X	13123844	13126068	-1	1
2L	13550486	13550846	1	1
3L	4368892	4371004	-1	1
3R	21483856	21483952	1	1
3L	2724059	2724677	-1	1
X	12731907	12742177	-1	1
3L	14746405	14746487	1	1
X	5086160	5089533	1	1
3R	20895682	20895745	-1	1
3L	22866035	22867400	1	1
3R	20438209	20449116	-1	1
3R	15791349	15791402	-1	1
4	928152	929822	-1	1
2L	5210890	5210954	1	1
3L	6941778	6952650	-1	1
3R	25358117	25396712	-1	1
X	19740804	19740882	-1	1
2L	6109793	6122005	1	1
2R	24048451	24048639	-1	1
2L	1012410	1014030	-1	1
2L	1652949	1697690	1	1
2R	22004852	22004983	-1	1
2R	16140438	16140500	-1	1
2L	3429209	3429299	-1	1
2R	17432572	17433420	-1	1
2L	4323312	4323691	1	1
2R	6151909	6168890	-1	1
3R	29486216	29486451	1	1
Y	124294	124356	1	1
3R	11754570	11759652	-1	1
3R	24168145	24168474	-1	1
2R	3190779	3190861	1	1
2L	8363879	8363953	-1	1
3L	9901435	9902151	1	1
X	15947754	15972813	-1	1
4	1135302	1135359	1	1
4	584019	584762	-1	1
4	87167	94138	1	1
4	94182	94423	1	1
3L	23341603	23345843	1	1
X	11622186	11622313	1	1
3L	10129493	10182491	-1	1
2R	1441605	1442769	1	1
3R	11401202	11401266	1	1
X	6230173	6230235	1	1
3L	17100560	17102201	-1	1
3R	21309002	21309835	1	1
3L	22318345	22340558	-1	1
X	8022764	8022822	1	1
3L	12771496	12773288	-1	1
3R	11335260	11335562	1	1
X	13259171	13262079	1	1
3L	17400534	17401103	-1	1
X	2458777	2470457	-1	1
3R	26719309	26719367	1	1
3R	31055540	31120223	-1	1
mitochondrion_genome	13015	13161	-1	1
X	9812157	9831636	1	1
3R	26056757	26057147	1	1
3L	1552793	1552884	1	1
3R	17905551	17905646	-1	1
X	9182104	9183195	1	1
2R	12085307	12085952	-1	1
2L	21726050	21728791	1	1
3R	30507825	30507880	1	1
3L	11129686	11134575	1	1
3L	11129488	11134385	1	1
3L	7655406	7656079	-1	1
3L	8893912	8893974	1	1
2R	6213159	6213216	-1	1
4	665306	665934	1	1
2L	1555212	1556540	1	1
3R	1259504	1264431	-1	1
3L	10672749	10678396	1	1
3L	11057953	11058015	1	1
2R	9477488	9477543	1	1
X	8179155	8179239	1	1
X	16469061	16476138	-1	1
2R	21070693	21070960	-1	1
3R	27788373	27788972	-1	1
2R	16048279	16048337	1	1
2R	20662522	20663735	-1	1
2L	14616438	14616503	-1	1
2L	4032770	4056254	1	1
3R	7302692	7303047	-1	1
2R	22540697	22540758	-1	1
X	3481345	3481838	-1	1
2L	19644400	19644474	1	1
2L	9800948	9809176	-1	1
2L	20648122	20648353	1	1
3L	3992247	3993816	1	1
2L	4303619	4304600	1	1
2R	22801808	22802156	1	1
3L	1942238	1942300	1	1
3L	12519633	12520870	1	1
2R	24901056	24904281	1	1
3L	5746668	5749334	1	1
X	18861704	18861810	1	1
3R	7269696	7270724	1	1
3R	14165693	14177264	-1	1
X	18199149	18199774	1	1
X	18199823	18200655	1	1
2R	22925449	22931722	1	1
2R	22662037	22662720	1	1
X	13998790	13999439	1	1
3L	24927164	24927224	1	1
2R	4462381	4469471	-1	1
X	18864808	18883692	1	1
2L	2144626	2144805	-1	1
2R	2825469	2829692	1	1
3R	12475752	12477333	1	1
mitochondrion_genome	13001	13374	-1	1
3R	27151777	27157271	1	1
2L	6912083	6912184	-1	1
X	14797523	14798868	-1	1
3R	4330035	4330100	-1	1
2L	5172339	5174123	1	1
3L	11559161	11561226	-1	1
3L	18800862	18801123	-1	1
X	6702316	6702595	1	1
3R	11816758	11818006	-1	1
2L	10403172	10403222	-1	1
3R	27966005	27966811	1	1
X	2789440	2789746	-1	1
3R	15061646	15062351	-1	1
3L	16052568	16052850	1	1
3L	8315054	8324512	-1	1
2R	24021320	24021376	-1	1
3R	4101389	4101465	1	1
3L	3461671	3462121	1	1
3R	20025926	20025986	1	1
2L	4993648	4993846	-1	1
3R	5203159	5203224	-1	1
3R	8827738	8831772	-1	1
X	6678617	6679826	1	1
X	19195552	19195695	1	1
3L	5607684	5607806	-1	1
X	255825	255881	1	1
3R	21309298	21309851	1	1
X	5334155	5334318	1	1
2L	6923741	6931229	-1	1
X	6104308	6104771	-1	1
2L	11830399	11830903	-1	1
X	5252385	5254316	1	1
3R	11754229	11754312	-1	1
2L	9292170	9295204	1	1
3R	10584087	10638997	-1	1
2R	9613128	9613269	-1	1
2R	24968690	24968966	-1	1
X	4698663	4701949	1	1
2R	7465197	7465513	-1	1
4	253457	258312	1	1
2R	9528628	9541246	1	1
3L	14002195	14003193	1	1
3R	24876000	24876247	-1	1
X	6265027	6266407	-1	1
3R	9572755	9573249	1	1
3R	9573290	9573354	1	1
X	10781311	10781378	-1	1
X	11805819	11805891	-1	1
2R	12273958	12278768	1	1
4	925687	925768	1	1
3L	20138701	20138765	1	1
2R	18769762	18769886	1	1
3R	20779258	20779444	1	1
3L	27279351	27279481	1	1
2R	23830273	23830356	1	1
2R	1074694	1076538	1	1
X	22812048	22816769	1	1
3R	4301158	4301240	1	1
2R	13415958	13418987	-1	1
3L	27083594	27083677	-1	1
2L	21759079	21759231	-1	1
3R	17909493	17909547	-1	1
3R	7084319	7084375	-1	1
3R	24068065	24101296	-1	1
2L	9758754	9759680	-1	1
3L	12240675	12264621	-1	1
X	16434873	16435145	1	1
3R	4301156	4301242	1	1
X	11851719	11851778	-1	1
3R	23921731	23922896	-1	1
2R	13808721	13821630	1	1
X	21425185	21425485	-1	1
3L	4937075	4938260	-1	1
2R	17472810	17473087	1	1
3R	24814639	24814698	1	1
2R	16194684	16194877	-1	1
2R	13827750	13829640	1	1
2L	4828540	4828856	1	1
3R	11604240	11604586	-1	1
2R	18718807	18733661	1	1
3L	227049	230903	1	1
X	7591268	7608923	1	1
3R	7185758	7185814	-1	1
X	8365587	8393756	-1	1
3R	21306982	21308372	1	1
3R	8474422	8476819	-1	1
3R	18980303	18980370	-1	1
2L	21368210	21380543	-1	1
2L	5178000	5179620	1	1
4	883363	883567	-1	1
2R	22561831	22561882	-1	1
3R	8786624	8786698	-1	1
X	577634	577936	1	1
2R	2865643	2866002	1	1
2L	20750663	20750774	1	1
2R	15138982	15139079	1	1
3L	8270599	8271450	1	1
mitochondrion_genome	10985	11277	1	1
3R	31134669	31137402	-1	1
X	6847106	6847170	1	1
2L	21392245	21392451	1	1
3R	15290448	15290502	-1	1
2R	23888403	23888481	1	1
X	13753954	13774440	-1	1
X	13774469	13780020	-1	1
X	6872922	6875932	1	1
X	15823228	15823293	1	1
2R	7854723	7885553	-1	1
3L	17061844	17063566	-1	1
3R	16634620	16635151	1	1
3R	18010151	18013395	1	1
3L	9123777	9123872	-1	1
2L	957210	957279	1	1
3R	11222730	11223395	-1	1
2L	15063119	15064171	-1	1
X	8060098	8061264	-1	1
3R	5593834	5594140	1	1
X	19782521	19782854	-1	1
3R	6187606	6188987	1	1
4	1166853	1186473	1	1
2L	156553	156736	1	1
2L	156793	157308	1	1
3R	9939823	9946459	1	1
2L	14357701	14357755	1	1
2R	3066883	3078966	1	1
4	328882	352336	-1	1
X	17822010	17937549	-1	1
X	11351278	11351691	1	1
X	8465242	8465513	1	1
2R	25002445	25005868	-1	1
3L	227903	230884	1	1
X	10556752	10557218	-1	1
3R	11394693	11402774	1	1
3L	21214098	21214151	1	1
X	8103722	8103788	-1	1
2R	14071118	14071588	-1	1
Y	132457	200771	1	1
3R	4366035	4475935	1	1
2R	23061772	23061836	-1	1
3L	268650	268781	1	1
3R	13025482	13026064	1	1
3L	171869	172061	1	1
X	12128511	12128658	1	1
4	598963	605815	-1	1
2L	1725260	1727663	-1	1
2L	1745162	1745221	1	1
2R	1441800	1442769	1	1
2L	10259174	10259241	-1	1
X	2635032	2641125	-1	1
2R	15986470	15993683	-1	1
3L	9400519	9400583	-1	1
3R	5658708	5659535	-1	1
2R	14180820	14181211	1	1
2L	2400936	2410316	1	1
2L	10841921	10842170	-1	1
X	15954791	15955100	-1	1
X	20028939	20044907	1	1
2L	284211	284748	-1	1
2R	21486496	21486553	1	1
2L	21392775	21392927	1	1
2R	19290161	19290849	1	1
X	12471909	12475640	1	1
X	10182959	10183036	1	1
2R	7053457	7053527	1	1
3L	1572783	1572969	1	1
3L	234653	234982	1	1
3R	27769771	27905763	-1	1
X	1445549	1450866	1	1
4	871182	891995	-1	1
X	7675663	7676795	1	1
2L	10200667	10200869	-1	1
X	6278585	6282563	-1	1
3L	9957941	9961637	1	1
3R	12916405	12918444	-1	1
X	9645273	9665645	-1	1
3R	21303331	21303607	1	1
3R	9738729	9738821	-1	1
X	9880503	9936175	1	1
3L	23093736	23095114	-1	1
2L	5031429	5031776	1	1
X	15995001	15995739	1	1
2L	9797066	9804982	-1	1
2R	5668999	5669059	1	1
X	19523316	19523387	-1	1
X	5401257	5403754	1	1
3R	4957224	4957297	-1	1
3L	4580976	4582905	1	1
3R	5355551	5355834	1	1
X	9177753	9178474	1	1
2L	7444644	7444709	1	1
3L	218196	218280	1	1
3L	10221553	10221611	-1	1
3R	24066345	24105455	-1	1
3L	5692066	5695403	1	1
3L	20334387	20472537	-1	1
2R	7400013	7406038	-1	1
2L	78870	78939	-1	1
X	4699109	4701405	1	1
2R	2499033	2508128	-1	1
3R	2370863	2370951	1	1
X	3762858	3775815	1	1
3L	4430142	4433211	1	1
X	4076791	4087054	1	1
X	18821313	18821379	1	1
2R	2454072	2458786	1	1
X	3256212	3256287	1	1
3R	25876125	25876532	-1	1
4	671544	680440	1	1
X	15863915	15864494	1	1
2L	19120074	19120237	-1	1
3R	18515015	18552889	-1	1
3L	17690963	17691742	1	1
3L	10639857	10639920	1	1
3L	7815568	7816145	-1	1
3R	23980913	23982525	1	1
3L	21439732	21439789	-1	1
X	23217110	23223722	1	1
3L	23341553	23345843	1	1
2L	9743073	9743193	-1	1
2R	14355919	14356602	-1	1
3L	27350322	27350597	1	1
3R	21310481	21313930	1	1
3R	4280823	4282157	1	1
3R	20253212	20253411	1	1
2R	15939258	15939910	-1	1
3R	4295610	4295676	1	1
3R	22611452	22611521	-1	1
X	9779243	9780241	1	1
3L	5156217	5158794	-1	1
3R	23972673	23984833	1	1
2R	9309257	9310746	-1	1
X	6104166	6106848	-1	1
mitochondrion_genome	11877	13061	-1	1
2R	7406131	7406206	-1	1
X	5111170	5278993	-1	1
X	12649051	12651110	1	1
X	2522422	2523405	-1	1
4	104529	107403	1	1
3L	5692066	5695339	1	1
2R	14278731	14279280	1	1
2L	4966969	4967024	-1	1
3R	19416088	19457311	1	1
3R	30388845	30390245	1	1
3L	226244	230766	1	1
3R	27262488	27262555	-1	1
2L	1012410	1013219	-1	1
mitochondrion_genome	6460	11768	-1	1
2L	21775447	21795246	-1	1
2L	21380720	21381821	1	1
2R	3245538	3245588	1	1
X	15725921	15731203	1	1
mitochondrion_genome	2515	2670	1	1
X	3476582	3478235	-1	1
X	10276588	10276728	-1	1
3L	5364210	5364943	-1	1
3L	22265984	22266076	-1	1
3R	17540804	17540976	-1	1
3L	17401119	17401197	-1	1
3R	16146048	16146498	-1	1
3R	21299806	21302943	1	1
X	577019	577928	1	1
X	11795187	11799993	-1	1
2R	21129239	21129464	1	1
3R	8818959	8819056	-1	1
X	15354459	15354536	-1	1
4	611439	611513	1	1
3L	1758655	1758716	1	1
2L	12809632	12810193	-1	1
4	999498	1004827	1	1
X	15071663	15073937	-1	1
2L	18271925	18275463	-1	1
3R	11398316	11400814	1	1
3L	9178780	9182047	1	1
3L	13798349	13803015	-1	1
X	5086917	5088897	1	1
2R	22666544	22666613	1	1
3L	3232678	3233936	1	1
3L	21570655	21570720	1	1
3R	9487130	9493523	-1	1
3L	25968774	25968873	-1	1
3R	9552185	9552261	1	1
X	16076354	16140323	-1	1
X	4869555	4894618	-1	1
2R	13445591	13447132	-1	1
3R	17920423	17920476	1	1
3R	11430125	11430180	1	1
2R	24891917	24892284	1	1
3R	3466330	3466497	-1	1
3R	9439706	9441416	1	1
2L	19717455	19719703	1	1
3R	29136418	29136482	1	1
3L	12645307	12645363	1	1
X	15279628	15440845	-1	1
X	14322940	14324669	1	1
2L	12145232	12170264	1	1
2R	24122147	24123119	1	1
2L	10255271	10255721	1	1
2L	16901222	16901281	-1	1
3R	20966067	20974044	1	1
X	22487595	22507438	1	1
2R	18651507	18651577	-1	1
3R	28564142	28578791	1	1
3R	24105254	24105347	-1	1
3R	17086966	17087802	1	1
3L	17527644	17527706	-1	1
3R	18248313	18248411	1	1
2R	17794157	17799307	1	1
2R	22924365	22924424	-1	1
2L	4322954	4323599	1	1
X	10204492	10204557	-1	1
X	5388378	5396184	1	1
mitochondrion_genome	2747	2920	1	1
3R	27381106	27382308	-1	1
X	16455045	16455527	-1	1
X	9667233	9683829	-1	1
3L	15982569	15982803	-1	1
mitochondrion_genome	13015	13362	-1	1
X	1469545	1484726	-1	1
3L	22077364	22084449	1	1
X	16563910	16565443	-1	1
4	464741	464801	-1	1
mitochondrion_genome	10328	18462	1	1
X	21422500	21422865	-1	1
3L	9124684	9125047	-1	1
2R	7834626	7836576	-1	1
4	583226	583295	1	1
X	628522	628808	-1	1
3R	10145054	10166702	1	1
2L	4822936	4828817	1	1
X	5665011	5665414	-1	1
3R	24528255	24528334	1	1
3R	13002908	13002970	-1	1
4	320045	328169	1	1
3L	24161180	24166284	1	1
3L	24166322	24166438	1	1
3L	24166459	24167763	1	1
X	21625224	21625347	-1	1
3R	20211506	20211747	1	1
2L	9727931	9751920	-1	1
3L	1500389	1501346	-1	1
3R	20018474	20031835	-1	1
3R	25986065	25986119	1	1
2R	24153028	24182751	-1	1
X	283381	285955	-1	1
3R	21119345	21120017	-1	1
3R	15396378	15399113	1	1
2L	14912982	14913146	-1	1
X	18864473	18880061	1	1
3L	22231360	22239167	1	1
4	1148294	1148754	1	1
3L	15893962	15898757	-1	1
3L	240668	240734	-1	1
2R	9994654	9996445	-1	1
3R	11244517	11244787	-1	1
X	12599309	12610133	1	1
X	762992	765080	-1	1
3R	629494	721995	1	1
3L	4574983	4575620	1	1
3L	13666428	13666593	-1	1
2R	13000385	13000927	-1	1
X	12570014	12582750	-1	1
X	16561050	16563328	-1	1
3R	22711992	22712057	-1	1
2L	22982594	22986797	1	1
2R	22378780	22379927	-1	1
X	20045023	20062055	1	1
X	12938667	12948579	1	1
2L	4299763	4299874	1	1
2L	1010068	1083392	-1	1
2R	19067541	19089854	-1	1
mitochondrion_genome	13023	13411	-1	1
3L	21845236	21845414	1	1
X	7674792	7699775	1	1
2L	20698746	20711538	-1	1
3R	18490080	18490233	-1	1
3L	2682562	2684553	-1	1
3R	5593912	5594396	1	1
X	531194	531346	1	1
X	268971	271807	-1	1
2R	4560564	4562994	1	1
2L	15171540	15178044	-1	1
2L	21071303	21071412	-1	1
2L	10847309	10847793	-1	1
X	10765136	10768113	-1	1
3R	8939773	8940482	1	1
3R	12476997	12477406	-1	1
2R	6225977	6229706	1	1
2R	24698960	24701007	-1	1
X	10244624	10250051	-1	1
X	4111585	4111643	-1	1
3R	30447349	30447412	1	1
Y	124313	200750	1	1
X	6869119	6880515	1	1
2R	24050607	24050659	1	1
3R	29149461	29149706	1	1
3L	17115308	17127685	-1	1
mitochondrion_genome	654	13840	1	1
2R	12801075	12801727	1	1
2L	10847314	10847816	-1	1
3L	3907966	3908103	-1	1
3R	21307494	21309719	1	1
2R	10105995	10106689	1	1
X	15349759	15349945	1	1
3R	4301151	4301233	1	1
3R	31171435	31177252	1	1
2L	1844721	1848065	1	1
3R	10762026	10762247	1	1
X	6121803	6192413	-1	1
2L	21618111	21618496	-1	1
4	1192772	1193561	-1	1
3R	5239198	5239492	-1	1
2R	7040443	7042597	1	1
2L	3760149	3760207	1	1
3R	17973893	17973945	1	1
X	2717711	2719069	-1	1
2L	9243546	9243612	1	1
2L	5326649	5326711	1	1
3R	11562180	11562247	1	1
X	12760955	12761332	-1	1
3L	13858648	13858706	1	1
2R	8948280	8948503	-1	1
X	13642533	13645178	1	1
3R	21308525	21309359	1	1
X	10627896	10630189	1	1
X	19371236	19372359	1	1
3L	7111468	7111627	1	1
3R	22378155	22378217	1	1
X	3340837	3342637	1	1
3L	12402688	12402809	-1	1
X	17064825	17068698	-1	1
3R	20309657	20309904	1	1
3L	12137691	12137892	-1	1
3L	14017882	14017946	1	1
3L	14221501	14225431	1	1
X	5363882	5365589	1	1
2R	19518722	19527478	-1	1
2L	23512957	23513041	1	1
3L	6490453	6493139	-1	1
2R	14927439	14928377	-1	1
X	9152727	9153947	-1	1
3L	15852277	15859812	-1	1
X	17650239	17650720	-1	1
3L	21845236	21862795	1	1
X	5334495	5341709	1	1
3L	11210840	11251334	-1	1
3R	9751498	9751555	-1	1
3L	10182553	10185979	-1	1
3R	12470220	12477349	-1	1
X	6938156	6938336	1	1
3L	5158789	5184276	-1	1
X	4699564	4753541	1	1
X	9008232	9013271	1	1
3L	17066841	17067137	1	1
3L	16955543	16959099	1	1
3R	23252837	23252892	1	1
2L	7472640	7474428	-1	1
X	9152668	9153912	-1	1
X	11817034	11817221	1	1
X	15925951	15928384	1	1
2L	9294324	9295168	1	1
2R	8901523	8902137	1	1
2R	22801719	22802116	1	1
X	9152657	9153896	-1	1
2R	2975294	3098400	1	1
3L	9146272	9150413	-1	1
3R	29482441	29482517	-1	1
3R	30517119	30517296	-1	1
X	1409704	1409938	1	1
3R	21972788	21975250	1	1
2R	2746780	2754434	1	1
X	18786543	18786599	-1	1
X	5176463	5186903	1	1
2R	19392034	19395865	-1	1
X	16463498	16463573	-1	1
X	16595371	16596010	-1	1
2R	20243082	20244228	-1	1
2R	21516395	21517145	1	1
2R	18146067	18146132	1	1
3R	11751639	11752625	-1	1
2L	4821996	4822429	1	1
X	16296132	16296310	1	1
3R	9507387	9509436	-1	1
2R	12572792	12575042	1	1
X	1395143	1397173	1	1
3R	15956905	15957648	1	1
3R	8359466	8359530	-1	1
X	13259636	13262164	1	1
X	8490177	8509456	1	1
X	19447864	19448173	1	1
2L	10832097	10832412	-1	1
2R	7931847	7931899	-1	1
3L	19809008	19809075	1	1
2R	17219696	17220496	1	1
mitochondrion_genome	6498	6840	-1	1
X	10630538	10631758	-1	1
3R	25519730	25561690	1	1
3R	23965859	23982698	1	1
X	13284654	13285045	-1	1
2L	19345071	19357228	-1	1
3R	13384699	13385185	1	1
3L	12116460	12116764	1	1
X	21036471	21036539	-1	1
X	4553377	4553969	-1	1
3L	14790073	14791270	1	1
3L	9728996	9729601	1	1
2R	12485854	12485914	1	1
4	925942	926002	-1	1
2L	16179530	16189607	1	1
2L	8301880	8301936	-1	1
2L	1651853	1652149	1	1
4	1248652	1248736	1	1
3R	20975943	20976064	1	1
Y	132513	200837	1	1
X	19751289	19765881	1	1
X	15626399	15626452	-1	1
3L	22270977	22271558	1	1
3L	17061756	17065175	-1	1
3L	1535191	1535990	-1	1
X	13985876	13988545	-1	1
3L	17063031	17070521	-1	1
2L	16343305	16344426	-1	1
3R	23983905	23984290	1	1
X	13420532	13420597	1	1
3R	23983806	23984300	1	1
3R	5566886	5566945	1	1
2R	21151173	21153752	-1	1
2L	4314616	4315769	1	1
2R	24664457	24664516	1	1
3R	25129611	25129673	1	1
2L	22247400	22247629	-1	1
X	6511179	6523747	-1	1
2R	12757400	12757499	-1	1
2R	12274020	12274911	1	1
3R	13385105	13385175	1	1
2R	2742680	2952214	1	1
3R	11396730	11406754	1	1
3R	23965867	23982296	1	1
3R	20310639	20318977	1	1
4	1181438	1181590	-1	1
3R	15957279	15957452	1	1
2R	16764375	16764472	-1	1
X	4847577	4848096	1	1
2R	22883168	22883467	-1	1
3R	30216676	30216745	1	1
3L	2372464	2372526	-1	1
3R	13031012	13031082	1	1
2R	23548668	23548762	1	1
2R	12831918	12832112	1	1
4	189249	191302	-1	1
X	5071075	5082585	-1	1
X	15989285	15989364	-1	1
2R	24558084	24559619	1	1
2L	21310898	21319100	1	1
2R	12918267	12923055	1	1
3L	13522048	13534373	-1	1
2L	5036209	5036477	1	1
X	23283126	23456115	-1	1
X	9472661	9500095	-1	1
3L	16517661	16518026	-1	1
X	15861154	15861224	1	1
2R	22934738	22935815	-1	1
3R	22126467	22129247	1	1
2L	1837407	1842899	1	1
X	5334495	5368028	1	1
3L	8634784	8635002	1	1
3R	8803403	8805793	1	1
3L	3940711	3941112	1	1
3R	15957290	15957462	1	1
3L	17555531	17556374	-1	1
4	427964	429490	1	1
2L	21382115	21390231	1	1
X	9152767	9153368	-1	1
2L	7787768	7787834	-1	1
2R	19636873	19637230	1	1
2L	8378111	8378188	1	1
X	13206830	13207517	-1	1
3R	23927145	23927203	-1	1
2R	6834927	6835493	1	1
2R	10099739	10100386	1	1
2R	22875117	22875429	-1	1
2R	22875464	22875567	-1	1
X	23278705	23441106	-1	1
3R	8564837	8564898	1	1
2L	2993330	2998258	1	1
2R	21129319	21129567	1	1
2R	15357234	15366929	1	1
X	16063953	16074970	1	1
2L	19033931	19034130	-1	1
2R	10104350	10109525	1	1
2L	13185124	13185831	-1	1
X	3716668	3718568	-1	1
2L	11163938	11164720	1	1
2L	11164756	11165564	1	1
3R	18712496	18718804	1	1
2R	2727737	2728328	1	1
2L	58183	59190	-1	1
2R	24715200	24725339	-1	1
3R	11751286	11764094	-1	1
3R	21310551	21310847	1	1
3L	3128207	3129283	-1	1
3L	4937774	4938517	-1	1
2R	23385846	23385943	-1	1
X	11944412	11963904	-1	1
3L	21438530	21438612	1	1
2L	19119919	19120019	-1	1
X	2271105	2272543	-1	1
X	12128591	12130940	1	1
Y	132492	200703	1	1
3R	9787529	9789220	1	1
3R	31935392	31975452	-1	1
3L	17066826	17147589	-1	1
3R	10993045	11050136	1	1
2R	21686606	21686670	-1	1
3R	11222368	11222561	1	1
3L	5156201	5159062	-1	1
2R	13192159	13197981	-1	1
3R	17396941	17397137	-1	1
3L	19141085	19142657	-1	1
2R	19140907	19140958	1	1
3L	22071556	22071652	-1	1
X	20794665	20798497	1	1
X	2670258	2675460	1	1
X	11290264	11293243	-1	1
3R	20795972	20802625	1	1
3L	5658291	5664874	1	1
2L	10961368	10963763	-1	1
3R	8782385	8782442	-1	1
3L	3460604	3461526	-1	1
3R	18973160	18974991	1	1
2L	9492546	9492628	-1	1
2L	19896324	19901966	1	1
3L	6200186	6200355	1	1
3R	24064692	24064932	-1	1
X	20538600	20540705	1	1
2R	7151949	7152795	-1	1
2R	25255042	25259121	1	1
2R	16645254	16645317	1	1
3L	7240320	7240613	-1	1
X	8430420	8575317	1	1
3L	5691784	5695220	1	1
2R	17665817	17666032	1	1
3R	29029518	29029577	1	1
2R	11154252	11154316	-1	1
2L	9567268	9567338	1	1
2L	10126231	10127518	-1	1
X	17076840	17077347	-1	1
2R	7512204	7512270	-1	1
3L	13798506	13803108	-1	1
X	9476834	9487595	-1	1
X	7893491	7893588	-1	1
3L	3759351	3765702	-1	1
2R	24891920	24892290	1	1
3R	17774467	17774999	-1	1
X	6257472	6274973	-1	1
3L	18059827	18061351	-1	1
3L	5665621	5669192	1	1
2L	3983446	3983530	1	1
3L	21845269	21845346	1	1
X	5883997	5884216	1	1
3R	10226620	10228705	1	1
3L	3962670	3963812	-1	1
2R	24965789	24965846	-1	1
2R	9450275	9466872	1	1
X	16113697	16148616	-1	1
X	11703431	11703509	1	1
X	246088	246198	1	1
3R	26876756	26879479	1	1
4	378901	382123	-1	1
X	12686915	12689391	-1	1
X	576958	578006	1	1
3L	10593684	10593788	1	1
3L	7035243	7038117	1	1
2R	15155846	15190166	1	1
3L	9154451	9178109	-1	1
X	11822244	11822326	1	1
X	17934665	17935510	-1	1
3R	28715220	28715597	1	1
X	13717904	13745795	-1	1
2R	6092612	6156179	-1	1
X	8178861	8179229	1	1
3R	27580328	27581140	-1	1
3L	3899474	3899696	-1	1
2L	2875877	2876993	1	1
X	5334482	5368031	1	1
2L	5520701	5521208	1	1
3R	13657388	13657984	-1	1
2L	9294375	9295212	1	1
X	9152675	9152954	-1	1
3R	26209527	26230352	1	1
3L	9177641	9178679	-1	1
3R	2161136	2162834	1	1
2R	13491896	13494251	1	1
Y	124361	200713	1	1
3L	17438199	17457241	1	1
2L	21391790	21393082	1	1
3R	1947244	1948690	-1	1
2R	8000944	8001009	-1	1
X	6208570	6223289	-1	1
3L	5744391	5747818	1	1
3L	4074258	4074813	-1	1
X	7931253	7931309	1	1
X	9181406	9183515	1	1
Y	132630	200818	1	1
3R	20958051	20974470	1	1
3R	11593767	11619704	-1	1
Y	132534	200825	1	1
2L	22534948	22535009	-1	1
3R	28472304	28472873	1	1
3L	2640517	2640578	1	1
2L	1140696	1140967	1	1
3R	20822904	20823165	1	1
3L	13798506	13803048	-1	1
3R	23260042	23260102	1	1
X	18864563	18880303	1	1
3R	24103402	24104474	-1	1
3L	9145992	9148556	-1	1
3R	16268871	16268937	-1	1
2R	15415230	15419351	1	1
3R	10761617	10761844	1	1
2L	6913662	6913845	-1	1
2R	17217076	17274427	1	1
X	15482921	15483280	1	1
2R	19381280	19406720	-1	1
3R	22360856	22361066	-1	1
3R	21308362	21309474	1	1
2R	6626574	6632306	-1	1
X	11945964	11946237	-1	1
2L	10435090	10435153	1	1
3R	21308525	21308803	1	1
2R	22927172	22927250	1	1
3L	8856598	9048783	-1	1
X	9165891	9176709	1	1
X	17933325	17937812	-1	1
3L	9146122	9151786	-1	1
X	18005557	18005807	-1	1
2R	24766084	24766150	1	1
X	4698663	4699580	1	1
X	5389543	5395364	1	1
2L	22622427	22643431	-1	1
3R	20958141	20974349	1	1
X	13762869	13767787	1	1
2R	12092259	12118540	-1	1
2L	20788668	20788785	1	1
3R	20539601	20539659	-1	1
4	855636	863699	-1	1
3R	20974662	20975303	1	1
3L	8769948	8770599	1	1
2R	13894593	13894839	-1	1
2L	76091	94176	1	1
3R	20324858	20327493	-1	1
2R	17032348	17032409	1	1
X	1374733	1375092	1	1
3L	18800728	18801251	-1	1
X	3100056	3102189	1	1
X	21370875	21370983	1	1
2R	3119754	3120310	1	1
2R	24883705	24886573	1	1
3R	25910187	25914996	1	1
3L	1632251	1635387	-1	1
X	9179283	9188188	1	1
X	6702309	6702588	1	1
3L	8439723	8441260	-1	1
X	12476269	12476337	-1	1
4	1115895	1115956	1	1
3L	20234548	20234619	-1	1
2R	20605877	20606444	1	1
2R	5324483	5324727	1	1
3R	4298586	4301402	1	1
X	5662330	5662662	-1	1
3L	12532553	12532612	-1	1
mitochondrion_genome	12918	13172	-1	1
X	15404037	15410251	-1	1
3L	840991	841042	-1	1
3L	18930151	18930591	-1	1
4	133714	134671	1	1
2L	2772423	2793688	-1	1
X	4691352	4691597	1	1
3L	12852278	12852430	1	1
3L	21562196	21564678	-1	1
3L	1248168	1250160	1	1
X	2677970	2679374	1	1
3R	29047917	29048987	1	1
2R	23548476	23548538	1	1
3L	11643193	11643258	-1	1
4	1050610	1052533	1	1
2L	18835695	18838915	-1	1
3L	5727889	5728008	1	1
X	622757	622996	1	1
3R	30278622	30342910	1	1
X	23019985	23022887	1	1
3R	21088048	21088116	1	1
3L	2786160	2787842	-1	1
X	6880750	6881562	1	1
X	9110189	9110595	1	1
3L	8577313	8578201	1	1
mitochondrion_genome	269	13104	-1	1
2L	9715706	9717273	-1	1
3R	23983894	23984413	1	1
X	12911117	12911413	1	1
2R	19524070	19527505	-1	1
3L	4193585	4193737	1	1
2L	274551	274604	1	1
2R	17015203	17015659	-1	1
3L	3039823	3041643	1	1
2L	9294618	9295392	1	1
X	6576958	6577037	1	1
X	6577113	6577944	1	1
2R	13831166	13832440	1	1
2L	5099674	5099732	-1	1
3R	9354699	9359267	1	1
X	9331479	9332454	-1	1
X	6680957	6681591	1	1
4	118502	118555	-1	1
3L	11115419	11115484	-1	1
X	13371262	13373863	1	1
X	14392143	14455128	1	1
X	622359	622446	1	1
3R	25032149	25032211	-1	1
2R	13924032	13925074	-1	1
3R	31216899	31217107	-1	1
3L	5747117	5747885	1	1
Y	132489	200746	1	1
2L	4840984	4841194	1	1
X	17669074	17713749	1	1
X	16463270	16463611	-1	1
2L	9292330	9295212	1	1
3R	31846275	31846457	1	1
2L	16185627	16187455	1	1
X	2448218	2450361	1	1
4	460657	460714	1	1
3R	7302698	7303054	-1	1
3R	9335840	9335900	1	1
2L	9743137	9743224	-1	1
3R	30053465	30053544	1	1
2L	455828	456086	1	1
2L	4969184	4970638	1	1
2R	9351214	9362202	-1	1
3L	17059091	17059991	-1	1
2R	10540156	10550064	-1	1
X	5073688	5080735	-1	1
2R	9207851	9207914	1	1
4	558270	560095	1	1
4	69573	113491	1	1
3L	19968783	19968839	-1	1
2R	17053145	17053269	1	1
2R	9272708	9274649	-1	1
2R	7848405	7848890	-1	1
X	9675391	9683969	-1	1
2L	18838796	18838883	-1	1
3R	4301152	4301242	1	1
3R	21308358	21314249	1	1
3L	17400534	17400866	-1	1
3R	10002854	10002910	-1	1
X	15861298	15863622	1	1
2L	3373692	3373811	-1	1
3R	29064613	29074963	1	1
X	12582982	12583141	-1	1
3R	586296	677740	1	1
3L	16810025	16810084	-1	1
2L	17875271	17887113	-1	1
2R	22495862	22495987	-1	1
3L	21025728	21027240	-1	1
2R	8855601	8855743	1	1
4	330340	342918	-1	1
2R	8963270	8963402	-1	1
X	5251843	5254091	1	1
3L	14763263	14763754	1	1
3L	9865399	9866314	1	1
3R	11973221	11973287	-1	1
3R	22713395	22713585	-1	1
X	5766797	5778156	1	1
3L	6951976	6952442	-1	1
X	12921496	12924287	1	1
4	1121623	1122828	-1	1
X	14453097	14454061	1	1
3R	14733020	14733257	-1	1
X	8036160	8036220	-1	1
3L	20521585	20521660	1	1
X	16475836	16482968	-1	1
2L	11140109	11140176	-1	1
3R	19782624	19782814	1	1
3R	28858914	28859183	-1	1
2R	9466964	9469847	1	1
3L	9113484	9129897	-1	1
X	8178902	8179209	1	1
2L	23512799	23512867	1	1
3R	30484753	30485227	1	1
X	7608860	7636881	1	1
3L	4937780	4955925	-1	1
3R	27156306	27157144	1	1
3R	11238636	11402801	1	1
2R	4322536	4470993	-1	1
3R	17967543	18013398	1	1
3R	21302201	21302563	1	1
3L	21161003	21171704	-1	1
3R	3788076	3790347	-1	1
2R	2945439	2951986	1	1
3R	31935776	31936010	-1	1
X	12298129	12300569	1	1
3L	24490060	24490213	-1	1
3R	21308653	21309487	1	1
X	12517164	12523556	-1	1
3L	3051797	3051983	1	1
3L	3129860	3129926	-1	1
3L	11074012	11074116	-1	1
X	12946685	12947511	1	1
2R	2487718	2497121	-1	1
3L	19995503	19995629	-1	1
X	2785130	2788494	-1	1
3L	4091252	4092662	1	1
X	2741522	2741589	-1	1
3R	10041999	10042792	-1	1
3L	20304045	20304115	-1	1
3R	24401323	24407403	-1	1
3L	5159115	5159314	-1	1
X	3339326	3351441	1	1
3L	22778825	22783420	1	1
X	17822733	17822798	-1	1
2R	18282179	18282245	-1	1
X	10700445	10700638	1	1
X	2788613	2789238	-1	1
X	2610183	2610246	-1	1
3R	31827771	31838056	1	1
2L	1010052	1011612	-1	1
X	15804778	15805558	1	1
3R	31595033	31596084	-1	1
3R	10582465	10584591	-1	1
X	3306667	3310903	1	1
3L	7640863	7641397	-1	1
3L	22989912	22996833	1	1
X	9175069	9188172	1	1
X	19433273	19464193	1	1
3R	14733029	14740487	-1	1
X	3710249	3719363	-1	1
3R	29114600	29114914	1	1
3L	16412837	16415134	1	1
X	575827	578190	1	1
X	10278518	10278579	-1	1
2R	4297322	4297473	-1	1
3R	21308246	21309914	1	1
2R	13512209	13512297	1	1
3R	23983728	23984323	1	1
X	18172875	18174346	1	1
3R	21307028	21309808	1	1
3R	24414462	24425083	-1	1
Y	132530	200760	1	1
2L	9291243	9295284	1	1
3L	4182354	4187834	-1	1
X	13867145	13884326	-1	1
3L	19841806	19841864	1	1
3R	5574854	5574913	1	1
2R	4756589	4756655	1	1
3L	17488333	17501431	1	1
3L	5742318	5746685	1	1
3R	6355181	6355266	1	1
X	12686874	12687091	-1	1
3L	4432610	4432978	1	1
X	11932746	11935117	-1	1
X	9007853	9013346	1	1
Y	124371	132461	1	1
3R	21310760	21313942	1	1
X	576126	578176	1	1
2L	5908636	5908690	1	1
2R	10569327	10569821	1	1
3R	9418001	9419807	1	1
X	18805102	18805488	-1	1
X	18805551	18805602	-1	1
X	16610858	16614300	1	1
4	1023681	1026770	-1	1
2L	8516099	8516462	1	1
2R	15134729	15134956	1	1
2L	20832466	20832665	1	1
3L	15836930	15837257	-1	1
X	12653975	12657292	1	1
X	12868410	12869470	-1	1
3R	16197157	16197447	1	1
X	9181603	9189067	1	1
3L	1650853	1650913	1	1
X	17627241	17627429	-1	1
3R	31055564	31055622	-1	1
3L	7669605	7669953	-1	1
3R	8817900	8820029	-1	1
3R	12843598	12846979	-1	1
3R	31614379	31614888	1	1
3L	11524427	11524673	-1	1
3L	1962156	1962236	-1	1
3L	20843359	20843421	1	1
2L	13283189	13301760	-1	1
3L	13574668	13580126	-1	1
X	3940597	3944794	1	1
2R	1072103	1072248	1	1
2R	15381888	15387664	1	1
3L	19988178	19988544	-1	1
X	12296227	12298005	1	1
4	898666	902077	-1	1
X	8926945	9019808	1	1
X	3720105	3721376	1	1
3L	3714896	3743318	-1	1
X	16458353	16473515	-1	1
3R	21783927	21822634	-1	1
3R	4447955	4453192	-1	1
2R	8949614	8950320	-1	1
X	2634179	2634836	1	1
3R	25867460	25868144	1	1
3R	11404353	11404716	1	1
X	9355179	9356048	-1	1
2R	15744214	15750966	1	1
2L	9135385	9148755	1	1
2R	13829866	13830551	-1	1
3L	9161859	9162950	-1	1
2R	10420573	10420631	-1	1
X	19465321	19469790	1	1
X	18192564	18199124	1	1
3R	20974083	20974151	1	1
2R	16619690	16621325	1	1
X	15861344	15862904	1	1
2L	21706318	21707326	1	1
3L	3984221	3989367	1	1
3R	11402068	11402896	1	1
3L	9964146	9966004	1	1
3R	4813977	4814239	1	1
2R	18957974	18958749	1	1
2R	23845515	23846762	1	1
3R	16274693	16304765	1	1
3L	18785953	18786366	-1	1
2R	16333421	16336490	-1	1
3R	5335061	5349545	-1	1
3L	226238	230762	1	1
2R	11451443	11451557	1	1
2R	1074365	1075009	1	1
X	17554084	17560829	-1	1
3L	275012	395715	1	1
X	19653263	19653322	1	1
X	3099834	3108145	1	1
2L	3145441	3145528	-1	1
X	11359910	11365554	1	1
X	4914969	5008493	1	1
3R	29109186	29110042	-1	1
2L	9709061	9709722	-1	1
3L	21025549	21025836	-1	1
3R	21357365	21357476	-1	1
2L	10831811	10841781	-1	1
X	12631814	12635732	1	1
X	575690	578196	1	1
3L	25998120	26013500	-1	1
3R	29458109	29461626	1	1
X	13730437	13730496	1	1
2L	13301907	13303920	-1	1
2L	4822541	4822639	1	1
X	15386624	15387584	-1	1
2L	5170080	5173229	1	1
3R	11329229	11329698	1	1
X	16956418	16956490	-1	1
2L	21382331	21384455	-1	1
X	6216097	6223270	-1	1
2R	21658110	21658220	1	1
2R	13832319	13832624	1	1
2L	9798306	9802351	-1	1
3L	7151938	7170167	-1	1
2R	953648	963228	1	1
2R	7919948	7920004	1	1
2L	452737	452798	-1	1
3L	17068059	17073698	-1	1
3L	9166639	9170869	-1	1
2R	13416607	13418987	-1	1
X	9116465	9117504	1	1
2L	1913664	1932056	1	1
2L	17752203	17754207	-1	1
2R	24090651	24091869	1	1
3L	1553019	1553290	-1	1
X	17414444	17421794	-1	1
3R	28602948	28603012	1	1
2R	1590689	1594127	1	1
3R	24064679	24067478	-1	1
2L	5549082	5549444	1	1
X	13713493	13714644	1	1
X	16458990	16477691	-1	1
3L	4431856	4433171	1	1
2R	10340203	10388134	-1	1
2R	6632141	6632995	-1	1
X	21543643	21722956	-1	1
X	15947757	15948055	-1	1
X	18039709	18059731	-1	1
2R	21655503	21655592	-1	1
4	301129	301186	-1	1
2R	11367229	11367352	1	1
X	13835150	13837613	1	1
2L	415422	418288	1	1
2R	12452572	12452752	1	1
2R	9324245	9324360	-1	1
3R	23983753	23984291	1	1
2L	18965590	18968253	1	1
4	916554	1038843	-1	1
X	16560953	16565395	-1	1
2L	6479063	6480034	-1	1
2L	22157056	22158513	1	1
3L	2684689	2689489	-1	1
2R	8010705	8011708	-1	1
X	3373724	3374940	-1	1
2R	19427619	19427677	1	1
3L	255038	255163	-1	1
X	575830	578141	1	1
3R	11012526	11013318	1	1
3R	10816938	10816996	1	1
2L	5920979	5921077	-1	1
3L	3818921	3831721	1	1
2L	821660	822858	-1	1
X	16081963	16082034	-1	1
X	6104094	6106122	-1	1
X	1693102	1693167	1	1
2R	14057197	14057262	-1	1
2L	835548	836546	-1	1
3R	7129563	7129625	1	1
2R	10462750	10465229	1	1
2R	14603290	14603348	1	1
X	12732010	12741747	-1	1
3L	16585759	16585833	1	1
3L	14798213	14799754	1	1
2R	20256236	20256436	-1	1
3L	4257889	4257946	-1	1
3L	25110196	25112673	1	1
X	7096936	7096998	-1	1
3L	1330879	1331079	1	1
X	2674817	2725211	1	1
X	14824928	14825962	-1	1
2R	7533731	7535332	1	1
2L	1294128	1294620	1	1
X	3481385	3481954	-1	1
2L	295281	295346	-1	1
X	18371435	18377731	1	1
3L	1299941	1300168	1	1
X	15795102	15795876	-1	1
3R	23677157	23677439	-1	1
3R	17893745	17895021	-1	1
4	1018900	1019444	-1	1
3R	22611200	22611252	-1	1
2R	24399892	24400200	-1	1
3R	24065113	24065872	-1	1
2L	10201362	10201909	1	1
X	5791168	5791372	-1	1
2R	12092421	12118675	-1	1
4	72595	72817	1	1
4	72863	75068	1	1
X	19328583	19348127	-1	1
3R	24104892	24105185	-1	1
3R	1467259	1588336	1	1
2L	10592898	10600506	1	1
2R	24066291	24067965	-1	1
2R	12274083	12274906	1	1
3R	4589936	4591256	-1	1
X	16492516	16498270	-1	1
3L	7284777	7296416	-1	1
X	17886424	17886542	-1	1
2L	2772434	2781052	-1	1
2R	928218	928346	-1	1
2R	23923030	23924002	1	1
3R	21215251	21215309	1	1
X	9172367	9172701	1	1
X	9587942	9589564	1	1
2L	2947215	2954367	1	1
3R	26042127	26042916	1	1
2R	11221216	11221469	1	1
2R	9432183	9432918	1	1
X	11795667	11797161	1	1
3R	22481127	22481842	1	1
3R	13383503	13384980	1	1
X	7706103	7707741	1	1
2R	10106376	10107467	1	1
X	4698670	4701967	1	1
3L	19989945	19990295	1	1
3L	5742824	5749236	1	1
4	805306	968859	1	1
X	5365514	5365589	1	1
3R	18972681	18972750	1	1
2L	3376329	3376465	1	1
X	15510970	15511998	-1	1
2L	6056938	6059106	1	1
X	19964945	19965006	1	1
3L	20379845	20382304	1	1
2L	10804513	10806428	-1	1
3R	21302850	21302985	1	1
3L	9479232	9479774	1	1
X	15924159	15924217	1	1
3R	9991184	9991240	1	1
3R	26258042	26261336	-1	1
3R	9766894	9766948	-1	1
2L	9291806	9295337	1	1
3R	9487479	9493011	-1	1
3R	18011361	18013410	1	1
2R	16621817	16621885	-1	1
3L	22362086	22363048	-1	1
3R	15935520	15957652	1	1
3R	18248351	18248423	1	1
X	13307081	13351425	1	1
3R	31874100	31881748	-1	1
X	16956434	16956515	-1	1
3L	3223415	3223475	1	1
2L	1010005	1013366	-1	1
3L	8441615	8441675	-1	1
3L	5578773	5578825	1	1
X	13075584	13075777	1	1
4	38563	40625	-1	1
2R	18835513	18836280	1	1
2R	23878504	23880458	1	1
X	18861709	18861815	1	1
2R	11452313	11453393	1	1
X	6660714	6661154	-1	1
3R	14175276	14175792	-1	1
2L	1012364	1014055	-1	1
X	5884048	5884345	1	1
2L	11803665	11803785	-1	1
3L	13874015	13883264	-1	1
3L	13883336	13886080	-1	1
3R	29201328	29201384	1	1
2R	12572892	12572982	1	1
2R	10500562	10533495	-1	1
2R	23375954	23376033	-1	1
2L	9055163	9055262	-1	1
2R	9806565	9806624	-1	1
2R	22878613	22879562	1	1
X	575843	578114	1	1
2L	4435138	4435608	-1	1
3R	21297480	21309914	1	1
3L	9715880	9716478	1	1
3L	13485541	13485603	-1	1
X	9667181	9684056	-1	1
2R	23939364	23939421	-1	1
3L	7159516	7160330	-1	1
3R	5454738	5454809	1	1
3L	4123079	4126848	-1	1
2R	9478636	9478914	1	1
2L	2957177	2964995	1	1
X	23007799	23008921	1	1
3R	31601049	31601112	-1	1
3L	2670799	2689828	-1	1
Y	132496	200758	1	1
2R	24381857	24383190	-1	1
3R	4380179	4380899	1	1
3R	16289840	16292724	1	1
X	8050236	8052164	-1	1
X	17073612	17074795	-1	1
X	9627984	9628292	-1	1
3R	30518315	30518368	-1	1
3L	22866035	22867192	1	1
2L	9176662	9177122	1	1
3L	17476511	17476569	1	1
2R	21658262	21658346	1	1
3R	8344484	8345093	1	1
mitochondrion_genome	310	401	1	1
2R	8948040	8950989	-1	1
2L	21661637	21662084	1	1
X	3341178	3342584	1	1
2L	7412469	7422216	1	1
2R	16423589	16424038	1	1
3R	17821939	17836151	1	1
2L	114992	155638	1	1
2L	3147826	3148047	-1	1
X	6672336	6672620	1	1
3L	13534177	13535032	-1	1
3L	5272816	5300123	-1	1
3L	3221602	3221903	-1	1
X	8876753	8880292	1	1
3R	30886548	30886622	-1	1
X	13642913	13643087	1	1
3L	1795997	1796178	1	1
2L	15021626	15024200	1	1
3R	11393161	11395028	1	1
X	636280	638333	1	1
3L	21537763	21538447	1	1
3R	9439500	9455069	1	1
X	17935299	18062917	-1	1
X	9166316	9179266	1	1
2R	21015339	21015409	1	1
X	16452608	16535246	1	1
3L	24169622	24173493	1	1
2L	21345440	21345500	1	1
2L	2772644	2779170	-1	1
X	13669738	13669912	1	1
2R	10107684	10108228	1	1
3R	4713308	4713408	-1	1
2R	22466600	22513578	-1	1
3L	21048101	21095473	1	1
3R	21308916	21309472	1	1
3R	19781452	19781511	1	1
3R	27568592	27581589	-1	1
3L	4363128	4363748	-1	1
X	5165594	5174897	1	1
3R	21309525	21309707	1	1
2L	21756628	21757164	-1	1
2L	16314574	16314848	-1	1
X	9179372	9185867	1	1
X	6121433	6123389	-1	1
X	3688363	3703355	1	1
X	11792915	11793443	1	1
2R	15307155	15309299	-1	1
2R	11192270	11199891	1	1
3R	10306302	10308375	1	1
Y	3004542	3046325	-1	1
3R	31055540	31055608	-1	1
3L	13229075	13236047	1	1
3R	21309473	21310811	1	1
3L	22794358	22801433	-1	1
2L	13462168	13483310	1	1
3R	29863197	29863415	-1	1
2R	9999526	9999734	-1	1
X	1779259	1780062	1	1
3R	18684743	18686636	1	1
3R	23983382	23984405	1	1
3R	12222045	12222432	1	1
3L	12751048	12751307	1	1
3R	5569472	5569575	1	1
2L	11199829	11203191	-1	1
3R	21307488	21309713	1	1
2R	23880355	23880431	-1	1
3L	1649280	1651340	1	1
3R	17541802	17542415	1	1
3R	17542446	17544903	1	1
X	12230069	12235802	1	1
3R	12747114	12747430	-1	1
3R	19415790	19457913	1	1
3R	3169829	3186181	-1	1
3R	7868373	7870232	1	1
X	15886841	15887013	-1	1
X	10255471	10260939	-1	1
3R	9063277	9064255	-1	1
X	15200600	15200658	-1	1
2R	16921738	16926346	1	1
3R	12557076	12560401	-1	1
3R	15414975	15415104	1	1
2R	9955169	9955219	-1	1
X	16696625	16707653	1	1
X	16707695	16710990	1	1
3R	21299684	21301074	1	1
X	13001725	13001873	1	1
3L	10182541	10185152	-1	1
3L	8988324	8988386	1	1
2L	22534948	22535000	-1	1
2R	13444695	13444765	-1	1
3L	3826030	3826574	1	1
3L	3826625	3828388	1	1
2R	22425955	22426684	-1	1
X	12782963	12784674	-1	1
3R	29997376	29997438	-1	1
3R	17909504	17915060	-1	1
3L	23102242	23103257	1	1
2L	16450312	16452700	1	1
2R	14981824	14989553	1	1
X	15351386	15351789	-1	1
X	2742349	2742561	-1	1
2L	11110250	11110316	1	1
3L	11991979	11992056	-1	1
2R	21653089	21701535	1	1
3R	9432079	9432296	1	1
3L	5156523	5160098	-1	1
Y	124361	200768	1	1
3R	23984095	23984416	1	1
2R	9643477	9657594	-1	1
3L	9161842	9162939	-1	1
X	577080	577853	1	1
3L	5339487	5363106	-1	1
3R	30968261	30969044	-1	1
3L	3598622	3600013	1	1
2R	11281380	11281438	-1	1
3R	24110549	24110763	-1	1
4	155864	156024	-1	1
X	6123338	6126452	-1	1
X	6531432	6531835	1	1
2L	14077839	14079921	-1	1
X	15947014	15947762	-1	1
X	4358872	4359067	1	1
3R	10613590	10613827	-1	1
3L	7667512	7693499	-1	1
X	17523585	17531110	-1	1
2L	15064360	15065362	-1	1
3R	30133112	30133627	-1	1
3R	27644431	27646134	-1	1
2R	10740219	10798500	-1	1
2R	21148886	21149085	-1	1
2R	2867450	2868184	1	1
3L	16236019	16239365	1	1
2R	10107700	10109583	1	1
X	3692999	3701162	1	1
2R	22416367	22416428	1	1
X	21749127	21919965	-1	1
3L	17400622	17401329	-1	1
2L	18591368	18591427	1	1
X	9184842	9187772	1	1
3L	9700126	9700313	1	1
Y	132630	200782	1	1
2L	20082930	20084790	-1	1
3L	21826753	21827094	1	1
3L	4431969	4433037	1	1
2L	6296742	6297024	1	1
3L	8298734	8299310	-1	1
2R	1442101	1442769	1	1
2R	21291582	21291642	-1	1
2L	3296691	3296756	-1	1
3L	3717377	3742121	-1	1
2L	1123440	1128129	-1	1
X	15510980	15512009	-1	1
2L	1012413	1013223	-1	1
X	17639821	17640919	-1	1
3R	21304556	21309836	1	1
3L	17037874	17037931	-1	1
3R	21305049	21306159	1	1
2R	18476921	18497842	-1	1
2L	19587091	19600804	1	1
2L	6678058	6678386	-1	1
2R	13185602	13189719	-1	1
3R	22485460	22486663	1	1
2R	1111520	1116450	1	1
2L	5099914	5099998	-1	1
2L	6297737	6301154	-1	1
3L	14001434	14001493	1	1
2L	21742876	21742973	-1	1
2R	15324962	15378428	1	1
3L	8097173	8098346	1	1
4	858798	908937	1	1
2R	5853802	5855515	1	1
2R	11770583	11777094	1	1
3L	22371209	22380800	-1	1
X	19331834	19334415	-1	1
3R	21358084	21358668	-1	1
3R	7270340	7270584	1	1
3L	2460154	2461146	1	1
3R	18248372	18250211	1	1
3R	21305474	21306856	1	1
3L	269985	270108	1	1
3L	5602955	5603072	-1	1
2L	20740313	20748129	-1	1
X	13849654	13979592	-1	1
3L	9154247	9177452	-1	1
3L	21318449	21318624	1	1
3L	268641	268890	1	1
3L	18880980	18881078	-1	1
X	54049	54118	-1	1
X	10285931	10286217	-1	1
X	495118	495469	1	1
X	287527	289041	-1	1
2R	1072046	1072248	1	1
X	8176444	8176553	-1	1
X	10234023	10250027	-1	1
3R	19499811	19503639	1	1
2R	12088963	12092562	-1	1
3R	24352352	24352625	1	1
3L	9168863	9170701	-1	1
4	962348	962401	1	1
3R	18513782	18514609	-1	1
3L	21014966	21023393	-1	1
3R	9989540	9994393	1	1
2R	24401486	24401663	1	1
X	9228895	9230366	-1	1
Y	124361	200725	1	1
3R	7090966	7091494	1	1
3R	4430143	4430354	-1	1
2L	8564297	8610231	1	1
X	9152786	9153277	-1	1
X	17642831	17643014	-1	1
2L	9743125	9743244	-1	1
3L	15504158	15504219	-1	1
2L	4462006	4462343	-1	1
3L	25122987	25125544	1	1
2R	10204112	10233968	-1	1
2R	17216662	17216832	1	1
2L	5173345	5176585	1	1
2R	24696244	24698864	-1	1
3R	13668835	13669536	1	1
X	9152700	9154016	-1	1
2R	23366124	23366189	-1	1
3R	31788845	31789497	1	1
X	10348864	10356374	-1	1
X	14687389	14690904	-1	1
X	17926189	17945429	1	1
2R	2096977	2097354	-1	1
2R	9601741	9602127	-1	1
2L	21663984	21664189	-1	1
3R	18227823	18228380	1	1
Y	132628	200827	1	1
X	9506728	9509358	1	1
3L	23262824	23263799	1	1
3R	25311326	25311386	-1	1
3L	5156506	5157152	-1	1
3R	19416076	19457585	1	1
2L	2979769	2979976	-1	1
2L	5725229	5741470	1	1
3R	23983904	23984476	1	1
2L	12358262	12359601	1	1
X	12784523	12784809	-1	1
3R	21303885	21309808	1	1
3R	28903444	28903755	1	1
3L	17060824	17235682	-1	1
4	501858	503810	1	1
X	13383456	13383567	-1	1
3R	26861934	26861991	-1	1
3R	26049588	26049690	1	1
3L	8425863	8426406	-1	1
mitochondrion_genome	8529	11041	-1	1
2L	7483429	7483511	-1	1
2R	8878618	8879218	1	1
mitochondrion_genome	13009	13178	-1	1
4	1058505	1059101	-1	1
X	3289857	3339290	1	1
2R	10087769	10089090	1	1
2L	10179688	10180107	-1	1
2R	24695771	24698916	-1	1
3R	18190450	18191204	1	1
3R	18514834	18515014	-1	1
2L	16050273	16050499	1	1
2R	14739457	14740939	-1	1
X	13967801	13985964	-1	1
3R	22956688	22957288	1	1
3L	14725648	14728590	1	1
2L	7034274	7035075	1	1
2R	20264111	20264640	1	1
3L	16184159	16188925	-1	1
2L	5166079	5166683	1	1
3L	1689614	1698647	1	1
2L	20824054	20827687	1	1
3R	26799481	26806357	1	1
3L	22468278	22583003	-1	1
3R	11679185	11679567	-1	1
3R	26462114	26466585	1	1
3L	20383501	20383553	-1	1
3R	9464293	9464775	-1	1
2L	100704	100762	1	1
2L	17687535	17708034	-1	1
2L	211064	211616	-1	1
3R	18014235	18014421	1	1
3L	914733	915639	1	1
X	7012137	7082890	1	1
3L	5718064	5718215	1	1
3L	11707572	11708320	-1	1
4	680227	680440	1	1
2R	24609294	24609354	1	1
3R	17773360	17773478	-1	1
3L	5813355	5843062	-1	1
3R	31588991	31589044	-1	1
X	7076801	7077304	-1	1
2L	16050273	16069626	1	1
X	5432325	5437470	1	1
3L	22833337	22833483	-1	1
2R	931241	931358	-1	1
2L	17226408	17251509	-1	1
X	8090148	8091961	-1	1
X	9667117	9682899	-1	1
2L	21727363	21727423	1	1
3R	4335730	4335786	-1	1
2L	19031470	19031527	-1	1
X	14996707	14997934	1	1
2R	7936929	7937861	-1	1
2R	7937903	7937959	-1	1
X	14840915	14894441	1	1
X	15826796	15848132	-1	1
3R	25626646	25626732	-1	1
3R	23983898	23984422	1	1
2L	9761930	9762014	1	1
2L	13462201	13462349	1	1
3R	30094507	30099483	1	1
3L	10317925	10318034	-1	1
X	11455192	11455282	1	1
3R	15202204	15202266	-1	1
3R	15295545	15300110	1	1
2R	6002380	6040215	-1	1
3L	13778312	13783421	1	1
2L	19035001	19035761	1	1
2L	750985	752731	1	1
3R	31933875	31936690	-1	1
X	8424651	8424735	1	1
3R	7886201	7886464	-1	1
2L	5173345	5173669	1	1
3R	11402072	11402920	1	1
2R	16182915	16182983	1	1
4	1080209	1083131	-1	1
4	68086	100223	1	1
2L	1009830	1013790	-1	1
2L	5182777	5183080	1	1
X	3787226	3787555	1	1
3R	17967348	17967723	1	1
3L	25968971	25969034	-1	1
2L	9152195	9152267	1	1
2R	9540769	9541179	1	1
3R	21302138	21306194	1	1
2L	9291254	9295564	1	1
3R	13463824	13464067	1	1
2R	10204214	10233702	-1	1
4	69761	69905	1	1
3L	9868420	9870974	1	1
X	6126858	6128378	-1	1
X	3341658	3342452	1	1
X	18808474	18808536	1	1
2R	22602669	22602726	-1	1
X	10779423	10781823	-1	1
3R	15266074	15266499	1	1
2L	7225062	7225606	-1	1
3R	9592186	9607913	1	1
3R	13463197	13464097	1	1
3R	19412765	19414490	1	1
X	13746683	13746756	-1	1
3R	25291091	25291783	-1	1
3R	9420048	9422059	1	1
X	8427888	8427947	1	1
3R	27243945	27245190	-1	1
3L	9178335	9179380	-1	1
3R	9010594	9011058	-1	1
2R	7364349	7368388	-1	1
2R	1645884	1649547	-1	1
3R	21618928	21619006	-1	1
3R	29642264	29658874	-1	1
2R	21480357	21481014	-1	1
3R	15383736	15385106	1	1
3R	869549	895786	1	1
3L	4430094	4430584	1	1
X	12297129	12298033	1	1
X	2677424	2677591	1	1
2R	23968089	23968153	-1	1
X	12203985	12204147	1	1
2L	17752203	17752353	-1	1
2R	4261861	4261931	1	1
3L	2962240	2962307	1	1
X	7960113	7961177	-1	1
3R	5625777	5625837	1	1
2R	2487639	2497048	-1	1
X	23282075	23432852	1	1
3R	9445394	9447813	1	1
2L	9256815	9256896	1	1
2R	17798143	17847125	1	1
3L	9835434	9835813	-1	1
4	1222151	1230447	-1	1
2R	2262077	2262315	-1	1
3R	17899743	17909354	-1	1
3R	11751768	11751920	-1	1
2R	10615781	10617167	1	1
X	5922633	5934241	1	1
mitochondrion_genome	11079	17369	1	1
3L	9474268	9474329	1	1
2R	14276454	14277281	1	1
2L	20657210	20657268	1	1
2R	8729688	8734268	-1	1
3R	14006020	14023646	-1	1
3R	19643679	19643738	1	1
3L	6959084	6959140	1	1
X	1483897	1484649	-1	1
3R	17040951	17041009	-1	1
3L	3312403	3312515	1	1
2L	22247385	22247524	-1	1
4	1141124	1143487	-1	1
3R	21302138	21302413	1	1
X	9667100	9684054	-1	1
X	576593	578006	1	1
3R	12111034	12111104	1	1
2L	1988593	1988698	1	1
3R	18242784	18248244	1	1
4	1126883	1135674	1	1
3R	5335061	5349830	-1	1
Y	124395	200813	1	1
3R	18515015	18552885	-1	1
X	11963915	11965331	1	1
X	9165868	9176861	1	1
3R	16097621	16098631	-1	1
X	19572801	19572866	-1	1
2L	6928752	6931459	1	1
X	13590145	13590474	1	1
3R	16205003	16205061	-1	1
3R	21302413	21303053	1	1
3L	13023394	13023483	-1	1
3L	13023526	13023732	-1	1
4	155864	156019	-1	1
2R	17276064	17305987	1	1
2R	10617837	10619891	1	1
3R	7863317	7864110	-1	1
3L	10182516	10182648	-1	1
2L	23374086	23400666	-1	1
2R	25252171	25253581	1	1
X	547190	608440	-1	1
3R	11402125	11402819	1	1
2R	7854721	7859163	-1	1
3L	21025824	21026825	-1	1
3R	20975106	20975942	1	1
2R	23902165	23902232	1	1
2L	9968041	9968350	1	1
3L	16137851	16163954	-1	1
2R	8681386	8681451	1	1
3L	5805936	5806007	-1	1
3R	19415780	19457587	1	1
3R	26468088	26468146	1	1
2R	19312926	19312995	-1	1
2R	10469778	10472079	-1	1
X	1467965	1468052	1	1
2R	17788686	17789120	-1	1
2R	22424272	22424332	1	1
X	6111666	6126504	-1	1
3R	13365230	13365295	1	1
4	1193008	1193560	-1	1
X	6591006	6591446	1	1
3R	23981061	23984369	1	1
X	16455723	16463561	-1	1
3R	5006035	5045948	1	1
3R	20254797	20257768	1	1
3L	14220386	14225435	1	1
3L	5659498	5668220	1	1
2R	23700870	23702111	-1	1
X	6069812	6078996	-1	1
3L	23014749	23015178	1	1
3L	2611711	2611788	-1	1
3L	23263968	23264034	1	1
2R	10093910	10094203	1	1
3R	30001459	30001512	1	1
3L	3370682	3372551	-1	1
4	1081488	1081974	-1	1
2L	2780490	2782810	-1	1
X	577026	577936	1	1
2R	19152028	19158734	1	1
3R	23229341	23229833	1	1
2R	1340665	1341284	-1	1
2L	19047602	19048076	1	1
2R	17703464	17704185	-1	1
3R	22372403	22372518	1	1
2R	1212506	1213302	1	1
2L	7107552	7132724	-1	1
3L	5777900	5777958	-1	1
X	576360	578212	1	1
3L	7700325	7700389	-1	1
3R	14327184	14327253	1	1
3L	9716701	9716870	1	1
3R	21662744	21662810	-1	1
3R	31786710	31786768	1	1
2L	10296369	10296424	-1	1
2R	12166656	12167237	-1	1
X	16311700	16311761	-1	1
X	575899	578196	1	1
3R	7964050	7965907	1	1
3R	7965926	8000586	1	1
2L	16168720	16169381	1	1
3R	26876756	26880253	1	1
X	5792630	5792709	1	1
3L	3196425	3196756	1	1
2R	21667836	21668398	-1	1
3L	1778583	1779105	-1	1
3R	5593931	5594262	1	1
2L	5177249	5205409	1	1
2L	23512800	23512856	1	1
3L	16664236	16664772	1	1
3R	23983955	23984305	1	1
3L	23038114	23038211	1	1
X	15735175	15735244	1	1
2L	3329352	3329425	1	1
mitochondrion_genome	13672	17431	-1	1
3L	21272154	21272248	-1	1
3L	16079228	16081865	1	1
X	9276268	9276329	-1	1
3L	6192460	6192571	-1	1
2R	21719690	21719851	-1	1
3R	17909501	17915003	-1	1
3L	5576245	5576303	1	1
2L	3368195	3370906	-1	1
2L	2799072	2799748	-1	1
2L	14525414	14525467	1	1
3R	22360866	22361510	-1	1
mitochondrion_genome	11870	11949	-1	1
X	13755059	13755253	-1	1
3R	21302138	21303885	1	1
2R	12691851	12691929	-1	1
3R	14368564	14369849	-1	1
2L	284969	285433	-1	1
X	9110695	9136029	1	1
3L	11797517	11823797	1	1
2R	14501297	14501354	-1	1
3R	21306697	21307529	1	1
X	12686868	12687087	-1	1
X	13671447	13672236	1	1
3R	10103239	10109837	-1	1
X	9172862	9187064	1	1
2R	13806419	13808902	1	1
X	5986231	5986298	1	1
X	16469081	16477391	-1	1
3L	9902398	9902658	1	1
2L	10406124	10406687	-1	1
2R	15425409	15425582	1	1
2R	24892079	24892217	1	1
Y	132458	200741	1	1
3R	24552426	24552486	1	1
3L	5601934	5601990	-1	1
3L	17065636	17147657	-1	1
2R	10448384	10448472	1	1
3R	23983737	23984312	1	1
3R	25518782	25594473	1	1
3R	9458126	9458203	-1	1
X	12656873	12784193	1	1
2R	16641697	16642052	1	1
X	16374761	16374926	1	1
3L	7189583	7200010	-1	1
3L	3221710	3221882	1	1
X	12524227	12529488	-1	1
3R	18515013	18552885	-1	1
3R	4324812	4324873	1	1
X	12567770	12568289	-1	1
2L	7794084	7794148	-1	1
3R	23983900	23984369	1	1
3L	224779	224973	1	1
3L	5748477	5749296	1	1
3R	11754579	11759662	-1	1
3L	4194915	4194978	1	1
3L	9424700	9488023	1	1
3R	15277730	15277786	-1	1
X	15892167	15892828	1	1
3R	22609482	22610722	-1	1
X	576617	578119	1	1
3R	21309510	21309787	1	1
2L	12143419	12145073	1	1
2R	13580560	13580857	-1	1
2L	21388806	21390209	1	1
3L	5746716	5749382	1	1
2R	3182520	3226442	1	1
2R	3226483	3226533	1	1
3R	15258443	15258510	-1	1
3R	27564344	27564407	1	1
2R	18134096	18134407	1	1
X	19833398	19833501	-1	1
3R	23734171	23734577	1	1
2L	11116455	11116509	-1	1
2L	18442688	18445562	-1	1
X	942666	945707	-1	1
3L	9151119	9151752	-1	1
2R	24815335	24834480	1	1
X	14454230	14459157	1	1
2R	8395360	8395435	1	1
2L	279125	279185	1	1
3L	21497406	21497459	-1	1
2R	22513601	22523439	-1	1
3R	13639337	13639437	-1	1
2R	14276639	14277392	1	1
3L	3051778	3051983	1	1
2R	14944539	14945602	-1	1
3R	23047326	23070753	-1	1
3R	11400546	11402125	1	1
3R	31935686	31937020	-1	1
2R	19521571	19526979	-1	1
4	129443	129555	-1	1
3L	2638264	2638834	1	1
3R	24066192	24102118	-1	1
3R	5078056	5086253	-1	1
3L	12137300	12137353	1	1
2R	16759677	16759735	-1	1
3L	2786415	2872390	-1	1
X	5319714	5321591	-1	1
3R	14367500	14368447	-1	1
2L	1012543	1014372	-1	1
3R	21305528	21306640	1	1
3L	17400629	17400714	-1	1
3R	8444229	8477463	-1	1
X	10304143	10361500	-1	1
3R	16639028	16639734	1	1
2L	3989657	3991279	-1	1
2L	10409840	10410231	1	1
2R	11621041	11621116	-1	1
3R	13012173	13014490	1	1
3L	12275188	12276890	-1	1
3L	8608677	8609734	1	1
3R	11625626	11625698	-1	1
X	9165792	9172515	1	1
2L	9888547	9888667	1	1
3L	22792739	22793827	-1	1
2L	21759079	21759231	1	1
X	12230070	12263283	1	1
2L	19172106	19177861	1	1
X	11360520	11360655	1	1
2L	7429663	7429782	1	1
2R	9100604	9100654	1	1
3L	13798515	13803062	-1	1
3L	26010346	26013543	-1	1
X	16886229	16886318	-1	1
3L	11737508	11737586	-1	1
2L	17368876	17370543	-1	1
X	19510131	19510202	1	1
2L	10312504	10312985	-1	1
3L	4090875	4090967	1	1
2L	5547913	5547973	1	1
3L	14792914	14799280	1	1
X	3683364	3688429	1	1
3L	13522473	13603110	-1	1
2R	12275679	12278637	1	1
3L	15818969	15825666	-1	1
2L	21382104	21390319	1	1
2R	11100115	11115707	-1	1
4	280075	305060	-1	1
2R	18477024	18480203	-1	1
3R	23803966	23820520	1	1
X	16528022	16530784	-1	1
X	5165499	5174767	1	1
X	10914897	10915599	1	1
3R	1301550	1325997	1	1
2R	1116414	1120625	1	1
X	138261	138322	1	1
3L	16494036	16494500	1	1
3L	3990292	3992597	1	1
3R	21296888	21298190	1	1
X	6881365	6881447	-1	1
3L	22271857	22273624	1	1
3L	9146014	9179073	-1	1
2L	13551032	13551142	1	1
X	4663151	4663509	-1	1
3R	15898016	15904502	-1	1
X	10186598	10186663	1	1
2R	17276064	17332576	1	1
3L	23037754	23038012	1	1
X	10805632	10806469	-1	1
3R	14033921	14033987	1	1
2L	5760425	5760878	1	1
3L	21014958	21023388	-1	1
2R	12870960	12871234	1	1
3R	17909468	17916379	-1	1
X	16469362	16472050	-1	1
3L	17401137	17401248	-1	1
3R	24394287	24394383	-1	1
3L	9715861	9716484	1	1
X	16459596	16463668	-1	1
3R	5593475	5594458	1	1
4	1077830	1077886	-1	1
3R	5662018	5663063	1	1
3L	7347785	7347857	-1	1
2R	18356056	18357092	-1	1
X	15989294	15989372	-1	1
4	1307728	1313813	-1	1
X	11398184	11398246	1	1
X	19344151	19344409	-1	1
2R	16764375	16765390	-1	1
X	6230987	6231043	1	1
2L	5146571	5205428	1	1
X	10074066	10074138	-1	1
X	21442726	21457466	-1	1
3R	7686624	7686680	1	1
2R	10156513	10158272	-1	1
X	12633958	12635699	1	1
3L	9411422	9411479	1	1
X	15109894	15110464	1	1
2R	11674176	11674244	1	1
3R	22341471	22341540	-1	1
X	4698682	4701967	1	1
3R	23292682	23293851	-1	1
3L	17426084	17426201	1	1
3R	25098714	25098775	1	1
4	892950	893248	-1	1
2R	16764553	16765328	-1	1
2R	6920740	6922429	1	1
X	3703096	3745041	1	1
3L	734097	773885	-1	1
2L	7196236	7196313	-1	1
2L	5174565	5174890	1	1
2R	19421118	19421530	-1	1
3R	23987211	23987267	1	1
X	5877175	5879556	-1	1
3L	3169365	3170945	1	1
3R	23616323	23622371	-1	1
2L	6480102	6480324	-1	1
X	5627972	5628231	-1	1
3L	27268148	27268202	1	1
3R	5859521	5859732	-1	1
X	2252861	2252916	-1	1
3L	14710035	14710915	1	1
X	16556166	16556736	-1	1
X	9230447	9230508	-1	1
X	18889312	18889724	-1	1
2R	10815552	10815705	1	1
X	15933080	15933143	-1	1
X	15982000	15985706	-1	1
3L	1773911	1773981	-1	1
Y	132570	200801	1	1
2R	9476999	9477063	1	1
3L	8432631	8440853	-1	1
3R	23978171	23982301	1	1
X	806743	806969	1	1
X	1043422	1043491	1	1
2R	24401772	24402561	-1	1
2R	15401613	15469617	1	1
3L	27332347	27332412	1	1
2R	12087252	12089977	-1	1
2R	6037405	6037661	-1	1
2L	9070718	9070915	-1	1
2R	2900214	3020893	1	1
2L	20093661	20093724	-1	1
2L	14615644	14617337	1	1
3R	18014791	18018759	1	1
3R	29593400	29598904	1	1
2R	10433900	10433961	1	1
2R	14972757	14977240	1	1
3R	30177551	30177619	1	1
X	12023420	12028424	-1	1
X	577045	577911	1	1
3L	5158779	5159062	-1	1
3L	17059332	17065524	1	1
3L	13902240	13902894	-1	1
2L	9391587	9391703	1	1
3L	12650511	12650578	-1	1
2L	12425078	12425129	1	1
X	5839568	5840616	1	1
X	15892570	15892828	1	1
3R	32019142	32025235	1	1
3R	24140697	24140809	1	1
3R	20860254	20862770	-1	1
2L	5170500	5170801	1	1
X	20234361	20234775	-1	1
X	15539484	15539706	-1	1
2R	14236776	14236839	-1	1
2L	9292766	9294856	1	1
X	9464067	9475334	-1	1
X	3343437	3343487	1	1
2L	10411037	10411091	-1	1
2R	8010740	8012044	-1	1
X	21119663	21119779	1	1
3R	11751112	11754218	-1	1
3L	5439742	5442252	1	1
X	531774	578019	1	1
2L	9967359	9968107	1	1
X	12128688	12180352	1	1
2R	21212354	21212546	1	1
X	628610	628672	-1	1
3R	17890799	17890894	-1	1
3L	4379520	4379918	-1	1
2L	12709310	12711181	-1	1
3R	21309538	21309815	1	1
2R	10838588	10838647	-1	1
3L	24035501	24035571	1	1
Y	132630	200751	1	1
3L	20834288	20835958	1	1
X	13261958	13262142	1	1
3R	11222368	11222561	-1	1
3R	9806419	9806520	-1	1
3R	21300856	21301132	1	1
2R	24607757	24608599	1	1
2L	9796976	9813959	-1	1
X	20411335	20411402	1	1
X	10244606	10249963	-1	1
3R	7064338	7064504	-1	1
X	10480029	10480084	1	1
3L	347780	351367	1	1
X	2658824	2659148	1	1
2R	13623519	13749152	1	1
2L	5758841	5759526	1	1
2L	16170640	16170992	1	1
2L	159430	162418	1	1
X	8069457	8070176	1	1
2L	2061908	2061975	-1	1
3R	21777328	21777393	1	1
X	16626155	16636591	-1	1
3R	11815995	11816308	-1	1
3L	13798342	13803062	-1	1
Y	124441	200794	1	1
X	6040099	6040525	1	1
2R	22573370	22765379	-1	1
2R	4379156	4393439	-1	1
3R	10243908	10246018	1	1
X	5334495	5371831	1	1
2L	13551016	13551142	1	1
3L	4575153	4591980	1	1
mitochondrion_genome	13009	13161	-1	1
X	4349713	4353467	-1	1
2R	14809891	14812300	1	1
2R	17788610	17789179	-1	1
4	1115394	1115655	-1	1
2L	17650225	17752179	-1	1
3R	31602231	31609320	-1	1
X	19327772	19348113	-1	1
X	5446976	5461696	1	1
2R	18458471	18460566	1	1
3R	4399386	4399446	-1	1
3L	22076449	22077352	1	1
3R	21783754	21804676	-1	1
X	12656934	12657445	1	1
3R	18970849	18971290	1	1
X	3953191	3953487	1	1
X	11817742	11832884	1	1
X	18909230	18970567	1	1
2R	11381563	11382028	-1	1
3L	4414859	4415798	1	1
X	576912	578141	1	1
3L	11823728	11824016	1	1
3R	22656857	22656990	1	1
2L	5174239	5174563	1	1
3R	8760702	8767674	-1	1
2R	22770305	22797317	-1	1
2L	344948	345009	1	1
3R	11763979	11764262	-1	1
X	15989313	15989392	-1	1
3R	15961145	15961455	1	1
2L	1017642	1017711	-1	1
X	20795429	20798323	-1	1
3R	11394037	11394399	1	1
X	9176514	9176587	1	1
2L	7891372	7891554	-1	1
X	503371	504304	1	1
2L	1008560	1010039	-1	1
4	572172	573613	1	1
X	11369800	11373768	1	1
2R	2257710	2259758	-1	1
3L	24074601	24075114	1	1
2L	6559712	6559768	1	1
3R	16575050	16583587	-1	1
X	3720042	3721376	1	1
3R	13001976	13002629	1	1
2L	19049365	19049422	1	1
3R	5558302	5558367	-1	1
3R	7269630	7270710	1	1
X	13590148	13590477	1	1
2L	13503738	13505582	-1	1
3L	4433203	4435966	1	1
3L	21025337	21026789	-1	1
3L	25926110	25999241	-1	1
2L	20827718	20858945	1	1
4	497197	518772	1	1
3R	4301167	4301251	1	1
2R	10107631	10109480	1	1
X	18116125	18130780	-1	1
X	6841575	6841653	-1	1
3L	21214833	21215710	1	1
3R	31935774	31937270	-1	1
mitochondrion_genome	13604	17376	-1	1
3L	20074246	20075537	-1	1
2L	11529831	11531009	-1	1
3R	11751781	11763987	-1	1
3R	21309383	21314093	1	1
2L	823865	824142	1	1
3L	19635152	19635395	-1	1
2L	8213283	8213337	1	1
X	16483860	16486380	-1	1
2L	21675471	21706431	-1	1
X	10368112	10382713	1	1
3R	18950563	18958362	1	1
2L	15033624	15033694	1	1
3L	3073339	3088600	1	1
X	7936125	7936592	1	1
2L	11795637	11803849	-1	1
2R	13944151	13945510	-1	1
X	628546	628747	-1	1
3R	21308099	21308377	1	1
2L	4393434	4393502	-1	1
3L	21185019	21185171	-1	1
X	8942515	8996368	1	1
3R	5086362	5272310	-1	1
X	17015225	17018074	-1	1
X	14264709	14265668	-1	1
X	14265702	14265789	-1	1
3L	5679117	5747807	1	1
2L	755297	755829	1	1
X	4662271	4708584	1	1
2R	14276407	14276979	1	1
2R	23102636	23102699	-1	1
2L	10966622	10968105	-1	1
3L	2506902	2507930	-1	1
3R	29499316	29499372	-1	1
X	4840895	4841218	1	1
X	22697541	22701785	1	1
X	16794379	16794450	1	1
3R	4301210	4301260	1	1
3L	10634199	10634267	1	1
2L	21678303	21680028	-1	1
2R	8161928	8162159	-1	1
X	576156	578203	1	1
3R	23818612	23818683	-1	1
3R	16565767	16565834	1	1
3R	16565879	16565939	1	1
3R	19441555	19450658	1	1
2R	3022044	3023418	1	1
3L	17400534	17401037	-1	1
3R	13246655	13258303	-1	1
3L	11524589	11525079	-1	1
2L	18442748	18442964	-1	1
X	16455568	16491396	-1	1
2L	21788083	21788448	-1	1
3R	14733002	14733209	-1	1
3L	7838712	7854687	-1	1
2R	14639431	14639496	1	1
3R	8008793	8008847	-1	1
3L	10182541	10185979	-1	1
X	16560927	16564080	-1	1
X	15482538	15483182	-1	1
2R	18156166	18157846	-1	1
2L	21367965	21368023	-1	1
X	5651782	5652185	-1	1
X	5383821	5434849	1	1
2R	18327283	18327372	-1	1
3R	26059055	26059235	-1	1
3R	16056234	16056292	1	1
3R	22471604	22482429	1	1
X	16882251	16882321	1	1
2L	5208078	5211246	1	1
2R	12431971	12432249	-1	1
3R	4333837	4334041	-1	1
2L	5030791	5030855	1	1
X	271426	271488	-1	1
X	10348842	10356347	-1	1
3L	22583363	22595872	-1	1
2R	1224997	1229887	-1	1
X	9498227	9500095	-1	1
3L	15330108	15334312	1	1
X	17906879	17906952	-1	1
3R	14552848	14553515	-1	1
X	18025769	18025826	1	1
X	9355179	9356084	-1	1
3R	13651696	13654245	1	1
3R	16644771	16645030	1	1
2L	19186511	19186719	1	1
X	290597	294713	-1	1
2L	16984819	16986015	1	1
X	12949763	12949933	1	1
3L	17400401	17401027	-1	1
X	20230597	20232117	-1	1
2R	8164059	8164321	-1	1
X	22496862	22497227	1	1
2R	6156369	6156930	-1	1
3L	15560822	15560991	-1	1
3L	9780253	9780536	1	1
2R	24947687	24947748	1	1
3L	19868646	19868724	-1	1
X	3477301	3477607	1	1
2R	9142375	9142442	-1	1
3L	19627385	19627444	-1	1
3L	9130609	9134317	1	1
2R	14436161	14442258	1	1
3L	14800283	14800886	1	1
X	3786510	3789514	1	1
3L	2253059	2256694	-1	1
2R	22935423	22935776	-1	1
3R	8245988	8248455	1	1
2L	10343739	10343819	-1	1
2R	11691576	11691968	-1	1
2R	8948345	8948492	-1	1
X	19723415	19723484	1	1
4	999195	1003339	1	1
3R	21301966	21302241	1	1
X	12632897	12653231	1	1
3L	8941160	8942565	-1	1
2R	10083135	10083262	1	1
2L	8125247	8125310	1	1
X	22841718	22843610	1	1
4	223887	223945	-1	1
2R	9105458	9105517	1	1
2R	10526765	10541345	-1	1
X	8925697	8960179	1	1
4	313643	313748	-1	1
4	395419	395520	-1	1
3L	9155311	9157941	1	1
3L	18671189	18671268	-1	1
2R	24560226	24560292	-1	1
2R	15323473	15324782	1	1
Y	1137839	1144401	-1	1
3R	23983909	23984422	1	1
3R	4468007	4468066	-1	1
2R	6250019	6250339	1	1
3R	17768333	17768561	-1	1
mitochondrion_genome	2874	5010	1	1
2R	1441273	1442769	1	1
3R	9995130	9995199	1	1
2L	3703813	3703866	1	1
3L	16379210	16379270	-1	1
3R	18015189	18018826	1	1
3L	3717198	3718448	-1	1
2L	4344209	4344269	1	1
3R	22518099	22519955	1	1
2L	17472645	17472785	-1	1
3L	17533649	17533745	1	1
2L	16724795	16724859	-1	1
3R	21119345	21120014	-1	1
2L	10264262	10264985	1	1
2L	8369031	8369799	1	1
X	1441396	1441642	1	1
3L	9510000	9511096	-1	1
3R	8241086	8243707	-1	1
2L	2361093	2361160	-1	1
X	15860334	15861152	1	1
2R	17413044	17413102	1	1
X	6104094	6105783	-1	1
X	17930777	17945219	-1	1
3R	30436160	30436218	-1	1
2L	5166343	5166646	1	1
2R	4599397	4609239	1	1
2R	9994167	9996262	-1	1
X	2966081	2973403	-1	1
X	15860251	15860745	1	1
2R	16751794	16752669	-1	1
X	14462082	14462178	1	1
X	6699962	6700053	1	1
X	19332120	19348103	-1	1
3R	28600569	28600718	-1	1
X	576604	578830	1	1
3R	23253543	23253601	1	1
2L	14602253	14602327	-1	1
2R	5295058	5295116	1	1
3L	11709530	11710401	1	1
2L	21071209	21071303	-1	1
3L	13477566	13477955	1	1
4	550828	551182	-1	1
3L	11134479	11136570	1	1
3R	29738330	29739737	1	1
2L	19598522	19600858	1	1
2L	8827871	8829671	1	1
3L	7156316	7156559	-1	1
3R	5184524	5184587	-1	1
3L	5155913	5158212	-1	1
2L	14616999	14617215	1	1
3L	14207701	14212194	1	1
X	15754416	15754486	-1	1
3L	269660	270167	1	1
3R	23983903	23984985	1	1
2L	10276568	10277407	-1	1
2L	8492382	8492486	-1	1
3R	15414523	15415889	1	1
4	916268	916867	-1	1
X	2293138	2293353	-1	1
X	6681529	6683464	1	1
X	6630838	6800313	1	1
2R	23658015	23665294	1	1
2R	1265646	1266192	1	1
X	17848434	17848565	-1	1
3L	12519635	12520875	1	1
X	4430710	4430852	1	1
X	5167086	5174631	1	1
2R	17696551	17696612	-1	1
3R	29659046	29659195	-1	1
X	12274241	12276512	1	1
X	17641008	17641436	-1	1
3R	17772244	17772374	-1	1
3R	17909517	17915067	-1	1
2L	7018375	7018431	-1	1
2L	21115093	21116260	1	1
3R	14361627	14367193	-1	1
2L	16731322	16731676	-1	1
3R	1734031	1734246	1	1
X	15847142	15847203	1	1
3L	5540560	5540668	-1	1
2L	13819270	13819335	-1	1
2R	15189779	15190183	1	1
X	16455678	16458166	-1	1
3L	347780	351367	-1	1
2L	2029757	2029836	1	1
3R	24064888	24067368	-1	1
2L	11920470	11920681	-1	1
3R	29603941	29604510	1	1
2R	17565104	17565164	1	1
X	5642027	5642934	-1	1
2L	19045437	19045522	1	1
2R	21512178	21515888	1	1
4	329429	342922	-1	1
3R	24572326	24572438	-1	1
3R	19458495	19458556	1	1
3L	9438834	9442124	-1	1
X	8025923	8026601	1	1
3R	21791894	21791961	-1	1
2L	9698234	9699235	-1	1
X	12582859	12583026	-1	1
2L	12045802	12046020	-1	1
X	10464542	10469418	-1	1
2R	24050298	24050363	1	1
3R	21307476	21309701	1	1
3L	9130031	9130330	-1	1
3L	1494947	1496318	-1	1
X	1443514	1443622	1	1
X	22704245	22704321	1	1
3L	12159684	12163500	-1	1
2R	8964486	8965216	-1	1
3R	19874528	19875398	-1	1
X	13593884	13599442	1	1
2L	3712446	3712498	-1	1
3R	29858719	29858775	-1	1
X	13784573	13785707	1	1
2L	1011763	1012867	-1	1
X	17962296	17965388	-1	1
3R	4280357	4284226	1	1
X	13082539	13082608	-1	1
3L	548068	552228	1	1
X	12938917	12946439	1	1
2L	5265723	5270228	1	1
2R	10340203	10412236	-1	1
2R	14292183	14292244	1	1
3R	11245661	11245739	1	1
3R	11436326	11437287	1	1
X	5204034	5204493	-1	1
3R	10242262	10244248	1	1
3L	10516178	10517845	1	1
3L	5193815	5200331	-1	1
3R	5083889	5085708	-1	1
3L	22291164	22291229	1	1
3R	18428626	18430832	-1	1
3R	26961597	26962671	-1	1
3R	11233571	11233922	-1	1
X	17699860	17700603	-1	1
X	13381786	13382023	-1	1
3L	13867620	13869735	-1	1
3L	12240458	12264686	-1	1
3L	5747192	5747309	1	1
2R	2494933	2515645	-1	1
2R	8055034	8055732	-1	1
X	14322916	14324573	1	1
3R	4465890	4478661	-1	1
X	2584050	2584116	-1	1
2L	10963337	10963758	-1	1
X	15928931	15929341	-1	1
3R	21299035	21299791	1	1
3L	21287068	21287128	1	1
3R	23312207	23312887	-1	1
2R	14163038	14164247	-1	1
3R	14567281	14567339	-1	1
2R	14276407	14277303	1	1
Y	1056574	1156894	-1	1
X	8945159	8945496	1	1
X	11817875	11835990	1	1
X	13967970	13985310	-1	1
2R	17352737	17353831	1	1
X	4698618	4699412	1	1
2R	17216818	17275579	1	1
3R	31216353	31216593	-1	1
X	16956418	16956501	-1	1
X	10335933	10336040	1	1
3R	11401646	11407286	1	1
3L	25610762	25610921	-1	1
2L	5985342	5985442	1	1
3R	8814779	8816651	-1	1
3R	8089952	8090006	1	1
2R	4561688	4562845	1	1
2L	4439701	4440924	-1	1
2R	21394401	21398939	-1	1
X	16606009	16607933	1	1
3L	3892990	3893533	1	1
3L	1575976	1576161	1	1
3L	9867406	9867686	1	1
X	17963490	17995747	-1	1
3R	12077495	12079888	-1	1
3L	9413682	9426444	-1	1
X	13994449	13994670	-1	1
2R	17462219	17462407	1	1
3R	5710864	5710931	1	1
2R	8903719	8904478	1	1
3L	5569362	5573632	-1	1
2R	16089287	16089571	-1	1
3R	11404361	11404582	1	1
3R	23982576	23984701	1	1
2L	18122231	18123349	-1	1
X	6191529	6192497	-1	1
2L	16076806	16078156	1	1
3R	19412765	19414437	1	1
3R	25970172	25982395	1	1
X	6839521	6843324	-1	1
2R	17687493	17687556	1	1
2L	8363893	8363975	-1	1
2L	10481571	10481622	1	1
X	13263524	13271482	-1	1
3R	14807599	14807660	-1	1
2L	134291	134422	1	1
X	17963371	18003650	-1	1
2L	9973780	9980846	-1	1
4	443041	443101	-1	1
3R	5274895	5274966	-1	1
2L	2772659	2785293	-1	1
3R	32046262	32048672	-1	1
Y	132533	200758	1	1
2L	113370	113434	1	1
3R	11232557	11232887	-1	1
2R	9504634	9513990	1	1
2R	931855	951127	-1	1
X	13381776	13381872	-1	1
2L	7499181	7499266	-1	1
3R	17654675	17660647	1	1
3L	3860424	3860636	1	1
2L	9896599	9896683	-1	1
3L	10518020	10590853	1	1
X	14323300	14323649	1	1
2L	4987090	4987159	1	1
2L	19569227	19571572	-1	1
2R	4700010	4720462	-1	1
3L	4126819	4132102	-1	1
3R	15374015	15374095	1	1
2L	10737768	10737876	-1	1
3R	21021585	21022671	-1	1
X	14831667	14831741	-1	1
4	319580	329218	1	1
X	3478140	3480981	-1	1
X	9183428	9188188	1	1
X	15305529	15305829	1	1
3L	1865607	1869341	1	1
3R	12551234	12552333	-1	1
3L	7369131	7369227	-1	1
3L	5747206	5747435	1	1
2R	12167158	12167237	-1	1
3R	18167072	18167131	-1	1
3R	15400917	15401090	1	1
2L	1700624	1703058	1	1
2L	14184776	14184922	-1	1
2L	7977128	7984051	-1	1
3R	24521695	24521747	1	1
2R	20438049	20456125	1	1
X	14355543	14389605	1	1
2L	5042888	5043078	-1	1
3R	12563120	12573398	-1	1
2R	4757749	4757812	1	1
2L	13810522	13810579	-1	1
4	650351	658318	-1	1
3L	506049	506105	-1	1
X	9172684	9172835	1	1
2L	16827890	16828052	1	1
2L	2808537	2808980	1	1
3L	17400656	17401028	-1	1
2R	7966239	7966298	1	1
2R	10025247	10025850	-1	1
X	21368126	21369692	1	1
X	11293157	11293571	-1	1
3R	27117795	27117859	1	1
3R	23731982	23732043	-1	1
3R	25214933	25214995	-1	1
3R	29630618	29659201	-1	1
3R	682506	835376	1	1
3R	16513329	16556362	1	1
2R	19423798	19424044	-1	1
3R	4299798	4301400	1	1
X	7604864	7608094	1	1
2L	4324622	4331714	1	1
3L	4590588	4590638	1	1
2L	13831135	13831188	1	1
3R	28318261	28319336	-1	1
3R	26826619	26842300	1	1
X	8179150	8179237	1	1
X	20329276	20330118	-1	1
3R	21302183	21303096	1	1
3R	10128516	10128630	-1	1
X	622752	622832	1	1
3R	22358492	22358563	1	1
X	16063953	16115111	1	1
X	2673619	2674704	1	1
3L	19607826	19608003	1	1
X	23031207	23031467	1	1
3R	22018717	22018780	-1	1
2R	6019550	6019609	1	1
Y	2307216	2320358	1	1
3R	20975921	20976215	1	1
3R	9122018	9226457	-1	1
3R	13696347	13696827	-1	1
3L	9774230	9779446	1	1
3L	9408432	9409803	-1	1
3R	10331798	10331856	1	1
3R	17909656	17916539	-1	1
2R	3190463	3190636	1	1
X	2588713	2599057	1	1
X	5788595	5789546	1	1
2L	21729260	21729582	1	1
mitochondrion_genome	13020	13175	-1	1
mitochondrion_genome	13019	13174	-1	1
3R	11395947	11396005	1	1
2L	10377824	10379683	1	1
3R	19782614	19782808	1	1
2R	5857582	5858447	1	1
4	273511	273859	-1	1
3L	8525705	8530560	1	1
2R	12424769	12424823	1	1
3R	16435256	16435331	-1	1
2R	17004698	17004753	-1	1
X	8186884	8187180	1	1
X	13381634	13382476	-1	1
3L	236502	236554	-1	1
2R	18753150	18754284	1	1
2L	10411962	10412023	-1	1
3L	11179717	11182155	1	1
2R	7833177	7833231	1	1
X	7608769	7609115	1	1
3R	14734430	14737420	-1	1
3L	8241195	8241774	1	1
X	16455592	16458341	-1	1
2R	24089268	24089556	1	1
2R	4783039	4786697	1	1
3L	8036656	8093885	1	1
3L	6562419	6581476	1	1
3L	5155870	5156197	-1	1
2R	11894692	11895650	1	1
X	8210614	8240178	1	1
2L	8311428	8316610	1	1
X	15482747	15530220	1	1
4	281874	282604	-1	1
3R	12623899	12624545	-1	1
3L	6943102	6944460	1	1
2L	21616845	21621342	-1	1
X	11763824	11763906	-1	1
2L	19948464	19949777	1	1
3L	4255296	4255354	1	1
3L	21497393	21498231	1	1
3L	7758944	7759009	1	1
X	5358782	5367803	1	1
mitochondrion_genome	13434	13571	-1	1
3R	25916414	25916471	1	1
3L	7059095	7059146	-1	1
3L	5748700	5749371	1	1
X	2741832	2741898	-1	1
3R	20958143	20974501	1	1
X	8517603	8531697	1	1
3L	9708803	9709275	1	1
2R	13953246	13953314	-1	1
3R	23983917	23984290	1	1
2R	22856690	22856749	-1	1
3R	27388682	27389616	-1	1
X	13625414	13657062	1	1
3R	31934011	31934103	-1	1
3L	3991623	3991990	1	1
3R	4523848	4534149	-1	1
2R	16868711	16868953	1	1
X	3700008	3701241	1	1
3L	9398524	9398963	-1	1
X	6524910	6531835	-1	1
X	8251130	8251201	-1	1
2R	10109376	10109459	1	1
3R	8817941	8818673	-1	1
3L	1627001	1627673	-1	1
2R	12277886	12278505	1	1
3L	24724431	24728297	1	1
3R	16551668	16551795	1	1
2R	16635938	16637648	-1	1
2R	22350101	22360471	1	1
3L	14799871	14800088	1	1
3L	9948752	9948989	1	1
X	1044590	1044650	1	1
3R	883517	918417	1	1
3R	4737781	4741852	-1	1
3L	19998302	19999117	-1	1
2L	6774559	6778179	1	1
X	19699172	19699686	1	1
X	22480899	22481915	-1	1
2L	3807691	3808819	1	1
3R	13014590	13019342	1	1
2L	8942656	8942827	-1	1
2R	12327038	12327093	1	1
4	1050914	1053498	-1	1
2L	23038441	23064919	-1	1
X	13270321	13270391	-1	1
2R	22995624	22995890	1	1
2L	5043384	5044307	1	1
2R	19085525	19089854	1	1
3R	11389407	11391110	1	1
2R	22058158	22058649	-1	1
3R	4759786	4761217	-1	1
3L	6934367	6934486	1	1
3L	13560962	13583776	-1	1
2L	13223933	13223991	1	1
2L	10841679	10841992	-1	1
2R	17852628	17855405	1	1
X	6350239	6350293	-1	1
3L	4222369	4222427	1	1
X	5904469	5977030	1	1
2L	6008038	6008096	-1	1
3R	9066549	9070051	-1	1
3R	22482052	22482450	1	1
2R	7395518	7395590	-1	1
3L	1863102	1863252	-1	1
2R	5699567	5699753	1	1
mitochondrion_genome	9443	11895	-1	1
2L	9796976	9877871	-1	1
3R	21156412	21157443	1	1
2R	22037987	22039331	-1	1
X	17935045	17982722	1	1
3L	21527088	21527140	-1	1
3L	12788375	12788541	-1	1
2L	159517	162551	1	1
3L	26013569	26013690	-1	1
3R	19756122	19756968	1	1
X	3894904	3930243	-1	1
3R	19457668	19457820	-1	1
3R	4298603	4301398	1	1
X	19965512	19965577	1	1
X	9502962	9514750	-1	1
3R	15187231	15187358	1	1
2R	14354742	14354805	1	1
3L	5691703	5691883	1	1
3R	20245324	20248882	1	1
X	5738744	5744454	-1	1
2L	9895381	9895441	1	1
3L	6173537	6173760	-1	1
2L	19046279	19047951	1	1
3R	10220951	10222382	1	1
X	521697	522986	1	1
X	19346512	19348008	-1	1
3R	11332630	11351973	-1	1
3R	31058628	31060375	-1	1
2R	8952482	8960796	1	1
2R	4236558	4236699	-1	1
2R	14039960	14058513	1	1
3R	8301835	8302657	1	1
2L	9069261	9069999	-1	1
3L	16758518	16787724	-1	1
2L	11225812	11235275	1	1
2L	10262919	10262992	-1	1
2L	6777595	6777657	1	1
X	13967809	13985824	-1	1
3R	12983884	12983947	1	1
3R	12573328	12573398	-1	1
3L	8604859	8609734	1	1
2R	12489081	12489146	-1	1
X	9165942	9183290	1	1
3L	9066460	9066566	-1	1
3L	8436176	8436246	-1	1
X	19505685	19520392	-1	1
3L	3984535	3984939	1	1
2R	20470121	20470434	1	1
2R	10107685	10108231	1	1
X	5307516	5307701	-1	1
3R	24254449	24254634	-1	1
2R	13514046	13514499	-1	1
2L	18845363	18845600	1	1
3L	22798479	22798799	-1	1
3R	18718032	18718636	1	1
2L	14976359	14976492	-1	1
2R	23811738	23811795	-1	1
2R	8474002	8494172	-1	1
X	6232159	6234296	1	1
2R	12586073	12592329	-1	1
3L	6952958	6953669	-1	1
X	12782978	12784684	-1	1
4	1134788	1184994	1	1
X	3101669	3108321	1	1
2L	9877973	9885932	-1	1
X	4091524	4122036	1	1
X	18165239	18225914	-1	1
2L	8285368	8286007	-1	1
X	7420058	7420120	1	1
2L	9713985	9743338	-1	1
3R	9239172	9239490	-1	1
2L	1012335	1013393	-1	1
3R	21302850	21303958	1	1
3R	31737240	31737316	1	1
X	15975709	15975799	-1	1
4	427712	511008	1	1
3L	13772999	13777913	-1	1
3R	7903362	7903544	-1	1
3R	4078031	4078174	1	1
2R	14740390	14740944	-1	1
3R	23982697	23984428	1	1
3R	17687872	17688439	-1	1
2R	6626228	6626553	-1	1
2R	7040544	7041569	1	1
X	8025943	8026593	1	1
2L	9384790	9405832	-1	1
3R	21298095	21298963	1	1
2R	10130263	10130416	1	1
3L	3148922	3149628	1	1
3R	4404640	4404701	1	1
3R	23936047	23936316	-1	1
4	320036	328162	1	1
2L	216008	216077	-1	1
3R	26174975	26176124	1	1
2R	10462452	10516732	1	1
2L	8740129	8740181	-1	1
2R	1343986	1344062	-1	1
3L	11690129	11690226	-1	1
3R	27664917	27676914	1	1
4	1280803	1291055	1	1
3R	11396385	11399170	1	1
3R	24710902	24711227	1	1
3R	10044005	10044062	1	1
3L	8093338	8098346	1	1
Y	132506	200758	1	1
3R	20753583	20754559	1	1
3L	9617442	9617779	1	1
2L	10961368	10963758	-1	1
3R	9448709	9450221	1	1
2L	8322948	8324959	-1	1
3L	1758070	1759058	1	1
3L	4188637	4189676	1	1
X	12919127	12924149	1	1
2R	12199520	12199844	-1	1
3L	11488295	11496447	1	1
X	3574921	3632007	-1	1
3R	21303607	21309808	1	1
3R	24191728	24191815	-1	1
2R	13229233	13229288	-1	1
2L	10241171	10242001	1	1
3L	201883	202052	1	1
3R	23963212	23965805	1	1
3R	19958835	20006235	-1	1
X	11957263	11961609	-1	1
2R	16610296	16618804	1	1
X	13381789	13383431	-1	1
3R	12561805	12595411	-1	1
X	12718052	12730934	-1	1
3R	21303607	21309531	1	1
X	11960679	11969334	-1	1
2L	738134	738229	-1	1
2L	738269	738321	-1	1
2R	22797097	22797836	-1	1
3L	3829862	3831721	1	1
4	537076	537175	1	1
X	577131	577812	1	1
2L	15064416	15067261	-1	1
3R	13779788	13779843	1	1
X	10781322	10781881	-1	1
X	4438396	4463855	1	1
2L	449321	449435	-1	1
3R	4238378	4238570	1	1
2L	6052023	6052080	1	1
X	6531138	6532085	-1	1
2L	18142581	18152040	-1	1
3R	7868680	7870232	-1	1
2L	2880154	2880301	1	1
3L	9401607	9402280	-1	1
X	15485269	15485332	-1	1
2L	5173699	5179846	1	1
X	5383821	5434850	1	1
2R	7719997	7725689	-1	1
2R	17429310	17461257	1	1
3L	1778583	1781220	-1	1
2R	11593463	11603500	-1	1
3L	3717295	3743338	-1	1
3L	20842350	20842419	1	1
2R	15994397	15994462	-1	1
2R	23555629	23555692	-1	1
3R	9705048	9705148	-1	1
3L	13024206	13024306	1	1
2R	2889521	2889895	1	1
3R	21306642	21306920	1	1
X	15860251	15861224	1	1
X	8510374	8515919	1	1
3R	16053344	16053403	1	1
3R	10614051	10614107	-1	1
X	12636900	12637051	1	1
2L	15644253	15644941	-1	1
2R	24946164	24946219	1	1
3L	4291441	4292091	-1	1
3L	4291435	4292085	-1	1
X	15175531	15175811	1	1
3L	226244	230767	1	1
3L	8269124	8269709	1	1
X	3714599	3716472	-1	1
X	19598695	19598816	1	1
2L	6789929	6790075	-1	1
X	17862201	17862274	1	1
mitochondrion_genome	2880	10072	1	1
3R	8819997	8820312	-1	1
X	3376234	3451010	1	1
2R	17546366	17546416	-1	1
2R	16924795	16926346	1	1
2L	22552389	22557321	1	1
X	19833236	19833321	-1	1
3R	16274876	16274954	1	1
X	3715153	3715256	-1	1
X	15099300	15099813	1	1
X	12774893	12775241	-1	1
2L	12407218	12409456	-1	1
2L	15064362	15065356	-1	1
3R	31353619	31354462	1	1
3L	1640740	1640796	1	1
2R	15189666	15189868	1	1
3R	13227648	13228107	-1	1
3R	30196801	30196866	-1	1
3L	4257016	4257076	-1	1
X	107617	109517	1	1
3L	15108959	15109338	1	1
3R	31935346	31935666	-1	1
X	7985829	7986402	1	1
3R	5563346	5563542	-1	1
X	11817135	11837058	1	1
X	13746685	13754842	-1	1
3L	3471792	3471939	-1	1
X	6140920	6185214	-1	1
2R	1649626	1649988	1	1
3R	10702840	10702906	1	1
X	15916072	15916474	1	1
3L	1875587	1875652	-1	1
X	10814094	10814621	1	1
2R	8960214	8960277	1	1
3R	5593669	5594383	1	1
X	9110367	9110715	1	1
2L	21105009	21108085	1	1
X	3264992	3319780	1	1
3R	5668999	5669198	-1	1
3R	7303355	7304536	-1	1
X	6701847	6702700	1	1
X	10779410	10781810	-1	1
3L	1651287	1651413	1	1
3R	29041794	29041867	1	1
3R	29041903	29046710	1	1
3R	19231043	19231362	-1	1
3R	29132505	29133861	1	1
X	15356622	15375364	-1	1
X	6758954	6770759	-1	1
X	8016089	8047639	-1	1
2R	13583583	13590600	-1	1
X	5673135	5673217	-1	1
2R	10724368	10724806	-1	1
3L	20848246	20848323	1	1
2R	12530735	12531158	1	1
3R	21017875	21018130	1	1
X	14274017	14274204	1	1
3R	21303148	21304081	1	1
3L	16062863	16063088	1	1
3L	9461560	9461888	1	1
3L	4575527	4586476	1	1
X	6492237	6495570	-1	1
3R	13022091	13023095	1	1
X	9027416	9031658	1	1
3R	13967116	13969067	-1	1
X	9116079	9116146	1	1
2R	14866814	14870095	-1	1
3L	17065277	17235815	-1	1
3R	7083906	7084990	-1	1
2R	13832448	13833094	1	1
X	1644893	1649882	1	1
2R	6625336	6626424	-1	1
3R	10518928	10520177	-1	1
2L	20730661	20732858	-1	1
3R	18248521	18250164	1	1
2L	13684549	13687521	-1	1
3R	23983741	23984374	1	1
3R	4284407	4301300	1	1
3R	29102866	29108643	1	1
2L	7831865	7832543	1	1
3L	4554923	4558397	-1	1
3L	9727570	9727787	1	1
3L	8089434	8089494	-1	1
2L	6682431	6682495	-1	1
X	3256198	3258614	1	1
X	12566837	12567415	-1	1
4	619784	619848	1	1
3L	11085709	11090898	-1	1
2L	1988476	1988716	1	1
mitochondrion_genome	2873	5010	1	1
3L	4023217	4023276	-1	1
3R	18717488	18718676	1	1
3R	4301098	4301508	1	1
3L	13640878	13642105	-1	1
2R	16868673	16868835	1	1
3L	21926001	21932357	1	1
3L	3040356	3042106	1	1
X	10057312	10057452	-1	1
3R	14056989	14057741	1	1
2R	8898323	8898389	1	1
3R	20438270	20438976	-1	1
2R	21014394	21014453	1	1
2L	12458224	12477115	1	1
2L	19759505	19759583	1	1
2L	14000593	14000757	-1	1
3L	16626864	16626922	-1	1
3L	25933411	25948262	-1	1
2R	15993690	15994659	-1	1
X	9171355	9171758	1	1
3R	26108714	26108783	1	1
2L	9292241	9293015	1	1
3R	9418246	9419687	1	1
3L	13664752	13666386	-1	1
3R	11819645	11819711	1	1
X	10242881	10243381	-1	1
X	22483023	22483087	1	1
2R	5307653	5311440	1	1
3R	9924022	9929164	1	1
2L	1612824	1613401	-1	1
2R	6156415	6156930	-1	1
2L	22250854	22253194	1	1
2L	5042891	5042989	-1	1
X	10478970	10479473	1	1
2R	12687080	12687597	1	1
3L	6955170	6955381	-1	1
X	19315936	19336296	-1	1
3R	27561765	27565387	-1	1
X	5738738	5744449	-1	1
2R	13832461	13832900	1	1
X	9175486	9188321	1	1
3L	11818908	11821834	-1	1
2L	4874000	4874058	1	1
X	12988807	12988876	1	1
2L	1012591	1046935	-1	1
2L	6558344	6558418	1	1
3R	18959550	18977294	1	1
2R	11793352	11807945	1	1
X	9170878	9171619	1	1
2L	21643253	21643764	1	1
3R	21370643	21375060	-1	1
2R	22797181	22797793	-1	1
2L	1008460	1013114	-1	1
3R	24693747	24696430	-1	1
2R	9132768	9133047	1	1
X	9354711	9354783	-1	1
X	1217833	1220102	-1	1
X	4484813	4500700	1	1
X	2180359	2180420	1	1
2R	10519376	10532039	-1	1
3L	7979174	7979510	1	1
3L	16622581	16647700	-1	1
2L	2408620	2410481	1	1
X	15824277	15824335	1	1
X	62803	94563	1	1
3R	10145533	10154224	1	1
3L	18933053	18933583	-1	1
3R	18192862	18194824	-1	1
X	16528486	16532757	-1	1
mitochondrion_genome	7795	7905	-1	1
X	14732744	14733018	-1	1
2R	15274295	15274539	-1	1
3R	4301162	4301242	1	1
3L	14037112	14037478	1	1
X	15901748	15901823	1	1
3R	17872814	17915104	-1	1
3L	21623161	21623222	-1	1
3R	31935392	31935886	-1	1
3L	8577313	8578314	1	1
3R	10737695	10750637	-1	1
3L	14880839	14881345	1	1
3R	26195623	26229657	1	1
X	13048028	13068047	1	1
X	10074896	10074976	-1	1
X	17934599	17939731	-1	1
X	10231129	10244676	-1	1
3L	5746736	5747764	1	1
X	16490118	16491187	-1	1
X	10427518	10452157	1	1
2L	11151621	11151931	-1	1
2R	17798164	17802797	1	1
2R	2947623	2948287	1	1
X	12715279	12730934	-1	1
2R	10815613	10815705	1	1
X	10759342	10760004	-1	1
X	17690210	17694262	-1	1
2R	17458293	17461994	1	1
3L	17060764	17060818	-1	1
3R	23983929	23984305	1	1
3L	1661122	1661249	-1	1
X	18640198	18640266	-1	1
3R	10881804	10881903	-1	1
3R	13429770	13430923	-1	1
3R	21359070	21359363	-1	1
X	4905431	4929771	1	1
3R	5084047	5085692	-1	1
2R	5859431	5859955	1	1
X	1774223	1778370	1	1
3R	10613609	10614594	-1	1
X	16329831	16329895	-1	1
3R	13452431	13455773	1	1
3R	21309205	21309483	1	1
X	16452625	16474782	1	1
X	10234734	10239222	-1	1
2L	1984823	1987585	-1	1
3R	25993485	25994945	1	1
X	9666247	9684090	-1	1
3L	821278	821340	1	1
3R	24815968	24816513	-1	1
2L	13803903	13809690	1	1
X	575805	578114	1	1
X	17848440	17850061	-1	1
mitochondrion_genome	13006	13598	-1	1
3L	15493582	15493940	-1	1
4	1243951	1244018	1	1
2R	9096996	9097242	1	1
X	17644179	17644764	-1	1
X	17644809	17646520	-1	1
X	8061726	8063840	1	1
mitochondrion_genome	5416	15382	1	1
X	19342358	19342426	-1	1
2L	13301903	13303916	-1	1
4	1080445	1082127	-1	1
2R	13829778	13832939	1	1
3R	7847118	7847498	1	1
3L	4937764	4938504	-1	1
2R	1907120	1907197	-1	1
X	7075373	7078709	-1	1
3R	8817728	8818575	-1	1
2R	24995389	24997312	-1	1
3R	28943923	28969331	-1	1
X	16452175	16452807	1	1
2L	7225857	7227104	-1	1
2R	14276258	14279152	1	1
2R	9528634	9530090	1	1
4	437358	440727	-1	1
X	18879352	18880203	1	1
2L	7430856	7431079	-1	1
3L	5424315	5429163	1	1
3R	20831217	20831276	1	1
X	6104215	6104436	-1	1
2R	6625408	6625953	-1	1
2L	9796888	9798046	-1	1
3L	17055210	17055280	1	1
3R	30360993	30361787	1	1
X	11564606	11564734	-1	1
3R	24804163	24804221	-1	1
X	1031010	1031069	1	1
2L	1010606	1013752	-1	1
3R	4790769	4790876	-1	1
3R	6393912	6405378	-1	1
2R	24035738	24036641	1	1
2R	85025	158398	1	1
2L	2360403	2360456	-1	1
3L	17063424	17065373	-1	1
3L	27268258	27268368	1	1
3L	18626422	18638860	1	1
X	5903540	5904621	1	1
3R	11785414	11785483	-1	1
X	12946835	12950045	1	1
X	1382015	1385904	1	1
2L	11806158	11809141	-1	1
2R	6698630	6699061	1	1
3R	22379366	22379434	1	1
2L	14196248	14196927	-1	1
2L	17402486	17404061	1	1
3R	23983898	23984356	1	1
3R	20640300	20640369	1	1
2R	2753466	2754391	1	1
3L	20005490	20006286	1	1
2R	21605829	21606043	-1	1
2R	21144137	21144201	-1	1
3L	25508521	25517640	-1	1
X	7021549	7022536	-1	1
2R	21393920	21394177	-1	1
3L	24161180	24161263	1	1
2L	5982790	5985304	1	1
X	14915870	14916230	1	1
3R	18515344	18517836	-1	1
X	12128612	12162110	1	1
3R	26184405	26184468	1	1
X	16549413	16549478	-1	1
X	1217778	1234096	-1	1
2R	1072103	1072251	1	1
X	575678	578100	1	1
2L	4979086	4979145	-1	1
3L	3993125	3993746	1	1
3R	24583173	24584942	-1	1
2R	12627392	12627598	1	1
X	20509482	20510519	-1	1
3L	6780863	6952650	-1	1
3L	9143867	9143930	1	1
3L	19292257	19292316	-1	1
3L	1631870	1637212	-1	1
2L	8515968	8516030	1	1
X	13985731	14044719	-1	1
2R	9777207	9779366	-1	1
3R	9437119	9440681	1	1
2R	7507378	7507436	1	1
3L	20000051	20000121	-1	1
3R	16049161	16049221	-1	1
3L	21725951	21726163	-1	1
3R	31933961	31935156	-1	1
X	19519384	19521693	-1	1
X	8509896	8568422	1	1
3R	18017778	18018227	1	1
2R	20699271	20726045	1	1
2R	10095734	10096048	1	1
3R	21807735	21808283	-1	1
3L	3899487	3899715	-1	1
3R	18515344	18545113	1	1
3R	12409440	12410275	1	1
X	6742039	6742106	-1	1
2R	14058131	14059534	1	1
3R	23983802	23984296	1	1
2L	14089862	14090156	1	1
3L	9397337	9398507	-1	1
3R	13429026	13434591	-1	1
3R	16632778	16635546	1	1
3R	8756213	8767334	-1	1
4	231601	231935	1	1
3L	13641756	13649784	1	1
2R	11602746	11604769	-1	1
X	4659795	4660346	-1	1
3L	9749439	9749518	-1	1
3L	7748709	7749006	1	1
3R	20252833	20253627	1	1
2R	23061774	23061838	-1	1
2R	19436644	19437215	-1	1
X	18137051	18137618	-1	1
2L	14040214	14041321	1	1
2L	2780676	2784952	-1	1
2R	12877356	12877511	-1	1
Y	132630	200801	1	1
3L	1285111	1287932	1	1
3R	23983579	23983670	1	1
X	13746702	13755009	-1	1
2L	2002921	2005561	-1	1
2R	19493418	19493475	1	1
2R	13806423	13808905	1	1
2L	6062022	6062079	-1	1
2R	13452027	13452322	1	1
3R	26455699	26455776	-1	1
3L	21537757	21538441	1	1
X	16696640	16710224	1	1
mitochondrion_genome	12862	13177	-1	1
2L	5188282	5188342	1	1
X	12686949	12691269	-1	1
3L	21616971	21617149	-1	1
X	16970766	16987001	-1	1
3L	13846942	13847022	1	1
3L	13523212	13523367	-1	1
X	15322828	15322899	1	1
3L	9146318	9147064	-1	1
2L	10007462	10007578	1	1
2L	2028250	2028303	1	1
3R	19643839	19644206	1	1
3R	29659045	29659194	-1	1
2R	12275814	12276225	1	1
3R	22717342	22717440	-1	1
2R	5307353	5307473	1	1
3R	5228191	5228277	-1	1
3L	8954271	8954378	-1	1
3R	10584522	10613170	-1	1
2R	22614722	22614912	1	1
2L	13485250	13486918	1	1
3R	11995169	11995372	1	1
X	4322678	4323007	1	1
3R	10514345	10521072	-1	1
3R	27945015	27945077	1	1
3L	269858	270082	1	1
X	12589168	12589256	-1	1
3R	25134625	25134692	1	1
3L	5669083	5671424	1	1
3R	17729369	17729457	1	1
X	5744700	5746382	-1	1
3L	20512386	20512521	1	1
3R	23983906	23984343	1	1
3R	29060304	29060362	-1	1
3L	23654209	23686271	-1	1
3R	19459729	19459795	1	1
4	1037741	1038359	1	1
3R	3846895	3849499	1	1
X	10244332	10244555	-1	1
3R	20978249	20978458	1	1
2L	23512965	23513041	1	1
4	868400	871992	1	1
X	5365448	5365589	1	1
2L	2772587	2779426	-1	1
3R	8661168	8661359	-1	1
3L	11542835	11552425	-1	1
mitochondrion_genome	13017	13364	-1	1
2L	1014103	1014250	-1	1
2R	8221557	8221646	-1	1
2L	6913282	6913426	-1	1
X	9554705	9555010	1	1
3L	18059983	18060105	-1	1
X	4698586	4701701	1	1
3L	15927143	15927736	-1	1
3R	24710936	24711514	1	1
3L	9146122	9177348	-1	1
3L	984277	985362	1	1
2L	1010698	1011436	-1	1
3R	23984549	23985017	1	1
3L	11736766	11736858	-1	1
2L	923224	958058	1	1
X	11944437	11966034	-1	1
X	3479033	3479128	1	1
2L	5172450	5173464	1	1
X	11796182	11797020	1	1
2R	21698601	21702673	-1	1
X	13590154	13590474	1	1
3L	1198427	1199131	1	1
2L	12045902	12046004	-1	1
X	12128591	12303999	1	1
3L	3193368	3194499	-1	1
3L	8439746	8441283	-1	1
X	9022240	9024261	1	1
2L	19489213	19489300	-1	1
2R	18620956	18621039	-1	1
3R	11323934	11332054	-1	1
3R	13959132	13960079	1	1
3L	4822627	4822690	-1	1
2R	18140955	18141488	1	1
3R	15266371	15266577	1	1
X	14322935	14324667	1	1
3R	23983236	23984450	-1	1
2L	5952192	5952252	1	1
3R	22391864	22391920	1	1
X	23282353	23282498	-1	1
X	8060098	8060877	-1	1
3R	13735624	13744795	1	1
3R	12095301	12096049	1	1
2L	4843659	4843718	-1	1
3L	12548497	12564899	-1	1
3R	4776805	4776864	1	1
X	8060764	8060973	-1	1
2L	21389080	21390191	1	1
4	866295	866970	-1	1
X	1892120	1894508	-1	1
3R	4286207	4286504	1	1
X	12648784	12651110	1	1
3R	9737904	9737994	-1	1
2L	15011219	15011276	1	1
2R	23389209	23390006	-1	1
4	1144114	1146436	-1	1
3L	16721017	16721087	1	1
3R	6000767	6001330	-1	1
X	8553716	8553999	1	1
2R	16609464	16618804	1	1
3R	21805241	21808502	-1	1
X	5640478	5640583	1	1
X	11447548	11453796	-1	1
2L	119555	119828	-1	1
2R	24050730	24050792	1	1
X	12954584	12957156	1	1
3R	9557583	9557710	-1	1
mitochondrion_genome	4503	4657	1	1
X	20234391	20234775	-1	1
3R	9874973	9929089	1	1
3L	8425219	8450377	1	1
3R	25439871	25472482	-1	1
2R	12627917	12627971	1	1
3L	17425507	17425622	1	1
3L	15813627	15815936	-1	1
3R	791880	795256	1	1
2L	1010622	1011475	-1	1
2L	2029029	2029092	1	1
2L	5171851	5173345	1	1
2L	9450382	9460047	1	1
2L	15648252	15648310	-1	1
3R	15798405	15798721	1	1
2R	13828518	13829640	1	1
X	3783465	3789597	1	1
3R	20958168	20974566	1	1
X	6876047	6876342	1	1
2R	2733944	2866539	1	1
3R	28146944	28147500	1	1
2L	2329479	2359519	-1	1
3R	15957013	15961966	1	1
3L	12768353	12768511	1	1
3R	21302861	21304892	1	1
3L	20779406	20779678	1	1
2L	21310942	21319295	1	1
3R	18400354	18418426	1	1
2L	21388611	21390269	1	1
X	10534583	10541930	-1	1
X	10534599	10541945	-1	1
2R	15275231	15275294	-1	1
4	1264966	1265029	1	1
2R	2262253	2262315	-1	1
3R	20636276	20636341	1	1
2R	4014586	4122510	1	1
X	7934254	7934373	1	1
2R	22170718	22170778	1	1
2R	12619437	12619755	1	1
3L	9866362	9867314	1	1
2R	2753921	2754013	1	1
X	15440252	15440564	-1	1
3R	16551929	16556279	1	1
3R	29173840	29176542	-1	1
X	14240480	14241203	-1	1
3R	11363488	11368795	1	1
3L	19995573	19995629	1	1
3R	7901896	7902007	-1	1
3R	19216149	19217225	-1	1
3R	5793570	5793641	-1	1
3L	27350322	27360749	1	1
3R	29499500	29499631	-1	1
2R	2487677	2520721	-1	1
4	611017	611285	1	1
X	23003929	23004462	-1	1
2L	870553	871341	1	1
2L	10225653	10225725	-1	1
3R	19766403	19771304	1	1
2R	17775254	17781133	-1	1
mitochondrion_genome	12915	13473	-1	1
2R	13106403	13110769	1	1
3R	25354316	25356224	-1	1
X	6680397	6681712	1	1
2R	20749299	20750073	1	1
2L	5920979	5921077	1	1
3L	23136081	23147200	-1	1
X	13411426	13412262	-1	1
3R	10245877	10246399	1	1
X	9666266	9683931	-1	1
3R	30877270	30877497	-1	1
2R	14416598	14416687	-1	1
X	1604948	1624138	1	1
3R	11394699	11403164	1	1
2L	16169230	16169487	1	1
2L	131170	131226	-1	1
X	12868515	12869497	-1	1
3L	15864740	15865758	-1	1
X	7899931	7901277	-1	1
3R	25518438	25519261	1	1
2R	439013	495144	1	1
3L	351486	355839	1	1
2R	24057907	24058484	1	1
3R	4659803	4660239	1	1
X	9165942	9183282	1	1
2R	12167157	12167544	-1	1
3R	24064924	24105453	-1	1
2R	17012775	17013285	-1	1
X	9588901	9592439	1	1
3R	13967100	13969151	-1	1
3R	20205461	20205521	-1	1
X	13746798	13751526	-1	1
3R	11419780	11419835	-1	1
2L	7062706	7063566	1	1
2R	11445416	11447156	1	1
X	15991383	15991932	-1	1
3R	8313471	8313531	-1	1
2R	24727938	24735389	-1	1
3R	26870131	26870193	-1	1
2L	4319589	4321053	1	1
3L	9368014	9368101	1	1
2R	24891881	24892284	1	1
3R	10892304	10892363	-1	1
3L	16121217	16121550	1	1
3R	23983955	23984198	1	1
2R	13950918	13951614	1	1
3L	24074656	24075049	1	1
2R	24414784	24414848	1	1
3R	26269650	26269740	1	1
3R	5593480	5594426	1	1
4	516040	518728	1	1
3R	21102333	21105222	1	1
3R	21048599	21048660	-1	1
3L	21728374	21728451	-1	1
X	19483605	19483684	1	1
3L	9103172	9106428	-1	1
X	13381630	13383484	-1	1
2R	15563213	15563271	-1	1
3R	5593473	5594416	1	1
3R	12987485	12988606	1	1
3L	17400534	17400970	-1	1
3R	22585371	22585434	1	1
2L	8826287	8829497	1	1
3L	20002993	20003303	1	1
X	4662284	4732797	-1	1
2L	2029936	2030412	1	1
2L	8083944	8089185	1	1
3R	21306640	21308030	1	1
X	11713806	11714558	-1	1
X	14031370	14143793	1	1
3R	26042265	26042995	1	1
2L	21116458	21116516	-1	1
X	1930584	1938105	1	1
2L	5521345	5523110	-1	1
2L	23512955	23513041	1	1
3L	19994663	19995459	1	1
2R	18306087	18355500	-1	1
3L	1314321	1314473	1	1
3R	10993048	11050139	1	1
3L	9730096	9730312	1	1
3R	13967153	13969054	-1	1
2L	2957265	2961218	1	1
X	4619261	4702711	1	1
3R	20967331	20975246	1	1
X	17699811	17700546	-1	1
3R	14733040	14733276	-1	1
X	5363446	5363767	1	1
3L	6166553	6192131	-1	1
X	13380392	13380512	-1	1
3L	3717377	3742850	-1	1
X	13465780	13468608	1	1
3L	9105354	9124200	-1	1
X	10176995	10186061	-1	1
X	8506582	8506737	1	1
3L	19998520	19998596	-1	1
X	17914371	17926171	-1	1
X	2112280	2112601	1	1
3R	26597801	26602761	1	1
3L	4429984	4431845	1	1
X	16458353	16462827	-1	1
2R	12168204	12174091	-1	1
X	4698618	4700332	1	1
3L	7369995	7372739	1	1
X	13867158	13967465	-1	1
2R	18762222	18768275	1	1
X	16839226	16839441	1	1
3R	8817675	8820630	-1	1
2R	927128	927186	1	1
2L	21131130	21134525	1	1
X	6917683	6917755	1	1
3R	25713979	25718398	-1	1
X	9172029	9188060	1	1
4	371358	371813	1	1
2R	5612428	5612801	1	1
3R	23983935	23984303	1	1
3R	17799629	17799685	-1	1
X	6881291	6881361	-1	1
3R	13644013	13644662	-1	1
mitochondrion_genome	11756	13089	-1	1
2L	2865419	2865482	-1	1
2R	14083298	14084696	-1	1
X	13733637	13733707	-1	1
3L	3087070	3087133	1	1
X	3781735	3786789	1	1
3L	4919040	4919158	1	1
2L	17721105	17737964	-1	1
mitochondrion_genome	9213	13094	-1	1
X	5383800	5446996	1	1
3R	31055570	31055622	-1	1
2R	7042011	7042580	1	1
2L	1009844	1010574	-1	1
4	629980	631627	1	1
3L	16164012	16182934	-1	1
X	19632906	19632970	-1	1
X	9638680	9638916	-1	1
2L	4822988	4828795	1	1
X	3733381	3737071	-1	1
3L	9067331	9069523	-1	1
X	7341504	7341574	1	1
3L	17661738	17663177	-1	1
3R	12396764	12403502	-1	1
X	5633466	5633871	-1	1
3L	13873267	13883260	-1	1
3L	25996131	25999817	-1	1
2R	6618742	6618803	1	1
3R	12561805	12595632	-1	1
3R	11396340	11402773	1	1
X	13860783	13863812	-1	1
2L	1012673	1046940	-1	1
2L	2799088	2799909	-1	1
2R	13830842	13833062	1	1
2L	13803732	13809808	1	1
X	9008202	9013264	1	1
3R	18248394	18249018	1	1
2R	6626074	6627450	-1	1
2L	9341596	9341717	1	1
2R	18119917	18121210	-1	1
3L	210400	210476	-1	1
3L	5744056	5744864	1	1
X	9346150	9348734	-1	1
3L	19993323	19996681	1	1
2R	16641319	16642052	1	1
2L	1012547	1015807	-1	1
X	13383453	13383567	-1	1
4	111132	119523	1	1
2R	13954862	13954917	1	1
2R	9588331	9588391	-1	1
2R	6828506	6829564	1	1
2R	24611823	24611900	1	1
2R	929293	951127	-1	1
2L	12222	12286	-1	1
3R	22129399	22129463	1	1
3R	11335623	11371313	1	1
4	1150714	1151284	1	1
3R	5083854	5086249	-1	1
2R	16753903	16753963	-1	1
3R	24486201	24487131	1	1
X	17015225	17018126	-1	1
3R	24253599	24253663	-1	1
3R	20753584	20754559	1	1
X	9181354	9186562	1	1
3R	11765147	11768503	-1	1
X	10406701	10406762	1	1
2R	14671922	14713490	-1	1
X	11112566	11119481	-1	1
3R	22300308	22303722	1	1
4	1038677	1043347	-1	1
3R	10260890	10261108	-1	1
3R	3864691	3867225	1	1
2L	12710226	12710362	-1	1
X	15947611	15955027	-1	1
X	15968446	15972205	-1	1
3R	21949450	21949528	1	1
X	12688437	12715044	-1	1
X	12635769	12648057	1	1
2L	1008557	1010038	-1	1
X	13381566	13381976	-1	1
3R	29064613	29085854	1	1
3L	5156223	5272776	-1	1
2L	6046758	6046882	-1	1
3R	21304476	21305295	1	1
3R	10196913	10203755	1	1
2L	4965823	4965882	1	1
X	12636065	12639360	1	1
X	13382872	13383054	-1	1
2L	15117068	15117140	1	1
2L	9295258	9295409	1	1
3R	15935695	15961984	1	1
mitochondrion_genome	13005	13173	-1	1
3R	18683374	18683504	-1	1
X	13986122	13986375	-1	1
3R	24136978	24137391	1	1
2R	13826586	13829538	1	1
2R	5087081	5088195	-1	1
2R	5719850	5744337	-1	1
2L	7832054	7832732	1	1
X	54678	65347	1	1
X	3895678	3930915	-1	1
3R	17909559	17916448	-1	1
X	13282230	13285203	1	1
3R	11947787	11948837	-1	1
3L	13664976	13666310	-1	1
2L	5333178	5335717	-1	1
3R	23983730	23984349	1	1
3R	20894638	20894835	-1	1
X	11831025	11831122	1	1
3L	17400534	17401095	-1	1
3R	8817786	8820139	-1	1
2R	20503721	20503783	1	1
2L	2153106	2153282	-1	1
3R	31455456	31455528	1	1
X	2367343	2367428	-1	1
2R	8134897	8134967	-1	1
2R	12167177	12167680	-1	1
3R	5292080	5292640	-1	1
3R	26258042	26258987	-1	1
mitochondrion_genome	6684	13841	-1	1
2R	11892185	11893555	1	1
2R	18522218	18522281	1	1
2L	5034982	5035064	1	1
3L	17530423	17530809	1	1
3L	17067044	17072392	-1	1
4	1280089	1280158	1	1
2L	6483653	6483708	1	1
X	23200999	23216963	1	1
2L	9796994	9877881	-1	1
3R	27115655	27115889	-1	1
3R	30808740	30808881	1	1
X	12295685	12312792	1	1
3R	25681024	25681121	1	1
X	8429366	8431136	1	1
X	760529	760682	1	1
2L	5159235	5161129	1	1
X	3187862	3189222	1	1
3R	30082375	30083102	1	1
Y	2102439	2102502	-1	1
2L	19532691	19532863	1	1
2L	11803899	11804072	-1	1
X	13983174	13986223	-1	1
2L	125267	126110	-1	1
3L	3870011	3894496	1	1
X	7079368	7084599	-1	1
3L	17525426	17528233	-1	1
3R	25352055	25472599	-1	1
2R	21163696	21163754	-1	1
X	4688318	4688451	1	1
2R	12450237	12450521	1	1
2R	24212736	24214524	-1	1
X	9633322	9634382	-1	1
3R	15897710	15897775	-1	1
3R	5686271	5687041	1	1
3L	14112783	14131170	-1	1
2L	2365729	2366275	1	1
3R	31216183	31217120	-1	1
2L	18706228	18706495	-1	1
3L	7331337	7331393	1	1
3L	11250641	11251107	-1	1
2L	9292183	9295212	1	1
3R	30005056	30005288	1	1
3R	9420048	9439349	1	1
3L	1342634	1344404	-1	1
3R	31216356	31216870	-1	1
X	5904468	5904535	1	1
2R	5199861	5201446	-1	1
2R	21290971	21291032	-1	1
X	10915832	10923210	1	1
3R	21299318	21309851	1	1
X	16707735	16710198	1	1
2L	6790039	6790455	-1	1
X	4658527	4666489	-1	1
2R	24403182	24404251	1	1
3R	18976499	18977152	1	1
3R	24854087	24854362	1	1
3L	1335289	1335944	1	1
2R	10327774	10328740	-1	1
X	9165942	9183273	1	1
3R	31810941	31811000	-1	1
3L	159514	159761	-1	1
2R	17798183	17876951	1	1
2L	12457271	12457643	-1	1
3L	307631	307695	-1	1
X	576628	578835	1	1
3L	9179566	9179795	-1	1
2L	13815306	13815359	1	1
X	16453355	16474764	1	1
3R	21348995	21349096	-1	1
3L	9130079	9130330	-1	1
X	13773979	13776676	1	1
2L	11077067	11077123	1	1
2R	2778924	2779129	1	1
X	16839037	16840277	-1	1
2L	2790236	2790425	-1	1
3L	11212745	11214042	1	1
3R	21364993	21365138	-1	1
2L	14083568	14087977	1	1
2L	21382116	21390258	1	1
3R	21309253	21309531	1	1
2R	12465318	12465450	1	1
2L	1256946	1273585	1	1
2R	946844	949392	-1	1
X	8274902	8276063	1	1
X	12204138	12236385	1	1
2L	3753354	3810390	1	1
X	3460557	3481430	-1	1
3R	5237174	5237232	-1	1
2L	9962678	9962735	-1	1
X	12741932	12742144	-1	1
2L	10276568	10277814	-1	1
2L	13993831	13999881	-1	1
3R	15372573	15372631	1	1
3L	4434071	4435406	1	1
X	9354187	9354966	-1	1
X	3891707	3891877	-1	1
3R	13013971	13073343	1	1
2R	12878322	12878385	-1	1
3R	17980425	17981767	-1	1
3L	26013569	26013683	-1	1
2R	21393051	21398967	-1	1
3L	12894444	12894528	1	1
2L	2781035	2782773	-1	1
2R	19178873	19179411	1	1
2R	21944954	21946085	1	1
2R	7834628	7836576	-1	1
3R	4280361	4282678	1	1
3R	23075917	23076000	-1	1
3R	20438209	20449445	-1	1
X	4909320	4909452	1	1
2L	6646948	6647998	-1	1
2R	18356269	18357008	-1	1
X	12570014	12582752	-1	1
3L	9107711	9123596	-1	1
3L	17282882	17287273	1	1
3L	13442989	13443300	1	1
2R	10095699	10095995	1	1
2L	184138	189746	1	1
2R	13865906	13866449	-1	1
X	17623585	17627665	-1	1
2R	3761657	3763621	-1	1
2R	3796446	3796699	-1	1
2L	7414008	7414074	1	1
3L	14033684	14033745	1	1
2L	10273123	10273197	-1	1
3L	17400506	17401038	-1	1
2R	7099013	7105548	1	1
3L	12541378	12564895	-1	1
2R	17032467	17034637	1	1
X	5904139	5966433	1	1
3R	23229333	23229825	1	1
3R	29727586	29727656	-1	1
X	13901644	13967270	-1	1
X	647744	648464	1	1
2L	21382147	21390252	1	1
3R	12970441	12970511	-1	1
mitochondrion_genome	13012	13573	-1	1
3L	7669475	7670279	-1	1
Y	132628	200815	1	1
2R	24047860	24047926	-1	1
X	16455795	16457216	-1	1
X	10234773	10239045	-1	1
3R	9989783	9990504	1	1
3R	11753023	11753192	-1	1
mitochondrion_genome	2831	2920	1	1
3R	21803390	21807599	-1	1
3L	22833344	22833492	-1	1
X	9242626	9242695	-1	1
3L	22824117	22824471	-1	1
3L	1873984	1874041	-1	1
3R	17909517	17916478	-1	1
2L	6568558	6570801	-1	1
X	19659079	19659227	-1	1
2L	16475412	16481525	-1	1
3L	3717353	3743388	-1	1
3L	5664448	5664874	1	1
2R	12273982	12278768	1	1
X	17908714	17908808	1	1
2L	2361586	2364890	-1	1
3L	9130333	9130555	-1	1
2R	4396975	4397039	-1	1
3L	26165827	26169475	1	1
X	15954915	15957512	-1	1
2L	8322703	8322774	1	1
3L	7815987	7816054	-1	1
3R	20973640	20975139	1	1
3L	10857193	10857256	-1	1
3R	27678469	27678685	1	1
4	1038435	1045156	-1	1
3L	4074311	4075057	-1	1
2R	930533	949570	-1	1
3L	18791298	18800324	-1	1
3L	12748683	12749963	-1	1
X	5838125	5840510	1	1
2R	20620545	20620608	1	1
2L	13500205	13500354	1	1
Y	124448	200844	1	1
2R	9970552	9970682	1	1
3L	7812258	7815555	-1	1
4	855581	866144	-1	1
3L	13560964	13583776	-1	1
2R	17704668	17716121	-1	1
X	22981274	22981650	-1	1
2L	1012320	1013378	-1	1
3R	31935392	31937280	-1	1
X	7021545	7022532	-1	1
3L	19543104	19543203	1	1
3L	8431857	8432207	1	1
2R	927298	927356	-1	1
3R	31216339	31216855	-1	1
2L	20028206	20056094	1	1
3R	31598943	31609334	-1	1
2L	409737	409790	1	1
3L	4132213	4133549	-1	1
X	5836156	5836730	1	1
4	1144114	1146114	-1	1
3R	5083795	5086264	-1	1
3L	13017345	13017404	-1	1
4	564480	564541	-1	1
3L	991750	993652	1	1
2R	17775320	17781129	-1	1
2R	7845871	7847432	-1	1
3L	17400534	17401292	-1	1
3L	9510652	9511056	1	1
X	1372849	1427606	1	1
X	20776249	20784268	-1	1
3R	25257058	25257122	1	1
3L	8412228	8412298	1	1
X	1574508	1608522	-1	1
2L	12441947	12442009	-1	1
3R	27155506	27155566	1	1
2L	5170224	5173483	1	1
3R	23074002	23075006	-1	1
3L	8937038	8937380	-1	1
2L	2229576	2229638	1	1
3R	24064929	24066542	-1	1
2R	1516660	1521336	1	1
X	11052579	11053484	-1	1
X	16459277	16475177	-1	1
X	18648457	18648516	1	1
3L	3910980	3911108	-1	1
X	5334554	5393907	1	1
2R	1349499	1367500	1	1
3R	15296912	15308427	1	1
3L	4419263	4419429	1	1
2L	5177296	5209332	1	1
2R	13829758	13832765	1	1
2L	8071267	8071448	1	1
3L	13926169	13926847	-1	1
3R	24819804	24820586	1	1
X	13867142	13884321	-1	1
X	1337426	1342271	1	1
3L	17400354	17400405	-1	1
3R	17696151	17696370	-1	1
2R	19290553	19290700	1	1
3L	23100006	23100245	1	1
X	16317761	16318058	-1	1
X	4698672	4701967	1	1
X	9152664	9153354	-1	1
3R	15350784	15350852	-1	1
X	2634872	2641265	1	1
3R	21308571	21311671	1	1
2R	22930320	22931515	1	1
2R	12264785	12273766	1	1
3R	21309673	21311663	1	1
3R	29481757	29481868	1	1
2R	1072639	1075009	-1	1
2L	5171257	5172892	1	1
2R	9884003	9884622	-1	1
X	22433067	22433139	-1	1
X	6038194	6038263	1	1
2R	17869261	17874066	1	1
X	5082240	5082417	-1	1
4	1296736	1303580	1	1
2R	8719785	8719843	1	1
X	23205346	23213066	1	1
3R	16468676	16468833	-1	1
3R	16468877	16468950	-1	1
3R	9772342	9772828	-1	1
2R	22106264	22106378	-1	1
X	11944022	11948628	-1	1
3R	9640869	9643491	1	1
X	12477156	12497496	1	1
4	310201	310960	1	1
2L	21380729	21382065	1	1
X	9181755	9187827	1	1
3R	22136035	22136445	1	1
3R	31673638	31673706	1	1
3L	11197082	11197374	-1	1
4	1149214	1150588	1	1
3R	4735579	4735650	1	1
X	10382110	10382181	-1	1
2R	19598215	19598267	-1	1
2R	13810364	13810479	1	1
3R	31851777	31865930	-1	1
2R	2718753	2724516	1	1
3L	3989950	3993740	1	1
3R	28318485	28318561	-1	1
3L	7675311	7677178	-1	1
2R	2564512	2565119	-1	1
3R	5595994	5596045	-1	1
2R	2909326	2937062	1	1
3R	21807848	21808271	-1	1
X	3951568	3951636	1	1
3R	30082322	30104103	1	1
4	254755	258312	1	1
X	1372613	1373536	1	1
X	17642238	17642303	-1	1
3L	9862036	9862091	-1	1
3L	3226540	3226877	1	1
3L	4429988	4433214	1	1
X	16510147	16512558	-1	1
X	12906670	12907314	-1	1
4	570534	570597	-1	1
X	8434954	8435018	-1	1
2R	14276441	14277033	1	1
X	8716252	8716314	1	1
X	1409540	1410109	1	1
3L	249343	249401	1	1
3L	5184308	5193689	-1	1
2L	23166880	23173892	-1	1
3L	17553629	17554351	-1	1
X	5671259	5671799	-1	1
X	19624463	19624528	1	1
4	1038889	1039742	-1	1
2L	8088371	8089185	1	1
3R	19457658	19460157	1	1
3L	16094771	16094829	1	1
3R	20288314	20299307	1	1
3R	18167811	18168322	1	1
2R	16756451	16756556	-1	1
3R	344342	347105	1	1
3R	21785756	21805047	-1	1
2R	4461918	4470560	-1	1
3R	10613801	10617797	-1	1
3R	25031694	25031769	-1	1
2L	7059167	7061151	1	1
3R	27670938	27670994	1	1
3R	30968521	30968954	-1	1
3R	22721498	22722447	-1	1
3R	21343034	21348392	-1	1
X	5394934	5414065	-1	1
2L	4880473	4881215	-1	1
3R	15409142	15415918	1	1
3L	4256500	4256560	-1	1
3R	12468182	12477879	-1	1
3L	7704051	7705703	-1	1
X	16500570	16503990	-1	1
2L	18706239	18706501	-1	1
X	4698753	4700901	1	1
2L	9710721	9710782	-1	1
X	12656790	12657372	1	1
3R	14367500	14369972	-1	1
2L	19753356	19753429	-1	1
3L	9153923	9154161	-1	1
2R	24100887	24100947	1	1
2R	2487669	2497098	-1	1
4	320042	328162	1	1
3R	7191679	7191736	1	1
X	5082939	5084733	-1	1
X	6299209	6328103	-1	1
3R	23806822	23806883	-1	1
2R	6162215	6169624	-1	1
3R	21318430	21318661	-1	1
3L	8441719	8442207	-1	1
2R	17013997	17014949	1	1
X	15947720	15948054	-1	1
X	9185762	9185990	1	1
3R	18573530	18586273	1	1
4	320045	328165	-1	1
2L	1653264	1653331	1	1
2L	2144054	2144119	-1	1
3L	749634	752476	1	1
2L	4318987	4320967	1	1
2L	1014472	1014627	-1	1
3R	21302552	21302830	1	1
4	467995	471014	1	1
X	4154757	4203191	1	1
3R	9757650	9757703	1	1
3L	5565715	5566109	1	1
3L	11938464	11938700	-1	1
2R	11455288	11455588	-1	1
3R	5359288	5359348	-1	1
3R	27942997	27947909	-1	1
2L	9292389	9295535	1	1
3R	31054233	31056426	-1	1
2L	12627184	12627424	1	1
3R	24662523	24663573	1	1
3R	24663604	24664364	1	1
X	11579529	11579670	1	1
3R	21309440	21309718	1	1
2L	18476509	18476775	-1	1
3L	1966906	1967122	-1	1
X	19745268	19745545	1	1
3R	21784477	21784888	-1	1
4	181971	182035	1	1
4	500420	502459	-1	1
3L	21272878	21272951	-1	1
3R	5377202	5377635	1	1
X	16463763	16464645	-1	1
2R	19176754	19177817	1	1
3R	21308126	21308404	1	1
X	16528120	16528465	-1	1
3L	25421382	25421436	-1	1
3R	24785915	24785973	-1	1
2R	6153195	6161544	-1	1
X	13713596	13714644	1	1
3R	21313974	21314147	1	1
3R	5083886	5085704	-1	1
X	2609496	2609593	-1	1
3R	453268	529159	-1	1
Y	132509	200724	1	1
2L	13879435	13885262	1	1
3R	5578684	5579011	1	1
3R	23817031	23818227	-1	1
3R	18248379	18248445	1	1
2L	1013453	1013543	-1	1
X	16498897	16500507	-1	1
3R	10613397	10613605	-1	1
X	22834595	22844115	1	1
2R	12449783	12450521	1	1
3R	20974306	20974581	1	1
2R	4691864	4727905	-1	1
3R	6037849	6037904	-1	1
2R	9435525	9435586	-1	1
3R	23809102	23818367	-1	1
3R	21212245	21212483	1	1
X	12685816	12686127	-1	1
X	16317804	16318014	-1	1
3R	7077965	7079424	-1	1
3L	19543127	19543203	1	1
2L	19702026	19702146	1	1
2L	1009844	1010570	-1	1
3R	4301172	4301242	1	1
X	2901159	2904659	-1	1
2L	19484147	19484214	-1	1
X	23216244	23216960	-1	1
X	12942102	12949253	-1	1
3R	11978694	11979145	-1	1
2R	8070513	8070821	1	1
2L	11795874	11797306	-1	1
3R	24650345	24650405	1	1
2L	2772495	2780847	-1	1
X	16794633	16795265	1	1
2R	13655359	13657863	1	1
2R	13865496	13866061	-1	1
3L	19814251	19814303	-1	1
3L	9900697	9900761	1	1
X	6252564	6252628	1	1
2R	16430623	16431724	1	1
2R	14140642	14152228	-1	1
3L	15962051	15962115	-1	1
3R	5558436	5558499	-1	1
X	5834628	5835804	-1	1
2R	1423398	1429435	-1	1
X	10791124	10791476	-1	1
3R	23983946	23984289	1	1
2L	17477227	17477399	-1	1
3R	22021521	22021584	-1	1
3R	18194959	18196523	-1	1
3L	9101644	9101877	-1	1
3R	17532518	17534283	-1	1
3L	9663518	9663621	-1	1
X	6684142	6687479	1	1
2R	17699445	17699858	1	1
2L	2772476	2772551	-1	1
2R	2919827	3067829	1	1
X	3100072	3121489	1	1
3L	7535645	7536711	1	1
3R	6566887	6592880	-1	1
2L	21392392	21392538	1	1
X	9115402	9157165	-1	1
3L	3472533	3509806	1	1
X	4707974	4708824	1	1
3R	5237910	5238739	-1	1
3L	210739	210815	-1	1
2R	9107413	9107464	-1	1
3L	6944564	6948684	1	1
3L	10182541	10186023	-1	1
2R	9517156	9522636	1	1
3L	9049130	9050326	-1	1
3R	8814679	8815001	-1	1
3R	23983912	23984428	1	1
2L	21389080	21390052	-1	1
2R	12273818	12276189	1	1
2L	6456683	6456744	1	1
3L	16633402	16642004	-1	1
2L	15749657	15750992	-1	1
3R	13703126	13705341	-1	1
2L	15030373	15030430	1	1
2L	9685203	9685595	-1	1
3R	21982288	22007720	1	1
2R	2747203	2754542	1	1
3L	6943175	6944432	1	1
X	3481345	3482026	1	1
X	3388413	3388991	-1	1
2L	13486369	13488148	1	1
3R	8346941	8347274	1	1
2R	15570296	15570358	-1	1
2R	14739578	14741002	-1	1
3R	22483204	22483726	1	1
X	15949820	15950355	-1	1
2R	6084378	6084508	-1	1
2R	22797202	22797793	-1	1
3R	8394362	8394548	1	1
X	7419301	7419357	1	1
X	7419389	7421608	1	1
3L	17246033	17263959	1	1
X	4699817	4701245	1	1
2L	13714312	13717021	-1	1
3L	7979119	7979252	1	1
3L	5272399	5272606	-1	1
2L	2409423	2426679	1	1
3R	18931223	18973938	1	1
4	1050690	1052778	-1	1
2R	7397099	7398361	-1	1
2R	12608179	12609015	1	1
2L	5155218	5155322	1	1
3R	19753861	19756054	1	1
2R	16422749	16423014	1	1
2R	16386751	16398829	-1	1
2L	17647176	17649290	-1	1
3R	8059528	8082191	1	1
2R	1866569	1866652	-1	1
mitochondrion_genome	6670	6768	-1	1
X	17139312	17139376	-1	1
2R	24573485	24573552	1	1
X	21036638	21038746	-1	1
3R	17909267	17916234	-1	1
3L	11216905	11216977	1	1
3L	5156727	5164108	-1	1
X	15862659	15862723	1	1
X	5333101	5333370	-1	1
3R	18716266	18716406	1	1
2L	1010068	1011550	-1	1
2L	1612832	1613416	-1	1
3R	13379111	13379574	-1	1
X	13167505	13167579	-1	1
3R	20974157	20974361	1	1
X	15897513	15898901	1	1
3R	21299305	21301613	1	1
3R	28049468	28090593	1	1
2R	23995823	23995881	-1	1
3R	25352055	25472596	-1	1
X	15187006	15189816	1	1
3L	23147926	23150047	-1	1
3R	21821024	21821258	-1	1
2R	18355055	18377395	-1	1
4	952078	952138	-1	1
3R	31092544	31096955	-1	1
3L	6196291	6200151	1	1
X	17651364	17652091	-1	1
X	9174947	9177585	1	1
3R	4659677	4660236	1	1
X	22824468	22824548	-1	1
2L	2772654	2782031	-1	1
2L	13513471	13534907	-1	1
3R	21136946	21137009	1	1
2R	24004622	24030655	-1	1
X	2699339	2699842	1	1
3L	5182277	5246765	-1	1
3L	16233587	16233643	1	1
3R	16980144	16980294	-1	1
X	9082402	9082493	1	1
2L	8083913	8089223	1	1
2R	24883735	24884526	1	1
3L	13466889	13466944	-1	1
2R	6708489	6708549	1	1
2L	13488205	13488447	1	1
3R	18248384	18250250	1	1
3R	25267622	25267740	1	1
3R	4776408	4777270	1	1
2R	951341	953519	-1	1
3L	27268192	27268323	1	1
3R	21570998	21579816	-1	1
4	658509	659921	-1	1
3R	11985488	11985549	-1	1
2R	10126674	10137570	1	1
X	15947732	16096485	-1	1
3R	7804789	7806443	-1	1
2R	22996041	22996377	-1	1
3L	20844451	20844886	-1	1
2R	22603768	22604570	-1	1
3L	17400496	17401048	-1	1
X	18864243	18880465	1	1
3R	14512059	14512119	1	1
3R	24341681	24342828	1	1
3R	23981071	23984362	1	1
2R	5204279	5212329	-1	1
3L	307257	307319	-1	1
X	1022242	1022483	-1	1
X	21042648	21043680	1	1
X	54469	54529	-1	1
X	54558	54646	-1	1
3R	24105254	24105450	-1	1
2L	5027222	5027352	-1	1
3L	23283363	23314630	1	1
3R	5734863	5735060	-1	1
2R	24844643	24844740	-1	1
3R	4304101	4304238	1	1
3L	9178014	9178290	-1	1
2L	9935103	9944683	-1	1
X	8060760	8060969	-1	1
2R	16991278	16991496	1	1
3R	31595602	31596048	-1	1
3R	31091774	31092055	-1	1
3R	24067601	24102762	-1	1
2R	1107018	1123254	-1	1
4	355482	358550	-1	1
mitochondrion_genome	8534	13113	-1	1
2R	12029103	12029166	1	1
mitochondrion_genome	2302	2629	1	1
2L	8322442	8327520	-1	1
mitochondrion_genome	2529	2769	1	1
3R	7068949	7069006	1	1
3L	5424164	5429161	1	1
2L	7716026	7716085	-1	1
2L	4828315	4828909	1	1
3L	21343098	21343576	-1	1
2R	5669588	5669805	1	1
2R	14298949	14299582	1	1
2R	7467051	7473722	-1	1
3L	9478863	9479647	1	1
2R	10108244	10109660	1	1
3R	17925918	17927325	1	1
X	4935567	4936190	-1	1
3R	9358677	9359233	1	1
2R	13829719	13832932	1	1
X	19328702	19329172	-1	1
X	17665664	17668833	1	1
4	1145398	1146470	-1	1
2R	15936846	15939978	-1	1
3L	1757204	1757322	1	1
2R	16327161	16333034	-1	1
3R	17979404	17983332	1	1
2L	15645771	15645945	-1	1
3L	13986169	13993241	-1	1
2L	9293265	9293819	1	1
3L	16615971	16622555	-1	1
2R	24755126	24755186	1	1
3R	20974156	20974501	1	1
X	16565162	16567973	-1	1
3R	17055175	17057419	1	1
3L	17063302	17066711	-1	1
3L	3715075	3745828	-1	1
X	9152820	9153990	-1	1
3R	1438254	1443553	-1	1
2L	19433914	19433978	1	1
3L	11682223	11682301	1	1
X	5751274	5751342	1	1
2L	2217093	2217215	-1	1
3R	8819232	8820153	-1	1
3L	2601633	2602293	-1	1
4	191387	193673	-1	1
3L	9146179	9150418	-1	1
3R	25282627	25282782	1	1
3L	25968768	25968867	-1	1
3R	23983347	23984476	1	1
3R	25516188	25519261	1	1
3L	6951914	6952460	-1	1
2R	18718995	18732555	1	1
2R	18732585	18745266	1	1
2R	24891649	24905067	1	1
X	9175476	9188312	1	1
2L	2661240	2663029	-1	1
2L	1651461	1697365	1	1
3R	14870854	14902337	-1	1
2R	15858004	15858183	-1	1
2R	15858230	15860666	-1	1
X	16531348	16531680	-1	1
3L	12264911	12266655	-1	1
2R	17266054	17275410	1	1
2R	23807101	23807161	1	1
3L	17290219	17290285	1	1
3L	3545346	3545799	1	1
3L	1576894	1592744	1	1
3L	12788090	12788249	1	1
3R	11967126	11967188	-1	1
2R	24212594	24212680	-1	1
3R	13703571	13703627	-1	1
mitochondrion_genome	6683	12133	-1	1
3R	21302200	21302337	1	1
3R	29482441	29482517	1	1
3R	15935714	15935840	1	1
X	9172277	9188217	1	1
3L	3038906	3038964	1	1
3R	21308046	21309717	1	1
3L	21198104	21202748	-1	1
2L	16870162	16870504	1	1
3L	3229780	3229912	1	1
3R	21308896	21309452	1	1
3R	3429797	3460810	-1	1
3L	16781586	16781664	1	1
3R	9342338	9359316	1	1
3L	14406838	14409615	-1	1
2R	928206	950485	-1	1
3L	18060040	18061520	-1	1
2R	10462295	10462532	1	1
3R	21306058	21311662	1	1
3R	11215566	11215693	-1	1
2L	8113919	8116364	1	1
3R	14732993	14733384	-1	1
X	6880644	6881535	1	1
2R	14276353	14279396	1	1
2R	22227382	22228120	-1	1
3L	11177034	11177101	-1	1
X	9177739	9177895	1	1
X	13729694	13729760	-1	1
X	7953092	7959427	1	1
2L	1620229	1636414	-1	1
2L	456730	456797	1	1
X	14322916	14324804	1	1
3L	5219286	5247554	-1	1
3L	14751776	14753334	-1	1
3R	11393668	11394013	1	1
X	21384043	21398809	1	1
3R	24253382	24255618	-1	1
3R	29063148	29064210	1	1
3L	15982212	15982268	-1	1
3L	7280673	7312205	-1	1
2L	22151587	22153348	-1	1
3R	20204979	20205214	1	1
2L	2407860	2410211	1	1
2L	3174745	3174852	-1	1
X	9152680	9153965	-1	1
3R	23984103	23984428	1	1
3R	24197827	24198629	-1	1
3R	28604352	28604734	1	1
2R	13831227	13832768	1	1
X	5744700	5746325	-1	1
3L	19572480	19572714	-1	1
X	17934518	17937454	-1	1
3L	16637300	16641254	-1	1
3R	10161027	10161082	1	1
X	12919069	12941862	1	1
3L	19869308	19869368	-1	1
3R	9418001	9440681	1	1
3R	22899510	22914968	1	1
3R	30206722	30208390	-1	1
2L	17914384	17914822	1	1
3R	24064923	24066536	-1	1
2R	10204174	10234467	-1	1
2L	16500093	16516941	1	1
2L	1612735	1613924	-1	1
2L	5177268	5236299	1	1
X	21319141	21319223	-1	1
2L	13547853	13548889	-1	1
X	11695385	11695824	1	1
X	18408860	18409884	-1	1
2R	10805950	10808885	1	1
2R	6632141	6632324	-1	1
X	6741810	6742077	-1	1
X	11384604	11384789	1	1
2R	10729709	10730585	-1	1
3L	17400586	17400637	-1	1
3R	23197836	23197900	-1	1
X	17129286	17130964	1	1
2R	4788535	4788761	-1	1
3L	1868935	1869127	1	1
2R	9102651	9102710	1	1
X	2121945	2122066	-1	1
mitochondrion_genome	13018	13084	-1	1
3L	9107696	9123596	-1	1
X	11455778	11456802	1	1
X	8409922	8410589	1	1
3L	7662891	7663259	-1	1
3L	21320455	21334001	1	1
X	11429902	11440649	1	1
2R	11856532	11860663	1	1
X	15852740	15852801	-1	1
3R	22149423	22159893	1	1
2R	15201832	15201894	1	1
3R	21777166	21777230	1	1
2L	11163390	11163453	-1	1
3L	6192460	6192975	-1	1
3R	20253136	20253558	1	1
X	13381589	13383580	-1	1
2L	5165608	5173345	1	1
X	3478380	3478827	-1	1
3L	20352069	20356570	1	1
3R	29137815	29137892	1	1
X	6352482	6358902	1	1
3L	19600277	19600334	1	1
3L	19477308	19477401	-1	1
4	541071	543851	-1	1
X	10476126	10476183	1	1
2L	7385141	7385260	-1	1
2L	10279259	10279360	-1	1
X	12148632	12149660	1	1
2R	7455232	7455298	-1	1
2L	21391964	21392582	1	1
3L	5161339	5201233	-1	1
X	2094419	2095010	1	1
2R	23941181	23941240	1	1
X	18060059	18063093	-1	1
2L	1012450	1013317	-1	1
2L	1653261	1653360	1	1
2R	22684998	22685598	-1	1
mitochondrion_genome	2878	10772	1	1
2L	21382138	21390052	1	1
3R	17771389	17771448	-1	1
2R	10533969	10534178	-1	1
X	3781770	3788867	1	1
X	12938567	12938677	1	1
X	12204410	12229666	-1	1
X	6204208	6223285	-1	1
3L	3991807	4013427	1	1
2L	8998638	8999223	1	1
2L	2779319	2785244	-1	1
X	19598074	19598149	1	1
X	19598206	19598433	1	1
X	6367636	6367980	1	1
3L	23032202	23033528	1	1
X	11817231	11817760	1	1
X	20509468	20509745	-1	1
X	12203885	12204139	1	1
2R	12274238	12276334	1	1
2L	9293179	9295438	1	1
3L	10332801	10348193	1	1
X	8998432	8999380	1	1
X	6837030	6837101	1	1
3R	7877579	7877639	1	1
3R	23830330	23845351	1	1
X	6702416	6704360	1	1
2R	17700434	17700635	1	1
2R	9567709	9567911	-1	1
2L	11987495	11987696	-1	1
3R	15400031	15402467	1	1
3R	5295796	5295857	-1	1
3R	20438209	20449235	-1	1
X	13655324	13664353	1	1
2R	10481291	10481363	1	1
X	7608854	7608988	1	1
2L	4828262	4828386	1	1
X	20007765	20008830	-1	1
2R	9142759	9142835	-1	1
X	10214725	10224051	1	1
X	6625531	6689292	-1	1
3L	15993796	15993956	1	1
3L	9123801	9125167	-1	1
4	1230421	1230616	-1	1
X	12128828	12334160	1	1
2R	14038033	14059033	1	1
X	8179121	8239427	1	1
2R	16325060	16325855	-1	1
X	1859814	1859871	-1	1
3L	19882298	19882365	-1	1
3R	4713486	4713551	-1	1
mitochondrion_genome	13015	13105	-1	1
2R	10620000	10637524	1	1
X	18889380	18890271	-1	1
X	15865598	15876573	1	1
3R	26949733	26949965	-1	1
3L	4419664	4420063	1	1
2R	12274039	12274924	1	1
3R	20975931	20976052	1	1
2R	16590075	16590138	-1	1
2R	20312746	20313401	-1	1
3R	29173884	29177463	-1	1
2L	13462604	13488361	1	1
3L	17951214	17952731	-1	1
2R	11626882	11626945	1	1
3R	18584585	18586279	1	1
X	4203487	4204544	-1	1
3R	22468828	22476938	1	1
3R	24043468	24043530	-1	1
3R	15484331	15484399	1	1
3R	23983913	23984115	1	1
3R	16273331	16274397	1	1
3R	24104957	24105120	-1	1
3R	22487393	22487510	1	1
2R	1516469	1516520	-1	1
3L	7814272	7987284	-1	1
3R	21348862	21349096	-1	1
3R	11741494	11741564	-1	1
3R	25261481	25261545	-1	1
3L	2896792	2897244	1	1
3L	4284542	4284605	1	1
3L	15096581	15097360	1	1
X	10782681	10786806	-1	1
2L	12426010	12426061	1	1
2R	10843512	10848453	-1	1
3R	23605841	23669225	-1	1
2L	3806024	3806166	1	1
3R	18007325	18008865	1	1
3L	10638326	10638423	1	1
X	3245937	3342642	1	1
3R	20758891	20758982	-1	1
3L	3721567	3722156	-1	1
3R	13126024	13127676	-1	1
3R	24221617	24221805	-1	1
X	1668600	1669056	-1	1
2R	16325100	16325724	-1	1
2R	13164490	13164546	-1	1
X	18155415	18155619	1	1
2R	9994637	9996297	-1	1
2R	4699152	4700389	-1	1
2L	21382149	21392343	1	1
4	104189	104304	1	1
2L	13420592	13499712	1	1
3L	15493582	15494567	-1	1
3R	16565606	16565671	1	1
3L	17287839	17299941	1	1
3L	9474125	9474188	1	1
2R	23520113	23523530	-1	1
2R	12274075	12278077	1	1
X	19640240	19640444	1	1
2L	13547403	13548982	-1	1
3R	18730641	18730730	1	1
3R	4301186	4301250	1	1
2R	10126787	10137460	1	1
2R	17018233	17018512	-1	1
3R	12547629	12547911	-1	1
2L	8492666	8492963	-1	1
X	62900	64853	-1	1
X	22980881	22982279	-1	1
3R	25286532	25291434	-1	1
mitochondrion_genome	11201	19053	1	1
3R	4405549	4405601	1	1
X	3949626	3953059	-1	1
2L	4444402	4444464	-1	1
X	621798	621853	1	1
3L	21559307	21559795	-1	1
X	17937167	17937278	-1	1
2L	2100431	2109524	-1	1
2L	3313821	3313967	1	1
2R	9504484	9504667	1	1
X	18371607	18372031	1	1
2R	18651518	18651589	-1	1
3L	21420171	21420251	1	1
2R	10107746	10109506	1	1
3R	13637174	13642299	-1	1
3R	11396490	11400809	1	1
3L	3118980	3119043	-1	1
X	11703449	11703509	-1	1
2R	13830828	13833043	1	1
3L	4003965	4004136	1	1
4	1046708	1047014	-1	1
3L	19261656	19261713	1	1
3R	27924296	27924666	1	1
X	8907745	8908065	1	1
3R	13686638	13687242	1	1
3L	578981	581122	1	1
3R	23681148	23681217	1	1
3R	26184982	26187048	1	1
3R	26861692	26861770	-1	1
X	10182959	10183038	1	1
3L	9149803	9150193	-1	1
3R	26700182	26700427	-1	1
2R	19141932	19162664	1	1
3L	1099162	1099820	-1	1
3L	10182531	10186035	-1	1
3R	18573539	18586273	1	1
3R	31796213	31796271	1	1
X	5165765	5165858	1	1
X	22570061	22583872	1	1
X	20255082	20255132	1	1
2L	6408561	6410827	-1	1
2R	14505483	14505551	1	1
X	15806322	15819596	1	1
3L	12206279	12206596	-1	1
3R	3851319	3872084	1	1
2R	25268898	25268972	1	1
X	18155407	18170367	1	1
4	1065023	1065084	1	1
3L	20182670	20184963	-1	1
3R	28048045	28049319	1	1
3R	15199151	15199214	1	1
3L	11057709	11059519	1	1
2R	7789501	7789577	1	1
2R	2979174	2980230	1	1
3R	23983900	23984353	1	1
X	8490104	8490695	1	1
3L	5156394	5162969	-1	1
3R	25169866	25169924	-1	1
3R	17668407	17688522	-1	1
2L	6449493	6449738	-1	1
3L	1861677	1862061	1	1
3R	19415765	19458927	1	1
3R	17909656	17915017	-1	1
3R	17669627	17670066	-1	1
3R	4408004	4408059	-1	1
3L	7656204	7656375	1	1
X	1774223	1774278	1	1
2R	24381857	24383241	-1	1
2L	21382077	21390224	1	1
X	15929267	15929341	-1	1
2R	12274019	12274559	1	1
X	9022634	9022737	1	1
2R	4294681	4297289	-1	1
2R	3940778	3941401	-1	1
4	99520	102802	1	1
3R	9010557	9011051	-1	1
3L	19891461	19892320	-1	1
3R	27233682	27236863	-1	1
2R	10885533	10885590	1	1
2R	22638059	22638118	1	1
2L	9291271	9292877	1	1
3R	23983823	23984068	1	1
3R	21306750	21308418	1	1
2R	24396176	24396233	-1	1
2L	16724172	16724232	-1	1
X	5662330	5662829	-1	1
2L	7914995	7929020	-1	1
3R	19429960	19459126	1	1
3R	10049502	10049740	-1	1
3R	22518100	22519956	1	1
2R	17701415	17701596	1	1
2R	9059745	9059853	-1	1
3R	31382451	31382830	1	1
2L	9567384	9567439	1	1
4	692360	692425	-1	1
X	17027399	17032425	-1	1
X	9094253	9095212	-1	1
X	8060159	8060751	-1	1
X	11369981	11373817	1	1
X	5788444	5789485	1	1
X	13864265	13872378	-1	1
X	2606918	2608587	-1	1
2R	12274292	12278768	1	1
2R	24159958	24160017	1	1
3R	6362764	6362834	-1	1
3R	25606389	25608305	1	1
3L	4592648	4593020	-1	1
3R	25268213	25268269	-1	1
3R	31216388	31216656	-1	1
2L	6926020	6926702	1	1
3L	1632369	1637723	-1	1
2R	18834397	18834476	-1	1
2R	18496906	18497842	-1	1
2L	19033209	19033264	-1	1
3R	8817737	8820241	-1	1
2R	25255939	25256159	1	1
3L	7280656	7312187	-1	1
mitochondrion_genome	5545	15501	1	1
3R	30054347	30054410	-1	1
3R	31798869	31798935	1	1
2R	1344764	1345013	-1	1
2R	16627093	16627777	-1	1
2R	13822126	13823792	-1	1
3R	9515351	9515402	-1	1
3R	21303111	21304634	1	1
3L	19601150	19601210	1	1
3R	18941628	18942335	1	1
2L	7831936	7832569	1	1
2L	8075360	8075428	-1	1
3R	19931874	19932130	-1	1
4	1046772	1047264	-1	1
2R	18468023	18474587	-1	1
2R	2101339	2227153	-1	1
X	11944718	11973700	-1	1
X	23279899	23440240	-1	1
3R	21307549	21308383	1	1
X	576846	579044	1	1
2L	2329206	2329845	1	1
3R	15415237	15415741	1	1
3L	17066843	17099225	-1	1
3R	16513076	16513204	1	1
3L	7045612	7046334	1	1
3L	5753235	5756205	1	1
2R	5612437	5612814	1	1
2R	10093429	10095270	1	1
3R	30388903	30389199	-1	1
3R	27580788	27581073	-1	1
3R	26230452	26234652	1	1
3R	10895346	10896123	1	1
3R	10103076	10103329	-1	1
3L	7813468	7816288	-1	1
3R	30517685	30518290	-1	1
3R	21309673	21311662	1	1
X	5902279	5904557	1	1
3L	9146312	9150420	-1	1
2L	18926615	18926671	-1	1
X	1373145	1373840	1	1
X	3178514	3186128	1	1
2R	12278139	12278530	1	1
3R	23983901	23984424	1	1
2L	3145449	3145528	1	1
X	11967374	11968342	-1	1
X	17134671	17134745	1	1
2L	13811987	13812052	1	1
2L	12477167	12504079	-1	1
3L	7371765	7372662	1	1
3R	5593942	5594274	1	1
2R	23969533	23969596	-1	1
X	15886841	15887038	-1	1
2R	6876527	6877221	-1	1
3R	8817720	8818683	-1	1
mitochondrion_genome	12918	12998	-1	1
2R	16868665	16868826	1	1
2R	24227724	24254650	-1	1
2L	11237221	11237356	1	1
X	18155411	18161013	1	1
2L	21663988	21664949	-1	1
3L	4429716	4430642	1	1
2R	17593313	17593468	1	1
3R	20740681	20745839	1	1
3R	21308104	21308382	1	1
3L	17634547	17643363	-1	1
3R	7086657	7088636	1	1
2L	8493093	8493744	-1	1
3R	21309181	21310016	1	1
2R	7717263	7718690	-1	1
3R	9432840	9440681	1	1
3L	6744683	6750906	-1	1
2L	3506757	3507196	-1	1
3R	11679856	11680815	1	1
X	13938648	13985834	-1	1
2R	12613765	12613972	1	1
2R	22384006	22513578	-1	1
X	11944907	11945321	1	1
2L	8420065	8426874	1	1
X	18766170	18766232	-1	1
3L	23099724	23102122	1	1
2R	23838657	23839656	1	1
4	1230119	1230498	-1	1
2L	17647826	17647940	-1	1
3R	25318812	25318875	-1	1
X	12942857	12943086	-1	1
3L	20313885	20314608	1	1
2L	18683301	18683370	1	1
3L	23227548	23262708	1	1
3R	21302778	21308418	1	1
2L	2756632	2756888	1	1
mitochondrion_genome	12922	13025	-1	1
3R	27563758	27563900	-1	1
2L	6466262	6466432	-1	1
2L	12052685	12052764	-1	1
3L	5665605	5669176	1	1
3R	13672603	13674295	-1	1
X	8038683	8038994	-1	1
3R	15944997	15951602	1	1
2R	23383123	23383320	-1	1
2L	6560517	6560577	-1	1
3R	6000571	6002591	-1	1
X	9667154	9683465	-1	1
3R	21304556	21308446	1	1
2R	2901661	3098260	1	1
2R	22223803	22224980	-1	1
2L	21575100	21576961	1	1
3R	9218764	9232074	-1	1
2L	19693166	19699111	1	1
2L	8113556	8116273	1	1
3R	7859438	7861139	-1	1
3L	5817644	5817898	-1	1
3R	11395993	11396238	1	1
X	6869548	6881566	1	1
3R	11402125	11402634	1	1
3L	5691592	5691861	1	1
3L	15819250	15826111	-1	1
X	16549907	16549977	-1	1
2L	453236	455083	1	1
2L	12222338	12271591	-1	1
2L	13636844	13637288	1	1
2L	12514021	12517439	-1	1
3L	996011	998015	-1	1
2L	14616758	14616978	1	1
X	10714021	10744741	-1	1
3R	19771369	19775439	1	1
3R	17149921	17149998	1	1
3R	27165328	27165432	-1	1
X	16147210	16148918	-1	1
2R	12275910	12276229	1	1
3R	5442249	5454624	1	1
4	633433	633491	1	1
3R	4520185	4521915	-1	1
2L	4455739	4456114	-1	1
2R	22073768	22074404	-1	1
2R	5858761	5859801	1	1
X	13867138	13884318	-1	1
2L	543147	597247	-1	1
X	1774223	1775699	-1	1
3R	29872224	29872284	1	1
3R	11013429	11019668	1	1
3L	11522812	11552830	-1	1
2L	6495105	6495244	1	1
X	18171856	18174177	1	1
X	283757	285099	-1	1
X	9152680	9153971	-1	1
3L	11488048	11496949	1	1
2R	9940954	9958124	-1	1
X	23473471	23535023	1	1
3R	29865400	29868533	-1	1
2R	10504992	10506157	-1	1
2L	15095178	15095298	1	1
X	7608769	7609089	1	1
2R	12918596	12923028	1	1
3L	24167812	24253793	1	1
X	5529326	5546780	-1	1
3L	14790862	14791614	1	1
X	18879883	18880075	1	1
X	9060692	9071457	-1	1
3L	8433222	8441351	-1	1
3R	21300472	21301582	1	1
3L	11196841	11255975	-1	1
3L	7710970	7713138	-1	1
2L	9292243	9293015	1	1
X	14227302	14227871	1	1
X	9007775	9013311	1	1
3R	23228501	23230222	-1	1
X	22995915	23004266	-1	1
2R	17019322	17019433	-1	1
X	15886407	15887038	-1	1
3R	10220202	10222392	1	1
2R	12450237	12451975	1	1
3L	8577171	8578425	1	1
X	8028436	8038979	-1	1
3L	11134084	11134391	1	1
X	15989311	15989377	-1	1
3R	5760372	5760630	-1	1
2R	10156598	10157894	-1	1
X	12715270	12730934	-1	1
3L	2253272	2253329	-1	1
2R	24915983	24916117	1	1
X	4485448	4485577	1	1
X	2376426	2376695	-1	1
X	15486243	15486356	1	1
3R	4281931	4282674	1	1
2L	21707931	21710152	1	1
X	5903983	5904361	1	1
3L	7671050	7680908	-1	1
3R	9454757	9595030	1	1
3R	5355254	5355327	1	1
2L	823047	823921	1	1
3R	8817582	8818817	-1	1
2R	11852907	11853348	-1	1
3R	28454860	28473120	-1	1
2R	1080442	1093523	1	1
4	395323	396412	-1	1
3L	4123393	4124474	-1	1
2L	17827884	17843050	-1	1
3L	573569	580907	1	1
X	18039858	18040704	-1	1
3R	23220897	23221762	-1	1
2R	9045165	9045578	-1	1
3L	10858071	10858855	1	1
3R	25519730	25564080	1	1
3R	27230445	27230568	-1	1
3L	6087367	6087424	1	1
X	5402937	5403463	1	1
2L	14963356	14972042	-1	1
3R	18712541	18718867	1	1
2L	20069515	20072354	1	1
2R	18691017	18692041	1	1
3L	5746736	5746807	1	1
3R	13007215	13007525	1	1
X	10781048	10781435	-1	1
X	16373175	16374926	1	1
Y	132575	200818	1	1
3R	17392607	17392910	1	1
3L	9146312	9146925	-1	1
2R	7920256	7921468	1	1
3L	15016966	15017063	-1	1
4	654049	654505	-1	1
X	7934049	7934522	1	1
X	12917631	12942111	1	1
3L	20473819	20474824	1	1
X	15964206	15964269	-1	1
X	11225218	11225866	-1	1
3L	11136289	11142454	1	1
mitochondrion_genome	13005	13097	-1	1
mitochondrion_genome	2874	10767	1	1
3L	1632293	1635301	-1	1
2L	21729072	21729457	1	1
X	8063931	8069149	1	1
X	12299148	12351581	1	1
2R	6786448	6786546	-1	1
2L	1011660	1046934	-1	1
3L	22832703	22833557	-1	1
3L	3907979	3908124	-1	1
X	5839625	5840625	1	1
3R	23983921	23984353	1	1
2R	9511553	9520782	1	1
3R	23980995	23984422	1	1
3R	16626217	16629560	1	1
3R	16629599	16631609	1	1
3R	4301146	4490090	1	1
2L	1711868	1711928	-1	1
3L	17730342	17738639	1	1
3R	13662409	13662955	1	1
3L	12199737	12199981	-1	1
3R	19459941	19460154	1	1
2L	10368404	10373735	-1	1
3R	31595122	31595559	-1	1
X	14841020	14885698	1	1
2R	9045053	9045861	-1	1
3R	30517145	30518275	-1	1
3R	20297900	20300727	1	1
3L	24210139	24253796	1	1
3R	21115663	21115970	1	1
3R	12629636	12629890	1	1
2L	6646948	6647794	-1	1
3L	3825820	3828388	1	1
3R	14331082	14341222	-1	1
X	16296908	16297661	-1	1
2L	12100934	12101055	-1	1
X	4700344	4700408	1	1
3R	20300242	20302542	1	1
3L	10858053	10874882	1	1
X	11936506	11936692	-1	1
3L	12769837	12769903	-1	1
X	2055355	2055700	-1	1
2R	18689022	18691927	1	1
3L	11250641	11250766	-1	1
2L	6491376	6491435	1	1
2R	15189090	15190159	1	1
2R	10095942	10096202	1	1
2L	4308060	4321053	1	1
3R	27291256	27291510	1	1
3L	7690994	7691510	-1	1
2L	160513	162417	1	1
2R	17798145	17847125	1	1
X	15549341	15550323	-1	1
3R	16158314	16158858	1	1
3L	3401881	3424593	-1	1
3R	29148445	29149766	1	1
2R	10156733	10158455	-1	1
X	5794280	5794462	1	1
3R	4286209	4286501	1	1
3R	22018097	22018624	-1	1
3R	21306918	21309699	1	1
3L	4371905	4373820	-1	1
X	3099826	3099877	1	1
3L	9743188	9786033	1	1
X	1412029	1413418	1	1
2L	8083490	8089234	1	1
3R	9437119	9439346	1	1
X	13035209	13046904	1	1
3R	9778120	9778688	1	1
2L	11519	11779	-1	1
2R	23360733	23366027	-1	1
3R	11397533	11407409	1	1
X	20996675	20996742	-1	1
X	3334945	3357732	1	1
2L	10404496	10404825	-1	1
X	19610463	19610528	-1	1
3R	29178820	29181159	-1	1
X	21370723	21370793	1	1
2R	14276407	14277281	-1	1
3R	29173544	29175475	-1	1
2R	16106263	16106432	1	1
3L	1924947	1933445	1	1
2L	2711917	2712022	1	1
2L	10746079	10755904	1	1
3R	22448113	22459067	1	1
2L	14040365	14041321	1	1
3R	18007013	18007078	1	1
X	9506597	9550441	-1	1
3L	17953578	18058419	-1	1
2R	13826482	13829538	1	1
3L	17455066	17455147	1	1
4	1230343	1230447	-1	1
3L	4074150	4074465	-1	1
2L	8516302	8516362	1	1
4	1000845	1004835	1	1
3R	24064892	24067379	-1	1
X	8948811	8956267	1	1
3R	4319885	4321845	1	1
2R	13654455	13672368	1	1
3R	10849867	10849932	1	1
X	5387616	5442746	1	1
X	17908916	17910469	1	1
X	16969280	16970760	-1	1
X	6273434	6274827	1	1
2L	15092642	15093419	1	1
3R	21276833	21277058	-1	1
2R	11678455	11679270	-1	1
3L	10481781	10590626	1	1
3L	8998610	8998663	1	1
3L	12769375	12769432	-1	1
3R	4296952	4301468	1	1
X	16780197	16783318	-1	1
X	9476420	9499836	-1	1
3R	25431982	25438388	-1	1
2R	23912467	23912532	1	1
2R	16326263	16326652	-1	1
3L	24490060	24490348	-1	1
3R	21307474	21308865	1	1
3R	7337066	7337346	-1	1
X	17873401	17877421	-1	1
3R	29996844	29996898	1	1
X	11981177	11983705	-1	1
3R	9543521	9544679	-1	1
X	18497503	18497945	-1	1
2R	21087859	21087938	-1	1
2L	5041540	5041689	-1	1
4	1027216	1034117	1	1
3R	20974290	20976185	1	1
3R	31216909	31219012	-1	1
3R	21303574	21308661	1	1
3R	18242867	18248588	1	1
X	12811397	13007154	-1	1
3R	5542876	5542936	-1	1
mitochondrion_genome	13062	13170	-1	1
X	2554418	2572974	-1	1
X	9025054	9027632	1	1
3R	5592805	5593163	1	1
2L	18320680	18392426	1	1
3L	14538422	14538729	1	1
3L	17401143	17401217	-1	1
3L	7652079	7654303	-1	1
3R	8817840	8818174	-1	1
3L	1019628	1022902	-1	1
2R	9994646	9996468	-1	1
3R	29740779	29740840	-1	1
3R	21310513	21313962	1	1
3R	4298590	4301402	1	1
X	9165884	9176838	1	1
2R	17875049	17898251	1	1
3L	16633327	16640149	-1	1
3L	19298220	19298278	1	1
X	2634026	2634840	1	1
X	6490826	6491007	-1	1
3R	21787106	21787173	-1	1
X	18858317	18858379	1	1
2R	2215111	2331241	-1	1
3R	9790085	9790138	-1	1
2L	1009833	1011645	-1	1
3R	11431339	11431409	-1	1
X	11924452	11932662	-1	1
3L	14002302	14003170	1	1
3R	5522705	5522764	-1	1
3R	21299806	21301750	1	1
X	7076167	7083571	-1	1
3R	11370359	11371163	1	1
X	9066961	9183184	1	1
2R	14760212	14769364	-1	1
3R	12931785	12933341	-1	1
3R	27436753	27436899	-1	1
3L	4580535	4581990	1	1
X	576233	576600	1	1
2L	2341095	2346827	1	1
3L	11522955	11542767	-1	1
2R	3544464	3544848	1	1
3R	29044438	29044497	1	1
3R	1442190	1454572	1	1
X	6104112	6120434	-1	1
3R	17534510	17534563	-1	1
3R	30385808	30385897	-1	1
3R	29247859	29247922	-1	1
3L	20437876	20437940	1	1
X	17924553	17931423	-1	1
2L	2772476	2780826	-1	1
3R	5638928	5639494	-1	1
2L	13773331	13773485	1	1
X	9181763	9184170	1	1
2L	4319379	4321119	1	1
Y	132531	200813	1	1
2L	20074337	20074771	-1	1
3L	13037265	13037424	1	1
2L	10335844	10336414	1	1
2R	12274238	12274850	1	1
2L	18955749	18957213	-1	1
X	12660009	12684199	-1	1
2R	12449783	12450069	1	1
3L	9145948	9177259	-1	1
X	2645999	2646587	1	1
3L	11196805	11196904	-1	1
3R	22585876	22586011	1	1
2R	20983878	20984590	-1	1
2L	6721455	6721518	-1	1
3L	993588	993683	1	1
3R	20968487	20973173	1	1
3L	16119818	16119914	1	1
2L	7881541	7885656	1	1
3R	10221963	10222078	1	1
4	275720	275913	-1	1
X	5839282	5840766	1	1
3L	225919	226005	1	1
X	10386758	10388240	-1	1
2R	7854715	7885545	-1	1
3R	4095992	4099866	1	1
X	5086202	5089385	1	1
2R	24637479	24638467	-1	1
X	19740683	19740850	-1	1
3R	21299223	21303193	1	1
2R	19176348	19176416	1	1
X	1217838	1233942	-1	1
X	8757877	8805169	-1	1
2R	5351063	5351124	-1	1
3R	16636577	16636986	1	1
2R	18415287	18415345	1	1
X	11424086	11430010	1	1
X	17966667	17967081	-1	1
3R	28147710	28239108	1	1
3R	24191760	24191815	-1	1
X	3290649	3339207	1	1
X	14946482	14950318	-1	1
2R	9821380	9821437	-1	1
2R	7859246	7860992	-1	1
3R	5593390	5594458	1	1
X	22995789	22996057	-1	1
3R	19766648	19767526	1	1
2L	282506	282654	-1	1
3L	1019628	1022678	-1	1
3R	21297362	21298099	1	1
3L	13979641	13981987	-1	1
2R	23386046	23386117	1	1
2R	10893147	10893217	-1	1
X	10821489	10822392	-1	1
3L	15017213	15017270	-1	1
3R	11236489	11236550	1	1
3R	21309704	21313197	1	1
2R	7813980	7814412	1	1
3L	20834036	20835958	1	1
3L	868759	868936	1	1
4	226576	226636	1	1
3L	7051422	7051486	1	1
3R	29175429	29176546	-1	1
X	1016709	1026510	-1	1
2L	13163393	13164825	-1	1
X	11360525	11360660	1	1
3L	23831404	23943203	-1	1
3L	5015146	5078367	-1	1
X	4205546	4206051	-1	1
2R	8421564	8428087	1	1
3R	28812136	28815279	1	1
3R	26054784	26055160	-1	1
3L	9764194	9771655	1	1
2R	6773787	6792316	-1	1
X	7924502	7924778	-1	1
2R	12432134	12432288	-1	1
3L	9145806	9146174	-1	1
X	3645570	3655850	-1	1
3R	25461421	25472834	-1	1
2L	1974481	1975269	1	1
Y	124448	200832	1	1
2R	1369084	1369151	-1	1
2R	1369206	1429677	-1	1
2L	20420835	20420897	1	1
2R	15544088	15544372	1	1
3R	15969403	15969882	-1	1
4	887769	892561	-1	1
2L	13169779	13170089	-1	1
3L	10155180	10155414	1	1
3R	24852126	24854630	1	1
3L	4582438	4582718	1	1
3R	17716935	17717956	1	1
3R	5375353	5376222	1	1
2R	6037762	6037818	-1	1
2R	24727037	24736614	-1	1
3R	8820087	8820312	-1	1
X	13985288	13985758	-1	1
X	5792614	5792725	1	1
3L	15830406	15830653	1	1
2R	15573611	15573666	-1	1
3R	24104964	24105209	-1	1
X	12635847	12653221	1	1
3R	5151974	5153523	1	1
3L	325312	325478	-1	1
3R	23983955	23984283	1	1
2L	10229612	10229705	-1	1
3R	12693085	12694107	1	1
3L	24131238	24146990	1	1
3R	15096298	15096600	-1	1
X	15306240	15319009	1	1
2R	16325010	16325276	-1	1
3L	11850986	11851510	-1	1
4	1127163	1127350	1	1
3R	7639107	7639303	-1	1
4	1295901	1295965	1	1
4	1296021	1296076	1	1
4	1296099	1296160	1	1
3L	7679006	7679234	1	1
2R	15175949	15177928	1	1
2R	8893738	8893926	1	1
2R	18614604	18614661	-1	1
2L	13486978	13488299	1	1
3L	13522096	13666388	-1	1
X	18886996	18887053	1	1
3R	21226505	21226651	1	1
2L	15060367	15060433	-1	1
3L	13601675	13627256	-1	1
2R	12275869	12278610	1	1
2R	15326291	15326351	-1	1
X	21376162	21383878	1	1
3L	4379597	4380306	-1	1
3R	23972652	23984362	1	1
3L	5518720	5522639	-1	1
2L	1010449	1011388	-1	1
3R	26862208	26862480	-1	1
3R	5593874	5594599	1	1
2R	19529661	19530013	-1	1
X	5334480	5368023	1	1
3L	20500265	20504579	1	1
2R	2508371	2510293	-1	1
2L	10224614	10225504	-1	1
2L	13163248	13164936	-1	1
4	558471	559750	1	1
2R	7851053	7853406	-1	1
3L	4217595	4217657	1	1
3R	8814567	8817672	-1	1
2L	13351840	13351930	-1	1
2R	14602443	14602504	-1	1
2R	24044646	24045005	-1	1
3R	23865656	23889057	1	1
4	1225224	1229959	-1	1
X	509979	519061	-1	1
3L	21929701	21930934	1	1
X	13307081	13308481	1	1
2R	9532985	9533346	1	1
3L	14751776	14753211	-1	1
3R	7087091	7087234	-1	1
2L	8322009	8322060	-1	1
X	6808996	6809064	1	1
X	6809138	6809374	1	1
2L	11199831	11203194	-1	1
3R	19243062	19243571	-1	1
2R	14449532	14460044	1	1
2R	10024393	10025541	-1	1
3L	17063270	17147322	-1	1
2R	8920722	8920785	-1	1
2R	4351219	4378964	-1	1
2R	10099759	10100809	1	1
2R	21502480	21510106	1	1
X	510688	517764	-1	1
3R	15786774	15788012	1	1
3R	26461647	26466585	1	1
2R	2790321	2844140	1	1
2R	12916065	12917995	1	1
X	7728074	7728152	1	1
2R	19520237	19520635	-1	1
X	15904907	15905314	1	1
3R	17044673	17044903	1	1
X	14686117	14748941	-1	1
2L	13812917	13813137	1	1
2L	7032836	7032904	1	1
3R	21785769	21807592	-1	1
3L	8440189	8459913	-1	1
2R	12276897	12278700	1	1
2R	17873980	17874934	1	1
X	12203469	12204139	1	1
2L	9684365	9698054	-1	1
3R	26961591	26962253	-1	1
X	13758084	13758150	1	1
4	1174098	1174159	-1	1
X	2254688	2257471	-1	1
4	535881	536966	1	1
3L	9158079	9161264	1	1
2R	10095458	10096254	1	1
2L	10264265	10264549	1	1
3R	20967203	20973173	-1	1
X	15860251	15861116	1	1
X	11429567	11430091	1	1
X	16565857	16568223	-1	1
2L	21380362	21391040	1	1
2R	19160903	19160974	1	1
2L	12456937	12482847	-1	1
2L	1710104	1710208	1	1
2R	10503637	10504068	-1	1
X	5171709	5195281	1	1
3L	3333693	3333750	-1	1
2L	4734833	4793675	-1	1
2L	21381669	21382065	1	1
2L	13786860	13786923	1	1
2L	13803840	13809767	1	1
X	4931758	4933527	-1	1
3R	11769654	11769788	-1	1
3R	23983921	23984367	1	1
3L	16096004	16096057	1	1
2L	19723082	19723365	1	1
3L	5173009	5174217	-1	1
3R	17475918	17476048	-1	1
2R	24892239	24895635	1	1
X	17934586	18040008	-1	1
X	13861435	13867367	-1	1
X	9164793	9165682	1	1
X	5839863	5840482	1	1
2R	18633364	18633426	-1	1
2R	14354479	14354536	1	1
4	689532	690441	1	1
Y	2652418	2714286	1	1
3R	29747858	29909431	-1	1
3L	17400534	17400969	-1	1
3R	11754619	11759728	-1	1
3L	8940648	8954097	-1	1
2R	14563086	14563259	1	1
3R	22012844	22014401	1	1
3L	12520782	12520849	1	1
3L	23093738	23095114	-1	1
2R	23968783	23968844	1	1
X	5086040	5089423	1	1
X	20404910	20411566	1	1
3R	15951927	15957652	1	1
2R	15156216	15180513	1	1
2R	10109252	10109419	1	1
3L	7677260	7677488	-1	1
3R	9198567	9198691	-1	1
X	15175552	15175820	1	1
X	8131567	8131623	1	1
X	7243419	7285741	-1	1
3L	17063413	17065221	-1	1
2L	5171257	5173345	1	1
2R	24061966	24062194	-1	1
2R	10109208	10109470	1	1
2R	7456077	7456149	-1	1
3L	9707983	9710024	1	1
2L	15063210	15065216	-1	1
3L	14001645	14001790	-1	1
3L	20316280	20335780	1	1
2L	19028106	19028801	1	1
3R	21266112	21266528	-1	1
2L	1009830	1010396	-1	1
2L	11806158	11807939	-1	1
2L	8412319	8412678	-1	1
2L	22990893	22990948	-1	1
X	1930587	1938105	-1	1
3L	8576969	8578201	1	1
2R	8831038	8831327	-1	1
3R	21310569	21310891	1	1
2R	12945021	12945086	-1	1
2R	24109839	24109902	-1	1
2R	10108316	10109537	1	1
X	11823383	11831052	1	1
3L	15507567	15507799	-1	1
X	17928422	18062875	-1	1
2R	6749390	6752632	1	1
2L	6321909	6321971	1	1
2L	21382067	21390119	1	1
2R	4559105	4594418	-1	1
3R	31091018	31092113	-1	1
3R	19458212	19458740	1	1
3R	18712463	18718726	1	1
3R	23983903	23984386	1	1
3R	5243332	5251700	-1	1
3L	9144880	9145086	1	1
X	12333545	12352844	1	1
X	3702632	3702701	1	1
2L	20706525	20706988	-1	1
2R	10107744	10109583	1	1
2L	18470929	18471154	1	1
3L	6609780	6618102	1	1
2L	7864990	7865889	-1	1
2L	9683950	9698180	-1	1
X	23262672	23270799	-1	1
2R	1188440	1189052	-1	1
2R	16426999	16427758	1	1
2R	13552019	13552108	-1	1
X	17708213	17708289	-1	1
X	17924572	17925526	-1	1
X	5403815	5412387	1	1
2R	10104337	10108223	1	1
2R	14578058	14634912	1	1
2R	16048641	16060189	1	1
2L	9176381	9177363	1	1
2R	13415157	13421302	-1	1
2R	22700231	22700654	-1	1
2L	5984625	5984719	-1	1
2L	3506757	3507189	-1	1
2R	24031089	24031583	-1	1
X	14582356	14582499	1	1
3L	1634908	1635186	1	1
X	6104150	6106831	-1	1
3R	15391744	15392294	1	1
3L	14219937	14225435	1	1
X	575833	578006	1	1
3L	21728393	21728451	-1	1
3R	21114068	21114753	1	1
2L	10436190	10436249	1	1
X	16505817	16505971	-1	1
2R	12468850	12468912	1	1
3R	23983576	23983674	1	1
2R	9122449	9122519	-1	1
4	416825	423232	-1	1
2R	16778535	16778590	1	1
3R	5686181	5687054	1	1
3L	24162431	24210021	1	1
4	536377	653314	-1	1
2R	22037720	22039356	-1	1
X	6104840	6106467	-1	1
3R	11336498	11338884	1	1
3L	17144963	17147432	-1	1
4	1279425	1283323	1	1
3L	3370684	3372553	-1	1
2L	833723	850322	-1	1
3R	9779091	9831056	1	1
3R	23984148	23984446	1	1
2R	18118097	18119345	-1	1
3L	15858152	15859812	-1	1
2L	21666378	21668102	-1	1
3R	21305883	21306996	1	1
3R	9487204	9490067	-1	1
mitochondrion_genome	13001	13161	-1	1
3L	1190521	1190813	-1	1
X	10745984	10746076	1	1
X	20498261	20510467	-1	1
X	613775	613847	-1	1
3R	23355570	23355638	-1	1
2L	14040399	14041321	1	1
3R	18937641	18943053	-1	1
X	13746849	13751274	-1	1
3R	11402977	11403680	1	1
3L	23626906	23686271	-1	1
4	1230415	1230498	-1	1
3R	11394698	11402773	1	1
2R	23905512	23905974	-1	1
3R	3787826	3790356	-1	1
2R	16144872	16145760	1	1
X	9180714	9181236	1	1
3L	12540463	12541288	-1	1
3L	16986721	16990502	1	1
X	21384066	21432294	1	1
3L	12138952	12139963	1	1
3R	15063343	15066596	-1	1
3R	12628985	12629222	1	1
2L	13003716	13004041	-1	1
3L	15574869	15575848	1	1
2R	6797413	6798770	-1	1
2R	8000934	8001987	-1	1
3R	8820184	8820265	-1	1
X	15988168	15988916	-1	1
3L	17015267	17015743	1	1
2L	10483973	10484034	1	1
3L	648548	651144	1	1
2R	929293	949871	-1	1
2R	10534399	10541345	-1	1
2L	1186453	1191403	-1	1
2R	24778817	24778875	-1	1
2R	603632	604704	1	1
3R	24050863	24053488	1	1
2R	25254037	25254484	1	1
2L	10225812	10226665	-1	1
2L	9292267	9292896	1	1
3L	6739756	6741702	-1	1
3R	21352882	21376825	-1	1
3R	5479573	5479633	1	1
2R	11305080	11305138	1	1
3R	7266896	7267669	1	1
X	13967781	13988746	-1	1
3R	24693885	24694957	1	1
2R	7739603	7739922	-1	1
2L	9936857	9937903	-1	1
2L	11003078	11003566	-1	1
2L	9717455	9727224	-1	1
2R	24664447	24664508	1	1
2R	16765642	16765976	-1	1
3R	28812487	28812705	1	1
3R	8798591	8799462	-1	1
3R	20288804	20303856	1	1
3R	31575737	31580141	-1	1
3R	21310482	21313932	1	1
3L	13522087	13533396	-1	1
X	12938932	12946358	1	1
X	1891737	1898980	-1	1
X	10848246	10848335	1	1
3L	20464994	20465050	-1	1
2L	10988156	10988286	1	1
3L	7827317	7827478	-1	1
2L	9743223	9743306	-1	1
2R	21696687	21697060	-1	1
3R	10002988	10003047	-1	1
3R	27275786	27276293	1	1
3R	18197121	18198702	1	1
2L	13462201	13483908	1	1
3R	9341919	9359047	1	1
X	19275529	19276477	-1	1
X	9495954	9499701	-1	1
3L	4541012	4541065	-1	1
3L	21544624	21544744	-1	1
3R	27255396	27255456	1	1
2R	10087605	10090543	1	1
3R	18974302	18974991	-1	1
2L	7055636	7055692	1	1
2L	3867989	3868380	1	1
2R	22925613	22927099	1	1
X	17937803	17943277	-1	1
3L	3899505	3899733	-1	1
3L	14002405	14003061	1	1
3L	4078818	4078926	-1	1
3R	21850706	21856025	-1	1
3R	6545974	6566135	-1	1
X	1378060	1378531	1	1
2R	12260189	12273766	1	1
3R	31216361	31216685	-1	1
2R	23946525	23946601	1	1
3L	20774615	20774836	1	1
3R	14732978	14733449	-1	1
3R	21308073	21309742	1	1
mitochondrion_genome	11420	19458	1	1
3R	24064910	24065055	-1	1
2L	1012338	1013388	-1	1
X	6651484	6652042	1	1
3L	2373063	2373129	-1	1
2R	7847644	7848273	-1	1
X	576582	578006	1	1
X	15962936	15962993	-1	1
X	6078764	6078912	-1	1
2L	13894376	13895029	1	1
2R	17031918	17032255	1	1
X	483046	483268	-1	1
3L	16896348	16896408	1	1
2R	11811400	11814292	1	1
3R	24103458	24104530	-1	1
2L	14039799	14041321	1	1
3R	24511226	24511484	-1	1
2L	10254116	10254193	1	1
3R	30180652	30180780	1	1
2L	1012533	1046947	-1	1
3R	4366808	4375139	1	1
X	2783040	2783123	-1	1
mitochondrion_genome	13018	13157	-1	1
3L	4189781	4190272	1	1
2L	16168649	16169393	1	1
3L	20315833	20316074	1	1
3L	21214377	21215373	1	1
X	12656705	12657256	1	1
3R	19765752	19766052	1	1
3L	12773176	12781431	1	1
2R	1516154	1516222	-1	1
2R	14179932	14180422	-1	1
3L	2368092	2371742	-1	1
4	502295	502459	-1	1
X	11830942	11831026	1	1
3L	11850993	11851515	-1	1
3R	5414660	5416467	1	1
X	15297937	15299026	1	1
3L	8647646	8647708	-1	1
X	8025953	8026601	1	1
2R	9994314	9996008	-1	1
3R	6364841	6364998	-1	1
3L	21839535	21839666	-1	1
2L	9698234	9698691	-1	1
4	280343	280497	-1	1
3R	31935344	31935666	-1	1
X	9880178	9880232	1	1
2R	15275487	15277676	-1	1
3L	5156189	5167087	-1	1
3L	5161602	5162456	1	1
X	21382728	21382794	1	1
3L	1635367	1636897	-1	1
2R	5661289	5661359	-1	1
3R	31140403	31149853	1	1
X	16466800	16471214	-1	1
3L	23032202	23033160	1	1
3R	19899809	19899874	-1	1
X	20794547	20925361	-1	1
3R	17054390	17055052	1	1
3R	30385819	30385895	-1	1
X	9174079	9176850	1	1
3R	27080083	27082564	1	1
2L	1836784	1837191	-1	1
X	4841441	4869496	1	1
2L	5211822	5211881	1	1
2R	17018267	17018384	-1	1
2L	19611627	19644268	1	1
X	7952064	7952128	1	1
2R	16894743	16894895	-1	1
2L	19569227	19571572	1	1
2L	15016788	15034552	1	1
2R	7969770	7969869	-1	1
3R	19752680	19753748	-1	1
X	15862615	15862681	1	1
3R	31735891	31735945	-1	1
3R	25875875	25875945	-1	1
X	7915947	7916008	-1	1
3R	10613609	10614592	-1	1
2R	17798146	17847125	1	1
3R	16625343	16625577	1	1
2L	19587377	19600858	1	1
2L	5985292	5985535	1	1
X	16462128	16464347	-1	1
3L	15241450	15294348	1	1
3R	23790040	23792067	1	1
4	994085	1005045	1	1
X	8056716	8060703	-1	1
X	15886353	15887013	-1	1
2R	22870352	22870620	1	1
X	6852943	6866802	-1	1
3L	4188978	4189258	1	1
3R	21309566	21309843	1	1
3L	15848739	15893879	-1	1
3L	8230204	8230261	1	1
3R	8817724	8819174	-1	1
4	1139997	1144025	-1	1
2L	17647123	17649158	-1	1
2L	10252065	10252275	1	1
3R	11767951	11771426	-1	1
2R	20620236	20620438	1	1
X	12203989	12204139	1	1
3R	30047837	30047904	1	1
3R	12698262	12703887	1	1
2R	13128135	13129014	-1	1
2L	10246040	10246185	-1	1
2L	5983237	5984011	1	1
2R	21025608	21025661	1	1
3L	15904122	15904183	-1	1
X	9165926	9177445	1	1
mitochondrion_genome	13000	13188	-1	1
3L	19988163	19988533	-1	1
3L	20842350	20842403	1	1
2R	3940955	3941625	-1	1
2L	11875560	11896211	-1	1
3R	26826613	26842294	1	1
2L	21385398	21388503	-1	1
3L	10302247	10303697	-1	1
3R	17674042	17674724	-1	1
3L	21230888	21263169	1	1
3R	25298202	25298268	-1	1
2L	6647153	6647951	-1	1
2L	5632457	5632928	-1	1
3L	14791961	14792028	1	1
3R	11396499	11400839	1	1
X	5239508	5254062	1	1
2L	19502695	19507041	-1	1
3R	22464329	22464485	1	1
3R	23847145	23847212	1	1
3R	17730242	17730303	1	1
X	5402865	5437861	1	1
2L	11987388	11987472	-1	1
X	11429921	11450571	1	1
2R	14276429	14276979	1	1
3R	21302840	21307786	1	1
3L	24030874	24035432	1	1
X	17933325	17937810	-1	1
2R	16673598	16674651	-1	1
X	938131	939154	1	1
2R	3936039	3938552	-1	1
2L	9292243	9293013	1	1
3R	23983926	23984305	1	1
3L	19860341	19860405	1	1
3R	31777536	31777616	1	1
3L	8439478	8459913	-1	1
3R	21304493	21305881	1	1
X	8508906	8509456	1	1
X	254922	254984	1	1
3R	13012334	13019342	1	1
2R	13718518	13719086	1	1
3R	21572932	21573125	-1	1
3R	25993011	25993073	1	1
2L	5181787	5205409	1	1
3L	8307421	8307635	-1	1
3R	31216316	31216874	-1	1
3L	6234702	6234762	-1	1
X	23098116	23098280	1	1
3L	3714950	3746066	-1	1
3R	9717474	9717530	-1	1
3L	14986675	14987582	1	1
3L	4431856	4433183	1	1
X	13986075	13986193	-1	1
2L	16336232	16336292	-1	1
3L	20296790	20296842	-1	1
3R	13226911	13227908	-1	1
3R	18194992	18196563	-1	1
3L	6948694	6952650	-1	1
X	16294655	16294725	-1	1
X	5756025	5759595	1	1
3R	19883856	19884196	1	1
X	13746726	13750607	-1	1
3L	15106069	15108616	1	1
3L	3198068	3198149	-1	1
2L	3028309	3028366	-1	1
3L	16853953	16854020	1	1
3L	7117537	7117933	-1	1
3R	22360853	22361065	-1	1
X	15795102	15795893	-1	1
3R	21821024	21822535	-1	1
3R	14644959	14645091	-1	1
2R	19523376	19628906	-1	1
3R	31773043	31773097	1	1
3R	31935776	31959035	-1	1
3L	16412881	16413248	1	1
3L	20871102	20881630	-1	1
2L	9726005	9745168	1	1
4	386985	387829	-1	1
X	1891748	1891849	-1	1
3R	31242775	31251682	1	1
3L	3420446	3421408	-1	1
3R	26869447	26870050	-1	1
X	1016264	1016521	-1	1
3R	23984092	23984410	1	1
X	8568268	8615275	1	1
3R	24583901	24584153	-1	1
X	13412417	13412487	-1	1
3R	11764278	11768900	-1	1
2L	10378222	10378288	1	1
X	246088	246171	1	1
X	5432331	5437470	1	1
X	17104256	17118728	1	1
2R	12199481	12200167	-1	1
3R	9010648	9011082	-1	1
2L	20093238	20093318	-1	1
Y	132458	200748	1	1
2R	19161133	19161194	1	1
3L	5983998	5984124	-1	1
3L	6591161	6591214	1	1
3L	838318	839259	1	1
3R	24530915	24530992	1	1
X	5839555	5840602	1	1
Y	200786	200844	1	1
2L	2756165	2756854	1	1
2R	10805728	10806488	-1	1
2R	19162344	19163638	1	1
3L	21437	22221	-1	1
2L	21589174	21589227	-1	1
3L	21498542	21498603	1	1
3L	21220536	21266338	1	1
2R	4727258	4728942	-1	1
3L	21571164	21571222	1	1
3L	2926729	2959459	1	1
X	10781044	10781579	-1	1
3L	22624224	22635991	-1	1
X	3733381	3743050	-1	1
3L	9624984	9627260	1	1
3R	18809524	18847591	-1	1
3R	22766727	22787006	-1	1
X	5627788	5628231	-1	1
2L	4828257	4828380	1	1
2R	7915522	7915901	-1	1
2R	11385190	11386203	-1	1
2L	21388670	21390245	1	1
3R	4906723	4906789	1	1
3R	10003651	10004656	-1	1
3R	3750420	3752283	1	1
2R	22797101	22797300	-1	1
2L	10969929	10970002	-1	1
2L	1604189	1608425	-1	1
3R	19412765	19414521	1	1
3R	24687298	24689322	-1	1
3L	7974183	7974301	-1	1
3R	27917785	27917948	1	1
2R	22425953	22426682	-1	1
3L	9485218	9485281	1	1
3L	2673711	2678538	-1	1
2R	16066207	16107327	-1	1
3L	17401184	17401304	-1	1
4	1139623	1139762	-1	1
X	4464376	4466517	1	1
3R	21305082	21308416	1	1
4	190062	193825	-1	1
X	19577595	19579398	-1	1
X	1482148	1482721	-1	1
3R	18350420	18350868	-1	1
X	2143453	2143527	1	1
2L	9743069	9743143	-1	1
2L	1015257	1015315	-1	1
2L	159625	160065	1	1
3L	8441719	8442305	-1	1
2L	9291279	9295297	1	1
2L	5166766	5171863	1	1
2L	2782006	2783041	-1	1
X	577043	577931	1	1
2R	18688551	18692041	1	1
3R	30507510	30507562	1	1
3R	20974544	20975200	1	1
2L	15038551	15038640	-1	1
3R	21297580	21298219	1	1
3L	1530772	1531712	-1	1
X	11623372	11649527	1	1
3R	21804898	21807599	-1	1
X	21384037	21427803	1	1
3L	5918603	5918755	-1	1
3L	3051766	3051983	1	1
3L	3716162	3742657	-1	1
X	11456488	11456655	-1	1
X	10238749	10240991	-1	1
X	10241022	10241114	-1	1
X	8680593	8680866	-1	1
2R	15402384	15409566	1	1
3L	19993323	19993384	1	1
3L	8185043	8186179	-1	1
2L	16168649	16169381	1	1
3R	21063335	21063426	-1	1
4	551132	551188	-1	1
3R	28086632	28087767	1	1
2L	7568979	7575734	-1	1
X	6871811	6872031	1	1
3R	24064965	24103149	-1	1
2L	2772592	2781276	-1	1
X	9165927	9177445	1	1
X	5365365	5365589	1	1
3R	11751312	11753875	-1	1
2L	6052734	6053281	1	1
X	19740906	19744262	-1	1
2L	7033218	7034199	1	1
3R	21302519	21302881	1	1
X	13383384	13383469	-1	1
X	6113785	6113872	-1	1
3R	15125437	15125547	-1	1
2R	2831032	2832284	1	1
2L	4825712	4826447	-1	1
3R	16579148	16583610	-1	1
2R	10090800	10091757	-1	1
X	198994	203227	1	1
3R	13709615	13709672	-1	1
2R	21078307	21111305	1	1
2L	12060804	12060869	-1	1
3L	2517826	2517907	-1	1
X	14264934	14265043	-1	1
X	16452924	16561722	-1	1
3L	11199693	11200275	1	1
3L	22136128	22193337	1	1
3R	14175282	14175798	-1	1
2L	16168506	16169431	1	1
2R	10126817	10137317	1	1
2R	6699134	6699260	1	1
X	16477889	16481143	-1	1
X	15886797	15887013	-1	1
3R	30385845	30385944	-1	1
3R	24003765	24005688	-1	1
3L	19897409	19909247	-1	1
2R	13713307	13713763	1	1
X	9176407	9176547	1	1
X	8025923	8026597	1	1
X	13727512	13731582	-1	1
2L	19793159	19793224	-1	1
2L	22925331	22925381	1	1
X	6670114	6670735	-1	1
3L	20713301	20713484	1	1
3L	16960277	16968662	1	1
X	20449769	20467039	1	1
X	12475841	12475915	-1	1
2R	13482434	13482928	-1	1
3L	16414831	16415185	1	1
X	12128609	12147369	1	1
4	308290	308413	1	1
X	11434786	11436232	-1	1
X	13669726	13669904	1	1
X	53969	54033	-1	1
3L	7156411	7156519	-1	1
2L	21641605	21643170	1	1
2L	22247367	22247690	-1	1
2R	8963556	8963615	1	1
3R	21304528	21305916	1	1
3R	30001556	30003353	1	1
2L	21223501	21224950	1	1
2R	10210108	10232024	-1	1
2R	18356655	18356887	-1	1
X	19244658	19244719	1	1
3L	3911915	3913626	-1	1
3L	3070305	3070459	-1	1
2L	17474704	17481840	1	1
X	6349379	6349435	-1	1
2R	15849680	15851488	1	1
2L	8304773	8304844	1	1
3R	18273390	18273448	-1	1
2L	7656464	7661698	-1	1
3L	7804708	7808997	1	1
3R	18969597	18969682	1	1
3R	18969709	18969769	1	1
3R	17909499	17914997	-1	1
3R	15810797	15823884	1	1
X	14274017	14276616	1	1
2L	3187357	3188061	-1	1
4	1303517	1303580	1	1
3L	14800558	14800962	1	1
2R	21089172	21089230	-1	1
3R	15961648	15962011	1	1
2L	1139068	1139124	1	1
3L	5748538	5749578	1	1
3R	13228983	13229243	-1	1
3R	25135459	25135526	1	1
X	9163291	9165630	1	1
X	18130762	18132282	-1	1
3R	4301163	4301233	1	1
3L	27007850	27008570	-1	1
X	16457772	16527475	-1	1
3R	23982031	23982249	1	1
3L	17039880	17041895	-1	1
X	2739348	2739481	-1	1
2R	9505311	9524151	1	1
3R	18172950	18173126	1	1
X	5839402	5840625	1	1
2R	23382760	23383048	-1	1
X	12268867	12278822	1	1
3L	17961410	18061736	-1	1
X	2637312	2641590	1	1
2L	9877579	9877643	-1	1
2R	13827307	13828370	1	1
X	16310308	16310483	-1	1
3L	20026590	20026647	-1	1
X	1779370	1780062	1	1
X	8056717	8060707	-1	1
X	18879875	18880068	1	1
2R	16570343	16570620	-1	1
X	20469459	20469520	1	1
2R	10322399	10338740	-1	1
X	12868384	12869435	-1	1
X	23283427	23431538	1	1
4	115186	115258	-1	1
3L	18866262	18866320	1	1
3R	31935721	31977159	-1	1
X	12297450	12299672	1	1
X	2018005	2018080	1	1
2L	4822243	4822667	1	1
3R	24064972	24065598	-1	1
mitochondrion_genome	12979	13057	-1	1
X	16566477	16568078	-1	1
2R	10808534	10808740	-1	1
3R	16439174	16439241	-1	1
2L	1980181	1980253	-1	1
3R	28085792	28089659	1	1
X	5751645	5920764	1	1
2L	6777427	6777500	1	1
2R	2844883	2846325	1	1
2L	3404613	3404744	-1	1
3R	22209666	22209854	1	1
3R	5472897	5473554	-1	1
3L	9734389	9734512	-1	1
X	9588237	9588696	1	1
X	17940015	17940534	1	1
2R	19467642	19468790	1	1
X	576905	578183	1	1
3R	9487204	9489707	-1	1
3R	24747474	24747592	1	1
X	7079368	7080989	-1	1
2R	18319974	18320187	-1	1
X	2498855	2500407	-1	1
2R	8486303	8486818	-1	1
2L	16828947	16832269	1	1
X	12686915	12731009	-1	1
3R	8819881	8822968	-1	1
2R	12616415	12616540	1	1
3L	9154224	9168951	-1	1
X	3907098	3910439	-1	1
3R	30039187	30039245	-1	1
3L	3723873	3767137	1	1
3L	10881359	10881560	-1	1
X	17070087	17072685	-1	1
X	17072725	17072790	-1	1
2L	1010094	1046851	-1	1
3L	22736767	22739054	-1	1
X	15010233	15010550	-1	1
mitochondrion_genome	13015	13437	-1	1
3L	10348469	10350076	1	1
3R	4085742	4093539	1	1
3R	21303053	21309808	1	1
3R	9265077	9265286	-1	1
X	13010923	13034680	1	1
3L	27083594	27083732	-1	1
3L	2579521	2585605	-1	1
2R	18630939	18630996	-1	1
X	15862806	15863090	1	1
3R	15960458	15961509	1	1
3R	5593099	5594839	1	1
X	6760211	6760277	1	1
X	19343258	19343497	-1	1
X	13967919	13985968	-1	1
X	16455703	16456366	-1	1
X	15891306	15891431	1	1
X	15464426	15465731	1	1
2R	7467299	7467769	-1	1
3R	14512408	14512464	1	1
3L	3825628	3829698	1	1
X	11328193	11328261	-1	1
X	8185024	8185267	1	1
2R	24400719	24400782	-1	1
3L	8425013	8430876	1	1
2L	9491341	9491905	-1	1
Y	132492	200768	1	1
4	553742	557443	-1	1
3R	27580326	27580800	-1	1
X	61737	61797	-1	1
3R	15793954	15794829	1	1
3R	27580785	27582002	-1	1
3R	28927411	28927477	-1	1
2R	10082968	10083030	1	1
2L	10343763	10343816	1	1
2R	15426470	15458536	1	1
2R	22537123	22537193	-1	1
X	12741642	12742167	-1	1
3R	30044103	30044623	1	1
3R	23983794	23984440	1	1
2L	13353835	13354102	-1	1
3R	15199711	15200686	1	1
X	18783234	18783296	1	1
3R	21312340	21314220	1	1
3R	11395585	11400842	1	1
3R	15801546	15801842	1	1
X	5719649	5720697	-1	1
3L	14633302	14670604	1	1
X	18173013	18173366	1	1
3R	23983961	23984271	1	1
X	15803091	15803817	-1	1
3R	24317842	24317896	1	1
mitochondrion_genome	10856	11496	1	1
3R	22782159	22784512	1	1
2R	18140153	18148378	-1	1
3L	279205	282250	1	1
2R	16958193	16958261	1	1
X	16459598	16463670	-1	1
3R	21300472	21300750	1	1
X	89700	89827	-1	1
2R	13186156	13186273	-1	1
2R	22925485	22925549	1	1
2R	13829760	13832761	1	1
3R	29180714	29196428	1	1
3R	18248373	18248439	1	1
2R	19523699	19530124	-1	1
2L	10546301	10606253	1	1
3R	31857972	31864597	-1	1
2R	16764375	16772254	-1	1
X	3289569	3290242	1	1
3R	31598946	31599274	-1	1
3L	2585739	2586403	-1	1
2L	17647309	17752087	-1	1
2L	9870501	9877231	-1	1
2R	22029536	22029618	-1	1
2L	10270395	10270449	1	1
X	18137047	18137365	-1	1
X	6111039	6111674	-1	1
X	14697387	14697747	1	1
3R	29319879	29320145	1	1
X	12585428	12587202	-1	1
2R	6696930	6697416	1	1
2L	4992931	5009934	-1	1
2R	2712158	2788076	1	1
X	503421	504382	1	1
2L	7864766	7864910	-1	1
2L	19532468	19532528	1	1
3R	7605469	7638824	-1	1
3L	3954486	3962378	-1	1
2L	9176658	9177122	1	1
3R	4301402	4301473	1	1
3R	29831833	29831915	-1	1
3R	16573722	16574717	-1	1
3R	10220763	10221143	1	1
3L	9191335	9191393	1	1
X	7608507	7608711	1	1
2R	15140096	15140378	1	1
X	13381751	13383346	-1	1
4	249721	252906	-1	1
X	5606861	5610845	1	1
2R	17535062	17535830	-1	1
2L	9256815	9272466	1	1
X	1438630	1567644	1	1
2L	23176921	23176984	1	1
2L	9809083	9814002	1	1
X	3703064	3766300	1	1
3R	11244891	11244945	-1	1
2R	25254900	25256473	1	1
3R	4310655	4310787	-1	1
3R	7867323	7870232	-1	1
X	4698404	4699814	1	1
2R	14862669	14862731	-1	1
3R	21949508	21955969	1	1
2R	12274169	12274609	1	1
3L	13968662	13972898	1	1
2L	3650752	3657622	1	1
4	85934	86009	1	1
X	2784175	2789519	-1	1
3R	23983960	23984290	1	1
X	17931130	17943251	-1	1
2R	23068129	23070607	1	1
X	13670650	13671301	1	1
X	21379710	21380651	1	1
X	13203058	13203710	-1	1
2L	6303344	6303758	1	1
mitochondrion_genome	10323	18333	1	1
X	13625104	13700077	1	1
X	22488475	22488597	1	1
X	12227376	12300037	1	1
3R	21266207	21266277	-1	1
X	5908252	5917372	1	1
X	14732751	14733017	-1	1
3L	3225942	3234094	1	1
2R	19487263	19487321	-1	1
3L	4581029	4582737	1	1
3R	22003195	22025969	-1	1
3L	19261608	19261713	1	1
3L	22789367	22801694	-1	1
3L	1467625	1468826	1	1
2R	22639134	22639289	-1	1
2R	18913495	18919036	1	1
X	5165921	5167031	1	1
2L	6083212	6096107	1	1
3R	21299391	21299756	1	1
2R	24066717	24067163	-1	1
3L	10574489	10575319	1	1
3L	3072628	3073081	1	1
3R	11394752	11394938	1	1
2L	15644472	15647819	-1	1
3R	13025894	13026165	1	1
2R	14645713	14646227	1	1
2L	12045742	12046076	-1	1
2L	9800056	9800543	-1	1
Y	124359	132463	1	1
2L	3404602	3404725	-1	1
X	18039958	18040261	-1	1
3R	9719622	9719720	-1	1
2R	21021333	21021886	1	1
3R	10582517	10613723	-1	1
X	12942168	12945796	1	1
3R	31055560	31055622	-1	1
2L	1836653	1837033	1	1
X	11969851	11974190	-1	1
2R	10541535	10541615	-1	1
X	5082240	5082522	-1	1
X	13699893	13700121	-1	1
3R	4338304	4339044	1	1
3R	9875083	9940088	1	1
3L	8117541	8117596	1	1
2R	18757389	18757448	-1	1
X	3246686	3254021	1	1
2R	17665807	17668864	1	1
X	5142108	5148648	1	1
2L	10184010	10202515	-1	1
X	10967972	10968207	-1	1
3L	3072617	3073081	-1	1
3L	16780271	16782148	1	1
X	4709011	4723178	-1	1
3L	9774795	9963684	-1	1
2R	20238477	20270581	1	1
2R	24403182	24404289	1	1
2L	5760060	5768272	1	1
X	5904139	5933183	1	1
X	22993921	22994647	-1	1
3R	26257126	26257730	-1	1
3R	21309327	21309604	1	1
2R	16183119	16183186	1	1
2L	8363798	8363860	-1	1
2L	21382053	21390135	1	1
X	8552980	8553203	1	1
3R	28318331	28319863	-1	1
2L	22250315	22250372	1	1
2R	8678869	8678928	1	1
X	16516191	16517267	-1	1
2R	8919039	8919770	-1	1
2L	5166316	5166619	1	1
2R	24949030	24951712	1	1
3L	13965631	13972890	1	1
2L	12045863	12046018	-1	1
2L	10247762	10249197	-1	1
2L	4438875	4438950	-1	1
3L	19988324	19988401	-1	1
3R	20582741	20582798	-1	1
2L	5172469	5173345	1	1
2R	2809162	2809260	1	1
2L	18677440	18683530	1	1
2L	9333828	9338007	1	1
4	571864	573613	1	1
X	3930172	3930919	-1	1
2L	21318417	21318485	1	1
2R	9575008	9575070	-1	1
2R	8623662	8624765	1	1
3R	23984136	23984428	1	1
2R	8948043	8950993	-1	1
2L	21257049	21257103	1	1
X	17934491	17937317	-1	1
X	11324556	11324613	-1	1
X	5393728	5448664	1	1
3R	21305360	21306194	1	1
3L	2896788	2896902	1	1
2L	420483	423598	1	1
X	16554649	16556729	-1	1
3R	8817814	8832042	-1	1
X	14586325	14587273	-1	1
3L	21914833	21914893	1	1
4	523105	524331	1	1
2L	19509239	19510787	-1	1
2R	6923418	6923480	1	1
3R	25718557	25719966	-1	1
4	1038435	1040013	-1	1
3R	21306999	21308389	1	1
3R	17920649	17921053	1	1
2L	214943	215034	-1	1
2L	2757359	2757816	1	1
3R	6381433	6381505	1	1
2L	8200281	8200351	1	1
X	3656818	3662160	1	1
2R	24212637	24212689	-1	1
X	15382774	15382844	1	1
X	5904659	5911338	1	1
X	23034315	23036510	1	1
2R	20309143	20313314	-1	1
2L	4436066	4437466	-1	1
2R	16635725	16637648	-1	1
3L	5691653	5695422	1	1
3R	5437650	5442126	1	1
3R	29486800	29487048	1	1
2R	1033287	1033366	-1	1
2R	14296625	14298722	1	1
4	887766	892557	-1	1
2L	420696	470546	1	1
mitochondrion_genome	7621	7760	-1	1
3R	4801992	4811983	-1	1
3R	15291526	15295113	-1	1
mitochondrion_genome	4620	5374	1	1
2R	11578693	11579272	-1	1
X	18390808	18391129	-1	1
2R	9208017	9208083	-1	1
X	18131324	18132011	-1	1
X	3190422	3342491	1	1
2R	13822449	13824284	-1	1
X	5382397	5382669	1	1
3L	24216985	24218616	1	1
2L	21382104	21390245	1	1
X	14686155	14748707	-1	1
2R	10275844	10279299	1	1
3L	5739335	5739465	1	1
X	16486585	16486718	-1	1
3L	4085530	4085623	-1	1
2R	1590647	1596240	1	1
3R	18658391	18658639	-1	1
3L	18113157	18115616	1	1
X	10618997	10620024	-1	1
3R	21370081	21370554	1	1
2R	12260141	12273776	1	1
3R	15956927	15960598	1	1
2L	18693516	18695045	-1	1
X	16455671	16457767	-1	1
2R	24992233	24993865	-1	1
4	806739	806810	-1	1
3L	4289881	4291065	1	1
3L	25803786	25805258	-1	1
2R	13808862	13808951	1	1
2R	15541508	15542305	1	1
3R	11396483	11400785	1	1
2L	7825770	7826824	-1	1
3R	20979121	20992241	1	1
2L	7145311	7155487	-1	1
3R	15866568	15869173	-1	1
2R	10513051	10513228	-1	1
2L	1724911	1725083	-1	1
X	10629679	10630154	1	1
X	16455703	16457194	-1	1
2R	21323623	21324189	1	1
2L	20072647	20073378	1	1
3R	7269597	7270740	1	1
2L	13204273	13208110	1	1
3R	20976245	21024307	1	1
2R	17716673	17717620	-1	1
3R	18415599	18416143	-1	1
3L	1099173	1099831	-1	1
2L	18938686	18938754	-1	1
2R	18154967	18157215	-1	1
2R	12035711	12035776	1	1
3L	27422152	27441599	1	1
4	880624	881243	1	1
X	5400644	5402088	1	1
2R	2976761	2990592	-1	1
2R	16994354	16994411	-1	1
3L	8532875	8532941	1	1
3R	28319475	28320750	-1	1
3R	19488192	19488259	1	1
3L	14798774	14799754	1	1
X	13409659	13410056	-1	1
2R	3941007	3941675	-1	1
2R	4662128	4856232	-1	1
3R	21303098	21304295	1	1
3L	18753119	18753185	-1	1
2L	1012410	1013220	-1	1
3R	31167245	31216397	-1	1
X	16083213	16104396	-1	1
X	2092880	2093794	1	1
3R	5593949	5594279	1	1
3L	8797227	8797337	1	1
3R	26855687	26855843	-1	1
2L	14040591	14070459	1	1
3R	25624896	25625508	-1	1
3L	12750740	12751291	1	1
3R	23983910	23984362	1	1
3R	22727210	22727276	1	1
X	4323156	4349004	1	1
2R	13524152	13527888	-1	1
3R	30386005	30386218	-1	1
X	7838852	7839718	1	1
2R	23914018	23914079	-1	1
X	8037867	8046520	-1	1
2L	9682486	9698064	-1	1
3R	10581817	10584496	-1	1
3L	13798506	13803334	-1	1
X	16095397	16095458	1	1
4	1029687	1029784	1	1
3L	269777	270114	1	1
2R	24558378	24558878	1	1
X	13729024	13729084	-1	1
2L	21103438	21104027	1	1
2R	8727778	8727848	1	1
3R	11399728	11400863	1	1
3R	23851112	23858726	-1	1
4	889939	892361	-1	1
2L	17647272	17752290	-1	1
3L	1632374	1637029	-1	1
3R	26951899	26956520	-1	1
3R	23921710	23922896	-1	1
3R	21299916	21300750	1	1
2R	6836070	6836527	1	1
2L	1600826	1600962	1	1
2L	21311033	21311753	1	1
3R	31617273	31617349	1	1
mitochondrion_genome	12928	13589	-1	1
X	4891913	5089314	-1	1
3R	13377662	13377890	-1	1
X	19875889	19899012	1	1
3R	21821024	21821744	-1	1
X	628477	628536	-1	1
X	13985823	13985963	-1	1
2R	12278139	12278623	1	1
3R	4301076	4301252	1	1
2R	1591018	1594946	1	1
X	15761372	15761431	1	1
3L	11822891	11823200	1	1
3R	4923693	4923754	1	1
2R	4841593	4848370	1	1
2R	16556294	16556353	1	1
3L	12753345	12753412	-1	1
X	17878368	17886455	-1	1
X	1605490	1611476	1	1
2L	1012681	1013389	-1	1
2L	23166637	23166840	-1	1
3R	15960947	15961195	1	1
3R	31620460	31620516	1	1
3L	19797259	19797328	1	1
3L	18866262	18866324	1	1
2R	2109010	2111386	-1	1
2R	24699493	24700933	-1	1
3L	7296911	7297994	-1	1
X	9165942	9188204	1	1
3L	11199393	11202215	-1	1
3R	9234665	9236868	-1	1
X	17639193	17639532	-1	1
3R	20963857	20963927	-1	1
3L	11058877	11058945	1	1
3R	14742063	14793464	1	1
2R	12273908	12295859	1	1
3L	212785	212844	1	1
2L	15907000	15908067	-1	1
2L	5166309	5166612	1	1
2R	19164176	19165040	1	1
X	13352065	13383161	-1	1
4	93274	94423	-1	1
2L	9549666	9550204	-1	1
2R	19176744	19177303	1	1
X	10238600	10238938	-1	1
X	7090505	7097863	-1	1
X	23216411	23216491	1	1
2R	9586229	9586290	-1	1
X	21043133	21043226	-1	1
2R	6043024	6043093	1	1
X	19505849	19506486	1	1
X	17937787	17938435	-1	1
X	13069827	13072228	1	1
X	12289176	12291660	1	1
2R	21022134	21023065	1	1
2R	1074974	1076431	1	1
3L	7791774	7814025	1	1
X	8323494	8328939	-1	1
3L	17059356	17060833	-1	1
2R	5316480	5320008	1	1
3R	7069189	7069285	1	1
3L	11254680	11255125	1	1
3L	11254674	11255119	1	1
3L	11709403	11710494	1	1
2R	22820817	22821149	1	1
X	8490506	8502251	1	1
3L	22295521	22308129	-1	1
3R	24793254	24793379	1	1
3R	4311975	4312041	1	1
X	4954625	4954971	1	1
2R	24559495	24560080	-1	1
3L	16672560	16673069	1	1
3R	21307392	21309894	1	1
3L	24927805	24928607	1	1
X	6268192	6268767	1	1
3R	27580326	27581589	-1	1
3L	9898467	9898523	-1	1
3R	23983911	23984485	1	1
X	12287055	12288966	1	1
3R	20973984	20974505	1	1
2L	1652949	1704640	1	1
2R	23687165	23687234	1	1
X	15486251	15486364	1	1
X	11817242	11817771	1	1
2L	5173575	5179731	1	1
X	10192957	10195226	1	1
3R	20740360	20746775	1	1
3L	25502449	25503583	-1	1
3R	26869396	26870101	-1	1
4	943210	943548	1	1
3R	20974329	20976118	1	1
3L	1950700	1950761	-1	1
2R	10107631	10109398	1	1
3R	26873999	26874067	-1	1
3R	15961251	15961532	1	1
3L	9048961	9049163	-1	1
X	2678100	2678154	1	1
3L	1533802	1533857	-1	1
X	16509705	16513715	-1	1
X	20771311	20772413	-1	1
2R	2963223	2967095	-1	1
2L	1174988	1175047	1	1
2R	24939218	24939274	1	1
3L	13968703	13968761	1	1
2L	7384807	7385910	-1	1
3L	20346876	20346935	-1	1
3L	22293226	22293480	-1	1
mitochondrion_genome	4304	19059	1	1
3R	31865326	31865763	-1	1
3L	17798998	17799278	-1	1
3L	4429971	4433149	1	1
X	7923424	7925026	1	1
2L	13550421	13551282	1	1
2R	7332381	7339783	-1	1
3L	5643716	5644087	1	1
3R	5863105	5863361	-1	1
2R	17138081	17138141	-1	1
3R	17920110	17920387	1	1
3R	17947599	17966473	1	1
2L	21391910	21393205	1	1
2R	21144984	21145180	1	1
2R	24636287	24637283	-1	1
3R	4328140	4330168	-1	1
3L	9479302	9479869	1	1
3R	27933308	27933598	-1	1
3R	4299809	4301402	1	1
3L	13415928	13415995	1	1
2R	19520063	19529620	-1	1
3L	2947755	2959117	1	1
3R	21818086	21818152	1	1
2R	22743667	22743724	-1	1
2R	9442856	9444673	-1	1
4	652585	652646	-1	1
3L	9860938	9861000	-1	1
X	15947562	16091404	-1	1
X	15794035	15795036	-1	1
X	628594	628803	-1	1
2R	21328220	21328440	1	1
3R	10566305	10583454	-1	1
3R	21305129	21308461	1	1
3R	23983919	23984290	1	1
3R	12401320	12401394	-1	1
X	19025870	19081971	1	1
3R	16644900	16645026	1	1
X	16418291	16418360	-1	1
3R	17920069	17920160	1	1
3L	6632053	6632141	1	1
2L	6483645	6483913	1	1
3L	3300884	3303048	-1	1
3R	23983901	23984341	1	1
Y	1417143	1417403	-1	1
3R	18350402	18350851	-1	1
3R	8729484	8729541	-1	1
3R	24065191	24065389	-1	1
3L	999196	999260	1	1
X	12785787	12787736	-1	1
2L	21635211	21635620	1	1
2R	15175737	15189769	1	1
3L	3057583	3057641	-1	1
mitochondrion_genome	13062	17261	-1	1
3R	9786043	9786381	1	1
3L	21420690	21421568	1	1
X	10222587	10222898	-1	1
X	5903329	5903897	1	1
3L	2942931	2943335	1	1
2R	5326000	5326063	1	1
3L	27083594	27083708	-1	1
2R	14301996	14302054	-1	1
2L	12480071	12480141	-1	1
3R	20974523	20981724	1	1
X	5237120	5242319	1	1
2R	22404461	22407044	1	1
3R	26108030	26108807	1	1
4	273917	275663	-1	1
2L	10477184	10477317	1	1
3R	23209884	23217879	-1	1
3R	20643364	20643422	1	1
X	17464949	17506586	-1	1
X	15447831	15447895	-1	1
3L	3051787	3051983	1	1
X	4841043	4841218	1	1
X	54469	54646	-1	1
3R	11564372	11564440	1	1
2R	12277534	12278601	1	1
2L	9291248	9295204	1	1
3L	22960969	22961534	1	1
3L	6943102	6943394	1	1
2R	8327606	8327668	1	1
3L	11887307	11887357	-1	1
2L	5312565	5314711	-1	1
3R	23983804	23984290	1	1
3L	3149368	3149628	1	1
2R	14173150	14173226	-1	1
X	578085	578925	1	1
2R	12274740	12277914	1	1
3L	9665881	9666044	-1	1
2R	17717617	17719198	-1	1
3R	30518236	30519714	-1	1
2R	14278813	14279073	1	1
X	10708709	10708956	1	1
X	3172501	3172788	-1	1
3L	15600618	15600688	1	1
mitochondrion_genome	13012	13391	-1	1
2R	24773684	24773742	-1	1
3L	11197339	11197400	-1	1
X	12091743	12091806	1	1
2R	13416752	13424675	-1	1
3R	30877796	30879719	-1	1
2R	14979779	14980666	1	1
X	11818021	11831222	1	1
2L	9218025	9222759	1	1
3L	17064015	17238040	-1	1
2R	16751604	16752519	-1	1
X	10309666	10318453	-1	1
X	13785798	13791899	1	1
2L	8339371	8369743	1	1
X	16066808	16067624	1	1
X	13409446	13409667	-1	1
2L	13547397	13548979	-1	1
2L	13547401	13548980	-1	1
2R	17887611	17887670	-1	1
2R	18796407	18796477	-1	1
3R	21789588	21789662	-1	1
X	15860251	15861058	1	1
2L	9909866	9909924	-1	1
X	18861975	18910031	1	1
3L	3717377	3800055	-1	1
X	20007442	20007630	-1	1
3L	24085823	24131196	1	1
2R	24212778	24214780	-1	1
2L	13462201	13488353	1	1
2R	2800952	2809327	1	1
3R	30389333	30389697	1	1
4	1037741	1038359	-1	1
X	15009425	15009713	1	1
3R	4523088	4534149	-1	1
2R	14278451	14299362	1	1
3R	5356198	5356425	1	1
2L	3989801	3991540	-1	1
X	9165876	9176858	1	1
2L	19499608	19499666	1	1
X	10057666	10059691	-1	1
2L	21168709	21172683	1	1
3L	4090741	4091091	1	1
X	22980845	22982257	-1	1
3L	7445265	7453396	1	1
2R	22935422	22935827	-1	1
Y	3079258	3224613	1	1
3R	20957972	20974501	1	1
3R	10002695	10002753	1	1
2R	12574621	12574679	1	1
2R	12880381	12880770	-1	1
3L	9770504	9771655	1	1
2R	15189424	15190159	1	1
3R	26648770	26648898	-1	1
2R	9578587	9578907	-1	1
2R	7404635	7404696	-1	1
2L	2029727	2030390	1	1
3R	16058935	16059002	1	1
3L	8304687	8304748	1	1
X	8874112	8898180	-1	1
mitochondrion_genome	11887	15534	-1	1
2L	7864733	7864912	-1	1
X	9880505	9924273	1	1
X	9469752	9498306	-1	1
X	5331471	5331531	1	1
3R	18281942	18282393	1	1
2L	14308113	14311040	1	1
X	6277177	6282525	-1	1
2R	9252311	9252362	1	1
2L	7715805	7715862	-1	1
2R	927571	949871	-1	1
X	3200814	3205436	1	1
X	8060159	8060901	-1	1
2R	11629435	11640146	-1	1
3L	8259145	8262465	1	1
2L	17720142	17720654	-1	1
3L	27083594	27083724	1	1
2R	4377342	4377487	-1	1
2L	10097054	10097783	-1	1
3L	436850	440494	-1	1
X	5904571	5912004	1	1
3L	13867769	13868186	-1	1
2L	12145267	12153508	1	1
X	16455592	16456974	-1	1
3R	29476443	29487140	-1	1
X	12656000	12657263	1	1
X	12656001	12657264	1	1
mitochondrion_genome	6428	13035	-1	1
2L	7384887	7385887	-1	1
3R	7977676	7977786	-1	1
3R	17872893	17874673	-1	1
3R	4923169	4923234	1	1
2L	9794270	9870351	-1	1
3R	31866037	31866119	-1	1
X	5233665	5233772	1	1
X	13868519	13985809	-1	1
2L	6379028	6379110	-1	1
2L	16168558	16169487	1	1
2L	5174244	5174568	1	1
X	1832060	1843692	1	1
2L	21172399	21172460	1	1
2L	1604187	1608425	-1	1
3L	11179717	11183634	-1	1
3R	9268685	9268737	1	1
3L	15081474	15081625	-1	1
X	8874249	8898162	-1	1
3L	20218158	20336938	-1	1
2R	23679865	23680391	1	1
X	19907665	19907735	1	1
3L	16230325	16230382	1	1
3L	11184420	11185235	-1	1
2R	14979842	14980656	1	1
2L	19621134	19626710	1	1
X	3586373	3586560	1	1
2R	12616725	12616787	1	1
X	1015350	1015469	-1	1
4	428049	429437	1	1
X	9154686	9154785	-1	1
Y	132489	200734	1	1
3R	9737685	9737752	-1	1
3R	18851667	18851719	-1	1
3R	9828201	9852081	-1	1
X	19327259	19327413	-1	1
3R	21298247	21298341	1	1
3L	4379599	4380190	-1	1
3L	11523026	11524427	-1	1
3R	21096183	21097251	-1	1
3L	4578870	4579447	-1	1
X	15804923	15805814	1	1
3R	18248159	18248221	1	1
X	9007966	9013311	1	1
2R	21017953	21019159	1	1
3L	1311877	1312867	-1	1
3R	4301130	4301216	1	1
X	13776005	13776104	1	1
3L	19817004	19817060	-1	1
3L	24031046	24074597	1	1
2R	22797183	22797795	-1	1
3L	7682600	7682828	-1	1
3L	17063302	17066710	-1	1
mitochondrion_genome	4416	4571	1	1
2L	20592818	20593685	1	1
X	3176686	3189222	1	1
X	2173080	2173234	1	1
3L	3486279	3504720	1	1
3R	27967592	27968927	-1	1
3R	22110158	22138267	1	1
X	13381850	13384242	-1	1
3L	5658173	5659429	1	1
X	7737684	7737873	1	1
3R	13760363	13761308	1	1
2L	17476618	17476693	1	1
X	19605683	19609463	1	1
3R	9505308	9506107	-1	1
3R	21309283	21309838	1	1
3R	23983961	23984310	1	1
X	16459489	16460924	-1	1
3R	15651949	15652004	-1	1
X	14391638	14392675	1	1
X	7684430	7689794	-1	1
4	212275	212628	1	1
X	19196742	19197933	-1	1
2R	8075608	8075665	1	1
3R	18716631	18718891	1	1
3L	1625877	1625996	-1	1
3R	16634623	16635156	1	1
2R	11281891	11281960	-1	1
2R	13518575	13532872	-1	1
X	15860183	15861185	1	1
3R	21352637	21375060	-1	1
3R	25709518	25710025	-1	1
4	1049830	1052574	-1	1
2R	9059549	9059606	-1	1
3R	21189059	21200760	1	1
X	7920801	7920890	1	1
X	12773573	12773686	-1	1
X	11823332	11830817	1	1
3L	6055507	6055577	1	1
2R	9540143	9541138	1	1
3L	17626398	17626493	1	1
X	18155304	18170355	1	1
3L	15830459	15830579	1	1
2R	10272081	10279313	1	1
3L	12799868	12799921	1	1
2R	22938160	22938490	1	1
2R	16027279	16027337	-1	1
2R	13944769	13945874	-1	1
X	3929903	3930919	-1	1
3R	31134592	31137402	1	1
3L	6951793	7006388	-1	1
3R	25262114	25262184	-1	1
X	14760376	14765392	1	1
X	17015290	17017586	-1	1
3R	23606828	23622417	-1	1
X	8096820	8098644	-1	1
3R	10889738	10890048	-1	1
3L	25961541	25977967	-1	1
2L	21742015	21742075	-1	1
Y	132491	200722	1	1
2R	14164371	14164487	-1	1
2L	2382561	2382617	1	1
3R	19782023	19782075	1	1
2R	12450596	12450726	1	1
3L	8279967	8280260	1	1
3R	20622499	20622584	1	1
2L	6101799	6109773	1	1
X	2589397	2599011	1	1
X	10839456	10839513	1	1
2L	13836433	13891300	1	1
X	15860334	15861116	1	1
3L	9091982	9092035	-1	1
2L	9711961	9712669	-1	1
2R	7881921	7885520	-1	1
3R	20974542	20975198	1	1
2L	8338489	8338580	-1	1
3R	10204149	10204212	1	1
2L	4316520	4321119	1	1
2L	2400950	2410331	1	1
2L	22240403	22246647	1	1
X	13746713	13754891	-1	1
X	10921219	10921974	1	1
X	10246877	10249078	-1	1
X	8452961	8463445	-1	1
2R	17798448	17798874	1	1
3R	17882612	17909510	-1	1
3L	13847187	13847248	1	1
2R	3236720	3405439	1	1
3R	16565425	16565537	1	1
X	10782681	10786806	1	1
3L	17400542	17400896	-1	1
4	281968	282436	-1	1
3L	3059037	3059932	-1	1
3R	10096095	10096556	1	1
X	14580847	14580919	1	1
3R	15358275	15358539	1	1
3R	17716935	17717941	-1	1
X	11376974	11381856	1	1
3R	7605469	7638824	1	1
3R	27656269	27656340	-1	1
2L	18442699	18447960	-1	1
2R	8166249	8167397	1	1
3R	11223941	11224552	1	1
3R	29871036	29875092	1	1
X	16528551	16533059	-1	1
X	3289569	3290930	1	1
3L	7063151	7081875	-1	1
X	3738097	3739995	1	1
X	3135458	3139007	1	1
3R	24682793	24683092	1	1
2R	6712659	6712781	1	1
3R	21310199	21324536	1	1
2R	9994641	9995711	-1	1
2L	16175617	16175717	1	1
3R	17796873	17796934	-1	1
2L	13494875	13495281	1	1
X	18039678	18059731	-1	1
2R	2108300	2109169	-1	1
3R	26862564	26862637	-1	1
2R	22880219	22880478	-1	1
X	16455234	16458400	-1	1
X	63814	91581	-1	1
X	3789621	3789760	1	1
3L	249651	249709	1	1
4	1031761	1034324	1	1
3L	21520339	21520402	1	1
2R	2919762	2951865	-1	1
X	8560843	8561021	1	1
X	9109695	9110297	1	1
3R	24664502	24711423	1	1
3L	8399047	8399659	1	1
X	12656833	12657258	1	1
2R	4547055	4564434	1	1
X	13996863	13999577	1	1
2L	4828256	4828519	1	1
X	19723583	19723656	1	1
3R	27633206	27633262	1	1
3R	29113450	29113994	1	1
3R	19369414	19371005	-1	1
3L	4429842	4432355	1	1
2R	21516675	21516810	1	1
2R	19418606	19423594	-1	1
3R	13384749	13385049	1	1
X	13850490	13988569	-1	1
2R	10640450	10640514	1	1
X	4150954	4154383	-1	1
2R	16925038	16926341	1	1
3R	14265344	14265421	-1	1
3L	10500830	10501233	1	1
2L	8083911	8115966	1	1
2L	22240221	22240718	1	1
3R	15240798	15240859	-1	1
2R	22800907	22801315	1	1
3L	19867766	19867819	-1	1
2L	8134774	8134842	-1	1
2L	18238519	18245843	-1	1
X	20923831	20926997	-1	1
2L	21122390	21122913	1	1
X	1448784	1448847	-1	1
3R	21305327	21309773	1	1
3R	10248275	10248347	1	1
2L	19080497	19080561	-1	1
Y	124294	200775	1	1
3L	15900388	15901826	-1	1
2L	9292803	9295541	1	1
X	11429858	11430079	1	1
3R	31055550	31055622	-1	1
X	3105794	3107453	1	1
2L	1725242	1727669	-1	1
2R	10474112	10474172	1	1
2L	10340239	10340311	1	1
3L	17401038	17401107	-1	1
3R	24621114	24622922	1	1
2L	16181912	16182779	1	1
3L	5156346	5156786	-1	1
3R	9778145	9778774	1	1
2R	12118805	12119187	-1	1
X	17302787	17302839	1	1
3R	18976575	18977927	1	1
X	12868861	12869497	-1	1
3R	20821367	20821428	-1	1
2R	15936227	15938194	-1	1
3L	4175719	4175790	-1	1
X	9473229	9499779	-1	1
2R	9432254	9432933	1	1
3R	8817742	8818599	-1	1
2L	4822492	4822722	1	1
3L	21568207	21568306	-1	1
2L	10388528	10390049	1	1
3R	31975966	32011040	-1	1
3R	32011103	32014360	-1	1
2R	9402235	9402409	-1	1
2L	2137927	2137984	-1	1
3L	20017308	20017373	1	1
3R	9354702	9359267	1	1
3R	24748098	24748157	1	1
2L	10229347	10229414	-1	1
3L	8938051	8940195	-1	1
3R	27923306	27923370	-1	1
3L	19651232	19651471	-1	1
3L	198075	198136	-1	1
2R	17674509	17674572	-1	1
3R	4301162	4301244	1	1
3R	16631990	16632064	1	1
3R	9066533	9068075	-1	1
X	23283236	23457219	-1	1
3R	27156463	27157485	1	1
2L	21380479	21382065	1	1
3L	7814266	7815313	-1	1
2L	134283	134422	1	1
2L	22538569	22538627	1	1
2L	7864764	7865157	-1	1
2R	24510440	24510497	-1	1
3L	7828713	7830387	-1	1
3R	8233563	8234251	1	1
3R	22658171	22683753	1	1
3R	18514894	18515052	-1	1
3R	7822209	7836702	1	1
2R	22665785	22665847	1	1
3R	17909576	17916450	-1	1
3R	13967132	13969185	-1	1
X	11817457	11831188	1	1
X	17015225	17017772	-1	1
X	5082240	5083001	-1	1
2L	130794	130856	-1	1
3R	12561763	12595561	-1	1
3L	7323869	7323924	1	1
X	16785245	16785365	-1	1
X	16286613	16286676	-1	1
3R	5802394	5802462	1	1
X	10244627	10249895	-1	1
2R	18699641	18699704	1	1
3R	21339360	21340707	-1	1
3R	21785767	21805054	-1	1
3R	30208174	30208292	-1	1
X	7285783	7285914	-1	1
X	17886537	17932958	-1	1
3R	22464428	22484606	1	1
3R	21299636	21302861	1	1
3R	8562013	8562412	-1	1
2L	10339619	10340152	1	1
2R	16560311	16560374	-1	1
3L	18766901	18770426	-1	1
3L	1492230	1492314	-1	1
3R	31055562	31055622	-1	1
2R	2108287	2109162	-1	1
2R	13808825	13808973	1	1
3L	11524434	11524582	-1	1
2L	188164	189358	1	1
2R	6044379	6044434	1	1
3L	9104059	9104333	-1	1
2R	15386134	15387664	1	1
3L	12403634	12413635	-1	1
2L	9292162	9295332	1	1
Y	132494	200782	1	1
3R	21306557	21307392	1	1
X	14239948	14240042	1	1
2R	23880196	23880490	1	1
3L	22571522	22582625	-1	1
3R	7845283	7845386	1	1
3L	992058	993531	1	1
3L	15115951	15116008	1	1
3R	30023841	30024427	1	1
Y	132457	200723	1	1
3R	23936185	23936253	-1	1
X	19694476	19694534	-1	1
X	9669560	9671313	-1	1
2R	22376342	22376408	1	1
X	57666	76060	-1	1
2L	21131131	21134525	1	1
3R	31216402	31216682	-1	1
3L	9399856	9401105	-1	1
2R	7559631	7559691	1	1
2R	12274238	12274426	1	1
2R	10125591	10125641	1	1
mitochondrion_genome	11468	11936	1	1
2L	6649681	6649787	1	1
2R	7361868	7365018	-1	1
X	11703325	11704228	1	1
2L	4823011	4828529	1	1
X	15508923	15536350	-1	1
X	15734453	15734553	1	1
mitochondrion_genome	5104	5218	1	1
3R	4297749	4304446	1	1
3L	215625	215683	1	1
3R	26875102	26875174	-1	1
X	19249324	19249739	1	1
2R	9587233	9587447	1	1
2L	8667515	8671903	1	1
3L	9392528	9395296	1	1
3L	13798109	13803062	-1	1
3R	21301945	21302221	1	1
2L	95302	95354	1	1
X	12268734	12271987	1	1
3R	23250538	23250600	-1	1
X	17627241	17627429	1	1
3R	9418001	9432594	1	1
X	12332969	12334157	1	1
3L	12760294	12760360	1	1
X	9027416	9063912	1	1
3R	29484767	29486664	1	1
3L	22784501	22785505	1	1
3R	10103087	10103379	-1	1
3R	30774698	30783943	1	1
2L	21381833	21382019	1	1
3R	28603699	28604061	1	1
3L	20881719	20884990	-1	1
3R	7273694	7273999	-1	1
3L	5424276	5425081	1	1
X	5338750	5339948	-1	1
X	15994284	15994347	1	1
2R	10461858	10462672	1	1
4	1046708	1047020	-1	1
3R	24105113	24105461	-1	1
2R	9538913	9729091	1	1
X	21338293	21338589	-1	1
X	4688594	4691637	1	1
3R	11371535	11407432	1	1
2L	12094482	12094548	1	1
X	10744546	10744676	-1	1
X	6234578	6266810	1	1
3R	14733029	14733224	-1	1
mitochondrion_genome	5419	17398	1	1
X	7023653	7030990	-1	1
4	655436	656216	-1	1
3L	27857936	27858191	-1	1
2L	3806033	3806174	1	1
2L	7515999	7536275	-1	1
X	18052449	18052710	-1	1
3L	10531433	10533272	-1	1
2R	8902971	8903024	1	1
3R	30458823	30458926	-1	1
2L	8000237	8000304	-1	1
2L	22536055	22536115	1	1
3R	11401020	11406754	1	1
3L	19065384	19065450	1	1
3R	17687887	17688455	-1	1
2R	12260168	12273766	1	1
3L	11158426	11158505	1	1
3L	11158567	11158629	1	1
3L	16922253	16922387	1	1
X	2634026	2641798	1	1
3R	21305423	21306813	1	1
2R	9934378	9940745	-1	1
3L	4431132	4433183	1	1
3R	21302458	21303099	1	1
X	3256252	3329276	1	1
2L	19121240	19122023	-1	1
2R	5416313	5417654	-1	1
3R	30390418	30390510	1	1
2L	7036908	7037414	1	1
2L	21382118	21390402	1	1
2R	23927047	23928719	-1	1
2L	8492372	8492476	-1	1
2L	5176329	5177301	1	1
4	429591	429670	1	1
3L	2508423	2513229	-1	1
X	5352337	5401099	1	1
X	16794928	16795195	1	1
Y	132542	200813	1	1
2R	24524543	24524774	-1	1
3R	24709717	24711421	1	1
2L	2756158	2756893	1	1
2R	18155349	18155411	-1	1
2R	16924978	16926413	1	1
mitochondrion_genome	12997	13560	-1	1
3R	11032672	11034717	1	1
X	5176267	5186903	1	1
3R	21301087	21313534	1	1
X	7936665	7952839	1	1
2R	15739049	15781593	1	1
4	42337	43487	-1	1
2R	7527073	7527140	-1	1
X	17017859	17018126	-1	1
3L	8890767	8891006	1	1
2L	17475596	17477116	-1	1
2L	1596422	1609486	-1	1
3R	23983693	23984356	1	1
3R	21949325	21949640	1	1
X	5834642	5835763	-1	1
3R	26474293	26474348	-1	1
2L	2359811	2361507	-1	1
2R	22360289	22372777	1	1
X	5086202	5089342	-1	1
2L	1012543	1046954	-1	1
3R	18908590	18909186	1	1
X	22824284	22824350	-1	1
2L	9896480	9896789	-1	1
2L	4821866	4828205	1	1
3L	22832838	22833491	-1	1
2L	13476434	13496591	1	1
3L	11252961	11253703	1	1
3L	17396364	17401021	-1	1
2R	21160014	21160349	-1	1
2R	7041731	7042601	1	1
3L	5664392	5665177	1	1
3R	15262722	15263282	-1	1
2R	13831263	13833122	1	1
4	1166853	1173150	1	1
X	2014580	2022447	1	1
3R	27568592	27581144	-1	1
3R	20400656	20400788	-1	1
X	5086247	5089308	1	1
2L	21381789	21381899	1	1
3R	11815337	11816274	-1	1
3R	5466382	5466980	-1	1
3R	5467009	5467065	-1	1
Y	132526	200751	1	1
4	266807	268073	1	1
2L	21382030	21390328	1	1
X	12939040	12945467	1	1
3R	16644843	16645128	1	1
3L	1632254	1635397	-1	1
2R	25075549	25075605	-1	1
X	9186467	9187937	1	1
X	577043	577917	1	1
3L	2822361	2872679	-1	1
3R	4301323	4301483	1	1
2L	9066761	9069101	-1	1
3L	22833800	22834048	-1	1
3L	16649012	16649816	-1	1
3R	29994740	29994793	-1	1
2R	15384300	15384496	1	1
X	8547664	8547738	1	1
3R	14617247	14617304	1	1
2R	3919359	3933157	-1	1
3L	11250886	11251107	-1	1
X	13985272	13985749	-1	1
3R	17676750	17676837	-1	1
3R	11232432	11232487	1	1
3L	11177018	11178041	-1	1
3L	11196876	11197316	-1	1
3R	29316861	29316923	-1	1
3R	4312534	4312597	1	1
2R	9267977	9271985	-1	1
2L	11359512	11373529	1	1
2L	342793	342866	1	1
3R	10521221	10529439	-1	1
3R	9453791	9454916	1	1
3R	21318357	21319017	-1	1
3L	18765144	18765269	-1	1
X	13967999	13985721	-1	1
2L	16342463	16352071	-1	1
X	6191520	6192347	-1	1
3L	17842302	17842358	1	1
3L	9510159	9510465	1	1
3R	19415845	19457645	1	1
4	880107	880189	-1	1
X	13852713	13985891	-1	1
2R	21974875	21974939	1	1
3R	8747992	8752061	1	1
2L	9341426	9341591	1	1
X	8014600	8049594	-1	1
2R	12707572	12715881	1	1
3R	25336052	25336103	1	1
2R	9916277	9919603	-1	1
2L	3989801	3990580	-1	1
2L	11101092	11101395	-1	1
2L	7959092	7960449	-1	1
mitochondrion_genome	2554	3391	1	1
3R	23981550	23984428	1	1
2L	21628210	21629217	-1	1
X	15967231	15972205	-1	1
X	22980877	22982277	-1	1
3R	21304312	21306533	1	1
X	7075373	7084079	-1	1
3L	212560	212618	-1	1
2R	19518352	19529901	-1	1
X	15972734	15972813	-1	1
X	9172815	9180782	1	1
3L	20347290	20347352	-1	1
3R	15954655	15957650	1	1
3R	16632769	16635526	-1	1
2L	3806772	3808895	1	1
2R	10512517	10515127	-1	1
3L	3138687	3139021	-1	1
3R	21302268	21306974	1	1
2R	2791339	2843860	1	1
3L	9105626	9106800	-1	1
X	5902038	5904512	1	1
3R	17909461	17915004	-1	1
4	477045	477292	-1	1
X	10762845	10781361	-1	1
2L	12817060	12818250	-1	1
3R	21309683	21311671	1	1
3R	18248323	18248402	1	1
3R	22009221	22009281	1	1
3R	24103379	24104793	-1	1
3R	5594302	5623570	1	1
mitochondrion_genome	12922	13030	-1	1
X	17930687	17941402	-1	1
3R	13665902	13666419	1	1
X	3749095	3761875	1	1
X	16708492	16708551	1	1
2L	10993435	10993503	1	1
3R	18014795	18018767	1	1
3L	2670641	2671736	-1	1
2L	18854248	18854311	1	1
2L	4318709	4318907	1	1
3L	3832303	3842197	1	1
3R	23760173	23760245	-1	1
2R	5359094	5359302	-1	1
3R	17899760	17900384	-1	1
X	16686770	16694043	-1	1
2R	10463042	10463880	1	1
3R	5652798	5653179	-1	1
3L	4374059	4379421	-1	1
X	13922619	13932762	-1	1
3R	23982610	23984458	-1	1
X	12917757	12948992	1	1
3R	5567381	5567467	1	1
3L	13994401	13994791	1	1
X	16095394	16095458	1	1
2L	20740309	20748129	1	1
3L	21845188	21926684	1	1
2R	8131724	8133768	1	1
3R	25291670	25292148	-1	1
3L	269358	270235	1	1
3R	7064335	7064464	-1	1
2R	7529310	7532526	-1	1
X	7452300	7452374	1	1
3L	21338343	21341823	-1	1
3R	3440236	3440299	1	1
3L	1632455	1635186	1	1
2R	9051152	9056573	-1	1
2L	11101096	11101393	-1	1
X	19614334	19615402	1	1
2R	6626074	6626787	-1	1
2R	673837	705374	1	1
X	7957799	7957866	-1	1
X	9109757	9110560	1	1
3L	14030421	14030807	-1	1
2R	24891700	24892217	1	1
3L	19998228	19999092	-1	1
3R	6345637	6345692	-1	1
X	11712367	11712769	-1	1
3R	20309631	20309904	1	1
4	1145342	1146208	-1	1
X	5396601	5398065	-1	1
3R	24788264	24790012	1	1
3L	12117171	12117244	1	1
Y	124366	132461	1	1
2L	8083490	8116065	1	1
X	6234419	6234508	1	1
3R	11793655	11793721	-1	1
3R	20706387	20713319	-1	1
3R	21300362	21309699	1	1
2R	19467914	19468790	1	1
X	5086109	5089342	1	1
2L	8174469	8174536	1	1
X	2025652	2026250	-1	1
2R	12161748	12161808	-1	1
X	8096657	8099189	-1	1
X	11407994	11434953	-1	1
3L	14026904	14027777	-1	1
3R	4299864	4301360	1	1
X	722394	728551	1	1
X	18155678	18170274	1	1
3R	13373185	13373846	-1	1
3R	5652784	5653166	-1	1
3L	19820002	19828317	1	1
X	9165780	9186905	1	1
3R	29484491	29487075	1	1
2R	21181586	21181645	1	1
3R	4430287	4432650	-1	1
2L	10728269	10728352	1	1
2L	13560454	13565218	1	1
X	19342217	19342459	-1	1
2L	5174770	5177039	1	1
3R	22616016	22616074	1	1
2L	8134420	8137719	-1	1
2L	3716606	3716664	1	1
3L	3899474	3899702	-1	1
2L	456233	458480	1	1
2L	21578530	21578731	-1	1
3R	4303774	4304428	1	1
3L	10495503	10499578	1	1
2R	16764375	16765561	-1	1
X	20506492	20536644	-1	1
3L	23738037	23740161	1	1
X	17710874	17719043	1	1
2L	1010068	1011557	-1	1
X	4930066	4937866	-1	1
3R	4950405	4950467	-1	1
3R	23963464	23965618	1	1
3R	20539336	20539400	-1	1
3L	4371905	4380917	-1	1
X	620477	620860	-1	1
3R	17811715	17813531	1	1
X	8178966	8179115	1	1
3R	10204317	10214972	1	1
X	12645646	12653277	1	1
X	6671979	6696666	-1	1
3L	14721242	14723032	1	1
3R	10802605	10802703	-1	1
3R	8474424	8476824	-1	1
3R	13689286	13689361	1	1
2R	2249818	2261829	-1	1
3L	18663755	18664140	1	1
2L	8543675	8544544	1	1
X	16969225	16970198	-1	1
2R	16705729	16705791	-1	1
2R	16755999	16756058	-1	1
2L	10410045	10410337	1	1
X	19740897	19741154	-1	1
X	19743081	19743444	-1	1
2L	5541091	5541153	1	1
3L	3035365	3036491	1	1
3L	9408440	9409811	-1	1
X	18846360	18849880	1	1
3R	26946647	26946701	1	1
2R	6633774	6634118	-1	1
X	5072912	5080583	-1	1
X	5175281	5177567	1	1
2R	7020397	7020457	1	1
3R	27833087	27833235	-1	1
3L	20770004	20772653	1	1
X	15989951	15991083	1	1
X	7011409	7011494	1	1
3L	21680550	21683625	1	1
3L	11488295	11497010	1	1
4	713046	713106	-1	1
X	10061147	10061212	1	1
mitochondrion_genome	11619	17154	1	1
2R	13905502	13916854	1	1
X	16286511	16286565	1	1
X	5759015	5759585	1	1
3L	8511043	8511102	1	1
X	4698663	4699619	1	1
2R	23811882	23811939	-1	1
3R	18976945	18978061	1	1
X	4699192	4701361	1	1
2R	2495024	2515643	-1	1
3L	17400991	17401103	-1	1
2R	7242123	7243088	1	1
X	15421406	15421496	-1	1
2L	6451015	6451618	-1	1
2L	4322939	4323630	1	1
3R	21303331	21309808	1	1
X	2691638	2691708	-1	1
2R	2119245	2261829	-1	1
X	9179297	9188202	1	1
3R	12968284	12968345	-1	1
2L	9711737	9715376	-1	1
2L	19116572	19148117	1	1
3L	22280318	22281232	1	1
3L	10182516	10185979	-1	1
3R	19214464	19215374	1	1
3L	23253081	23255461	1	1
2L	9292178	9293186	1	1
2R	13518612	13519933	-1	1
2L	325825	325882	1	1
2R	8948228	8948433	-1	1
3R	9041312	9041471	1	1
X	7196988	7209813	1	1
X	20509872	20510159	-1	1
2R	9511200	9527288	1	1
3R	17054427	17054947	1	1
3R	24005996	24012983	-1	1
X	9095009	9095066	-1	1
3L	24030863	24031028	1	1
X	6232187	6234978	1	1
3R	5357857	5357924	1	1
2R	22886950	22887337	1	1
X	12776716	12784710	-1	1
X	5389540	5395402	1	1
3L	5695477	5747309	1	1
X	11935316	11970520	-1	1
2R	14058691	14060272	1	1
3L	4430143	4433214	1	1
3L	10185996	10186048	-1	1
3L	21422946	21423679	1	1
3L	15977556	15977955	1	1
X	10629461	10631638	1	1
2R	24696295	24701034	-1	1
X	4931716	4932064	-1	1
X	18864975	18881529	1	1
2R	10108257	10108355	1	1
2R	9537077	9537139	1	1
3R	26703823	26713511	-1	1
3R	15295247	15295427	1	1
4	531380	531436	1	1
3L	3304666	3310520	1	1
X	11792992	11793443	1	1
3L	7511443	7511511	-1	1
2L	2772464	2781040	-1	1
2L	5167372	5171863	1	1
X	9880488	9994023	1	1
2R	10096109	10096224	1	1
3L	9368215	9368568	1	1
2R	16757688	16757748	-1	1
3R	30099919	30104103	1	1
3L	10516036	10517962	1	1
3L	5747043	5747885	1	1
2R	11282100	11282164	-1	1
3R	17909499	17916448	-1	1
X	21423859	21424361	-1	1
3L	4182209	4183316	-1	1
X	295830	316170	1	1
3R	11751709	11751920	-1	1
3R	21302840	21302977	1	1
4	998694	1004158	1	1
2R	6945118	6945174	-1	1
3R	8301703	8301757	1	1
2L	18067230	18067641	1	1
3R	15968453	15970223	-1	1
3L	15857440	15859502	1	1
X	8905385	8905505	-1	1
X	2292895	2293129	-1	1
X	21338267	21338542	-1	1
X	15357480	15384487	-1	1
2L	2772573	2779491	-1	1
3R	20561279	20572500	1	1
X	11931425	11931769	-1	1
3L	10182894	10185778	-1	1
2L	8786510	8786561	-1	1
X	19328687	19329157	-1	1
2R	18496869	18497705	-1	1
3R	16639358	16639643	1	1
3L	12472638	12472707	1	1
X	10460771	10461165	1	1
2L	16075307	16076670	1	1
2R	18837569	18837634	-1	1
X	16372244	16374926	1	1
2L	5146577	5206361	1	1
3L	20755132	20755184	-1	1
2L	19506362	19507490	-1	1
3R	9053760	9057930	1	1
3L	1637270	1637719	-1	1
3R	24035030	24035264	-1	1
2R	21015128	21015188	1	1
2R	23879919	23880600	1	1
X	15947767	15948066	-1	1
3L	3991517	3991727	1	1
2L	3989819	3989871	-1	1
2L	3989801	3991207	-1	1
2R	22698906	22698966	-1	1
2R	22172951	22173007	-1	1
3L	1872471	1872582	-1	1
3R	10205453	10212759	-1	1
2R	11454670	11454825	1	1
3R	7077970	7079429	-1	1
2L	16638263	16639528	1	1
X	8060695	8061151	-1	1
X	20430549	20430744	1	1
3R	25067079	25069427	-1	1
2L	5921906	5922407	1	1
2L	2770192	2770259	1	1
2R	2801920	3001102	1	1
2R	14278053	14278127	1	1
3L	24079547	24210066	1	1
3L	4074142	4074841	-1	1
2R	982614	988719	1	1
2L	13394443	13394506	-1	1
3L	22358389	22406892	-1	1
X	18650816	18651138	-1	1
X	9629333	9629396	-1	1
2R	24564511	24564579	1	1
3R	31216367	31217855	-1	1
3R	14029814	14030132	1	1
X	16317807	16318017	-1	1
X	12633032	12633918	-1	1
2R	2783087	2832426	1	1
3R	19219047	19219189	-1	1
2L	13185260	13185368	-1	1
3R	9187524	9198298	-1	1
X	16784345	16784418	1	1
X	16784475	16784806	1	1
X	11965071	11979017	-1	1
3R	11751621	11752038	-1	1
2L	10233961	10234329	1	1
X	11429921	11460230	1	1
3R	13688234	13688347	1	1
2L	16466572	16485431	-1	1
3R	25111058	25111109	-1	1
X	819634	819693	-1	1
X	12128591	12162102	1	1
3L	9105468	9107794	-1	1
2L	7033019	7034181	1	1
2L	20385529	20385924	-1	1
2R	12918128	12922687	1	1
X	13656035	13660740	1	1
3R	26425025	26425077	-1	1
mitochondrion_genome	13019	13178	-1	1
2R	22854742	22854825	1	1
2R	17797617	17797685	1	1
X	13564049	13567606	1	1
2L	13419618	13420132	1	1
3R	21303167	21303446	1	1
X	1433877	1436238	1	1
3L	18802998	18803063	-1	1
4	480239	480302	1	1
X	23263938	23282088	-1	1
2L	21385398	21388494	1	1
X	11815540	11816426	-1	1
2R	23688711	23688933	1	1
X	1217851	1234093	-1	1
4	60416	62973	1	1
3R	23984663	23985059	1	1
2L	9877865	9885884	-1	1
3R	5762501	5762557	-1	1
X	17915875	17937811	-1	1
X	17070916	17070987	-1	1
2L	8545234	8555047	1	1
3R	20978182	20978244	1	1
2R	23068129	23070607	-1	1
3R	11209285	11209524	-1	1
X	11606562	11610375	-1	1
X	11610414	11610477	-1	1
X	8037863	8046512	-1	1
X	9666638	9684433	-1	1
2L	5911018	5911073	1	1
3R	11401635	11402791	1	1
2R	19108942	19109011	1	1
2L	21228341	21228459	1	1
2R	6009356	6009423	1	1
3L	5566401	5566650	1	1
3R	13025684	13026191	1	1
3L	6112250	6112355	1	1
2L	8114526	8114637	1	1
2R	8731812	8731922	-1	1
X	1409482	1410023	1	1
3L	17400945	17401065	-1	1
3L	19917360	19918101	1	1
3R	4300773	4301330	1	1
3L	1140735	1141097	-1	1
4	314958	316393	1	1
2R	4817731	4817785	-1	1
3R	19412770	19415633	1	1
3L	20182670	20184890	-1	1
3R	9420048	9432594	1	1
2R	22609142	22609262	1	1
X	16364631	16365205	1	1
3L	17599434	17602675	-1	1
3R	22448621	22456551	1	1
3L	8637599	8638157	1	1
3L	8638196	8638267	1	1
3R	31848721	31849170	-1	1
3R	22356750	22357531	1	1
2L	5174061	5174709	1	1
X	18059838	18062882	1	1
2R	23948398	23948489	-1	1
2R	15148361	15148412	1	1
3L	5748486	5749305	1	1
3R	11624295	11624357	1	1
X	7934271	7934330	1	1
3L	24542638	24542698	1	1
2R	929293	951127	1	1
4	446232	446821	1	1
X	3700959	3703386	1	1
Y	3282269	3282646	-1	1
2R	17741648	17741712	1	1
3L	21033052	21033116	1	1
3R	20895951	20896472	-1	1
X	11932734	11933170	-1	1
2L	2957265	2960690	1	1
3R	9943588	9943677	1	1
2L	18391365	18392065	1	1
3L	12694049	12709236	1	1
2L	16908124	16910672	1	1
X	19199465	19201464	-1	1
3L	6732673	6751054	-1	1
2L	1012314	1013227	-1	1
3L	16405171	16407120	-1	1
3L	3607872	3608263	1	1
3R	20974713	20975957	1	1
X	17473454	17506614	-1	1
X	10781321	10781880	-1	1
2R	18446955	18447084	1	1
3R	7128298	7128464	1	1
3L	2593320	2593388	1	1
X	12648917	12649225	1	1
3R	27254729	27256164	1	1
3L	17065364	17147457	-1	1
2L	7480897	7480952	-1	1
2R	5720031	5720409	-1	1
4	865643	865702	-1	1
3R	7085358	7085414	1	1
2R	3854557	3859474	-1	1
2R	20260747	20260807	1	1
3L	23032202	23038012	1	1
2L	8026484	8026548	1	1
X	577598	578178	1	1
3L	9159748	9161264	-1	1
3L	24030837	24035632	1	1
3R	11815568	11816205	-1	1
3L	4554693	4558409	-1	1
3L	3818147	3818227	1	1
2R	24892079	24892402	1	1
2L	15580851	15581859	1	1
2R	13158963	13159017	1	1
2L	16307422	16309125	1	1
2R	2487639	2497060	-1	1
4	189249	193673	-1	1
3R	24769563	24769784	1	1
3L	2629527	2629914	-1	1
3R	23973293	23973354	1	1
X	9152675	9153964	-1	1
2R	13815649	13816203	1	1
3R	23983904	23984440	1	1
2L	11852023	11852081	1	1
2L	14913334	14914268	-1	1
2L	10340480	10340533	1	1
2R	16109429	16109627	-1	1
3L	7710802	7710868	-1	1
3R	26190270	26194064	-1	1
3R	9359817	9359953	1	1
3R	24046492	24046938	-1	1
3L	10876562	10878728	-1	1
2L	17650338	17738398	-1	1
2L	21380479	21382100	1	1
3L	5424140	5429163	1	1
2L	19525885	19525953	-1	1
2R	17351265	17352129	1	1
2R	14645732	14646235	1	1
2R	4745062	4747643	1	1
3R	23983907	23984343	1	1
3R	19415799	19458991	1	1
X	15961877	15963045	-1	1
3L	2878365	2878533	-1	1
3R	26813779	26814774	1	1
X	17878492	17886754	-1	1
3L	9150901	9177245	-1	1
2L	10418339	10418405	1	1
2R	16633775	16633859	-1	1
2R	9284130	9284662	-1	1
2L	15167693	15171395	-1	1
2L	21673963	21675620	-1	1
3R	17388385	17388443	1	1
2L	7429105	7429167	1	1
X	20509605	20510635	-1	1
2R	13991954	14006123	-1	1
2R	19518099	19523165	-1	1
X	14269244	14269308	1	1
3L	9121543	9146910	-1	1
3R	23233891	23233998	-1	1
2L	6061065	6061201	-1	1
3L	269200	270152	1	1
X	5402935	5403462	1	1
2L	18069766	18069954	1	1
3R	25873100	25874118	-1	1
2L	21382067	21390245	1	1
X	18764756	18765421	-1	1
2L	21344737	21355477	1	1
3R	31330490	31335636	1	1
X	17640929	17644138	-1	1
3L	12745926	12745981	1	1
X	5836156	5836222	1	1
3L	5162611	5162967	-1	1
3L	5742824	5749238	1	1
3L	17060016	17061191	-1	1
X	19386361	19386579	1	1
2L	123630	123694	1	1
3L	5665612	5669183	1	1
3R	1455092	1467146	-1	1
3L	21570504	21570556	1	1
2L	9294054	9294718	1	1
X	1780612	1780675	1	1
2R	9508254	9508924	1	1
3L	1597995	1599418	1	1
X	16557512	16559918	-1	1
2L	6500161	6501122	1	1
3L	17525594	17529588	-1	1
3R	11399731	11400733	1	1
3L	21537752	21538439	1	1
2R	19517958	19523961	-1	1
2L	6928072	6929950	1	1
X	1373922	1374393	1	1
3R	31138446	31150394	1	1
X	16552482	16556719	-1	1
3L	19261787	19261873	1	1
3L	12517958	12518024	1	1
X	14027197	14027260	-1	1
2L	1009818	1015993	-1	1
X	4423482	4428198	1	1
3L	12248547	12264621	-1	1
2L	6291186	6291245	1	1
2L	8088454	8089394	1	1
2R	18458155	18460566	1	1
Y	124433	200832	1	1
Y	124415	200832	1	1
X	8248792	8249520	-1	1
X	18155584	18171866	1	1
3L	11196876	11197129	-1	1
2R	23923394	23924002	1	1
2L	11199795	11203309	-1	1
3L	17400534	17401029	-1	1
3L	8931375	8931881	1	1
3R	18715526	18718808	1	1
X	13634813	13645178	1	1
2R	18162139	18162207	1	1
3R	4160855	4306994	-1	1
X	10318043	10318427	-1	1
3L	7825719	7825908	-1	1
2L	19569227	19577186	-1	1
2R	22828448	22828509	1	1
2R	16866097	16866155	-1	1
2R	12086581	12089393	1	1
2R	7041850	7042123	1	1
X	7906182	7906249	-1	1
X	5082240	5082341	-1	1
X	11817034	11817236	1	1
3R	29173661	29181465	-1	1
2L	14085209	14089431	1	1
3R	21303109	21309864	1	1
3L	12772103	12772162	-1	1
X	15948978	15949520	-1	1
2R	16632197	16632263	-1	1
2R	9321211	9350672	-1	1
2L	9967878	9967952	1	1
2L	18027002	18033764	1	1
2L	1158917	1160173	1	1
3R	4737128	4737183	-1	1
mitochondrion_genome	13090	19098	-1	1
3L	17061769	17065186	-1	1
2R	25254419	25254473	1	1
3R	5077839	5086408	-1	1
X	5671514	5671603	-1	1
2R	6625394	6625896	-1	1
4	663743	663855	1	1
4	921200	925083	-1	1
X	2706353	2707363	-1	1
2L	9293635	9295202	1	1
X	16370625	16404284	1	1
2L	9787485	9788248	-1	1
3L	19790255	19791452	-1	1
X	10805632	10806028	-1	1
X	11052858	11053073	-1	1
2R	25253445	25253667	1	1
X	4698641	4699611	1	1
X	12016722	12016779	-1	1
4	416825	423220	-1	1
3R	11335185	11371415	1	1
2L	4839834	4841350	1	1
3L	17287830	17299924	1	1
3L	7750215	7750334	1	1
2R	2557340	2557403	-1	1
X	6602582	6629259	1	1
X	9355179	9355559	-1	1
2L	1984742	1985846	-1	1
3R	26649525	26650993	1	1
2R	23562528	23562599	1	1
3L	3825595	3825667	1	1
2L	8543838	8544485	1	1
3L	4369474	4369546	-1	1
3R	8359151	8359207	1	1
3R	18959637	18977424	1	1
X	5186825	5208015	1	1
2L	17158751	17161861	1	1
3L	18802290	18803339	-1	1
X	14692223	14692306	-1	1
3R	6566878	6589638	-1	1
3R	10854958	10856004	1	1
X	17870180	17870255	-1	1
2R	4560790	4564434	1	1
X	11719683	11809344	1	1
3R	22037878	22037957	1	1
2R	21283213	21283331	-1	1
3L	16843379	16843510	-1	1
X	6741959	6743098	-1	1
3R	5349648	5360371	-1	1
3R	5046722	5063390	1	1
2R	15322713	15323449	1	1
2R	8012003	8012060	-1	1
4	313813	313880	-1	1
X	3477158	3477319	-1	1
3L	23372742	23385232	1	1
2R	9575533	9575588	-1	1
3L	20354406	20354800	1	1
3R	23983917	23984353	1	1
X	575679	578184	1	1
3L	11182644	11183634	-1	1
X	11964260	11964626	-1	1
X	6651914	6652042	1	1
3L	15855889	15856083	-1	1
2R	14354401	14355279	1	1
3R	16503364	16518390	1	1
2L	21659273	21659840	1	1
3R	22028890	22029003	1	1
X	13846335	13849155	-1	1
2L	6719636	6721034	-1	1
2R	4812724	4812779	-1	1
2L	15064605	15065340	-1	1
3R	23982970	23983264	1	1
X	15805178	15805285	1	1
3L	9667885	9667949	-1	1
2L	14616908	14616978	-1	1
3R	9448352	9454744	1	1
3R	24104957	24105177	-1	1
X	6554772	6554909	1	1
3R	13225186	13226529	-1	1
3R	9778869	9778924	1	1
3R	14275369	14276306	-1	1
3R	10866694	10866809	-1	1
2R	14276407	14277217	1	1
2R	21484658	21484722	1	1
3R	15835087	15835197	1	1
3R	18009010	18009948	1	1
2L	10841694	10847762	-1	1
X	16753555	16753635	-1	1
3R	29723357	29723438	1	1
3L	22274137	22277096	1	1
3R	25353606	25353672	-1	1
3R	12367957	12368045	-1	1
2R	19448747	19451433	1	1
2R	23707439	23708803	1	1
mitochondrion_genome	12993	13063	-1	1
X	23216134	23216638	1	1
2L	9553729	9553803	1	1
3R	15956924	15961958	1	1
2L	191419	191863	1	1
2L	9800043	9802097	-1	1
3R	24401350	24401409	-1	1
mitochondrion_genome	6614	12916	-1	1
X	3781886	3789537	1	1
3R	21301251	21338471	1	1
X	17907199	17907260	-1	1
X	13048076	13108507	1	1
2R	6019550	6019606	1	1
X	3699274	3699339	1	1
3L	20371960	20372473	-1	1
3L	15978006	15978264	1	1
X	13564323	13576077	1	1
3R	27389767	27390890	-1	1
2L	5174230	5174554	1	1
2L	6941055	6966972	-1	1
2R	21025448	21025709	1	1
3R	16483207	16483263	-1	1
2R	17687799	17687854	1	1
X	16070021	16104152	1	1
2L	20336550	20339059	1	1
2L	20339089	20339245	1	1
2R	13277582	13277975	-1	1
X	17646586	17646651	-1	1
2L	3871870	3872173	-1	1
2R	23203620	23203924	-1	1
2R	24891879	24892402	1	1
3R	21310559	21323153	1	1
X	3882563	3909014	1	1
3R	31166460	31167326	-1	1
3R	27953086	27953144	-1	1
3R	20906975	20907038	1	1
X	576956	577997	1	1
X	5165449	5187064	1	1
X	19598774	19598864	1	1
3R	15393499	15399113	1	1
3L	13560960	13583776	-1	1
4	1121623	1123211	-1	1
4	957890	958006	-1	1
2L	5041837	5042491	-1	1
3R	7762922	7763035	1	1
3R	14733017	14733211	-1	1
3L	9098132	9123722	-1	1
3L	9098127	9123716	-1	1
2L	20813358	20813433	1	1
3R	24709004	24710833	1	1
2R	24021320	24021376	1	1
Y	124361	200756	1	1
3L	19891668	19893989	-1	1
X	14357623	14362293	1	1
X	16696203	16711015	1	1
X	4699568	4753541	1	1
X	16943498	16968197	-1	1
3R	8786926	8793104	-1	1
3L	21836458	21859898	1	1
3R	21310785	21313942	1	1
3R	21355558	21355758	-1	1
3R	16059176	16060438	1	1
2R	9229277	9229598	-1	1
2R	22797169	22797514	-1	1
3R	18970279	18970631	1	1
X	22487672	22507565	1	1
3L	3516829	3533812	1	1
X	18790616	18790677	1	1
3R	4751077	4761754	1	1
3L	17798136	17798573	-1	1
X	17639220	17640511	-1	1
mitochondrion_genome	11415	13844	1	1
3R	11393183	11395073	1	1
3R	13705967	13706216	1	1
2R	10419464	10419527	1	1
3L	6119149	6121494	1	1
3L	7280675	7312205	-1	1
X	17703726	17704372	1	1
3L	9177999	9178272	-1	1
3R	20975089	20976010	1	1
2R	13809670	13809914	-1	1
3R	20411205	20437681	1	1
2L	18475591	18476257	-1	1
3L	3990368	3991897	1	1
2R	16764767	16765833	-1	1
4	427977	429506	1	1
X	12464127	12498054	1	1
3R	29862306	29862785	1	1
3R	23983808	23984059	1	1
X	530797	578114	1	1
2R	15423096	15424259	1	1
2L	4455739	4455857	-1	1
3R	8817720	8818808	-1	1
3L	5691481	5692715	1	1
2L	17662280	17664087	-1	1
3R	31220843	31220913	1	1
2R	18424487	18424872	1	1
3L	10060162	10067688	1	1
3L	4430073	4433187	1	1
X	1316162	1322200	-1	1
4	85926	94876	1	1
3R	19231043	19231353	-1	1
3L	3825751	3828878	1	1
3L	3236912	3237005	-1	1
2L	9292168	9295347	1	1
2R	17255996	17275410	1	1
2R	13948111	13953536	-1	1
X	7420283	7421463	1	1
3R	10117671	10119105	1	1
3L	3714914	3743138	-1	1
2R	8948195	8951009	-1	1
3R	26944201	26944268	1	1
4	178881	178937	1	1
3R	11392600	11395999	1	1
3L	9949135	9949592	1	1
3R	25291551	25292357	-1	1
X	19143769	19144005	-1	1
3R	27376942	27380965	-1	1
3L	17400637	17400756	-1	1
X	9506358	9506574	-1	1
2R	20324412	20324498	1	1
2R	16552622	16554628	1	1
2R	4553362	4733114	1	1
3R	26867487	26867669	1	1
X	9627049	9629980	-1	1
X	19866234	19866737	1	1
X	12477185	12477532	1	1
X	16338145	16469028	1	1
X	6881284	6881353	1	1
X	12773895	12774690	-1	1
2L	10418194	10418257	1	1
2R	18819502	18819621	1	1
3R	23966122	23983076	1	1
2R	12757424	12757499	-1	1
3R	5323126	5334405	-1	1
3R	30177386	30177454	1	1
2R	12273967	12274615	1	1
2R	20663869	20663935	-1	1
X	9354185	9354985	-1	1
3L	15989817	15991093	1	1
3R	4925653	4925894	1	1
3R	5083889	5085695	-1	1
X	12596738	12602901	-1	1
3L	224240	225070	1	1
2R	16625347	16627765	-1	1
4	142128	142200	1	1
X	4325400	4338193	1	1
X	16774236	16776195	-1	1
X	15953935	15954286	1	1
2R	24961504	24961606	-1	1
2R	8920557	8920620	-1	1
2R	17518428	17518484	1	1
2R	7385020	7385083	-1	1
2R	12260151	12273764	1	1
2R	8494479	8516208	-1	1
3L	5747474	5747600	1	1
3R	28083091	28083230	1	1
3L	13114747	13115189	1	1
X	5674153	5674222	-1	1
3R	8752403	8752514	1	1
3R	17774369	17775969	-1	1
2R	7489571	7489646	-1	1
2L	1012452	1013239	-1	1
3R	9558369	9558428	-1	1
2L	1010391	1012679	-1	1
2R	19224387	19224450	1	1
3L	9146821	9148500	-1	1
X	20426500	20426555	-1	1
3L	20016468	20024391	1	1
2L	19008540	19008949	-1	1
2L	5155063	5161075	1	1
4	210681	211590	1	1
X	19329645	19495810	-1	1
2L	7783026	7785900	1	1
3L	7240336	7240628	-1	1
2L	10847291	10847796	-1	1
2R	11281151	11281274	-1	1
3L	11691839	11691900	1	1
3R	21065286	21067446	1	1
3L	24161158	24253849	1	1
X	12684704	12685495	-1	1
2R	8166849	8166909	1	1
X	530535	577997	1	1
2L	9293903	9295438	1	1
X	23014109	23014453	1	1
3L	1660837	1661109	-1	1
X	7663555	7670891	1	1
3R	9262354	9287465	1	1
2R	6837629	6838124	1	1
3L	4263136	4263319	1	1
3R	26868900	26917744	1	1
X	16708739	16709240	1	1
X	16709282	16709374	1	1
2R	16184678	16184757	1	1
3L	4241177	4241235	1	1
2L	13303666	13304356	-1	1
3R	10799359	10799565	-1	1
2R	9503846	9505127	1	1
X	15860832	15861152	1	1
3R	21128218	21128347	1	1
3R	13647493	13652386	1	1
X	11815540	11816231	-1	1
2R	10722493	10722574	-1	1
2R	24747916	24770321	-1	1
3R	17773739	17773832	-1	1
X	21600691	21601177	-1	1
X	10702834	10702899	1	1
3L	17952475	18061042	-1	1
X	19329678	19329912	-1	1
2R	16924791	16925619	1	1
3R	27109305	27109451	-1	1
2L	9292185	9295226	1	1
2R	10204205	10233697	-1	1
2R	16974532	16975087	1	1
3L	16787830	16791432	-1	1
X	17260356	17285895	-1	1
X	9554929	9555060	1	1
4	1148238	1148754	1	1
3L	5158939	5273235	-1	1
2R	22797204	22797795	1	1
2L	4321436	4323634	1	1
3R	16635701	16635767	1	1
2R	4322655	4470770	-1	1
2L	10847902	10848241	-1	1
3R	12446033	12446882	1	1
2R	22801191	22801483	1	1
2L	11806158	11807958	-1	1
4	1126753	1126809	-1	1
3L	17081267	17097899	-1	1
2R	21144917	21145617	1	1
2R	8103462	8103523	-1	1
3R	10790862	10790925	1	1
3R	25349764	25350967	-1	1
3R	23809202	23889278	-1	1
3R	18851377	18851430	-1	1
X	13784079	13785829	1	1
X	21424984	21425129	-1	1
3R	9758075	9758134	1	1
2R	12529456	12532721	1	1
2L	10728557	10728613	1	1
2R	24969225	24969469	-1	1
3R	15366597	15366664	-1	1
3L	19647555	19647611	-1	1
2R	12260178	12274640	1	1
4	1115688	1118742	-1	1
X	15983388	15983674	1	1
3R	14105559	14107729	-1	1
2R	17797132	17797202	1	1
3L	11794177	11794354	1	1
2R	12920860	12920985	1	1
X	9171364	9171767	1	1
2R	6152551	6156158	-1	1
2L	13005012	13005067	1	1
2R	13831327	13832215	1	1
3L	20500243	20504557	1	1
3L	9494571	9494703	1	1
X	20475645	20491353	-1	1
X	6118045	6145985	-1	1
3L	5175269	5187954	-1	1
3L	11631591	11634614	1	1
3L	15816057	15816274	1	1
2R	12259880	12259957	1	1
3R	15399296	15401305	1	1
3R	21302745	21303576	1	1
2R	12145982	12150511	1	1
X	5904122	5923838	1	1
2L	10918989	10923147	1	1
3R	2162075	2307285	1	1
3R	21323528	21323616	-1	1
3R	22520387	22520504	-1	1
3R	9419353	9419419	1	1
3R	17811805	17836151	1	1
3L	14205586	14207002	1	1
3R	23983939	23984312	1	1
X	13383426	13383493	-1	1
X	12570014	12572194	-1	1
2R	17352306	17361113	1	1
3R	4659677	4660239	1	1
X	3786489	3789521	1	1
3L	3148738	3149628	1	1
3L	17400534	17401023	-1	1
3R	24620105	24620170	1	1
2L	13354782	13354942	-1	1
2L	2772587	2781045	-1	1
X	16531533	16531634	-1	1
3L	9135133	9135604	1	1
2R	21333847	21334374	1	1
X	576640	578100	1	1
3L	7370003	7372743	1	1
2R	11581399	11581628	-1	1
2L	12045708	12046076	-1	1
2L	17647116	17648006	-1	1
2L	2365120	2366275	1	1
X	15905079	15906382	1	1
2L	19134277	19143635	1	1
X	4455830	4457401	-1	1
3L	13798506	13803127	-1	1
X	6102660	6102725	1	1
3L	21623758	21625471	-1	1
2L	1985884	1985946	-1	1
3R	9991771	9992666	1	1
3L	8131071	8131373	1	1
3R	22456815	22459121	1	1
3L	9162620	9164728	-1	1
2L	9292249	9293025	1	1
3R	23973862	23984478	-1	1
3L	7979598	8042691	1	1
3R	25662487	25662634	-1	1
3L	5156232	5272556	-1	1
2R	22797313	22798000	-1	1
3L	1635685	1636818	1	1
3R	19415780	19457899	1	1
2R	23973701	23973760	1	1
X	2241760	2241828	-1	1
4	903472	903633	-1	1
3R	17909468	17915010	-1	1
3R	22899534	22914938	1	1
2L	2772554	2785477	-1	1
2L	19544267	19545262	1	1
2R	9892048	9892102	1	1
X	10779395	10781795	-1	1
3R	19730992	19731176	1	1
3R	14733007	14733205	-1	1
3R	31775503	31775559	-1	1
2L	20738442	20738504	1	1
4	464591	466523	-1	1
3R	31803521	31803574	-1	1
3L	5161279	5277683	-1	1
2R	14645557	14645614	1	1
2L	10241172	10242003	1	1
X	9094290	9094635	-1	1
X	3715127	3715230	-1	1
3R	21324227	21334527	-1	1
3L	16585683	16585827	1	1
3R	22359975	22360443	1	1
3L	10585540	10587627	1	1
3R	24693500	24693601	1	1
3L	7111638	7117933	-1	1
3R	31221166	31227986	1	1
3L	9180207	9180271	-1	1
2R	7547293	7547365	1	1
X	9117574	9117695	-1	1
3L	15336966	15459077	1	1
2R	10209271	10209440	-1	1
X	614024	614573	-1	1
3L	7371899	7372417	1	1
2R	10024528	10025850	-1	1
2L	19620146	19621082	1	1
2L	14365238	14365629	1	1
3R	21296874	21303794	1	1
2L	12045600	12045667	-1	1
X	9505028	9506171	-1	1
X	17070107	17077045	-1	1
2L	254398	271629	1	1
X	18172511	18172751	1	1
2R	11303533	11303601	1	1
2L	5165608	5175289	1	1
2L	20334731	20336287	1	1
X	16459117	16460846	-1	1
2R	12274363	12276152	1	1
2L	21120415	21120479	1	1
2L	21380667	21382019	1	1
4	1046714	1047018	-1	1
3R	22468616	22469362	1	1
3R	21297289	21298603	1	1
X	15181499	15183999	1	1
X	14233041	14233105	-1	1
X	8050557	8051371	-1	1
X	1052164	1052602	1	1
mitochondrion_genome	9690	13510	-1	1
2L	8440932	8441024	1	1
3R	31772799	31772854	-1	1
3R	16099661	16100900	1	1
3R	5465732	5465800	1	1
X	11366131	11366401	-1	1
X	11493530	11546921	1	1
3R	21302927	21303204	1	1
3R	30104312	30121178	1	1
3L	4178715	4179077	-1	1
3L	7980616	8050051	1	1
2L	336547	337016	1	1
2L	2772582	2781043	-1	1
3R	24394172	24394597	-1	1
3L	24169615	24173493	1	1
3R	7096182	7096397	-1	1
4	118932	119888	-1	1
4	778646	778755	-1	1
4	1038435	1043468	-1	1
2R	16871441	16871511	1	1
2L	5973324	5973530	-1	1
X	15388545	15389467	-1	1
X	11368964	11369096	1	1
3R	11394405	11403618	1	1
3R	20779278	20806933	1	1
3R	13391946	13395061	-1	1
3L	3040364	3042110	1	1
2L	8826008	8829599	1	1
2L	3806764	3808933	1	1
2L	9743073	9743216	-1	1
2L	7041160	7051367	1	1
2L	10917037	10963452	-1	1
2R	11174806	11190340	1	1
X	5738745	5744455	-1	1
3R	31216182	31217119	-1	1
3L	16849773	16849835	1	1
2R	13518019	13531498	-1	1
3R	9268886	9268942	1	1
3L	25113572	25114034	1	1
3L	5658119	5747747	1	1
X	16450180	16450314	1	1
2L	21037962	21051601	-1	1
3R	8819264	8819928	1	1
3R	8817588	8831624	1	1
2L	155640	155959	1	1
3R	22085650	22085746	-1	1
2R	7187610	7192619	1	1
3R	23356917	23358155	1	1
X	9615318	9651762	-1	1
3L	16052175	16052755	1	1
2L	10847526	10847644	-1	1
3L	24210139	24297681	1	1
3R	24067626	24102797	-1	1
3L	18671435	18671490	-1	1
3R	19415785	19457508	1	1
X	20252598	20253066	1	1
X	19665194	19665252	1	1
3L	24697	24752	1	1
4	1227400	1229057	-1	1
3L	7678749	7678977	-1	1
2R	16424171	16424295	1	1
3L	9143275	9149492	-1	1
X	9110562	9110618	1	1
2R	2423314	2423543	-1	1
3L	4937762	4938503	-1	1
X	13078186	13078392	1	1
2L	11115439	11115496	1	1
X	11569287	11569886	-1	1
3R	4100016	4101245	1	1
X	16095691	16096527	1	1
X	18155988	18161013	1	1
2L	9292176	9295212	1	1
2L	4828251	4828789	1	1
2L	5167372	5205416	1	1
X	17149097	17150503	1	1
X	576555	577940	1	1
2L	13485086	13488255	1	1
4	451339	451445	1	1
X	19731090	19731375	1	1
X	8138543	8141921	-1	1
3L	19598257	19598386	-1	1
2R	17546167	17546245	1	1
2L	16237887	16237951	1	1
2L	5010674	5010732	-1	1
3R	24785077	24790421	-1	1
2R	6503689	6598432	1	1
4	1127416	1129435	1	1
4	959854	962401	1	1
2L	191298	192278	1	1
3L	13874009	13876378	-1	1
X	6782693	6782770	-1	1
3L	1860778	1860927	-1	1
3L	14054344	14061428	-1	1
2R	14866818	14870091	-1	1
2R	20138268	20141572	1	1
4	1131594	1131701	1	1
X	12741642	12742319	-1	1
mitochondrion_genome	12874	13426	-1	1
3L	21132379	21133113	1	1
2R	7843916	7844545	-1	1
3L	1034066	1034763	-1	1
X	17149184	17149834	1	1
2L	5069220	5070097	1	1
3L	1500093	1500201	-1	1
2R	16048430	16048493	1	1
3R	22377911	22377969	1	1
3R	22609276	22609349	-1	1
2R	7837744	7843013	1	1
3L	2924237	2944234	1	1
3L	1639979	1640735	1	1
X	10794641	10822422	-1	1
3L	1941255	1941316	1	1
X	11808588	11809904	-1	1
3L	7371815	7372657	1	1
X	4485448	4485574	1	1
3L	20435191	20435558	-1	1
3L	16539914	16540014	-1	1
2R	21091399	21117649	-1	1
2L	19119859	19119976	-1	1
3R	26581023	26582680	1	1
3L	19625945	19626012	-1	1
3L	23379650	23392257	-1	1
X	15709366	15710447	-1	1
3L	6943911	6944432	1	1
3R	18192635	18193557	-1	1
2L	10992321	10992374	1	1
X	13954578	13967765	-1	1
X	12731819	12743968	-1	1
3R	26720848	26720919	-1	1
3L	17951339	17961336	-1	1
3R	28059627	28077114	1	1
X	7021550	7022533	-1	1
2R	18456841	18456911	-1	1
3L	3717377	3742856	1	1
3L	5901361	5901417	-1	1
X	11622062	11622313	1	1
2R	22875464	22875567	1	1
2L	10007461	10007579	1	1
3L	8601843	8602103	-1	1
3L	14560350	14560787	1	1
2L	9896410	9897101	-1	1
X	18171624	18171711	1	1
3R	11396512	11400825	1	1
3R	21361956	21362048	1	1
2L	13964457	13964535	1	1
3L	25079009	25079078	1	1
3R	31935438	31936834	-1	1
3R	4660028	4660281	1	1
3L	23274390	23276264	1	1
X	12657231	12657400	1	1
3R	9512453	9512788	-1	1
2R	2776558	2855081	1	1
2R	13829714	13833253	1	1
2L	2780429	2780824	-1	1
3R	8391401	8392002	-1	1
3R	10228913	10239477	1	1
3L	10182886	10184840	-1	1
2R	6625279	6626896	-1	1
X	15746908	15746986	1	1
3R	27561778	27565409	-1	1
2R	24698024	24698223	1	1
X	8097543	8097613	-1	1
3L	20273218	20277184	-1	1
X	18520407	18571697	1	1
X	4657525	4657593	1	1
2L	19510906	19510968	-1	1
3R	8823070	8823249	-1	1
3R	21300302	21303161	1	1
2R	11619406	11624340	-1	1
X	1234277	1236445	-1	1
2R	23922681	23924727	1	1
X	8237357	8239583	1	1
2R	23880661	23880825	1	1
X	17924418	17932524	-1	1
3R	31599092	31600389	-1	1
3R	21362869	21375060	-1	1
3L	5747486	5747747	1	1
3L	4371850	4379494	-1	1
X	6560318	6588797	1	1
3R	21302413	21309531	1	1
X	15869313	15869539	1	1
X	628618	628747	-1	1
3R	15414056	15415938	1	1
X	11793519	11793798	1	1
3R	30572632	30576107	1	1
3L	8114052	8114113	-1	1
2R	12260189	12269249	1	1
2L	1717218	1718043	-1	1
X	12569186	12571279	-1	1
2L	5171560	5205416	1	1
3R	15956994	15960384	1	1
2L	7864776	7865867	-1	1
X	17848434	17850026	-1	1
X	8524109	8531525	1	1
3L	12335635	12350063	1	1
3R	14746349	14746407	-1	1
X	9473267	9499874	-1	1
3L	17015078	17015141	1	1
2L	5761335	5762146	1	1
3L	8972278	8972883	-1	1
3R	3738672	3750819	-1	1
2L	3422060	3422760	-1	1
X	17822185	17823805	-1	1
X	11222255	11224117	-1	1
3R	9876224	9906653	1	1
3R	30877740	30879680	-1	1
X	10234845	10237456	-1	1
2R	4673060	4673114	1	1
4	216113	218256	1	1
X	578370	578952	1	1
3L	9130031	9130555	-1	1
X	9554929	9555063	1	1
3R	30526376	30526984	-1	1
3R	24031032	24031712	-1	1
3L	10767826	10821642	-1	1
3L	4429852	4432931	1	1
3L	12201090	12201374	-1	1
X	17933325	17937811	-1	1
3R	21307004	21308394	1	1
3R	4295701	4299790	1	1
3L	3181021	3181086	1	1
2L	13497438	13497502	1	1
X	8277564	8282430	-1	1
3R	6407775	6449167	1	1
X	13335866	13335956	-1	1
2R	11443113	11446133	1	1
3R	7638889	7639020	-1	1
2R	18154141	18154672	-1	1
2R	19443017	19443402	1	1
2L	5031779	5032181	1	1
3L	4367777	4371529	-1	1
2R	16628735	16636573	-1	1
2L	20688337	20688456	1	1
3R	23981690	23984454	1	1
3R	23981213	23984476	1	1
4	1057557	1057914	-1	1
2L	21382131	21390328	1	1
3R	23937628	23937732	-1	1
X	10382513	10382582	1	1
mitochondrion_genome	9213	13072	-1	1
3L	1631556	1635186	-1	1
X	11142774	11143062	1	1
X	22458821	22509858	1	1
3R	18653037	18653105	-1	1
X	19699166	19699679	1	1
2R	8115464	8115530	-1	1
2R	2825187	2829617	1	1
2R	9806565	9806817	-1	1
X	12477156	12497495	1	1
3L	3085500	3088579	1	1
3L	4136582	4136883	-1	1
X	4698635	4699611	1	1
3L	3984069	3988364	1	1
3R	11815334	11815854	-1	1
X	1691149	1691207	-1	1
2L	21011481	21028637	-1	1
3L	19477650	19486780	-1	1
2L	5541657	5541723	-1	1
2R	7805018	7805422	-1	1
2R	15565047	15565574	-1	1
2L	12045701	12046069	-1	1
2L	1651430	1653429	1	1
2R	23879813	23879875	1	1
2L	8261682	8261740	-1	1
X	20259396	20446493	1	1
3R	25485665	25490640	-1	1
X	4117896	4117964	1	1
2R	25000161	25002288	-1	1
3R	22012084	22012312	1	1
X	12562195	12562266	1	1
3R	21305528	21306362	1	1
X	7922466	7922693	-1	1
3R	7804648	7805333	-1	1
X	13985572	13990470	-1	1
3L	23273284	23273522	1	1
3R	26532592	26534091	-1	1
2R	9400086	9400267	-1	1
3L	16808620	16808695	1	1
X	5334480	5374926	1	1
3L	17401149	17401205	-1	1
3R	30089836	30090750	1	1
3L	5691994	5747753	1	1
3L	11177158	11177217	-1	1
2L	19691198	19701224	1	1
3L	9103804	9105944	-1	1
X	10234700	10236507	-1	1
3L	3600492	3607502	1	1
2R	9895197	9895255	1	1
X	4854259	4859225	1	1
X	15482538	15483199	-1	1
3R	30010673	30010953	-1	1
3L	17064891	17065176	-1	1
X	9152806	9153315	-1	1
3R	9418001	9439349	1	1
2L	8997126	8997210	-1	1
2R	14276452	14277281	1	1
3L	2767572	2781758	1	1
3R	27696832	27696892	-1	1
3L	26010355	26013543	-1	1
3R	19149184	19149240	1	1
2R	7563986	7564100	1	1
2L	20739781	20748357	1	1
2R	10104357	10107617	1	1
3L	16070265	16070328	1	1
2R	11370708	11370767	-1	1
X	7706993	7707741	1	1
2R	19478866	19481151	1	1
3L	7778584	7804417	-1	1
2R	10886370	10949086	1	1
X	15403013	15410371	-1	1
4	430246	431432	1	1
2R	14215648	14216054	-1	1
2L	1710698	1710851	1	1
2R	12260163	12273766	1	1
X	4531560	4533708	1	1
3L	12572201	12572312	1	1
3R	23985677	23985856	1	1
X	14553254	14725356	-1	1
3R	16158296	16158759	1	1
3L	3221515	3221903	-1	1
3L	15723272	15727697	1	1
3R	11430271	11430339	1	1
2R	4187693	4187760	1	1
X	8045515	8048495	-1	1
3R	4713522	4713605	-1	1
2L	1008766	1010304	-1	1
X	8424689	8424855	1	1
2R	8172791	8173173	-1	1
3L	9097775	9099060	-1	1
2R	18119897	18122703	-1	1
3R	27125358	27127660	-1	1
X	16560947	16565395	-1	1
2L	11855779	11869571	-1	1
3L	27220045	27329119	1	1
2R	18456857	18458340	-1	1
X	12680700	12784330	-1	1
2L	11165967	11166027	-1	1
2R	8903748	8904521	1	1
3R	25335529	25335603	1	1
2L	1012452	1013215	-1	1
3L	9105253	9113335	-1	1
3L	10593689	10593796	1	1
3R	22369566	22370778	1	1
3L	9144429	9145563	1	1
3R	18717629	18717931	1	1
2L	8492653	8492775	-1	1
2R	10233830	10234437	-1	1
2R	1264846	1265171	1	1
3L	8521243	8521300	1	1
4	446232	446631	1	1
4	416842	419586	-1	1
2L	17378728	17382054	-1	1
3R	5085726	5085790	-1	1
3L	9438715	9438895	-1	1
3R	23938556	23942594	1	1
2L	9798306	9807310	-1	1
3L	7077330	7081875	-1	1
3L	17400534	17400865	-1	1
X	14206776	14210434	-1	1
2R	12085385	12091756	-1	1
X	16552451	16553344	-1	1
2L	15091230	15091295	1	1
2R	11447656	11451422	1	1
X	20764320	20764601	-1	1
X	8490104	8509456	1	1
X	93113	111959	-1	1
X	15406050	15406272	-1	1
X	10356156	10356710	1	1
3R	24130939	24134421	1	1
3L	9462080	9462555	1	1
2L	1612906	1612969	-1	1
3L	13787057	13798024	1	1
3L	3370674	3372547	-1	1
2R	2850380	2852420	1	1
2R	15189420	15190159	1	1
X	8574408	8575348	1	1
3R	20321768	20323841	1	1
3R	21115670	21115944	1	1
3L	8280410	8280520	1	1
X	574879	574942	1	1
2R	18632987	18633054	-1	1
3R	15338055	15338328	-1	1
3R	21304248	21304614	1	1
3L	25115725	25115829	-1	1
4	1024312	1024498	-1	1
3L	1499593	1501346	-1	1
X	18790894	18790958	1	1
2R	17565974	17568630	-1	1
3R	14902694	14924258	-1	1
X	7087660	7090134	-1	1
2R	8949609	8950598	-1	1
2L	8044779	8044847	1	1
3R	17006277	17006334	-1	1
3R	9508430	9509436	-1	1
3R	21084655	21084719	-1	1
X	10765114	10768059	-1	1
2R	21691001	21691072	-1	1
2R	14231965	14232725	-1	1
2L	15552769	15554510	1	1
X	1826997	1831483	1	1
3R	4737739	4741852	-1	1
Y	124279	200756	1	1
X	16095691	16096527	-1	1
3L	11207939	11208005	-1	1
3R	22408881	22408940	1	1
3R	22409010	22409063	1	1
2L	4329921	4330313	1	1
3R	8767795	8768120	-1	1
2L	15036661	15037819	-1	1
3R	17476276	17476459	-1	1
X	13365494	13365575	1	1
3R	25873187	25874303	-1	1
2R	7242511	7243156	1	1
3L	25841103	25843725	-1	1
2L	6083214	6096109	1	1
3L	3195014	3197002	1	1
2L	5166045	5171748	1	1
2R	17359334	17362173	-1	1
3L	14710052	14710929	1	1
3L	12850798	12850915	1	1
3R	11398314	11401155	1	1
2R	13177479	13178513	-1	1
2R	18410334	18410751	-1	1
3L	19567672	19567759	-1	1
2R	14301606	14301675	-1	1
2R	18689020	18691925	1	1
3L	16610961	16611373	-1	1
2R	1022363	1033065	-1	1
2R	24020510	24020566	-1	1
3L	8972315	8974677	-1	1
3L	13653182	13658996	-1	1
X	16462132	16477687	-1	1
3L	7776835	7804611	-1	1
3R	15202204	15202266	1	1
2L	9292245	9293015	1	1
X	12786087	12789627	-1	1
X	15760195	15760467	-1	1
2R	6695370	6695642	-1	1
2R	11449245	11451460	1	1
2R	14763075	14763831	-1	1
3R	19095907	19095958	1	1
3R	5596092	5597874	-1	1
X	3951561	3952848	1	1
2L	21632566	21633266	1	1
2L	13487685	13487963	1	1
X	11817230	11817904	1	1
2R	12119080	12119145	-1	1
3R	28146868	28147457	1	1
2L	22653049	22682969	1	1
2L	10127610	10127770	-1	1
3R	11754493	11759651	-1	1
X	11324504	11324568	-1	1
2R	19237442	19238152	-1	1
X	10700847	10710856	1	1
X	2014573	2022443	1	1
X	16563910	16565441	-1	1
3L	1653044	1653142	1	1
3L	9716234	9716368	1	1
2R	17008943	17010053	-1	1
3L	7123326	7208113	1	1
2R	19398800	19399026	-1	1
2L	5155218	5155322	-1	1
2L	9711852	9711945	-1	1
3R	17686838	17686896	-1	1
3R	9015167	9015284	-1	1
X	1858798	1858868	-1	1
2R	15401151	15401470	1	1
2R	21223354	21223562	1	1
3L	7690997	7691513	-1	1
3R	5571232	5574253	1	1
3R	17909517	17916384	-1	1
3R	13333362	13333477	-1	1
2L	4823166	4828781	1	1
3L	10517707	10564664	1	1
X	12938829	12942263	1	1
X	8366429	8366667	-1	1
2L	5190313	5191180	1	1
2R	19524316	19526212	-1	1
3L	7156316	7156579	-1	1
3L	16584941	16585756	1	1
3L	16631431	16646810	-1	1
X	20172223	20172305	-1	1
2L	7536474	7568574	-1	1
3L	11488421	11496545	1	1
4	516461	517489	1	1
2R	18469960	18470064	1	1
3R	16046614	16046669	-1	1
X	12686817	12686980	-1	1
3L	9146781	9148431	-1	1
3L	3198056	3198139	-1	1
3R	9736473	9736533	-1	1
X	16560797	16562722	-1	1
2L	8083724	8088704	1	1
2R	18281514	18281629	1	1
2L	21704604	21705170	1	1
3R	20964948	20973806	1	1
4	1083416	1101252	-1	1
3R	21306568	21307124	1	1
3R	11392589	11401132	1	1
3R	10248431	10248490	1	1
3L	11646800	11646861	-1	1
X	11900695	11901132	-1	1
X	13383354	13383430	-1	1
3L	4554923	4558409	-1	1
4	899836	899902	-1	1
X	10304143	10361494	-1	1
3R	21949407	21949640	1	1
3R	9826199	9828362	-1	1
3R	29377836	29382993	1	1
3R	4301136	4301266	1	1
2L	21711184	21711315	1	1
X	14955591	14955846	1	1
3R	17915128	17916139	-1	1
3R	23983899	23984350	1	1
3R	18977135	18977469	1	1
3R	17909537	17916196	-1	1
3R	7128648	7128703	1	1
2L	17667818	17667967	-1	1
X	14783247	14783489	-1	1
X	3542053	3568304	-1	1
X	11817240	11817769	1	1
3R	23996539	23996592	1	1
2R	7041871	7042580	1	1
3L	13870197	13902905	-1	1
2R	7465676	7465779	-1	1
3R	4295701	4296148	1	1
3R	21302413	21309808	1	1
X	13381855	13382149	-1	1
3R	4670851	4680779	1	1
3R	4680838	4697191	1	1
3R	23809102	23818995	-1	1
3R	10027382	10037816	-1	1
2R	13841233	13841580	1	1
2R	16764375	16765976	-1	1
3L	5175265	5187950	-1	1
X	10462446	10463191	-1	1
3L	8972167	8972273	-1	1
X	295908	303475	-1	1
X	3256252	3305593	1	1
2L	9257207	9272466	-1	1
3L	208318	208372	-1	1
3R	18123979	18124322	1	1
X	12831951	12832115	-1	1
3R	14732867	14733446	-1	1
3R	12627576	12627640	-1	1
2R	21523243	21533803	1	1
2R	10093965	10094904	1	1
X	2539811	2541282	-1	1
X	10267359	10276455	1	1
3R	5625590	5625768	1	1
2R	10156727	10158526	-1	1
2L	1135147	1135253	1	1
2L	818644	818704	-1	1
3R	7873771	7874623	-1	1
3R	11575572	11575635	1	1
2L	1010422	1012188	-1	1
3L	1966307	1966365	1	1
3L	6949921	6950108	-1	1
2L	12359684	12362601	1	1
mitochondrion_genome	4561	19254	1	1
2R	19067541	19085431	1	1
3R	21783587	21784135	-1	1
X	17849711	17849776	-1	1
2L	10494812	10494879	-1	1
3R	9418001	9439321	1	1
2R	21713388	21715406	1	1
2L	302165	305124	1	1
4	583409	583789	1	1
X	5917225	5917369	1	1
3L	21619065	21619771	1	1
X	6114785	6115535	-1	1
2R	16112715	16112789	1	1
2R	19520226	19520620	-1	1
3R	9401023	9401196	-1	1
2R	8081207	8081274	-1	1
3R	8817720	8818816	-1	1
4	936832	938332	1	1
X	12571506	12571842	-1	1
X	20252438	20252508	1	1
X	1383905	1392753	1	1
X	11368963	11369095	1	1
2R	16327161	16328553	-1	1
3L	9178166	9182077	-1	1
3R	3810071	3817731	1	1
2R	24875396	24875962	1	1
X	6214068	6223284	-1	1
X	764923	765084	-1	1
2R	10737292	10737357	-1	1
2R	23544180	23544248	1	1
3R	21960908	21995520	1	1
3L	5931559	5931618	-1	1
3R	24104932	24105347	-1	1
X	12017010	12017111	1	1
X	17924970	17925113	-1	1
3L	16766489	16777092	1	1
3L	21915010	21915114	1	1
2L	8058245	8058302	-1	1
2R	10208129	10208191	-1	1
2R	17018926	17019433	-1	1
3L	8953229	8954231	-1	1
3R	10217231	10217290	1	1
3R	4954279	4954336	1	1
X	8275418	8276063	1	1
2L	7864766	7865163	-1	1
3L	15879257	15879320	-1	1
3L	3924428	3925559	-1	1
3R	24162827	24162919	1	1
3L	5144377	5145923	-1	1
2L	159436	162417	1	1
X	8532020	8532335	1	1
2R	16184252	16184919	1	1
2L	13389122	13389196	1	1
2R	10149441	10150856	-1	1
X	62819	62889	-1	1
mitochondrion_genome	12918	13032	-1	1
3R	9234665	9237520	-1	1
X	3781735	3786777	1	1
4	575646	575702	1	1
3L	20348409	20348942	1	1
X	2783033	2783116	-1	1
3R	31216354	31216882	-1	1
2L	6110207	6123276	1	1
X	17931132	17943253	-1	1
3R	24677897	24679046	1	1
2R	2732615	2735042	1	1
X	10764897	10765402	-1	1
2L	8083565	8089185	1	1
2L	4323414	4323521	1	1
X	10781052	10781439	-1	1
X	2713622	2713678	-1	1
3R	20896112	20897225	-1	1
3L	19377226	19377807	-1	1
2L	10244159	10244219	-1	1
3R	22958496	22959550	1	1
3L	1860723	1860952	-1	1
X	13585041	13585691	1	1
3L	13867750	13868174	-1	1
3R	4413007	4413241	-1	1
3L	1640088	1640756	1	1
X	5647937	5648420	-1	1
X	19528824	19528894	1	1
3R	24946640	24946884	1	1
X	12635767	12648059	1	1
2R	24565616	24565686	1	1
2R	13841943	13842329	-1	1
4	625870	625998	-1	1
Y	1015900	1052963	-1	1
X	16076515	16076970	-1	1
2L	9789015	9790127	-1	1
3L	16233418	16233470	1	1
4	1050863	1053498	-1	1
X	23216244	23216961	-1	1
3R	20975436	20976065	1	1
3R	21789761	21790709	-1	1
2L	7413309	7413382	-1	1
3L	8127299	8127352	-1	1
3R	18167757	18169484	1	1
3R	4423874	4423933	-1	1
3R	13026611	13058954	-1	1
X	13502599	13504035	1	1
2R	7573829	7573886	1	1
3R	7277772	7281726	-1	1
3R	18227902	18228464	1	1
2L	19120026	19120241	-1	1
3R	11224074	11224637	1	1
X	513135	523167	-1	1
mitochondrion_genome	13016	13174	-1	1
2R	1111516	1116443	1	1
3R	29173995	29176555	-1	1
3L	9123625	9145992	-1	1
4	866295	866537	-1	1
3R	17651382	17660647	1	1
2L	12425484	12425539	1	1
4	1140902	1140956	-1	1
X	6748129	6770759	-1	1
3L	4417992	4419868	1	1
X	11828996	11833223	1	1
3L	5744860	5746681	1	1
X	13075360	13076603	1	1
3L	19891587	19892746	-1	1
X	575969	577913	1	1
X	15758318	15760425	-1	1
X	3256267	3349710	1	1
3L	7164514	7164730	-1	1
3L	8197703	8197779	-1	1
2L	21381659	21391484	1	1
2L	1011541	1013082	-1	1
2L	1010607	1013753	-1	1
X	10983892	11037475	-1	1
X	17939947	17940720	-1	1
2R	9847187	9847241	-1	1
2L	4320860	4321171	1	1
3R	14320573	14322129	-1	1
3L	1630451	1631972	-1	1
3R	9012306	9012840	-1	1
4	1045245	1047260	-1	1
3R	23983719	23984290	1	1
X	17907852	17908574	1	1
3L	5997533	6026020	1	1
3R	14625842	14626026	1	1
3L	7682312	7682541	-1	1
3R	31572728	31575440	1	1
3L	11524488	11524628	-1	1
2R	22378203	22378278	1	1
X	8713406	8713599	1	1
X	8275508	8276063	1	1
2R	3239135	3241843	1	1
X	13784579	13785707	1	1
3L	28004100	28012381	-1	1
X	6359204	6360075	1	1
X	6366233	6366633	1	1
3L	15521991	15522410	-1	1
2L	3758677	3758738	-1	1
X	9621702	9622615	1	1
X	15888497	15889302	1	1
X	19354028	19362967	1	1
2L	7814401	7814576	1	1
3R	26459624	26459687	1	1
2R	17798145	17841614	1	1
3R	23983905	23984485	1	1
mitochondrion_genome	12918	13479	-1	1
2L	6049271	6049427	1	1
3R	15258443	15258510	1	1
2R	12092908	12116599	-1	1
3R	22474683	22475167	1	1
2L	16895831	16895891	1	1
X	10259489	10261061	-1	1
3R	19411954	19412336	1	1
2L	7195554	7196644	-1	1
X	16389878	16389946	-1	1
2R	12260121	12269360	1	1
3R	23574106	23574303	1	1
X	938467	939247	1	1
X	11823331	11830813	1	1
2L	5174260	5174584	1	1
3L	19991943	19997367	1	1
X	20404906	20411563	1	1
3R	23982750	23982970	1	1
2R	20745905	20746006	1	1
3R	5652853	5653142	-1	1
2R	6695832	6695892	-1	1
3R	5468855	5469400	1	1
3L	24028724	24030755	-1	1
X	16459478	16460922	-1	1
X	10278023	10278092	-1	1
X	22495978	22496042	-1	1
3R	24162392	24162452	1	1
3L	3818921	3828388	1	1
3R	9760479	9761138	1	1
X	17658253	17660989	-1	1
2R	16865330	16865394	-1	1
3R	5596940	5597179	-1	1
3L	8555972	8561359	1	1
3R	22792001	22792387	1	1
3L	3238073	3238612	-1	1
2R	13865496	13865757	-1	1
2L	21727574	21728028	1	1
2L	1844386	1858378	1	1
X	22503741	22505034	1	1
X	22505107	22505157	1	1
X	13261972	13262035	1	1
2L	8363885	8363960	-1	1
X	13077715	13078420	1	1
2R	15425409	15426029	1	1
X	6367637	6367984	1	1
2L	9788371	9788783	-1	1
X	21625264	21625388	-1	1
3L	267388	268220	1	1
2L	10374324	10374641	-1	1
4	448904	631122	1	1
3R	16455181	16455485	1	1
3R	16455526	16455599	1	1
2R	23708488	23708635	1	1
2R	22872136	22872230	1	1
2R	8902833	8904446	1	1
X	7089392	7091782	-1	1
3L	17066841	17147450	-1	1
2R	18544172	18548847	1	1
3L	7853528	7853634	-1	1
2L	2144367	2144457	-1	1
X	9105958	9106225	1	1
X	21300436	21305530	1	1
X	12832341	12886601	-1	1
3L	2557077	2557136	-1	1
X	1646216	1646743	1	1
2L	18501438	18503813	-1	1
3R	30206722	30208135	-1	1
4	316864	319869	1	1
3L	17466005	17466554	1	1
X	13613262	13616158	-1	1
2R	18688380	18692041	1	1
3L	11136275	11163749	1	1
3R	30208174	30208624	-1	1
3R	30208658	30208917	-1	1
3R	27563835	27564098	-1	1
2L	9814233	9823291	-1	1
X	13967807	13985818	-1	1
3L	23102360	23103023	1	1
3L	7123022	7123143	1	1
2R	6752989	6753227	1	1
2R	16765190	16765833	-1	1
3R	18355934	18356596	-1	1
2R	24122164	24123138	1	1
mitochondrion_genome	5967	13099	-1	1
2R	25254046	25254493	1	1
2R	19238315	19238382	-1	1
2R	19238435	19241216	-1	1
X	7608857	7608982	1	1
X	1474015	1474795	-1	1
3R	5593680	5594396	1	1
2L	3807717	3808163	1	1
3R	30593636	30593705	-1	1
X	11719901	11836339	1	1
2R	17008529	17010053	-1	1
2L	9772676	9794028	-1	1
X	3100993	3105148	1	1
3R	7066298	7066924	-1	1
3L	22833800	22841184	-1	1
2R	11758612	11759198	1	1
3L	13465776	13466196	-1	1
3L	15813627	15815936	1	1
3R	21366762	21366974	1	1
2L	13909029	13909093	1	1
3L	3114818	3115303	-1	1
2L	13300740	13300801	1	1
3R	5258122	5266753	1	1
X	13384388	13384439	-1	1
3R	8767795	8768099	-1	1
3R	9760491	9760996	1	1
X	10191736	10192772	1	1
3R	30447349	30447412	-1	1
3L	13638566	13783421	-1	1
2L	2407717	2410529	1	1
4	218381	218446	-1	1
2R	8904085	8904550	1	1
X	7965860	7967666	-1	1
X	7608982	7609220	1	1
2R	2169128	2183889	1	1
3L	5666037	5667822	1	1
X	1778311	1778503	1	1
2L	2327553	2328022	1	1
2R	24700537	24700605	-1	1
3L	15095186	15095274	1	1
2R	6625312	6626250	-1	1
3R	27562985	27563513	-1	1
4	456744	457855	1	1
2R	13555328	13637904	1	1
3L	19979589	19979657	1	1
3R	10105725	10105790	-1	1
2R	10107641	10109382	1	1
3L	9699119	9699346	1	1
3R	11399379	11399713	1	1
2R	8903226	8904588	1	1
X	23003881	23004027	-1	1
X	12019326	12019628	-1	1
3R	26473105	26474182	-1	1
X	17639215	17639555	-1	1
X	6277156	6277384	-1	1
3R	18698335	18698387	-1	1
3R	15072260	15076130	-1	1
4	184615	184670	-1	1
2L	5170651	5174317	1	1
2L	3024087	3024143	1	1
X	7916146	7916211	-1	1
3L	9801803	9801875	-1	1
X	3171172	3293008	1	1
3R	4732950	4733925	-1	1
3L	1658150	1659923	-1	1
3R	18976926	18977345	1	1
2R	16586505	16588996	1	1
X	8231542	8235078	1	1
3L	5155867	5156191	-1	1
3L	12746831	12747011	-1	1
3R	26855350	26855542	-1	1
X	8758430	8758709	1	1
3R	13224803	13228408	-1	1
3R	5083889	5086262	-1	1
3L	21036768	21041937	1	1
X	15929403	15929472	-1	1
3L	16403179	16403957	-1	1
3L	269572	270150	1	1
2R	16556557	16556619	1	1
3L	8937126	8942658	-1	1
3R	23778208	23778287	-1	1
3R	17541591	17541667	1	1
2L	15075738	15094704	1	1
3L	3814068	3901445	-1	1
3L	25823055	25836982	-1	1
3R	15265691	15265927	-1	1
3R	7863208	7864261	-1	1
2R	15307155	15309196	-1	1
3L	20005490	20006519	1	1
3L	7858782	7868922	1	1
3L	14032644	14032733	1	1
4	1038499	1040349	-1	1
3R	9678649	9678720	1	1
X	577268	577991	1	1
3R	18248376	18250227	1	1
2L	9125941	9126770	1	1
2R	6792622	6796906	-1	1
3R	16573431	16573533	-1	1
3L	19897861	19908852	-1	1
3R	30361200	30361801	1	1
3R	20959381	20960560	1	1
3L	12851154	12852430	1	1
3R	1694147	1699940	1	1
2L	20211151	20218927	-1	1
X	12832147	12878744	-1	1
2R	19437582	19437966	1	1
2L	16168455	16169487	1	1
3R	13373327	13373843	-1	1
3L	19021908	19022889	-1	1
2R	16178900	16184464	1	1
2R	2909543	2912580	-1	1
2L	1012580	1015993	-1	1
3L	5219286	5271340	-1	1
2R	2816557	2819009	1	1
3R	5539794	5539914	-1	1
3R	9475382	9475534	-1	1
3R	26645379	26654678	-1	1
X	16474642	16475628	-1	1
X	13986915	13988545	-1	1
3R	15322032	15322647	1	1
X	16469081	16470871	-1	1
3R	21308525	21309637	1	1
2L	5079575	5092875	1	1
3L	10593051	10593782	1	1
2R	10100129	10104075	1	1
X	6742035	6742102	-1	1
X	9878697	9878820	1	1
2R	11594711	11615402	-1	1
3R	8819264	8819856	-1	1
2R	1134644	1150475	1	1
X	11932740	11935111	-1	1
2L	2772501	2793852	-1	1
3L	655894	655948	1	1
X	13869706	13870320	1	1
3R	25713962	25722416	-1	1
X	58549	66687	1	1
2L	12695163	12696267	1	1
3L	20169064	20184837	-1	1
2R	14596987	14597045	-1	1
3L	5361626	5361695	1	1
3R	18515344	18528368	-1	1
3R	19237586	19237642	-1	1
X	134565	134634	1	1
3L	1545104	1545170	-1	1
2L	17586817	17588150	-1	1
3L	4584152	4585778	1	1
X	10981776	10982114	-1	1
2L	7477126	7477182	-1	1
mitochondrion_genome	12918	13381	-1	1
3L	17246033	17263838	1	1
2L	21380362	21381007	1	1
3L	18990392	18990815	-1	1
3R	17885050	17915007	-1	1
3L	20476814	20484355	1	1
3R	21299441	21300362	1	1
3R	13390296	13391865	-1	1
X	8353962	8366789	-1	1
2L	18320731	18333385	1	1
X	4698667	4700993	1	1
X	12711213	12711379	-1	1
2R	19443099	19443313	-1	1
3R	24159329	24159466	-1	1
3R	20974084	20974501	1	1
3R	18408441	18408619	-1	1
2R	15732969	15735091	1	1
3L	5261657	5272429	-1	1
2L	7034913	7035075	1	1
3R	6560499	6560870	-1	1
3L	19608922	19608981	-1	1
3L	10659721	10660783	-1	1
2R	7735061	7735377	-1	1
2L	8174699	8174932	1	1
X	3481345	3482254	-1	1
3R	10585553	10590204	-1	1
2R	18708658	18710349	-1	1
2R	16206080	16221123	-1	1
2R	16221150	16221670	-1	1
3R	21819767	21820647	-1	1
3R	17909507	17915010	-1	1
3L	21272438	21272499	1	1
3L	3217894	3217946	-1	1
3R	26041902	26042995	1	1
3L	9961871	9966492	1	1
4	680595	685222	1	1
2L	23512802	23512858	1	1
3R	24790035	24790127	1	1
X	11817650	11831259	1	1
2R	20620751	20620817	1	1
X	13746683	13751989	-1	1
X	13752028	13754830	-1	1
X	1872907	1872973	-1	1
2L	7098437	7100039	-1	1
X	14591089	14602462	-1	1
3R	23814916	23814969	-1	1
3R	14367500	14369849	-1	1
3R	10190895	10193860	1	1
3R	30448988	30449046	-1	1
2R	23899681	23899744	1	1
3R	13263907	13263967	-1	1
2L	8088371	8089394	1	1
3R	28319462	28320737	-1	1
3R	12692708	12692770	1	1
3R	13122341	13122512	-1	1
X	10255469	10256108	-1	1
X	6786813	6787096	-1	1
3R	7192655	7192721	1	1
2R	21969605	21970169	1	1
3R	26671224	26680893	-1	1
X	12652350	12652415	1	1
X	18161273	18170268	1	1
2R	19463848	19467658	1	1
X	5627798	5628291	-1	1
X	17934382	17937494	-1	1
2L	10137560	10180107	-1	1
2R	16925285	16925705	1	1
X	12632982	12633913	-1	1
2R	9450654	9463257	1	1
3R	18929738	18931144	1	1
3R	21308662	21308940	1	1
X	9181290	9188307	1	1
3R	26877170	26877542	-1	1
3R	11215625	11215693	1	1
X	5389209	5389523	1	1
2L	5176390	5177363	1	1
X	7609074	7614575	1	1
2R	16765528	16765833	-1	1
3R	10264715	10264765	1	1
3L	17401238	17401294	-1	1
X	6226070	6234878	1	1
X	18408860	18409050	-1	1
X	4935535	4936158	-1	1
X	19869261	19869674	1	1
2L	20917121	20918874	-1	1
2R	22797108	22797820	-1	1
3R	20965268	20974671	1	1
3L	6949687	6950129	-1	1
4	1038661	1043331	-1	1
X	15138825	15139277	-1	1
2L	2960987	2961218	-1	1
2R	14596722	14596782	-1	1
X	9228954	9229047	-1	1
3L	1666368	1666554	-1	1
3R	21302378	21302743	1	1
2R	18146134	18146741	1	1
2R	18146057	18146796	1	1
3R	11755672	11755735	-1	1
3R	13656961	13658913	-1	1
3L	1667736	1667809	1	1
3L	16530657	16543165	-1	1
2R	24121475	24121533	1	1
4	957022	957095	-1	1
3L	4554693	4554751	-1	1
2L	475861	476073	1	1
3L	13047469	13047542	1	1
3R	23983898	23984478	1	1
3L	13867460	13868055	-1	1
3L	12795089	12795163	1	1
3L	17646322	17646381	-1	1
2L	3806770	3808895	1	1
3L	8463238	8463301	1	1
2R	11757975	11759198	1	1
3L	4091608	4092420	1	1
X	12638174	12638344	1	1
X	11368746	11368891	1	1
2L	9968195	9968410	1	1
3L	12376116	12376437	-1	1
X	12128609	12147362	1	1
2R	18175528	18179871	-1	1
X	3100752	3107957	1	1
2R	10736996	10737060	-1	1
2L	5079575	5093445	-1	1
2R	3066627	3066677	1	1
2L	3025623	3025689	1	1
2R	24696643	24697166	-1	1
4	464589	466521	-1	1
3L	22792556	22833369	-1	1
2L	19732677	19732745	-1	1
2R	19530475	19628723	-1	1
3L	8602854	8602915	-1	1
3R	20948864	20960635	1	1
3R	4282310	4282674	1	1
2R	6813754	6815060	1	1
3R	20553057	20553127	-1	1
3R	15198921	15202861	1	1
2L	18972548	18972602	-1	1
2R	24763661	24765585	-1	1
2L	6926213	6930782	1	1
X	7608497	7609336	1	1
3L	2599381	2599436	1	1
3L	2599502	2599688	1	1
3L	13867460	13869310	-1	1
X	8090148	8091925	-1	1
3R	27561720	27562906	-1	1
2R	22799270	22799896	1	1
3R	28179718	28255563	1	1
X	12947126	12948454	1	1
3L	17048372	17061655	-1	1
2R	10438493	10439375	1	1
2R	16635861	16637803	-1	1
X	19327350	19327631	-1	1
2R	13226640	13226700	1	1
3R	4957342	4957501	-1	1
X	9343785	9347070	-1	1
2R	16924822	16926324	1	1
2L	19652623	19674005	1	1
3R	21307005	21308395	1	1
X	15353383	15354227	-1	1
2R	12753817	12753891	-1	1
3L	6951976	6952494	-1	1
2R	19664667	19665525	-1	1
2R	18145496	18145747	1	1
X	20509499	20510519	-1	1
2L	17747112	17751845	-1	1
3L	4251841	4254128	-1	1
2L	3148738	3148804	-1	1
3R	11372318	11375913	1	1
3R	31216360	31216656	-1	1
3R	30884651	30884720	-1	1
3R	8394362	8394477	-1	1
mitochondrion_genome	7617	7755	-1	1
X	15989303	15989377	-1	1
X	2737414	2737470	-1	1
3R	26867070	26868551	1	1
X	15805469	15805539	1	1
2L	11800924	11803538	-1	1
3R	23808544	23814068	-1	1
3R	13224734	13228333	-1	1
X	5904139	5909607	1	1
2R	6981910	6981969	-1	1
mitochondrion_genome	4620	15480	1	1
2R	11279509	11279563	-1	1
X	3688265	3692953	1	1
3L	25890567	25924296	-1	1
3R	23759904	23760023	-1	1
2L	16973698	16973751	1	1
3R	23033730	23033797	-1	1
3L	19996781	19996850	1	1
2L	203892	203993	1	1
X	4365408	4478725	1	1
2L	9877570	9877637	-1	1
Y	132538	200758	1	1
2L	9489436	9491506	-1	1
3R	24187151	24187220	1	1
X	7089390	7091780	-1	1
3L	11776268	11776330	-1	1
4	1180551	1181048	-1	1
X	11703711	11704259	1	1
2L	11247781	11249978	1	1
2R	9999916	10000825	-1	1
3R	15957737	16133070	1	1
3L	23686440	23689485	1	1
3R	20540455	20540523	-1	1
3L	5664262	5664874	1	1
3R	5335061	5345074	-1	1
X	11360536	11360671	1	1
2R	9286349	9286415	-1	1
3L	1661396	1661557	-1	1
X	4699544	4753541	1	1
4	320039	328162	-1	1
3L	1655842	1656190	-1	1
2R	1343986	1344058	-1	1
3L	5272782	5272922	-1	1
2L	20576275	20583686	1	1
2R	23974777	23974842	1	1
2L	18122231	18122352	1	1
3R	27696641	27698503	-1	1
2L	2772654	2779179	-1	1
3L	7913998	7914061	-1	1
2R	8963226	8963426	-1	1
3R	4638840	4639018	-1	1
3L	4796819	4800499	-1	1
3R	3041897	3126383	-1	1
2R	13688343	13696556	1	1
X	3911867	3929567	-1	1
2R	19462091	19463218	1	1
X	13019564	13019923	1	1
2L	3374066	3374121	-1	1
3L	8307430	8307644	-1	1
X	11931923	11933547	-1	1
2L	6483625	6483760	1	1
2L	21381718	21381806	1	1
3L	2724743	2728420	-1	1
3L	9105466	9107794	-1	1
3L	8827636	8890848	1	1
3R	19485273	19485609	1	1
X	12737413	12757856	-1	1
2R	15932453	15932529	-1	1
3L	9091811	9091862	1	1
3R	23983688	23984362	1	1
3L	21059036	21097601	-1	1
2L	5166766	5176909	1	1
4	249721	251337	-1	1
3R	31969786	31979523	-1	1
X	13383403	13384300	-1	1
3R	10049497	10049661	-1	1
3R	18976285	18977750	1	1
2R	4902224	4902978	-1	1
3L	5540560	5540620	-1	1
X	3340036	3357737	1	1
X	9163389	9165712	1	1
3L	24927803	24928605	1	1
3R	7903372	7903550	-1	1
3R	13373192	13373853	-1	1
3L	1641267	1641700	-1	1
2R	13491594	13491655	-1	1
3L	13487008	13487563	1	1
3R	2143714	2190317	1	1
3R	18199375	18199540	-1	1
3R	10585695	10613603	-1	1
3R	21299441	21302668	1	1
3R	15961358	15962137	1	1
3L	11488295	11496949	1	1
2R	19468139	19468790	1	1
3R	10089270	10197698	1	1
3R	7064338	7065474	-1	1
3R	9558000	9559226	-1	1
2R	18445500	18445552	-1	1
X	14692456	14693007	-1	1
3R	17899760	17900773	-1	1
3R	29234485	29235107	1	1
X	5248502	5250975	1	1
3R	11393937	11394976	1	1
3R	23983961	23984306	1	1
3R	9784246	9784341	-1	1
3R	26269487	26269565	1	1
3L	17067195	17236018	-1	1
2L	13384795	13384987	1	1
3L	14221501	14225273	1	1
3R	5414660	5416470	1	1
X	10872040	10877415	1	1
2L	4854729	4865148	-1	1
2L	20082984	20084699	-1	1
3L	18922520	18923108	-1	1
3R	24819931	24820625	1	1
4	871114	871315	-1	1
3R	17707990	17708054	-1	1
3L	1661157	1664619	-1	1
2R	950233	982620	1	1
3L	2957546	2959057	1	1
3R	29740968	29741029	-1	1
X	11369848	11373817	1	1
X	10779438	10781397	-1	1
2L	20661149	20661990	-1	1
3R	7974633	7976908	-1	1
X	6671975	6677263	-1	1
X	5165472	5176660	1	1
3R	21304163	21304528	1	1
3R	21309428	21309706	1	1
3R	12683242	12683315	-1	1
2R	18496906	18497705	1	1
2L	9797002	9870479	-1	1
3L	23038372	23070407	1	1
3R	4454180	4454243	1	1
X	12128632	12139919	1	1
X	18861764	18861826	-1	1
2R	16341105	16366617	1	1
3R	5486885	5487051	1	1
2L	11803899	11808014	-1	1
2L	9764569	9765198	1	1
3L	3370651	3372198	-1	1
3L	9097975	9099355	-1	1
X	10977837	10983697	-1	1
2L	1012424	1013379	-1	1
X	12908272	12908936	-1	1
3L	4379688	4380287	-1	1
3L	7809767	7813026	-1	1
3L	24210139	24253793	-1	1
3R	9336720	9336779	1	1
3L	738013	750180	1	1
2R	24092539	24092605	-1	1
2L	20648249	20648785	1	1
4	308645	310113	1	1
3R	21302378	21303573	1	1
3L	5664882	5664964	1	1
X	18640411	18647190	-1	1
3L	3073339	3088595	1	1
X	7672831	7675472	1	1
2R	13580540	13580833	-1	1
3R	20975255	20976215	1	1
2R	7743856	7758023	-1	1
2L	6681773	6681938	-1	1
2L	1012431	1013387	-1	1
2L	15644644	15647160	-1	1
Y	132460	200767	1	1
3R	15962542	15963294	-1	1
2R	7833487	7833647	1	1
2R	4561060	4561531	1	1
X	16461807	16462123	-1	1
3L	18944684	18945381	-1	1
2L	2989669	2990446	-1	1
3L	4637755	4642677	-1	1
3L	2963231	2963296	1	1
3R	28238442	28240235	1	1
3R	15956905	15957651	1	1
3L	4189790	4190283	1	1
X	1467944	1482697	1	1
3R	31599013	31599108	-1	1
3L	3908532	3909004	-1	1
4	806739	806806	-1	1
2L	4875967	4876678	1	1
X	18781640	18786347	-1	1
X	19327346	19327544	-1	1
3L	7758622	7758720	1	1
X	10255459	10255832	-1	1
2R	18757389	18757444	-1	1
X	12945954	12949365	1	1
mitochondrion_genome	12943	13032	-1	1
2R	16612574	16618804	1	1
X	13926707	13933997	-1	1
X	15860323	15861116	1	1
2R	6503689	6546300	1	1
4	1060660	1060741	-1	1
2R	24770516	24770578	-1	1
3R	27645695	27646041	-1	1
3L	5424166	5429163	1	1
4	1280094	1280156	1	1
3R	8025070	8026777	1	1
3L	17044951	17045006	-1	1
2R	14276843	14277026	1	1
X	11429921	11465924	1	1
X	5071112	5071600	-1	1
3R	17504184	17505593	-1	1
2R	24608518	24608577	1	1
3L	20799252	20799835	1	1
3L	3149570	3149628	1	1
3L	14749861	14751363	-1	1
2L	19115855	19116310	1	1
2R	22606599	22606917	1	1
X	4698663	4701374	1	1
2R	1072036	1072251	1	1
3L	5807077	5807134	-1	1
3L	8437871	8450886	-1	1
X	3955207	3955306	1	1
4	1050610	1056836	-1	1
3R	22609084	22609146	-1	1
3R	23233710	23233808	-1	1
2R	22535806	22535870	-1	1
2R	8271779	8271837	-1	1
2R	7566111	7566677	-1	1
3R	5172459	5173086	-1	1
3L	9150861	9177357	-1	1
X	15947765	15948067	-1	1
X	17932687	17934483	-1	1
3L	4582326	4582475	1	1
X	16956418	16956502	-1	1
2R	23836894	23837250	1	1
2R	17536580	17536696	1	1
2L	10403155	10403222	-1	1
X	13506231	13518274	1	1
3L	9146028	9177452	-1	1
2R	10101098	10108628	1	1
4	780233	781630	-1	1
2R	16760715	16761406	-1	1
3R	5607788	5612727	-1	1
3R	30877716	30878240	-1	1
3R	21308975	21309531	1	1
3R	4297968	4301398	1	1
2L	21707929	21710234	1	1
3L	4679532	4680211	-1	1
2R	16170077	16170137	-1	1
3L	17065347	17147642	-1	1
3L	4431132	4433167	1	1
X	11817796	11836320	1	1
2R	6935526	6935757	-1	1
3L	9966166	9966307	1	1
2R	23910180	23911391	1	1
X	3482114	3482232	-1	1
2L	9549002	9556196	-1	1
2R	12274232	12276965	1	1
3L	7827288	7827676	-1	1
3L	13521975	13524752	-1	1
X	5385677	5388510	1	1
2R	17016450	17018366	-1	1
2L	18200938	18201288	-1	1
2R	16925038	16926358	1	1
2R	23975878	23976604	-1	1
3L	19585220	19585447	-1	1
3R	693224	708726	1	1
3R	11332608	11335468	1	1
mitochondrion_genome	13007	13439	-1	1
X	4121931	4122064	1	1
X	12769825	12769915	1	1
X	11793519	11793798	-1	1
3L	637827	638675	1	1
2R	12275444	12276403	1	1
X	7285783	7286068	-1	1
3R	19856903	19856960	-1	1
X	9177461	9214289	1	1
X	11430743	11465319	-1	1
X	762986	764289	-1	1
3L	23094766	23094924	-1	1
X	2952366	2953670	-1	1
2L	5042891	5042984	-1	1
2L	12455853	12456857	-1	1
X	3689483	3692953	1	1
X	3692998	3701157	1	1
3R	4751077	4774908	1	1
3R	18390891	18390962	-1	1
3R	13971103	14026878	-1	1
2R	14768371	14769278	1	1
2R	22770305	22797314	-1	1
X	3674095	3726690	1	1
3R	10613744	10613805	-1	1
X	15734344	15735541	1	1
X	12272445	12272542	1	1
2R	17795433	17797054	1	1
X	2115127	2115311	1	1
X	6868694	6876169	1	1
2L	5996532	5998552	-1	1
2R	24053320	24053374	-1	1
3R	21309673	21310107	1	1
4	193718	193825	-1	1
3L	4090411	4091150	1	1
3L	7652135	7653376	-1	1
X	19178248	19179000	-1	1
3R	7269762	7270615	1	1
X	5627807	5648162	-1	1
X	16527784	16533059	-1	1
3L	7312231	7312708	-1	1
4	1018906	1019448	-1	1
3R	5254920	5254974	1	1
X	16064110	16065402	1	1
3R	11329284	11371369	1	1
2R	18168863	18171238	-1	1
3R	7544179	7544927	1	1
2R	10462438	10599731	1	1
X	15954854	15957060	1	1
3R	11396170	11402807	1	1
X	12863733	12883573	-1	1
2L	16168613	16169518	1	1
3L	4937840	4938644	-1	1
3R	9331257	9331320	-1	1
3R	30517067	30517277	-1	1
3R	4959759	4959904	-1	1
2L	21633916	21634420	1	1
3R	21785973	21788045	-1	1
3L	27420811	27441599	1	1
3R	25603145	25604928	1	1
2R	21293266	21293321	-1	1
2L	1010622	1013466	-1	1
3L	13539102	13541489	-1	1
2L	2772641	2779174	-1	1
X	9152804	9153313	-1	1
3R	13012020	13015108	1	1
2R	15996099	15996167	-1	1
3L	10506241	10517705	1	1
X	3481375	3482026	-1	1
4	304099	333244	-1	1
4	123423	123785	1	1
3L	23128385	23130395	1	1
3R	26648778	26648905	-1	1
3R	30385628	30385912	-1	1
3R	17729532	17729612	1	1
3R	9549811	9551766	-1	1
2L	4853017	4854104	1	1
3L	20023640	20024156	1	1
3L	10332511	10333596	1	1
X	8131003	8131530	1	1
3R	23983795	23984428	1	1
3R	22409649	22409712	-1	1
3R	31590146	31591999	1	1
2L	18845922	18852954	1	1
3R	11994268	11994514	-1	1
X	7957062	7968047	-1	1
2L	15646653	15647160	-1	1
X	10357361	10357655	-1	1
X	17934503	17937329	-1	1
2R	8855584	8855733	1	1
2L	9714378	9743373	-1	1
2L	9069261	9070832	-1	1
2R	16292725	16292783	-1	1
3L	218196	218283	1	1
3L	14761553	14761640	-1	1
2R	15323566	15323845	1	1
X	577068	577938	1	1
X	2022672	2024715	1	1
4	993214	1004784	1	1
mitochondrion_genome	3450	15405	1	1
3R	19459039	19459202	1	1
X	12128591	12162101	1	1
3R	30058565	30099982	1	1
2R	23677938	23678002	1	1
2R	7813967	7814399	1	1
X	9643888	9643957	-1	1
2L	4975489	4975593	-1	1
2R	23929618	23929682	-1	1
2L	12142856	12144489	1	1
X	13848828	13853141	-1	1
X	18881311	18883563	1	1
3R	12999525	13008191	1	1
2L	10813446	10816024	-1	1
4	472521	472578	1	1
3L	9153590	9159510	1	1
2R	8932227	8932291	1	1
2L	14039260	14041321	1	1
X	12608866	12608941	1	1
3R	12465813	12511079	1	1
3R	18959695	18978087	1	1
X	11718771	11718832	1	1
2R	11381892	11381955	-1	1
X	1044902	1044971	1	1
3L	10183027	10186023	-1	1
3R	30573073	30575432	1	1
3R	20780828	20783077	1	1
X	8490506	8490695	1	1
3L	8995566	8997579	1	1
3R	22410423	22410486	-1	1
3R	23114734	23114799	-1	1
2L	7429656	7429774	1	1
3R	30491570	30491626	1	1
2R	12574183	12574234	1	1
3L	9134891	9134987	1	1
X	16668321	16668385	1	1
3R	11394790	11396746	1	1
2L	2888599	2889674	1	1
X	13740988	13746465	1	1
X	5081824	5084171	-1	1
X	576814	578843	1	1
2L	4838321	4838992	1	1
2R	9586535	9586650	-1	1
2R	7535407	7535577	1	1
X	10309742	10318268	-1	1
3L	9097915	9099646	-1	1
X	15724916	15724974	1	1
X	17858398	17877692	1	1
X	16463277	16463606	-1	1
3R	4208038	4210560	1	1
X	9110918	9136879	1	1
2R	13238946	13239000	-1	1
4	958124	958314	-1	1
X	10790786	10794693	-1	1
X	4931805	4932399	-1	1
3R	5299574	5334405	-1	1
3R	30019332	30019389	-1	1
2L	4319357	4320984	1	1
3L	27420842	27420931	1	1
3R	23973076	23984827	1	1
X	517751	518294	-1	1
X	4699560	4753541	1	1
3L	17063307	17066708	-1	1
2L	3809286	3810440	1	1
2L	21678196	21679029	-1	1
3L	25798743	25843769	-1	1
3L	5135611	5135669	1	1
3L	16616299	16647272	-1	1
3L	21341516	21341575	-1	1
3R	24708880	24711360	1	1
X	19561796	19562411	-1	1
3R	27768221	27769004	-1	1
3R	27932400	27932462	1	1
X	17932146	17932306	-1	1
3L	317657	317720	1	1
2L	7811773	7814582	1	1
3R	21116143	21136952	1	1
X	15733554	15733692	-1	1
2R	12634365	12634621	-1	1
3L	13522086	13523473	-1	1
X	14581657	14581851	1	1
X	12830523	12830691	-1	1
3R	21305084	21305360	1	1
X	2371897	2372587	-1	1
2L	8338666	8340184	1	1
3R	23983914	23984283	1	1
2L	12817636	12822254	-1	1
3R	5310396	5334041	-1	1
3L	7668367	7669373	-1	1
3L	4285532	4285599	1	1
2L	13462197	13462346	1	1
3R	9342405	9359267	1	1
X	17661130	17668971	1	1
3R	18227893	18228331	1	1
3R	24521621	24522221	1	1
X	6041450	6041529	-1	1
3R	31742512	31743142	1	1
2R	17798162	17841853	1	1
3L	8939158	8940317	-1	1
2R	13899672	13900366	-1	1
2L	8136093	8136155	-1	1
2R	19027308	19028618	-1	1
2L	17799674	17801697	-1	1
3R	24002548	24003416	-1	1
2R	21394405	21398940	-1	1
2L	16168455	16169551	1	1
3L	7666177	7666294	-1	1
2L	9673891	9673990	1	1
2R	23077243	23077309	-1	1
X	18880609	18894585	1	1
3R	7822318	7836702	1	1
3R	1705353	1723995	1	1
2R	14276527	14279243	1	1
3R	24160687	24160747	-1	1
2R	15284967	15287354	-1	1
3R	17909442	17916398	-1	1
2R	12085391	12091762	-1	1
3L	9370703	9370765	-1	1
2R	15265838	15265945	-1	1
3L	7977105	7977773	1	1
3R	21297303	21298655	1	1
X	18172767	18173884	1	1
X	53969	54103	-1	1
3R	5647216	5648497	-1	1
X	1852936	1853187	1	1
3R	4588238	4596969	-1	1
3L	17074384	17235815	-1	1
X	9554929	9555090	1	1
X	2113119	2113232	1	1
3R	19239601	19239839	-1	1
X	17075431	17075953	-1	1
3L	7269238	7269308	-1	1
mitochondrion_genome	13028	13237	-1	1
2L	21318320	21318559	1	1
3L	3133339	3139751	-1	1
3R	12282250	12290209	1	1
3L	24085830	24131196	1	1
2L	19519160	19520534	1	1
3L	8467299	8470154	1	1
2L	11613204	11613532	1	1
2R	11645658	11651140	-1	1
X	5399321	5520921	1	1
X	16458355	16469943	-1	1
3R	11334908	11396054	1	1
2L	15265501	15265819	-1	1
X	21625199	21625943	-1	1
X	12651227	12651295	1	1
2R	21693660	21693718	-1	1
X	14931034	14933823	1	1
2L	9709188	9709411	-1	1
X	7284759	7285914	-1	1
2L	12728977	12729164	1	1
3L	19136789	19138878	-1	1
3L	9177969	9189200	1	1
X	5341564	5401064	1	1
3L	19136789	19138595	-1	1
3R	21308096	21308374	1	1
2R	15882713	15882794	-1	1
3R	30084894	30086311	1	1
3L	7807704	7808577	-1	1
3L	7640707	7640850	1	1
2L	5174243	5174567	1	1
X	8060766	8060973	-1	1
X	21027845	21027903	-1	1
3L	17401145	17401195	-1	1
2R	10095303	10109649	1	1
3L	27197184	27198773	1	1
3L	3717377	3742838	-1	1
X	1443070	1443400	1	1
mitochondrion_genome	12185	13054	-1	1
2L	2756447	2756871	1	1
2L	11096702	11096765	-1	1
2L	5172951	5173375	1	1
X	17072865	17072946	-1	1
3L	16616556	16621830	-1	1
X	17826341	17827053	-1	1
2R	15189424	15190212	1	1
X	15937755	15938758	-1	1
4	503233	503851	1	1
X	5250013	5250078	1	1
2R	6627008	6627450	-1	1
3L	21844641	21844836	1	1
3R	8247329	8247386	1	1
4	1278893	1295233	-1	1
3L	226257	230776	1	1
3L	21531806	21532435	-1	1
X	22667694	22668351	1	1
3L	3743773	3746305	-1	1
X	21050826	21051126	-1	1
X	3955973	3956049	-1	1
2L	10303599	10303655	-1	1
3L	9152266	9155026	-1	1
3R	19212483	19212559	1	1
3R	31975566	32015504	-1	1
2L	22534926	22534993	-1	1
3R	10155743	10155822	1	1
X	2183550	2183610	-1	1
3R	20994424	21008149	1	1
3R	9536107	9551309	-1	1
3R	16158378	16158858	1	1
2L	2324257	2327404	-1	1
3R	21355090	21375060	-1	1
2R	4239157	4242436	-1	1
3R	26129639	26130088	1	1
3L	1201992	1203481	-1	1
3R	24806620	24806686	-1	1
3L	17400439	17400527	-1	1
3L	199088	199679	-1	1
3L	8350089	8350148	1	1
3R	10582476	10584595	-1	1
3L	24990942	25094406	1	1
3R	23983698	23984362	1	1
3L	11129672	11134048	1	1
X	577138	577810	1	1
4	1288745	1288899	1	1
2R	15189231	15190176	1	1
3R	9238627	9239811	-1	1
3R	4444058	4444112	-1	1
2R	19135781	19135939	-1	1
2L	21664763	21664885	-1	1
4	1034141	1034225	1	1
2R	10472216	10472475	-1	1
3R	24946086	24946144	1	1
3L	5584705	5584759	1	1
3R	29128550	29128700	-1	1
X	5338131	5339948	-1	1
2R	18755722	18755780	1	1
X	22471288	22471349	-1	1
3L	24074570	24075147	1	1
2L	6774247	6777971	1	1
X	22413029	22413934	-1	1
2L	8128413	8129669	-1	1
3L	27280047	27387358	1	1
3R	12354131	12354195	-1	1
2R	4749514	4749565	1	1
X	7900290	7900803	1	1
3L	3828600	3842099	1	1
2L	17384840	17384973	1	1
X	5626069	5651656	-1	1
X	16453068	16575740	-1	1
2L	20875725	20876912	-1	1
2L	7710219	7710288	1	1
3R	14277655	14279054	-1	1
3R	17734375	17738682	1	1
3R	8817689	8819118	-1	1
2L	17187453	17208068	-1	1
2R	13831344	13832179	1	1
3R	18248466	18250223	1	1
3R	21305693	21306527	1	1
3L	16539692	16543165	-1	1
X	140287	199386	1	1
X	8642868	8650094	-1	1
2R	10717402	10717965	1	1
2L	6123940	6124454	1	1
2R	13216260	13216604	-1	1
3R	4788870	4788933	-1	1
2L	4459208	4459266	1	1
X	15626184	15632809	-1	1
3R	23983896	23984414	1	1
3L	2588167	2588648	1	1
3R	24585927	24590572	1	1
X	18936770	18953526	1	1
2L	2010342	2011456	1	1
3L	10898913	10899026	-1	1
X	3686973	3692953	1	1
3R	17896860	17904323	-1	1
3L	12472197	12472547	1	1
X	3258398	3305590	1	1
X	3483913	3483970	1	1
2L	20421118	20422866	1	1
X	11370206	11373817	1	1
2L	20576273	20583684	1	1
mitochondrion_genome	13009	13216	-1	1
3L	17953486	18061052	-1	1
X	13383896	13384060	-1	1
X	16823207	16823587	1	1
3L	19993323	19995374	1	1
3R	12410357	12410460	1	1
2R	19668479	19669247	-1	1
2L	16352085	16352427	-1	1
3R	12075056	12078251	-1	1
X	11293174	11293498	-1	1
2R	2864385	2866313	1	1
3L	5997531	6026018	1	1
2R	11757995	11759198	1	1
3R	2461593	2514942	1	1
2L	5204593	5205104	1	1
