chrom	donor	acceptor	strand	count
2R	12269436	12273766	1	9453
2L	21389080	21390052	1	4682
3R	11215625	11215693	-1	3671
3R	29863197	29863415	1	3610
2R	4187693	4187760	-1	3554
2L	22535064	22535617	-1	3420
3R	30206722	30208093	-1	3183
2L	10410052	10410241	1	3135
3L	23093879	23094684	-1	2984
2R	16570385	16570626	-1	2777
2L	9968248	9968317	1	2722
2L	19959692	19959751	1	2697
2R	9587707	9587777	1	2599
3R	8340090	8340428	-1	2486
3L	3221284	3221467	-1	2469
2R	12199590	12199834	-1	2439
2R	10106453	10107467	1	2433
2L	2756171	2756245	1	2380
2R	22854859	22855445	1	2323
2L	4457510	4457740	-1	2218
2L	6558592	6558939	1	2150
X	9554929	9554996	1	1983
3R	8823070	8823261	-1	1845
3L	8601843	8602103	1	1810
3L	1632455	1635186	-1	1806
2L	2753661	2756008	1	1802
3R	15955022	15955087	1	1721
3R	20822892	20823132	1	1673
3L	9510159	9510465	-1	1667
2R	7042148	7042580	1	1623
3R	14626230	14626294	1	1586
2R	19443099	19443313	1	1566
3L	268961	269097	1	1518
3R	15266371	15266433	1	1489
2L	2579427	2579483	-1	1432
2R	5603762	5603900	-1	1410
2R	24060994	24061150	1	1398
3L	17426080	17426139	1	1346
3R	26255432	26256933	-1	1308
3R	25246382	25246448	-1	1298
2L	3467063	3467133	1	1231
X	17143772	17144618	-1	1216
2L	155785	155858	1	1183
2L	5327677	5327744	1	1170
2R	24903789	24903881	-1	1160
2L	4457290	4457375	-1	1076
3L	23339681	23341457	1	1072
3R	4957224	4957290	-1	1067
X	10213772	10214099	1	1066
2R	24030844	24030970	-1	1030
2R	22607049	22607755	1	1024
2R	21293875	21294054	1	1017
2R	24062302	24062388	-1	1014
3R	15955206	15957591	1	979
2R	10897418	10897472	-1	962
3R	19412765	19415633	1	956
3L	12137779	12137838	-1	953
X	15138914	15138979	-1	951
2R	21293790	21293850	1	938
2R	24665184	24665237	1	932
4	1047391	1047453	-1	927
3L	1635238	1635301	-1	903
2L	13370565	13370624	-1	887
3L	17475595	17475651	1	886
2L	2579568	2579619	-1	871
3R	20822574	20822802	1	838
2R	1344382	1344451	-1	823
2L	8042126	8042440	-1	820
3R	9778719	9778777	1	815
2R	24047322	24047505	-1	811
3R	11339707	11370248	1	767
3R	5465732	5465800	-1	764
3R	22899611	22914951	1	754
3L	24210139	24253793	1	752
3L	19995503	19995629	1	724
3L	21539168	21539244	-1	719
2R	5604013	5604244	-1	681
3R	22372383	22372469	1	674
2L	19587087	19600858	1	673
3R	11370293	11371313	1	667
2R	10049905	10049960	1	664
3R	31935392	31935666	-1	655
2L	5327287	5327503	1	644
3L	4371905	4379421	-1	641
3R	22727492	22728843	1	628
3R	15836287	15836355	-1	621
2R	10094979	10095049	1	617
2L	5071356	5071609	1	617
3R	11335623	11339658	1	610
3R	29378025	29382956	1	603
2R	12259459	12260040	1	595
3L	22801742	22831937	-1	591
2L	14963360	14971543	-1	588
2R	21294162	21294231	1	581
2R	16326065	16326135	-1	580
3R	8819264	8819928	-1	579
X	15902333	15903790	1	576
X	17144717	17145016	-1	576
2L	15749852	15750550	-1	574
3R	22029149	22029216	1	560
2R	23386046	23386117	-1	559
3R	11591308	11591995	-1	556
4	1192653	1192706	-1	556
3L	13798506	13803062	-1	555
3R	19218032	19218159	-1	553
2L	5045926	5046147	1	550
3R	4284407	4295120	1	550
3R	23355570	23355634	-1	550
3L	13043338	13043574	1	548
2L	1612989	1613044	-1	544
2R	3933464	3938552	-1	539
2R	17867254	17867326	-1	537
2L	6061124	6061187	-1	532
2R	21025756	21025816	1	529
3R	18706107	18712425	1	523
X	10460997	10461082	1	521
3R	4295287	4295568	1	521
2L	10255015	10255078	-1	518
3R	29222482	29222546	-1	517
2R	10049645	10049753	1	511
2R	21698305	21698388	-1	508
3L	27267919	27268092	1	508
3R	5596123	5596861	-1	500
3L	13664875	13666386	-1	499
3L	1660858	1661109	-1	497
3L	18869812	18869877	1	494
3L	21575611	21575670	1	493
X	1410122	1413418	1	492
3L	24161180	24210021	1	491
3L	25120986	25121044	1	480
2R	4187880	4187946	-1	480
2L	11803899	11806048	-1	479
2L	21388843	21388914	1	470
X	628687	628751	-1	468
X	5794143	5794204	1	463
2L	11803675	11803785	-1	459
2L	23312655	23312719	-1	457
2L	5099674	5099737	-1	457
2R	926683	926735	-1	457
2L	5985221	5985339	1	455
3R	11592013	11592367	-1	455
2R	24905190	24905247	1	454
3L	1661166	1661227	-1	451
4	281893	281948	-1	450
4	247229	249557	-1	450
X	15084266	15084353	-1	450
X	17633109	17633263	1	441
2R	24903590	24903698	-1	440
2R	16764375	16765328	-1	439
4	1124894	1124950	1	422
2R	16994354	16994411	1	421
2L	19008544	19008949	-1	420
2L	3145250	3145305	-1	417
4	249736	249790	-1	416
X	15848005	15848886	-1	414
3L	8307381	8307794	-1	411
3R	13133094	13154368	-1	408
X	12832341	12868228	-1	405
3L	15162134	15162257	1	398
2L	10247774	10247852	-1	398
2R	24665030	24665093	1	396
X	8925697	8999380	1	391
3L	24079559	24131196	1	388
4	354562	354680	-1	385
2R	21658481	21658540	1	371
2L	8107439	8107748	1	369
2R	13159104	13159534	1	368
X	7935440	7935499	1	365
3R	5466028	5466153	-1	363
3L	17425518	17425579	1	362
3R	31935776	31936690	-1	361
2R	18614425	18614482	-1	358
3L	2373068	2373129	-1	357
2R	1515837	1515890	-1	356
2R	13158847	13159017	1	356
X	5673135	5673217	1	353
2R	23924756	23924818	1	349
4	85934	87017	1	348
2L	7831660	7831734	1	348
3L	24131238	24161131	1	339
3L	22801742	22824041	-1	336
3R	3750540	3752167	1	334
2R	14623979	14624157	1	333
3L	23339370	23339430	1	331
2R	12264918	12269193	1	331
3L	13016519	13016587	1	331
3R	19643679	19643738	-1	330
X	10258965	10259191	-1	329
X	1411979	1413418	1	327
3R	14315151	14315360	1	326
3L	10693507	10693706	-1	326
3L	24258637	24297681	1	323
3R	25682292	25682356	1	322
2R	14623732	14623920	1	321
3R	9234665	9236810	-1	318
3L	17066841	17067137	-1	313
4	1006010	1006066	1	310
3L	9429115	9429174	-1	310
4	1230119	1230306	-1	309
3L	12143686	12143745	-1	305
X	13383624	13384300	-1	305
3R	29149507	29149569	1	303
2R	24065111	24065183	1	301
X	19492998	19493057	1	299
3R	23759924	23759985	-1	297
4	1141368	1143449	-1	296
X	12776799	12776869	-1	294
2R	19067541	19089854	1	293
X	15176000	15177693	1	291
3R	19731280	19752529	1	290
3L	16671843	16672454	-1	290
X	12020139	12020535	1	289
3L	19924208	19924292	1	289
3R	19094586	19094642	-1	284
3L	7372520	7372581	1	284
2L	8322242	8322309	-1	280
3L	17425641	17425910	1	280
3R	4282835	4284226	1	280
2R	21690475	21690638	-1	278
3L	2541404	2554058	-1	277
X	6275171	6276228	-1	276
3L	5668885	5668964	1	276
2R	23880355	23880431	1	273
X	14582356	14582499	-1	273
2R	14172684	14172747	1	273
2R	22801371	22801483	1	273
2R	18523042	18523194	1	271
2L	3145449	3145528	-1	270
2L	2787169	2792195	-1	270
4	1195791	1195842	-1	270
4	1129731	1130025	1	270
2R	10897588	10897664	-1	266
4	1047576	1047635	-1	265
3L	1331171	1331280	1	264
X	10255591	10256112	-1	261
3R	8822667	8822724	1	261
X	10460849	10460920	1	261
3R	9446498	9447629	1	260
2R	24061993	24062198	-1	260
X	11703449	11703509	1	260
3R	9487204	9493396	-1	259
3R	18929565	18931144	1	257
4	1192771	1193560	-1	254
2L	11225885	11235275	1	252
X	11091858	11091921	1	248
X	16286613	16286676	1	248
X	15989477	15989854	-1	246
X	6677576	6677652	-1	246
3R	19029948	19030009	1	244
3L	25933411	25961360	-1	242
3L	17475136	17475410	1	242
X	15902118	15902190	1	238
X	13746849	13750316	-1	238
3L	1330965	1331280	1	236
3L	23339477	23339534	1	236
3R	21807735	21808617	-1	235
2R	4516320	4516378	-1	233
X	1876912	1876969	-1	232
2R	14234207	14234268	-1	232
X	20917474	20923298	-1	232
2L	10342234	10342289	1	231
2R	8951893	8952002	1	231
X	6772724	6772787	1	231
4	280240	280325	-1	230
2L	2856569	2856631	1	228
3R	3623706	3626910	1	228
3L	1577132	1592744	1	227
X	5671017	5671081	-1	227
2R	24559133	24559455	-1	226
3L	9108074	9108132	-1	225
3L	24253922	24258492	1	225
3R	9515020	9515073	-1	224
2R	24059134	24059196	1	217
2R	18168139	18168208	1	216
4	310018	310079	1	215
2L	16001255	16013953	1	215
X	18813799	18819776	1	215
4	282029	282436	-1	214
X	4700450	4700741	1	213
4	442390	442864	-1	211
2R	18522721	18522973	1	211
2L	4944417	4944475	-1	209
2R	16016265	16016331	-1	209
2L	19514860	19514931	-1	209
3L	24074311	24079465	1	208
2L	5520701	5521136	1	208
2L	10264890	10264947	1	207
X	15849017	15849136	-1	207
4	1045249	1047264	-1	207
3L	12137945	12138016	-1	205
2R	14624221	14624403	1	205
X	8330142	8365490	-1	203
2L	2787163	2792195	-1	203
3L	9684459	9684522	-1	202
3R	25040149	25040212	1	202
3R	16503172	16512964	1	201
X	9163291	9165682	1	199
4	154966	155027	-1	199
X	20491395	20509366	-1	198
3R	5553046	5553271	-1	196
3R	6659181	6659242	1	195
X	14837754	14837814	-1	194
2R	16326274	16326333	-1	194
3R	17073568	17073628	1	194
X	11435482	11435549	-1	193
2R	24044751	24044814	-1	193
3R	7889439	7889509	-1	192
3L	13787057	13798024	-1	192
X	18169785	18169989	1	191
2L	12057148	12057215	1	191
3R	18668803	18668872	1	191
3L	20315304	20315398	1	191
3L	23748717	23748772	1	189
3L	18869647	18869707	1	189
2R	4727954	4728009	-1	189
3L	25120819	25120894	1	189
4	85800	85853	1	188
3L	20771609	20771668	1	188
2L	2856176	2856247	1	188
2R	3190805	3190861	1	187
2L	159820	160009	1	187
3L	3717408	3718196	-1	186
2L	20093247	20093318	-1	186
2R	11653084	11678206	-1	185
X	2008069	2008129	-1	183
X	22995915	23004612	-1	182
2R	9793406	9806459	-1	182
X	4332841	4349004	1	182
2R	16196573	16196692	1	178
X	10255591	10257668	-1	178
3R	17915165	17916139	-1	178
2R	9135706	9135765	-1	177
2R	14215703	14215951	-1	176
2R	14623470	14623687	1	176
2R	9096736	9096926	1	176
3R	30807668	30807734	1	175
2L	2856306	2856377	1	175
X	13784277	13785707	1	175
2R	4547055	4560361	1	172
X	1468383	1468447	1	171
3L	3894115	3894169	1	171
2L	4459208	4459266	-1	170
3L	12746831	12746898	-1	170
3R	5335061	5349468	-1	169
3L	16672545	16673057	-1	169
3R	25516350	25519261	1	168
3R	10044755	10044813	-1	168
X	10765536	10765605	-1	167
3L	16405171	16405326	-1	167
3R	26257133	26257225	-1	166
3R	13636305	13636366	-1	166
3R	17909656	17914954	-1	165
3L	22833800	22835169	-1	165
X	6605280	6630705	1	164
2R	24875273	24875338	-1	164
2R	10049900	10049960	1	163
4	1057573	1057633	-1	163
3R	25246668	25247433	-1	163
2L	21627758	21627842	-1	163
2L	4975101	4975153	1	162
3L	17620358	17620419	-1	162
3L	17067379	17067993	-1	161
2R	21511969	21512093	1	160
2R	23866386	23866440	1	160
2R	4727735	4727794	-1	159
4	251526	252055	-1	158
X	9159849	9159907	-1	158
X	6511179	6523732	-1	157
3R	16436299	16436361	-1	157
3L	3223928	3224314	1	157
2R	18155343	18155405	-1	157
2L	5519157	5519212	-1	157
2R	14234343	14234443	-1	155
X	11571109	11571169	1	154
2R	20264433	20264493	1	154
2R	9096439	9096671	1	154
3L	1876782	1876848	-1	154
3L	23094847	23094906	-1	153
2L	15750652	15750722	-1	152
2R	13580558	13580857	-1	152
3L	21517791	21517846	1	151
3L	17849017	17849080	1	151
3L	13017350	13017404	-1	151
3L	12137296	12137353	1	150
2R	24905382	24905437	1	150
3L	9141509	9141787	1	149
3R	18248152	18248215	1	148
X	4691845	4698297	1	148
2L	9889770	9889877	1	147
2R	21650793	21652437	1	147
2R	4408033	4427936	-1	146
2R	17572524	17572652	-1	146
X	6672180	6672262	-1	146
2R	20672270	20672340	1	146
2L	10266314	10266380	1	146
3R	30180652	30180802	1	145
4	1124699	1124768	1	145
2L	19600932	19611304	1	144
3L	4255731	4255800	1	144
2L	1651713	1652775	1	144
3L	11200329	11200398	1	143
3R	8341658	8341716	1	143
3L	3471857	3471927	-1	143
X	10255591	10258878	-1	141
2L	17409794	17409856	-1	141
2R	4350768	4351118	-1	141
2R	11444628	11444684	1	140
X	19342358	19342419	-1	140
3R	5255620	5255682	-1	140
2R	12757232	12757298	-1	140
2R	14756714	14756794	1	140
4	1140001	1140487	-1	138
X	16885802	16885967	-1	138
2R	16014046	16014114	-1	137
2R	10105826	10105941	1	137
3L	9113488	9123616	-1	137
2R	16994217	16994282	1	137
3L	23716321	23716373	1	137
2L	14042235	14060958	1	136
2L	9870521	9877102	-1	135
X	6276297	6276370	-1	135
3L	17641256	17643363	-1	134
3L	16610830	16610892	-1	134
X	15989951	15991083	-1	134
3L	4429716	4432386	1	134
3R	13710154	13710309	-1	134
2L	20648014	20648189	1	134
3R	12432223	12432287	1	134
4	320039	328162	1	133
X	16294041	16294115	-1	133
2L	4392989	4393042	-1	132
2L	18271928	18275463	-1	132
2R	4427998	4458023	-1	131
2L	10224893	10224958	-1	131
2R	14234343	14234693	-1	131
2L	2792372	2792482	-1	131
3R	9678977	9679043	1	130
X	6602728	6605180	1	128
2R	23378178	23382615	-1	128
2R	13518140	13518538	-1	128
3R	17073339	17073502	1	128
3R	30003415	30003480	1	128
2R	16196603	16196692	1	127
2R	22606641	22606934	1	127
3R	25868788	25869538	1	127
2R	18145275	18145342	1	127
3L	9823640	9823711	-1	126
2R	18446951	18447018	1	126
3L	1861677	1862061	-1	125
X	14322916	14324738	1	125
3L	268701	268781	1	125
X	575351	575471	1	125
3L	13023867	13024370	1	125
3R	24659955	24660011	1	125
2L	8995747	8995804	-1	125
2R	6756482	6756543	-1	124
2R	10736996	10737060	1	124
3R	23959389	23959456	1	123
3R	12705504	12705566	1	122
X	20255082	20255132	-1	122
3R	22487720	22487781	1	121
3R	24814635	24814698	1	120
X	11369800	11373817	1	120
X	15756237	15757856	-1	120
3R	14512404	14512464	1	119
2R	19445380	19445928	-1	119
X	11976507	11976604	-1	119
2R	16924791	16926346	1	117
3R	15957177	15957591	1	117
3L	12200639	12200712	-1	117
X	6289722	6289785	-1	117
2L	5539645	5539707	-1	116
X	4323156	4332796	1	116
X	12776950	12777077	-1	116
X	5086202	5089342	1	116
3L	25798743	25843725	-1	116
3L	7529187	7532672	1	116
3R	24947155	24947263	1	115
3R	24839490	24839612	1	115
2L	2772654	2779185	-1	115
3L	10481946	10506070	1	115
3L	27421015	27441599	1	115
X	12939243	12941720	1	114
4	280538	281724	-1	114
3R	21018075	21018130	1	114
3R	22583524	22583595	-1	114
2R	8900841	8900893	-1	114
3L	6971354	6971426	1	114
2R	24559565	24559623	-1	114
3L	20028060	20028115	-1	113
3L	9108192	9112634	-1	113
3R	15793152	15793210	1	113
2L	11833374	11835090	-1	112
2R	24158531	24158592	-1	112
2L	21263124	21263648	1	111
3L	19816282	19816346	-1	111
3R	29490754	29490810	-1	111
3R	24291153	24291512	1	111
3L	2689939	2697696	-1	110
3R	25682432	25683058	1	109
X	9163399	9165682	1	109
2L	6557985	6558418	1	109
2L	7064198	7064253	1	108
X	13968074	13985214	-1	107
2R	13969603	13969672	1	107
2R	23386318	23386397	-1	106
2L	10341933	10342150	1	106
2R	23548387	23548538	1	106
3L	541960	542017	1	105
3L	9107696	9107956	-1	104
X	16794924	16795195	1	104
X	8096835	8096901	-1	104
X	6672336	6672620	-1	104
2R	16925746	16926346	1	104
3L	27332347	27350220	1	103
3L	27988703	28012381	-1	103
3L	19232573	19234805	-1	103
2L	23067084	23067145	-1	103
X	16527900	16533059	-1	103
2L	16249707	16250081	-1	103
2L	21261958	21262013	1	102
X	15896305	15896366	1	102
3R	9487204	9493011	-1	102
2L	8713020	8713089	-1	101
3R	15264956	15265019	1	101
3L	7641028	7641086	-1	101
3R	29685348	29685410	1	100
3R	5356129	5356425	1	100
X	16640031	16640093	-1	99
X	11434815	11435383	-1	99
2R	7673984	7674044	-1	99
3R	13381504	13381563	-1	99
2L	6949533	6949591	-1	98
2R	19629071	19631037	-1	98
3R	25683384	25683473	1	97
2L	5984943	5985026	1	97
3L	3825751	3828388	1	97
2R	11100115	11105907	-1	97
2L	8306841	8306906	-1	97
2R	12590746	12590915	1	97
3R	4737379	4737473	-1	97
2L	2360570	2360633	-1	97
3R	5602931	5602990	1	97
2R	17546167	17546240	1	96
2L	6122191	6122264	1	96
2L	7885805	7885877	1	96
X	4360706	4361966	1	95
2R	9096992	9097242	1	95
X	13385596	13385661	1	95
X	4360552	4360616	1	95
2R	2053619	2118977	-1	95
3L	16590295	16590352	-1	94
3R	24291043	24291104	1	94
2R	9846906	9847073	-1	94
2R	14757179	14757241	-1	94
2R	11294786	11295494	-1	94
3R	18165050	18165174	1	94
X	12019942	12020007	1	94
3L	20833870	20834002	1	94
2R	5699989	5700043	1	93
2R	11443113	11444540	1	93
3R	18730524	18730730	1	93
4	1117906	1117968	-1	93
2R	11279126	11279191	-1	92
3R	13402771	13402839	-1	92
2R	9841350	9841408	-1	92
3R	30045625	30045687	-1	92
2R	11444761	11446133	1	92
3R	4284407	4295129	1	92
4	1050610	1053498	-1	92
2L	10745710	10745782	-1	92
3R	30419024	30419094	-1	92
2R	18658649	18658708	-1	92
3L	20295993	20296085	-1	92
3R	17346135	17365766	-1	91
4	560584	560718	1	90
2L	16328350	16328412	-1	90
2L	13462201	13483447	1	90
3R	15303223	15308031	1	90
3R	22583642	22583699	-1	89
2L	21380362	21382019	1	89
3L	3072617	3073081	1	89
3L	5811980	5812065	1	89
2L	8083522	8089185	1	89
2R	14623246	14623417	1	89
X	11144483	11144614	1	88
3L	24728509	24734036	1	88
4	1047730	1047823	-1	88
2R	24066178	24066261	-1	88
2R	14230839	14230895	-1	88
2R	16925038	16926346	1	88
3R	25679481	25679593	-1	88
3R	24675319	24675633	1	88
4	1140902	1140960	-1	87
3R	23983911	23984369	1	87
3R	19647132	19647213	-1	87
4	564663	565410	1	87
3R	25048791	25049272	1	87
2L	6069490	6069559	1	87
3R	11239628	11239896	1	86
3L	11817317	11817389	-1	86
X	9355179	9356212	-1	86
2R	24036915	24036975	-1	86
2R	16444123	16444669	1	86
4	353979	354351	-1	86
2L	5044690	5045822	1	86
2R	16099016	16099079	1	85
2L	21382331	21384455	1	85
3R	21267146	21267226	-1	85
2R	16007026	16007087	-1	85
2L	12690556	12690619	-1	85
3R	21364646	21364714	-1	85
2L	9698234	9699115	-1	84
2L	22257903	22257960	1	84
3R	11338993	11339658	1	84
3R	25887020	25887111	1	84
2R	12633970	12634036	1	83
3R	11379290	11388392	-1	83
X	16528120	16533059	-1	83
4	892841	892894	-1	83
2R	12038612	12038677	1	83
3R	4365891	4365949	1	83
3R	23983734	23984305	1	83
2L	10264634	10264764	1	83
2L	10264886	10264947	1	83
3R	8819264	8820312	-1	82
3R	25856974	25866996	1	82
2R	11652072	11652140	1	82
3L	11200199	11200253	1	81
3R	24717713	24717796	1	81
2R	9096203	9096383	1	81
3R	9418001	9419783	1	81
3R	31217178	31217740	-1	81
3R	16573401	16573533	-1	80
2L	4978708	4978776	-1	80
3L	25924457	25933196	-1	80
3R	21805176	21807599	-1	80
X	11456488	11456655	1	80
2L	10745572	10745635	-1	80
2L	10328411	10328472	-1	80
3L	19588772	19588831	1	80
3R	23959211	23959280	1	80
2R	4322716	4322776	-1	80
2L	4994278	4994339	-1	79
X	10870845	10870904	-1	79
3R	28603699	28605462	1	79
3R	29934752	29934811	-1	79
3R	12475825	12477406	-1	79
3R	27680596	27680653	-1	79
3L	2872751	2878533	-1	79
2R	7044404	7044460	1	78
3L	14998119	14998180	-1	78
4	352591	354351	-1	78
2R	23905542	23905605	-1	78
3R	21132945	21133000	-1	78
X	17878517	17886404	-1	78
2L	16247187	16247253	-1	78
3R	15222451	15222508	-1	78
2R	23946521	23946601	1	77
X	15175552	15175811	1	77
3R	5357284	5357355	-1	77
2R	8141821	8141891	-1	77
2L	10308476	10308548	-1	77
2L	14040637	14041321	1	77
3R	28928110	28969331	-1	76
3R	18664998	18665068	1	76
2L	8107174	8107238	1	76
2R	24064872	24064993	1	76
3L	2263295	2263356	1	76
X	7287847	7287911	1	76
2R	17702842	17703021	1	76
2L	6125756	6125824	1	76
2L	2785673	2787054	-1	76
2R	20255139	20255197	-1	76
2R	5604412	5604468	-1	75
X	6038566	6038876	1	75
2L	2312180	2323383	1	75
X	5819203	5834351	1	75
X	15805178	15805558	1	74
3L	1637270	1637723	-1	74
3L	1035957	1036032	1	74
X	16362055	16363358	1	74
2R	14172523	14172584	1	74
3R	11430572	11430627	1	74
3R	17041706	17041763	1	74
2R	23444384	23456183	1	74
2R	10886153	10886211	1	74
2L	10241781	10241846	1	74
3R	4430169	4430228	-1	74
X	21037995	21038746	1	74
2L	2975080	2975151	-1	74
2R	4757749	4757802	1	74
2R	17702599	17702779	1	74
2R	16924978	16926346	1	73
2R	20645583	20645653	1	73
2R	5757826	5757911	1	73
3L	9107376	9107619	-1	73
X	2172706	2172806	1	73
2R	17220104	17275410	1	73
3R	23983946	23984290	1	73
2R	16761808	16761870	-1	73
2R	23544554	23544625	1	72
X	9112093	9112163	1	72
2R	12607051	12607124	1	72
3R	5564341	5564406	-1	72
2L	8083637	8089185	1	72
2R	13220456	13220766	1	72
2R	24970549	24970605	1	72
3L	1499880	1500245	-1	72
2R	12517589	12517641	-1	72
2R	15858011	15858190	-1	72
3R	3735447	3744836	1	72
X	4546825	4547386	-1	72
2L	20648249	20648420	1	71
2R	8963556	8963615	-1	71
X	2705926	2705994	1	71
X	3720323	3721376	1	71
3R	30003905	30003990	-1	71
2L	19603914	19604846	-1	71
3R	20750355	20752346	1	70
3R	18197121	18198702	-1	70
3L	2372464	2372526	1	70
2L	17475843	17475910	-1	70
2L	1139764	1139832	1	70
2R	17456716	17456784	1	70
X	4930066	4937975	-1	70
3R	4957443	4957501	-1	69
2L	10269709	10269763	1	69
3L	12744747	12744809	1	69
3R	5593186	5593247	1	69
3R	19413107	19415633	1	69
X	3481345	3482026	-1	68
X	18028006	18028076	1	68
2L	5058677	5058786	-1	68
3L	19997220	19997292	1	68
X	16286450	16286565	1	68
3R	22359761	22359837	1	68
3L	17844895	17845754	-1	68
2L	3758920	3758981	1	68
2L	5520546	5520619	1	68
2R	12436663	12436719	1	68
3L	24734188	24740905	1	68
2R	24940014	24940072	-1	68
3R	20752376	20753509	1	67
2L	3041398	3041453	1	67
2L	110484	110755	1	67
3L	5918166	5918360	-1	67
2L	1166923	1166983	1	67
3L	9107711	9107956	-1	66
2L	11003239	11003511	-1	66
2R	12200040	12200116	-1	66
X	16447699	16447772	-1	66
3R	18248152	18248233	1	66
4	94616	94837	1	66
X	4533344	4533525	1	66
X	9606554	9606620	-1	66
3L	268460	268563	1	66
3L	9510159	9510282	-1	65
2R	18718557	18718712	1	65
2R	18277856	18277930	1	65
3R	20850944	20851031	1	65
3L	13537997	13538246	-1	65
2R	17003791	17003851	-1	65
3R	25109470	25109528	-1	65
2R	21025604	21025661	1	65
3R	20580491	20580553	1	65
2R	1596129	1596188	1	65
3L	21280790	21280851	-1	65
2L	17410031	17410088	-1	65
3R	14034326	14034380	1	65
2R	5604517	5604583	-1	64
3L	11629505	11629581	1	64
3R	5667951	5668010	-1	64
2L	14616908	14616978	1	64
3L	3221710	3221882	-1	64
3L	24167812	24210021	1	64
2L	10976162	10976251	-1	64
4	177993	178778	-1	64
2R	24939855	24939906	-1	64
2L	11211964	11225694	1	64
3R	14279542	14286209	-1	64
3L	11563101	11563303	1	64
2L	8107881	8109816	1	64
X	11615447	11615518	-1	63
2R	10067373	10067438	-1	63
3L	11624781	11624851	-1	63
3L	22865825	22865878	1	63
2L	5973675	5976611	-1	63
2R	7467051	7467483	-1	63
4	427712	429497	1	63
2L	18215847	18246025	-1	63
3L	9070648	9070705	-1	63
X	11579529	11579670	1	62
2R	24066314	24067163	-1	62
2R	12655398	12655462	1	62
2R	24052750	24052802	1	62
3R	24520088	24520343	1	62
X	8060159	8060877	-1	62
X	9249702	9249773	1	62
3L	27083594	27083724	-1	61
2L	19032382	19032435	-1	61
2L	8162064	8162123	-1	61
3L	9413318	9413391	1	61
3L	7975688	7975762	-1	61
3R	8675518	8675573	-1	61
X	15928173	15928232	1	61
3L	20881811	20884990	-1	61
3L	20771865	20772605	1	61
X	2635032	2641125	1	60
3R	13021308	13021420	1	60
3R	16482048	16482104	-1	60
4	1130184	1130383	1	60
2L	21157648	21157711	-1	60
2L	8042614	8042823	-1	60
2R	7822486	7822549	-1	60
4	565516	565601	1	60
2L	11076865	11076927	-1	59
2L	21385398	21388503	1	59
2R	19236844	19236942	1	59
2L	13367068	13367131	1	59
X	13750456	13750586	-1	59
3L	17128972	17147107	-1	59
2L	21263787	21273324	1	59
2L	10269551	10269613	1	59
X	12989240	13030757	1	59
X	1681494	1681573	-1	59
2R	24116062	24116118	1	59
X	1879351	1879412	-1	59
3R	11337066	11339658	1	59
2L	10976306	10976362	-1	58
2L	6122411	6122698	1	58
2L	14357938	14358006	1	58
X	10258018	10258878	-1	58
2R	21658110	21658346	1	58
3R	12561805	12595395	-1	58
2R	2495024	2521441	-1	58
3L	3924475	3925463	-1	58
3L	11620666	11620923	-1	58
2L	18246108	18270988	-1	58
2L	10341164	10341226	1	57
X	8721110	8721234	1	57
X	10213486	10213560	1	57
3R	14733635	14733700	-1	57
2L	9797193	9797679	-1	57
X	10186739	10188139	1	57
2R	8428147	8428284	1	57
2L	10214056	10214125	-1	57
2R	11279279	11279339	-1	57
3L	5168303	5170187	-1	56
2L	19033931	19033989	-1	56
2L	6490374	6490439	-1	56
X	6485528	6511133	-1	56
X	15735322	15735389	1	56
2R	4458518	4470770	-1	56
X	7011757	7011818	1	56
3R	7145582	7151051	1	56
X	17939955	17940720	-1	56
2R	9433065	9433130	1	56
3R	13636526	13636971	-1	55
4	189249	189998	-1	55
2R	18614604	18614665	-1	55
3R	13031270	13031335	1	55
2L	2747253	2747311	-1	55
2L	6954328	6954393	1	55
3L	24131238	24167763	1	55
2R	10107861	10107969	1	55
2L	9272608	9291056	1	55
2L	2360394	2360456	-1	55
4	352591	353943	-1	55
2R	4379156	4407981	-1	54
3L	12753345	12753405	-1	54
X	2074972	2075038	-1	54
3R	12693762	12693830	1	54
3R	4078533	4081369	1	54
3R	21972462	21975155	1	54
3R	24049365	24049419	-1	54
2L	420147	420292	1	54
3L	17065709	17066625	-1	54
3L	21635770	21635987	1	53
2R	6809357	6809424	-1	53
2L	10266111	10266198	1	53
3R	18197121	18199207	-1	53
3L	709614	709738	-1	53
3R	21865962	21866025	1	53
2L	16250159	16257076	-1	53
X	8060159	8061264	-1	53
X	11091628	11091725	1	53
X	10382511	10382582	1	53
3R	7067730	7067788	1	53
2R	17425413	17425470	1	53
4	87167	94423	1	53
X	19621651	19621777	-1	53
3R	15959549	15959742	1	52
3R	4737253	4737314	-1	52
X	762992	764302	-1	52
3L	21828005	21828071	-1	52
3L	5658291	5659429	1	52
3L	3071190	3073081	1	52
2R	17717750	17719174	-1	52
2L	14040222	14041321	1	52
2R	10365262	10381104	-1	52
3L	19994736	19994808	1	52
3R	6566878	6592884	-1	52
X	5176789	5186903	1	52
3R	21603574	21618727	-1	52
3L	7329364	7329429	1	52
X	1680109	1681400	-1	52
2R	10805514	10805575	-1	52
3L	9135902	9136301	-1	52
2R	15566968	15567029	-1	52
3R	5651803	5652381	1	52
3L	25120797	25120894	1	51
2L	4994445	4994508	-1	51
X	61334	61395	-1	51
3L	25969628	25977967	-1	51
X	18908375	18908884	1	51
2R	21061207	21061267	1	51
3R	11329957	11339658	1	51
3R	24814493	24814553	1	51
2R	10101098	10104256	1	51
X	20315950	20329163	-1	51
3R	10851489	10851549	1	51
X	4930066	4930999	-1	51
X	13688572	13701097	-1	51
2R	21151085	21153885	-1	51
2L	20788116	20788403	1	51
3L	16414957	16415021	1	51
3R	5607593	5607684	-1	51
3R	23983941	23984283	1	51
3L	16126276	16126342	-1	51
3R	4295701	4297488	1	51
2L	16973698	16976490	1	51
2L	19047826	19047914	1	51
2R	6756637	6756713	-1	51
X	4321868	4321931	-1	51
3R	23984106	23984367	1	51
3L	5424288	5429163	1	51
4	212730	212791	1	50
2R	24891920	24892287	1	50
2L	9177631	9191615	1	50
2R	23950570	23952153	1	50
3R	10408876	10408939	-1	50
4	1143566	1143627	-1	50
2R	23061781	23061846	-1	50
2R	17266212	17275410	1	50
3R	29741370	29741768	1	50
3R	27568592	27580157	-1	50
2L	8428068	8430281	1	50
3L	16586388	16586441	-1	50
4	1245524	1245577	1	50
X	6531432	6531835	-1	50
2L	14040466	14041321	1	50
3R	21878078	21878233	-1	50
3R	7859052	7859216	-1	50
X	5250575	5250729	1	50
X	16521814	16522065	-1	49
2R	4720211	4722147	-1	49
2L	18987989	18988057	1	49
X	13335874	13335960	-1	49
3L	10664169	10664228	1	49
3L	21628136	21628193	1	49
3R	15301074	15303153	1	49
3L	27146575	27146628	1	49
2L	9894133	9894331	-1	49
3L	23326761	23327494	-1	49
3R	8000664	8000724	1	49
2L	2768227	2768286	1	49
3R	18590428	18590521	1	49
3L	27420842	27420901	1	49
2L	9164849	9165020	1	49
X	10814094	10822392	-1	49
X	16286135	16287158	-1	48
2L	18951347	18951407	-1	48
2R	23191605	23203517	-1	48
3R	8798047	8799462	-1	48
4	564480	564541	1	48
3R	26048436	26048498	1	48
4	1230119	1230447	-1	48
3R	9506200	9506258	-1	48
3R	5336636	5349468	-1	48
3L	11723132	11727874	1	48
3R	10784924	10786158	1	48
2L	11806158	11809126	-1	48
2L	10203033	10203384	-1	48
3L	25874385	25924296	-1	48
3L	23211161	23216063	1	48
2L	20083016	20084578	-1	48
3R	3523948	3584980	-1	47
2L	9878026	9885932	-1	47
3L	7793768	7800767	1	47
X	14240521	14240588	-1	47
4	1195597	1195660	-1	47
2L	10210168	10210225	-1	47
3L	16405429	16405502	-1	47
X	21036638	21038746	1	47
2L	10222144	10222202	1	47
3R	9786321	9786377	1	47
3R	11680590	11680645	1	47
X	5177618	5186903	1	47
3L	1779311	1779385	-1	47
2R	11278982	11279046	-1	47
3L	19806633	19806686	1	46
3L	27156172	27157810	1	46
3R	9063341	9063406	-1	46
3R	27957620	27957672	-1	46
X	2250388	2250444	-1	46
3R	15936341	15951602	1	46
2R	9285539	9285603	-1	46
2R	18155492	18155892	-1	46
2R	3933464	3935732	-1	46
3R	11333554	11339658	1	46
3R	20204979	20206198	1	46
3L	9113488	9129897	-1	46
X	15850429	15850546	-1	46
3R	14035279	14035444	-1	46
X	3911880	3929567	-1	45
3L	2963452	2963560	1	45
X	8275209	8275268	1	45
X	11818017	11823283	1	45
4	560412	560471	1	45
2L	10402563	10402631	1	45
3L	10593700	10593800	1	45
3R	31744939	31745001	1	45
2L	9878026	9885726	-1	45
3R	9778197	9778619	1	45
3R	3867427	3867500	1	45
X	1682782	1682863	-1	45
3R	23759296	23759358	1	45
2L	5055541	5055631	1	45
X	11974340	11976403	-1	45
3R	6381606	6381682	1	45
3L	1198487	1198555	1	45
2R	6633949	6634011	-1	44
2L	6122411	6122978	1	44
3R	27635105	27635166	-1	44
3R	25682046	25682105	1	44
4	1043525	1045156	-1	44
2R	23880061	23880154	1	44
X	8408325	8408388	-1	44
X	17822351	17822427	-1	44
2R	12199112	12199313	-1	44
3R	16644384	16644548	1	44
2L	13001505	13001560	-1	44
2R	21652564	21652913	1	44
3R	9439706	9440681	1	44
2R	11358272	11358336	-1	44
3L	3148688	3149628	1	44
4	1193655	1193708	-1	44
3L	9359417	9359476	1	44
3L	5136011	5136078	-1	44
X	928486	928550	1	43
3L	20028186	20028245	-1	43
2R	9351174	9351409	-1	43
3L	16492104	16492171	-1	43
2R	18477024	18496747	-1	43
3R	21821024	21822483	-1	43
X	4658537	4659735	-1	43
2R	2495024	2522393	-1	43
3R	23984101	23984362	1	43
2L	18442158	18442234	-1	42
3R	31622823	31633571	1	42
3L	20515624	20515725	-1	42
3R	11564372	11564440	-1	42
2L	10296111	10296172	-1	42
2R	14234560	14234693	-1	42
2L	12713587	12713650	-1	42
3R	9786449	9786585	1	42
2L	3723257	3723636	1	42
2R	11986963	11987027	-1	42
3L	21845258	21845346	1	42
X	2008290	2008351	-1	42
X	15888497	15889302	-1	42
3L	19994952	19995374	1	42
3L	8415661	8415716	1	42
2R	6674728	6674781	1	42
3R	20438136	20449445	-1	42
3R	30054347	30054410	1	42
3L	12771316	12771372	-1	42
3L	16040066	16046485	-1	42
2R	24966042	24966106	-1	42
2R	5832378	5846593	1	42
2L	10332675	10332739	1	42
3R	17150178	17150239	1	42
2L	7783049	7783299	1	41
3R	14512828	14512883	-1	41
3R	31935776	31937270	-1	41
3R	15965020	15965074	-1	41
2L	15065457	15066937	-1	41
2R	16105183	16105717	1	41
3L	3072842	3073081	1	41
3R	12703813	12703876	1	41
X	3256212	3258611	1	41
3L	22865961	22867400	1	41
2R	4336584	4350549	-1	41
2R	3182520	3190636	1	41
3L	22867855	22867907	-1	41
3L	17799553	17801892	-1	41
2L	3031894	3031954	1	41
X	14322916	14324735	1	40
X	5553506	5559410	-1	40
2L	1177192	1177256	1	40
3L	9785181	9785242	1	40
2L	16309931	16310000	-1	40
2R	2499041	2508133	-1	40
2R	17703065	17703244	1	40
2R	16931279	16932464	1	40
2R	10461226	10461290	1	40
3L	17044156	17044218	1	40
2R	17702370	17702547	1	40
2R	7465270	7465331	-1	40
2L	9791695	9791755	1	40
2R	12574978	12575042	1	40
3R	7889672	7901384	-1	40
X	18381774	18381864	-1	40
X	17145133	17146798	-1	40
3R	16340763	16340822	-1	40
3L	257057	257130	-1	39
3R	9783960	9784224	-1	39
4	915554	915617	-1	39
4	1057754	1057807	-1	39
X	628879	629382	-1	39
2L	6646948	6647921	-1	39
3R	23072729	23073864	-1	39
2L	10981429	10981487	1	39
3R	17439234	17439296	-1	39
3R	3585314	3585369	-1	39
4	560821	564361	1	39
2L	9894402	9894576	-1	39
2R	16105798	16105860	1	39
3L	1632455	1633058	-1	39
2L	10988983	10989049	1	39
3R	24529504	24529563	1	39
3R	16632769	16633328	1	39
X	4322035	4322091	-1	39
2R	10737292	10737357	1	39
X	3683450	3692953	1	39
3L	274808	274867	1	39
2L	13386037	13386099	-1	39
2R	14276527	14277281	1	38
X	61443	61557	-1	38
X	11893356	11893590	1	38
X	15893151	15894693	1	38
3L	16819305	16819368	1	38
2R	24599498	24599617	-1	38
2L	19587528	19600858	1	38
2R	13948111	13948177	-1	38
3R	25064797	25064861	-1	38
4	132288	133186	1	38
2L	1180927	1180995	1	38
3R	9234665	9236606	-1	38
3R	24653040	24653098	1	38
X	1412035	1413418	1	38
2L	13550421	13551142	1	38
3L	4429503	4429566	1	38
4	116631	116686	-1	38
X	13564334	13575902	1	38
3R	21302413	21302778	1	38
2R	24161215	24161279	1	38
4	1229516	1229580	-1	38
X	1682929	1683097	-1	38
3R	9234665	9237615	-1	38
3R	5489091	5489144	1	38
2R	5805455	5832347	1	38
3L	21879942	21907346	1	37
4	1175124	1181048	-1	37
3R	4292073	4295129	1	37
3L	5361989	5362103	1	37
2R	15456560	15456660	1	37
2R	20605852	20606444	1	37
2L	19516034	19516441	-1	37
X	10159057	10186521	1	37
2L	20648480	20648785	1	37
2L	8364126	8364188	-1	37
X	13738911	13738986	1	37
3L	11817317	11818088	-1	37
3R	5489274	5489367	1	37
3L	17037031	17037084	-1	37
4	464741	464797	-1	37
X	8060159	8060903	-1	37
3L	22961676	23002053	1	37
2L	8365329	8365389	1	37
3R	29315880	29315945	-1	37
3R	12547705	12547911	-1	37
2R	18119964	18120024	-1	37
2R	18708366	18708422	-1	37
X	15421629	15440517	-1	37
3R	15955206	15956865	1	37
3R	21308155	21308433	1	37
4	302324	302386	-1	37
2L	13019730	13019798	-1	37
3R	12561805	12595561	-1	36
2L	10329932	10329992	-1	36
2L	13639797	13639860	-1	36
2L	9893873	9894064	-1	36
2L	5099914	5100010	-1	36
2R	20549562	20549632	-1	36
2R	21021318	21021501	1	36
2R	9143001	9143059	-1	36
2R	16326431	16326493	-1	36
2L	8307069	8307147	-1	36
X	10255587	10256112	-1	36
4	1117215	1117851	-1	36
3R	11232269	11232341	1	36
X	15340992	15341086	-1	36
3L	11100388	11100447	1	36
2R	4235939	4235995	-1	36
3R	11624661	11624718	1	36
2L	8054594	8054657	-1	36
X	3672040	3683353	1	36
3R	13154750	13155509	-1	36
3L	20860427	20881630	-1	36
X	10258961	10259191	-1	36
3R	5793577	5793641	-1	36
2R	926903	926972	-1	36
3L	15812898	15813246	-1	36
3L	12785414	12785471	-1	36
3L	20351731	20351899	1	36
2R	4728125	4728180	-1	36
2L	19600765	19603813	-1	35
2R	3933464	3942934	-1	35
X	16361047	16361114	1	35
3R	29457642	29461813	1	35
3R	8242577	8242680	-1	35
4	564663	565407	1	35
3R	17073184	17073238	1	35
2L	8107881	8110481	1	35
3L	22866031	22867111	1	35
2R	7931225	7931285	-1	35
X	8874112	8874189	-1	35
2R	23985696	23985763	-1	35
3R	16273331	16274152	1	35
X	1866496	1866563	1	35
2L	9889571	9889632	1	35
X	19494652	19494727	-1	35
3L	12746237	12746297	1	35
3L	17068059	17074193	-1	35
2L	15006261	15006318	1	35
3R	18979162	18979224	-1	35
3R	7248402	7248457	-1	35
2R	10532895	10533118	-1	35
3R	8822126	8822469	1	35
3R	20823740	20823803	-1	35
3R	10891392	10891514	-1	35
3R	29993814	29993873	-1	35
2L	23312889	23312948	-1	35
X	18169568	18169696	1	35
X	12917815	12918577	1	35
2L	19607082	19610610	1	35
3R	7806771	7806912	-1	35
X	11373090	11373817	1	35
3L	21197638	21197760	-1	35
3R	15362538	15362588	1	35
X	15850711	15851088	-1	35
X	8902812	8903202	1	34
2R	15140096	15140471	1	34
3R	23607050	23607525	-1	34
3R	25024744	25024800	-1	34
3R	17899729	17900384	-1	34
X	12203979	12204139	1	34
3R	25048604	25048665	1	34
2R	24871246	24871299	1	34
3R	11217696	11217752	1	34
2L	10338117	10338232	1	34
X	18040384	18059735	-1	34
3R	30435600	30435657	-1	34
X	575363	575471	1	34
3L	9106518	9107342	-1	34
2R	19407913	19407975	-1	34
4	1037423	1037476	-1	34
3L	8599767	8599831	-1	34
2R	9351174	9351441	-1	34
2L	13812358	13812479	1	34
X	15299584	15305829	1	34
4	273917	275580	-1	33
3R	25291690	25291748	-1	33
2L	21638117	21638230	1	33
3R	9358177	9358256	1	33
2R	8892996	8893062	1	33
3R	9354855	9354925	1	33
3R	13021317	13021420	1	33
2L	14040395	14041321	1	33
4	1059837	1060413	-1	33
3L	2665382	2665911	-1	33
4	302527	305016	-1	33
3R	24104964	24105130	-1	33
2R	24668681	24668737	-1	33
2L	10404551	10404611	-1	33
3R	18248152	18248218	1	33
3R	23983905	23984369	1	33
2L	14094293	14094351	1	33
3R	11218037	11218106	-1	33
2L	12693657	12693720	1	32
2L	21388670	21388732	1	32
2L	10137560	10178041	-1	32
3L	21194957	21195034	-1	32
3L	1617622	1617707	-1	32
3L	27332109	27332169	1	32
3R	11591308	11592360	-1	32
3R	13011749	13019342	1	32
X	18155733	18161013	1	32
2L	10256507	10257395	-1	32
2R	18688742	18692041	1	32
3L	9867745	9868254	1	32
2L	1170554	1170611	1	32
3L	1632455	1634505	-1	32
3L	16616566	16621841	-1	32
3L	709495	709557	-1	32
3L	21830733	21830790	-1	32
X	10480025	10480084	1	32
3R	15363098	15363152	-1	32
2R	17217076	17220055	1	32
3L	19816532	19816593	-1	32
X	6276459	6276532	-1	32
3L	12498688	12498749	-1	32
X	3338817	3338970	1	31
2R	22887249	22887307	1	31
2L	566625	566680	-1	31
3R	19218339	19218402	-1	31
2R	21021522	21021886	1	31
2L	8213530	8213781	1	31
2L	20054737	20054879	1	31
3R	5226979	5227324	1	31
3L	21531574	21531758	-1	31
3L	22869247	22869346	-1	31
4	1049247	1050298	-1	31
3R	25685501	25685567	-1	31
3R	4486892	4486948	1	31
3R	16632531	16632608	1	31
2L	13370764	13370842	-1	31
X	18390117	18390180	1	31
3L	23327646	23328714	-1	31
2L	16263181	16263262	1	31
3R	8943144	8943205	-1	31
X	625106	625166	-1	31
2R	4563082	4564434	1	31
3R	17675012	17675075	-1	30
2R	22414283	22414408	-1	30
3L	2689939	2711352	-1	30
3R	20797474	20797536	1	30
3L	17065709	17067137	-1	30
2R	9095959	9096150	1	30
4	460142	460203	-1	30
3R	13647201	13647383	1	30
X	4154757	4203191	-1	30
2L	5327351	5327503	1	30
2R	19237064	19237328	1	30
2R	9586232	9586290	-1	30
X	6870992	6872716	1	30
2L	16247385	16248602	-1	30
2R	10121754	10121815	-1	30
3R	6531784	6531946	-1	30
2L	11583103	11590748	1	30
2R	1264842	1265171	1	30
2L	2798837	2799909	-1	30
2L	6719075	6719137	1	30
2R	22887249	22887310	1	30
2R	7393790	7393848	-1	30
X	16365514	16365587	1	30
2R	19398806	19399026	-1	30
X	16287240	16287958	-1	30
2R	15211069	15211577	-1	30
2R	19399094	19407841	-1	30
3L	4554693	4554755	-1	30
2L	20925175	20925264	-1	30
3L	6943102	6944432	1	30
2L	5548710	5549444	1	30
3L	8304969	8305022	1	30
3L	8241195	8248558	1	30
3L	7294920	7311929	-1	30
X	5176463	5177567	1	30
3R	7192971	7198328	1	30
X	12731907	12732352	-1	30
2L	5652181	5658395	-1	30
4	480239	480302	-1	29
2R	17429661	17429720	-1	29
2R	25077307	25077370	-1	29
2R	16857053	16857633	1	29
3L	28012484	28012537	-1	29
2R	10561955	10562026	1	29
4	179035	179092	-1	29
2R	17428944	17429003	1	29
2R	24691713	24691776	-1	29
3R	16999593	16999650	-1	29
3R	4670851	4680229	1	29
2R	7656416	7656472	1	29
3L	3088120	3088192	1	29
3R	11217566	11217624	1	29
2L	8369031	8369716	1	29
2R	10099851	10104256	1	29
3L	15870808	15879320	-1	29
2L	20055110	20055176	1	29
4	82747	85712	1	29
3R	28342215	28342280	1	29
3L	11692567	11692618	1	29
2R	24574216	24574284	1	29
X	15888269	15888344	-1	29
3R	15278444	15278502	-1	29
X	12203985	12204139	1	29
2L	15940083	15962001	-1	29
X	16331726	16331809	-1	29
3R	24519882	24519940	1	29
3R	30038956	30039062	-1	29
X	20776249	20792355	-1	29
4	1248837	1250771	1	29
2R	21012279	21012335	1	29
X	12732401	12741449	-1	29
2R	7455232	7455302	-1	29
3R	4660400	4670797	1	29
2R	24609037	24609090	1	29
2R	21461360	21480091	-1	28
2L	8210104	8210353	-1	28
3R	5625131	5625514	1	28
3R	4281872	4282674	1	28
2L	1984144	1984206	1	28
4	320045	328167	1	28
3L	1635460	1635534	-1	28
2R	9351174	9351462	-1	28
3R	13672817	13674146	-1	28
3L	19265444	19266594	1	28
X	16082976	16091147	-1	28
2L	5212151	5212213	1	28
2R	18447612	18449472	-1	28
2R	14623005	14623189	1	28
X	19329721	19329790	-1	28
3R	21308159	21308437	1	28
3R	28047722	28049319	1	28
X	6686649	6686713	1	28
3R	12996625	12996682	1	28
3L	18667794	18667847	1	28
X	16451560	16451919	1	28
3R	25352193	25354149	-1	28
3R	11409149	11409210	-1	28
2R	14173304	14173369	-1	28
X	16310308	16310379	-1	28
3R	24290888	24290945	1	28
2L	7032840	7032904	1	28
2L	6525821	6525883	1	28
3R	22782159	22784467	1	28
2L	10007504	10007567	1	28
3R	20559837	20559898	-1	28
2R	16986751	16994160	1	28
2L	6646948	6647747	-1	28
4	873572	873635	-1	28
2L	2772654	2779187	-1	28
3L	15879397	15893620	-1	28
3R	19643839	19644206	-1	27
2R	8963721	8963777	-1	27
2R	14514457	14514804	1	27
4	1143869	1143985	-1	27
2R	18821284	18821490	1	27
3L	20313885	20314608	-1	27
2L	21154580	21154646	-1	27
3R	23514146	23514209	-1	27
3L	8307965	8308092	-1	27
X	17906338	17906653	-1	27
2L	8403661	8404005	1	27
2R	10533969	10541345	-1	27
3R	13663052	13663455	1	27
2L	1174131	1174197	1	27
2R	18133113	18133871	-1	27
3R	4221318	4221756	-1	27
3R	16611055	16611108	1	27
3R	23818612	23818981	-1	27
3R	21357759	21358005	-1	27
2R	16570849	16570917	-1	27
X	16784632	16784746	1	27
2L	3989801	3991548	-1	27
2L	21380479	21382019	1	27
2R	4030298	4049078	1	27
3L	1330291	1330863	1	27
4	1230421	1230498	-1	27
3R	5652798	5653175	-1	27
2R	24966154	24967051	-1	27
3L	5739727	5740104	1	27
2L	7647267	7648747	-1	27
3L	18870561	18870614	1	27
2R	7151853	7151919	-1	26
3R	10877824	10877882	1	26
X	9164255	9165682	1	26
3R	23983905	23984356	1	26
2L	21223128	21223192	1	26
X	11435667	11435729	-1	26
X	11290264	11293498	-1	26
3L	23319003	23319061	-1	26
X	7738800	7738901	1	26
3R	31935392	31936690	-1	26
2L	159824	162592	1	26
3L	7312231	7312740	-1	26
2R	14365172	14365227	1	26
2R	7508821	7508875	-1	26
3L	22864926	22865771	1	26
2R	24599700	24599767	-1	26
3L	19588614	19588680	1	26
3R	24489801	24490818	1	26
2L	10918019	10918114	-1	26
X	8490016	8509456	1	26
2L	10178478	10179437	-1	26
3L	6259911	6259981	-1	26
3L	21421528	21424454	-1	26
3L	7640065	7640125	-1	26
2R	9841476	9841540	-1	26
3L	21216324	21216477	-1	26
2L	8198549	8198613	1	26
3R	13642428	13642512	-1	26
3R	8006149	8006217	-1	26
2L	11806158	11808014	-1	26
X	14828032	14829136	-1	26
2L	2360802	2360972	-1	26
X	16365643	16371314	1	26
3R	30518574	30519608	-1	26
X	1880947	1881020	1	26
X	11597109	11597175	1	26
4	133232	133588	1	26
4	1181282	1181368	-1	26
X	8060159	8060917	-1	26
2R	12169196	12169725	1	26
3R	23983916	23984367	1	26
2L	11284119	11284186	1	26
2L	5051571	5051637	-1	26
X	13295383	13295527	-1	26
2R	6627675	6627732	-1	26
2L	19432064	19432124	1	26
3L	20527281	20527593	1	26
3L	7639960	7640016	-1	26
2L	11076862	11076927	-1	26
2R	13827410	13829640	1	26
3L	11621104	11621214	-1	26
2L	12429741	12429798	1	26
3R	21308092	21308370	1	26
2R	6810136	6810201	-1	26
2R	24781961	24782019	-1	26
2R	8911371	8911426	-1	26
X	21345953	21346322	1	26
2R	5604651	5604710	-1	26
2L	19179984	19180042	-1	26
X	16710078	16710204	1	25
2R	9433229	9434354	1	25
3L	6957285	6957352	-1	25
4	872226	873214	-1	25
X	10407106	10407166	1	25
3L	3941305	3941372	-1	25
3R	18191046	18191109	1	25
X	15297937	15305829	1	25
X	18887213	18887300	1	25
2R	10116826	10117234	1	25
2L	2793588	2793648	-1	25
3R	21307584	21308418	1	25
3R	9420048	9432029	1	25
X	11062269	11062331	-1	25
3L	20004364	20004417	1	25
3R	11591308	11592367	-1	25
2R	8729880	8730064	-1	25
X	571001	571131	1	25
3R	24452634	24456435	-1	25
2R	23922579	23922641	1	25
3L	4089215	4090039	1	25
3R	24064331	24106825	-1	25
X	7905995	7906045	-1	25
3R	18918626	18919423	1	25
3R	23696686	23696752	-1	25
2R	5647825	5652499	-1	25
2R	23061595	23061683	-1	25
2R	21692375	21692432	1	25
3L	1330291	1331042	1	25
2L	12432205	12432309	-1	25
X	18225525	18225648	-1	25
3L	4327171	4327233	-1	25
2R	13853116	13853181	-1	25
2R	9581418	9581486	1	25
2R	9400069	9400257	-1	25
3R	8994461	8994527	1	25
2L	1717230	1717598	-1	25
3R	31633613	31658579	1	25
3R	13661860	13662161	1	25
X	13095334	13095445	1	25
X	16522154	16527277	-1	25
3R	15792911	15793042	1	24
2L	6490223	6490288	-1	24
X	18137051	18137576	-1	24
3R	21308095	21308373	1	24
3R	7870349	7871786	-1	24
2R	9480133	9490610	1	24
3L	7063151	7077182	-1	24
3L	21845236	21875297	1	24
X	17953157	17953223	-1	24
2R	18430886	18431173	-1	24
3L	9400034	9400097	-1	24
3R	27952925	27952993	-1	24
2R	2246007	2261829	-1	24
X	482434	482518	1	24
3R	5667389	5667693	-1	24
3R	14367500	14369390	-1	24
3L	11606199	11606257	-1	24
3R	9399941	9399997	-1	24
X	13381044	13384300	-1	24
2L	21384596	21385278	1	24
2R	5204140	5204194	-1	24
3R	6361912	6362005	-1	24
2R	22994828	22994885	-1	24
4	1127416	1128489	1	24
2L	15940083	15962009	-1	24
3L	20304644	20304701	-1	24
2L	10965720	10965792	-1	24
3L	21289547	21289606	1	24
3R	15358808	15359066	1	24
2L	7196858	7203939	-1	24
3R	10853590	10853651	-1	24
3R	13657126	13658462	-1	24
X	13204151	13206712	-1	24
X	4114930	4115002	-1	24
2R	6698386	6698446	1	24
3L	24161180	24253793	1	24
3L	2689933	2697696	-1	24
4	178881	178937	-1	24
2R	11100115	11116040	-1	24
3L	19589343	19589403	-1	24
X	11795009	11795105	1	24
3L	21875326	21907346	1	24
3L	4407385	4417820	1	24
2R	4673224	4673277	1	24
2R	20255349	20255408	-1	24
2L	9890323	9890386	-1	24
3L	19927270	19927571	-1	24
4	855841	860307	-1	24
2R	14946091	14946150	-1	24
3R	19874287	19874345	-1	23
X	21346750	21346957	-1	23
2R	23859618	23859690	-1	23
2R	24891920	24892284	1	23
3R	11215970	11216259	-1	23
3R	23983931	23984305	1	23
X	13335874	13335956	-1	23
2R	10532120	10532181	-1	23
4	855636	855686	-1	23
2R	4829494	4829547	1	23
2R	21511061	21511123	1	23
3R	21302778	21303607	1	23
3L	9139003	9139093	1	23
3L	9720566	9720626	-1	23
2L	21356683	21356740	1	23
3L	18798856	18800108	-1	23
X	4541552	4541907	1	23
2L	7429685	7429743	1	23
2L	14040379	14041321	1	23
2R	12753354	12753428	-1	23
3L	20519895	20519954	-1	23
3R	20481631	20483977	-1	23
3R	28341460	28342185	1	23
3L	11620666	11621214	-1	23
2L	3460076	3460133	1	23
2L	19134277	19145794	1	23
X	9355179	9356001	-1	23
X	15139115	15139252	-1	23
2R	21658110	21658351	1	23
3L	20024288	20024349	1	23
3L	17044660	17044713	-1	23
3L	16845890	16847161	1	23
2L	8029734	8029816	1	23
X	16640241	16640306	-1	23
2L	6680115	6680175	-1	23
2L	13019927	13020231	-1	23
2L	10485528	10485594	1	23
X	20167816	20167882	1	23
2R	927571	929051	-1	23
X	2075140	2075207	-1	23
2R	18708535	18708587	-1	23
3L	3460099	3460172	-1	23
2R	11221630	11221784	1	23
3R	17070776	17070845	-1	23
2R	16183538	16183603	1	23
2L	10429660	10429715	1	23
2R	16016460	16016525	-1	23
3L	257202	257553	-1	23
2L	15037986	15038054	-1	23
3L	4287978	4288034	1	23
2R	11387316	11387372	-1	23
2R	20275928	20275986	1	23
2R	17053419	17053485	1	22
2L	8713204	8713264	-1	22
2R	11361283	11361515	1	22
2R	14752743	14752946	1	22
X	15896473	15897102	1	22
2L	11984663	11984725	-1	22
2L	10440506	10440561	1	22
2R	21170239	21170301	-1	22
3L	5161602	5162456	-1	22
X	12203997	12204139	1	22
2L	824138	824191	1	22
2R	15566592	15566803	-1	22
2L	9176381	9177125	1	22
X	20917474	20923272	-1	22
3R	23355786	23355981	-1	22
2R	19574067	19574144	-1	22
3R	4298586	4299790	1	22
X	3100319	3113168	1	22
4	263341	264352	1	22
3R	21300472	21302138	1	22
3L	27140243	27146395	1	22
2L	10343588	10343644	-1	22
3R	21179391	21185548	1	22
X	258081	258142	1	22
3L	11200064	11200131	1	22
3R	24250676	24250733	-1	22
2R	23992859	23992928	-1	22
2L	930424	950492	1	22
3L	2599833	2599897	1	22
3L	9510652	9511056	-1	22
3R	21017875	21017942	1	22
3R	5335061	5335895	-1	22
3R	24163161	24163218	-1	22
3R	12705282	12705344	1	22
3L	11692360	11692422	1	22
2R	17591964	17592028	-1	22
2R	9417572	9417633	1	22
3L	11184420	11196567	-1	22
X	3952222	3952767	1	22
Y	2422839	2489273	-1	22
X	2269705	2270699	-1	22
4	94616	97822	1	22
3L	5439472	5439531	1	22
X	16993546	16993675	-1	22
X	22693000	22740542	1	21
2L	6646948	6647951	-1	21
2R	15216879	15216942	1	21
2L	2400966	2401107	1	21
3L	20810929	20810981	1	21
3R	23963224	23965800	1	21
3L	21570136	21570257	1	21
X	15755993	15756079	-1	21
3R	28890101	28900824	1	21
X	10407301	10407366	1	21
3L	7854190	7855279	-1	21
3R	19240839	19242525	-1	21
X	942797	943302	-1	21
2R	21021134	21021191	1	21
2R	18167722	18167773	1	21
3L	20833658	20833730	1	21
3R	31253299	31253355	1	21
2L	19065270	19069444	1	21
2R	22887794	22887850	-1	21
X	9507263	9510160	-1	21
3R	31599349	31600389	-1	21
X	3632056	3645304	-1	21
4	1243653	1243719	1	21
2L	19009138	19009205	-1	21
2R	12922811	12922879	1	21
3L	23748717	23748776	1	21
2R	9090022	9090083	-1	21
3R	24634927	24634987	-1	21
4	860382	860440	-1	21
2R	20329198	20329264	1	21
X	14324859	14355463	1	21
3R	24187415	24187473	1	21
3R	20850628	20850855	1	21
3R	9269884	9269944	1	21
3R	25742013	25742154	-1	21
2R	13826482	13829640	1	21
3L	4261306	4261362	1	21
X	14206467	14206597	-1	21
3L	5766717	5766776	1	21
3L	708929	708991	-1	21
3R	8730102	8730367	-1	21
2R	18277682	18277751	1	21
3R	31216360	31216656	-1	21
3L	24537617	24542410	1	21
2R	9321211	9350672	-1	21
2R	19470813	19470872	1	21
X	6600511	6605180	1	21
3L	23126401	23126717	1	21
X	9152657	9153900	-1	21
3R	20590771	20590829	1	21
2R	6151997	6152069	-1	21
4	1247239	1248303	1	21
2R	18636272	18636340	-1	21
3R	11246394	11246458	1	21
2R	11381595	11381663	-1	21
3L	19896848	19896912	-1	21
2L	6646948	6649030	-1	21
2R	14672386	14672654	-1	21
3R	27645411	27646041	-1	21
X	4544177	4544234	1	21
3L	4579520	4580077	1	21
X	11795187	11795601	1	21
3L	2235579	2235829	-1	20
2R	12759344	12759399	1	20
2R	13497152	13497368	-1	20
2L	7028667	7028727	1	20
X	11722409	11722534	1	20
2L	2782840	2783041	-1	20
2R	7957960	7958018	1	20
X	15894767	15894835	1	20
2L	8304988	8305052	1	20
3L	15493331	15493469	-1	20
2L	11281781	11281840	1	20
3R	15222646	15222703	-1	20
2L	1170957	1171030	-1	20
3L	12771142	12771206	-1	20
2L	8545234	8563739	1	20
3L	15523465	15523833	-1	20
3L	11184209	11184389	-1	20
3L	1599915	1599979	1	20
3R	11593767	11604142	-1	20
2R	15145091	15145179	-1	20
X	9154241	9154380	-1	20
3R	18573530	18586279	1	20
3L	9151113	9151254	-1	20
3R	9402774	9402843	-1	20
3R	11950785	11950858	1	20
2R	24871646	24871709	-1	20
2R	5242063	5242385	-1	20
3R	29201909	29201970	-1	20
3R	27065323	27065803	-1	20
3R	23983916	23984440	1	20
2R	1595985	1596036	1	20
X	15958591	15961986	-1	20
X	5754357	5754437	-1	20
3R	3469479	3523414	-1	20
3R	28084617	28085405	1	20
2L	7831026	7831469	1	20
4	1196092	1196165	-1	20
3L	5664448	5664964	1	20
3L	23093879	23094680	-1	20
2R	9587229	9587447	1	20
3L	5424276	5429163	1	20
3L	15161100	15161165	-1	20
X	13701354	13707596	-1	20
X	15928931	15929173	-1	20
2L	6426906	6445114	-1	20
3R	23997209	23997267	1	20
2R	7937144	7937204	-1	20
2R	1072440	1076635	1	20
2L	3723765	3725656	1	20
2R	18688369	18692041	1	20
2R	24092263	24092342	-1	20
2R	12590340	12590439	1	19
X	12572627	12572772	-1	19
2R	8172772	8173173	-1	19
3L	1637273	1637723	-1	19
4	1196263	1196320	-1	19
3L	8930740	8930800	1	19
3R	21626851	21645516	-1	19
X	4688673	4691597	1	19
3R	20575622	20576146	-1	19
3R	9487110	9493011	-1	19
2R	25255938	25256158	1	19
3R	23983905	23984428	1	19
3L	21619618	21619674	1	19
3R	10159332	10159396	-1	19
3R	31745591	31745770	-1	19
3R	18253213	18253275	-1	19
2L	6907134	6907232	-1	19
2L	108810	110406	1	19
3R	10865648	10866529	-1	19
2L	10485791	10485855	-1	19
3R	4957239	4957290	-1	19
3L	18747719	18747776	-1	19
3R	27272197	27272841	-1	19
3L	23329399	23329886	-1	19
3L	7163507	7163752	-1	19
2L	824138	824219	1	19
2L	3175399	3183316	-1	19
X	16801588	16801654	1	19
3R	28148252	28158989	1	19
X	5309707	5310132	1	19
3R	21308088	21308366	1	19
2R	14157147	14157207	-1	19
3L	4558053	4563797	1	19
4	282739	302242	-1	19
2L	20969524	20993233	-1	19
3L	21726938	21728287	-1	19
3R	17674824	17674889	-1	19
4	1243951	1244014	1	19
4	781670	783174	-1	19
3L	9429326	9429695	-1	19
2L	7429516	7429582	1	19
X	10709037	10709088	1	19
4	1050393	1050455	-1	19
X	12912074	12912583	1	19
X	12204410	12229666	1	19
3R	4750887	4750949	1	19
2L	10438240	10438301	1	19
X	11609714	11610202	-1	19
3R	11994756	11994964	-1	19
3R	13389760	13390048	-1	19
2L	21637787	21637958	1	19
3L	1659991	1661109	-1	19
2R	5662377	5662456	-1	19
2R	21154167	21154715	-1	19
3R	5734433	5734502	1	19
4	395323	395520	-1	19
2R	6810340	6810399	-1	19
3L	7424157	7445167	1	19
3R	29934090	29934239	1	19
4	452891	452972	1	19
3L	16844863	16844920	-1	19
3L	7035882	7038005	1	19
3L	4379597	4379931	-1	18
3R	23983734	23984290	1	18
2L	18211299	18215765	-1	18
3R	22408881	22408940	-1	18
3L	21025549	21027296	-1	18
3R	14891877	14891951	1	18
3L	27420842	27441599	1	18
2R	15339076	15339138	1	18
2R	24028125	24028614	-1	18
X	20772774	20773152	-1	18
X	4704518	4704588	1	18
3R	24317842	24317896	-1	18
2L	12040380	12040438	1	18
3L	11062390	11062456	-1	18
X	6268973	6269125	1	18
2L	2772646	2779175	-1	18
3R	4750055	4750794	1	18
3R	29597347	29597419	1	18
X	18791245	18791301	1	18
2L	9889406	9889460	1	18
2R	8142029	8142099	-1	18
3L	19601148	19601210	1	18
3R	29316170	29316237	-1	18
3L	5170441	5184215	-1	18
3R	14026945	14031573	-1	18
2L	13386691	13386757	-1	18
X	8517421	8531697	1	18
3R	18950604	18958362	1	18
2L	16843395	16843513	-1	18
3L	21540201	21540269	1	18
2L	19008544	19008724	-1	18
2R	15540641	15540700	-1	18
2L	21628210	21629667	-1	18
3R	25044290	25044526	-1	18
3L	21306199	21315303	-1	18
X	8418427	8423184	1	18
3R	24058800	24058855	1	18
X	8410690	8418351	1	18
2L	2214885	2215014	1	18
2R	12612885	12613567	1	18
3R	29597474	29598164	1	18
2L	6659319	6659379	1	18
3L	7916881	7925999	-1	18
3L	8196884	8197142	-1	18
3R	24055416	24055589	-1	18
2L	4854729	4865148	1	18
X	15919687	15919744	1	18
3R	9295552	9295686	-1	18
2L	3025192	3025257	1	18
3R	15347626	15347690	1	18
3R	10853397	10853452	1	18
3L	21213492	21213844	1	18
2L	16731578	16731643	-1	18
2L	19145845	19166085	1	18
2R	20476252	20477884	1	18
X	16389328	16389396	-1	18
3L	998292	998351	-1	18
2R	24891838	24892284	1	18
3R	8941833	8941901	1	18
2R	16103775	16105033	1	18
3L	20515787	20515861	-1	18
2L	9685203	9696191	-1	18
X	15702186	15702264	-1	18
2L	340856	342579	1	17
3R	23983897	23984353	1	17
3R	13662232	13662297	1	17
3R	19454266	19457120	1	17
2L	1974992	1975061	1	17
3R	13709383	13709441	-1	17
3R	21308150	21308428	1	17
3R	4094457	4095775	1	17
2R	23924550	23924616	1	17
3L	20713301	20713484	-1	17
3L	6490904	6490970	1	17
3R	15957182	15957591	1	17
2R	10104831	10104941	1	17
X	5082240	5084573	-1	17
2L	10438813	10438882	1	17
3R	20252822	20253627	1	17
3R	20797278	20797345	1	17
2L	21105009	21114594	1	17
3L	1851419	1851662	-1	17
2R	1265532	1266192	1	17
3R	947571	1025040	1	17
2L	19545102	19545157	1	17
2L	4840984	4841163	1	17
2L	10482787	10482845	1	17
X	17701166	17701306	-1	17
2R	12425075	12425129	1	17
3R	16471070	16471129	1	17
2L	1182105	1182170	1	17
3R	4735804	4737023	-1	17
3L	5140778	5140840	-1	17
2R	23946262	23946447	1	17
3R	4328018	4328137	-1	17
2R	5662554	5662619	-1	17
X	13713142	13713201	1	17
3R	23983955	23984306	1	17
2R	17871662	17871905	-1	17
3R	25039957	25040022	1	17
2L	4295622	4299068	1	17
2R	24044920	24044992	-1	17
2R	4187848	4187946	-1	17
3L	7931791	7932038	-1	17
3R	11408327	11408386	1	17
3L	1294039	1294093	1	17
2R	16764375	16765833	-1	17
X	14322916	14355463	1	17
2R	23356671	23356856	-1	17
X	15828503	15828563	-1	17
4	1018710	1018770	-1	17
X	15896075	15896147	1	17
X	11979765	11979839	-1	17
3L	1351790	1351853	1	17
3L	827002	827182	-1	17
3L	8441719	8442333	-1	17
2R	9142656	9142717	-1	17
3L	23325957	23326688	-1	17
3R	3864561	3864613	1	17
2R	6214752	6233266	1	16
3R	16482214	16482280	-1	16
3R	24109589	24109656	1	16
2R	14276407	14277281	1	16
3R	23983910	23984440	1	16
4	211795	211854	1	16
2R	13829866	13830551	1	16
X	17962252	17966348	-1	16
3R	11224248	11224491	1	16
2L	21680181	21680757	-1	16
2L	21380601	21382019	1	16
X	15317515	15317589	-1	16
3L	14562284	14562377	1	16
4	258467	258528	1	16
X	4086053	4086170	1	16
4	252171	252824	-1	16
2R	8167453	8167514	1	16
3R	5416899	5437136	1	16
4	1234800	1241730	1	16
2R	16924787	16926346	1	16
2R	10105068	10105702	1	16
3L	6943007	6944432	1	16
4	204793	205741	-1	16
3R	9487204	9493352	-1	16
3L	19611208	19611325	-1	16
3R	1342318	1454572	1	16
2R	21293790	21294054	1	16
X	20792545	20792605	-1	16
4	1230421	1230502	-1	16
3R	25984220	25984275	1	16
3R	14733884	14734387	-1	16
2R	24060750	24060813	1	16
3R	20798410	20805947	1	16
2R	16753538	16753599	-1	16
3L	4255296	4255610	1	16
X	15929592	15929658	-1	16
3R	24059004	24059062	1	16
3R	20331049	20331481	1	16
2R	20586410	20586615	-1	16
3L	11062229	11062291	-1	16
3R	22729760	22729817	1	16
3L	8523898	8523953	-1	16
3R	25135077	25135150	1	16
3R	5376101	5376157	1	16
3L	22869472	22869665	-1	16
2R	17518696	17518753	1	16
X	1016709	1026514	-1	16
X	8119293	8119355	-1	16
3R	23983910	23984347	1	16
2R	12924348	12924422	1	16
X	10267359	10276455	-1	16
3R	24318122	24318215	1	16
3L	7804708	7808997	-1	16
3L	25961541	25969034	-1	16
2R	14622767	14622945	1	16
2R	9089445	9089508	1	16
3R	7071862	7071916	-1	16
4	1245684	1245752	1	16
2R	24052589	24052655	1	16
3L	3328184	3328251	1	16
3R	29050433	29050497	1	16
2R	7467317	7467483	-1	16
2R	24135368	24135430	-1	16
3L	4578870	4579447	1	16
3R	15300823	15301011	1	16
3L	3515935	3516529	1	16
3R	25887232	25887298	1	16
2L	21380729	21382019	1	16
3R	30177390	30177454	1	16
3L	23007500	23007559	1	16
3L	226257	230767	1	16
3L	1724226	1730525	-1	16
3L	25978151	26013543	-1	16
3L	6754458	6755073	-1	16
3L	10874265	10874336	1	16
3R	16645947	16646020	-1	16
4	996750	997707	1	16
3L	4419664	4419740	1	16
3L	19817168	19817231	-1	16
X	4427540	4428198	1	16
3R	30045787	30046134	-1	16
X	7893491	7893750	-1	16
X	2148844	2149221	-1	16
2R	11651225	11651324	-1	16
2L	449171	449230	-1	16
X	4203487	4205900	-1	16
3R	11628237	11628295	1	16
3L	12534005	12534063	1	16
X	5319583	5319654	-1	16
X	20427740	20427800	-1	16
4	504139	515582	1	16
X	15341163	15341222	-1	16
2L	8211503	8211559	1	16
2R	7971183	7971244	-1	16
2L	7034274	7034484	1	16
2R	13187909	13197677	-1	16
3R	12624905	12624966	-1	15
3R	29490957	29491015	-1	15
2R	18132942	18133004	-1	15
2R	18460645	18460912	-1	15
3R	9487204	9493557	-1	15
2R	9059549	9059853	-1	15
2R	23975084	23975140	1	15
3R	19763751	19764249	1	15
3L	9459595	9459654	-1	15
3R	18251279	18251344	1	15
2R	12594069	12606915	1	15
2L	9937511	9937658	-1	15
2R	23922857	23922922	1	15
2L	10225433	10225504	-1	15
2L	11590794	11606514	1	15
2L	20079473	20084578	-1	15
3R	15792974	15793042	1	15
2R	2495024	2520579	-1	15
2R	23968245	23968306	-1	15
3R	12403594	12403651	-1	15
3R	22792001	22792390	1	15
2L	8383271	8383335	1	15
4	366763	369507	1	15
2L	10840797	10840867	-1	15
X	8691552	8691611	1	15
3R	32049870	32051269	-1	15
2R	13623831	13654284	1	15
3L	9048957	9049152	-1	15
2R	5979638	5980043	-1	15
2R	20671859	20672119	1	15
3R	27262161	27262227	-1	15
2R	16045391	16045451	1	15
3R	25431982	25472482	-1	15
2L	21627503	21627572	-1	15
3R	8823802	8823985	-1	15
3R	10255430	10260818	-1	15
2L	21139943	21140009	-1	15
3R	11239434	11239511	1	15
3R	4330249	4331547	-1	15
2L	12713376	12713443	-1	15
X	11622358	11623753	1	15
3L	3924478	3925463	-1	15
3R	20252917	20253627	1	15
4	1248491	1248547	1	15
3L	20844549	20845929	-1	15
3L	12753614	12753676	-1	15
X	1774223	1775699	1	15
2L	7033019	7034199	1	15
3L	16226359	16226587	-1	15
3R	19412571	19415633	1	15
2R	9608018	9608077	1	15
3R	25417965	25431917	-1	15
2L	101915	101979	1	15
2R	6655111	6655172	1	15
X	5634426	5636222	-1	15
2R	16706280	16716154	-1	15
2L	21615041	21615103	-1	15
3R	23983935	23984306	1	15
2L	7568979	7576245	-1	15
3R	12563120	12593483	-1	15
2R	12574838	12574894	1	15
3L	20769838	20769894	1	15
4	915719	915837	-1	15
2L	20576270	20583686	1	15
2L	10254326	10254385	1	15
3L	23319178	23319234	-1	15
3L	20713878	20715553	-1	15
2L	16602086	16603824	1	15
X	1668745	1668808	-1	15
3R	4638410	4638544	-1	15
2R	10099739	10104256	1	15
X	8249095	8249154	-1	15
2L	6063231	6063283	1	15
3R	29594345	29597241	1	15
3R	28324878	28325489	-1	15
2L	19702026	19702327	1	15
2R	18688512	18692041	1	15
3R	18399951	18400011	1	15
3R	23249683	23249741	-1	15
2R	16609326	16618804	1	15
3R	9342492	9354422	1	15
3L	12752923	12752984	1	15
X	12731907	12742319	-1	15
3R	15970093	15970155	-1	15
3R	30003179	30003252	1	15
2R	15573392	15573450	-1	15
2R	11305296	11305351	1	15
3R	11228422	11228490	-1	15
X	11579125	11579670	1	15
2R	14234829	14234890	-1	15
X	3256212	3258614	1	14
3R	12465715	12511225	1	14
4	892950	893505	-1	14
2R	4673063	4673114	1	14
2R	13814582	13814644	1	14
X	8408447	8408519	-1	14
3R	4737128	4737181	-1	14
2R	16931144	16931199	1	14
3L	3600226	3600312	1	14
3R	27957745	27957807	-1	14
3L	3043847	3043905	1	14
3R	20822274	20822418	1	14
3L	11196876	11197239	-1	14
3L	6075958	6076023	1	14
2L	475852	475916	1	14
3L	6025338	6025418	1	14
2R	15145272	15145383	-1	14
3L	1500389	1501799	-1	14
3R	23983905	23984374	1	14
X	19353654	19362967	1	14
3R	30176586	30176643	-1	14
2R	13843337	13843540	-1	14
2R	4458098	4458154	-1	14
3R	19200707	19200778	1	14
X	10629361	10630189	1	14
3R	21302840	21303255	1	14
X	12850811	12868228	-1	14
3R	11237341	11237400	1	14
2R	24607522	24608935	1	14
2L	19702035	19702146	1	14
4	1129489	1129566	1	14
3R	17836237	17851986	1	14
X	21036638	21037610	1	14
2R	18164896	18164955	-1	14
4	443155	443213	-1	14
3R	17685351	17685413	1	14
2R	15204176	15204235	1	14
2L	21633306	21633374	1	14
X	15886353	15887038	-1	14
X	11149852	11149925	1	14
3R	28603319	28603608	1	14
X	8518399	8531525	1	14
3L	9429728	9429792	-1	14
X	14234763	14234825	-1	14
2L	21380827	21382019	1	14
3R	20580322	20580390	1	14
2L	8377794	8377847	1	14
3R	5221326	5221392	1	14
2R	18306136	18355500	-1	14
2L	13209846	13209911	1	14
2R	6833688	6833755	1	14
3L	9112788	9113046	-1	14
3R	8756213	8767674	-1	14
2R	4786884	4786966	1	14
2L	16545439	16557879	1	14
3L	4291624	4291687	-1	14
X	15466477	15466543	1	14
3L	3171107	3171164	1	14
2R	4607321	4608359	1	14
3L	11629513	11630467	1	14
2R	12612852	12613567	1	14
X	11698598	11703290	1	14
X	11369709	11373817	1	14
2R	15677435	15677489	-1	14
2R	12260189	12264743	1	14
3L	17844715	17844780	-1	14
3R	27287720	27287785	-1	14
3R	30826027	30826718	1	14
3L	7699374	7699486	-1	14
X	15875206	15875268	1	14
2L	3869804	3869873	1	14
2R	14946418	14946477	-1	14
3L	11111689	11111745	1	14
2L	8088454	8089185	1	14
3R	9234665	9237272	-1	14
X	7009664	7009774	-1	14
3L	19996969	19997031	1	14
X	3481370	3482026	-1	14
X	20509468	20510519	-1	14
2R	21212479	21212546	1	14
3R	8000504	8000586	1	14
2L	21617433	21617494	-1	14
3L	9411983	9412155	1	14
3L	11683408	11683476	1	14
2R	19408056	19408124	-1	14
X	9024419	9024624	1	14
3L	21025549	21027388	-1	14
X	2637312	2641125	1	14
2R	14276429	14277281	1	14
2R	5328029	5329010	1	14
X	11057801	11058365	-1	13
2R	19532375	19532436	-1	13
2L	5044489	5046304	1	13
2L	18987871	18987936	1	13
X	14955550	14955865	1	13
2R	19308516	19308573	-1	13
3R	6382270	6382328	1	13
2L	23068145	23068200	-1	13
2R	16778685	16778740	1	13
2L	12714547	12714649	-1	13
X	7903336	7903398	1	13
3R	9792758	9792813	1	13
2L	10225150	10225279	-1	13
3L	8130080	8131481	1	13
2L	9940569	9940629	1	13
3R	12561805	12595855	-1	13
3L	835331	835387	1	13
2L	15032184	15032635	1	13
3L	9858064	9858338	-1	13
3L	20713612	20713681	-1	13
2L	12094712	12094769	1	13
3R	25043823	25043881	-1	13
2R	20605620	20605682	1	13
X	12868410	12869497	-1	13
X	22657660	22692941	1	13
2R	24892079	24892284	1	13
2L	8083458	8089185	1	13
2L	10848169	10848241	-1	13
4	190062	191309	-1	13
2L	10178478	10180107	-1	13
X	13831101	13831168	-1	13
3R	23983928	23984369	1	13
X	17910010	17910078	1	13
3R	31598953	31599281	-1	13
3L	27293272	27331994	1	13
3L	11494957	11495017	1	13
4	1135485	1135539	1	13
3L	19923895	19923982	1	13
2L	18120073	18123349	1	13
X	3700465	3700671	1	13
2L	10229956	10231283	-1	13
2R	9883844	9883897	-1	13
2L	21684912	21688474	1	13
2L	20827158	20827497	1	13
2L	10009537	10010737	1	13
2R	10105826	10106289	1	13
3L	15510232	15510605	1	13
3L	25109910	25109964	1	13
2L	10766131	10766191	-1	13
3L	17528621	17528909	-1	13
2L	10341766	10341822	1	13
3L	6624697	6626421	1	13
2L	11077067	11077123	-1	13
X	198550	198610	1	13
3L	27350322	27380953	1	13
3R	22899981	22914951	1	13
2R	3938886	3942934	-1	13
X	16527975	16533059	-1	13
X	18039731	18040202	-1	13
3R	4292270	4295120	1	13
2L	21662632	21662689	1	13
3L	11621423	11621483	-1	13
3R	27568206	27568279	-1	13
2L	12222338	12240868	1	13
3L	25977	26030	1	13
2R	24785261	24785312	1	13
3R	21621697	21622812	-1	13
4	783246	783302	-1	13
3R	23984148	23984440	1	13
3R	13025045	13025389	1	13
3R	9487200	9493396	-1	13
3R	15954235	15954583	1	13
X	4413812	4428198	1	13
X	3720514	3721376	1	13
3L	17436378	17436513	1	13
2R	23910824	23911391	1	13
3R	24059231	24059289	1	13
2R	16428823	16429331	1	13
2R	17545938	17545994	1	13
X	5086202	5089404	1	13
3R	23578799	23578879	1	13
2R	8012283	8012347	-1	13
3R	30485393	30485454	1	13
X	12919710	12941720	1	13
2R	14234343	14234396	-1	13
3L	4379581	4379931	-1	13
X	10309666	10318418	-1	13
X	21061918	21062348	1	13
X	16360879	16360932	1	13
3L	8444553	8449149	1	13
3L	18619208	18619377	-1	13
X	19347734	19347836	-1	13
3R	29137524	29137584	1	13
2L	22247722	22247796	-1	13
X	10479718	10479836	1	13
X	2712023	2712093	-1	13
3R	22372168	22372226	1	13
2R	18288389	18289535	-1	13
Y	1164719	1216738	-1	13
3L	258764	258823	1	13
3R	12950328	12950408	-1	13
2L	10329263	10329322	-1	12
3R	18214599	18214666	1	12
3L	267870	268220	1	12
4	97976	99406	1	12
2L	566439	566498	-1	12
3R	20973739	20973811	1	12
X	19363022	19410159	1	12
3R	9790461	9790526	-1	12
2L	18387318	18392245	1	12
X	3949373	3949481	1	12
3R	25024150	25024217	1	12
2R	18167523	18167658	1	12
3R	15951851	15954158	1	12
2R	10461032	10461096	1	12
3L	16232324	16232380	1	12
2R	15221566	15221728	1	12
4	447036	447101	1	12
2R	4700584	4700644	-1	12
2L	21124192	21124287	1	12
3R	29723589	29723847	1	12
X	19334525	19340503	-1	12
2R	6081035	6081736	-1	12
2L	6067236	6067289	1	12
2L	19792452	19792510	1	12
X	22468001	22468112	1	12
3R	15373014	15373386	1	12
X	18186502	18192331	1	12
X	7322473	7322557	-1	12
3R	11621454	11621515	1	12
3R	11816758	11817194	-1	12
X	5176789	5177567	1	12
3R	23983911	23984362	1	12
2R	9399869	9399948	-1	12
3R	19032026	19032089	1	12
4	480692	480776	-1	12
3L	20372020	20372080	-1	12
2L	7195641	7195703	-1	12
2R	20977246	20977317	1	12
4	537761	538538	1	12
2L	20064573	20064625	-1	12
3R	8128424	8128490	1	12
3R	11416421	11416480	-1	12
4	211983	212628	1	12
3L	241502	241564	-1	12
X	1400626	1413418	1	12
3L	23748061	23748140	1	12
4	902583	902826	-1	12
3R	9511682	9511740	-1	12
2R	10461444	10461513	1	12
2R	18821638	18821698	1	12
3L	185865	185926	1	12
2R	9580748	9580818	1	12
2L	6121944	6122005	1	12
3R	8823070	8823268	-1	12
2R	13827038	13829640	1	12
3R	23994603	23994664	1	12
2L	16742443	16742626	-1	12
2R	5327792	5327848	1	12
3L	5691784	5695422	1	12
4	611656	611727	1	12
3L	21333495	21333896	1	12
3R	24624156	24624475	-1	12
3L	20169064	20184963	-1	12
X	11579125	11579349	1	12
2L	851660	851718	-1	12
2L	14209118	14217027	-1	12
X	11980158	11980763	-1	12
X	13084571	13085596	-1	12
3R	7190267	7190721	1	12
3L	321364	321915	-1	12
2R	24067255	24067465	-1	12
4	1043119	1043468	-1	12
2L	1016077	1016139	-1	12
3L	2941625	2944023	1	12
3L	514706	539899	-1	12
3L	6737287	6737353	-1	12
2L	5071158	5071227	1	12
4	65522	66000	-1	12
3R	25067332	25067385	-1	12
2R	15993130	15993187	1	12
2R	7702884	7702941	1	12
X	17075990	17076925	-1	12
X	15758318	15760125	-1	12
X	13385397	13385500	1	12
2R	24785684	24785742	-1	12
2R	24904901	24904970	1	12
3R	23678165	23678238	1	12
3R	21354695	21354974	-1	12
2R	21399314	21412311	-1	12
3L	9130609	9134317	-1	12
3R	21807735	21808489	-1	12
X	5693292	5693361	-1	12
4	1192649	1192706	-1	12
3L	3743773	3745828	-1	11
2L	19031242	19031293	-1	11
2R	19443240	19443313	1	11
3R	3585511	3586866	-1	11
X	18155595	18161013	1	11
3L	1564281	1568418	-1	11
3L	1198231	1198299	1	11
X	15892570	15892828	1	11
3L	19199498	19211467	-1	11
3L	19211512	19232324	-1	11
3R	24062599	24062660	1	11
3R	8943401	8943465	-1	11
2R	16263537	16263603	-1	11
3L	10663918	10664075	1	11
4	155148	155765	-1	11
3L	8601416	8601648	1	11
2R	17208188	17220055	1	11
3R	5591831	5591929	1	11
3L	6075689	6075761	1	11
3L	11062824	11062903	-1	11
2L	1113766	1113826	1	11
X	10244627	10249963	-1	11
3L	10590391	10590521	1	11
3L	2631917	2631977	1	11
3R	30180455	30180509	1	11
2L	8210474	8210550	-1	11
2L	15017397	15021092	1	11
2R	18430022	18430081	1	11
2R	13453031	13453089	1	11
3R	25684517	25685025	-1	11
2R	16204382	16204442	-1	11
2L	2770401	2770460	1	11
3R	23514324	23514377	-1	11
2R	10736749	10736893	1	11
2R	18821284	18821493	1	11
2R	14179932	14180422	1	11
2R	17775436	17775493	-1	11
X	15733554	15733711	-1	11
2R	18634942	18636143	-1	11
X	18354995	18355921	-1	11
X	11976825	11976889	-1	11
3R	23983728	23984303	1	11
2R	14619171	14619234	1	11
2R	11646320	11650815	-1	11
2R	15453009	15456435	1	11
3R	23983911	23984433	1	11
X	16789718	16789773	-1	11
2L	1501037	1501097	-1	11
3L	12851154	12852427	1	11
3R	31171633	31177252	1	11
3L	314318	318991	-1	11
4	671167	680440	1	11
2L	5985221	5985343	1	11
4	1174929	1174982	-1	11
2R	1266053	1266192	1	11
X	11793901	11793974	1	11
2R	14865059	14865172	-1	11
2L	10275630	10275697	-1	11
3L	5163704	5163834	-1	11
2R	15531396	15532122	-1	11
X	7285785	7285914	-1	11
3L	226247	230767	1	11
2L	310606	317743	1	11
2L	3872948	3873019	-1	11
3L	16231417	16231474	-1	11
3L	1564281	1568197	-1	11
3R	29801867	29801928	-1	11
2R	16716212	16730899	-1	11
2R	1080442	1105847	1	11
2R	21512178	21513517	1	11
3L	7173555	7175425	-1	11
3L	201759	201817	1	11
2L	7034694	7034765	1	11
3R	12399209	12399272	-1	11
4	1165488	1165550	1	11
2R	16327161	16333034	-1	11
3L	5170441	5218950	-1	11
2R	9959392	9959444	-1	11
3L	10574489	10575319	1	11
2L	10766276	10766391	-1	11
3R	30593421	30593489	-1	11
2L	8083898	8089185	1	11
2L	101620	101876	1	11
2R	24785684	24785736	-1	11
3L	3897092	3897148	1	11
3R	3850236	3864292	1	11
3L	9806573	9807720	1	11
2R	17797862	17797925	1	11
2L	2793271	2793328	-1	11
4	1048149	1048504	-1	11
3R	28813815	28813881	1	11
X	10708835	10708896	1	11
3L	12137092	12137159	1	11
3L	27146884	27146945	1	11
2L	12040203	12040265	-1	11
3L	6496482	6505083	1	11
2R	21278576	21278692	1	11
3L	22914300	22923362	1	11
2R	16421733	16422680	1	11
3R	21626851	21632133	-1	11
3L	7285218	7294791	-1	11
2R	16009717	16009773	-1	11
3L	21614013	21614065	-1	11
2R	8910585	8910644	1	11
3L	7035316	7035744	1	11
3R	8752399	8752514	1	11
2L	10403557	10403730	-1	11
3R	10613801	10638624	-1	11
3L	5607466	5607552	-1	11
X	6681373	6681437	1	11
3R	25700027	25700997	-1	11
3R	9420048	9432032	1	11
2R	8119255	8119323	-1	11
4	395323	395649	-1	11
3L	16350953	16351120	-1	11
2R	9606764	9606825	1	11
3L	10574155	10574435	1	11
3R	30518574	30519647	-1	11
3R	8823302	8823353	-1	11
3R	27165371	27165432	-1	11
2R	10033704	10033757	1	11
2L	10832097	10837280	-1	11
3L	19542469	19542535	-1	11
2R	21087859	21087938	1	11
2R	24941055	24941122	-1	11
3L	4575759	4577917	1	11
3R	21019015	21019445	1	11
4	671617	680440	1	11
X	7287641	7287709	1	11
3L	4371905	4373820	-1	11
2R	21010106	21010169	-1	11
3R	20204979	20206179	1	11
3R	24137204	24137276	1	11
2L	4031556	4032423	1	11
X	17668664	17668751	1	11
2L	7220678	7220742	-1	11
3L	202430	202489	-1	11
X	18155591	18161013	1	11
2L	9877261	9885932	-1	11
3R	14035552	14035621	-1	11
3R	24674570	24674770	1	11
2R	17702126	17702315	1	11
3L	20768529	20768593	-1	11
2R	10648423	10648481	1	11
X	5082240	5082522	-1	10
3R	31748087	31749207	1	10
3R	10044755	10044817	-1	10
X	15989299	15989377	-1	10
Y	3004630	3019154	1	10
X	6808342	6808812	1	10
4	349425	349481	-1	10
3R	21645544	21660216	-1	10
3L	9353830	9353888	-1	10
3R	4365542	4365702	1	10
3L	18887747	18890190	-1	10
2R	6877123	6877221	-1	10
3L	9415297	9415408	-1	10
X	19344595	19344905	-1	10
3L	21195131	21195186	-1	10
3L	20833658	20833733	1	10
3R	19242670	19242722	-1	10
2R	24762973	24763033	-1	10
2R	16984785	16984842	1	10
X	13409750	13409814	-1	10
2L	1179070	1179127	1	10
3R	23959594	23962051	1	10
3R	9355084	9357984	1	10
3R	23983955	23984284	1	10
2R	15998253	15999805	1	10
3R	18248152	18248221	1	10
X	3173596	3173668	-1	10
3L	20839341	20839398	-1	10
3L	2963227	2963296	1	10
3L	11196876	11197400	-1	10
X	19494837	19494900	-1	10
2R	25255939	25256159	1	10
2R	15211668	15211726	-1	10
X	4349588	4349653	1	10
2L	14088862	14089108	1	10
X	17952774	17952988	-1	10
2R	17573034	17573103	1	10
X	15989269	15989392	-1	10
3R	27261944	27262116	-1	10
2L	2890917	2945030	1	10
3L	12852717	12852781	1	10
2L	6063772	6063826	-1	10
2R	18445484	18445552	-1	10
2L	7184204	7184615	1	10
4	133236	133588	1	10
2R	4787076	4787138	-1	10
3L	27083594	27083737	-1	10
3R	20792556	20795139	1	10
2R	23061782	23061847	-1	10
3L	16353616	16353680	-1	10
3L	5433227	5433291	1	10
X	11794166	11794819	1	10
X	8716947	8717087	-1	10
2R	18144898	18144967	1	10
2L	2886579	2889674	1	10
3L	826886	826946	-1	10
3R	14734419	14737420	-1	10
2R	495330	495604	1	10
2R	4351219	4378369	-1	10
2R	10116658	10116737	1	10
3L	1660227	1661109	-1	10
X	13669745	13670129	1	10
3R	24662523	24664364	1	10
3R	17967829	17989576	1	10
3L	24724431	24725824	1	10
3L	23095306	23095437	-1	10
2R	20586730	20586804	-1	10
2R	13825158	13825211	1	10
X	2584549	2584667	-1	10
2R	18732585	18745266	1	10
2R	11149512	11149601	-1	10
2R	17008537	17008597	-1	10
3L	3839524	3839633	1	10
X	11579423	11579670	1	10
2R	18438276	18439735	-1	10
X	8515613	8515723	1	10
4	872075	872127	-1	10
3R	8793368	8796705	-1	10
2L	9877973	9885932	-1	10
3L	8983474	8983532	-1	10
X	3289846	3336805	1	10
X	1901014	1901065	-1	10
3L	1659991	1660197	-1	10
3R	8388801	8389977	-1	10
3L	12472833	12472926	1	10
3R	24818351	24818411	1	10
4	427604	427667	1	10
X	3256318	3258611	1	10
2L	10337597	10338019	1	10
X	22797306	22832404	1	10
X	8688903	8688962	-1	10
3L	14984121	14984211	1	10
3L	18819900	18820400	-1	10
3R	25677467	25677528	-1	10
3L	19999744	19999936	-1	10
2R	24063428	24065306	1	10
4	250244	251315	-1	10
X	22740621	22797279	1	10
X	23473471	23535023	-1	10
2R	22410021	22410311	-1	10
3R	4538690	4556696	-1	10
3R	5939939	5958825	-1	10
3L	4242091	4242144	1	10
2R	4695407	4695462	-1	10
2L	10229612	10229705	-1	10
2R	7467634	7467691	-1	10
3R	23921781	23922896	-1	10
X	12203879	12204139	1	10
2R	24727160	24736614	-1	10
4	501858	503851	1	10
X	19600562	19600636	-1	10
3R	24674882	24675167	1	10
2R	10437020	10437082	-1	10
3R	28083623	28084463	1	10
2L	18833245	18833305	1	10
X	11626	15034	-1	10
4	1040079	1043468	-1	10
4	1015621	1016376	-1	10
X	5177623	5186903	1	10
2L	2960987	2961218	1	10
3L	306547	306605	-1	10
3R	9487204	9493474	-1	10
3R	12847194	12847954	-1	10
X	571353	571427	1	10
2R	12103313	12103528	-1	10
2R	11841763	11841846	1	10
3R	9487204	9493523	-1	10
2R	5360966	5361019	-1	10
4	93274	94423	1	10
4	429591	429643	1	10
2R	24701210	24714471	-1	10
3L	7980983	7994889	1	10
X	19340590	19341846	-1	10
X	4086251	4087054	1	10
3L	19804233	19804288	-1	10
2L	6110225	6113030	1	10
2R	13580547	13580844	-1	10
X	5479156	5480833	1	10
X	10627890	10630189	1	10
3R	21357365	21375060	-1	10
3R	27261941	27262116	-1	10
2R	25283027	25283085	1	10
2L	10259691	10260254	-1	10
2L	2783275	2785539	-1	10
3L	3833789	3833976	1	10
3L	20515384	20515444	-1	10
3L	23007708	23010159	1	10
3L	7312231	7312942	-1	10
3R	30800964	30806288	-1	10
2L	7184204	7184608	1	10
3R	20749831	20750225	1	10
2R	16266654	16266719	1	10
3L	20169064	20182626	-1	10
3L	16064000	16064227	1	10
2R	19430153	19430214	1	10
3R	23983906	23984428	1	10
X	15929798	15929854	-1	10
2L	17485229	17485302	1	9
2R	6692237	6692293	1	9
X	12918014	12918577	1	9
2L	6445230	6445287	-1	9
3R	19242824	19242888	-1	9
3R	18668223	18668609	1	9
3R	19987657	20006235	-1	9
3L	22867319	22867400	1	9
2R	20587745	20595557	1	9
3R	8728567	8728626	-1	9
2L	5177400	5177724	1	9
2L	19569227	19571572	-1	9
4	1043522	1045156	-1	9
3R	9805019	9805100	-1	9
2L	292661	292717	1	9
2R	11387491	11387545	-1	9
2R	23946262	23946438	1	9
X	13295625	13295689	-1	9
3L	11196876	11197501	-1	9
X	17822560	17822625	-1	9
3L	10688781	10688926	1	9
2R	13187909	13189561	-1	9
3L	17400540	17400894	-1	9
3R	31219049	31219536	-1	9
3R	13637079	13642299	-1	9
3L	7816413	7816484	-1	9
2L	8369761	8369828	1	9
4	874468	875203	-1	9
X	4533198	4533261	1	9
3L	13986169	13992976	-1	9
3R	31134669	31137402	1	9
2R	5979638	5979701	-1	9
3R	26581023	26582665	1	9
2R	23911552	23911677	1	9
3L	3904622	3904684	1	9
3R	16275170	16289631	1	9
X	19363022	19398503	1	9
3R	9789882	9789954	-1	9
3L	4262748	4262798	1	9
3L	12472974	12473185	1	9
3R	8655907	8655978	-1	9
2L	5042891	5042961	-1	9
2R	9289300	9289361	-1	9
3L	12291242	12291300	-1	9
2L	18607091	18607154	1	9
3L	6505120	6523030	1	9
4	997884	998623	1	9
2L	19043884	19043936	-1	9
3R	25518473	25519261	1	9
2R	20624170	20624220	1	9
2L	20647789	20647964	1	9
3L	4124853	4124919	-1	9
2L	17594997	17600941	1	9
2L	5947333	5948407	1	9
2L	2877390	2877611	-1	9
X	14408322	14425187	1	9
X	2634026	2641590	1	9
2R	19564513	19573988	-1	9
2R	15527718	15531135	-1	9
3L	22136810	22183786	1	9
3R	12435203	12435262	1	9
2R	5657310	5657372	-1	9
3L	7239986	7240044	1	9
3R	11337633	11339658	1	9
3R	24162684	24162740	1	9
4	275720	276291	-1	9
3R	19874511	19875398	-1	9
3R	18247903	18247971	1	9
3L	5761119	5761174	1	9
2R	6083885	6083941	-1	9
3R	11818138	11818573	-1	9
2R	19530701	19532170	-1	9
X	2584396	2584463	-1	9
X	10848246	10848365	1	9
X	19353584	19362967	1	9
3L	17236063	17237832	-1	9
2R	6627211	6627309	-1	9
3L	14002302	14003193	1	9
3R	29724440	29724496	-1	9
X	17634978	17635342	-1	9
3R	18165896	18166026	-1	9
3R	14882805	14882897	-1	9
3L	1661593	1663920	-1	9
2L	6967386	6967508	-1	9
3R	13378319	13378402	-1	9
X	6269245	6269314	1	9
3L	13047172	13047235	1	9
2L	1149587	1149651	-1	9
3R	10044250	10044304	1	9
2R	16198947	16199007	1	9
2L	2215460	2215515	-1	9
3L	7640207	7640270	-1	9
2L	823570	823637	1	9
3R	27261944	27262227	-1	9
X	16294314	16294388	-1	9
2L	14040277	14041321	1	9
3L	27267919	27268202	1	9
3L	17400527	17400881	-1	9
3R	6658428	6659003	1	9
4	665306	665951	1	9
2R	20644719	20644779	1	9
4	250137	250190	-1	9
4	181517	181569	-1	9
2R	6924487	6924553	1	9
2R	5610257	5611192	1	9
X	15836675	15836738	1	9
2L	10011553	10011607	1	9
3L	20846023	20846090	-1	9
2R	7010046	7010103	-1	9
3L	1633506	1635186	-1	9
3L	14629682	14629741	-1	9
2L	20422237	20422302	1	9
X	15800574	15800639	1	9
2R	16641693	16642052	1	9
4	943021	943103	1	9
3R	7472848	7473261	-1	9
3R	4735558	4735642	-1	9
X	4539604	4539664	-1	9
3R	32053556	32053623	1	9
2R	6832932	6833615	1	9
3R	17920423	17920476	1	9
4	178837	178937	-1	9
2L	15029732	15029790	1	9
3R	21069020	21070724	1	9
3L	12852522	12852616	1	9
2R	8615477	8615903	1	9
3L	1635685	1636818	-1	9
X	21054743	21060495	1	9
3L	9459117	9459183	1	9
4	1233511	1234679	1	9
4	871655	871720	-1	9
X	479946	480030	1	9
3R	25397563	25417938	-1	9
3L	10638701	10639215	1	9
4	1037591	1037646	-1	9
3R	14902891	14903212	-1	9
3L	16414222	16414284	1	9
3L	16125784	16125846	1	9
X	198347	198434	1	9
3R	28325820	28326054	-1	9
2L	14040446	14041321	1	9
3L	9392528	9395296	1	9
3L	10662624	10662684	1	9
3R	23996706	23996766	1	9
2R	19290457	19290518	1	9
3L	7913998	7914059	-1	9
2L	10282280	10282345	-1	9
X	13953227	13967270	-1	9
2L	9891074	9891133	1	9
3R	31776197	31776249	1	9
2L	11816707	11817353	-1	9
3R	21111467	21111655	1	9
3R	24189170	24189230	-1	9
2L	8041699	8041759	1	9
3L	9123911	9125167	-1	9
3R	9256528	9256587	1	9
4	1037741	1038359	1	9
2R	22410397	22410539	-1	9
3R	18733365	18733429	-1	9
X	1774223	1778612	1	9
X	4915523	4915586	-1	9
2R	2053292	2053345	-1	8
2L	9897132	9897473	-1	8
2L	18951538	18951698	-1	8
3L	11196876	11197155	-1	8
X	3175659	3175934	1	8
3R	6008307	6008551	-1	8
3R	25067079	25067133	-1	8
2R	19443099	19443160	1	8
2R	10104410	10104717	1	8
2L	5955724	5955781	-1	8
2R	24664680	24664854	1	8
X	1930593	1938110	1	8
X	13297652	13297747	1	8
3R	21865748	21865815	1	8
3R	25662487	25662634	1	8
2L	9727257	9732955	-1	8
3R	20033627	20034042	1	8
2R	14410419	14410725	-1	8
2R	22854530	22854647	1	8
X	6524795	6524866	1	8
2R	6627215	6627320	-1	8
2R	14092502	14114216	-1	8
3R	14791253	14793443	1	8
X	4360331	4360395	1	8
2L	20754751	20754809	-1	8
2L	15064949	15065190	-1	8
3R	25744883	25744980	-1	8
2L	10329136	10329196	-1	8
3R	3735167	3735269	1	8
2L	10256507	10257778	-1	8
3R	22364128	22364197	1	8
3L	15969561	15969626	1	8
2R	17670329	17670387	1	8
3R	20736930	20736985	1	8
3R	22134452	22142174	1	8
2L	11985772	11985833	-1	8
3L	750228	752272	1	8
X	13773979	13775433	1	8
2R	17081850	17087223	-1	8
3R	24718263	24718321	-1	8
2R	2553878	2565119	-1	8
3R	12424517	12424611	-1	8
2R	4408033	4458023	-1	8
3R	4911086	4917397	1	8
2L	20903560	20916905	-1	8
X	19576396	19576695	-1	8
3R	22717342	22719871	-1	8
2L	10440612	10444752	1	8
X	11368626	11368704	1	8
X	1637140	1637284	1	8
3R	27696832	27696889	-1	8
3R	4713318	4713417	-1	8
3L	4540654	4540713	-1	8
2R	21150924	21150983	-1	8
2R	17471796	17471855	1	8
3L	14746914	14746978	1	8
X	20426908	20426965	-1	8
2R	16925038	16925705	1	8
3L	9337661	9337726	1	8
3R	4950405	4950467	-1	8
2R	3079083	3121991	1	8
3R	21115102	21115251	1	8
3R	15344351	15344413	-1	8
X	11439107	11453796	-1	8
3L	2633810	2637068	1	8
3R	9728092	9728159	-1	8
X	1775739	1778612	1	8
3R	5546401	5546456	-1	8
3R	10865627	10866529	-1	8
3R	18573526	18577567	1	8
2L	10482575	10482637	1	8
3R	7886169	7886596	-1	8
X	2637309	2641125	1	8
3L	1634908	1635186	-1	8
3R	20963857	20963927	1	8
X	4349713	4353467	1	8
4	1120048	1120106	-1	8
3R	16434229	16434285	1	8
X	14582694	14582757	-1	8
X	13813806	13813875	-1	8
3R	23996280	23997112	1	8
2R	10805728	10808740	-1	8
3R	4240715	4240878	1	8
2R	1113726	1120625	1	8
3L	23095212	23095275	-1	8
3R	31776383	31776445	1	8
2L	16973312	16973448	1	8
3R	21774366	21774427	-1	8
2R	6963096	6970893	-1	8
4	1131959	1133875	1	8
3L	23264171	23264221	1	8
3R	31750587	31750645	1	8
2L	1139764	1139829	1	8
2L	9066761	9070832	-1	8
2L	21097279	21098584	1	8
X	9795062	9811788	1	8
3R	5151287	5153523	1	8
3R	27109059	27109127	-1	8
X	15991383	15991822	-1	8
3R	23983905	23984422	1	8
4	560887	562908	1	8
2L	4948560	4948898	-1	8
X	9105332	9105397	-1	8
3L	14762397	14763053	1	8
2R	20595664	20595758	1	8
X	13713360	13713424	1	8
2R	21394736	21394878	-1	8
3R	6363231	6364162	-1	8
3R	26843263	26843445	-1	8
2R	4238463	4238523	-1	8
2R	4236178	4236237	-1	8
2L	4334440	4336450	1	8
2L	16481552	16483808	-1	8
2R	4712776	4719770	-1	8
3R	13246655	13258303	-1	8
X	5250275	5250423	1	8
X	9355179	9355987	-1	8
3R	26879837	26880085	1	8
3R	5274083	5274149	-1	8
3L	7640338	7640404	-1	8
3R	21110558	21110616	1	8
3L	3817722	3817784	1	8
X	21054743	21060492	1	8
X	22995915	22996057	-1	8
2R	24088544	24088604	1	8
X	22832439	22866051	1	8
3L	20296285	20296344	-1	8
2L	16168720	16169487	1	8
2R	19601020	19628481	-1	8
3L	11649492	11649551	1	8
2R	21096270	21096327	-1	8
2L	19007978	19008033	1	8
X	15945329	15945397	1	8
2R	24176832	24176893	1	8
3L	9411744	9411817	1	8
2L	5071031	5071103	1	8
3L	9415467	9417652	-1	8
3R	19088301	19093689	-1	8
X	3721648	3734477	1	8
2R	16986212	16986581	1	8
3R	25276061	25276126	-1	8
2L	5042891	5043078	-1	8
2L	20754366	20754431	1	8
X	16447963	16448031	-1	8
X	6223512	6223585	-1	8
3L	22969183	23002053	1	8
3R	9726190	9727990	-1	8
3R	16573691	16573755	-1	8
3L	27137237	27140119	1	8
2R	19282712	19282772	-1	8
3R	20029832	20029891	-1	8
3L	8521673	8521732	-1	8
3L	17531036	17538662	1	8
3R	9361866	9362053	1	8
3R	23984193	23984362	1	8
3R	17890596	17890661	-1	8
3L	6096152	6096206	1	8
3R	30177092	30177177	1	8
X	12019759	12019825	1	8
3L	8126955	8127011	-1	8
3R	23249964	23250023	-1	8
3R	14625816	14626026	1	8
3L	5923293	5923356	1	8
3L	5664448	5665177	1	8
2R	5092477	5092527	1	8
2R	12618551	12619064	1	8
2L	6587144	6600611	-1	8
3L	5740208	5746468	1	8
3L	17236063	17237824	-1	8
3R	19414623	19415633	1	8
2R	16762444	16762512	-1	8
3L	827237	827423	-1	8
X	8712113	8712183	1	8
3R	31945659	31959035	-1	8
X	15084563	15084626	-1	8
3R	29490754	29490814	-1	8
3R	18355934	18360518	-1	8
X	15340992	15341139	-1	8
2L	9709560	9709622	-1	8
3R	5656572	5656799	-1	8
3L	17400538	17400817	-1	8
3L	20356281	20356345	1	8
3R	7805639	7806591	-1	8
X	8055894	8055967	-1	8
X	16000586	16000668	-1	8
3R	7694631	7713639	1	8
2R	23912835	23912897	1	8
X	10846428	10846492	-1	8
X	4413900	4428198	1	8
X	18326776	18327195	-1	8
2R	4692011	4692079	-1	8
X	15572446	15572510	-1	8
2R	12200040	12200428	-1	8
3R	11654966	11655123	1	8
X	1015080	1015140	-1	8
3R	4292073	4295120	1	8
X	8060098	8060877	-1	8
X	15095029	15095087	1	8
3L	9799927	9800000	1	8
2R	22338946	22339046	-1	8
3R	19240839	19241654	-1	8
3L	11629599	11630467	1	8
X	22995915	23004429	-1	8
2L	21174976	21175033	-1	8
X	12639076	12639154	1	8
3L	1568310	1568418	-1	8
2L	6655014	6655070	-1	8
2R	10049645	10049701	1	8
2L	9406264	9414787	-1	8
3L	17434457	17436324	1	8
3L	322829	322893	-1	8
X	15976314	15976372	1	8
3R	9695224	9695282	-1	8
3L	22739213	22739272	-1	8
3R	30572851	30572925	1	8
3R	20958168	20960726	1	8
X	14824928	14825746	-1	8
2R	7931556	7931611	-1	8
X	19887414	19899012	1	8
3R	567269	682458	1	8
X	18381970	18382040	-1	8
X	9164335	9165682	1	8
3L	15813354	15813419	-1	8
4	416825	419586	-1	8
3L	8995566	8997579	-1	8
2R	13957351	13957962	-1	8
2R	8597848	8598113	-1	8
2L	21381833	21381899	1	8
2R	18718995	18732555	1	8
2R	22004852	22004983	-1	8
2R	1515837	1515895	-1	8
4	249633	249790	-1	8
4	1057573	1057638	-1	8
3L	11196876	11197135	-1	8
3L	508800	514612	-1	8
X	6349386	6349442	-1	8
3R	18661249	18661312	-1	8
2R	7990868	7990928	1	7
2R	949947	951127	-1	7
2R	14276407	14277188	1	7
3R	11233127	11233217	-1	7
X	15860251	15860745	1	7
2R	18728019	18728081	-1	7
2R	12259466	12260040	1	7
3R	23679678	23679736	1	7
3R	29597909	29598164	1	7
2L	8161428	8161493	1	7
2L	10229127	10229185	-1	7
X	16081963	16082034	-1	7
3R	13374016	13374079	-1	7
3L	16844139	16844207	1	7
3R	11339010	11339658	1	7
2L	251465	251527	-1	7
4	887232	887286	-1	7
3L	21573308	21573368	1	7
2L	16506853	16506929	1	7
2R	8119469	8119548	-1	7
2L	17410178	17410252	-1	7
3L	20351522	20351583	1	7
3L	5917032	5917107	1	7
2R	5087081	5088195	-1	7
2R	18356056	18357138	-1	7
2L	19513252	19513309	-1	7
3L	21025549	21026130	-1	7
2R	4754671	4756171	1	7
4	428049	429497	1	7
2L	11165967	11166027	-1	7
2R	16764553	16765328	-1	7
X	20234903	20235288	-1	7
4	1116599	1116660	-1	7
3L	12155993	12156051	1	7
3R	21309576	21309851	1	7
2R	18688551	18692041	1	7
4	1078830	1082127	-1	7
2L	10256507	10256910	-1	7
2L	5068395	5069127	1	7
2R	8615250	8615903	1	7
2L	338119	339207	1	7
3R	22792600	22792658	1	7
3R	9432840	9439346	1	7
2L	10408387	10409711	1	7
2R	22747026	22747136	-1	7
X	9473267	9495674	-1	7
3R	26042265	26042995	1	7
3L	4188775	4189676	1	7
2L	10404755	10404829	-1	7
X	12566837	12568289	-1	7
2L	4842348	4843540	-1	7
X	633839	633902	-1	7
3L	3839362	3839424	1	7
3L	17400573	17400810	-1	7
X	14581675	14581749	1	7
3R	23557874	23567515	1	7
3R	15954684	15954747	1	7
2L	20917121	20918127	-1	7
3L	19285414	19291480	-1	7
2R	3933464	3938552	1	7
3R	19241711	19242525	-1	7
3R	27156073	27156141	1	7
2L	7417479	7417547	1	7
2R	2522731	2553783	-1	7
3L	12527733	12527802	-1	7
4	1013769	1014318	-1	7
2R	8012881	8013072	-1	7
3L	18749480	18749548	1	7
3L	7838860	7853183	-1	7
X	13986075	13988545	-1	7
3R	28084617	28085426	1	7
X	4076427	4077875	1	7
3R	28342420	28342479	1	7
3L	1666035	1666090	1	7
3R	24576519	24577177	-1	7
3R	25043679	25043735	-1	7
2L	6025951	6031293	-1	7
X	8060159	8061300	-1	7
3L	1795997	1796178	1	7
3L	17400565	17400771	-1	7
3R	12462177	12462235	1	7
2R	1265294	1266192	1	7
3R	25135249	25135308	1	7
2R	13483905	13483973	-1	7
3R	10083853	10089061	1	7
3L	21569894	21569957	1	7
3R	22142224	22149367	1	7
3L	2697927	2711352	-1	7
3R	8340772	8340913	-1	7
3R	30005422	30009678	1	7
2R	12092669	12092747	-1	7
X	8408779	8409663	-1	7
3R	4401486	4401601	1	7
2R	21181762	21181836	1	7
3L	21424657	21424718	-1	7
2R	21512178	21514209	1	7
2L	19896324	19901933	1	7
X	5744700	5747102	-1	7
2L	2772654	2779183	-1	7
2L	6474652	6474708	-1	7
3L	5668142	5668691	1	7
3R	14327128	14327253	1	7
3L	5909597	5909664	1	7
3R	20978249	20978386	1	7
3R	11232125	11232194	1	7
2R	7393962	7395431	-1	7
2L	21632706	21633266	1	7
2L	5147299	5148731	1	7
4	69982	72321	1	7
3L	3051766	3051968	1	7
3R	10224043	10224151	-1	7
X	16841871	16841937	-1	7
2R	5294713	5294797	1	7
3L	10636785	10636846	-1	7
2L	13462216	13462354	1	7
2R	11770583	11793228	1	7
3R	19852641	19853548	1	7
2L	9256697	9272466	1	7
2R	12687080	12687597	1	7
X	5617057	5617121	-1	7
3L	4379597	4380287	-1	7
3L	21845236	21907346	1	7
2L	3453279	3453429	1	7
2R	22995000	22995324	-1	7
3R	17498549	17504040	-1	7
X	10255587	10258878	-1	7
2L	560306	560370	1	7
2L	6730540	6730599	1	7
2L	19047655	19047716	1	7
3R	28418868	28442770	1	7
2R	18708189	18708262	-1	7
2R	7017627	7017690	1	7
3R	4737781	4739511	-1	7
X	20509468	20510635	-1	7
2R	9996622	9997704	-1	7
X	11290298	11293498	-1	7
X	11579400	11579453	1	7
3R	27967202	27967269	-1	7
2L	5984625	5984719	1	7
2L	21122390	21124135	1	7
X	15343503	15343597	-1	7
X	21347433	21347531	-1	7
3R	23983928	23984305	1	7
2R	13830719	13830778	1	7
3R	24192318	24192377	-1	7
3R	6407775	6436725	1	7
3R	16442349	16442403	-1	7
3R	31737601	31737659	1	7
3R	21302840	21303809	1	7
3R	23983915	23984283	1	7
3R	4297783	4297871	1	7
4	137333	137391	1	7
4	249978	250034	-1	7
3R	7872119	7885854	-1	7
3R	5972316	5972370	-1	7
X	15935343	15935417	-1	7
2R	9821380	9821437	-1	7
3L	13798404	13803033	-1	7
X	12016722	12016779	1	7
2L	5041837	5042491	-1	7
2L	17477227	17477399	-1	7
3R	23983905	23984343	1	7
3R	4301156	4301238	1	7
2L	18080087	18080147	1	7
3R	27662498	27663187	1	7
2R	7391085	7391147	-1	7
2R	6988266	6988571	1	7
2R	13225625	13225691	1	7
3L	7352734	7353343	1	7
2R	24892549	24894084	1	7
2R	2776485	2892118	1	7
4	179212	179264	-1	7
2R	13073452	13079084	-1	7
2R	23923030	23924416	1	7
3R	9562002	9562175	-1	7
3L	23019468	23019530	1	7
3R	23983903	23984359	1	7
2R	7467317	7467474	-1	7
2L	9727257	9732916	-1	7
3R	29597474	29597776	1	7
3R	7083892	7083948	-1	7
2L	10258174	10258235	-1	7
3R	24254679	24254994	-1	7
2R	21570825	21571110	-1	7
2R	24671040	24671098	1	7
2L	2579797	2579860	-1	7
3L	21540083	21540153	1	7
X	18137047	18137576	-1	7
3R	17967829	17977356	1	7
2R	18958436	18958593	1	7
3L	20737777	20738243	-1	7
3R	23959594	23960478	1	7
3R	21021305	21021405	-1	7
X	1468186	1468251	1	7
3R	11995169	11995372	-1	7
3R	20750355	20750688	1	7
4	1048559	1049187	-1	7
3R	20438136	20449235	-1	7
3L	23100358	23102122	1	7
2R	18660125	18660195	-1	7
4	251526	252824	-1	7
X	11608641	11608703	-1	7
3L	21622053	21622114	-1	7
3R	23983979	23984283	1	7
3R	27232200	27232473	-1	7
X	11975862	11976403	-1	7
3L	12735250	12736058	1	7
X	3571940	3572003	-1	7
2L	8543716	8544544	1	7
X	13446278	13453282	1	7
2R	18718557	18718680	1	7
3L	1501893	1502467	-1	7
2L	6678225	6678912	-1	7
2L	6122854	6122978	1	7
3R	13687976	13688046	1	7
2R	7390622	7390680	1	7
2L	8000033	8000108	-1	7
2R	21144137	21144201	1	7
3L	16131439	16131496	-1	7
3R	24110275	24110333	-1	7
X	8056138	8059867	-1	7
2L	10420346	10420401	1	7
2L	9952699	9952758	-1	7
2L	9437960	9447018	1	7
3R	11336213	11339658	1	7
3L	7239794	7239883	1	7
2L	2876411	2876784	1	7
X	16289159	16289226	1	7
4	1192771	1192956	-1	7
3R	27566148	27566207	-1	7
3L	27323575	27331994	1	7
3L	3833794	3833982	1	7
2L	8083687	8089185	1	7
2R	22828607	22828663	1	7
3L	9581714	9588240	1	7
X	10072389	10072570	-1	7
X	15851197	15851585	-1	7
2L	17251616	17260350	-1	7
3R	18943116	18947291	1	7
3L	3943295	3943347	1	7
2R	14276429	14277139	1	7
3L	11759351	11759626	-1	7
X	20235435	20235509	-1	7
3L	1658047	1658119	-1	7
2L	10264265	10264552	1	7
3L	25708979	25709037	1	7
2L	5043384	5044323	1	7
4	1280857	1280916	1	7
3R	23049988	23050047	-1	7
3L	224184	224973	1	7
2R	12885312	12886369	1	7
3R	24818439	24818586	1	7
2R	17471624	17471694	1	7
X	11398660	11398720	1	7
3R	9643699	9647019	1	7
3R	4486689	4486821	1	7
2L	6456683	6456744	1	6
3L	23325824	23325889	-1	6
X	4698663	4699622	1	6
X	1691013	1691080	-1	6
2L	14217070	14222017	-1	6
3R	21949399	21949640	1	6
3L	19999184	19999288	-1	6
3R	31959128	31975448	-1	6
X	19622472	19622537	-1	6
3R	22174728	22232640	1	6
4	281893	282436	-1	6
2R	7152064	7152258	-1	6
2L	18384894	18387287	1	6
3R	4749417	4750794	1	6
3R	17944287	17947194	1	6
2L	16705790	16715771	-1	6
2L	4874563	4874887	1	6
2R	13955045	13955215	1	6
2L	1012730	1012913	-1	6
2L	2772644	2779175	-1	6
3R	27156270	27156340	1	6
3L	21641363	21641974	1	6
3R	7603986	7605111	-1	6
4	369745	369810	1	6
3R	9420048	9422059	1	6
3R	31934011	31935004	-1	6
X	15892441	15892828	1	6
3L	2632122	2633538	1	6
3L	21059072	21063991	1	6
2R	9508254	9508927	1	6
3L	17847753	17849150	1	6
2R	4322939	4336377	-1	6
2L	6113114	6121774	1	6
2L	21661201	21661348	1	6
X	11455192	11455282	1	6
3R	25124116	25124590	1	6
3R	932101	932177	-1	6
3L	4022554	4022821	1	6
2L	20919393	20919451	-1	6
3L	20839466	20839524	-1	6
2R	982020	994324	1	6
X	15934775	15935295	-1	6
2R	14276527	14279243	1	6
3R	16358365	16358425	-1	6
X	4450802	4450877	1	6
X	1778961	1779090	1	6
3L	20280148	20294761	-1	6
X	3688496	3692953	1	6
X	12652864	12652947	1	6
2R	5699680	5699737	1	6
2R	9115661	9115719	1	6
3L	4435090	4435175	1	6
2L	1983961	1984019	1	6
2L	2401334	2401890	1	6
2R	14622295	14622478	1	6
2R	14622532	14622713	1	6
X	4698663	4699609	1	6
3R	21185585	21202452	1	6
X	2265956	2266036	-1	6
2R	22172951	22173007	-1	6
2R	17569178	17569246	1	6
2R	6075001	6075064	-1	6
2L	17590812	17590872	1	6
2L	6646948	6647708	-1	6
3R	21068778	21068838	1	6
2R	22877208	22877259	1	6
2R	14617361	14617428	-1	6
3L	8961457	8961517	-1	6
3L	3051766	3051983	1	6
2R	10091997	10093144	1	6
2R	10515659	10515835	-1	6
2L	923220	930065	1	6
4	355226	355310	-1	6
X	13781734	13781810	1	6
3R	31743838	31743893	1	6
X	15702663	15703184	-1	6
2L	16168613	16169487	1	6
2L	20562763	20575469	1	6
4	185917	185978	-1	6
3L	8415458	8415527	1	6
3L	16040066	16050458	-1	6
3R	15792902	15792957	1	6
X	17077441	17077681	-1	6
X	21381064	21382180	1	6
4	1149214	1150608	1	6
2R	24939843	24939906	-1	6
2L	2365729	2366275	1	6
2R	21183798	21184067	1	6
2R	16088366	16088452	-1	6
2R	7496897	7496957	-1	6
3L	15813627	15815936	1	6
3L	19261793	19261878	1	6
2R	16974125	16984266	1	6
4	87167	89820	1	6
3L	10693868	10693997	-1	6
3R	16350028	16350417	1	6
2L	17401291	17401519	1	6
2R	22606170	22606247	1	6
2L	8083944	8089185	1	6
X	18535425	18547826	1	6
X	10627776	10630189	1	6
3L	20346175	20346244	-1	6
3L	6943825	6944432	1	6
3L	7529199	7532672	1	6
2L	18838796	18838883	-1	6
X	5648173	5648420	-1	6
2L	17190231	17190297	-1	6
X	18846360	18849880	1	6
3L	9730641	9730733	1	6
X	9472658	9499886	-1	6
3R	10675845	10675903	-1	6
2R	20243110	20243173	-1	6
3L	11196876	11197153	-1	6
X	111901	111959	-1	6
3R	22026391	22026448	-1	6
2L	750985	752695	1	6
3L	6055664	6055717	1	6
3R	8756213	8767334	-1	6
X	18820043	18820334	1	6
2L	871577	871641	1	6
4	661981	663077	-1	6
2R	22664122	22664175	1	6
3R	5666962	5667098	-1	6
3R	7196394	7198328	1	6
3R	28889885	28890005	1	6
3R	30068421	30082180	1	6
2L	17739714	17751939	-1	6
2L	16050273	16050499	1	6
X	11290264	11293127	-1	6
3R	5782022	5785113	-1	6
3L	9354075	9358615	-1	6
3L	5664448	5664882	1	6
3R	12432002	12432067	1	6
2R	16145579	16145643	1	6
3R	17813618	17836151	1	6
3L	1795733	1795793	1	6
3L	8130082	8131481	1	6
2R	24577300	24577366	1	6
2R	21715618	21715692	1	6
3L	24169622	24173493	1	6
3L	20454458	20454645	1	6
3R	16301352	16301805	1	6
3R	18937641	18943053	1	6
3R	10321227	10321465	-1	6
3L	4115143	4115305	-1	6
3L	6948110	6948278	1	6
2L	296812	296977	1	6
3L	17400534	17400850	-1	6
2R	13153753	13153814	-1	6
3R	9332626	9332683	-1	6
X	13733225	13733312	-1	6
3R	16274882	16274954	1	6
X	15989110	15989392	-1	6
3R	31935392	31937270	-1	6
3L	15976042	15976099	1	6
X	8176455	8176553	-1	6
2L	10438697	10438756	1	6
3L	19806453	19806510	1	6
X	19706114	19706176	1	6
3R	14569366	14569424	-1	6
3L	4188885	4189676	1	6
3R	9418001	9439346	1	6
2R	6221277	6233266	1	6
3R	7871917	7872013	-1	6
2L	750927	752731	1	6
2L	14222082	14233648	-1	6
2R	15567173	15567243	-1	6
2R	23865774	23866187	1	6
4	1144114	1144966	-1	6
3R	10613801	10618656	-1	6
3R	10618684	10638624	-1	6
2L	2756171	2756245	-1	6
X	19251275	19251451	1	6
3R	29123490	29123801	1	6
2R	24947687	24947748	-1	6
2R	11305812	11305872	-1	6
3R	20750758	20752346	1	6
3R	11027329	11032512	1	6
3R	31255970	31256038	1	6
2L	2772654	2779189	-1	6
X	5904265	5904567	1	6
3R	10045060	10045126	-1	6
3R	22473440	22473638	1	6
2L	10276113	10276392	-1	6
3L	27420811	27441599	1	6
2L	21124374	21124443	1	6
2R	15368434	15368486	-1	6
3L	16064318	16066023	1	6
3R	9487110	9493396	-1	6
3R	29132303	29132376	1	6
3R	16358789	16359135	-1	6
3L	19232573	19235014	-1	6
3R	26051533	26051587	-1	6
2R	11294786	11297262	-1	6
3R	16295821	16296662	1	6
2L	11606545	11621188	1	6
2R	21128955	21129013	1	6
3R	27165042	27165109	-1	6
2L	8942453	8942509	-1	6
2R	1516168	1516222	-1	6
3L	2895519	2897244	1	6
3R	28324650	28324810	-1	6
X	19782509	19782854	-1	6
3L	148842	148895	1	6
3R	27276504	27276570	1	6
X	5792579	5794373	1	6
3L	2499624	2499691	-1	6
3R	30133449	30133510	-1	6
2L	13351395	13351458	-1	6
X	93113	111959	-1	6
X	18900568	18900731	1	6
X	13586093	13589922	1	6
4	892950	893455	-1	6
3R	9741969	9742200	1	6
3R	15957920	15959320	-1	6
2R	22877007	22877075	1	6
3L	19589253	19589813	-1	6
3R	8648897	8648962	-1	6
X	12633958	12635732	1	6
X	13383624	13384300	1	6
X	10255587	10257668	-1	6
4	1121623	1123223	-1	6
2R	5362568	5362628	-1	6
3L	2253987	2256606	1	6
3R	5580306	5580382	-1	6
3R	24946296	24946884	1	6
3R	4486532	4486596	1	6
3L	27293014	27293076	1	6
3R	31935392	31945622	-1	6
X	5642027	5642916	-1	6
2R	15936581	15938115	-1	6
2L	10275923	10275984	-1	6
3R	21807735	21808289	-1	6
2L	6777735	6777796	1	6
2R	24786705	24786769	-1	6
3L	709024	709080	-1	6
2L	21263180	21263648	1	6
3L	13608847	13638517	-1	6
3R	8673310	8673378	1	6
2L	11283534	11283593	1	6
3L	9865399	9866314	1	6
3L	16774367	16774430	1	6
3R	22544558	22544615	-1	6
2L	13208361	13208421	1	6
2L	18477039	18483894	-1	6
X	11579125	11579352	1	6
2R	10810758	10810823	-1	6
2R	16859001	16859061	1	6
X	17945349	17949921	-1	6
4	354967	355031	-1	6
3L	4189035	4189676	1	6
X	5365448	5365589	1	6
X	8052702	8055782	-1	6
3R	13378286	13378402	-1	6
4	75166	82638	1	6
3L	1318048	1318115	1	6
3R	7865762	7870232	-1	6
3R	4720105	4720224	-1	6
2R	16634904	16637648	-1	6
2R	12579357	12579415	-1	6
X	6760347	6760414	1	6
3L	6590836	6590894	1	6
X	3373724	3374940	1	6
2L	10388528	10390049	1	6
3R	17795914	17795995	1	6
3R	30497250	30497313	-1	6
2R	15180711	15188756	1	6
3R	25135459	25135526	1	6
2L	21701181	21701764	1	6
3R	10973350	10992905	1	6
X	5176267	5177567	1	6
3L	12122155	12122676	-1	6
3L	19371245	19372166	-1	6
2R	12614346	12615907	1	6
3R	21972641	21975155	1	6
2R	16428533	16428729	1	6
3L	16070571	16070833	1	6
2L	5652181	5658309	-1	6
X	3176686	3189534	1	6
4	66739	66840	-1	6
3L	20523563	20523630	-1	6
3R	21949403	21949640	1	6
4	680305	680440	1	6
3R	20438136	20449459	-1	6
2R	17548535	17548886	1	6
X	19618188	19618250	-1	6
X	3256515	3258611	1	6
3L	24253922	24297681	1	6
3R	23921710	23922896	-1	6
3R	5667306	5667693	-1	6
2L	6917163	6917341	-1	6
X	12286707	12286860	1	6
3R	9522715	9523536	1	6
3L	17434138	17434189	1	6
2L	7661775	7662789	-1	6
3L	8110655	8110730	1	6
3R	8881340	8930716	-1	6
3R	26799481	26826576	1	6
3L	17460381	17460445	1	6
X	16514185	16518805	-1	6
4	1232191	1233129	1	6
X	13265037	13265130	-1	6
3R	9516168	9521053	1	6
3L	21025549	21027186	-1	6
3L	13798342	13803062	-1	6
X	624345	624407	1	6
2L	6682684	6682746	-1	6
X	19344151	19347638	-1	6
4	1004619	1005807	1	6
3R	29996844	29996898	1	6
X	16798685	16798750	-1	6
4	281988	282436	-1	6
2L	7183987	7184043	1	6
3L	20164431	20168476	-1	6
2L	4393200	4393262	-1	6
2L	8322703	8322774	-1	6
3R	10037891	10041972	-1	6
3R	20438209	20449445	-1	6
3R	23983916	23984353	1	6
X	5648178	5648420	-1	6
2R	8464797	8464864	1	6
2R	13580546	13580843	-1	6
3R	31354615	31355611	1	6
X	14931986	14932048	1	6
X	1779259	1780062	1	6
3L	13638566	13664419	-1	6
3L	4125080	4125136	-1	6
2L	16685942	16690902	1	6
2L	7648890	7648958	-1	6
3R	27580326	27582002	-1	6
4	885463	885760	-1	6
3L	8622359	8622411	-1	6
X	11369804	11373817	1	6
3R	18275142	18281694	1	6
4	631895	632028	1	6
X	16956422	16956496	-1	6
X	15878472	15878597	-1	6
3L	23207020	23210852	1	6
3R	14367497	14369398	-1	6
3L	5667943	5668006	1	6
2R	12616942	12617072	1	6
2R	16182091	16182158	1	6
2L	8084139	8089185	1	6
3L	5900609	5900673	1	6
3L	3911915	3913626	-1	6
3R	11337763	11339658	1	6
2R	10433724	10433787	1	6
2R	20645369	20645428	1	6
2L	17476362	17476417	-1	6
3R	28813552	28813618	1	6
2R	11895340	11895571	1	6
3L	24035809	24035871	1	6
X	19342600	19342728	-1	6
3R	16274876	16274954	1	6
3R	8655907	8655987	-1	6
3L	4078818	4078926	-1	6
2R	12924352	12924422	1	6
X	8908322	8916697	1	6
3L	6634661	6634728	1	6
3R	11816545	11816612	-1	6
X	20923614	20924978	-1	6
3L	265642	265698	-1	6
3L	21823053	21823111	1	6
X	3708919	3709836	-1	6
X	5096327	5103832	1	6
3R	27272942	27273011	-1	6
3R	23983903	23984476	1	6
2R	20320689	20321678	1	6
3R	20797854	20798315	1	6
3L	5247844	5248195	-1	6
3R	15951842	15954158	1	6
3R	28325820	28333709	-1	6
2R	16420369	16421681	1	6
3R	13662405	13662970	1	6
2R	4756260	4756316	1	6
2L	9176381	9177122	1	6
2L	21124374	21124440	1	6
X	6684071	6684128	1	6
3L	3232240	3232298	1	6
2R	16865330	16865394	-1	6
2L	306390	317743	1	6
2L	5759363	5759429	1	6
3R	20974692	20975239	1	6
4	478084	478538	-1	6
3L	11609189	11609286	-1	6
3R	22149423	22173932	1	6
3R	8718372	8719804	1	6
X	2966081	2973401	-1	6
2R	9780257	9793183	-1	5
2R	13826586	13829640	1	5
3R	9466632	9467354	-1	5
X	15924159	15924217	1	5
3L	5424377	5429163	1	5
3L	967538	972244	1	5
2L	4880473	4881215	-1	5
2R	7385020	7385083	-1	5
X	15991383	15991893	-1	5
3R	31617460	31617522	1	5
X	15929259	15929341	-1	5
3L	10568606	10571049	1	5
3L	14220206	14225431	1	5
3R	5580046	5580115	-1	5
X	6510974	6511133	-1	5
X	20171066	20171130	1	5
2R	12153729	12153906	1	5
3L	7696879	7696938	-1	5
2L	14040405	14041321	1	5
X	5880109	5880834	1	5
4	343061	348995	-1	5
2L	19181397	19181454	-1	5
3L	13016165	13016357	1	5
2R	9580367	9580452	1	5
2R	17868370	17868432	-1	5
3L	14003416	14007237	1	5
3L	12248547	12264621	-1	5
X	530535	531627	1	5
3L	5750435	5750580	-1	5
3L	17803112	17803173	-1	5
3R	13661433	13661702	1	5
X	4427353	4428198	1	5
2L	13050180	13059217	-1	5
2R	24025368	24025432	1	5
3R	17872781	17900462	-1	5
3L	16964979	16967382	1	5
3R	18168207	18169657	1	5
2R	25255791	25257385	1	5
3L	26008178	26013543	-1	5
2R	13580537	13580834	-1	5
X	4688318	4691637	1	5
X	5836891	5836975	1	5
4	624664	624772	-1	5
2R	13221377	13221440	-1	5
2R	22537123	22537193	-1	5
2R	22000807	22004708	-1	5
X	13731623	13733085	-1	5
X	10782301	10782380	-1	5
3R	28603699	28604061	1	5
3L	9113484	9123616	-1	5
2R	2261771	2261829	-1	5
3R	17920069	17920160	1	5
2R	14853556	14853614	1	5
2L	10358438	10358502	-1	5
3L	9066460	9066566	-1	5
3L	4554923	4554973	-1	5
3L	9689449	9694233	-1	5
2L	159436	162417	1	5
X	5672876	5672998	1	5
3R	16297105	16297175	1	5
3L	23748374	23748424	1	5
2L	13386258	13386530	-1	5
2L	19046143	19046207	1	5
2L	21632989	21633266	1	5
3R	21117545	21117596	1	5
3R	15484331	15484399	1	5
3R	20253019	20253627	1	5
2L	18120078	18123349	1	5
X	15929916	15929981	-1	5
4	1166368	1166666	1	5
X	13762831	13767787	1	5
X	8060159	8061376	-1	5
X	15345764	15346098	1	5
X	1513649	1514483	1	5
2R	16040260	16040892	1	5
2L	20917121	20918094	-1	5
2R	21012103	21012162	1	5
2L	3905588	3910989	-1	5
3R	20401307	20403013	-1	5
3L	14791961	14792028	1	5
2R	24059283	24059339	1	5
3L	16077125	16077192	1	5
X	5837115	5837206	1	5
3R	4240525	4240589	1	5
2L	17464126	17464190	-1	5
2R	22410629	22410687	-1	5
2R	21698601	21702677	-1	5
2R	18659931	18659986	-1	5
2L	10269320	10269376	1	5
2L	4308427	4308776	1	5
3L	21914833	21914893	1	5
3L	23013040	23013194	1	5
3R	12446562	12446623	1	5
2L	10218403	10218779	-1	5
3L	4379581	4380287	-1	5
3R	7083587	7083690	-1	5
3L	27147696	27156010	1	5
3R	23983935	23984278	1	5
2R	22639138	22639397	-1	5
2R	15221824	15221899	1	5
3L	12518225	12518438	1	5
X	571001	571134	1	5
2L	9165843	9165943	-1	5
2R	11447209	11447270	1	5
2L	16169230	16169487	1	5
2L	4032770	4046469	1	5
2L	5042891	5042984	-1	5
3R	12465695	12511227	1	5
2R	10087605	10090543	1	5
3R	19944831	19945096	1	5
2L	22240403	22246378	1	5
3R	10049675	10049740	1	5
2R	13810620	13810753	1	5
2R	22037717	22039356	-1	5
3R	10678072	10678347	-1	5
2L	4796220	4796287	1	5
2R	14276429	14276979	1	5
2L	22534948	22535010	-1	5
3R	31933996	31935056	-1	5
3R	26477805	26532113	-1	5
3L	2897430	2923556	1	5
3R	17921470	17937522	1	5
4	190062	193673	-1	5
2L	9291859	9295461	1	5
3L	13045596	13046217	1	5
3R	14888735	14888795	1	5
2R	24066186	24067156	-1	5
3R	4280357	4282674	1	5
3R	22766727	22787006	1	5
3L	21025549	21026040	-1	5
2L	1047023	1047956	-1	5
2L	10420206	10420268	1	5
3L	269347	270226	1	5
2R	19225974	19226040	1	5
2L	4458058	4458289	-1	5
3L	19994736	19994812	1	5
2R	20587745	20589617	1	5
X	7893417	7893750	-1	5
3R	29594164	29594227	1	5
2L	9809403	9815803	-1	5
2R	14237505	14237575	-1	5
3R	24356486	24356541	-1	5
3L	20023393	20023451	1	5
3L	21532032	21532339	-1	5
3L	19598094	19598156	-1	5
2R	6627215	6627312	-1	5
2L	12168370	12168428	1	5
3R	12095301	12096049	1	5
X	15860323	15861116	1	5
3R	6005127	6008037	-1	5
3R	13691299	13691635	1	5
X	10259489	10261255	-1	5
3R	10101696	10103052	-1	5
3R	30496871	30497084	-1	5
2R	8010546	8010771	-1	5
3L	20390436	20390500	-1	5
3R	29860615	29860707	-1	5
3L	23262824	23263799	1	5
2R	24385049	24389594	-1	5
X	19479754	19479814	-1	5
2R	24891838	24892217	1	5
3L	18870371	18870428	1	5
X	11970667	11971459	-1	5
X	1410652	1413418	1	5
3L	327080	327135	-1	5
3L	23278463	23283733	1	5
4	262063	263206	1	5
X	9163424	9165682	1	5
3L	17400567	17400810	-1	5
2L	9938511	9938565	-1	5
2L	14600876	14601687	-1	5
2L	16699477	16699744	1	5
2L	2753661	2756008	-1	5
2R	14584011	14584118	1	5
3L	17400534	17401074	-1	5
X	14955440	14955865	1	5
3R	13662405	13662955	1	5
X	10595478	10595544	-1	5
2L	12040380	12040438	-1	5
2R	23923394	23924002	1	5
3R	6532052	6532636	-1	5
X	16527971	16533059	-1	5
2L	5174122	5174534	1	5
2L	11803899	11809126	-1	5
3R	27942484	27942588	1	5
2L	19516034	19516441	1	5
2R	22105575	22105646	1	5
2L	20788642	20788722	1	5
3R	28031426	28043586	1	5
3R	14265108	14265168	-1	5
2R	17207872	17208002	1	5
3R	8754411	8754487	-1	5
3L	12812617	12812680	1	5
X	1252097	1259959	-1	5
2R	9885302	9885361	-1	5
3R	23983901	23984357	1	5
3L	9376565	9376680	-1	5
2R	6756858	6756920	-1	5
X	7926700	7926765	-1	5
2R	12639991	12640052	1	5
3R	4282315	4282674	1	5
3R	8031712	8031782	1	5
3R	24050981	24051690	1	5
2L	4853017	4854398	1	5
2R	18127298	18127865	1	5
3R	24162392	24162452	1	5
3R	9295744	9326688	-1	5
X	273393	273470	-1	5
4	1134073	1135094	1	5
2R	22875117	22875429	1	5
2R	10448384	10448472	1	5
3L	9351851	9351918	1	5
3L	3899544	3899771	-1	5
2L	10335925	10336022	1	5
2R	4560790	4562845	1	5
2R	15831514	15834683	-1	5
X	19887897	19893806	1	5
2L	1651430	1652775	1	5
3R	4751077	4774908	1	5
3R	5652798	5653288	-1	5
2R	19406089	19407841	-1	5
3R	31749522	31749581	1	5
X	12608866	12608935	1	5
2R	19392579	19392639	-1	5
3R	7121139	7121275	-1	5
3L	24726293	24728297	1	5
2L	8355975	8356045	-1	5
3R	7191492	7191557	1	5
3L	10506564	10519612	1	5
3R	17920110	17920393	1	5
2R	21021522	21023065	1	5
2R	23389659	23389719	-1	5
2L	16173824	16174057	1	5
2L	19959692	19959751	-1	5
3L	4090852	4092573	1	5
2R	12757435	12757499	-1	5
3R	16625343	16625969	1	5
3L	23339681	23345843	1	5
3R	7974866	7975128	-1	5
3L	17544185	17544256	1	5
2R	14216111	14216530	-1	5
X	11290346	11293498	-1	5
2R	23893419	23893475	-1	5
3L	8601038	8601314	1	5
X	17601305	17601380	1	5
2R	8011093	8011172	-1	5
3R	9647142	9648983	1	5
2R	13580549	13580846	-1	5
3L	274242	274595	1	5
3R	25431982	25439803	-1	5
3R	23973555	23976166	1	5
2L	15765578	15765675	1	5
2L	16394124	16400289	-1	5
3L	14801780	14801840	-1	5
3L	7158515	7158579	1	5
X	2250581	2250647	-1	5
X	13073089	13073894	1	5
X	16594531	16594691	1	5
X	10348860	10356369	-1	5
X	5666799	5667210	1	5
X	6349747	6349798	-1	5
3R	16340947	16341229	-1	5
3R	21267741	21268771	-1	5
3R	26916563	26924634	1	5
X	6227916	6227977	1	5
4	270500	270560	-1	5
X	12475998	12476153	1	5
2R	10569253	10569821	1	5
3L	21553594	21554025	-1	5
2R	14277121	14279182	1	5
3R	28820719	28820788	1	5
3L	22961676	22969125	1	5
3L	19931382	19931982	1	5
2L	412659	413396	-1	5
2R	13531620	13532661	-1	5
3R	12215954	12216881	-1	5
2R	19022493	19029147	-1	5
2L	18475274	18475336	-1	5
3R	9042785	9042852	-1	5
2R	7742671	7742873	-1	5
3L	4262748	4262806	1	5
4	188370	188425	-1	5
X	13733442	13733496	-1	5
3R	7864915	7865151	-1	5
2R	18688912	18692041	1	5
3R	16999821	16999882	-1	5
3R	23748681	23748745	1	5
2R	24004610	24030645	-1	5
X	12686911	12731246	-1	5
2L	10621453	10622697	1	5
2R	15221824	15222044	1	5
3R	21777314	21777378	-1	5
3L	19897260	19897318	-1	5
2L	9176644	9177125	1	5
3L	21573134	21573190	1	5
2L	8524685	8524743	1	5
3R	15231399	15231470	1	5
X	13758307	13758360	1	5
X	7970273	7974405	1	5
3R	24509640	24510141	-1	5
2R	12586073	12588716	-1	5
X	15321924	15322613	1	5
3L	11996326	11996384	-1	5
3R	21155072	21155233	1	5
2R	20589668	20595557	1	5
3L	21826415	21826475	1	5
2L	17226474	17251509	-1	5
4	201659	203980	-1	5
2R	4722326	4726624	-1	5
2R	14253493	14253553	-1	5
3R	6407092	6407478	1	5
2L	19493383	19493666	1	5
2L	8089737	8105692	1	5
4	611807	613615	1	5
X	5636579	5637535	-1	5
X	12868410	12869435	-1	5
3L	21216579	21216644	-1	5
2L	7831909	7832644	1	5
3L	22869775	22869842	-1	5
3R	10299059	10299634	1	5
3R	3462694	3523414	-1	5
3R	26967550	26969685	1	5
2R	24891879	24892284	1	5
2L	13609988	13610056	1	5
X	15886265	15887013	-1	5
3R	23983988	23984290	1	5
X	10244624	10249776	-1	5
3L	11199929	11199982	1	5
3L	17074277	17074353	-1	5
3R	11624492	11624550	1	5
X	16337250	16337381	1	5
3L	19572080	19572291	-1	5
2R	24383620	24383924	-1	5
2L	6646948	6647754	-1	5
2R	19530701	19532176	-1	5
3R	19214904	19215140	1	5
X	10765803	10767981	-1	5
4	66050	66105	-1	5
3R	18515344	18545113	-1	5
3R	4427001	4428550	-1	5
3R	19760335	19760395	1	5
X	8140918	8141636	-1	5
X	15965534	15965598	-1	5
2R	17593313	17593468	1	5
X	19196742	19197933	-1	5
2L	21140491	21140569	-1	5
2R	18426876	18426934	1	5
3L	23019251	23019309	1	5
2R	13186923	13186981	-1	5
2L	6273127	6278679	1	5
3R	3170667	3296066	-1	5
X	14956130	14971099	1	5
3R	20438224	20449235	-1	5
X	10836630	10836693	-1	5
3L	8241883	8248558	1	5
2R	23708475	23708630	1	5
X	16329371	16329515	-1	5
2R	16986637	16986705	1	5
3R	12477049	12477406	-1	5
4	319668	329218	1	5
2L	11009566	11009627	1	5
2R	9284130	9284959	-1	5
3R	11782633	11782686	-1	5
2R	8011582	8011643	-1	5
2R	18522444	18522517	1	5
3L	12852522	12852974	1	5
3R	15955206	15957594	1	5
3L	1174608	1176981	-1	5
2R	15938979	15939037	-1	5
3R	24555963	24556236	1	5
2R	16443758	16443908	1	5
3R	19761035	19763598	1	5
3R	15369014	15369066	-1	5
4	305179	305361	-1	5
3R	8823070	8823249	-1	5
3L	9774490	9779446	-1	5
3R	11965487	11965545	-1	5
2R	14862122	14862195	-1	5
3L	15957066	15957139	1	5
X	12196624	12197186	1	5
3R	7836783	7840464	1	5
3L	8130082	8131484	1	5
3R	21069020	21070278	1	5
X	7289265	7289506	-1	5
4	621873	621929	1	5
4	41286	42914	-1	5
3R	29994740	29994793	-1	5
3R	17055175	17057419	1	5
3L	1587123	1592744	1	5
3R	17909465	17909595	-1	5
3R	31935776	31936823	-1	5
3R	9487130	9493011	-1	5
2R	19407922	19407975	-1	5
2R	4749387	4749446	1	5
X	9148626	9148695	-1	5
2R	7815717	7822136	-1	5
X	13159198	13159266	-1	5
X	2379456	2379514	-1	5
3L	4575759	4578760	1	5
3R	16052960	16053024	1	5
X	22866943	22867739	1	5
3R	23255624	23255701	-1	5
3L	10884660	10884734	-1	5
2L	3029007	3029064	-1	5
2L	19587377	19600858	1	5
3R	13374209	13374279	-1	5
3R	20438209	20449235	-1	5
3R	18007132	18007262	1	5
4	446752	446821	1	5
X	15989951	15991822	-1	5
X	13379371	13379433	1	5
2L	20917121	20918799	-1	5
3R	17909468	17909589	-1	5
2R	2522512	2522573	-1	5
X	11551348	11551772	1	5
3L	26013569	26013709	-1	5
2L	6647004	6647747	-1	5
X	16518838	16521623	-1	5
3R	7197660	7198328	1	5
2R	22614722	22619805	1	5
4	1145104	1145208	-1	5
3L	6943180	6944432	1	5
2R	9885513	9885573	-1	5
2L	16887678	16887793	-1	5
3R	7244472	7244528	-1	5
2R	9402235	9402409	-1	5
3L	9508134	9508220	-1	5
3L	19802841	19802898	1	5
3R	15291526	15295113	1	5
2L	10918212	10918745	-1	5
X	18785928	18786001	1	5
2R	3901331	3918151	-1	5
X	6191529	6192347	-1	5
3L	20881811	20885037	-1	5
3L	20523285	20523352	-1	5
X	18381100	18381162	1	5
2L	3467067	3467133	1	5
2L	4285075	4295163	1	5
X	10846200	10846267	-1	5
X	19741203	19744262	-1	5
2R	18523708	18524233	1	5
X	4353614	4353944	1	5
3R	21949413	21949640	1	5
X	18039731	18040213	-1	5
3L	17424102	17424160	-1	5
3L	12336847	12336910	1	5
2L	21381669	21382019	1	5
3R	12462803	12462856	-1	5
2L	7057157	7057224	1	5
2R	21060123	21060180	-1	5
3L	8241632	8248558	1	5
3R	10877648	10877702	1	5
X	1636913	1637000	1	5
3L	27381089	27420679	1	5
2R	6981686	6981743	-1	5
3R	23983929	23984305	1	5
4	320045	328167	-1	5
4	1193860	1195428	-1	5
2L	2752841	2753372	1	5
X	15402956	15403584	-1	5
2R	8732406	8732465	-1	5
3R	23983899	23984422	1	5
4	361007	362304	1	5
3L	4918862	4919101	1	5
2R	23708475	23708635	1	5
X	17075554	17075953	-1	5
3L	11723126	11727873	1	5
2R	20313862	20316451	-1	5
X	11612105	11612176	1	5
2L	9292213	9293027	1	5
2R	13580540	13580837	-1	5
2R	9970409	9970474	1	5
X	22995915	23003704	-1	5
2L	227548	228133	-1	5
2L	3698762	3698827	-1	5
2L	11165679	11165745	-1	5
3R	15936341	15946451	1	5
4	320035	328158	1	5
2R	8421610	8427579	1	5
3L	7854190	7855209	-1	5
3L	19820011	19828317	1	5
X	5672523	5672998	1	5
2R	16974125	16979847	1	5
2L	10265951	10266007	1	5
4	1316272	1316390	1	5
2L	22124217	22124782	1	5
3R	25984417	25984473	1	5
2R	18658857	18658920	-1	5
X	16289323	16291057	1	5
2R	9095630	9095898	1	5
2R	11759502	11770537	1	5
3R	24104964	24105185	-1	5
2R	23992575	23992635	-1	5
3L	19816662	19816720	-1	5
2R	22686503	22686646	-1	5
3R	25130789	25130847	1	5
3L	16350206	16350289	-1	5
2L	8415887	8426874	1	5
3R	1191976	1342196	1	5
X	5082240	5082891	-1	5
X	17843507	17843569	-1	5
2R	21293879	21294054	1	5
4	587094	587149	1	5
X	12476269	12476337	1	5
3R	15957920	15959320	1	5
3L	25874086	25874142	-1	5
2R	21025604	21025877	1	5
3L	21025549	21027140	-1	5
X	9152657	9153896	-1	5
3R	20652785	20653151	-1	5
X	15936435	15936799	-1	5
2R	13440329	13440392	-1	5
2L	10804627	10804830	-1	5
X	16680302	16680364	-1	5
3L	8521243	8521300	1	5
3L	20476805	20484351	1	5
2R	6627215	6627309	-1	5
4	1303122	1315396	-1	5
2R	18641194	18641459	-1	5
X	2705450	2705540	1	5
3R	12752627	12754631	-1	5
3L	27974141	27987738	-1	5
2L	3758677	3758738	1	5
2L	17401059	17401113	1	5
2R	16571006	16571189	-1	5
2R	16423125	16423451	1	5
2R	13841318	13841381	1	5
2L	4227750	4228012	1	5
2L	7384992	7385050	-1	5
3L	21888693	21907346	1	4
2L	22925499	22925566	1	4
3L	2962031	2962095	1	4
3R	26532423	26534954	-1	4
X	10382110	10382181	1	4
X	4110637	4110757	1	4
2R	13819734	13819853	-1	4
3L	10182541	10186023	-1	4
2R	24892079	24892157	1	4
3R	18679353	18679407	1	4
3R	17504184	17505593	-1	4
3L	16382158	16382382	-1	4
X	3246686	3254021	1	4
2R	14866052	14867484	-1	4
X	5546946	5553455	-1	4
3R	23983798	23984290	1	4
2L	7237791	7248829	-1	4
3R	7094402	7094471	1	4
X	12941861	12942102	1	4
3R	17909553	17915014	-1	4
2R	22699735	22699802	-1	4
3L	7972886	7972946	-1	4
2R	5184661	5185575	-1	4
3L	14753472	14753631	-1	4
3R	6365155	6365954	-1	4
2L	10225812	10225874	-1	4
X	54464	54529	-1	4
2R	20325538	20325596	1	4
2R	14276527	14278698	1	4
X	255417	255771	1	4
3R	26041902	26042995	1	4
2L	21382145	21390224	1	4
2R	8964006	8964359	-1	4
3L	14628405	14628463	-1	4
2R	15401413	15401516	1	4
2R	14114297	14139789	-1	4
X	10075628	10078486	-1	4
3L	9784892	9784952	1	4
2L	10768577	10768644	-1	4
X	21383628	21383700	1	4
3R	17811805	17813531	1	4
3L	5163976	5166935	-1	4
4	123893	129322	-1	4
3R	4301146	4301226	1	4
3R	18931388	18937523	1	4
3R	5187661	5197940	-1	4
2R	8629609	8629993	1	4
2R	19588744	19600882	-1	4
3L	4090857	4092680	1	4
3L	4088155	4088212	-1	4
X	3342906	3342961	1	4
2R	15426628	15452857	1	4
2L	21122928	21124135	1	4
2L	20738976	20739192	1	4
2L	11280759	11280821	1	4
X	1260009	1274426	-1	4
3L	9665700	9667702	-1	4
2L	159818	160009	1	4
2L	9291206	9295343	1	4
X	5839625	5840625	1	4
3L	17400644	17400763	-1	4
3R	27581183	27582002	-1	4
3L	17043918	17043974	1	4
3R	23076215	23076828	-1	4
X	5754542	5754616	-1	4
X	578013	578094	1	4
2R	17456574	17456637	1	4
3R	15266133	15266504	1	4
3R	18698335	18698387	-1	4
3L	19627385	19627444	-1	4
3R	30004158	30004304	-1	4
3R	25053869	25053933	-1	4
2R	16924791	16926346	-1	4
X	18039958	18040213	-1	4
3R	24790035	24790127	1	4
4	1033219	1033272	1	4
3L	1659363	1659846	-1	4
2L	5324664	5324726	-1	4
2L	10313241	10313306	-1	4
2L	8088517	8089185	1	4
X	20421995	20422059	-1	4
X	7985357	7985434	1	4
X	18039678	18040202	-1	4
2R	16089287	16089571	-1	4
2R	12880871	12880950	-1	4
3R	21018075	21018133	1	4
X	2151847	2151917	-1	4
3L	4589968	4590032	1	4
2L	20754938	20754993	-1	4
3R	24814298	24814349	1	4
3L	22833502	22833692	-1	4
2R	18821119	18821184	1	4
2R	17979541	17989501	-1	4
2L	17827884	17843050	-1	4
3R	23963212	23965800	1	4
2R	16984491	16984699	1	4
2L	2756165	2756245	1	4
2L	20575571	20598717	1	4
X	16708492	16708551	1	4
X	4115215	4115320	-1	4
2R	6773787	6792316	-1	4
2L	2792677	2793175	-1	4
3R	20309690	20309904	1	4
3R	3744983	3746949	-1	4
X	13813986	13814377	-1	4
3R	18334300	18352725	-1	4
3R	8817683	8819118	-1	4
X	11360529	11360664	1	4
X	8515609	8515719	1	4
3L	7341115	7341353	1	4
X	8174999	8175069	-1	4
3R	30517685	30518290	-1	4
3R	4100016	4101245	1	4
3L	4284284	4284347	1	4
2R	14869849	14869912	-1	4
3L	236075	236139	-1	4
3L	17270427	17287273	1	4
2L	20917121	20917274	-1	4
3L	1658465	1658520	-1	4
2L	10313028	10313084	-1	4
2R	16627916	16628038	-1	4
3L	10182516	10185925	-1	4
2L	20926471	20926981	-1	4
3R	9354709	9359262	1	4
3R	9487218	9493396	-1	4
3L	4429716	4430581	1	4
3L	6739826	6739896	-1	4
X	8517635	8531697	1	4
4	264430	264486	1	4
2R	10094144	10094203	1	4
4	916268	916867	-1	4
3R	24669880	24674411	1	4
4	305179	305732	-1	4
2L	2856673	2856743	1	4
3L	12785607	12785672	-1	4
X	15886265	15887042	-1	4
3L	8971047	8971103	1	4
2L	13186965	13187033	-1	4
X	15962137	15962274	-1	4
2R	9102898	9102957	1	4
2R	24020322	24020384	-1	4
3R	22515175	22516623	1	4
4	558169	560095	1	4
3L	16052151	16052755	1	4
2R	12653128	12653182	1	4
2R	24970418	24970470	1	4
3L	22269727	22269789	1	4
2L	18687127	18687187	-1	4
X	3481345	3481954	-1	4
3L	10647127	10659365	-1	4
3R	11335623	11338237	1	4
3R	27567056	27567152	-1	4
3R	22915637	22936494	1	4
2R	13901573	13901687	-1	4
X	16448730	16449874	1	4
3R	17774489	17775969	-1	4
2R	21684637	21684701	1	4
3L	16503530	16504322	-1	4
3L	9900085	9900153	1	4
2L	4874170	4874887	1	4
2R	13442517	13442934	-1	4
3R	16636577	16636775	1	4
2L	19509085	19509142	-1	4
3L	3183145	3183200	1	4
X	4325617	4332796	1	4
3L	7656204	7662471	-1	4
X	7609079	7676020	1	4
3R	8313471	8313531	-1	4
2R	23944741	23944807	1	4
3L	8339822	8339876	1	4
3L	9359188	9359246	1	4
X	16528551	16533059	-1	4
X	1234280	1234754	-1	4
X	1637335	1647365	1	4
3L	6739922	6740667	-1	4
2R	16007387	16007445	-1	4
3R	23983927	23984283	1	4
3L	19993323	19995374	1	4
X	12656707	12657256	1	4
2R	7443376	7443443	1	4
3R	20974604	20975233	1	4
3L	9376577	9376691	-1	4
3L	7932143	7932301	-1	4
2L	5919936	5919994	1	4
2L	13351612	13351669	-1	4
2R	18094100	18094165	-1	4
3L	7930610	7930688	-1	4
2R	18620775	18620839	-1	4
3L	5643716	5644087	1	4
2R	16924978	16925705	1	4
3R	30099919	30104103	1	4
4	121800	121853	-1	4
3L	4432523	4433105	1	4
X	14828032	14828661	-1	4
3R	20309631	20309904	1	4
2R	17207938	17275545	1	4
3L	19544542	19544605	-1	4
3R	30883918	30883976	-1	4
2R	17670952	17671374	-1	4
2L	2581839	2581898	-1	4
2R	13827367	13829640	1	4
X	10238409	10255296	-1	4
3R	28820518	28820572	1	4
2R	16758830	16759252	-1	4
2R	13591879	13592894	-1	4
2R	12436439	12436514	1	4
3R	23979236	23979299	1	4
3R	31598946	31610922	-1	4
2R	14868563	14868628	-1	4
3R	8359466	8359530	1	4
2L	18845213	18845614	1	4
2R	12200242	12200775	-1	4
3L	17401232	17401290	-1	4
X	22765026	22797279	1	4
3L	9501755	9502189	-1	4
3L	18752896	18753018	-1	4
2R	16762993	16763051	-1	4
4	671388	680440	1	4
2R	926673	926735	-1	4
2R	15938268	15938447	-1	4
2L	5068228	5068296	1	4
3R	21351887	21375060	-1	4
2R	15181635	15181861	1	4
X	3950545	3950946	1	4
3L	12116460	12116764	1	4
3L	3221982	3222927	-1	4
2L	11803899	11804224	-1	4
4	335074	342922	-1	4
2R	16858765	16858827	1	4
X	22474546	22474637	1	4
2L	23166880	23174062	-1	4
3R	9239172	9239490	-1	4
3R	7868373	7870232	-1	4
X	10229508	10229583	1	4
X	16601199	16601376	1	4
4	189249	191309	-1	4
3R	31933996	31934997	-1	4
3R	5892772	5892851	-1	4
X	8090148	8093775	-1	4
3L	17236063	17237886	-1	4
2R	22071708	22071766	-1	4
2L	17158751	17161861	1	4
X	22485636	22485943	1	4
3R	5569972	5570028	1	4
3R	5599045	5599116	-1	4
2R	16986755	16994160	1	4
2R	12569406	12569461	-1	4
2L	10346367	10346423	1	4
3R	6566883	6592875	-1	4
3L	11252697	11255901	1	4
2R	23881588	23881721	-1	4
3L	12122774	12122837	-1	4
2R	6753504	6754702	1	4
3L	24927164	24927236	1	4
X	5353005	5355947	1	4
3L	7163879	7164350	-1	4
3R	31935438	31936834	-1	4
3L	5367775	5367900	-1	4
3R	12415590	12421124	1	4
3R	9726176	9727990	-1	4
2R	439013	495144	1	4
3L	6194890	6194973	1	4
3R	5294856	5295641	-1	4
3R	26255432	26256933	1	4
2R	10033552	10033604	1	4
4	427704	429497	1	4
X	11718771	11718832	1	4
3L	17400534	17400866	-1	4
X	12028040	12028424	-1	4
2L	10399536	10399595	1	4
2R	3919359	3933157	-1	4
2L	10179520	10180107	-1	4
2L	9758754	9759680	-1	4
2R	16765642	16765833	-1	4
X	5176789	5186892	1	4
4	308290	308431	1	4
X	18861764	18861833	-1	4
3L	17077707	17078116	-1	4
3R	25262886	25262945	1	4
X	16291092	16291941	1	4
3R	24255506	24255562	-1	4
3L	3943295	3943356	1	4
3R	16299690	16301245	1	4
3R	21297130	21298322	1	4
3L	25961541	25969230	-1	4
X	9152657	9153902	-1	4
2R	25087735	25091592	-1	4
3R	17716935	17717956	-1	4
2L	8564297	8622103	1	4
3R	7092547	7092611	-1	4
3R	28815423	28815482	1	4
3L	8470380	8470431	1	4
2R	19423798	19424823	-1	4
X	22995915	23004027	-1	4
2R	9508254	9508924	1	4
3R	19457608	19458420	1	4
3R	21868983	21869039	-1	4
X	3256198	3258614	1	4
3R	28820522	28820572	1	4
3L	9749767	9750053	-1	4
X	15063984	15064049	1	4
X	18881087	18883885	1	4
X	11973485	11974224	-1	4
2R	21090215	21090270	-1	4
3L	19185716	19199472	-1	4
3L	9715972	9716413	1	4
3R	17899760	17900384	-1	4
2L	10312909	10312962	-1	4
X	4361109	4361966	1	4
X	4869555	4894618	-1	4
X	9473267	9483433	-1	4
X	13986075	13990470	-1	4
3L	12336718	12336779	1	4
3R	21527402	21527468	1	4
2L	10965911	10965993	-1	4
2R	12671350	12671557	-1	4
2L	19133352	19133409	-1	4
2R	9969553	9969741	1	4
3L	8047601	8048070	1	4
3R	23983900	23984336	1	4
4	1035450	1036665	-1	4
2L	5098035	5098094	1	4
3R	26963081	26963158	-1	4
X	53888	53942	-1	4
3L	18933053	18945733	-1	4
2R	5725039	5725218	-1	4
4	574429	575335	1	4
4	549622	549714	-1	4
3R	22409010	22409063	-1	4
2L	21105009	21108037	1	4
2L	16719977	16722009	1	4
3L	12740858	12740920	1	4
3R	15230028	15230097	1	4
2R	10104831	10104941	-1	4
3R	27561884	27568304	-1	4
X	11368988	11373817	1	4
3L	22841917	22841978	1	4
2L	5541091	5541153	-1	4
X	12939250	12941720	1	4
3R	21771837	21771902	-1	4
X	5396295	5396473	1	4
3R	1025082	1025142	1	4
3R	14610108	14615729	1	4
2L	22584683	22584742	1	4
3R	24343040	24343103	1	4
3R	26050116	26050171	-1	4
2L	9556399	9566433	-1	4
3L	6496482	6523030	1	4
2R	8895474	8895532	1	4
3R	24664796	24669541	1	4
2R	23967463	23967516	-1	4
2L	19607107	19610515	1	4
3R	16551966	16552361	1	4
X	12769825	12769915	1	4
2L	15908279	15939364	-1	4
3L	27332109	27350220	1	4
2R	19435550	19435608	-1	4
X	13383676	13384300	-1	4
3L	14763115	14763204	1	4
2R	21652564	21653219	1	4
2R	18127716	18127851	-1	4
2R	22747278	22747367	-1	4
2R	24781934	24782019	-1	4
3L	9150817	9177277	-1	4
3L	11690109	11690226	-1	4
3L	9374716	9374769	1	4
X	928328	928384	1	4
X	12917811	12918577	1	4
3R	13761778	13762701	1	4
X	9473267	9499886	-1	4
3L	9553537	9575651	1	4
3R	10851489	10851541	1	4
X	15402956	15410832	-1	4
2R	6809512	6809570	-1	4
2R	4236363	4236413	-1	4
2L	17602704	17603116	1	4
3R	8390011	8391287	-1	4
2L	413655	414443	-1	4
2R	16763134	16763198	-1	4
X	2589507	2595726	1	4
3R	17909504	17915060	-1	4
3R	10762026	10762247	1	4
3L	972403	973636	1	4
3L	23746545	23747873	1	4
3L	1632293	1635301	-1	4
2R	6754982	6755045	1	4
3R	20026766	20026831	-1	4
4	478739	478800	-1	4
3R	14733002	14733224	-1	4
3L	8125039	8125093	-1	4
X	19344990	19347638	-1	4
2L	1015928	1015993	-1	4
3R	23983898	23984347	1	4
3L	17037256	17037320	-1	4
3R	20253015	20253627	1	4
3R	10108912	10108976	-1	4
2L	4314616	4318577	1	4
2R	16429463	16429579	1	4
2R	24892079	24892217	1	4
2L	4957947	4958008	1	4
3L	17953542	17953680	-1	4
X	23281236	23433722	-1	4
X	12633032	12633918	-1	4
3R	17809800	17809858	-1	4
3L	13873015	13873072	-1	4
X	5791184	5791303	-1	4
3R	13695643	13695706	-1	4
4	1173204	1173806	-1	4
3L	7353980	7354042	-1	4
X	11585271	11585349	1	4
3L	12526386	12526589	-1	4
2R	6633828	6635407	-1	4
3L	8352094	8352212	1	4
2L	5799412	5799751	-1	4
2R	16633011	16633081	-1	4
2R	18846211	18846310	-1	4
2L	8492803	8492967	-1	4
2L	9294328	9295488	1	4
X	2293294	2293353	-1	4
4	1226445	1226505	-1	4
3L	2253272	2253329	-1	4
2L	1836653	1837019	1	4
2R	16753701	16753766	-1	4
2L	2372771	2372830	-1	4
X	11579380	11579512	1	4
2R	1212502	1212556	1	4
3L	5607684	5607806	-1	4
X	6289926	6290055	-1	4
3L	19895039	19896798	-1	4
X	10077369	10078486	-1	4
2R	22073905	22073967	-1	4
3R	20205474	20206066	1	4
2L	10328741	10328804	-1	4
X	8441684	8441742	-1	4
3L	3322843	3322910	-1	4
2R	13826518	13829640	1	4
3R	18655949	18656165	-1	4
3L	9178148	9178239	-1	4
2L	7033019	7035075	1	4
X	20805120	20923556	-1	4
2R	24243544	24244610	-1	4
3R	19459735	19459801	1	4
4	1290933	1291060	1	4
3R	5592781	5592859	1	4
X	21376667	21379588	1	4
2R	18431358	18431416	-1	4
3L	3129860	3129926	-1	4
2L	16169907	16170259	1	4
2R	19396563	19396624	-1	4
X	17868167	17868982	-1	4
2L	4943989	4944048	1	4
4	944254	944306	1	4
X	13752028	13754830	-1	4
4	992247	996512	1	4
2R	5307653	5316269	1	4
2R	21184455	21184518	1	4
2L	10329411	10329475	-1	4
X	16599640	16599724	1	4
3R	29111873	29112041	-1	4
3L	23341603	23345843	1	4
X	11052549	11052612	-1	4
X	16785245	16785365	-1	4
3L	2672894	2673065	-1	4
2R	6697576	6698049	1	4
2R	4237724	4238019	-1	4
3R	26045664	26045729	1	4
2L	11280929	11281133	1	4
3R	19653564	19653625	-1	4
2R	5604509	5604575	-1	4
3L	23339365	23339430	1	4
3L	23738185	23740161	1	4
X	575090	575168	1	4
3L	19136789	19138878	-1	4
Y	2830537	2830656	-1	4
Y	2830683	2830814	-1	4
2R	16026547	16026611	-1	4
3L	3198432	3198752	-1	4
3R	12402482	12402538	1	4
3R	11736444	11736503	1	4
3R	20791864	20791937	1	4
X	13384388	13384559	-1	4
2R	10439632	10448199	1	4
X	2634026	2634827	1	4
3L	24028724	24028811	1	4
2R	10810192	10810251	1	4
X	19572801	19572866	-1	4
3R	25278711	25278773	-1	4
2R	9793406	9803334	-1	4
2R	17217076	17275410	1	4
2R	19023684	19023862	-1	4
3L	1861677	1862206	-1	4
3R	9487204	9493321	-1	4
3R	29115687	29115748	1	4
2L	14347598	14347653	-1	4
X	18161293	18167632	1	4
2R	19229115	19229424	1	4
3L	1632428	1637029	-1	4
3L	17400534	17400970	-1	4
2R	17867560	17868287	-1	4
3R	7903594	7903656	-1	4
2L	14616999	14617215	1	4
3R	21785916	21820893	-1	4
2L	159439	162417	1	4
3L	2587891	2588084	1	4
3R	14617247	14617304	1	4
2R	13415616	13416575	-1	4
3L	10516163	10517962	1	4
3R	29245319	29245383	-1	4
X	4139318	4141771	-1	4
2R	24037141	24037201	-1	4
3L	12852529	12852616	1	4
3R	19766982	19771186	1	4
2L	826508	829457	1	4
2L	1612861	1613068	-1	4
3L	9107156	9107342	-1	4
2R	22350101	22360471	1	4
2L	2766708	2766767	1	4
4	351828	351884	-1	4
X	15886265	15887038	-1	4
X	11162455	11162516	1	4
X	15322029	15322606	1	4
4	210487	210558	1	4
3R	23983810	23984305	1	4
2L	12312466	12312526	1	4
3L	20001437	20001850	1	4
X	4323156	4325348	1	4
2R	22848139	22848197	-1	4
3L	9868784	9870487	1	4
3R	23983688	23984362	1	4
2L	21638369	21639241	1	4
2R	1442559	1442634	1	4
2L	16247385	16247504	-1	4
2R	24969225	24969469	-1	4
2R	17538623	17538694	1	4
X	19640417	19640474	1	4
X	15860251	15861116	1	4
2L	13831623	13832572	-1	4
2R	23386046	23386117	1	4
2L	20028330	20045055	1	4
3R	15374969	15381163	1	4
X	2670258	2671121	1	4
3L	1967140	1967200	-1	4
X	11579125	11579512	1	4
3L	9130333	9130555	-1	4
3R	23983903	23984422	1	4
X	23014109	23014453	1	4
2R	16762697	16762753	-1	4
2R	19629071	19630853	-1	4
4	138575	139822	1	4
3R	26453242	26453569	1	4
2R	22639481	22639537	-1	4
3R	23851112	23858726	1	4
3L	19988346	19988401	-1	4
3R	23983898	23984334	1	4
X	11815540	11816231	-1	4
3R	7901745	7901810	-1	4
X	4698638	4699611	1	4
3R	18022673	18022730	1	4
3R	17673477	17673577	1	4
2L	1170364	1170430	1	4
2R	14159057	14159133	1	4
X	18783234	18783296	1	4
3R	15934315	15934375	1	4
3L	3717377	3742862	-1	4
X	13048028	13059208	1	4
2R	21013098	21013158	1	4
2L	1034191	1042964	-1	4
2L	6490630	6490706	-1	4
3R	31935776	31935895	-1	4
3R	5292080	5292640	-1	4
3R	31138446	31150394	1	4
X	4698618	4699738	1	4
X	11370206	11373817	1	4
2R	16608335	16618804	1	4
2R	1076762	1080331	1	4
3L	19888615	19910043	-1	4
3R	16204537	16204894	-1	4
2L	22247400	22247469	-1	4
3R	15061628	15062351	-1	4
X	10618997	10619966	-1	4
2L	11283754	11283809	1	4
3R	31813827	31817819	1	4
4	872226	875203	-1	4
X	5081258	5081486	-1	4
3R	15368848	15368906	-1	4
4	281974	282436	-1	4
2R	9537077	9537139	1	4
3R	18463358	18515052	-1	4
2L	3723765	3724884	1	4
2R	16979896	16984266	1	4
3R	15799263	15799376	1	4
3R	5892990	5903716	-1	4
2R	17563282	17563341	1	4
2R	5242583	5245952	-1	4
2R	21290971	21291032	-1	4
4	1226847	1226899	-1	4
3L	3990383	3993592	1	4
X	6869390	6872842	1	4
2R	9884003	9884085	-1	4
3L	175363	175621	-1	4
3L	11226802	11227673	1	4
X	23253591	23256729	1	4
2L	20882465	20903016	-1	4
3L	3186900	3186963	1	4
X	15961720	15961835	-1	4
3L	827470	827646	-1	4
4	1126942	1127002	1	4
2R	22855954	22856024	-1	4
3L	209375	209450	-1	4
3L	9151113	9151248	-1	4
3L	22468278	22583003	-1	4
2R	12655224	12655284	1	4
3L	1190521	1192683	-1	4
3R	18919513	18920413	1	4
2R	7921052	7921115	-1	4
3L	27268189	27268319	1	4
3R	8817857	8818187	-1	4
X	11373143	11373817	1	4
3R	31217945	31218943	-1	4
3R	20195258	20195911	1	4
4	610897	611285	1	4
2R	15324148	15324202	1	4
3R	4297722	4297860	1	4
3L	23013306	23013769	1	4
2R	16926808	16931112	-1	4
3R	5335061	5349744	-1	4
3L	11250641	11251739	-1	4
3R	20579233	20579454	-1	4
2R	7244540	7244611	1	4
2R	17000404	17001056	-1	4
X	628471	628534	-1	4
2L	20927092	20927157	-1	4
4	1120607	1120659	-1	4
2R	3918418	3918475	-1	4
2R	17781280	17781341	-1	4
3R	17040951	17041009	-1	4
3L	13960078	13960622	1	4
3R	23983750	23984290	1	4
3R	11505527	11505589	1	4
3R	21224080	21224776	1	4
3R	25518395	25519261	1	4
3R	15935534	15941398	1	4
2R	10810192	10810251	-1	4
3L	22778825	22783420	1	4
3R	19412770	19415633	1	4
3R	14361627	14372547	-1	4
4	1115895	1115956	-1	4
3L	11196876	11197505	-1	4
2R	16763341	16764138	1	4
3L	10182541	10185925	-1	4
X	17928454	17929159	-1	4
2R	10107854	10107967	1	4
2L	1359111	1359172	-1	4
X	8681829	8686695	1	4
3R	18331841	18333279	-1	4
2L	13550294	13551142	1	4
3R	7191679	7191736	1	4
3R	21580689	21587953	-1	4
2L	10966622	10968134	-1	4
X	15755287	15755347	-1	4
2R	5204279	5210502	-1	4
4	136999	137073	1	4
3L	9049004	9049174	-1	4
2L	17810939	17815574	-1	4
3L	3072687	3073081	1	4
2R	19164176	19165164	1	4
3R	18197371	18198702	-1	4
3R	4078031	4078174	1	4
3L	1723934	1723992	-1	4
3R	5294235	5294306	-1	4
X	13773979	13775973	1	4
2R	22638252	22638311	1	4
2R	24608262	24608319	1	4
3R	23983729	23984283	1	4
2L	20832466	20832665	1	4
2L	21381669	21381899	1	4
3R	12855768	12855825	-1	4
2R	12624087	12624149	1	4
X	10701122	10701804	1	4
X	5818595	5819015	1	4
2R	24771325	24771725	-1	4
3L	225141	225726	1	4
3R	28084617	28086887	1	4
3R	13021115	13021176	1	4
3L	24741001	24748408	1	4
4	873927	873994	-1	4
3R	5637536	5638442	1	4
2L	8084296	8089185	1	4
4	694417	695697	-1	4
2R	9396425	9397544	-1	4
2L	23166637	23166825	-1	4
2L	4815858	4815916	-1	4
2L	10970881	10970957	1	4
3R	23815107	23815241	-1	4
2R	15853007	15853065	1	4
3R	6364726	6365004	-1	4
4	1227500	1228653	-1	4
3L	23319475	23325642	-1	4
2L	21681285	21681344	-1	4
2R	24608555	24608635	1	4
X	15860251	15860989	1	4
3L	8450458	8451775	1	4
3L	3071308	3073081	1	4
X	4698571	4701974	1	4
3R	22389234	22389314	-1	4
2R	10094559	10095079	1	4
3L	17040602	17041694	-1	4
2R	9505469	9507863	1	4
X	5793678	5794423	1	4
3R	14057343	14057741	1	4
3L	4285532	4285599	1	4
3L	12134660	12134725	-1	4
2R	14233562	14233617	-1	4
X	11931438	11934663	-1	4
3R	29222344	29222401	-1	4
2R	8919467	8919524	-1	4
2R	22801840	22802044	1	4
2R	9864821	9864896	-1	4
4	320037	328162	1	4
2R	6667014	6667073	1	4
3R	4332478	4332992	-1	4
3R	18283358	18283415	-1	4
X	18168493	18169489	1	4
3R	17477059	17477545	-1	4
2R	10106445	10107461	1	4
2R	10107741	10108223	1	4
3R	12746680	12746837	-1	4
2R	16926808	16931112	1	4
3R	5597516	5597772	-1	4
3R	12981388	12983735	-1	4
X	20509468	20510623	-1	4
3L	9750300	9750892	1	4
3R	24060945	24061011	1	4
2L	2745495	2745557	1	4
3R	14277543	14279093	-1	4
2R	9119048	9121736	1	4
3L	16959423	16959705	1	4
X	3190577	3244735	1	4
X	14235378	14235444	-1	4
3L	23099724	23100245	1	4
3R	5666962	5667098	1	4
2L	11109508	11110159	1	4
3R	13664621	13666684	1	3
3R	23984099	23984360	1	3
2L	22156816	22158513	1	3
2L	10224895	10225481	-1	3
2R	18143553	18145960	1	3
2L	8826287	8829606	1	3
4	120213	120858	-1	3
3L	13584272	13638517	-1	3
4	892950	893200	-1	3
3R	29316366	29316720	-1	3
3L	5569362	5573632	-1	3
2L	13810522	13810579	-1	3
3L	1884249	1884323	-1	3
2L	16743571	16743760	-1	3
3L	23741085	23746190	1	3
X	8060159	8060751	-1	3
3R	30068065	30068314	1	3
3L	8265985	8266347	1	3
3L	19146474	19160619	-1	3
X	13776381	13776676	1	3
2L	16604397	16621836	1	3
4	450317	450371	1	3
2R	15323566	15323845	1	3
2R	22106188	22106463	-1	3
3R	23983921	23984353	1	3
3R	27641495	27643815	-1	3
4	464741	464801	-1	3
X	17580098	17588988	1	3
2R	14988084	14988143	-1	3
3R	18907021	18907200	1	3
2R	18630277	18630338	-1	3
3L	27420842	27420952	1	3
3L	17823501	17828562	1	3
X	12941880	12942102	1	3
2R	9840871	9840944	1	3
3R	31383209	31384083	1	3
3R	23983898	23984422	1	3
4	427712	429437	1	3
3L	12394043	12394109	-1	3
3R	31413146	31418293	1	3
3L	19997220	19997466	1	3
X	18039731	18040261	-1	3
X	16483860	16486380	-1	3
3R	16298551	16299591	1	3
3R	23074002	23075015	-1	3
X	15176122	15177693	1	3
2R	24072962	24073028	1	3
2L	8089451	8114637	1	3
X	13082539	13082608	-1	3
3R	3625753	3626910	1	3
X	13784277	13785697	1	3
3R	23983939	23984315	1	3
3L	7840222	7854085	-1	3
X	17966587	17966682	-1	3
3L	8947890	8948883	-1	3
3L	6024893	6025009	1	3
3R	4310359	4310414	-1	3
2L	22534948	22535007	-1	3
2L	13415777	13420132	1	3
2R	18688649	18692041	1	3
2R	10444463	10445034	1	3
2L	5043384	5045822	1	3
3L	3991531	3991897	1	3
2R	12274030	12276283	1	3
2R	14865275	14865342	-1	3
X	13198976	13199048	-1	3
3R	25852575	25852817	1	3
3R	10613912	10639089	-1	3
3R	21785941	21820928	-1	3
3R	27942063	27942683	1	3
3R	17698965	17699095	-1	3
2R	22561143	22561899	-1	3
2L	21380366	21382019	1	3
X	2637554	2641125	1	3
2L	4403415	4403514	1	3
3L	5567604	5567732	-1	3
2R	19520903	19532170	-1	3
3R	13258153	13258303	-1	3
X	18766170	18766232	-1	3
3L	657586	657650	1	3
2L	16662826	16662943	1	3
X	10727007	10743803	-1	3
X	9355176	9356001	-1	3
3R	14361627	14367193	-1	3
3L	5745216	5746513	1	3
3R	20958168	20963725	1	3
3L	24726293	24734036	1	3
2R	16858602	16858664	1	3
2R	22337913	22338801	-1	3
3R	7070574	7070632	1	3
3R	26649525	26650993	-1	3
3R	22782183	22784321	1	3
2L	9684281	9684875	-1	3
2R	20671679	20671746	1	3
3R	11222368	11222561	-1	3
3L	5672620	5749386	1	3
2L	8338489	8338580	1	3
3L	7123791	7123846	-1	3
2R	22414510	22414570	-1	3
3R	7071218	7071273	1	3
2L	5633078	5634654	-1	3
X	2610183	2610246	-1	3
2R	12264905	12273792	1	3
3R	23359394	23359730	1	3
2L	13462276	13483428	1	3
X	16528022	16533059	-1	3
X	17908714	17908808	1	3
2R	23672089	23674286	1	3
2L	5543795	5544038	1	3
2R	23950390	23950454	1	3
X	9588263	9589563	1	3
X	1681756	1681808	-1	3
3R	11337763	11338237	1	3
3R	6376052	6376108	-1	3
2R	16500530	16503505	1	3
3R	27243945	27245017	-1	3
2L	14040214	14041321	1	3
4	1166853	1169167	1	3
3R	11393565	11402885	1	3
3R	17320453	17320773	-1	3
3L	11063124	11063187	-1	3
3R	23983925	23984283	1	3
2L	19155794	19171590	1	3
2L	1010598	1011670	-1	3
2L	10249260	10250281	-1	3
3L	24030858	24035432	1	3
3R	27580432	27580558	-1	3
2L	5111022	5117577	1	3
3R	23983904	23984428	1	3
3L	24079721	24181162	1	3
2R	17015203	17015659	-1	3
2L	9256967	9291669	1	3
3L	6955170	6955381	1	3
X	17286877	17286937	-1	3
3L	8135818	8135892	-1	3
2L	14040637	14060958	1	3
2R	13942751	13942807	-1	3
X	18098512	18098579	-1	3
3L	20024811	20024872	-1	3
X	2641362	2641590	1	3
3R	12627576	12627640	-1	3
X	10471539	10471618	-1	3
X	3172988	3173045	-1	3
2L	20705017	20713776	-1	3
X	17642831	17643014	-1	3
3L	22583363	22595872	-1	3
3R	22957410	22958315	1	3
3R	16632295	16632362	1	3
4	137168	137391	1	3
2L	21688553	21700672	1	3
2L	2400351	2401107	1	3
X	17699122	17700987	-1	3
3R	19865298	19866414	1	3
3L	17400644	17400798	-1	3
X	5794143	5794223	1	3
3L	1500098	1500206	-1	3
3L	17527281	17527336	-1	3
3L	11233274	11233334	-1	3
X	2692391	2692477	1	3
3R	13669697	13670645	-1	3
3R	15332549	15332616	-1	3
X	14265702	14265789	-1	3
3L	21622823	21622891	-1	3
3L	4091608	4092420	1	3
3R	10018559	10018942	-1	3
X	17642700	17642778	-1	3
2R	21224007	21234700	-1	3
2R	24696309	24696394	-1	3
X	5336598	5338061	-1	3
2R	21020242	21020993	1	3
X	13619666	13619738	-1	3
2R	18279189	18355920	-1	3
3R	16579148	16583564	-1	3
X	8060159	8060880	-1	3
3R	9418001	9420022	1	3
3R	26046593	26046733	1	3
2L	21382171	21390172	1	3
2L	21684147	21684546	1	3
3L	14774692	14774758	-1	3
3R	6381400	6381773	1	3
2R	14298214	14298375	1	3
3R	7907820	7907884	1	3
3L	838625	839250	1	3
3L	25109605	25109660	1	3
3L	17400579	17401097	-1	3
2R	16765449	16765564	-1	3
3L	11688091	11688152	1	3
3R	20823868	20823935	-1	3
2R	13443129	13444428	-1	3
3L	14220386	14225431	1	3
2R	16856304	16856806	1	3
3L	16403007	16405121	-1	3
3R	22026159	22026623	-1	3
3R	10324699	10324758	-1	3
4	515632	521473	1	3
3L	17843930	17844847	-1	3
4	1250884	1255842	1	3
2R	11443113	11444684	1	3
3R	20754262	20754423	1	3
3R	21269685	21269745	-1	3
3L	23019098	23019155	1	3
4	1145104	1146470	-1	3
3R	22379605	22379666	1	3
2R	4816391	4816459	1	3
3L	4417968	4419920	1	3
3L	3893915	3893978	1	3
X	18516295	18517237	1	3
3R	21302840	21309455	1	3
3R	13373340	13373853	-1	3
2L	4866131	4866201	1	3
3R	5355943	5356003	1	3
3L	9144295	9144394	1	3
X	8904862	8904941	-1	3
2L	23162140	23162212	-1	3
3R	25856202	25856627	1	3
X	17822229	17823832	-1	3
2R	4378905	4378964	-1	3
3R	14306344	14306414	-1	3
3R	25622041	25622103	-1	3
X	13196976	13197038	-1	3
3L	2235973	2236050	-1	3
2R	929293	951127	1	3
3L	19263906	19263981	-1	3
2L	8320867	8321624	1	3
X	16969348	16970185	-1	3
3R	13647547	13648918	1	3
3L	9107698	9129887	-1	3
2L	10431420	10431477	1	3
X	10781841	10782572	-1	3
3L	1871918	1872354	-1	3
4	1224496	1229994	-1	3
2L	10222136	10222260	1	3
3L	16966359	16967382	1	3
3L	10506564	10534831	1	3
X	19616407	19616470	1	3
3L	19924367	19924422	1	3
2L	19793734	19794358	-1	3
3L	22749993	22777111	1	3
2L	8083864	8089185	1	3
2R	13827410	13829538	1	3
3R	7269668	7270655	1	3
X	10629691	10630064	1	3
3L	9728617	9728715	1	3
2L	9292757	9294886	1	3
X	18133372	18133711	-1	3
3R	4288974	4295120	1	3
2R	13934183	13940933	-1	3
2R	18283245	18283331	-1	3
X	7907697	7907922	-1	3
2L	3806397	3810637	1	3
3R	21302861	21303139	1	3
4	1230421	1230649	-1	3
2R	9969236	9969461	1	3
3L	12761153	12761205	1	3
3R	23983961	23984291	1	3
X	18039958	18040261	-1	3
X	18521040	18547826	1	3
3L	7854190	7854742	-1	3
3L	21728393	21728451	-1	3
3R	24922030	24922085	1	3
X	2443666	2443734	-1	3
2R	5127524	5128973	1	3
2L	13462201	13483428	1	3
3L	23032202	23033528	1	3
2L	18444833	18444884	-1	3
3L	8517418	8517472	1	3
3R	4402748	4402808	-1	3
2R	14793558	14793623	-1	3
X	7092171	7098001	-1	3
3L	9688378	9689265	-1	3
2L	7444860	7444927	1	3
2R	16027279	16027337	-1	3
3L	24107243	24131196	1	3
2L	12272085	12278837	1	3
2R	926576	951211	-1	3
3R	27942134	27942435	1	3
X	16337010	16337086	1	3
3R	9402753	9403916	-1	3
3R	22479454	22479530	1	3
2L	10402334	10402407	1	3
2L	1836653	1837033	1	3
2R	22187796	22187852	1	3
2R	18690907	18692041	1	3
2R	19438344	19438407	1	3
2R	4726789	4726848	-1	3
2R	25281888	25281953	1	3
3R	16296777	16296836	1	3
2R	14038424	14038710	1	3
3R	7064335	7064554	-1	3
2L	6720943	6720997	-1	3
3R	31598946	31599274	-1	3
2L	7196858	7203935	-1	3
2L	21261675	21262237	1	3
3R	19219047	19219189	-1	3
4	1233180	1271137	1	3
X	4698643	4699616	1	3
3R	27580785	27581010	-1	3
3R	5414660	5416470	1	3
3R	29864827	29864889	-1	3
3R	30594985	30595040	-1	3
3R	31778759	31779030	1	3
3R	8817689	8820132	-1	3
3R	31055520	31056314	-1	3
2R	23945825	23945898	1	3
3R	5660304	5660365	1	3
3R	11215611	11215693	-1	3
3L	23264365	23269404	1	3
3R	23983899	23984350	1	3
2R	17696873	17697832	-1	3
2L	8083463	8089185	1	3
3R	19095664	19095837	1	3
4	427700	429497	1	3
3R	12561805	12595676	-1	3
3L	24079559	24107167	1	3
3R	22787108	22792693	1	3
X	12128511	12128658	1	3
X	18039958	18040202	-1	3
2L	20740313	20748129	1	3
3L	1875916	1876110	-1	3
3L	4090741	4091102	1	3
2R	19027308	19028618	-1	3
2R	9351174	9351542	-1	3
3L	11818188	11818254	-1	3
3R	31750587	31750757	1	3
3L	20357869	20357941	1	3
3L	13867590	13868969	-1	3
2L	5127058	5139359	1	3
4	395323	395787	-1	3
3L	6591000	6591059	1	3
2R	18432776	18437575	-1	3
4	928152	929822	-1	3
2R	13953223	13954537	-1	3
2R	21658276	21658346	1	3
2R	9374598	9387782	-1	3
3R	12431661	12431746	-1	3
3L	5664448	5664874	1	3
3R	15142295	15142729	-1	3
2L	9291847	9293265	1	3
3L	3072761	3073081	1	3
3L	7778737	7778798	-1	3
X	10384427	10384488	-1	3
X	18515683	18517468	1	3
X	11429814	11429991	1	3
2L	9870083	9870385	-1	3
2L	20917221	20918103	-1	3
2R	18437613	18437940	-1	3
2R	18437978	18438208	-1	3
4	1004411	1007771	1	3
2R	24727160	24736619	-1	3
3R	25706486	25706816	-1	3
2L	21389080	21390191	1	3
2R	13528387	13531414	-1	3
2L	7999168	7999249	1	3
3R	21783473	21805066	-1	3
3L	4554693	4558397	-1	3
2R	19437582	19437955	1	3
X	9094349	9094411	-1	3
3R	9629158	9629928	-1	3
2R	9511200	9527288	1	3
2L	6646948	6647216	-1	3
3R	9589783	9589883	-1	3
2L	13496699	13497239	1	3
3L	10593680	10593787	1	3
3R	21972517	21975155	1	3
3L	15503243	15503308	1	3
2L	14135136	14143584	1	3
3R	12423789	12424145	-1	3
2R	16762034	16762188	-1	3
2R	17792141	17792204	1	3
3R	5855352	5855753	-1	3
3L	973943	974138	1	3
2L	8543675	8544544	1	3
3L	1501407	1501799	-1	3
2R	16630860	16630919	-1	3
3R	31216368	31216656	-1	3
3R	24837218	24838051	1	3
2R	19392790	19392846	-1	3
3L	22833454	22833692	-1	3
2R	23946078	23946137	1	3
3R	30809284	30816875	-1	3
3L	4554693	4556439	-1	3
3R	20749659	20749741	1	3
3R	5335792	5349530	-1	3
3L	6077346	6078919	1	3
2R	24786544	24786602	-1	3
3R	23782389	23789928	1	3
3L	23227548	23238837	1	3
4	188524	188578	-1	3
3R	31597777	31600389	-1	3
4	954864	954921	-1	3
2L	20738442	20738504	1	3
2R	13508710	13509241	1	3
2L	10007342	10007414	1	3
X	15178763	15188054	1	3
2L	21388670	21390289	1	3
3L	16659467	16661197	1	3
2L	2136645	2136731	1	3
X	8274935	8275268	1	3
2L	10401595	10401662	1	3
2L	2814757	2814807	-1	3
3R	23929413	23929515	1	3
3R	18730998	18732150	1	3
X	5662330	5662823	-1	3
4	184796	185827	-1	3
2R	22412035	22412089	1	3
2L	5759617	5759677	1	3
3L	21635562	21635618	1	3
2L	17464556	17472097	-1	3
2R	6038447	6040082	-1	3
3L	8886971	8887097	1	3
3L	5161602	5162967	-1	3
3L	14985155	14987582	1	3
3L	5566356	5566656	1	3
3L	9123777	9125167	-1	3
3R	18978569	18978644	-1	3
3L	19996781	19996850	1	3
2R	14961507	14961568	-1	3
2R	4236857	4236914	-1	3
2R	5857306	5857368	1	3
2R	6081416	6081736	-1	3
2R	8960214	8960277	1	3
2R	8724465	8726615	1	3
3L	21306199	21315303	1	3
2R	926683	927182	-1	3
2R	11643927	11643991	-1	3
3R	21588010	21603020	-1	3
X	3929678	3930028	-1	3
3R	29935082	29935137	-1	3
3L	3071190	3071257	1	3
2R	17352306	17361980	1	3
X	52611	52674	-1	3
2L	8387832	8387891	1	3
3L	506049	506105	-1	3
X	3689483	3692953	1	3
3R	25116041	25116112	-1	3
4	1250884	1254006	1	3
2R	18795007	18795069	-1	3
3R	26045828	26046536	1	3
3L	4418252	4419965	1	3
2R	12274248	12274408	1	3
2R	6808410	6808993	1	3
3L	16631431	16646810	-1	3
3L	1572458	1572524	1	3
3R	18217593	18217652	1	3
X	10797664	10797836	-1	3
X	15752334	15752393	-1	3
2L	10620636	10621420	1	3
3L	9499087	9499164	-1	3
2L	22128552	22129576	-1	3
3R	24788280	24790117	1	3
X	11815540	11816422	-1	3
2R	24066314	24066561	-1	3
3L	5601310	5601587	-1	3
3R	15076287	15077036	-1	3
4	261512	261777	1	3
X	21299610	21300151	-1	3
3L	17530331	17545684	1	3
4	452745	452803	1	3
3L	12412123	12412185	-1	3
4	446232	446821	1	3
2R	22873637	22873828	1	3
X	129418	132807	1	3
2L	2152147	2152233	1	3
3R	14892017	14892134	1	3
3R	8562316	8562412	-1	3
X	15702416	15702509	-1	3
X	1462313	1462373	-1	3
X	4841441	4869496	-1	3
2L	10248136	10248197	-1	3
2L	6466765	6466819	-1	3
X	2095198	2095270	1	3
X	1482108	1482312	-1	3
2R	24892143	24892233	1	3
2L	4459430	4459484	-1	3
4	1254213	1255842	1	3
3L	20315984	20316329	1	3
2R	17579353	17579416	-1	3
4	363640	363868	1	3
3R	16626217	16631609	-1	3
3L	15952326	15952588	-1	3
2R	5316480	5320008	1	3
3L	20000061	20000121	-1	3
3R	14367500	14369544	-1	3
2R	5858559	5858624	1	3
3R	31216344	31216670	-1	3
2R	16107243	16107387	-1	3
X	9194841	9195163	1	3
X	16445886	16446185	-1	3
3R	23890828	23890884	-1	3
3R	8307841	8307896	-1	3
X	16373188	16374926	1	3
2R	13225752	13225809	1	3
3L	23216108	23227438	1	3
X	19617016	19617467	-1	3
3R	17651458	17652605	-1	3
3R	24258133	24258196	-1	3
2L	11166144	11166690	-1	3
X	13864457	13967869	-1	3
2L	18845922	18852954	1	3
3L	17401149	17401205	-1	3
3R	23983236	23984464	-1	3
4	885892	898393	-1	3
X	13590145	13590474	1	3
3L	17534563	17538662	1	3
3R	13636526	13642299	-1	3
3L	3759259	3765506	-1	3
3R	15215091	15215339	-1	3
3L	6401194	6449107	1	3
2R	5195195	5195251	-1	3
2L	1015257	1015315	-1	3
X	8060159	8061017	-1	3
2L	284211	284748	-1	3
3R	7886169	7886536	-1	3
3R	26702873	26703715	-1	3
2R	14258370	14258432	1	3
2L	5908636	5908690	1	3
3R	18192647	18199155	-1	3
2L	20598773	20609798	1	3
2L	2985414	2985476	-1	3
2L	750927	752695	1	3
3R	25044054	25044110	-1	3
3R	24133449	24133506	1	3
2L	7796814	7797544	-1	3
3L	9376582	9376705	-1	3
3L	16352916	16352971	1	3
X	2078528	2079120	-1	3
3R	19756122	19756976	1	3
4	668575	669130	1	3
2L	12311094	12312376	1	3
3L	11496094	11498934	1	3
3L	9048976	9051264	-1	3
3L	17400545	17400898	-1	3
2R	25253762	25253820	1	3
2R	23688711	23688933	1	3
2L	21286426	21286489	-1	3
2R	23544385	23544737	1	3
3R	21117061	21117117	1	3
3L	17037874	17037931	-1	3
X	12913803	12914856	-1	3
3R	18573526	18586279	1	3
X	23283182	23431918	1	3
3L	17400540	17400823	-1	3
3R	22544695	22544758	-1	3
3L	4364746	4364812	1	3
2L	9176658	9177122	1	3
X	13728615	13728685	-1	3
2L	16168649	16169487	1	3
X	13585828	13585894	1	3
3R	23983955	23984305	1	3
2R	6988266	6988583	1	3
2R	8128262	8128324	1	3
3R	17899488	17900410	-1	3
2R	24020941	24021003	-1	3
2R	14276429	14278698	1	3
3L	4076878	4078750	-1	3
X	5529412	5529495	-1	3
X	22493914	22494033	1	3
2L	5146704	5146993	1	3
2L	11795614	11803512	-1	3
2R	19399094	19406020	-1	3
3R	24221617	24221793	-1	3
3R	13658565	13658637	-1	3
2L	22253922	22257653	1	3
2R	22876093	22876145	1	3
X	4698593	4699611	1	3
2R	18096059	18096282	1	3
2L	10437962	10438041	1	3
3L	5425284	5429163	1	3
3L	6169928	6170117	-1	3
2R	11305080	11305138	1	3
3R	8653478	8653546	1	3
X	17144717	17145016	1	3
3R	31807075	31809796	-1	3
X	5793563	5794308	1	3
X	4698663	4699616	1	3
3L	16543021	16543165	-1	3
3L	543278	547482	1	3
3R	25134881	25134947	1	3
2L	155430	155567	1	3
3R	16471064	16471129	1	3
2L	2095178	2109819	-1	3
2L	560038	560097	1	3
3R	24633500	24633558	1	3
3R	12918770	13019342	1	3
3L	19931198	19931263	1	3
X	23100803	23100860	1	3
3L	7980983	8017584	1	3
3R	24199952	24219600	-1	3
3R	11621945	11622015	-1	3
X	13784190	13811270	1	3
X	10328073	10328412	1	3
3R	12811660	12811720	-1	3
2R	1516469	1516520	-1	3
3R	8444688	8477419	-1	3
3R	9327371	9328442	-1	3
3L	3072678	3073081	1	3
2L	16079937	16080001	1	3
2R	8953030	8953103	1	3
2R	16045181	16045287	1	3
3R	14889410	14889470	-1	3
3L	293186	298959	1	3
2R	1992958	2168834	1	3
3R	14733017	14733211	-1	3
3R	27646244	27646336	-1	3
3R	17875546	17877067	-1	3
2R	22875464	22875567	1	3
2R	6877363	6877427	-1	3
X	13746756	13754907	-1	3
2R	16859250	16859313	1	3
3R	29735656	29735714	-1	3
3R	21309531	21309808	1	3
2R	14276527	14277139	1	3
4	1004413	1004470	1	3
2R	7674193	7674255	-1	3
X	11305	15031	-1	3
X	15584640	15584703	1	3
3L	5807077	5807134	-1	3
3R	13374371	13374447	-1	3
3R	4380632	4380703	1	3
2R	9089225	9089291	1	3
3R	24326896	24326957	1	3
X	18225525	18225648	1	3
X	11374511	11376842	1	3
3L	4091291	4106677	1	3
2L	11138286	11138349	1	3
2L	5989692	5989955	-1	3
2R	24966042	24967147	-1	3
3R	24519882	24519997	1	3
3L	1796838	1796902	1	3
X	9109945	9110822	1	3
2R	16324245	16324307	1	3
2L	13812915	13813155	1	3
3L	21526268	21526926	1	3
3L	4577953	4578760	1	3
2R	16952054	16952152	1	3
3R	4598769	4599396	-1	3
2L	9967878	9967939	1	3
X	14839792	14840251	1	3
X	15299584	15306269	1	3
X	8064460	8064533	1	3
2L	3889785	3893262	-1	3
2L	11009378	11009443	1	3
X	15345423	15345488	1	3
4	134965	136879	1	3
2L	1651412	1652775	1	3
4	1241898	1243477	1	3
X	12633958	12635732	-1	3
3R	16274367	16274467	1	3
X	14233041	14233105	-1	3
3R	23983725	23984290	1	3
3L	3717337	3743324	-1	3
2R	21717020	21717098	-1	3
2R	12409425	12409475	1	3
X	11066931	11067776	1	3
3L	6943102	6944383	1	3
2L	21836642	21836817	1	3
3L	3958569	3962160	-1	3
X	10336429	10347628	1	3
3R	16483207	16483263	-1	3
X	15343674	15343733	-1	3
2L	6924086	6925426	1	3
2R	21515238	21517261	-1	3
3R	16289840	16292724	1	3
3R	31935392	31935886	-1	3
X	1292258	1292321	-1	3
2L	13300740	13300801	1	3
3R	11817339	11818006	-1	3
3R	4670851	4680779	1	3
3R	8242847	8242918	-1	3
3L	16233583	16233643	1	3
X	10814094	10822341	-1	3
3L	20522820	20523203	-1	3
2R	20623970	20624030	1	3
2R	22760589	22777023	-1	3
2R	12278194	12278593	1	3
2R	12659066	12659124	1	3
3R	24247890	24247976	1	3
3R	9544748	9546798	-1	3
3L	16070931	16071109	1	3
2R	16924797	16926346	1	3
3R	9441594	9447905	1	3
2R	8729694	8734163	-1	3
X	5903983	5904753	1	3
3R	15835087	15835197	1	3
2L	1170364	1170419	1	3
2R	18878641	18902866	1	3
4	666933	668420	1	3
X	53969	54033	-1	3
3R	23154968	23155809	-1	3
X	1373635	1374793	1	3
2R	4693484	4695119	-1	3
X	15828650	15828716	-1	3
X	15989297	15989375	-1	3
4	584019	584762	1	3
3R	20438185	20449235	-1	3
3R	31741833	31741910	1	3
2R	16764375	16764472	-1	3
4	1078830	1080257	-1	3
3R	5335061	5349830	-1	3
3L	8195914	8196470	-1	3
2L	6678934	6679986	-1	3
3L	16114721	16115669	1	3
3L	19598257	19598386	-1	3
3R	9060531	9060600	1	3
3R	23731982	23732043	-1	3
3L	7696725	7696780	-1	3
2L	7051646	7051760	1	3
X	2180337	2180391	-1	3
2R	6754439	6754702	1	3
3L	22792600	22833054	-1	3
2L	1139068	1139124	1	3
2R	8012003	8012060	-1	3
3R	12593535	12595395	-1	3
3L	17425507	17425579	1	3
3L	2597143	2597194	-1	3
2R	9922004	9928900	-1	3
X	13733637	13733707	-1	3
2R	13832319	13832910	1	3
2R	6755118	6755185	1	3
3R	24192124	24192191	-1	3
3R	11815334	11816277	-1	3
2L	1012721	1013411	-1	3
2L	22982594	22986797	1	3
X	8423350	8431181	1	3
3L	5138293	5138349	1	3
3R	17474917	17475080	-1	3
3L	12249654	12249709	1	3
X	1119786	1134185	-1	3
X	9187606	9187814	1	3
3L	25961541	25977967	-1	3
2R	8932681	8932743	1	3
2L	12468418	12477115	-1	3
3L	3606607	3633538	1	3
X	12522727	12523518	-1	3
3R	31807040	31807488	-1	3
3R	9741143	9741199	-1	3
2R	13000052	13000144	1	3
2R	4131980	4132037	1	3
2R	14857846	14857908	-1	3
2L	2793265	2793328	-1	3
2R	14276184	14277148	1	3
X	15760158	15760240	-1	3
2R	7674660	7674721	-1	3
2R	24943766	24943823	-1	3
3R	27562913	27568325	-1	3
3L	19281780	19292089	-1	3
3L	2557509	2557572	-1	3
2L	7054652	7055789	1	3
3L	9893655	9893709	-1	3
4	940718	942767	1	3
2L	20830797	20830861	1	3
2R	8133076	8133141	1	3
3R	11781940	11782002	-1	3
2L	12142856	12145070	1	3
3R	29045719	29045870	1	3
3R	5226996	5227324	1	3
X	9163575	9165682	1	3
3L	24724431	24728297	1	3
3L	2588167	2588648	1	3
3R	5202854	5203050	-1	3
X	17927853	17928672	-1	3
4	304084	305016	-1	3
X	6591006	6591446	1	3
Y	2830841	2830896	-1	3
3L	7385275	7385337	1	3
2L	11128734	11128807	1	3
X	6366233	6366633	1	3
X	18376454	18377573	1	3
3L	19610745	19610802	-1	3
3L	15836249	15836780	-1	3
3L	4041035	4042271	1	3
X	12639297	12640662	1	3
3L	5219286	5271340	-1	3
2R	9113333	9113395	-1	3
2R	8174832	8186905	1	3
3R	5791041	5791103	1	3
X	15926229	15926332	1	3
3R	16514177	16532532	1	3
3L	1660812	1660875	-1	3
2R	10107732	10109450	1	3
3R	27710537	27710614	1	3
3L	20182670	20184963	-1	3
3L	12200639	12200708	-1	3
2R	17207922	17208002	1	3
2R	9811186	9819911	-1	3
2L	10438443	10438591	1	3
3L	3120401	3120459	-1	3
2L	20882192	20882262	-1	3
3R	13374781	13377533	-1	3
2R	22919072	22919165	-1	3
2L	2963133	2963225	1	3
2R	1369206	1378490	-1	3
3R	13015193	13019342	1	3
3R	22729540	22729610	1	3
2R	10533969	10542905	-1	3
2R	11106826	11116040	-1	3
2L	302760	303079	1	3
3R	25064117	25064178	1	3
4	930024	930080	-1	3
3R	4951027	4951111	-1	3
X	2673619	2677101	1	3
3R	14617010	14617175	1	3
3R	29181873	29194888	-1	3
X	11579125	11579501	1	3
2R	17013997	17014949	-1	3
2R	12167254	12167324	-1	3
X	15321372	15321861	1	3
2R	18751833	18751953	1	3
3R	18978584	18978644	-1	3
3R	21223195	21223257	-1	3
2L	8107953	8116358	1	3
2L	10255271	10255721	-1	3
X	15892600	15892828	1	3
2R	20641119	20641181	1	3
3R	25040876	25042645	-1	3
2R	14953656	14958244	-1	3
2R	14944059	14944139	1	3
3R	21088688	21096092	-1	3
3L	16799955	16807533	-1	3
X	21347934	21348002	-1	3
2L	19606846	19606966	1	3
3R	18729545	18729609	1	3
X	16311432	16311488	-1	3
2R	1072440	1074272	1	3
2L	7042858	7046254	1	3
3R	22016205	22016532	-1	3
X	19699176	19699690	1	3
2R	12092364	12118526	-1	3
3R	19416088	19459195	1	3
3L	9413808	9415408	-1	3
4	694417	695214	-1	3
2R	4756589	4756655	1	3
X	8874900	8875094	-1	3
2L	1140127	1140949	1	3
3L	24162914	24185198	1	3
2R	9351194	9351441	-1	3
3R	26210217	26229657	1	3
2R	24385049	24389598	-1	3
2L	9256815	9256893	1	3
X	11494000	11522616	1	3
3R	9943588	9943677	1	3
2R	16789916	16790739	1	3
X	11152128	11152238	1	3
3L	3962670	3964491	-1	3
2R	14989616	14989682	1	3
2L	6921074	6923784	1	3
4	446748	446821	1	3
3L	20852762	20854057	-1	3
X	4698696	4701845	1	3
3R	13229771	13232679	-1	3
3R	19500111	19503639	1	3
X	9166202	9170771	1	3
3R	23984148	23984353	1	3
2L	1273779	1280599	1	3
2R	19161594	19161660	1	3
2R	22161034	22172826	-1	3
2R	16183119	16183186	1	3
3L	17400534	17400823	-1	3
3R	17915165	17916152	-1	3
X	1930587	1938105	1	3
3R	21375913	21376602	-1	3
4	613796	613937	1	3
3L	5424315	5429163	1	3
3R	22720018	22720079	-1	3
X	11795187	11799993	1	3
3L	12736161	12736253	1	3
X	11622186	11622313	1	3
2R	24696434	24698701	-1	3
2L	13834661	13834722	-1	3
X	11400833	11402707	1	3
3L	20993855	21025100	-1	3
3R	10145533	10154224	1	3
3L	9048961	9049158	-1	3
X	13034344	13046904	1	3
4	904656	904769	-1	3
2R	13200907	13200998	1	3
X	14794153	14794215	-1	3
3L	3718258	3742729	-1	3
2L	6682871	6683726	-1	3
3R	14733002	14733209	-1	3
4	181510	181569	-1	3
X	14227496	14227566	1	3
X	15973604	15973665	1	3
3R	20974312	20975230	1	3
2R	24115847	24115908	1	3
3R	23279559	23280431	-1	3
3L	5691793	5695422	1	3
3L	9714400	9714506	1	3
X	9152675	9153911	-1	3
3R	24104967	24105193	-1	3
3L	6020163	6024631	1	3
3R	21949407	21949640	1	3
3R	15935585	15935840	1	3
3R	7902181	7902239	-1	3
2R	5090642	5091872	1	3
X	8097543	8097613	-1	3
3L	9130079	9130330	-1	3
3R	9432840	9439142	1	3
3R	9234665	9237432	-1	3
3L	3842181	3842244	1	3
2L	16469256	16471856	-1	3
3R	12465649	12511241	1	3
2L	1014975	1015035	-1	3
2L	216276	216345	-1	3
4	369185	369507	1	3
3L	1330409	1331334	1	3
4	72863	75068	1	3
2R	12259823	12260040	1	3
3R	13384998	13385104	1	3
3L	14744444	14744531	1	3
2R	5657582	5657643	-1	3
2R	17008943	17010053	-1	3
3L	19832171	19832228	-1	3
2R	24991273	24991810	-1	3
3R	19457668	19457786	1	3
3L	10659669	10660783	-1	3
3R	21267558	21267620	-1	3
X	19519626	19519696	-1	3
3R	18705944	18730874	1	3
3R	4425765	4425831	-1	3
X	10309666	10318472	-1	3
2L	9877279	9885932	-1	3
2L	15036521	15036575	-1	3
3R	19852426	19852483	1	3
X	19740756	19740825	-1	3
3L	11115419	11115484	-1	3
2L	7676346	7676579	1	3
3L	15851376	15870604	-1	3
2R	9536940	9537013	1	3
2L	1381132	1382293	-1	3
3R	11953953	11958254	1	3
2R	15188898	15190166	1	3
3L	18060275	18060422	-1	3
3L	3221388	3221467	-1	3
X	9324203	9324260	1	3
2R	12628302	12628439	1	3
2R	16901224	16901285	1	3
X	7837488	7838697	1	3
X	9684152	9685503	-1	3
2R	4117019	4122170	1	3
2R	18689134	18692041	1	3
3R	9585899	9585956	1	3
3L	3552865	3578289	1	3
3R	31216366	31216687	-1	3
2L	8084391	8089185	1	3
X	2904775	2965979	-1	3
X	54469	54529	-1	3
2R	11370714	11370773	-1	3
3L	19601150	19601210	1	3
2R	12273981	12276419	1	3
X	9152649	9153895	-1	3
3R	20817215	20817309	-1	3
X	11405996	11406072	1	3
3R	8247652	8247709	1	3
X	12657270	12657427	1	3
2R	20595815	20597548	1	3
3R	21309421	21309699	1	3
3L	23331016	23334364	-1	3
2R	23913027	23913086	1	3
X	11973362	11973425	-1	3
2L	10994022	10994849	1	3
3L	21215502	21215576	1	3
2R	21658276	21658351	1	3
3L	3899544	3901595	-1	3
3L	25738863	25743460	-1	3
2L	6646948	6647785	-1	3
2L	19046307	19048536	1	3
4	475105	476963	-1	3
X	9170537	9170711	1	3
3R	25516289	25519261	1	3
X	11384613	11384800	1	3
2R	18477024	18497705	-1	3
3L	25999302	26012780	-1	3
3L	5161088	5184276	-1	3
3R	24530197	24530258	-1	3
X	6603391	6605180	1	3
3L	11097873	11098000	-1	3
3L	13837004	13837073	-1	3
4	438919	438975	-1	3
2R	4600088	4606764	1	3
2R	20237775	20239109	1	3
2L	456898	456973	1	3
2L	20826971	20827032	1	3
3R	19412765	19414521	1	3
2R	15516060	15517586	-1	3
2L	9728435	9743381	-1	3
3R	9332868	9332930	-1	3
2R	10479426	10479482	-1	3
2L	19514853	19514931	-1	3
2R	23955997	23956053	1	3
2L	7785641	7785701	1	3
3R	12433073	12433129	-1	3
2L	13497438	13497502	1	3
2L	21712967	21713028	1	3
X	15800038	15800096	1	3
X	1480221	1481008	1	3
3R	10324410	10324466	-1	3
3R	20580193	20580249	1	3
2R	14963926	14964001	1	3
X	6531189	6531318	-1	3
2L	16342752	16342822	-1	3
2L	1014485	1014550	-1	3
3L	8047601	8049869	1	3
3L	306770	306829	-1	3
2L	131170	131226	-1	3
2L	2745389	2745894	1	3
4	680595	685569	1	3
2L	21741736	21741795	-1	3
X	19524164	19526841	1	3
2R	5644042	5647722	-1	3
3R	27550482	27550873	-1	3
X	4691845	4698297	-1	3
3L	20527542	20527593	1	3
2R	22112589	22121893	-1	3
3R	6566878	6589638	-1	3
2R	16984932	16985919	1	3
3L	27420842	27441604	1	3
X	12229860	12229966	1	3
3L	6755124	6755420	-1	3
2L	19515360	19515419	-1	3
3L	14112509	14130914	-1	3
3L	11524546	11527275	-1	3
3R	28682591	28686242	1	3
3R	31935776	31936658	-1	3
X	4909320	4909452	1	3
3L	9750300	9750892	-1	3
2R	5202064	5203752	-1	3
3R	22364958	22365019	-1	3
3R	25516188	25519261	1	3
X	15902380	15902817	1	3
3R	14554411	14557512	-1	3
4	614423	615036	1	3
2L	20576273	20583689	1	3
3R	22149423	22159972	1	3
3L	5200367	5218950	-1	3
X	1512358	1512413	-1	3
2R	18165103	18165160	-1	3
X	17994563	17997626	-1	3
3L	22340642	22406892	-1	3
2L	4439343	4441051	-1	3
3R	28340739	28341372	1	3
3L	27083594	27083739	-1	3
2R	4784183	4786697	1	3
3R	7805639	7806654	-1	3
3R	16358612	16358683	-1	3
2R	24696249	24698870	-1	3
2R	4816209	4817228	1	3
3R	15350784	15350852	-1	3
2L	20599553	20600654	1	3
3R	4249018	4249191	-1	3
X	20315950	20330118	-1	3
3R	13650340	13651586	1	3
X	9152764	9154008	-1	3
X	9159077	9159137	1	3
2L	11094636	11094763	1	3
3L	9351851	9351918	-1	3
3R	5335949	5336278	-1	3
3R	25993485	25993665	1	3
4	620178	620254	1	3
2R	14694244	14697659	-1	3
4	1181282	1181590	-1	3
3L	22961367	22961496	1	3
3L	17401127	17401207	-1	3
X	16317960	16318014	-1	3
2L	6408561	6410827	-1	3
3R	13669697	13670645	1	3
2R	12870951	12871160	1	3
3L	19112520	19136442	-1	3
3L	15016618	15016825	-1	3
2R	927298	927356	-1	3
2R	9922004	9934319	-1	3
3R	11782371	11782432	-1	3
3L	3899504	3899733	-1	3
3L	4131237	4131750	-1	3
3L	9898467	9898523	-1	3
X	13193214	13193311	-1	3
2R	8427800	8427993	1	3
X	13261664	13261732	1	3
X	19013400	19025615	1	3
3R	9449799	9450062	1	3
X	12582859	12583026	-1	3
2R	5198107	5198468	-1	3
3L	1196656	1196937	1	3
2R	19574327	19600882	-1	3
2R	10107683	10109506	1	3
2L	9176658	9177125	1	3
2R	6011338	6011403	1	3
3L	9893465	9893518	-1	3
X	2739233	2739297	-1	3
X	3664490	3664561	1	3
X	9163286	9165682	1	3
X	7936169	7936592	1	3
3L	9164746	9166153	-1	3
3L	2684689	2689489	-1	3
3R	18010151	18010228	1	3
3R	8767795	8768075	-1	3
2L	10408387	10408739	1	3
2L	6646948	6648521	-1	3
3R	8796937	8797324	-1	3
3L	17063558	17066777	-1	3
3L	250614	250671	-1	3
X	1411923	1413418	1	3
3L	13798109	13803062	-1	3
3L	7312231	7312889	-1	3
4	1149214	1149975	1	3
3L	19070100	19085321	-1	3
X	19646888	19646976	1	3
3L	3129424	3129587	-1	3
2L	23068102	23068200	-1	3
2R	22513191	22513475	-1	3
2L	11801125	11803679	-1	3
3R	13639337	13639437	-1	3
2R	10024528	10025850	-1	3
3L	8720906	8720961	1	3
2L	10274106	10274165	-1	3
3R	23983933	23984305	1	3
2R	3919121	3919185	-1	3
3R	21343034	21348392	-1	3
3R	9420048	9439346	1	3
X	3749095	3761945	1	3
2L	17601149	17601453	1	3
3R	8463876	8477419	-1	3
2R	8133209	8133615	1	3
2R	15273389	15274539	-1	3
3L	9099346	9101216	-1	3
3R	12095923	12096049	1	3
2L	8492382	8492483	-1	3
3L	9479684	9479774	1	3
X	3951568	3951636	1	3
X	4323156	4325328	1	3
3R	21297571	21298306	1	3
3R	23233891	23233998	-1	3
X	16459605	16462619	-1	3
2L	6646948	6648898	-1	3
2L	4994995	5004172	-1	3
X	19519258	19520008	-1	3
X	15181334	15181411	1	3
X	19724140	19724418	1	3
3R	17537295	17537356	-1	3
2L	23163059	23174062	-1	3
3R	17909507	17915010	-1	3
2L	9711770	9743357	-1	3
3L	17400656	17400771	-1	3
3L	15947580	15952102	-1	3
3R	15278442	15278503	-1	3
X	6699575	6700053	1	3
X	2442733	2443734	-1	3
3L	21879942	21888634	1	3
3R	23760173	23760245	-1	3
3L	17400545	17400810	-1	3
X	1044211	1044268	1	3
X	9531172	9550434	-1	3
2L	6001084	6001159	1	3
X	12020061	12020594	1	3
2R	9536595	9536805	1	3
3L	5560682	5560746	-1	3
3R	24160687	24160747	-1	3
2R	17697921	17697985	-1	3
3L	22801742	22803808	-1	3
2R	18636822	18636888	-1	3
2R	8009283	8011488	-1	3
3L	4075539	4075596	-1	3
2R	16013482	16013693	1	3
3R	5083877	5086254	-1	3
2L	11800323	11803785	-1	3
3R	31769649	31769708	-1	3
2L	13462276	13483447	1	3
3R	7126271	7126350	1	3
2L	6680284	6680346	-1	3
3R	8767795	8768120	-1	3
3L	9146214	9178045	-1	3
3L	12137300	12137353	1	3
2R	23061774	23061838	-1	3
X	9472658	9499874	-1	3
X	5250899	5250953	1	3
3L	11121407	11121563	1	3
X	9355176	9356212	-1	3
3R	29659394	29659830	-1	3
3L	4082640	4084730	-1	3
3R	8817700	8818688	-1	3
3L	17063053	17063731	-1	3
2L	13423346	13446515	1	3
3L	20001297	20001361	1	3
3L	11078327	11078398	1	3
3R	23984193	23984290	1	3
2L	2772648	2779175	-1	3
2L	12709310	12709375	-1	3
X	13655776	13655851	1	3
3R	6385683	6385748	1	3
2R	11591931	11591993	-1	3
2R	5604013	5604240	-1	3
3R	27580326	27581010	-1	3
3R	21083177	21097472	-1	3
2R	3933459	3938552	-1	3
2L	10401272	10401334	1	3
3R	17909510	17915010	-1	3
3L	22784753	22785260	1	3
2R	4749514	4749565	1	3
3R	7977069	7977562	-1	3
3R	11023818	11027198	1	3
3R	15151036	15151868	1	3
X	11817796	11831246	1	3
2L	9698234	9699115	1	3
2R	7069581	7069652	1	3
2L	4818434	4820186	-1	3
3L	22468230	22583003	-1	3
X	16473828	16474447	-1	3
3R	3623706	3625639	1	3
3L	14002184	14003193	1	3
2L	476016	476078	1	3
2L	9877579	9886049	-1	3
2L	18123909	18126497	1	3
3L	13798506	13803079	-1	3
3R	4797698	4799692	-1	3
2R	13416607	13418987	-1	3
X	2695226	2695393	-1	3
3R	5592039	5592568	1	3
X	11340498	11340607	-1	3
3L	14538422	14538729	1	3
3L	142880	142943	1	3
3L	16355368	16355634	-1	3
2L	11803899	11804377	-1	3
X	18155559	18161054	1	3
3R	31933984	31936823	-1	3
2R	8102545	8102608	-1	3
3L	23019613	23020656	1	3
3R	12561805	12595242	-1	3
3L	4554693	4558409	-1	3
X	16709913	16709985	1	3
2R	15732969	15735091	1	3
3L	16766541	16773714	1	3
X	16360697	16360763	1	3
2R	17207864	17208002	1	3
2R	24727160	24736439	-1	3
3L	16417730	16417789	-1	3
X	10309019	10313028	-1	3
2L	7824352	7824428	1	3
2L	17406942	17406996	1	3
2L	112020	112690	1	3
2L	9125941	9126881	1	3
3R	31935416	31935666	-1	3
3L	1657930	1658050	-1	3
2R	16790267	16790739	1	3
2R	10146162	10146229	-1	3
X	6532206	6532298	-1	3
2R	11219713	11220464	-1	3
3L	9150807	9178457	-1	3
4	280147	305035	-1	3
X	9182100	9183195	1	3
X	4702846	4704900	1	3
2L	9797853	9797912	-1	3
3L	14220418	14225431	1	3
3R	24168145	24168474	-1	3
3R	17877199	17877259	-1	3
3L	14840412	14840463	1	3
2R	23879813	23880669	1	3
3L	6943102	6944333	1	3
X	13265264	13265333	-1	3
3R	4095992	4099866	1	3
X	18390933	18390998	-1	3
2L	16279170	16287098	-1	3
3R	19412765	19414490	1	3
X	15349775	15349958	1	3
2R	24766084	24766150	1	3
3R	13969331	13969397	-1	3
3R	3750623	3752167	1	3
2R	6695832	6695892	-1	3
2R	13580544	13580836	-1	3
2R	10093589	10093862	1	3
2R	12870983	12871139	1	3
X	15403629	15410832	-1	3
2L	5204904	5205104	1	3
2L	20423274	20423355	-1	3
2L	20870761	20870832	1	3
3R	12632586	12632651	1	3
3L	12155144	12155203	1	3
2L	17668111	17708034	-1	3
X	16527784	16533059	-1	3
3R	8749274	8756024	-1	3
3R	14006020	14026878	-1	3
3L	11488310	11495234	1	3
3L	23715167	23715902	1	3
3R	18973160	18973988	1	3
2L	21381833	21382019	1	3
3R	24104898	24105142	-1	3
2L	8084059	8089185	1	3
3R	23983955	23984198	1	3
X	16560947	16566173	-1	3
2R	19629071	19630203	-1	3
X	6128620	6130564	-1	3
3L	22823972	22824041	-1	3
3L	14010896	14010996	1	3
2R	7719307	7719376	-1	3
3R	29471855	29473160	1	3
3R	11593767	11604142	1	3
3L	22866035	22867400	1	3
3L	25623336	25626325	-1	3
3R	11604284	11604586	1	3
2R	6081841	6081912	-1	3
2R	9511079	9511144	1	3
3R	5151729	5153523	1	3
3L	19836046	19836121	1	3
X	4841441	4869496	1	3
2L	10308754	10308813	-1	3
2R	24891838	24892233	1	3
2R	23393481	23394917	-1	3
3R	29727586	29727656	-1	3
X	5175326	5187030	1	3
2R	8080960	8081031	-1	3
3R	24104932	24105347	-1	3
3L	7156316	7156378	-1	3
3L	9624373	9624425	1	3
3L	3860762	3860891	1	3
3R	27953086	27953144	-1	3
2R	4693169	4693248	-1	3
4	1303756	1303874	1	3
4	1303917	1303990	1	3
3L	5364016	5364084	-1	3
3L	14539977	14540139	1	3
3R	17668996	17669056	1	3
3L	2927892	2936113	-1	3
3L	10500830	10506070	1	3
X	16527900	16528465	-1	3
3R	15777295	15777354	1	3
3L	11542835	11552830	-1	3
2R	2119245	2126191	-1	3
X	8687743	8687818	1	3
2L	20096804	20096866	-1	3
3L	19263525	19263840	-1	3
X	2019738	2019848	1	3
3L	13429031	13430604	-1	3
X	9152734	9156615	-1	3
2R	17049428	17050009	1	3
4	184615	184670	-1	3
X	15967231	15972205	1	3
3L	2942656	2944023	1	3
3L	17147289	17147474	-1	3
2R	12636991	12637054	1	3
3L	22747364	22747432	1	3
2R	19537869	19538030	-1	3
2L	19034151	19034205	-1	2
3R	30082322	30104103	1	2
2R	23975730	23975865	-1	2
X	6760211	6760277	1	2
3R	24002548	24003416	-1	2
2R	14237883	14237948	-1	2
3R	31216356	31216586	-1	2
X	5082240	5082512	-1	2
2R	24570354	24570435	-1	2
3L	13638566	13652965	-1	2
3R	27675323	27676943	1	2
X	14620889	14652143	-1	2
3R	20994424	21008149	1	2
2L	9293347	9295445	1	2
3L	9177690	9178352	-1	2
X	10382219	10382713	1	2
X	9684152	9686639	-1	2
3R	9420048	9440681	1	2
X	1683261	1684453	-1	2
2L	9885003	9885932	-1	2
X	21054323	21060492	1	2
2L	21382074	21390960	1	2
2R	10095705	10096270	1	2
4	671661	680188	1	2
X	10255473	10257903	-1	2
3R	9342492	9342576	1	2
3R	5569272	5569400	1	2
X	6228880	6228948	1	2
3R	10324197	10324286	-1	2
X	18859642	18859699	1	2
X	4412100	4412227	1	2
2L	2225358	2225410	1	2
3R	11628053	11628126	1	2
X	10244627	10250192	-1	2
2L	8826070	8828773	1	2
3R	14033921	14033987	1	2
2R	18641573	18641635	-1	2
3R	6363231	6365004	-1	2
2R	12919993	12922994	1	2
2R	6084788	6084847	-1	2
4	264671	264744	1	2
3R	17915128	17916139	-1	2
2L	9291831	9295209	1	2
2R	24991273	24991565	-1	2
3L	17078199	17084108	-1	2
3R	29221843	29221914	1	2
3L	9399844	9401447	-1	2
3R	11766481	11767395	-1	2
2R	22854413	22854480	1	2
2R	18458471	18460566	-1	2
4	537761	538544	1	2
2R	17851461	17855140	1	2
2R	9267977	9283828	-1	2
2L	4874170	4874542	1	2
3L	5156379	5272621	-1	2
X	54145	54202	-1	2
3R	25039822	25039886	1	2
mitochondrion_genome	12997	13560	-1	2
3R	24639596	24639659	-1	2
3R	18248356	18250138	1	2
2R	9884207	9884622	-1	2
2L	10201529	10201599	1	2
3L	14540045	14540232	1	2
3R	14860068	14873168	-1	2
X	18099723	18101093	-1	2
3R	28148252	28202168	1	2
X	15735175	15735247	1	2
2L	12351602	12351704	1	2
3L	13522065	13537381	-1	2
3R	13636305	13636366	1	2
X	17699949	17701021	-1	2
X	11830999	11831166	1	2
3R	18275146	18282110	1	2
X	15411027	15420126	-1	2
2L	19047363	19047420	1	2
X	4205573	4205892	-1	2
2L	21311033	21311193	1	2
3R	8803403	8805793	1	2
3R	24135837	24137642	1	2
2L	2772644	2779173	-1	2
3R	23075917	23076000	-1	2
3R	15381595	15381654	1	2
3R	9474948	9492649	-1	2
3L	17400542	17400830	-1	2
X	15325526	15325587	1	2
X	16382166	16382224	-1	2
2R	9235576	9246765	-1	2
2R	16634904	16635262	-1	2
3R	11378190	11391529	1	2
3L	17538745	17538814	1	2
2R	23929432	23929500	-1	2
2R	16634904	16637638	-1	2
2L	13389133	13449505	1	2
3R	3170667	3263619	-1	2
2R	15221981	15222044	1	2
2R	24891700	24892217	1	2
3L	9171091	9177094	-1	2
3R	22471391	22471519	1	2
2R	16427911	16428424	1	2
X	5332011	5332069	1	2
2R	14230839	14231301	-1	2
3R	23984003	23984374	1	2
3L	21773556	21773677	1	2
X	246050	246198	1	2
3R	18274757	18274867	1	2
X	16317835	16318062	-1	2
2R	14163274	14163958	-1	2
3L	4918690	4918759	1	2
X	5082240	5082882	-1	2
3R	7192971	7193593	1	2
2L	1010052	1011615	-1	2
X	17935284	17945643	-1	2
3R	21084290	21084353	-1	2
X	5165907	5186903	1	2
3L	4262205	4262264	-1	2
2L	21222618	21222678	1	2
2R	21021318	21023065	1	2
2R	927571	949871	-1	2
2L	2772506	2793324	-1	2
X	2671546	2671629	1	2
3L	234042	243035	-1	2
X	15933080	15933143	-1	2
X	6327731	6327797	1	2
4	806739	806806	-1	2
X	17966609	17966682	-1	2
2R	13486768	13487458	-1	2
2R	1591089	1593382	1	2
X	8090148	8090864	-1	2
3R	18250013	18250074	1	2
Y	1526270	1667177	-1	2
3R	23983899	23984355	1	2
3R	19761336	19771055	1	2
3R	21310491	21313940	1	2
X	13746687	13754856	-1	2
3L	8889063	8889164	1	2
2L	22535073	22535617	-1	2
3L	5740208	5749153	1	2
2L	21381200	21382019	1	2
2L	1612818	1613083	-1	2
3R	8820132	8820296	-1	2
2R	11758612	11758675	1	2
2L	1697484	1698488	1	2
3L	3718473	3718638	-1	2
3R	13735624	13744795	1	2
3L	14030421	14030807	-1	2
4	1050943	1053859	-1	2
2R	18424252	18424326	1	2
3R	25053975	25054042	-1	2
3L	11817207	11817420	-1	2
3L	12167564	12168142	-1	2
2L	21382083	21390273	1	2
2R	12264785	12269399	1	2
3R	27643974	27645225	-1	2
2L	2401938	2407713	1	2
2L	5976783	5979412	-1	2
3R	17909549	17914971	-1	2
3R	23979456	23979515	1	2
2R	7971530	7971637	-1	2
2R	13830870	13832664	1	2
X	8293812	8295212	-1	2
2L	10733142	10733217	1	2
3R	31935344	31935666	-1	2
2L	11281407	11281472	1	2
X	13746694	13754859	-1	2
3L	269606	270150	1	2
3R	19764429	19765645	1	2
3R	31053308	31053587	1	2
2R	14231100	14231160	-1	2
2L	13218977	13219037	-1	2
X	13383345	13383580	-1	2
X	15354459	15354536	-1	2
3L	8241432	8248558	1	2
3L	21845252	21845343	1	2
3L	5813475	5816651	-1	2
3R	9358519	9359267	1	2
2L	17170261	17170329	1	2
2R	17867254	17867420	-1	2
X	52722	52811	-1	2
X	52871	52947	-1	2
3R	23245760	23248594	-1	2
X	10226022	10226515	1	2
2L	21381669	21382042	1	2
2L	13179622	13179683	1	2
2R	23987410	23987467	-1	2
2L	16246038	16247109	-1	2
2R	24060918	24060970	1	2
X	19398535	19410159	1	2
2R	24941835	24941910	1	2
3L	15851899	15852139	-1	2
X	21012197	21012252	1	2
3R	13696150	13696203	-1	2
2R	23674343	23674414	1	2
X	13050411	13059208	1	2
3R	10866694	10866809	1	2
3R	21785745	21804695	-1	2
3R	23863215	23865563	-1	2
2R	24877298	24878139	1	2
3L	5899748	5899805	1	2
3L	20244578	20244938	1	2
3L	9369315	9369546	1	2
2L	20993378	21051003	-1	2
2L	10482575	10482625	1	2
2L	343730	344042	1	2
2L	18838159	18838509	-1	2
2L	9916981	9917040	1	2
3L	1492230	1492314	-1	2
2R	24891838	24892287	1	2
2R	8720033	8723257	-1	2
3L	11603491	11603561	1	2
3L	7063151	7081875	-1	2
3L	12758423	12758634	1	2
X	13048028	13050311	1	2
3R	29037794	29037858	-1	2
2L	17481378	17481456	1	2
2L	20422412	20422469	1	2
3R	29997376	29997438	-1	2
2R	16859910	16861441	1	2
X	10519778	10522803	-1	2
2R	12517775	12517837	-1	2
X	10309742	10318760	-1	2
3L	27079922	27082850	-1	2
2L	9191814	9233988	1	2
3R	30563482	30565877	1	2
3L	19602987	19603932	1	2
4	887163	892484	-1	2
3L	17400540	17401074	-1	2
3R	4447955	4450472	-1	2
3R	25110355	25110410	-1	2
2L	12456651	12540158	-1	2
3L	16071172	16076982	1	2
2R	14276429	14277188	1	2
3R	27563878	27564332	-1	2
2R	14645557	14645614	1	2
3L	4429716	4430678	1	2
3R	27665376	27665429	1	2
3R	13637672	13642299	-1	2
3L	16063174	16063886	1	2
2R	12062109	12062181	1	2
2L	10127878	10136646	-1	2
3R	9098740	9157110	-1	2
3R	16978711	16978780	-1	2
X	16486585	16486718	-1	2
3L	13798506	13803075	-1	2
X	3969290	3969351	-1	2
3L	5691793	5691864	1	2
X	9159077	9159140	1	2
2R	17032467	17034637	1	2
2L	21665596	21665918	-1	2
X	12777226	12783089	-1	2
2R	5350822	5350880	1	2
X	4930066	4931586	-1	2
4	132372	133186	1	2
3R	14557723	14557804	-1	2
3R	8731374	8731442	-1	2
2R	21872695	21921517	1	2
X	17646586	17646651	-1	2
3R	24064892	24104573	-1	2
3R	21308139	21308417	1	2
3L	2640272	2640337	1	2
X	12942318	12945810	1	2
2L	10178478	10180263	-1	2
X	12206576	12268306	1	2
3R	23983901	23984339	1	2
2L	2971195	2971256	-1	2
3R	27638004	27638073	1	2
3L	17953537	17961572	-1	2
3R	9475382	9475534	-1	2
X	6350055	6350122	-1	2
X	22866528	22885389	1	2
3R	11208182	11208247	1	2
3R	18409437	18409498	-1	2
3L	20236215	20237437	-1	2
X	3953193	3953487	1	2
X	17929391	17938092	-1	2
X	15755563	15755819	-1	2
3R	24707217	24707273	1	2
3R	15897424	15897548	-1	2
3R	12561805	12595632	-1	2
2R	25265451	25277913	-1	2
3R	23983955	23984303	1	2
X	13860874	13864592	-1	2
2L	18120205	18123349	1	2
3R	3744983	3745682	-1	2
3R	9234665	9236914	-1	2
2R	23752906	23752965	1	2
3R	4950753	4951111	-1	2
2R	22151696	22151809	1	2
3L	12697004	12705220	1	2
3L	277756	278178	1	2
3R	21376742	21376819	-1	2
X	7074696	7088002	-1	2
3R	23984112	23984440	1	2
3L	19373584	19374736	-1	2
3L	21559307	21559795	-1	2
3L	8524075	8524134	-1	2
3R	21353735	21375060	-1	2
2R	9992697	9992763	1	2
3R	8817689	8818688	-1	2
X	7281961	7282024	-1	2
2R	12882533	12882742	1	2
3L	21907921	21914776	1	2
3L	9730934	9731050	1	2
3L	21875326	21888634	1	2
2R	24763661	24765585	1	2
3R	25044757	25044972	-1	2
3L	9735993	9736928	-1	2
3L	9736966	9737129	-1	2
2R	10814963	10815029	1	2
2R	22411052	22411112	-1	2
3L	5756434	5756497	1	2
3R	31216356	31216688	-1	2
3L	17400542	17400810	-1	2
3R	20978249	20978458	1	2
2R	24058692	24058932	1	2
2R	16333188	16333278	-1	2
3R	9510716	9512153	-1	2
3R	5575926	5577036	1	2
2R	24527178	24527237	1	2
3R	13224780	13228295	-1	2
X	7899931	7901277	-1	2
2L	21380710	21382009	1	2
2R	4322628	4458480	-1	2
3R	21355090	21375060	-1	2
2R	16106482	16106977	1	2
3R	9585687	9585749	1	2
2R	24020698	24020755	-1	2
2R	18688544	18692041	1	2
3R	22721510	22722226	-1	2
X	15138914	15138979	1	2
2R	23684933	23684995	-1	2
2R	22934749	22934807	-1	2
2L	21121770	21122251	1	2
3L	20846292	20846349	-1	2
X	16455260	16459568	-1	2
2R	24891721	24892217	1	2
3R	11754609	11759608	-1	2
3R	4597175	4598144	-1	2
X	11293174	11293498	-1	2
X	16357218	16357295	-1	2
2R	16635722	16637648	-1	2
2R	16926583	16945006	1	2
2L	15646537	15647160	-1	2
2R	8165049	8165107	1	2
X	15852740	15853042	-1	2
2R	16764375	16764839	-1	2
3L	19611262	19611325	-1	2
2R	6759856	6759918	-1	2
X	10348860	10356367	-1	2
4	428049	429643	1	2
3R	15957177	15957594	1	2
2R	12167928	12167994	-1	2
2R	14058293	14058513	1	2
2R	12269301	12269387	1	2
3L	8307381	8307593	-1	2
X	6125970	6126245	-1	2
3L	9453101	9455397	-1	2
4	461732	462077	-1	2
X	9795062	9811788	-1	2
2R	24121475	24121533	1	2
3L	5918028	5919844	-1	2
3R	30517219	30517314	-1	2
3R	4495883	4495956	-1	2
2L	13353835	13354102	-1	2
X	560777	570862	1	2
2R	13456253	13456316	-1	2
X	15912124	15912779	1	2
3L	8113624	8113908	-1	2
2L	10804491	10832022	-1	2
2R	12273979	12276416	1	2
3L	9660806	9662943	-1	2
2R	5217436	5241896	-1	2
3L	11710952	11711008	-1	2
2L	824004	824058	1	2
X	576616	578237	1	2
X	3481363	3482026	-1	2
2R	16333421	16336490	-1	2
3L	19797259	19797328	1	2
3L	17063307	17063418	-1	2
2L	9257207	9272466	1	2
3R	29172371	29172996	-1	2
X	5077035	5079827	-1	2
2L	2985586	2985641	-1	2
3L	17070738	17156223	-1	2
X	939677	939733	-1	2
3R	14891291	14891353	1	2
3L	20005505	20024349	1	2
2R	10106022	10107575	1	2
3R	23994859	23995262	1	2
X	14838762	14838818	-1	2
2R	22606284	22607790	1	2
3L	13798481	13803062	-1	2
2R	25255631	25257222	1	2
X	6328610	6328932	1	2
3R	25246149	25246357	-1	2
3R	23983898	23984362	1	2
2R	13831253	13833111	1	2
3L	9048961	9049180	-1	2
3R	16636811	16636986	1	2
3R	19440832	19454067	1	2
X	9008189	9013311	1	2
mitochondrion_genome	13023	13161	-1	2
3R	11402373	11402519	1	2
X	4413746	4428198	1	2
X	23090414	23096707	-1	2
X	21073086	21073178	-1	2
X	13206830	13211100	-1	2
3L	9456681	9456766	-1	2
3R	23983902	23984422	1	2
3R	9741143	9741199	1	2
2L	13370555	13370624	-1	2
2R	927128	927186	-1	2
2R	16319297	16319350	-1	2
X	9573118	9573185	-1	2
4	1278926	1279010	1	2
3R	4301136	4301226	1	2
3L	20812468	20812524	1	2
3L	19542181	19542298	-1	2
3L	5668761	5668844	1	2
3L	5255011	5271340	-1	2
3R	4404640	4404701	1	2
2R	25254917	25256492	1	2
3R	23668468	23669587	-1	2
3L	4191887	4192192	1	2
4	123423	123785	-1	2
2R	5088289	5088360	-1	2
2R	1372938	1378085	-1	2
3R	24820768	24821097	1	2
2R	24691874	24691981	-1	2
3R	23963234	23965800	1	2
3R	26699449	26699503	-1	2
3L	8440653	8441024	-1	2
2L	17476097	17476159	-1	2
3R	7531220	7532709	1	2
3R	23156012	23156074	-1	2
2L	450879	452577	-1	2
2R	9994641	9995712	-1	2
2L	13551032	13551142	1	2
X	13381893	13383469	-1	2
3L	14805630	14839218	1	2
2R	4757749	4757812	1	2
3R	20438238	20448465	-1	2
3R	18730641	18730730	-1	2
3L	5658291	5659429	-1	2
3R	12465635	12511227	-1	2
2R	8619029	8620510	1	2
3R	17801931	17801987	-1	2
3L	17040211	17040439	-1	2
2L	21122394	21124135	1	2
3L	17066815	17147557	-1	2
2L	12063871	12063929	-1	2
X	9178455	9184170	1	2
3R	25033098	25033160	1	2
3L	8452129	8461972	1	2
X	2595768	2596003	1	2
3R	10697937	10698811	1	2
3L	11564835	11572405	1	2
2R	13827750	13829640	1	2
2R	16635938	16637648	-1	2
3L	3717258	3743324	-1	2
3L	14220418	14225435	1	2
X	10060578	10060667	-1	2
3L	17400853	17401014	-1	2
3R	31216388	31216656	-1	2
3R	23984101	23984422	1	2
2R	14276407	14277217	1	2
3R	30423640	30423710	-1	2
X	3478312	3480454	-1	2
2R	16778535	16778590	1	2
X	21357082	21357835	1	2
3R	24785915	24785973	-1	2
X	18039582	18039859	-1	2
2R	8920557	8920620	-1	2
3R	22729880	22729947	1	2
2R	9143237	9143620	-1	2
2L	15093684	15094679	1	2
3L	13861799	13861919	-1	2
X	7920801	7920890	1	2
2L	10216451	10216510	-1	2
2L	21318420	21318485	1	2
2R	5662169	5662227	-1	2
2R	15936584	15938447	-1	2
3L	19261656	19261713	1	2
3L	5750344	5750743	-1	2
3R	24946086	24946144	1	2
X	15734607	15735099	1	2
3L	18750664	18751727	-1	2
3L	16523321	16528461	1	2
X	10256811	10260900	1	2
2R	6084008	6084508	-1	2
2R	5944224	5945519	-1	2
3L	4379597	4380303	-1	2
3R	18972920	18972982	1	2
3L	5685553	5685682	1	2
3R	8817735	8818578	-1	2
2R	19212277	19216421	1	2
3L	24210139	24253796	1	2
3L	1771961	1774362	-1	2
2L	18320731	18347735	1	2
X	6120350	6123389	-1	2
3R	11832803	11836560	-1	2
2R	7666947	7667004	1	2
3R	25036537	25036623	-1	2
3R	23983730	23984305	1	2
X	16365643	16371301	1	2
2R	22382109	22382167	1	2
3R	5414660	5416467	1	2
3R	9750092	9750148	1	2
2R	24993922	24994012	-1	2
2L	5632313	5632370	-1	2
2R	14926783	14927928	-1	2
3L	17400598	17401023	-1	2
3L	17541027	17541301	1	2
2R	23736252	23736314	-1	2
2L	5641953	5645456	-1	2
2L	21742009	21742075	-1	2
Y	2928938	2929080	-1	2
3L	15554473	15556850	1	2
2L	3039204	3039268	-1	2
3R	15171692	15183599	1	2
X	13803268	13803326	1	2
3R	22369566	22370778	1	2
2R	23945081	23945696	1	2
X	10113461	10113580	-1	2
3R	7864435	7864499	-1	2
3R	29038042	29038098	-1	2
2R	19085525	19089854	1	2
2L	17474224	17474643	1	2
X	13656035	13658108	1	2
3R	17872945	17909219	-1	2
3R	5939939	5959006	-1	2
2L	11987388	11987696	-1	2
X	12732401	12732654	-1	2
4	905379	909055	1	2
2R	13000385	13000927	1	2
3R	11789022	11789086	1	2
2L	9703179	9703268	-1	2
2R	17010174	17010263	-1	2
3R	23927372	23927427	-1	2
2L	8191647	8191826	1	2
X	12197256	12233276	1	2
3L	4136574	4137001	-1	2
3L	9048972	9049432	-1	2
2R	24532644	24535401	1	2
2R	24559775	24559830	-1	2
3R	12476997	12477406	-1	2
3L	20713054	20713160	-1	2
2R	6084788	6084847	1	2
2L	18211299	18246025	-1	2
X	9472661	9499886	-1	2
3R	27261941	27262227	-1	2
3L	18926240	18928150	-1	2
3L	23002444	23007328	1	2
2L	3506757	3507196	-1	2
3R	20747773	20747837	1	2
X	18892686	18892759	-1	2
3L	7348676	7348863	1	2
X	19639341	19640562	1	2
X	5794346	5794476	1	2
3R	22414278	22417813	1	2
3L	8481829	8490934	1	2
2R	19217042	19217757	1	2
2L	22158722	22160208	1	2
3L	5219060	5271958	-1	2
3R	5255939	5256248	-1	2
4	133327	133412	1	2
3R	10850020	10851285	1	2
3L	11158426	11158505	1	2
X	6603508	6605180	1	2
3R	13015088	13019342	1	2
X	15421366	15421462	-1	2
3R	26532423	26534877	-1	2
2R	14231245	14231308	-1	2
3R	13382259	13382750	1	2
2R	7656420	7656472	1	2
2R	8731812	8731922	-1	2
4	137753	137807	1	2
X	9152675	9153645	-1	2
3L	24075037	24087146	1	2
3R	23081718	23081828	-1	2
3L	7705915	7705973	-1	2
2L	19731031	19731936	1	2
X	7943849	7943919	-1	2
3R	9575099	9575422	-1	2
2R	18523042	18523200	1	2
3R	21949325	21949640	1	2
X	2014580	2022447	1	2
3R	27275012	27275391	1	2
2R	13991493	13991978	1	2
3L	24085605	24085758	1	2
3L	234653	234982	-1	2
3L	23014749	23015178	1	2
X	16643510	16647769	1	2
3R	10613904	10639081	-1	2
3R	30418954	30421310	-1	2
X	15758318	15760240	-1	2
2L	19362431	19362575	-1	2
2L	6477898	6477971	-1	2
2R	9994637	9996463	-1	2
X	9125655	9126060	-1	2
3R	11591310	11592350	-1	2
X	3699274	3699339	1	2
X	13335813	13335893	-1	2
3L	21025549	21027176	-1	2
2L	1010546	1011957	-1	2
2L	7414232	7414292	1	2
2L	18122589	18123349	1	2
3R	31598946	31599273	-1	2
3L	3193602	3193814	1	2
2R	16925038	16926358	1	2
3R	14035279	14035440	-1	2
2L	10307494	10307558	1	2
3R	5274319	5274735	-1	2
3R	3623702	3626910	1	2
3L	8972628	8972685	-1	2
X	1381946	1383661	1	2
2L	20648122	20648353	1	2
2L	21616574	21617280	-1	2
X	15793245	15793309	1	2
3R	25267446	25267620	1	2
X	5793697	5794415	1	2
X	15895592	15895662	1	2
2L	13467319	13467375	1	2
X	6285368	6285432	-1	2
3L	7780446	7780736	-1	2
2R	23878959	23879624	1	2
3R	10613801	10638620	-1	2
3R	9992508	9992645	1	2
X	3693079	3700739	1	2
2L	1173830	1173884	1	2
3R	9930546	9943481	1	2
3R	19458087	19458433	1	2
3R	24064875	24104764	-1	2
2R	10094635	10094696	1	2
X	16439287	16439597	-1	2
3L	18575916	18576060	1	2
X	16100350	16104804	-1	2
3R	16301352	16301823	1	2
4	428049	429437	1	2
3L	20434713	20434781	1	2
3R	5562895	5562965	-1	2
X	13590114	13590474	1	2
2L	21380479	21384455	1	2
3R	4301158	4301240	1	2
3L	4090425	4091213	1	2
2L	4974158	4974277	-1	2
2L	8321464	8322043	-1	2
X	15950386	15951150	-1	2
2R	24483139	24489630	1	2
3L	9049068	9065959	-1	2
3L	17063252	17147416	-1	2
3L	9899356	9899726	1	2
3L	5161330	5161409	-1	2
3R	20578793	20578914	-1	2
X	14027197	14027260	-1	2
2L	21635036	21635092	1	2
X	13269959	13270247	-1	2
3R	4301178	4301252	1	2
X	3481345	3482101	-1	2
2L	2960836	2960895	1	2
3L	17797966	17798027	-1	2
X	3784442	3784528	1	2
3L	13538872	13538943	-1	2
3R	28050307	28075677	1	2
X	10244627	10250017	-1	2
3R	11221933	11222175	1	2
2R	22408724	22408783	1	2
3R	18012105	18013260	1	2
3R	11604284	11604586	-1	2
2R	16111927	16111983	1	2
2R	3933464	3935727	-1	2
X	10386564	10406353	1	2
2R	14198598	14198827	-1	2
3R	23983926	23984305	1	2
2R	7717075	7722157	-1	2
3R	3974801	3998882	1	2
X	13967803	13967970	-1	2
3L	9170706	9170993	-1	2
3R	13641873	13642254	-1	2
2R	19456976	19459795	1	2
2L	17249271	17250947	-1	2
3R	9575570	9575636	-1	2
3R	18216441	18216527	1	2
2L	10341933	10342156	1	2
2R	8732881	8733792	-1	2
3L	15512737	15512796	1	2
3R	23984245	23984305	1	2
3L	13931199	13931746	1	2
3L	16843731	16843792	1	2
3L	12264911	12266655	-1	2
3L	21014965	21023393	-1	2
2R	12609637	12610579	1	2
3R	17684096	17684155	-1	2
3L	1634542	1634809	-1	2
3R	17149921	17149998	1	2
4	1255999	1261952	1	2
X	12918766	12947959	1	2
3R	23984430	23984485	1	2
2R	11967947	11968398	1	2
3R	9418248	9419681	1	2
3R	22742755	22742814	1	2
3R	22742868	22742926	1	2
2L	19514776	19514931	-1	2
2L	16168649	16169518	1	2
2R	23993054	23993115	-1	2
X	18907860	18908277	1	2
2R	953648	963228	1	2
3R	18282133	18282188	1	2
3R	31614631	31614690	1	2
X	3481375	3481954	-1	2
3L	20303814	20306735	1	2
3R	21296972	21298322	1	2
X	13496207	13499798	1	2
2R	9994592	9996460	-1	2
3L	8269124	8269709	1	2
3R	18248526	18250207	1	2
3R	15935714	15935840	1	2
X	9506532	9550476	-1	2
3L	4004342	4004516	1	2
3R	20975926	20976046	1	2
2L	2793909	2798486	-1	2
3L	20514782	20515279	-1	2
3R	19527235	19538607	1	2
3R	9736030	9736097	-1	2
2L	6667292	6667361	-1	2
3L	4190087	4193598	1	2
2L	10378400	10378491	1	2
3R	29232099	29232165	1	2
3L	9439052	9439150	-1	2
2L	14041234	14041321	1	2
4	805306	968811	-1	2
2L	1653253	1697659	1	2
X	13784229	13785707	1	2
2R	19176744	19177303	1	2
3R	7822318	7836702	1	2
3R	18730257	18730323	1	2
X	14425357	14444317	1	2
X	8876753	8880292	1	2
3R	25868524	25868593	1	2
3L	13538330	13538575	-1	2
3L	21100194	21130805	-1	2
2L	7034274	7035075	1	2
X	19851496	19851682	-1	2
X	11398823	11400788	1	2
2L	20093247	20093326	-1	2
3R	20806062	20808155	1	2
2R	9096203	9096671	1	2
3R	30800617	30800704	-1	2
2R	7042123	7042686	1	2
3R	31216361	31216597	-1	2
3L	10481946	10487236	1	2
3R	10993606	11012014	1	2
2R	23382760	23383048	-1	2
3R	30556950	30559977	-1	2
3R	9418001	9419504	1	2
2L	3663307	3673178	1	2
2R	10837292	10837844	-1	2
3L	11111120	11111188	1	2
4	213131	214441	1	2
3R	7269130	7269193	1	2
3L	11736766	11736858	-1	2
3L	5762201	5762464	-1	2
3R	25271288	25271346	1	2
2R	11068477	11099532	-1	2
2R	14163234	14164555	-1	2
3R	14367497	14372547	-1	2
X	15848005	15848298	-1	2
X	15848348	15848886	-1	2
X	1778700	1778815	1	2
3R	16573701	16573755	-1	2
3R	24679578	24687187	1	2
3R	15860182	15861771	-1	2
X	12146755	12157713	1	2
3R	23734386	23734536	1	2
3R	6560400	6566661	-1	2
2L	10412365	10412425	-1	2
2L	10348197	10348660	-1	2
3R	5607849	5607953	-1	2
3R	16059685	16059739	1	2
2L	6721132	6721188	-1	2
3R	9432088	9432304	1	2
2R	10149441	10150856	-1	2
2L	16722146	16722413	1	2
3L	17063595	17063867	-1	2
3R	7082766	7082837	1	2
3R	11209278	11209787	-1	2
3R	25306702	25306762	-1	2
2L	12094482	12094548	1	2
2R	18445500	18445552	-1	2
3L	16891251	16896235	1	2
2R	15189245	15190159	1	2
3R	22360746	22360820	-1	2
3L	17232787	17236976	-1	2
3R	25099461	25099942	1	2
3R	9734131	9734227	-1	2
3R	9450785	9451073	1	2
3R	24675801	24681937	1	2
4	212694	212962	1	2
2L	10997426	10997493	1	2
2R	13225939	13226002	1	2
4	254605	258312	1	2
3L	12341047	12341134	-1	2
2L	16559679	16613360	1	2
2R	18356056	18357092	-1	2
2L	10825837	10825949	-1	2
2R	20560295	20560353	-1	2
2R	20320917	20321678	1	2
3L	11252697	11255872	1	2
2L	9709105	9709337	-1	2
2R	15527233	15527299	-1	2
3L	1499593	1499772	-1	2
4	633433	633491	1	2
X	20425324	20426162	1	2
3L	9376582	9376634	-1	2
3L	22877876	22877937	-1	2
X	62803	94563	1	2
2L	16325055	16325494	-1	2
2L	2100422	2109521	-1	2
2R	8011796	8011866	-1	2
3L	8601843	8602103	-1	2
2L	8401772	8401831	-1	2
2L	23176289	23176374	1	2
3L	24726013	24757712	1	2
3R	10084886	10089061	1	2
2L	3707455	3707516	-1	2
2R	18638618	18638819	-1	2
2R	5149157	5152789	1	2
X	5793685	5794415	1	2
2R	13844217	13845666	-1	2
3R	19412765	19415633	-1	2
X	21104106	21106634	1	2
3L	8931621	8932757	1	2
X	21053227	21053611	-1	2
2R	21341077	21341420	1	2
X	2367291	2368087	-1	2
3L	14537703	14538004	1	2
2R	20655988	20656067	-1	2
2R	12264918	12269193	-1	2
3R	9728236	9728321	-1	2
X	11795187	11795732	1	2
2L	6649681	6649787	1	2
X	10244606	10249963	-1	2
2R	13058222	13058317	-1	2
3L	11722533	11722589	1	2
3L	5156040	5184238	-1	2
2R	5860560	5860752	1	2
X	12938792	12945532	1	2
3L	16993914	16993978	1	2
2R	9856211	9860370	-1	2
2L	16168720	16169381	1	2
2L	21382104	21390141	1	2
3R	5575376	5575436	1	2
3R	31367882	31369105	1	2
2R	9582074	9582129	-1	2
X	15965649	15966469	-1	2
3L	22832917	22832968	-1	2
3L	1627004	1627977	-1	2
3R	5569472	5569575	1	2
3L	6182399	6182817	-1	2
3L	10516178	10517962	1	2
2R	11843828	11843879	1	2
3L	5744097	5749382	1	2
3R	10767098	10767163	-1	2
2R	13513315	13513717	-1	2
X	11579400	11579670	1	2
2R	24965789	24965846	-1	2
X	16584367	16585083	-1	2
2R	16925706	16926346	1	2
2L	15063119	15065383	-1	2
2L	16168558	16169487	1	2
3R	11394498	11395025	1	2
3R	19243160	19243216	-1	2
3L	2957541	2959049	1	2
2R	18496869	18497705	-1	2
2R	18615473	18615570	1	2
2L	4838378	4838992	1	2
3L	9411983	9413203	1	2
3L	5668885	5668964	-1	2
3R	31866437	31873834	-1	2
X	5785101	5785167	1	2
3L	20012253	20012311	1	2
3R	9987413	9990267	1	2
3L	19814046	19815421	-1	2
3L	17400986	17401076	-1	2
3R	11536180	11539101	-1	2
3R	13647470	13652231	1	2
2R	22934745	22935661	-1	2
2R	19408419	19408483	-1	2
3L	5929697	5930005	1	2
2L	16168613	16169518	1	2
X	11221928	11247004	-1	2
3L	1660227	1660651	-1	2
3R	15397135	15402351	1	2
X	4658335	4664211	-1	2
3R	19760632	19760900	1	2
2R	12032826	12032889	1	2
X	5793697	5794287	1	2
2L	6067809	6067866	-1	2
3R	23983960	23984290	1	2
2L	13773323	13773383	1	2
2R	22334881	22334941	-1	2
2R	22334965	22335681	-1	2
2R	3919359	3933011	-1	2
3L	5811695	5812065	1	2
2R	19142355	19151905	1	2
3L	21562196	21564678	-1	2
2L	2220259	2220320	1	2
X	5319757	5319813	-1	2
3R	27573273	27573329	1	2
3R	5735098	5735159	-1	2
2L	1034191	1046810	-1	2
3L	27279423	27279481	1	2
3R	10190895	10193860	1	2
2R	12153579	12153645	1	2
3L	2896788	2897244	1	2
X	10929267	10929392	1	2
X	12988734	12988876	1	2
3L	9376557	9376669	-1	2
3R	11967126	11967188	-1	2
2R	12273940	12276412	1	2
3L	4255296	4255354	1	2
3L	22865697	22865771	1	2
3R	24761329	24761390	-1	2
3L	7816726	7817437	-1	2
3R	9240069	9240202	-1	2
2R	11291159	11292726	-1	2
2R	11580427	11581624	-1	2
3R	17804997	17805055	-1	2
X	15861331	15865779	1	2
3L	23007708	23010486	1	2
2L	6913282	6913426	-1	2
3R	9454002	9454824	1	2
2L	11076856	11076927	-1	2
2L	10483629	10483687	1	2
2R	19485921	19485983	-1	2
3R	6457431	6457493	1	2
3R	19416389	19440703	1	2
3L	11252697	11255757	1	2
X	3788893	3789521	1	2
2R	11694582	11694655	1	2
2L	10248462	10248525	-1	2
3L	3051778	3051983	1	2
2R	12639771	12639830	1	2
3R	21807735	21814011	-1	2
2R	19179110	19179562	1	2
3R	18095633	18095730	1	2
3L	19869308	19869368	-1	2
3R	23233710	23233808	-1	2
3L	12146961	12148792	1	2
2R	22358387	22358849	-1	2
3L	20023640	20024156	1	2
2L	18845363	18845614	1	2
X	13784277	13785721	1	2
3R	25417965	25472482	-1	2
3R	26042544	26042995	1	2
3R	28146969	28147500	1	2
3R	29872485	29872541	1	2
2L	318121	325678	1	2
3L	22794358	22801433	-1	2
3L	5254971	5272665	-1	2
3R	23984148	23984461	1	2
3R	23984095	23984359	1	2
3L	10861908	10866495	1	2
X	15989294	15989372	-1	2
X	16797118	16797406	-1	2
3L	2941625	2942566	-1	2
2L	12407467	12407550	-1	2
X	16079949	16091175	-1	2
2R	14301996	14302054	-1	2
3R	17916196	17916363	-1	2
3L	13356853	13357008	1	2
3R	9988783	9988856	1	2
2L	15060367	15060433	-1	2
3L	17619794	17620419	-1	2
2L	155971	156045	1	2
2L	1153732	1154282	-1	2
3L	252644	252694	-1	2
2R	7729159	7729430	-1	2
4	484034	488189	1	2
2R	13422037	13422099	-1	2
X	6742257	6743058	-1	2
X	10239898	10240681	-1	2
3R	6385942	6386003	1	2
2R	17012775	17013285	-1	2
X	11710585	11714645	-1	2
2L	21380710	21382019	1	2
3L	4258063	4258116	-1	2
X	5873019	5873079	-1	2
2R	22074872	22074929	-1	2
3L	17061749	17065166	-1	2
2R	10837137	10837964	-1	2
4	1050610	1050694	-1	2
2L	20876617	20876912	-1	2
3L	23334741	23337875	-1	2
X	9848716	9848901	1	2
X	12938994	12941959	1	2
4	874161	874246	-1	2
2R	15189471	15190166	1	2
2R	16503633	16525374	1	2
3L	8433202	8441285	-1	2
X	15485693	15486345	1	2
3R	9582122	9583454	1	2
4	1034107	1034334	1	2
2L	23067025	23067153	-1	2
3R	9419619	9419783	1	2
2R	7685590	7686544	-1	2
3L	291398	298959	1	2
3L	9105229	9106374	-1	2
X	22536995	22537256	-1	2
3L	13798109	13798217	-1	2
2R	1303126	1343742	-1	2
3R	31739710	31739777	1	2
X	17641817	17641901	-1	2
3R	27707319	27707377	1	2
3R	21523509	21523567	1	2
3L	21938546	21940245	-1	2
2L	12495671	12498525	-1	2
3L	15560579	15560641	1	2
3R	21819767	21820647	-1	2
2R	16143415	16143482	1	2
4	1245928	1245990	1	2
2L	8363885	8363975	-1	2
2R	19243180	19243255	1	2
2R	12260168	12273766	1	2
3R	22746605	22803556	1	2
2R	23968509	23968566	1	2
X	6257927	6258096	-1	2
3L	3913775	3913852	-1	2
3R	15362963	15363090	-1	2
X	18516472	18517237	1	2
X	7943228	7943684	-1	2
2L	12540901	12546581	-1	2
2L	21121236	21121582	1	2
2R	14514085	14514153	1	2
X	9684152	9687068	-1	2
2R	9970208	9970272	1	2
3L	20305905	20306067	-1	2
3L	17236052	17238072	-1	2
2L	12492024	12504079	-1	2
X	13499884	13500494	1	2
3L	21548853	21548909	-1	2
X	9667460	9668181	-1	2
3L	19603810	19603963	1	2
X	13047014	13047862	1	2
2R	20237437	20237693	1	2
3R	19872002	19874201	-1	2
2R	3066304	3078966	1	2
2R	24892079	24892233	1	2
X	256018	258215	1	2
2L	12455541	12456314	-1	2
2R	20539814	20539965	-1	2
2R	18425815	18426022	1	2
3R	22899396	22914951	1	2
3R	17475006	17475080	-1	2
3L	5156018	5161254	-1	2
2R	16102950	16103611	1	2
2R	10558534	10558597	1	2
2L	4840814	4840884	1	2
3R	21021028	21021083	1	2
2L	141341	141396	-1	2
X	11406650	11409600	1	2
2R	17220104	17274427	1	2
X	9165884	9172652	1	2
2L	228282	229173	-1	2
4	427700	429437	1	2
2R	24891920	24892217	1	2
3L	16077283	16077723	1	2
3R	21949873	21960764	1	2
3L	3224397	3224475	1	2
X	3481370	3481954	-1	2
X	7421211	7421273	1	2
2L	6646948	6647998	-1	2
2L	2756158	2756837	1	2
3R	29117897	29117959	1	2
2R	22801707	22802009	1	2
3L	10575412	10576421	1	2
X	10629723	10630117	1	2
2R	4672220	4672278	1	2
X	19933826	19933922	-1	2
3L	2593500	2593561	1	2
2R	24185768	24185988	1	2
X	18155415	18155619	1	2
2L	10225966	10226774	-1	2
3R	21523033	21523088	1	2
X	9781389	9781711	1	2
3R	25518438	25519261	1	2
X	257643	257982	1	2
3R	18730641	18730730	1	2
4	416825	419730	-1	2
X	2637403	2641125	1	2
2L	2684187	2684457	1	2
3L	6197558	6197614	1	2
X	13875936	13881967	-1	2
3R	22678329	22678566	1	2
2L	180732	180800	-1	2
3L	4325411	4326984	-1	2
2R	19026523	19026608	-1	2
2L	1652912	1653295	1	2
2L	20653797	20653856	-1	2
2L	6777427	6777500	1	2
X	7906427	7906500	-1	2
2L	20675571	20675637	-1	2
2L	18476914	18476976	-1	2
3L	11254860	11255077	1	2
3R	11954315	11960758	-1	2
3L	15823990	15825471	-1	2
2R	22801802	22802035	1	2
X	13935248	13935642	-1	2
3L	11606472	11606536	-1	2
X	6259725	6266407	-1	2
3R	21302138	21302413	1	2
2L	22579253	22579821	1	2
3R	20975289	20976093	1	2
3R	12352545	12352614	-1	2
2R	15165101	15180513	1	2
3R	8148965	8149270	-1	2
X	6279408	6279678	-1	2
2L	16168455	16169487	1	2
2R	11443113	11444567	1	2
2R	9205395	9205452	-1	2
2R	3122085	3182392	1	2
3R	30517695	30518223	-1	2
3R	9163629	9213760	-1	2
3L	4414859	4417820	1	2
X	15860323	15861224	1	2
2R	4788346	4788400	-1	2
2L	4944865	4944927	-1	2
2L	14209118	14222017	-1	2
3R	16639446	16639529	1	2
3L	10858126	10858180	1	2
3L	7827288	7827520	-1	2
X	1774223	1778553	1	2
3L	27163956	27190883	1	2
2L	155430	155546	1	2
X	15893026	15903803	1	2
3L	436614	436674	-1	2
3R	11947693	11948837	-1	2
2L	7098361	7099774	-1	2
3L	8433296	8440418	-1	2
3R	17608059	17608140	1	2
2R	16589761	16589817	-1	2
3R	4301132	4301234	1	2
2L	10358649	10358711	-1	2
X	12686898	12714938	-1	2
2L	10012547	10012939	1	2
3R	31216352	31216878	-1	2
2R	16924791	16925619	1	2
X	12919124	12924140	1	2
2R	9503846	9505004	1	2
X	12686886	12731179	-1	2
2R	14011182	14038710	1	2
2L	12403492	12403944	-1	2
2L	18854248	18854311	1	2
2L	12036219	12036921	-1	2
3L	15982200	15982268	-1	2
X	3692998	3701237	1	2
4	132597	133186	1	2
2R	21511876	21516161	1	2
2R	16760715	16761668	-1	2
2R	18154986	18155405	-1	2
2R	12878015	12878073	-1	2
2R	13829760	13832761	1	2
2L	9292180	9295209	1	2
3R	24552657	24553234	1	2
2R	21676254	21682534	-1	2
3R	3865070	3868963	1	2
2L	19793159	19793224	-1	2
2R	24609037	24609104	1	2
2R	18688551	18691950	1	2
X	13083099	13085596	-1	2
2L	8083878	8089185	1	2
2L	7098455	7157246	-1	2
2L	4300955	4323501	1	2
X	6277177	6282974	-1	2
2R	19567595	19628819	-1	2
2L	21238566	21253555	1	2
X	12686911	12689550	-1	2
3L	1500389	1501346	-1	2
2R	2495024	2553783	-1	2
2R	17016392	17016482	-1	2
3R	18180002	18180066	-1	2
X	2025700	2025775	-1	2
X	2783426	2783767	-1	2
4	584932	584990	1	2
2R	24021320	24021376	-1	2
mitochondrion_genome	13066	17264	-1	2
2R	16105163	16106577	1	2
3R	5760962	5761636	-1	2
X	15947743	15954775	-1	2
2L	7825765	7826830	-1	2
X	5721697	5721962	-1	2
3R	31216367	31219023	-1	2
2L	8304101	8304173	1	2
3L	17434334	17434394	1	2
3R	15935927	15957642	1	2
3R	29383392	29416956	1	2
X	5086180	5089342	1	2
X	4700450	4701947	1	2
X	14691891	14691977	-1	2
3L	1661593	1661707	-1	2
2L	21628587	21628651	1	2
3R	31052893	31053040	-1	2
2L	16001255	16007868	1	2
X	10072208	10075166	-1	2
X	13802009	13802067	1	2
X	5793525	5794300	1	2
2L	16692125	16696585	1	2
3R	5593867	5594458	1	2
2R	13894970	13895110	-1	2
2L	18211299	18215464	-1	2
2R	22333660	22334793	-1	2
3R	7064770	7064878	-1	2
3R	11581840	11583314	1	2
3L	9509706	9510004	1	2
2R	8021244	8021605	1	2
3R	21813621	21813732	-1	2
3R	7248592	7248650	-1	2
3R	5335061	5335714	-1	2
X	6111824	6111928	-1	2
3R	15935937	15957652	1	2
2R	23923030	23923340	1	2
4	190062	193049	-1	2
3L	18107428	18107483	1	2
3R	22755269	22766611	1	2
3L	17847998	17849247	1	2
2R	24004622	24030655	-1	2
2R	23970704	23971997	1	2
2L	325825	334120	1	2
3R	10308046	10308340	1	2
2R	23860516	23860571	-1	2
X	11154666	11155034	1	2
2R	12617201	12617795	1	2
X	11977045	11977462	-1	2
3L	15858152	15859812	-1	2
3L	22874700	22875124	-1	2
X	3561386	3700814	1	2
X	10480029	10480084	1	2
2R	4379156	4393439	-1	2
3R	11902073	11902139	-1	2
3R	5652784	5653166	-1	2
X	13986075	13990474	-1	2
4	611807	612082	1	2
3R	10892575	10892640	-1	2
2R	6019254	6019309	1	2
2L	11803840	11806048	-1	2
3R	27255971	27256034	1	2
X	22995915	22996201	-1	2
X	18167657	18167785	1	2
3R	26956590	26958208	-1	2
2R	10717402	10717965	1	2
3L	4090918	4091148	1	2
3R	17439426	17439836	-1	2
3R	21084477	21084538	-1	2
3R	27568592	27582002	-1	2
3R	11678873	11678944	-1	2
2R	24609037	24609099	1	2
2R	19176744	19176941	1	2
3R	21306961	21307517	1	2
X	4698663	4701949	1	2
2L	17969519	17971872	1	2
X	13084520	13090060	-1	2
3L	17401030	17401102	-1	2
2L	13899107	13902162	-1	2
3R	23514327	23514377	-1	2
3R	23983927	23984305	1	2
3L	13251212	13265180	1	2
X	17069952	17077183	-1	2
X	20805164	20828727	-1	2
X	2265486	2265548	-1	2
3L	5658122	5669149	1	2
2L	449321	449435	-1	2
3L	20296543	20296607	-1	2
3R	4249846	4249907	-1	2
3R	10118431	10119199	1	2
X	16686770	16687160	-1	2
3R	22955903	22956590	1	2
3L	20314924	20314983	1	2
2R	14276664	14279243	1	2
2R	13808862	13808951	1	2
X	1400415	1400478	1	2
2L	10432179	10432242	1	2
X	17936855	17938542	-1	2
3R	18717553	18718684	1	2
2L	8543868	8544337	1	2
3R	9568955	9569011	1	2
3R	23983733	23984353	1	2
2L	13394509	13394672	-1	2
2L	9917288	9917513	-1	2
3L	17061769	17065188	-1	2
2R	12275814	12276225	1	2
2R	10893147	10893217	-1	2
2L	8083919	8083989	1	2
3L	11562738	11562861	1	2
2L	2579956	2580015	-1	2
X	15989294	15989368	-1	2
2R	17424135	17424198	1	2
2L	17410031	17410092	-1	2
2R	17442154	17442251	1	2
2L	15249199	15249411	1	2
3R	5371916	5371978	1	2
X	11290264	11293243	-1	2
2L	6949528	6949591	-1	2
3R	11769155	11769370	-1	2
2R	24559565	24560361	-1	2
3R	14035683	14035824	-1	2
4	805311	968822	1	2
3R	27599193	27599257	-1	2
2L	21382118	21390220	1	2
2L	19759505	19759583	1	2
2R	9312746	9317293	-1	2
2L	10342867	10342930	-1	2
2L	5174317	5174641	1	2
2R	6168369	6168756	-1	2
3R	20839216	20839291	1	2
3L	7123651	7123706	-1	2
2L	19701669	19701750	1	2
X	16626248	16626570	-1	2
X	17285828	17286691	-1	2
2L	234175	234237	-1	2
X	9165922	9177431	1	2
3R	11755112	11755177	-1	2
2R	2262253	2262315	-1	2
3R	26195619	26210113	1	2
2R	13865906	13866449	-1	2
2R	6607979	6608030	-1	2
X	19624463	19624528	1	2
2L	5167524	5173528	1	2
3R	11224213	11224844	1	2
3R	23983917	23984440	1	2
2R	17457873	17465651	1	2
X	16455678	16456892	-1	2
2R	11587583	11587646	-1	2
2L	10847679	10847779	-1	2
3L	1666830	1667002	-1	2
3R	21850811	21851811	-1	2
2R	21393791	21394201	-1	2
4	369297	369507	1	2
2R	5982709	5986572	1	2
3R	20630059	20630127	-1	2
X	16483034	16483678	-1	2
2L	9167439	9191615	1	2
4	902235	902307	-1	2
2L	21207424	21207478	1	2
X	16276827	16276892	1	2
X	17657538	17660989	1	2
3L	5666037	5667822	1	2
2R	13654455	13672368	1	2
3L	9973002	9973094	1	2
2L	22939541	22939595	1	2
2R	12870971	12871184	1	2
3R	24513823	24513880	-1	2
3L	11254624	11255817	1	2
X	11290264	11293326	-1	2
3L	17401227	17401290	-1	2
3R	23984176	23984289	1	2
2R	4673468	4673570	1	2
2R	22346710	22354388	-1	2
4	1116457	1116515	-1	2
2L	19165989	19166085	1	2
2R	20618889	20618956	1	2
3L	11226569	11226636	1	2
2R	24559549	24561027	-1	2
2R	11852907	11853348	-1	2
X	5793572	5794286	1	2
2R	16326220	16326643	-1	2
X	9674444	9674814	-1	2
3L	11488497	11496346	1	2
3R	30001964	30002151	1	2
2L	16168605	16169518	1	2
2L	3911337	3914728	-1	2
3L	15522196	15522360	-1	2
2L	5045484	5045822	1	2
X	649030	649992	-1	2
X	21383384	21383450	1	2
3R	15067084	15071452	-1	2
3L	24161180	24161263	1	2
2L	10444786	10445161	1	2
3R	19847636	19850012	1	2
3R	5578371	5578438	1	2
2R	18170658	18170718	-1	2
3R	21297737	21298276	1	2
3R	13056289	13056351	1	2
3R	24136569	24136627	1	2
3R	28901023	28919492	1	2
mitochondrion_genome	11349	11410	1	2
4	1181302	1181368	-1	2
3L	21570181	21570257	1	2
3L	13886110	13886171	-1	2
3R	15936038	15957652	1	2
3R	15935785	15957652	1	2
2L	6922827	6923784	1	2
3R	18950604	18958366	1	2
2R	24020026	24020566	-1	2
X	8088893	8090007	-1	2
X	22503741	22504229	1	2
3R	4301167	4301237	1	2
3R	22359983	22360447	1	2
X	17143772	17146852	-1	2
2R	19467914	19468790	1	2
2L	11110922	11110980	-1	2
2R	10119991	10120051	1	2
3R	14891724	14891785	1	2
2L	4694992	4705478	1	2
3R	12628985	12629222	1	2
X	9473267	9499874	-1	2
2L	2012209	2013711	1	2
3L	4074216	4075050	-1	2
2R	13833111	13833300	1	2
2R	16924801	16925673	1	2
2R	21394422	21398887	-1	2
2L	6646917	6649030	-1	2
2R	20747523	20748326	1	2
2R	21060995	21061363	1	2
3R	29863197	29863415	-1	2
3L	4240524	4240786	1	2
3R	11336725	11338237	1	2
3L	4133823	4134454	-1	2
3R	7974633	7976908	-1	2
2R	10805728	10807926	-1	2
3R	26461975	26466585	1	2
X	5999501	5999994	-1	2
4	116563	119939	-1	2
X	6742035	6742102	-1	2
2R	13985847	13985990	-1	2
3R	7088603	7088655	1	2
2R	10515287	10515344	-1	2
2R	13827681	13829640	1	2
3R	5525231	5527579	-1	2
3L	17400579	17401030	-1	2
2R	21184138	21192154	1	2
3L	198690	198762	-1	2
X	21382245	21382549	1	2
4	1144114	1146470	-1	2
2L	9292176	9293180	1	2
3L	5424587	5429163	1	2
3R	29457782	29461813	1	2
X	18864235	18864740	1	2
3R	9728837	9728895	-1	2
3R	18930100	18931144	1	2
2L	6678225	6679986	-1	2
3R	23983981	23984283	1	2
X	6327599	6327664	1	2
3R	9241083	9241147	-1	2
3R	20029039	20029200	1	2
2L	19929355	19950407	1	2
3L	15834452	15834734	-1	2
2R	23879813	23879875	1	2
2L	9384790	9405832	-1	2
3L	9728150	9728213	1	2
2L	9870521	9877879	-1	2
X	12919127	12924149	1	2
3R	29725174	29725238	1	2
4	320041	328162	1	2
2R	17581094	17581215	-1	2
3R	23959598	23962181	1	2
3L	21319236	21319484	1	2
2L	7787305	7787372	-1	2
X	17303148	17305215	1	2
X	638721	638781	1	2
3R	24347595	24347664	-1	2
2R	12273957	12274242	1	2
2R	4393545	4407981	-1	2
X	10309666	10318453	-1	2
2L	1077122	1077532	-1	2
2R	17208188	17275410	1	2
2R	22606289	22606509	1	2
2R	9994027	9994092	-1	2
3L	19160686	19185668	-1	2
2L	7473890	7473948	-1	2
2R	16109275	16109372	-1	2
2R	13337349	13361951	-1	2
3R	12449600	12456132	1	2
3L	19279634	19279698	1	2
2R	9292503	9299328	1	2
3R	27563758	27564270	-1	2
X	4698640	4699616	1	2
X	13784003	13811259	1	2
3L	5817644	5817898	-1	2
2L	10399689	10399768	1	2
X	5383380	5383542	1	2
2L	17875271	17887113	-1	2
X	17639806	17640522	-1	2
3R	20049879	20055728	-1	2
3L	8603856	8603906	1	2
2L	18013033	18026955	1	2
2L	18027002	18033764	1	2
2L	2209718	2210053	-1	2
X	9506755	9510648	-1	2
3R	12475831	12477412	-1	2
2R	4377666	4377906	-1	2
3L	16844863	16844942	-1	2
3L	20786578	20787648	-1	2
2L	159475	162409	1	2
2R	12026032	12026092	-1	2
2R	9291281	9291337	-1	2
2R	931855	951127	-1	2
X	9132714	9134702	-1	2
3R	31242775	31251682	-1	2
2L	7568979	7575734	-1	2
3L	3073286	3088656	1	2
3R	4959759	4959904	-1	2
3L	19575060	19584311	-1	2
2L	17409300	17409359	1	2
2R	4030278	4031274	1	2
3R	4588238	4598469	-1	2
3R	24103116	24104438	-1	2
X	3762600	3788887	1	2
X	8365747	8366804	-1	2
X	17942973	17945219	-1	2
X	17778338	17778567	1	2
3R	24675801	24677244	1	2
2L	16485029	16485437	-1	2
4	883363	883567	-1	2
2R	10151053	10152904	-1	2
2L	8363834	8363975	-1	2
3L	17059336	17060818	-1	2
2L	21643253	21643764	1	2
4	210681	211590	1	2
4	569302	569975	-1	2
X	16455969	16459139	-1	2
X	2671232	2671308	1	2
2L	2756357	2757848	1	2
2L	6557877	6558878	1	2
2R	16868711	16868953	1	2
3L	21251575	21252735	1	2
2L	19514351	19514931	-1	2
3R	8820069	8820312	-1	2
4	249652	249790	-1	2
X	6349379	6349435	-1	2
2R	19443096	19443296	1	2
3L	5210873	5277599	-1	2
X	5744700	5746772	-1	2
3R	4284301	4295209	1	2
3R	27291018	27291433	1	2
2R	19467953	19468790	1	2
X	12019169	12020060	1	2
3R	10613616	10614138	-1	2
3R	8793368	8793978	-1	2
3R	21308140	21308418	1	2
3L	17236115	17237824	-1	2
X	5088644	5089342	1	2
X	647638	647703	1	2
2R	12275566	12276267	1	2
X	15978241	15980673	-1	2
2L	12477167	12498525	-1	2
2R	9510655	9510832	1	2
3R	24827100	24827158	-1	2
X	6284205	6284472	-1	2
3R	23966703	23972448	1	2
3L	5746687	5747859	1	2
X	483046	483268	-1	2
2L	7223698	7227104	-1	2
2R	19237064	19238152	1	2
X	17705458	17706789	1	2
2R	24021542	24021790	-1	2
3R	31217008	31219063	-1	2
3R	7187548	7190124	1	2
3R	31254024	31254079	-1	2
2R	21698484	21715489	-1	2
3R	10264523	10264610	1	2
3R	4282791	4301360	1	2
2R	7936421	7936485	1	2
2R	21713388	21715406	1	2
X	3913297	3929567	-1	2
4	1131959	1132085	1	2
3L	22832950	22833369	-1	2
3L	17400579	17400684	-1	2
2R	13843712	13843774	-1	2
2R	4727935	4728186	-1	2
4	903472	904361	-1	2
3L	17654901	17655218	1	2
3R	20894486	20897266	-1	2
2R	9351174	9351656	-1	2
2L	11987495	11987696	-1	2
X	2014573	2022443	1	2
X	9846181	9848532	1	2
2R	19692816	19697297	1	2
2R	1590884	1590940	1	2
3R	13642330	13645825	-1	2
2R	18633364	18633426	-1	2
X	4323020	4362086	1	2
2R	13162747	13163247	1	2
X	17640580	17641424	-1	2
3R	17054394	17054976	1	2
2L	21140157	21140217	-1	2
3R	24214922	24221311	-1	2
X	4698652	4701949	1	2
2R	4235939	4236000	-1	2
3L	15583882	15583997	1	2
2R	23525522	23525584	1	2
2R	15277666	15277887	-1	2
2R	15936584	15938115	-1	2
3R	17915526	17916139	-1	2
3L	20844549	20845060	-1	2
3L	13238715	13251154	1	2
3R	30595329	30595390	-1	2
4	1053802	1053930	1	2
2R	9059549	9059606	-1	2
3R	15346745	15347944	1	2
3R	4247557	4248127	1	2
3R	13450725	13452218	1	2
X	3699487	3699687	1	2
2R	15292970	15293427	-1	2
3L	13537997	13541264	-1	2
4	1230391	1230447	-1	2
2L	1652916	1653488	1	2
3R	15936138	15954924	1	2
2R	929293	949871	-1	2
X	17928410	17929048	-1	2
3L	14002302	14003173	1	2
2R	6981910	6981969	-1	2
2R	15189779	15190184	1	2
3R	5525231	5527534	-1	2
2L	8083637	8089491	1	2
X	21851612	21853793	-1	2
3L	9646515	9646589	1	2
2L	16722266	16722317	1	2
3L	24211474	24223060	1	2
3R	5649661	5649720	1	2
3L	7312231	7312708	-1	2
2L	19046143	19046215	1	2
3R	18959719	18977294	1	2
2L	21382147	21390214	1	2
3L	7131909	7132649	1	2
3L	7132678	7133119	1	2
2L	16328281	16328863	-1	2
2R	22885244	22885297	-1	2
3L	1019628	1022678	-1	2
X	2149342	2149402	-1	2
3L	17952457	17953428	-1	2
2R	16048279	16048337	1	2
X	2266185	2266248	-1	2
2R	3529736	3539334	-1	2
2R	11279509	11279563	-1	2
3R	25519730	25546161	1	2
3L	13798217	13803062	-1	2
3R	895894	947426	1	2
2L	10472486	10474282	-1	2
2L	1086027	1087695	-1	2
2L	3678303	3678363	1	2
X	3700791	3701241	1	2
3R	19416088	19460038	1	2
4	142128	142200	1	2
3L	5659623	5747735	1	2
3L	17401030	17441403	-1	2
3L	3071415	3073081	1	2
2R	1075217	1076436	1	2
3L	18668276	18668885	-1	2
2L	456469	456539	1	2
2R	15287945	15292780	-1	2
2L	2137795	2137883	-1	2
2R	4816713	4816791	1	2
2L	9291859	9295541	1	2
3R	21787909	21787983	-1	2
3R	19754322	19760265	-1	2
3R	23044905	23044973	-1	2
3L	3120215	3120272	-1	2
2R	10107695	10108223	1	2
2R	19445380	19445439	-1	2
3R	3865461	3866007	1	2
3L	17067188	17147474	-1	2
X	16560889	16565357	-1	2
2L	17461844	17462168	-1	2
2R	19290559	19290706	1	2
3L	3840222	3842206	1	2
X	4658459	4660078	-1	2
X	15372445	15377077	-1	2
3L	2963044	2963122	1	2
3R	30133069	30133133	-1	2
2L	12822370	12822737	-1	2
3L	15852698	15858101	-1	2
2R	17456895	17456949	1	2
3R	11335215	11335562	1	2
3R	18573127	18573192	1	2
3L	20476814	20484355	1	2
4	654799	655061	-1	2
2R	21394363	21399067	-1	2
2R	16931144	16931199	-1	2
X	12731907	12743968	-1	2
X	11369508	11369574	-1	2
2L	16168605	16169487	1	2
2R	16587512	16587604	-1	2
3R	25064995	25065148	-1	2
X	18039731	18040280	-1	2
2L	7787032	7787095	-1	2
3R	9420048	9439267	1	2
2R	23883479	23883747	-1	2
3L	13042369	13042442	-1	2
X	16492195	16504113	-1	2
X	14274017	14274204	1	2
3R	21306472	21307028	1	2
X	8874402	8874512	-1	2
3R	15372764	15372849	1	2
2L	2216960	2217013	-1	2
2R	928238	928372	-1	2
2R	10101098	10101265	1	2
2L	9896581	9896696	-1	2
X	9163488	9165682	1	2
2R	1591058	1594192	1	2
X	10255488	10256029	-1	2
3L	2258518	2258580	1	2
4	1037591	1037646	1	2
3R	12095717	12096049	1	2
2L	9292240	9293015	1	2
3L	3813361	3813451	1	2
X	23241108	23242847	1	2
2L	20074129	20074191	-1	2
X	10781044	10781596	-1	2
3L	11527343	11527455	-1	2
2R	24891721	24892284	1	2
2R	7519538	7519601	-1	2
2L	21380362	21381899	1	2
2R	23845941	23846128	1	2
2R	6625278	6627440	-1	2
3L	20296790	20296842	-1	2
3R	14530231	14554375	-1	2
2R	6632141	6632324	-1	2
3R	17054363	17055052	1	2
X	9355176	9355987	-1	2
2R	9587711	9587777	1	2
2R	23191605	23203567	-1	2
3R	20438224	20449371	-1	2
3R	11197849	11204565	1	2
X	11901280	11901349	-1	2
4	549874	550754	-1	2
3R	21297572	21298215	1	2
3R	16552467	16556227	1	2
3L	1601934	1602485	-1	2
4	1230308	1230447	-1	2
2R	18134096	18134407	-1	2
2L	11800323	11802371	-1	2
3L	4351187	4363027	-1	2
2L	10201705	10202042	1	2
3L	6943102	6944432	-1	2
2R	10433466	10433542	1	2
2R	9875960	9876016	1	2
4	876790	876870	-1	2
3L	1660227	1660626	-1	2
X	13078749	13078840	1	2
3L	4127163	4129651	-1	2
3L	22920679	22923362	1	2
2L	21385333	21390168	1	2
2L	16891738	16891793	1	2
3L	4189306	4189676	1	2
3L	9901435	9902151	1	2
3L	4563903	4578760	1	2
2R	17548963	17549069	1	2
X	10805470	10806469	-1	2
3R	30208426	30208490	-1	2
2L	2678058	2683868	-1	2
3R	9487204	9493693	-1	2
3L	9429115	9429174	1	2
X	16839226	16839441	-1	2
3L	6943102	6944441	1	2
2R	14859200	14859256	-1	2
3R	8000873	8000926	-1	2
3R	5151627	5153523	1	2
3R	11430271	11430339	1	2
3L	17400491	17401023	-1	2
X	22657660	22740542	1	2
2R	12273899	12274588	1	2
2R	14741363	14741467	-1	2
X	5383647	5394053	1	2
2R	18095836	18095894	1	2
3L	19891532	19894807	-1	2
3L	4285770	4285847	1	2
3R	19412728	19415633	1	2
X	16840652	16843952	-1	2
3L	10307133	10313115	1	2
3L	9698756	9698966	1	2
3R	30208201	30208390	-1	2
2R	17471067	17471172	-1	2
3L	9151874	9155026	-1	2
2R	22424435	22424492	1	2
3L	17070683	17073676	-1	2
2L	20421118	20422145	1	2
3L	1632165	1637099	-1	2
3L	14008848	14011240	1	2
3R	19753861	19756054	1	2
X	9165929	9178354	1	2
X	16095691	16096527	1	2
3L	4241177	4241235	1	2
3R	4737781	4738065	-1	2
4	1130587	1131193	1	2
X	10244606	10249776	-1	2
X	2635567	2635896	-1	2
2L	19049365	19049422	1	2
3L	1499880	1501799	-1	2
X	15175502	15177632	1	2
X	1342382	1344545	1	2
X	17924792	17925657	-1	2
3R	20816634	20817136	-1	2
2R	13447329	13448997	-1	2
X	5383647	5388242	1	2
3L	5744241	5747598	1	2
2L	4839113	4841163	1	2
2R	14584297	14586076	1	2
3R	24255225	24255285	-1	2
3L	18930151	18930591	-1	2
X	10703463	10703573	1	2
3R	10321583	10321662	-1	2
X	20764449	20770176	-1	2
X	4357277	4357345	1	2
3L	12753485	12753553	-1	2
3R	8823077	8823261	-1	2
3L	25871380	25873860	-1	2
3R	13637884	13642254	-1	2
3L	199088	199679	-1	2
3L	1627028	1627702	-1	2
2R	13200825	13200889	1	2
X	15483501	15484256	1	2
3R	18248294	18248417	1	2
3R	11396573	11400742	1	2
2L	16704415	16704831	-1	2
3R	8817720	8818646	-1	2
3R	6359311	6359382	1	2
3R	11371368	11400809	1	2
3R	18227808	18228567	1	2
X	1774223	1778370	1	2
3L	4188835	4189676	1	2
2L	21380362	21393030	1	2
3L	7814474	7853534	-1	2
3L	21570655	21570720	1	2
2R	5642496	5643592	-1	2
3R	23977319	23977383	1	2
2R	11447364	11447527	1	2
X	5352328	5400932	1	2
3R	13020202	13020854	1	2
3L	24975548	24977209	-1	2
3R	21523689	21523752	1	2
3L	18899140	18899306	1	2
2L	9655770	9655851	1	2
3R	8814685	8819228	-1	2
2L	2783098	2793228	-1	2
X	8294242	8295710	1	2
3L	541964	542017	1	2
X	17701777	17702201	-1	2
2R	12274238	12275238	1	2
3R	11245661	11245739	1	2
2L	4945081	4945192	-1	2
X	5793719	5794212	1	2
3L	17074389	17077622	-1	2
2L	19777021	19777082	-1	2
X	16288958	16289027	1	2
2R	24906919	24906980	1	2
2R	20238005	20238259	1	2
3R	31216383	31216646	-1	2
2L	9888788	9888847	1	2
3L	3225948	3236188	1	2
2L	17452165	17453233	1	2
2L	8516302	8516362	1	2
mitochondrion_genome	12918	12998	-1	2
3R	8011235	8011295	-1	2
3R	14275369	14276306	-1	2
2R	17689816	17689874	1	2
2R	16029661	16029803	1	2
2R	16647106	16650813	1	2
4	481142	481209	-1	2
3L	7372694	7373478	1	2
3R	20795275	20796157	1	2
2R	24139625	24157514	1	2
X	15112897	15113572	1	2
3R	13133094	13155509	-1	2
X	8768275	8768752	1	2
4	668575	669159	1	2
2L	9890484	9890542	-1	2
2L	21274140	21274200	1	2
X	4076427	4076477	1	2
3L	8128370	8129084	1	2
3R	24675801	24679486	1	2
2R	8000996	8001722	-1	2
2R	24184916	24186159	-1	2
2R	21293875	21294051	1	2
X	11290264	11293237	-1	2
3R	5600168	5600288	-1	2
2R	13840975	13841033	1	2
4	1115739	1116945	-1	2
3L	19995570	19995629	1	2
2L	16309575	16309773	-1	2
X	17950093	17950611	-1	2
3R	19415731	19460147	1	2
X	15919687	15919741	1	2
3L	5665620	5691864	1	2
X	1217841	1234099	-1	2
3R	7886169	7886443	-1	2
2L	6721455	6721518	-1	2
X	16147210	16148918	-1	2
2L	12172303	12172423	1	2
3R	26045828	26046733	1	2
2R	18751255	18751639	1	2
3L	4629228	4629289	1	2
X	17910630	17911029	1	2
X	10309749	10318418	-1	2
2R	23548476	23548538	1	2
3L	5163970	5166935	-1	2
2R	15272609	15273326	-1	2
3R	23998769	23998830	-1	2
4	1195788	1195919	-1	2
3L	9461560	9463302	1	2
X	8925697	8960179	1	2
X	19493478	19493685	-1	2
X	14590293	14590917	-1	2
X	20923614	20926962	-1	2
2L	13550421	13551264	1	2
2R	6695365	6695669	-1	2
3R	18681337	18682347	1	2
2R	10106445	10107458	1	2
3R	7961123	7962230	-1	2
2L	9788371	9788783	-1	2
3L	15554223	15554290	1	2
3L	5934694	5937399	-1	2
2L	3869062	3869118	1	2
3L	20449636	20450266	1	2
2R	8132792	8132942	1	2
X	1016247	1016521	-1	2
3R	10076919	10077117	-1	2
4	305179	305650	-1	2
3R	17795801	17795863	1	2
3R	12682543	12683137	-1	2
2R	7789713	7789773	1	2
2L	9294186	9294337	1	2
3L	21025824	21026825	-1	2
3R	29137840	29137903	1	2
3R	26666892	26681377	-1	2
2R	7805041	7805101	-1	2
3R	10105725	10105790	-1	2
X	11623978	11676664	1	2
3L	16891326	16896235	1	2
2L	13000990	13004055	-1	2
3L	4581203	4581741	1	2
3R	8819984	8820181	-1	2
3R	8817689	8818689	-1	2
X	2081660	2090969	1	2
2R	14230783	14233329	-1	2
3R	29317512	29317836	1	2
2R	23067619	23071597	1	2
3R	29039236	29046410	1	2
mitochondrion_genome	2715	2880	1	2
3L	25114668	25114724	1	2
2R	16853741	16853809	1	2
X	22740621	22764988	1	2
2R	14058606	14058709	1	2
3R	17909499	17915059	-1	2
2L	18858463	18858952	-1	2
3L	21875330	21907346	1	2
2L	22550489	22550548	1	2
3L	8988148	8988988	1	2
2R	12610722	12611009	1	2
2R	10120359	10120412	1	2
2L	11236067	11236204	1	2
2R	11967780	11967837	-1	2
2R	16260872	16260948	-1	2
2L	9176767	9177125	1	2
3L	25110415	25112265	1	2
2L	8083944	8089137	1	2
3L	3757464	3757551	1	2
2L	12040203	12040265	1	2
X	574828	578183	1	2
3R	31933954	31935197	-1	2
3R	11784465	11784535	-1	2
2R	12035711	12035776	1	2
3R	15266116	15266433	1	2
2R	12428843	12428910	-1	2
3R	4243060	4243122	-1	2
2R	12264785	12273766	1	2
4	1262094	1262412	1	2
2L	9176662	9177122	1	2
3R	4332225	4332290	-1	2
3R	16059376	16059461	1	2
3R	22369341	22372529	1	2
3L	20383220	20383281	-1	2
2R	14233130	14233188	-1	2
2L	12060804	12060869	-1	2
2L	9291271	9291523	1	2
3R	6362764	6362838	-1	2
2L	21263413	21263648	1	2
3R	20206716	20211081	1	2
2R	15380882	15381413	1	2
X	18186440	18192331	1	2
2R	13495370	13496808	-1	2
3R	21786863	21786930	-1	2
2R	9897691	9898375	1	2
3R	31137504	31138372	1	2
3R	16470809	16471199	1	2
2R	14976207	14976518	1	2
2L	10377943	10378011	1	2
3L	11129473	11134166	1	2
X	9186119	9188132	1	2
2R	24063574	24064734	1	2
X	1396040	1396125	1	2
3R	14649369	14655460	-1	2
2R	4749514	4754500	1	2
2L	19131686	19131797	-1	2
2R	15189471	15190198	1	2
X	1474511	1474675	-1	2
X	480090	480260	-1	2
3L	10481659	10481746	1	2
2R	18156166	18157973	-1	2
4	925949	926011	-1	2
2R	17699169	17699351	1	2
3L	10895029	10896029	-1	2
2R	14496580	14496647	1	2
2R	7862317	7867348	-1	2
3L	24028724	24030755	1	2
3L	20469985	20470954	-1	2
2L	10315074	10315345	-1	2
3R	9478643	9485992	-1	2
4	72595	72817	1	2
X	5839549	5840592	1	2
2R	16503633	16516770	1	2
2L	1556916	1568012	1	2
2L	18442147	18442221	-1	2
X	15967231	15972205	-1	2
3R	9828796	9864969	-1	2
X	15468450	15468514	-1	2
3L	22265987	22266076	-1	2
2L	8162238	8162311	-1	2
2R	9056633	9059255	-1	2
3L	17066841	17067137	1	2
3L	1632366	1636832	-1	2
3L	2851697	2869449	-1	2
2L	2684152	2704926	1	2
2R	17220108	17275545	1	2
X	18864903	18883915	1	2
X	7290678	7290789	-1	2
X	15748461	15748760	1	2
3L	25830513	25841138	-1	2
3L	6617316	6617768	1	2
2L	16264708	16265159	-1	2
3R	16225362	16225422	-1	2
3R	5466382	5466980	-1	2
3R	5467009	5467069	-1	2
2L	13353400	13353715	-1	2
X	3955973	3956049	-1	2
X	11817667	11833364	1	2
3R	5597204	5597272	-1	2
2R	10331256	10331674	-1	2
3R	16637112	16638623	1	2
4	121957	122309	-1	2
2R	23924095	23924416	1	2
3R	31216340	31216603	-1	2
3R	8000420	8000586	1	2
3L	13042540	13043166	1	2
3R	5558436	5558499	-1	2
2L	5044421	5046241	1	2
3R	19886481	19887085	-1	2
2R	18769256	18769438	1	2
X	16008255	16009247	1	2
X	13285402	13285580	-1	2
X	13785953	13801679	1	2
3L	4084799	4085623	-1	2
2L	21311033	21311753	1	2
X	6840057	6840114	-1	2
X	10357816	10358073	-1	2
2L	21382136	21390214	1	2
2R	11229034	11229411	-1	2
3R	8366973	8444474	-1	2
3R	23983918	23984359	1	2
2R	13580557	13580857	-1	2
4	478869	480035	-1	2
3R	28418826	28424402	1	2
3R	11335634	11339658	1	2
2R	12273948	12276416	1	2
3R	8303012	8303065	-1	2
2R	11587712	11587771	-1	2
2L	19515108	19515168	-1	2
3R	19527235	19554818	1	2
3L	9928013	9967351	1	2
X	7289679	7289745	-1	2
3R	20974000	20974135	1	2
X	495718	496109	1	2
X	11144250	11144320	1	2
X	17661078	17669118	1	2
X	21036471	21036539	1	2
X	6531432	6531835	1	2
3R	15787982	15788052	1	2
2L	242745	250757	-1	2
X	13075515	13076693	1	2
2R	10499817	10513916	-1	2
2R	20620751	20620817	1	2
3L	24079559	24131196	-1	2
3L	24131238	24161131	-1	2
2R	16924978	16926409	1	2
2L	2756409	2757850	1	2
X	8559859	8559921	-1	2
X	10782096	10782173	-1	2
X	13847443	13849238	-1	2
2L	8545234	8555047	1	2
3L	15860027	15863968	-1	2
3L	3056753	3056819	-1	2
3L	2769978	2770042	-1	2
3L	12852278	12852427	1	2
X	3478550	3478611	-1	2
3L	5503694	5503858	-1	2
4	258673	259278	1	2
3R	17921470	17928651	1	2
3L	4130644	4131121	-1	2
2L	22167239	22167303	-1	2
2L	21388798	21390428	1	2
3R	22751367	22766611	1	2
3L	16539341	16542879	-1	2
X	14322916	14324721	1	2
2L	12045611	12045677	-1	2
4	1316431	1316494	1	2
3L	13047640	13049969	1	2
3R	20964187	20975256	1	2
3R	23984003	23984222	1	2
3R	22021733	22021793	-1	2
3L	20815805	20815903	-1	2
3R	26534745	26534985	-1	2
3R	18242910	18247433	1	2
2R	16924822	16926324	1	2
3R	7578419	7578966	-1	2
3L	7758944	7759009	1	2
3L	13663912	13664611	-1	2
3R	5235729	5235843	1	2
3R	21788928	21789449	-1	2
4	1280671	1280761	1	2
3L	17525428	17526963	-1	2
2L	9682492	9698114	-1	2
2R	2126276	2261829	-1	2
2R	24736034	24736614	-1	2
2L	3466417	3466787	1	2
X	3662279	3663456	1	2
3L	10327295	10364993	1	2
3R	21803390	21817101	-1	2
4	671544	680440	1	2
2R	20468881	20469466	1	2
3R	9738951	9739254	-1	2
2L	38732	39301	-1	2
2R	13223113	13225467	1	2
X	6266718	6266855	-1	2
3L	9900697	9900761	1	2
X	23253351	23256646	1	2
3R	10215190	10215532	1	2
2R	5212468	5217345	-1	2
3R	27939648	27939707	1	2
2L	16471940	16472128	-1	2
3R	23865656	23889057	-1	2
X	6699962	6700053	1	2
X	521697	522986	-1	2
3R	6458302	6458403	1	2
X	18861748	18861819	1	2
3R	8817693	8819174	-1	2
3R	13389157	13389579	-1	2
X	5176267	5186903	1	2
2L	10255176	10255824	-1	2
2R	20620992	20622339	-1	2
3R	20966040	20966398	1	2
4	939118	940174	1	2
2R	23902165	23902232	1	2
X	5903972	5904244	1	2
3L	22184603	22206830	1	2
3L	12742651	12742905	1	2
2R	13219885	13219944	-1	2
3L	12797857	12804355	-1	2
3L	25844108	25873860	1	2
3R	19594399	19594500	1	2
X	3897648	3901108	-1	2
X	22467866	22467922	1	2
3R	13761768	13762701	1	2
3L	4325384	4326984	-1	2
3R	19908610	19910893	1	2
3R	8004864	8005254	1	2
X	19866199	19866793	1	2
2R	18688623	18692041	1	2
X	531877	560606	1	2
3L	20372290	20372348	-1	2
X	5792461	5794223	1	2
2R	8271779	8271837	-1	2
2L	2793909	2799909	-1	2
3L	3379797	3379864	1	2
2L	2886412	2945075	1	2
3L	1288150	1294166	1	2
3L	9708685	9709471	1	2
3R	4597175	4599396	-1	2
2L	10481710	10481763	1	2
X	1409841	1410100	1	2
3L	7325883	7325959	1	2
2R	9120730	9121344	1	2
3L	20769686	20769739	1	2
X	6125976	6126245	-1	2
2R	23878583	23880669	1	2
3L	18800839	18801121	-1	2
X	7452300	7452374	1	2
2L	8083522	8089394	1	2
X	5648173	5648323	-1	2
X	2646872	2659148	1	2
3R	22515175	22515302	1	2
3L	19868865	19869103	-1	2
2L	8083842	8089185	1	2
X	11961205	11961805	-1	2
3R	9478698	9486601	-1	2
2L	19928997	19929203	1	2
2R	16089039	16089092	-1	2
2R	1349902	1363191	1	2
X	1043422	1043491	1	2
X	19198144	19198231	-1	2
X	13384354	13384409	-1	2
2R	23946772	23946839	1	2
3L	11249318	11251107	-1	2
3L	21568171	21568468	-1	2
2L	9684284	9697918	-1	2
3L	8470380	8470440	1	2
3L	19261785	19261878	1	2
2L	20072807	20073597	1	2
3L	347780	347899	1	2
3L	3471801	3471991	-1	2
2R	18167807	18168099	1	2
3L	22824085	22824196	-1	2
X	16514185	16521626	-1	2
3L	8440321	8440558	-1	2
3L	25481047	25670674	-1	2
4	1050899	1052744	-1	2
X	12566837	12567415	-1	2
3L	9050360	9057543	-1	2
X	2241507	2241568	-1	2
3L	21531806	21532441	-1	2
3R	29222770	29223243	-1	2
X	19529602	19529674	1	2
3R	26872739	26872807	-1	2
3R	18226938	18227705	1	2
X	5087715	5089342	1	2
3L	8647646	8647708	-1	2
3L	2536219	2540977	1	2
4	138575	140270	1	2
3R	1467259	1588295	1	2
3L	16414888	16415125	1	2
3R	26699621	26699715	-1	2
2R	24695588	24696322	-1	2
X	4546825	4547386	1	2
2R	16556557	16556619	1	2
2R	1344336	1344572	-1	2
4	1246197	1247102	1	2
2L	1082666	1082789	1	2
2R	1523519	1526080	-1	2
3R	30435821	30435882	-1	2
2R	8000826	8001152	-1	2
X	15351959	15352334	-1	2
2L	2059984	2061810	-1	2
3R	20299011	20299081	1	2
3R	8717342	8717849	1	2
3L	18797360	18800642	-1	2
3L	17401227	17401292	-1	2
2R	24891879	24892217	1	2
2R	14215519	14215608	-1	2
X	14586437	14586497	-1	2
2L	22163107	22165007	1	2
3R	24695116	24695341	1	2
X	2596274	2599015	1	2
X	16560925	16565894	-1	2
2R	10107658	10109158	1	2
3L	4582375	4582473	1	2
3R	13452431	13455773	1	2
3R	25993485	25994567	1	2
3R	13390296	13391865	-1	2
2L	21175225	21175280	-1	2
3R	682501	747709	1	2
3R	23983921	23984440	1	2
3L	226257	230780	1	2
3R	19731280	19759823	1	2
3L	11129452	11134420	1	2
X	18931728	18932044	1	2
X	11813468	11814697	-1	2
3R	12843113	12843177	-1	2
3R	5858327	5858790	-1	2
2L	9713983	9743337	-1	2
3L	4284991	4285053	1	2
3L	4285117	4285175	1	2
3R	14367500	14369398	-1	2
X	11815540	11815640	-1	2
X	2705996	2706221	-1	2
2R	14868844	14868907	-1	2
X	12636637	12636711	1	2
2L	6777595	6777657	1	2
3L	8545090	8555731	1	2
2R	24875396	24875962	1	2
2R	15322575	15324670	1	2
4	583864	583936	1	2
2R	24048261	24048335	-1	2
X	15901917	15901978	1	2
3R	5599365	5600288	-1	2
2L	18320731	18366754	1	2
3R	9340275	9354422	1	2
3L	16006874	16006933	-1	2
2R	1072046	1072251	1	2
2R	4458381	4458441	-1	2
X	1409777	1410002	1	2
3L	17843938	17846017	-1	2
2L	1012338	1013388	-1	2
2L	15271144	15271834	-1	2
X	11664980	11666698	1	2
X	9798520	9811788	1	2
3L	6954313	6954712	-1	2
X	4698644	4699611	1	2
3L	14769779	14769837	-1	2
2L	21382168	21389036	1	2
2L	22168321	22168380	-1	2
X	20137022	20137465	1	2
2L	17827884	17843534	-1	2
3L	13485541	13485603	-1	2
4	954227	954489	-1	2
3L	9376592	9376760	-1	2
3R	5454923	5455302	1	2
X	9166339	9177714	1	2
3L	22801742	22824502	-1	2
2R	7563986	7564291	1	2
2R	10519376	10532039	-1	2
3L	2831528	2851559	-1	2
X	12938897	12945805	1	2
3R	24662564	24664364	1	2
3R	27580326	27580654	-1	2
2L	12278920	12282514	1	2
X	15861783	15863090	1	2
3L	4171429	4173592	1	2
3R	18712529	18718836	1	2
2L	13486185	13488544	1	2
3R	11396254	11400839	1	2
3R	29659394	29659792	-1	2
X	15892252	15892828	1	2
3R	29934090	29934239	-1	2
3L	9146312	9146619	-1	2
3L	914219	915639	1	2
X	13967807	13985797	-1	2
2L	17647251	17752278	-1	2
2L	1047023	1047858	-1	2
4	280240	281724	-1	2
2R	21184134	21192147	1	2
3R	4300057	4301402	1	2
3L	19891532	19894804	-1	2
3R	11335365	11402791	1	2
4	190062	193545	-1	2
X	9163347	9165682	1	2
X	11290264	11293310	-1	2
2R	14946418	14946477	1	2
X	6251992	6252415	-1	2
3R	19643839	19644206	1	2
3L	17400534	17400864	-1	2
3R	23251958	23252249	1	2
3R	26425025	26425077	-1	2
X	5793907	5794290	1	2
3R	26269244	26269310	1	2
2L	5947172	5947240	1	2
4	87167	90663	1	2
2L	21221633	21223729	1	2
2L	22540325	22540378	1	2
2R	22887535	22887637	1	2
3L	22418847	22583003	-1	2
2L	9291750	9295392	1	2
2L	10224887	10224952	-1	2
2L	10064544	10064727	-1	2
2L	13547304	13549132	-1	2
X	19734812	19734930	-1	2
X	5634426	5641523	-1	2
2L	11807040	11807239	-1	2
X	9684152	9686979	-1	2
X	8248754	8249026	-1	2
X	3953001	3953054	1	2
3L	9371721	9372041	-1	2
3L	23227548	23341457	1	2
2R	23847329	23848273	-1	2
3R	25682420	25683058	1	2
3R	15951777	15955145	1	2
3R	25221266	25221327	1	2
3R	25679159	25679214	1	2
2R	23808733	23808810	-1	2
2R	22722905	22723937	-1	2
3R	29131272	29131686	1	2
3L	22615795	22637195	-1	2
X	13967984	13985970	-1	2
2R	6626975	6627139	-1	2
3R	13022091	13023097	1	2
3R	4297806	4297903	1	2
X	17930777	17945219	-1	2
3R	19459481	19460140	1	2
3L	3221284	3221560	-1	2
3R	24104938	24105394	-1	2
3R	22611200	22611252	-1	2
3L	11918668	11936973	-1	2
2R	9624777	9657594	-1	2
4	877195	878851	-1	2
2R	17686045	17686107	1	2
2R	15221818	15221899	1	2
X	11369928	11373817	1	2
3R	4412568	4412881	-1	2
2R	12085401	12092468	-1	2
3R	11403046	11403111	1	2
3R	31611435	31615161	1	2
3R	21361956	21362048	1	2
X	19887493	19899012	1	2
3R	5593458	5594456	1	2
3L	10640537	10640737	-1	2
3L	9048961	9049166	-1	2
3L	11245187	11245251	1	2
X	16300332	16300398	1	2
3R	11419780	11419835	-1	2
2R	5117803	5120763	-1	2
3L	4379599	4380190	-1	2
3L	17063569	17063685	-1	2
X	759830	761628	1	2
X	11608500	11608553	-1	2
3R	24064910	24105451	-1	2
4	204575	204640	-1	2
2R	23847331	23847869	-1	2
2L	16168720	16169518	1	2
X	139781	139851	1	2
3R	21337825	21341887	-1	2
2L	7195363	7195446	-1	2
2R	982161	982339	1	2
2R	3182520	3217622	1	2
2R	3217663	3217713	1	2
3L	2942988	2943335	1	2
2R	10108414	10109399	1	2
3L	19298220	19298278	1	2
3L	1572239	1572292	1	2
3R	11377216	11378035	1	2
3R	11394034	11394976	1	2
X	2671169	2677462	1	2
3L	8967517	8967581	1	2
2L	1668233	1668412	1	2
3R	21087773	21087876	-1	2
3R	20967330	20975302	1	2
3L	5162632	5162967	-1	2
3R	31933961	31935160	-1	2
3R	23983707	23984222	1	2
3R	15346770	15347748	1	2
3L	9511302	9511500	-1	2
3L	1501398	1501799	-1	2
3L	21612510	21612613	1	2
3R	21299391	21300034	1	2
3R	22712475	22712805	-1	2
3L	10898929	10899082	-1	2
X	15869324	15869476	1	2
3R	11966740	11966797	-1	2
3R	22413458	22413520	1	2
3L	9695128	9695196	-1	2
X	17144651	17146860	-1	2
X	16561019	16561088	-1	2
3L	20881811	20885032	-1	2
X	8410634	8411091	1	2
X	17857651	17858052	1	2
X	9160622	9161469	-1	2
X	1373635	1373704	1	2
3R	29831833	29831915	-1	2
2L	5613587	5617655	-1	2
4	885892	886965	-1	2
3L	10861910	10866497	1	2
X	628879	629328	-1	2
3L	24074719	24074993	1	2
3R	19753861	19754254	1	2
2L	9492546	9492628	-1	2
2R	9811188	9812623	-1	2
2R	9812665	9819840	-1	2
3R	32016134	32020790	1	2
3L	17236063	17237880	-1	2
X	20441291	20441402	1	2
3R	4466844	4467294	-1	2
2R	15425667	15426289	1	2
2R	25254829	25261272	1	2
2R	18833785	18833965	-1	2
2R	24560411	24560853	-1	2
3L	7051723	7051977	1	2
X	9554929	9555063	1	2
2R	9292400	9302397	1	2
X	16309267	16309448	-1	2
3L	1720385	1723580	-1	2
4	363135	363494	1	2
3R	9876224	9908062	1	2
2L	7831907	7833253	1	2
2R	22828448	22828509	1	2
2L	1612861	1613185	-1	2
X	22494276	22495491	1	2
3L	21059205	21063991	1	2
2R	5604517	5604579	-1	2
X	19342838	19342900	-1	2
3L	15894328	15898448	-1	2
3L	17400534	17401037	-1	2
3R	30436001	30436053	-1	2
2R	17703804	17716121	-1	2
2R	16925285	16925705	1	2
X	16956428	16956502	-1	2
2R	24775801	24775859	-1	2
2R	5604517	5604583	1	2
X	6644947	6645043	1	2
2R	11305708	11305886	-1	2
2R	12692023	12692081	-1	2
2R	17717615	17719198	-1	2
3L	20013456	20013518	1	2
2R	21921593	21929402	1	2
2R	10107715	10109170	1	2
3R	12424273	12424695	-1	2
X	12654121	12657276	1	2
3L	7713181	7719191	1	2
X	11360533	11360668	1	2
X	18137051	18137365	-1	2
3R	9006620	9007810	1	2
3L	22801742	22823536	-1	2
2R	15115689	15138102	1	2
2R	19176524	19176588	1	2
4	320045	328169	1	2
2R	5066464	5066528	-1	2
3R	23983904	23984290	1	2
3L	1296469	1296523	1	2
2L	16400527	16404486	-1	2
3L	11690331	11690394	1	2
2R	10794485	10798340	-1	2
3R	21973399	21975155	1	2
3L	9376601	9376837	-1	2
2L	22247303	22247361	-1	2
3L	3907974	3908106	-1	2
3R	7872122	7885854	-1	2
3R	24946017	24947122	1	2
3L	17533850	17534351	1	2
2L	6058682	6058757	1	2
2R	17699898	17700081	1	2
2R	24572857	24572915	1	2
3L	4429716	4430642	1	2
3L	12785312	12804436	-1	2
2R	18691017	18692041	1	2
2R	12517425	12517541	-1	2
3R	30523330	30526243	-1	2
3R	16991593	16991734	1	2
3R	22618030	22618084	1	2
2L	21382140	21390231	1	2
3R	18182534	18182596	-1	2
2R	24938674	24938760	1	2
2R	16178953	16181981	1	2
3R	20806074	20808060	1	2
3R	29865400	29868533	-1	2
2L	20969524	20985011	-1	2
X	577026	577936	1	2
3L	9376534	9376669	-1	2
X	20469459	20469520	1	2
4	305179	305696	-1	2
X	17934534	17966527	-1	2
X	12868410	12868571	-1	2
3L	6783731	6783819	-1	2
3L	7975688	7975758	-1	2
2R	6160201	6167610	-1	2
3R	21789761	21790709	1	2
3R	21364376	21375060	-1	2
3R	5667342	5667693	-1	2
X	5836156	5836730	1	2
2L	5339483	5339545	-1	2
3L	12504653	12504719	1	2
X	13206830	13207517	-1	2
2R	23061776	23061840	-1	2
3L	8931055	8931988	1	2
X	11484224	11484895	1	2
3R	11335419	11406762	1	2
3R	26042904	26042995	1	2
2L	10258398	10258549	-1	2
2R	25012795	25027703	1	2
3R	20623545	20624131	1	2
2R	4239157	4242089	-1	2
3L	14789214	14789319	1	2
2R	1076762	1076816	1	2
2R	8731613	8731681	-1	2
X	22486771	22487027	-1	2
2R	8421297	8421357	1	2
3R	31091307	31097105	-1	2
3L	9376557	9376919	-1	2
3R	28697401	28700335	1	2
2L	6558592	6558939	-1	2
X	15947403	15972836	-1	2
3R	23696877	23696940	-1	2
X	9152675	9153912	-1	2
3R	12519073	12519166	-1	2
2R	10094622	10095127	1	2
X	12332656	12333759	1	2
X	18409416	18409469	-1	2
X	19493006	19493190	1	2
3R	26783888	26783951	-1	2
3R	23958799	23959032	1	2
3R	15199505	15202749	1	2
2R	9517573	9527288	1	2
2L	18471198	18471259	1	2
X	1217802	1234149	-1	2
3R	8724383	8724451	1	2
3L	265050	265112	1	2
3R	24355325	24355381	1	2
2L	18320731	18333385	1	2
3R	7974661	7974722	-1	2
3L	18560705	18573742	1	2
2L	9294315	9295480	1	2
X	5721087	5737604	-1	2
3L	4188869	4189676	1	2
2R	10090800	10093144	1	2
3L	21875326	21907346	-1	2
2R	12687781	12687839	1	2
X	15862866	15863100	1	2
2L	5204593	5204836	1	2
3R	16274597	16289845	1	2
2L	3516678	3516736	1	2
3L	11938508	11938700	-1	2
3R	21972464	21975155	1	2
3R	10350588	10358099	1	2
3L	5161205	5184241	-1	2
2R	13831338	13833305	1	2
3R	23983926	23984440	1	2
X	5086701	5089455	1	2
3L	21421055	21421106	-1	2
2L	9713976	9714269	-1	2
2L	6911853	6911949	-1	2
3R	23983915	23984440	1	2
2L	10257994	10258064	-1	2
2L	18845363	18845600	1	2
3R	14891372	14892245	1	2
3L	23127252	23127313	1	2
2R	19460617	19470597	1	2
3R	21851877	21853712	-1	2
2R	6010548	6010610	1	2
2R	23878901	23880690	1	2
X	11696541	11697066	1	2
2L	8321576	8322371	-1	2
3L	8536644	8536891	1	2
X	16528053	16533059	-1	2
3R	7861730	7862919	-1	2
3L	9108074	9108136	-1	2
X	22960826	22961018	-1	2
3R	21851877	21855400	-1	2
X	11880293	11880356	-1	2
2R	9885138	9885200	-1	2
3L	17426080	17426184	1	2
3R	13377662	13377890	-1	2
3L	20297499	20297564	-1	2
2R	23960460	23960513	1	2
2R	11222038	11222133	1	2
2L	20901180	20923992	-1	2
2R	19467642	19468790	1	2
3R	14733035	14733227	-1	2
X	19433273	19446273	1	2
3R	15381882	15383067	1	2
3L	681787	681857	-1	2
X	16956424	16956496	-1	2
2R	11358425	11358958	-1	2
2L	6001270	6001669	1	2
2R	23684321	23684374	1	2
2L	12344056	12344135	-1	2
2L	16492052	16505496	1	2
2R	25281805	25281861	1	2
4	948179	948313	1	2
2L	21742699	21742776	-1	2
X	316379	316489	1	2
2R	13125453	13125507	1	2
3R	23983935	23984303	1	2
2L	7662875	7674439	-1	2
3R	17909461	17914950	-1	2
2L	10961734	10963905	-1	2
X	19353211	19353571	1	2
X	15892582	15892828	1	2
X	5744700	5747084	-1	2
2L	6681219	6681279	-1	2
3L	25514489	25667875	-1	2
3L	4430136	4431865	1	2
3L	1626775	1626900	-1	2
3L	19639609	19639852	-1	2
2R	11580171	11580235	-1	2
2L	7040781	7040950	-1	2
3L	17400534	17401030	-1	2
2L	16730856	16730909	-1	2
3R	18010264	18013557	1	2
3R	4713310	4713379	-1	2
2R	18971764	18971829	-1	2
2L	1174921	1177256	1	2
2R	14253289	14253352	-1	2
3R	13658298	13658462	-1	2
3R	30517275	30518257	-1	2
4	1023681	1026216	-1	2
3R	20584245	20585137	-1	2
X	9355179	9356084	-1	2
3R	12547629	12547911	-1	2
X	11795187	11798295	1	2
X	13384315	13384411	-1	2
X	15927885	15927951	1	2
2L	10424931	10424992	1	2
2R	12273948	12276419	1	2
3R	13373352	13373859	-1	2
2L	16076806	16078156	1	2
3R	19095643	19095784	1	2
3R	7198635	7200825	1	2
X	11722184	11722251	1	2
3R	19416021	19457453	1	2
3L	9177602	9178015	-1	2
X	10859126	10859198	1	2
X	14240785	14240852	-1	2
3R	28519660	28520508	-1	2
2L	8996680	8996743	-1	2
4	960124	962401	1	2
3R	5796059	5796429	1	2
3L	24542638	24542698	1	2
3L	1296180	1296265	1	2
3L	12138246	12138317	-1	2
X	10255488	10259626	-1	2
2R	12273936	12276414	1	2
3L	21383085	21411530	1	2
3L	15810308	15812478	-1	2
3R	11756493	11759554	-1	2
3L	6551950	6562322	1	2
4	1050914	1053498	-1	2
3L	4188758	4189676	1	2
2R	10025247	10025850	-1	2
X	4354024	4357040	1	2
3R	20300413	20300635	1	2
3L	10589517	10590327	1	2
3L	16715512	16715573	1	2
2L	17815718	17827421	-1	2
2R	2049721	2051177	-1	2
2L	13979075	13979216	1	2
X	15936009	15936076	-1	2
2L	21575114	21575965	1	2
4	1243881	1244018	1	2
3R	25516241	25519261	1	2
3R	4330035	4330100	-1	2
2R	10533969	10534850	-1	2
3L	21521556	21521622	1	2
2L	7382059	7382122	1	2
2R	4054128	4069369	1	2
X	13706327	13709405	1	2
2R	14601837	14601911	1	2
3R	31456312	31456374	1	2
3L	6951954	6952835	-1	2
3L	3201416	3201473	1	2
2R	24524543	24524774	-1	2
X	18213118	18213230	-1	2
X	14797523	14798875	-1	2
X	6123599	6123694	-1	2
2L	7444214	7444273	1	2
2L	9870521	9877102	1	2
2R	9972444	9972501	1	2
2L	3929504	3929775	-1	2
2R	14427402	14427805	-1	2
3R	21298135	21298322	1	2
2R	19530538	19628860	-1	2
X	5839553	5840600	1	2
2L	16171814	16177395	1	2
2R	16631953	16632019	-1	2
3R	21128494	21128552	1	2
X	18155733	18161059	1	2
X	6531192	6532085	-1	2
3L	21267106	21267167	-1	2
2R	15572758	15572813	1	2
3L	17431796	17432043	-1	2
X	16528120	16530784	-1	2
2L	9877973	9885726	-1	2
3R	24708775	24710353	1	2
X	575956	577926	1	2
X	6531170	6532036	-1	2
3L	21609887	21611143	1	2
X	16638304	16638406	1	2
X	18790616	18790677	1	2
2R	5416313	5417654	-1	2
2R	13993527	13993627	-1	2
X	17650239	17650720	-1	2
3L	18809422	18819311	-1	2
X	13986075	13986279	-1	2
3R	8520969	8521029	1	2
X	933331	933425	1	2
X	19703198	19703403	-1	2
3L	2587514	2587751	1	2
2R	24385049	24388854	-1	2
2R	15189779	15189890	1	2
X	5791125	5791387	-1	2
X	1412029	1413418	1	2
3L	17061928	17065559	-1	2
2L	13485250	13486918	1	2
2R	23878780	23880630	1	2
2L	20877084	20877149	-1	2
4	1115298	1116941	-1	2
2L	17190433	17190834	-1	2
3R	5226979	5227373	1	2
3L	20376602	20378431	1	2
3L	20378483	20382354	1	2
3R	24101678	24103435	-1	2
X	5759420	5759707	1	2
2L	19568084	19569184	-1	2
3R	10585638	10613228	-1	2
2R	946844	949871	-1	1
3R	21139580	21139690	1	1
3R	20960826	20963725	1	1
3L	4591435	4591995	1	1
2R	25255211	25256786	1	1
3R	13258569	13259453	-1	1
X	16657157	16657221	1	1
3L	20854869	20854937	-1	1
2R	14252784	14253063	-1	1
3L	9862036	9862091	-1	1
mitochondrion_genome	13021	13479	-1	1
2R	13185576	13189640	-1	1
3L	14274769	14367149	1	1
3R	31454501	31454575	1	1
X	6104871	6106102	-1	1
4	461648	464633	-1	1
X	1411965	1413418	1	1
4	925687	925768	-1	1
3L	12137689	12137906	-1	1
3L	15828052	15828319	1	1
X	11408372	11409493	1	1
3L	10182531	10186035	-1	1
3L	4977098	4986169	-1	1
3L	7361032	7361744	1	1
3L	3828486	3828544	1	1
2L	11210942	11211768	1	1
X	13193635	13193688	-1	1
3R	21785805	21807649	-1	1
3L	6943007	6944333	1	1
3L	20772248	20772320	1	1
X	19876212	19898665	1	1
2L	18142581	18152040	1	1
3R	19415799	19458255	1	1
2R	7520788	7522425	1	1
2R	12274948	12276124	1	1
3R	29039216	29046860	1	1
3R	20957977	20974632	1	1
3R	23983728	23984283	1	1
2L	3809612	3810677	1	1
2L	16168516	16169487	1	1
3R	27768221	27769004	-1	1
3L	19543127	19543200	1	1
3R	23983884	23984463	1	1
3R	5083901	5086273	-1	1
X	4412260	4412465	1	1
3R	21821024	21821258	-1	1
X	5794083	5794229	1	1
X	10345039	10345346	1	1
2R	13827038	13827520	1	1
3R	8124766	8124823	1	1
X	10244391	10249963	-1	1
3L	211220	211292	-1	1
2R	18135749	18139448	1	1
X	13704625	13706714	-1	1
X	19203768	19203827	-1	1
3R	17872799	17915059	-1	1
3R	7269770	7270645	1	1
3L	19910831	19912290	1	1
3R	28601196	28602772	1	1
3L	17064947	17078151	-1	1
2R	12438328	12440454	1	1
3R	11785414	11785483	-1	1
2L	10224806	10225735	-1	1
3R	12705596	12705731	1	1
2R	15313325	15313984	1	1
X	16528120	16532650	-1	1
X	13986075	13986375	-1	1
2L	15190947	15198824	-1	1
3L	13798342	13849015	-1	1
X	8510295	8515973	1	1
2R	5148435	5148490	1	1
3R	8817739	8818586	-1	1
X	5793689	5794405	1	1
3R	11335149	11396176	1	1
2R	9166735	9167053	-1	1
3L	12745926	12745981	1	1
X	53867	54118	-1	1
3R	20974684	20975231	1	1
X	13861431	13861562	-1	1
2R	12153722	12153899	1	1
3R	23983911	23984440	1	1
3L	3086462	3088370	1	1
2R	926307	928164	-1	1
X	11225218	11225866	-1	1
X	4909362	4909414	1	1
2L	11812683	11813725	-1	1
3R	27580426	27580552	-1	1
3L	17401147	17401197	-1	1
2R	10798208	10798340	-1	1
3R	21789588	21789662	-1	1
3R	27157228	27157342	1	1
3L	16063738	16063886	1	1
3R	21358394	21358586	-1	1
3L	7651897	7651974	-1	1
3L	14745308	14745428	1	1
X	11374035	11407652	1	1
X	12566837	12568289	1	1
3R	18712230	18712501	1	1
3R	20252946	20253627	1	1
3R	3119390	3119456	1	1
2R	21205815	21208470	-1	1
2R	16950675	16950742	-1	1
3R	22007483	22007720	1	1
X	9103990	9104114	1	1
X	6689529	6694545	-1	1
2L	19031026	19033310	-1	1
3L	9130250	9130555	-1	1
3L	19374841	19381372	-1	1
X	2673619	2674704	1	1
3L	11692567	11692620	1	1
2L	9896495	9896699	-1	1
2L	21312015	21319100	1	1
2R	11642895	11651220	-1	1
3L	21433702	21435025	1	1
X	4515435	4515493	-1	1
3L	8308546	8308696	-1	1
3R	23983912	23984349	1	1
3L	19897414	19909247	-1	1
3R	21297747	21298223	1	1
3L	16794666	16795251	-1	1
2L	10239586	10240492	1	1
2R	23927743	23929314	-1	1
3R	31052754	31052940	-1	1
X	7099497	7099556	-1	1
X	19640091	19640148	1	1
X	19830272	19841184	-1	1
X	12516696	12523577	-1	1
X	15421390	15421483	-1	1
X	13381961	13383135	-1	1
X	6689508	6694277	-1	1
3L	13875705	13902100	-1	1
3R	22514728	22515021	1	1
3R	25261481	25261545	-1	1
3R	7187546	7198493	1	1
Y	132457	200752	1	1
3L	9461935	9463246	1	1
2L	4319504	4321109	1	1
3R	20802552	20805947	1	1
X	1929712	1929773	1	1
3R	24103429	24105414	-1	1
X	13883365	13883459	-1	1
X	14083178	14091847	1	1
2L	10315424	10315489	1	1
X	5071037	5081870	-1	1
3R	9768141	9768923	1	1
X	11817819	11833395	1	1
3L	13114747	13115189	1	1
3L	513153	513231	-1	1
3R	13647493	13652386	1	1
2R	22797220	22797625	-1	1
X	4698663	4701030	1	1
X	18170961	18201302	1	1
3R	23983685	23984343	1	1
2R	15938979	15939037	1	1
3L	11124823	11125003	1	1
3L	22801669	22824479	-1	1
3R	17396909	17397020	-1	1
2L	9894726	9894980	-1	1
X	19966072	19966183	1	1
2L	9870521	9877136	-1	1
X	12917623	12945814	1	1
2L	12817608	12822121	-1	1
3L	16647369	16647452	-1	1
X	11486166	11486236	1	1
X	12656888	12657276	1	1
3L	9866362	9866491	1	1
3R	23983909	23984347	1	1
3R	11880083	11880138	-1	1
X	17935366	17941425	-1	1
3L	7814571	7854482	-1	1
3L	11129002	11134075	1	1
2L	3990808	3990890	-1	1
X	2634179	2634836	1	1
X	8053280	8054108	-1	1
2R	10090800	10091757	1	1
X	9134508	9134577	-1	1
3R	18175530	18175603	1	1
X	19598707	19598851	1	1
3R	31745352	31745909	-1	1
3L	5272783	5272918	-1	1
3R	23983728	23984284	1	1
3R	31382336	31385168	1	1
3L	7913862	7914315	-1	1
3R	21269475	21269867	-1	1
2R	19456449	19456883	1	1
3L	8433205	8441166	-1	1
3L	27083594	27083732	-1	1
2R	14150963	14151020	-1	1
3L	17400534	17400944	-1	1
Y	124430	200832	1	1
X	15989289	15989363	-1	1
3L	7812000	7813096	-1	1
X	17699951	17701023	-1	1
X	11830773	11830973	1	1
4	208204	209067	1	1
2R	16325003	16325617	-1	1
3R	4284344	4297762	1	1
2R	14850357	14850413	-1	1
X	15902333	15903754	1	1
3R	13491524	13491796	-1	1
3R	11970774	11970834	1	1
3R	8819975	8820170	-1	1
2R	22921942	22921998	-1	1
3L	8191479	8193190	1	1
X	15852740	15852801	-1	1
X	5086630	5089122	1	1
2R	16608171	16618951	1	1
2R	17695927	17696119	-1	1
4	137618	137715	1	1
2L	17477561	17477649	-1	1
3L	1491220	1492194	-1	1
3L	9801463	9801889	-1	1
X	3929803	3930919	-1	1
2R	23383123	23383365	-1	1
2L	2212092	2212279	1	1
3R	27638540	27638623	1	1
3L	16062863	16063085	1	1
2R	8898323	8898389	1	1
2L	155430	155638	1	1
2R	20605877	20606444	1	1
3L	1635238	1635301	1	1
3R	31975566	32015248	-1	1
3L	27083594	27083646	-1	1
4	254343	258312	1	1
3L	3833779	3833970	-1	1
3L	7854190	7861793	-1	1
X	15977317	15977423	1	1
3R	8817689	8819169	-1	1
3L	9374425	9374701	1	1
3L	25933411	25948262	-1	1
3L	17061855	17128909	-1	1
X	5759002	5759188	1	1
3L	14002380	14003193	1	1
X	16506248	16506348	-1	1
3R	16292835	16295672	1	1
3R	19416155	19458638	1	1
Y	1470432	1478123	-1	1
X	22995915	23004106	-1	1
3L	13886282	13886363	-1	1
3L	5643610	5644910	1	1
2L	17902774	17902853	-1	1
X	23282035	23432898	1	1
2L	10546301	10556240	1	1
3L	1637270	1637633	-1	1
2R	14946184	14953372	-1	1
2R	14743709	14743771	-1	1
2R	18357157	18357224	-1	1
3L	17400341	17400392	-1	1
3R	14327572	14327720	1	1
3L	9179185	9181745	-1	1
3R	22448370	22459320	1	1
X	13775732	13775973	1	1
2L	12500469	12501377	1	1
3L	24035019	24035432	1	1
3R	24328858	24328925	-1	1
X	12946012	12950383	1	1
X	1045100	1045155	1	1
3L	8976400	8976458	1	1
3L	18072577	18072629	-1	1
2L	3807462	3807525	1	1
2R	22880219	22880478	1	1
X	628503	628584	-1	1
X	16528153	16533059	-1	1
3R	22605092	22605155	1	1
3R	17915116	17916139	-1	1
X	16440163	16440217	-1	1
3L	17729874	17730189	1	1
X	9165929	9188204	1	1
2L	1179197	1179452	1	1
X	15084269	15084356	-1	1
3R	23963464	23965618	1	1
2R	8129537	8130381	-1	1
X	19685911	19685990	1	1
3L	14998897	14998961	-1	1
4	189249	193049	-1	1
3L	23331016	23334364	1	1
3R	23985677	23985856	-1	1
3R	9724417	9724480	-1	1
X	6880488	6881543	1	1
2R	7245144	7245222	-1	1
2R	19406941	19407841	-1	1
3R	9736891	9737119	1	1
3R	14369560	14369703	-1	1
mitochondrion_genome	13028	13237	-1	1
X	12784627	12784702	-1	1
3R	23983950	23984290	1	1
2R	22058158	22058722	-1	1
2R	22797132	22797834	-1	1
2R	4595373	4606784	1	1
X	9099462	9101096	-1	1
3R	21366762	21366974	1	1
3L	23746379	23748776	1	1
3R	10002854	10002910	-1	1
3L	8440169	8440777	-1	1
3L	17400347	17400983	-1	1
3L	14748745	14753116	-1	1
2L	17647558	17752157	-1	1
2L	21380974	21381081	1	1
2R	19349912	19356208	-1	1
2R	21157298	21160429	-1	1
3L	12750740	12751307	1	1
2L	13212944	13213009	-1	1
3R	23983903	23984461	1	1
2L	15190928	15200156	-1	1
X	12790483	12831592	-1	1
2R	13843337	13843540	1	1
X	7936691	7952789	1	1
2R	12274232	12276336	1	1
3R	23977613	23977673	1	1
3L	3717408	3718196	1	1
3R	18299818	18299900	1	1
2R	3919121	3919185	1	1
3L	3516829	3552787	1	1
2L	21070152	21070771	-1	1
2R	17870865	17871794	1	1
2R	11447811	11451468	1	1
2L	5541657	5541723	-1	1
3R	21120970	21121030	-1	1
2R	12408031	12408112	1	1
3R	31221166	31227986	1	1
3L	5227231	5227952	-1	1
3L	3071579	3073081	1	1
3R	31933888	31935666	-1	1
X	15989285	15989364	-1	1
X	3738347	3739974	1	1
2L	20598773	20608091	1	1
2L	17385496	17385561	1	1
3R	10109072	10109816	-1	1
2L	19542737	19545300	1	1
X	3258879	3279947	1	1
3R	25649498	25649564	1	1
X	17603472	17603714	1	1
X	11144250	11144324	1	1
3R	31055537	31055606	-1	1
3R	11224074	11224637	1	1
3R	19499805	19503639	1	1
3L	4577305	4583409	1	1
X	3290500	3339258	1	1
3R	29201328	29201384	1	1
X	22506107	22507427	1	1
3L	3486279	3504720	1	1
3L	3504804	3504888	1	1
3L	16350648	16350710	-1	1
4	1044224	1046984	1	1
2L	9547822	9554114	-1	1
3L	11179382	11179530	-1	1
2R	10096423	10137460	1	1
3R	21297110	21298375	1	1
4	1144114	1146114	-1	1
3R	3628134	3746423	1	1
2R	949818	949871	-1	1
X	3256515	3258585	1	1
3R	9013262	9013316	1	1
2L	2227282	2229266	1	1
2R	19455891	19456370	-1	1
X	15860323	15861152	1	1
2L	2745389	2745916	1	1
X	15103177	15108024	1	1
2R	23960666	23961515	1	1
3L	226898	230732	1	1
2L	1005894	1012303	-1	1
3L	7812819	7815684	-1	1
2L	2772654	2779181	-1	1
3L	1632362	1636832	-1	1
2L	9291859	9295538	1	1
3R	11751680	11763894	-1	1
3L	16413635	16415151	1	1
3R	23822658	23984290	1	1
3R	7088470	7088527	1	1
2R	10107680	10109400	1	1
Y	132582	200849	1	1
3R	21302138	21303885	1	1
3L	17823828	17828562	1	1
3L	7372687	7373473	1	1
2R	3122085	3190636	1	1
2L	9621742	9621957	-1	1
X	17907852	17908574	1	1
3R	10222206	10222344	1	1
3R	12561805	12561943	-1	1
3L	12137697	12138016	-1	1
2R	21017953	21019159	1	1
2R	6618742	6618803	1	1
3R	9454061	9454723	1	1
2L	8083522	8083578	1	1
3R	4795821	4796489	-1	1
3R	16513044	16513229	1	1
3R	13012911	13019342	1	1
2R	12259838	12260040	1	1
3L	5425456	5429163	1	1
3R	31216356	31219003	-1	1
X	246050	246773	1	1
2R	4599726	4609260	1	1
X	21436749	21440725	-1	1
3L	24161180	24167763	1	1
X	4533052	4533120	1	1
3R	21299700	21299977	1	1
2L	10369206	10369275	-1	1
2R	23942602	23944230	1	1
4	1037220	1045178	-1	1
X	3860342	3862372	-1	1
3L	8604915	8609734	1	1
2L	20798025	20798123	1	1
2R	10837308	10838357	-1	1
4	915367	928074	-1	1
2R	9608604	9608665	-1	1
3R	10361880	10393633	-1	1
X	4429499	4450688	1	1
X	20917474	20923298	1	1
3R	27563564	27581739	-1	1
3L	12121425	12122023	-1	1
3R	10696803	10697626	1	1
2L	1009830	1013311	-1	1
3R	11395880	11401163	1	1
X	22995789	23004612	-1	1
3R	14367497	14369390	-1	1
3R	6000588	6002600	-1	1
3L	915810	950947	-1	1
X	16527900	16532051	-1	1
X	10755015	10757395	-1	1
2L	15095444	15095502	1	1
3R	23380482	23380536	-1	1
3L	9000279	9000339	1	1
4	41286	42218	-1	1
2L	2849719	2853567	-1	1
2L	2853606	2855618	-1	1
X	15892418	15892828	1	1
3R	12683242	12683315	-1	1
3R	26254181	26254720	-1	1
X	12655317	12655378	1	1
3L	13962825	13963903	-1	1
2R	21502480	21510118	1	1
2R	21510164	21517128	1	1
3R	4538690	4598469	-1	1
3L	20771667	20771833	1	1
2R	12274030	12276486	1	1
2R	5360630	5362291	-1	1
3R	5972627	5973054	-1	1
2R	6044379	6044434	1	1
3R	5596033	5596861	-1	1
X	8178854	8179189	1	1
X	15482538	15483199	-1	1
2L	11091892	11091942	1	1
2R	20237210	20237289	1	1
2L	12457161	12457664	-1	1
3L	13522247	13524735	-1	1
3R	31155068	31158238	1	1
mitochondrion_genome	12758	13008	-1	1
3L	11488176	11498924	1	1
2R	10481634	10481759	1	1
3R	22915074	22967441	1	1
X	8060159	8060608	-1	1
2R	7467057	7469923	-1	1
2R	23067800	23071573	1	1
2R	17701650	17701834	1	1
3R	24746303	24746394	1	1
X	17642831	17643023	-1	1
3R	31799374	31799439	1	1
2L	9844594	9846681	-1	1
4	1196478	1196758	-1	1
2L	8825717	8828144	1	1
3R	22007560	22008461	-1	1
2L	19512984	19513044	-1	1
3L	9048971	9051259	-1	1
3R	19752680	19753748	-1	1
3L	1599247	1599647	1	1
X	13380489	13380608	-1	1
X	12831951	12832115	-1	1
2R	22177618	22178215	-1	1
X	18137051	18137576	1	1
3R	25517734	25519261	1	1
4	1190550	1192020	1	1
3L	9146312	9148368	-1	1
X	6164504	6191349	-1	1
X	10386155	10408021	1	1
3L	1575976	1576161	1	1
3R	27418981	27436612	-1	1
X	502767	502836	1	1
X	5743913	5744356	-1	1
3L	19371728	19433991	-1	1
3R	4642977	4643078	1	1
2R	8125210	8125267	-1	1
3R	14392890	14392952	-1	1
3L	3718265	3723641	-1	1
4	650180	658491	-1	1
3L	9975278	10074254	1	1
3L	21508268	21511091	1	1
3R	8823070	8823264	-1	1
2L	5947333	5947857	1	1
2L	19896344	19901933	1	1
X	13746694	13755306	-1	1
3L	21814159	21824316	1	1
X	14827953	14831793	-1	1
3R	11583557	11583701	1	1
2R	24727160	24736504	-1	1
3R	4301132	4301256	1	1
3R	19402383	19402469	-1	1
3R	8414239	8443393	-1	1
X	13446765	13453282	1	1
4	649397	654726	-1	1
X	19740732	19740806	-1	1
2R	22115833	22115889	1	1
2R	13832761	13833118	1	1
3L	235515	235579	-1	1
2R	4673060	4673114	1	1
4	280538	282436	-1	1
X	4842460	4858593	1	1
3R	19754427	19758644	1	1
X	3882662	3882786	1	1
4	1050610	1053654	-1	1
X	9478743	9499874	-1	1
X	12784353	12784615	-1	1
3R	12813922	12816888	-1	1
3R	25749390	25752061	-1	1
X	12989192	13005150	1	1
3R	31614218	31614279	1	1
X	2014576	2022443	1	1
X	12654169	12655171	1	1
3L	9376557	9377041	-1	1
2L	16973312	16976490	1	1
X	8942515	8995584	1	1
X	13381902	13382588	-1	1
3L	3056093	3056245	-1	1
2R	19411272	19418557	-1	1
2R	19418606	19423594	-1	1
3R	18970849	18971290	1	1
2L	21116483	21117871	1	1
3L	25924457	25961360	-1	1
2R	10107707	10108351	1	1
3R	22612725	22612790	-1	1
3L	8606815	8609727	1	1
X	11067717	11067776	1	1
3L	15911653	15924288	-1	1
3R	27942134	27942585	1	1
3R	20554200	20554706	-1	1
X	12686853	12686980	-1	1
3R	31851433	31934177	-1	1
X	23283182	23431915	1	1
2L	8493853	8506635	-1	1
3L	8118094	8118157	1	1
3L	8118223	8121415	1	1
3R	27114487	27114544	1	1
4	1126946	1135590	1	1
2R	1075207	1076427	1	1
2L	5999818	5999913	1	1
2L	5537125	5537401	-1	1
2L	19958765	19959267	-1	1
3R	20006660	20008161	-1	1
3R	30208165	30208327	-1	1
3L	11496461	11498324	1	1
X	10630538	10631638	1	1
3L	19815496	19815755	-1	1
X	3482042	3482101	-1	1
3L	19456024	19460680	-1	1
3L	8112715	8113012	1	1
2R	9797953	9803334	-1	1
2R	11589941	11590003	-1	1
3R	7847118	7847429	1	1
3R	14316372	14316477	1	1
3R	7748194	7748254	-1	1
3R	24192318	24192377	1	1
3R	9517514	9517595	1	1
4	350044	350603	-1	1
3L	25845121	25873483	-1	1
2R	17867254	17867434	-1	1
3R	22487245	22487960	1	1
X	11429651	11430047	1	1
3R	6000767	6000851	-1	1
3R	4645077	4645181	-1	1
2R	14170584	14172623	1	1
3R	31216183	31217120	-1	1
2R	8919039	8919771	-1	1
2R	16269656	16269794	-1	1
X	3749095	3762498	1	1
3L	10874250	10874387	1	1
2L	19514757	19516517	-1	1
3R	12999525	12999583	1	1
3R	21975534	22006759	1	1
2R	14031840	14037961	1	1
3L	1623322	1626677	-1	1
2L	19172291	19179608	1	1
X	68851	92410	-1	1
3R	23220836	23221624	-1	1
2R	23698530	23698595	1	1
X	23454647	23535202	-1	1
X	3176697	3189534	-1	1
3R	16351231	16351878	-1	1
3R	21318521	21319044	-1	1
3L	8130557	8130621	1	1
3R	18194993	18196570	-1	1
3R	26719608	26719692	1	1
X	11052542	11053080	-1	1
2R	24455848	24483040	1	1
3R	23983935	23984388	1	1
X	12919117	13021841	1	1
3R	12507960	12511243	1	1
X	4698646	4701366	1	1
X	15539927	15553841	-1	1
2L	19587087	19598804	1	1
X	16459605	16527523	-1	1
3R	23245760	23248594	1	1
2L	10968584	10968643	-1	1
2L	4228478	4228540	1	1
3R	17909517	17915069	-1	1
3L	7854392	7854742	-1	1
X	7893028	7900699	1	1
X	55020	61588	1	1
mitochondrion_genome	2878	10771	1	1
2L	4825712	4828682	1	1
2L	1008560	1010039	-1	1
X	6114785	6115417	-1	1
2L	410074	410127	-1	1
3R	24193245	24193312	-1	1
X	13381832	13383433	-1	1
X	12592949	12593007	-1	1
3R	18248152	18248233	-1	1
2L	9066761	9067500	-1	1
3R	12411644	12411698	1	1
2R	18622589	18622645	1	1
2R	1429729	1440929	-1	1
2L	160141	162404	1	1
2L	175512	175576	-1	1
4	1148294	1148754	1	1
3L	9370001	9370143	1	1
3L	1635427	1636923	-1	1
3R	26703823	26713511	-1	1
2L	21390252	21394909	1	1
3R	23808825	23814350	-1	1
X	11112051	11112182	1	1
2L	15088210	15088275	1	1
3R	9475841	9486601	-1	1
3R	18515344	18528368	-1	1
X	10618987	10619923	-1	1
2L	3376156	3376474	-1	1
3R	18809524	18847591	-1	1
X	15947743	15948075	-1	1
2R	10107646	10108215	1	1
3R	15957193	15957669	1	1
2L	4817664	4817722	-1	1
3R	3864561	3864624	1	1
3L	19780280	19789964	-1	1
X	17285801	17301513	-1	1
2L	11237135	11254808	1	1
3L	7689665	7690121	-1	1
2R	2126284	2261829	-1	1
3R	11336116	11338790	1	1
2L	21641325	21641379	1	1
X	6229307	6229371	1	1
3R	5273449	5334899	-1	1
3R	11210380	11210876	1	1
3R	9238430	9249775	-1	1
X	1411824	1411894	1	1
X	13967761	13967811	-1	1
4	453448	457838	1	1
3L	11524440	11524582	-1	1
X	13808495	13808828	1	1
3R	5592865	5594376	1	1
2L	10970688	10970748	1	1
2R	24666319	24668213	-1	1
X	628635	628846	-1	1
3R	31216436	31216609	-1	1
2R	10107660	10109660	1	1
2L	10969929	10970002	-1	1
2L	2782941	2783041	-1	1
3R	26981102	26981533	1	1
2L	7040781	7040950	1	1
X	20509468	20510334	-1	1
3R	9358517	9359262	1	1
3R	14034621	14034869	1	1
3R	23790040	23792067	1	1
X	4085876	4085940	1	1
3L	17400573	17401074	-1	1
2L	19958765	19959267	1	1
3R	22727212	22728722	1	1
3R	11329151	11400804	1	1
2R	12269266	12278700	1	1
2L	6569622	6587046	-1	1
3R	12095409	12096049	1	1
X	14831667	14831741	-1	1
2R	12619400	12621992	1	1
2R	1265646	1266192	1	1
X	12633757	12653113	1	1
3R	11342873	11371454	1	1
X	9152668	9153908	-1	1
2R	25116873	25116969	1	1
X	13068596	13068659	1	1
2L	10848469	10848544	-1	1
X	12941753	12948605	1	1
X	12948642	12949058	1	1
2R	19176744	19177819	1	1
2R	15293562	15306878	-1	1
3L	3133339	3139751	-1	1
X	12633721	12635912	1	1
2L	20650461	20650537	1	1
3R	29683945	29685648	1	1
X	4939201	4940422	1	1
mitochondrion_genome	10985	11277	1	1
2L	17191100	17193525	-1	1
3L	4379597	4379849	-1	1
3R	30466375	30474034	1	1
3R	23983921	23984446	1	1
3L	1315613	1315679	1	1
3L	14075814	14075876	1	1
2L	21226423	21226630	1	1
3R	25387455	25396678	-1	1
3R	21302841	21303256	1	1
3R	5596091	5596880	-1	1
3L	4124964	4126547	-1	1
3L	21176202	21183193	1	1
3R	11392846	11395207	1	1
3R	8818985	8819090	-1	1
3L	27293014	27331994	1	1
2R	17798146	17847125	1	1
4	1038683	1044347	-1	1
X	20026896	20027751	-1	1
3L	1876694	1879131	-1	1
X	5082240	5082417	-1	1
2L	4318709	4321066	1	1
2R	15541508	15542305	1	1
2L	11132371	11132453	1	1
3L	1019602	1022678	-1	1
3R	13021733	13025676	1	1
3R	25856816	25871560	1	1
3R	4301156	4301242	1	1
2L	9294359	9295347	1	1
2R	4757471	4758850	-1	1
X	8293908	8295445	1	1
3L	17400527	17400983	-1	1
X	3706252	3707368	-1	1
X	22824468	22824548	-1	1
2R	9351174	9351429	-1	1
3R	32016134	32043753	1	1
2R	8902744	8904516	1	1
3R	24509557	24514930	-1	1
2L	10847521	10847703	-1	1
3R	19887224	19887399	-1	1
3R	20754262	20754969	-1	1
X	21305744	21306335	-1	1
2L	21382082	21390258	1	1
3R	3734356	3734637	-1	1
X	12938997	12948145	1	1
4	892402	892484	-1	1
X	13576183	13576612	1	1
X	6605532	6608501	1	1
3R	4301130	4301216	1	1
3L	12768353	12768511	1	1
3R	31574725	31574801	1	1
2R	5418044	5420623	1	1
3L	17063535	17063888	-1	1
X	2636853	2641125	1	1
2L	19387392	19387538	-1	1
X	5838074	5840744	1	1
X	13852803	13985560	-1	1
3R	10764579	10764636	1	1
2R	23993046	23993115	-1	1
3L	5161602	5161768	-1	1
2R	12607315	12607378	-1	1
X	8090148	8090527	-1	1
3L	9801643	9801723	-1	1
X	15852740	15853143	-1	1
2R	4427998	4458307	-1	1
3L	9800559	9848920	1	1
X	19199465	19201464	-1	1
3R	15367946	15368375	-1	1
3R	22613285	22613343	-1	1
3R	23982144	23984461	1	1
3L	8957054	8957229	1	1
2R	11678455	11679270	-1	1
2R	21516395	21517137	1	1
2R	11280378	11280946	1	1
4	281648	281724	-1	1
3L	17400550	17400896	-1	1
3R	24103383	24104626	-1	1
X	21422348	21422511	-1	1
3R	11335018	11396062	1	1
3R	10331642	10331698	1	1
3L	1626981	1627986	-1	1
3R	14891268	14892236	1	1
3L	24030855	24035432	1	1
3R	5598343	5598944	-1	1
3R	17545409	17545660	-1	1
2R	10340203	10357515	-1	1
2R	16089893	16098128	1	1
3L	4132213	4133769	-1	1
3L	13538367	13538707	-1	1
3R	17041178	17041681	1	1
2L	8088841	8089077	1	1
3L	20316150	20316433	1	1
X	6531064	6531887	-1	1
3L	1630506	1637052	-1	1
2R	8328008	8347501	1	1
X	16514185	16521623	-1	1
3R	18919638	18935220	1	1
X	16527975	16528465	-1	1
2R	21292758	21292827	-1	1
3R	16196067	16197715	1	1
2R	21127134	21127402	-1	1
2L	9292200	9293025	1	1
3L	9107981	9112702	-1	1
2R	7480374	7483413	-1	1
2R	9148096	9148153	1	1
2R	12259691	12260040	1	1
2R	24696249	24699020	-1	1
X	15861192	15862839	1	1
3L	13522233	13523920	-1	1
X	5752683	5752864	1	1
2R	12048747	12048805	1	1
2R	18446706	18446764	1	1
3L	14243685	14245493	1	1
3R	23692013	23692071	-1	1
2L	130794	130856	-1	1
2R	13831505	13833300	1	1
3L	8440132	8440676	-1	1
X	15320462	15320520	1	1
3L	13522229	13523920	-1	1
2R	7538713	7538772	1	1
X	13590146	13590472	1	1
2R	3933415	3938570	-1	1
3R	8814759	8817032	-1	1
3L	2508574	2508639	-1	1
3L	1492808	1492876	-1	1
3R	10585354	10613442	-1	1
X	13383302	13383453	-1	1
3R	5291979	5336521	-1	1
3L	17400522	17400957	-1	1
3R	26257036	26261363	-1	1
2R	9151356	9157773	1	1
3L	9371997	9378980	-1	1
4	375911	394993	-1	1
2R	24522063	24523118	-1	1
2R	22797079	22797335	-1	1
2L	10847947	10848245	-1	1
3R	25128662	25128733	1	1
3L	13962220	13962293	1	1
X	3720105	3721376	1	1
X	574833	578211	1	1
3R	19905888	19908434	1	1
3L	21025549	21026204	-1	1
X	5770388	5790961	-1	1
2R	24130464	24132997	-1	1
3L	1534065	1534317	-1	1
3R	12713290	12719607	-1	1
mitochondrion_genome	12834	13415	-1	1
X	9510665	9550434	-1	1
2L	14941645	14962893	-1	1
3R	5077841	5086251	-1	1
3R	5593914	5594134	1	1
X	13297883	13298706	1	1
2R	12260089	12274761	1	1
4	471492	598885	-1	1
X	13746756	13754835	-1	1
X	6284891	6284974	-1	1
X	134565	134634	1	1
3L	5760931	5760985	1	1
3L	21622649	21622725	-1	1
3R	14891295	14892242	1	1
3L	9716766	9717530	1	1
X	11695343	11704343	1	1
X	16337556	16337625	1	1
3R	18170099	18171529	1	1
3R	12812070	12813773	-1	1
3L	11252618	11256072	1	1
2L	9684275	9684942	-1	1
3L	12771137	12771206	-1	1
Y	2928784	2928855	-1	1
X	11817842	11830676	1	1
X	2173615	2178548	1	1
X	19646888	19646954	1	1
3R	31590067	31590223	1	1
2R	16925225	16926346	1	1
3R	23983890	23984402	1	1
3L	13537905	13664540	-1	1
2L	21380827	21382065	1	1
2L	20418459	20418945	1	1
3R	22370834	22372601	1	1
2R	4030298	4116600	1	1
X	12022241	12022575	1	1
3L	17426874	17426937	1	1
3R	27436753	27436923	-1	1
2L	19023797	19023855	-1	1
3L	6741791	6741915	1	1
3L	17400522	17400853	-1	1
3R	7190797	7191132	1	1
3R	7191165	7191389	1	1
X	5089367	5186903	1	1
2L	2400559	2401107	1	1
X	13684257	13684321	1	1
3L	15848579	15848629	-1	1
2L	8083637	8089394	1	1
3R	25517131	25519019	1	1
3R	4301137	4301231	1	1
3L	10481946	10591686	1	1
2R	13185176	13185784	-1	1
3L	5800718	5805828	-1	1
3R	10133588	10134068	-1	1
X	1482030	1482795	-1	1
2L	13446712	13473806	1	1
3R	29041426	29041600	1	1
3R	24510982	24511073	-1	1
X	15892313	15906360	1	1
3R	10585929	10591409	-1	1
3L	11177178	11177998	-1	1
X	289273	290253	-1	1
2L	9796879	9796986	-1	1
3L	16959885	16961500	1	1
2R	1080442	1096420	1	1
4	883082	883143	-1	1
X	21031523	21031587	-1	1
X	94289	115220	1	1
X	4688318	4688451	1	1
2R	24532542	24532598	1	1
3L	1664022	1664090	-1	1
3R	10128516	10128630	-1	1
2R	14553065	14563011	1	1
3R	31405957	31410354	1	1
3R	31410402	31433459	1	1
X	4698530	4699611	1	1
2R	9997890	9998271	-1	1
2L	1152116	1152177	-1	1
2L	3510610	3512234	-1	1
3R	21310522	21313972	1	1
2L	9888547	9888667	1	1
2L	20054222	20054279	-1	1
2L	8372754	8372881	1	1
2R	5641943	5647745	-1	1
3L	9663098	9663166	1	1
3L	3924475	3925559	-1	1
X	14587158	14587266	1	1
2R	22372236	22372777	-1	1
4	118780	118838	-1	1
3L	13469863	13474297	-1	1
X	19964945	19965006	1	1
3R	31745570	31745881	-1	1
3R	29947857	29947915	1	1
X	16528120	16531045	-1	1
X	7232781	7232912	1	1
X	19643465	19643865	1	1
3L	12155791	12155855	1	1
X	3176697	3189534	1	1
3L	11158567	11158629	1	1
X	12653992	12657268	1	1
3L	4429971	4433187	1	1
3R	17006913	17007083	1	1
3R	21927944	22025964	-1	1
3R	25439871	25472482	-1	1
3L	20496524	20496592	1	1
3R	11012138	11012221	1	1
2R	8867964	8888017	1	1
3R	25352139	25396712	-1	1
3R	21266201	21266340	-1	1
3R	21298163	21298241	1	1
2L	21071303	21071374	-1	1
4	652843	652901	-1	1
4	1230421	1230616	-1	1
2L	8996869	8996931	-1	1
X	10309749	10318447	-1	1
X	16455712	16475586	-1	1
X	5062699	5072646	-1	1
2L	13499696	13500305	1	1
3R	30877754	30879773	-1	1
2R	11380794	11381573	-1	1
2R	21224007	21234664	-1	1
3L	3717377	3742676	-1	1
3R	21199764	21200760	1	1
X	14322916	14324804	1	1
2R	7546273	7546326	1	1
2R	19176742	19177289	1	1
2L	19971991	19982567	-1	1
3L	19888824	19896798	-1	1
3R	21311406	21312340	1	1
2R	21658185	21658346	1	1
2R	15989752	15990249	-1	1
3R	29862306	29862785	1	1
3R	20839696	20839889	1	1
2L	10343739	10343819	-1	1
3L	24079559	24085562	1	1
3L	11891230	11936973	-1	1
2L	18697755	18697824	1	1
2L	456730	456797	1	1
X	6684670	6686914	1	1
X	12640840	12643873	1	1
4	191387	193344	-1	1
2L	15092642	15093419	1	1
2L	10368455	10368601	-1	1
2R	24892502	24904985	1	1
X	6483924	6484001	-1	1
4	1196263	1196320	1	1
3L	4090143	4090273	1	1
2R	4427998	4442470	-1	1
3R	23983719	23984305	1	1
2L	2359255	2360322	-1	1
X	15892858	15903948	1	1
X	5085890	5089327	1	1
3L	13538468	13538607	-1	1
2R	16089893	16098128	-1	1
3R	29659394	29660033	-1	1
Y	1417052	1418027	-1	1
3R	24046492	24047961	-1	1
X	4698663	4701019	1	1
X	13762868	13770151	1	1
Y	2838531	2850219	1	1
2R	12529827	12541825	1	1
3R	8364711	8444354	-1	1
3L	9146122	9151786	-1	1
3R	21303417	21309894	1	1
X	5639452	5639836	1	1
2L	21173006	21295894	1	1
2L	19108046	19108243	-1	1
2R	19438728	19438785	1	1
X	3859484	3862400	-1	1
X	6104121	6120584	-1	1
2R	8907634	8910730	1	1
3R	7277689	7281599	-1	1
2L	159820	162592	1	1
X	11571641	11571691	-1	1
X	21437626	21441585	-1	1
3R	4299798	4301400	1	1
3R	17966541	18011352	1	1
3R	29173995	29176546	-1	1
2L	10267928	10267983	-1	1
X	5083057	5089342	1	1
X	13079865	13090066	-1	1
X	11361055	11368024	-1	1
X	112077	112144	-1	1
2L	10847505	10847725	-1	1
3R	23978116	23978950	1	1
2L	16248769	16248831	-1	1
X	10287081	10289875	-1	1
2R	24891910	24892284	1	1
X	13860887	13864597	-1	1
X	16292445	16292538	1	1
X	20795346	20917154	-1	1
3L	8940635	8954398	-1	1
3L	18899559	18899640	1	1
2L	14041752	14089431	1	1
2R	24522122	24524175	-1	1
3R	20975872	20975993	1	1
3R	12632495	12632705	1	1
2L	8543878	8544285	1	1
3R	16447135	16450967	-1	1
2L	8825914	8829608	1	1
3R	7573987	7574278	-1	1
3L	3221284	3221467	1	1
2R	15567841	15568152	-1	1
X	16838209	16838343	-1	1
X	10781052	10781592	-1	1
3L	22839917	22841978	1	1
2R	14276224	14279139	1	1
4	553184	553258	-1	1
X	13294739	13295218	-1	1
2L	9879871	9885859	-1	1
3R	3850236	3864296	1	1
4	903283	903337	-1	1
X	13746648	13754835	-1	1
3R	4416098	4417746	-1	1
3R	11403658	11403952	1	1
3R	7886169	7886477	-1	1
3R	21626851	21630822	-1	1
3L	20885053	20885110	-1	1
3L	21411579	21419607	1	1
2R	21256304	21264065	1	1
2L	2756171	2756289	1	1
2L	21107943	21108041	1	1
2R	24243313	24244366	1	1
3R	4917550	4938092	1	1
X	6105780	6106124	-1	1
2R	24159086	24159145	-1	1
3L	5716280	5717538	1	1
4	136778	136879	1	1
3L	22961007	22961534	1	1
2R	18688664	18692041	1	1
3L	17061755	17147650	-1	1
3R	31851505	31975586	-1	1
3R	16575395	16576923	-1	1
3L	12187112	12187173	1	1
4	865643	865702	-1	1
X	5165594	5165849	1	1
2R	6627922	6632027	-1	1
X	13670232	13675592	1	1
3R	11995193	11995372	-1	1
3R	31742517	31742723	1	1
2L	7098504	7099423	-1	1
4	190801	193439	1	1
3R	11408017	11408081	1	1
2R	18688907	18691933	1	1
2R	9267977	9271985	-1	1
X	15950153	15950266	-1	1
X	16317891	16469021	1	1
2R	24904901	24904970	-1	1
2R	12275617	12277001	1	1
2R	12275632	12277018	1	1
X	15695454	15706115	-1	1
3R	21307392	21309894	1	1
X	22413956	22414021	1	1
2R	22879779	22879870	1	1
X	11571109	11571175	1	1
3L	13872858	13872922	-1	1
3L	4090416	4091203	1	1
X	1394715	1395098	1	1
2L	21078409	21078513	1	1
3L	12137694	12137892	-1	1
X	19621651	19621768	-1	1
3R	8767795	8768099	-1	1
2L	8383262	8383326	1	1
2R	10050071	10108219	1	1
2R	10275848	10279299	1	1
3L	27421015	27441604	1	1
3R	21785926	21820741	-1	1
X	13669745	13670132	1	1
2L	15095178	15095298	1	1
3R	21266480	21266544	-1	1
2R	13518603	13531454	-1	1
3R	4284407	4295171	1	1
3R	22278756	22279229	1	1
2L	21382206	21390105	1	1
2L	17589597	17591058	1	1
3L	17070716	17070964	-1	1
X	20792739	20805827	-1	1
3R	24918666	24922142	1	1
3L	4363424	4363838	-1	1
2R	13415958	13418987	-1	1
3L	2791278	2791432	-1	1
2R	6501076	6585914	1	1
2R	16136567	16137205	1	1
3L	4183233	4183307	-1	1
4	429567	429643	1	1
3R	4227676	4231280	-1	1
mitochondrion_genome	11034	11268	1	1
X	16459579	16461958	-1	1
2R	18496906	18497774	-1	1
X	5721203	5721267	-1	1
3R	11222233	11224626	1	1
2R	24048707	24048769	-1	1
X	13740988	13746632	1	1
X	5140546	5177921	1	1
mitochondrion_genome	3736	5125	1	1
2L	3377390	3378335	1	1
4	1296099	1296160	1	1
4	855633	864351	-1	1
2L	13831565	13832510	-1	1
2L	13487685	13487961	1	1
2R	14260416	14260488	1	1
3R	16636143	16636202	1	1
3R	21807745	21808402	-1	1
2R	17875049	17898251	1	1
3R	3750413	3752283	1	1
2R	10450671	10450745	-1	1
2L	10337294	10337368	1	1
3L	16501043	16501627	-1	1
3L	19992043	19993265	1	1
3R	21975414	21975552	1	1
2R	23708488	23708635	1	1
2L	1010533	1011943	-1	1
3R	8128630	8129112	1	1
X	3478336	3478827	-1	1
X	22487790	22493481	1	1
2L	6110048	6117760	1	1
X	10244627	10249776	-1	1
4	999498	1001410	1	1
X	4358567	4361963	1	1
X	5334480	5368031	1	1
3R	22899607	22914951	1	1
3L	9624773	9626998	1	1
3L	5695477	5749379	1	1
3L	24074570	24075141	1	1
3R	22031674	22032431	-1	1
X	11293177	11293498	-1	1
2R	7915183	7915395	-1	1
3L	17400339	17400433	-1	1
4	381446	382123	-1	1
X	4688673	4691637	1	1
X	19699167	19699680	1	1
3R	24265111	24266392	1	1
3L	11795699	11799037	1	1
2L	10431889	10431944	1	1
2R	5647825	5652499	1	1
3L	8440166	8441096	-1	1
3R	31742500	31742733	1	1
X	13746680	13755376	-1	1
4	191387	193825	-1	1
4	823619	833379	-1	1
X	11676397	11676651	1	1
2L	10254116	10254193	1	1
3L	10692148	10692438	1	1
X	10222587	10222898	-1	1
3L	3505087	3506075	1	1
2L	6646948	6648749	1	1
2L	16264465	16287218	-1	1
2R	9888815	9888888	-1	1
2R	17546987	17547409	1	1
2R	10731797	10736657	1	1
2R	21184131	21192144	1	1
2R	18824801	18825497	-1	1
4	864412	865348	-1	1
3R	6371421	6371741	-1	1
X	11809390	11816422	-1	1
X	18371355	18377705	1	1
X	10238418	10244276	-1	1
3R	23861506	23861577	-1	1
3R	7137995	7141490	1	1
2R	24613288	24613351	1	1
X	11369690	11373817	1	1
3L	12812451	12812509	1	1
X	5839556	5840602	1	1
2R	20236582	20239109	1	1
3R	5584679	5585172	-1	1
2R	7805018	7805101	-1	1
3L	7439461	7445167	1	1
2L	7414665	7417373	1	1
X	12776738	12783538	-1	1
3R	13702668	13702724	1	1
3R	28604521	28605583	1	1
2R	23968441	23968595	-1	1
2R	13865496	13865819	-1	1
3R	11540102	11542067	-1	1
3L	9374373	9374726	1	1
X	11143195	11143259	1	1
2R	16764367	16765189	-1	1
3L	25798743	25811487	-1	1
X	3782217	3786736	1	1
3R	31595086	31595438	-1	1
3R	24660261	24682227	1	1
2L	10847309	10847791	-1	1
2R	8010546	8010914	-1	1
X	19515645	19515913	1	1
2R	5320616	5325804	1	1
3L	8183110	8183191	1	1
2R	9135695	9136989	-1	1
3L	22518505	22583003	-1	1
2R	2774309	2785944	1	1
3R	23965960	23982488	1	1
3R	20054167	20055728	-1	1
X	13381893	13381981	-1	1
3R	16272854	16274152	1	1
3R	20438209	20440025	-1	1
X	2641027	2641125	1	1
2R	16765642	16771531	-1	1
X	8757999	8758148	-1	1
3R	18664068	18664609	-1	1
3L	11091773	11092272	-1	1
Y	132458	200765	1	1
3L	21907595	21928667	1	1
3L	1631758	1637055	-1	1
X	16527899	16532946	-1	1
X	15724040	15731196	1	1
X	19571894	19571966	-1	1
3R	31738530	31739777	1	1
2R	11581750	11583015	-1	1
2R	14179042	14179112	1	1
X	17822889	17822959	-1	1
2R	3933419	3938569	-1	1
X	15978210	15980696	-1	1
3R	11819645	11819711	1	1
3R	23769244	23769309	-1	1
3L	11129663	11134391	1	1
2R	4700873	4700940	-1	1
X	9184053	9184145	1	1
3R	21310680	21314119	1	1
3L	13893354	13902269	-1	1
3L	9704835	9710019	1	1
3R	21303053	21303331	1	1
3L	13663907	13664606	-1	1
2R	22800194	22801324	1	1
Y	2969780	3006355	1	1
3R	24634505	24677359	-1	1
2R	8088897	8088956	1	1
3R	9066511	9070568	-1	1
3L	19832713	19832770	-1	1
X	9355179	9355559	-1	1
3R	25302046	25302106	1	1
X	15886242	15887265	-1	1
3L	19831110	19831828	-1	1
X	7018690	7116224	1	1
3L	9835981	9836049	-1	1
X	17936990	17938857	-1	1
X	21239519	21279134	-1	1
X	11800092	11800825	1	1
X	6104112	6105798	-1	1
2R	17378294	17379258	1	1
2R	23104094	23104153	-1	1
2L	18370839	18370948	-1	1
3R	20975921	20976040	1	1
2L	6924346	6925477	1	1
X	5403815	5607390	1	1
2R	9396685	9397544	-1	1
4	351210	351586	-1	1
4	451455	452618	1	1
2R	17027340	17028673	1	1
2R	5660748	5660807	-1	1
2L	133750	134228	1	1
2R	14276224	14276979	1	1
3R	12465559	12508022	-1	1
2R	4238210	4238273	-1	1
X	16362299	16363358	1	1
3L	9967622	9967687	-1	1
3R	24103393	24105401	-1	1
3L	20006654	20008800	1	1
X	11052579	11052698	-1	1
2R	5259225	5259799	1	1
2R	2735057	2790315	-1	1
3L	21841978	21842058	-1	1
X	13383363	13383433	-1	1
3R	18165704	18166376	-1	1
X	9884869	9884938	1	1
3R	18014678	18018767	1	1
X	9165925	9186826	1	1
X	16681837	16681910	-1	1
X	246088	246198	1	1
2R	11453283	11453393	1	1
2R	2119245	2245972	-1	1
2R	18162329	18162852	1	1
X	13862422	13985299	-1	1
3L	11097062	11098092	1	1
3R	4810788	4811550	-1	1
2L	9787602	9789791	-1	1
3L	11524449	11524771	-1	1
3L	18575924	18576066	1	1
3L	21539958	21540591	1	1
3L	21437	22221	-1	1
3L	4255296	4255606	1	1
X	4699523	4701091	1	1
2L	3026975	3027038	-1	1
2R	7481989	7483047	-1	1
2R	14861344	14861885	-1	1
2L	12063672	12064562	-1	1
3L	7014611	7052082	1	1
3R	20948830	20960726	1	1
3L	19086176	19235108	-1	1
3L	8616414	8616920	1	1
X	12686915	12731310	-1	1
2R	12260189	12273766	1	1
2L	8429463	8430281	1	1
2L	1974819	1974881	1	1
3R	5809149	5809341	1	1
3R	19899057	19899589	-1	1
3L	11077404	11077463	1	1
4	503233	503851	1	1
3L	12771287	12771844	-1	1
2L	18860403	18861780	-1	1
3L	14865380	14865717	-1	1
2L	13394800	13394865	1	1
3R	16466838	16466893	-1	1
3R	27418981	27436190	-1	1
3R	23921883	23922896	-1	1
2L	1017642	1017711	1	1
3L	3072108	3073081	1	1
X	6293333	6294136	-1	1
3R	13224827	13225181	-1	1
X	21600693	21601148	-1	1
X	12582871	12583037	-1	1
X	6594314	6594384	1	1
2R	17696742	17696801	-1	1
2L	2755946	2756008	1	1
3L	4542802	4553362	1	1
2R	12274948	12276096	1	1
3L	12519071	12519144	1	1
2R	18769581	18770370	1	1
X	16882540	16882610	1	1
2L	1653836	1670144	1	1
X	12938919	12946504	1	1
X	16710314	16710778	1	1
3L	12143779	12144408	-1	1
3R	8675518	8675573	1	1
3L	22568814	22569051	-1	1
2L	11806158	11806447	-1	1
2R	495800	547232	1	1
X	11616930	11619802	1	1
X	3481385	3482026	-1	1
X	17632416	17633358	1	1
3R	9354702	9360103	1	1
X	575971	578091	1	1
2L	5645531	5651610	-1	1
3L	12143768	12143818	-1	1
3L	13522114	13666485	-1	1
3L	24233549	24240001	1	1
3R	20253115	20253494	1	1
2L	1853597	1854186	1	1
X	5834987	5840602	1	1
3R	5151974	5153523	1	1
3L	4324997	4325061	-1	1
3L	17236063	17238095	-1	1
3R	20958057	20974338	1	1
X	15992662	15993472	-1	1
2L	7430147	7430302	1	1
3R	21788103	21789449	-1	1
X	20007442	20007630	-1	1
X	12636637	12636711	-1	1
X	496101	496275	1	1
X	3256113	3256173	1	1
2L	8162238	8162315	-1	1
3L	3371301	3372581	-1	1
3L	20476805	20484351	-1	1
X	4530602	4531297	1	1
2R	17725443	17725502	-1	1
3R	28867002	28869663	1	1
3R	8402876	8443393	-1	1
4	191387	193545	-1	1
3L	9963667	9964557	1	1
3L	17668504	17668909	-1	1
2R	13450999	13451090	1	1
3R	12561805	12562731	-1	1
3R	10109072	10109528	-1	1
3L	4430005	4430127	1	1
2R	12273979	12274591	1	1
X	13084510	13090049	-1	1
2R	12260108	12276336	1	1
3R	18195021	18196993	-1	1
3R	19416389	19440703	-1	1
3L	10574661	10574837	1	1
3R	23983725	23984347	1	1
3L	21554181	21554381	-1	1
X	2173512	2178665	1	1
2L	9066761	9069101	-1	1
3R	11224074	11224820	1	1
2L	8364116	8364218	-1	1
X	13784190	13785707	1	1
X	5911143	5912170	1	1
X	12203879	12204147	1	1
2R	11968232	11968284	-1	1
2R	19067312	19069070	-1	1
3L	1197314	1197530	-1	1
X	9071990	9078337	-1	1
X	12203989	12204139	1	1
3R	10194048	10222021	1	1
X	22982832	22984596	-1	1
2L	8340311	8340864	1	1
2L	17373518	17373579	-1	1
3L	5431739	5433022	1	1
2L	9787488	9789574	-1	1
2R	22455022	22472719	1	1
3R	3623498	3626910	1	1
2L	15059611	15060509	-1	1
3L	1654484	1655762	-1	1
X	5794542	5797647	1	1
X	5793569	5794405	1	1
X	3113914	3121399	-1	1
Y	2154139	2267871	1	1
X	18155543	18172858	1	1
X	8051530	8051695	-1	1
2L	2223634	2223705	1	1
3R	23977822	23977936	1	1
3L	11494733	11494846	1	1
3L	3195169	3196969	1	1
2L	1174267	1174497	1	1
2L	6920862	6922731	1	1
3L	8183593	8186401	-1	1
3L	8576969	8578201	1	1
X	5086463	5089318	1	1
2L	7059199	7060966	1	1
3L	20258907	20258963	1	1
3R	9760303	9761080	1	1
3L	4074258	4074813	-1	1
3L	18866262	18866320	1	1
4	305179	305814	-1	1
2L	3718486	3720875	1	1
2L	3720905	3720968	1	1
3R	23082166	23112207	-1	1
2R	16024215	16024273	1	1
2L	13485886	13495891	1	1
X	15892368	15892453	1	1
X	17886804	17886948	-1	1
2R	8965535	8968155	-1	1
2L	5543799	5544537	1	1
2R	14277064	14277281	1	1
3L	3196959	3224427	1	1
3R	728571	750698	1	1
3R	5625090	5625768	1	1
3R	30528497	30530132	-1	1
2L	15092642	15092899	1	1
2R	22885357	22885414	-1	1
2R	13826518	13829538	1	1
3R	4295287	4295548	1	1
4	375760	395061	-1	1
X	3488013	3488443	1	1
3L	1630541	1637059	-1	1
2L	19165921	19166085	1	1
3R	10613442	10613693	-1	1
3R	31935776	31975448	-1	1
X	13858505	13864170	-1	1
X	7909925	7910709	1	1
X	7910755	7911681	1	1
2R	16182915	16182983	1	1
2L	21281338	21281396	1	1
3L	17221843	17235352	-1	1
3R	18013410	18013509	1	1
X	16527707	16532970	-1	1
3R	15355109	15355276	1	1
2R	14040780	14055763	1	1
3R	27645276	27646464	-1	1
3L	6943005	6943071	1	1
2L	18859611	18859778	-1	1
3R	9293850	9294159	-1	1
2R	1516010	1521404	-1	1
3L	9376595	9376778	-1	1
2R	7483565	7483647	-1	1
3R	18729311	18730908	1	1
4	1175124	1180432	-1	1
2R	5093077	5093179	1	1
X	575814	578063	1	1
X	10245380	10247625	-1	1
3R	25873122	25874084	-1	1
2L	9797195	9877793	-1	1
X	17640569	17640867	-1	1
2L	4439487	4441158	-1	1
2R	13186533	13186600	-1	1
3R	28442816	28462004	1	1
3R	21272836	21273341	-1	1
2L	19433374	19434667	1	1
X	8517437	8531697	1	1
3R	22032068	22032198	-1	1
4	462329	462388	-1	1
2L	13289091	13289176	1	1
X	15860814	15861152	1	1
3L	8130092	8131492	1	1
2L	9795455	9815540	-1	1
3R	25043466	25043523	1	1
3R	20965856	20976168	1	1
3R	8817759	8818608	-1	1
2L	1359271	1359332	-1	1
3R	24061267	24061323	1	1
2R	13953405	13953532	-1	1
X	14238987	14239909	1	1
2L	12404178	12404436	-1	1
3R	5270237	5349875	-1	1
2R	18146187	18146953	1	1
X	13295097	13295158	-1	1
2L	7832203	7832506	1	1
2R	13548428	13548538	-1	1
2L	2785673	2787054	1	1
X	10258094	10258878	-1	1
2L	8322948	8324959	-1	1
2R	22058158	22058649	-1	1
3R	19899809	19899874	-1	1
X	23283521	23431439	1	1
3L	22833800	22841184	-1	1
3L	23099717	23102116	1	1
Y	124415	132456	1	1
3R	21785982	21807623	-1	1
3L	5744090	5749379	1	1
2R	10507448	10507884	-1	1
3R	21960908	21995520	1	1
3L	22877389	22877450	-1	1
X	3789728	3796836	1	1
3L	868759	868936	1	1
2L	13484226	13500321	1	1
3R	14683741	14696485	-1	1
2L	833843	833987	-1	1
3L	3716322	3716748	-1	1
X	7826835	7835031	1	1
2L	8663475	8663940	1	1
2L	19571768	19577186	-1	1
2L	2401131	2410081	1	1
3R	17771389	17771448	-1	1
X	13746726	13754905	-1	1
3R	30595627	30601201	-1	1
3R	8814719	8820088	-1	1
3L	8954253	8954378	-1	1
X	13678439	13680266	-1	1
3R	9786078	9786135	1	1
X	2111624	2111704	1	1
4	414007	414642	-1	1
2L	5520546	5521215	1	1
3L	10151104	10154762	-1	1
3L	16612811	16615449	1	1
3R	25054180	25054356	-1	1
3R	21300416	21304096	1	1
3L	20522682	20523203	-1	1
3R	11197609	11208479	1	1
3R	12368084	12376306	1	1
4	1035202	1036777	-1	1
3L	4079495	4082403	1	1
3L	20005317	20024196	1	1
2L	10211196	10228918	-1	1
3R	9515351	9515402	-1	1
3L	19685892	19685958	-1	1
3R	4333160	4333222	-1	1
2L	2178031	2178199	-1	1
3L	13664752	13666386	-1	1
3L	2637643	2638402	1	1
2L	2678058	2683868	1	1
3L	705451	709936	-1	1
2L	9234658	9235102	1	1
2R	10108874	10109167	1	1
2R	15936237	15938447	-1	1
2R	8348288	8349602	1	1
4	1230415	1230498	-1	1
3L	1667736	1667809	-1	1
3L	15017213	15017270	-1	1
4	521853	537733	1	1
3L	21837025	21837451	-1	1
3R	28813292	28813496	1	1
3L	9473597	9473955	1	1
X	12587901	12587970	-1	1
2R	20309126	20313333	-1	1
3L	20476814	20484355	-1	1
3L	19888105	19888232	-1	1
2R	16341422	16341481	-1	1
4	435934	436601	-1	1
X	5904214	5904567	1	1
3R	7128648	7128703	1	1
3L	19600790	19600913	1	1
3R	18959550	18977294	1	1
2R	1204279	1224319	-1	1
2R	5762194	5762594	1	1
X	17075320	17075953	-1	1
X	18636320	18637413	-1	1
2R	2804021	2806702	1	1
3R	7279892	7281742	-1	1
3L	23327325	23327377	-1	1
3R	5657933	5658141	-1	1
X	5086160	5089509	1	1
3L	11668606	11674268	-1	1
X	5332828	5332895	1	1
3R	28088474	28088759	1	1
2L	5985392	5985448	1	1
2R	16107599	16109167	-1	1
3R	14034413	14034880	1	1
2R	3933464	3935918	-1	1
2R	23991698	23991856	1	1
3L	15133595	15133662	-1	1
3R	10002695	10002753	-1	1
2R	9578587	9578780	-1	1
X	22995915	23007167	-1	1
2R	6084391	6084508	-1	1
2R	23859828	23859887	-1	1
2R	16570385	16570620	-1	1
3L	17400545	17401320	-1	1
3R	15793162	15793215	1	1
2L	9787461	9788252	-1	1
3L	21920988	21921042	1	1
3R	30054480	30054544	1	1
3R	14890427	14890696	1	1
3R	4301136	4301210	1	1
3R	8345400	8345459	1	1
2L	2756357	2756871	1	1
X	11456488	11456655	-1	1
2R	17266212	17274427	1	1
3L	9378278	9379486	-1	1
X	9152786	9153277	-1	1
3R	24066410	24103505	-1	1
2L	20731504	20731564	-1	1
3R	29171454	29181805	-1	1
3R	30208144	30208483	-1	1
Y	3004630	3019154	-1	1
2L	6054585	6059298	1	1
2R	12183578	12183639	1	1
X	15734453	15734553	1	1
2R	17788731	17789018	-1	1
X	15482722	15483062	-1	1
2L	10481285	10481348	1	1
Y	132527	200768	1	1
3L	22870151	22871460	-1	1
3R	13664609	13666675	1	1
X	16565690	16595120	-1	1
2R	8930381	8930434	1	1
X	11424104	11424270	1	1
4	190062	193332	-1	1
X	11247673	11290014	-1	1
2R	7377715	7381471	-1	1
2L	3651050	3664006	1	1
2L	21382104	21390245	1	1
2R	12676232	12679208	-1	1
3R	25051557	25052483	1	1
3L	1632362	1635648	-1	1
3L	8276503	8276827	1	1
2R	15976330	15976525	-1	1
3L	16712935	16715441	1	1
2L	2977531	2977587	1	1
3L	19926394	19926833	1	1
3L	9177682	9178346	-1	1
3R	24319158	24319409	1	1
2L	14366166	14367873	1	1
2R	12870991	12871137	1	1
3L	16141916	16142040	-1	1
X	5075580	5075777	-1	1
2R	4103275	4122558	1	1
3R	9358498	9359258	1	1
3L	6055279	6056782	1	1
2R	21698134	21698222	-1	1
2R	25268898	25268972	1	1
3L	15507567	15507799	-1	1
3R	18256649	18257598	1	1
X	9472658	9499882	-1	1
3L	19869429	19870381	-1	1
2R	4242553	4242618	1	1
3L	2942244	2943441	1	1
X	5839989	5840652	1	1
3R	14742592	14764211	1	1
3R	21621697	21626692	-1	1
3L	12148825	12154691	1	1
3R	12498123	12498616	-1	1
3R	4598872	4599396	-1	1
3L	11794671	11795252	1	1
2R	16426999	16427758	1	1
X	7196588	7240986	1	1
3L	11878456	11890846	-1	1
3L	4626983	4627420	1	1
X	10709450	10710038	1	1
3R	24220344	24220532	-1	1
3R	24220564	24221115	-1	1
3R	28925603	28925742	-1	1
2R	19225787	19225847	1	1
X	17935463	17938503	-1	1
3L	1779986	1781095	1	1
2R	5121864	5121983	-1	1
2R	21061016	21061073	1	1
3R	5787538	5787904	-1	1
Y	124365	132451	1	1
3L	9376642	9376724	-1	1
X	12772500	12778588	-1	1
3L	14864931	14865003	1	1
3R	9577367	9577608	-1	1
3L	25670852	25670919	-1	1
3R	21309542	21309819	1	1
X	1031010	1031069	1	1
2R	18457599	18460566	-1	1
2L	6486112	6486172	1	1
3R	13670516	13670750	1	1
2R	19447493	19447974	-1	1
X	11818017	11830651	1	1
X	16275772	16275894	1	1
2L	10296369	10296424	-1	1
X	12204410	12333832	1	1
2L	9066761	9070950	-1	1
X	15784597	15784665	-1	1
X	8510367	8515963	1	1
3R	21526674	21528481	1	1
3L	5750362	5750559	-1	1
2R	5604412	5604517	-1	1
3R	9420048	9439349	1	1
2L	10386788	10386862	1	1
X	1044211	1045961	1	1
3L	1941180	1941688	1	1
3L	1344530	1344626	-1	1
4	461732	463055	-1	1
2R	13866633	13866702	-1	1
2L	2772641	2779176	-1	1
2L	10225168	10225279	-1	1
2R	17016502	17018344	-1	1
3R	9452386	9454947	1	1
2R	5092386	5095008	1	1
X	5839696	5861434	1	1
2R	6759744	6761523	-1	1
3R	20253854	20287949	1	1
X	17639392	17647101	-1	1
2R	6631392	6631444	-1	1
Y	132555	200837	1	1
2R	9884709	9884766	-1	1
2L	21382499	21383624	1	1
2L	6572543	6574016	-1	1
3R	11337066	11339658	-1	1
3L	11523052	11524017	-1	1
2R	6627215	6627452	-1	1
X	7290396	7290566	-1	1
2L	22240173	22240292	1	1
X	5684103	5684174	1	1
3R	8817742	8820158	-1	1
2L	18442152	18442237	-1	1
X	9166214	9216029	1	1
2R	21394515	21399095	-1	1
2R	24401486	24401663	-1	1
3L	20469676	20473304	-1	1
X	687859	704891	1	1
2R	7406131	7406206	-1	1
3L	18887747	18890194	-1	1
X	16082976	16087211	-1	1
2R	5339817	5340188	-1	1
3R	24048428	24048486	1	1
X	13126215	13128251	1	1
3R	4405812	4405867	1	1
2R	15539693	15540086	-1	1
3R	22356750	22357531	1	1
3L	8307351	8308454	-1	1
3L	10481627	10534077	1	1
2L	216008	216077	-1	1
3L	3718473	3718638	1	1
3L	5664983	5665177	1	1
4	1050863	1053498	-1	1
2R	8729751	8733978	-1	1
2L	8543838	8544485	1	1
3R	11392494	11403680	1	1
2L	5271921	5278508	-1	1
2R	8964486	8965216	-1	1
2L	9294618	9295392	1	1
3R	5858585	5858643	-1	1
X	16463261	16527405	-1	1
2R	13415616	13415875	-1	1
3L	11690129	11690226	-1	1
3R	28925802	28925913	-1	1
3L	1637270	1637674	-1	1
2R	6754845	6754899	1	1
4	650197	659203	-1	1
3R	13678693	13678750	1	1
X	10244332	10249776	-1	1
X	3930579	3930932	-1	1
4	606745	607194	-1	1
3R	29060959	29061019	-1	1
2R	19457474	19457557	1	1
X	5903983	5904225	1	1
3R	7889439	7902007	-1	1
X	6758954	6759425	-1	1
2R	6864572	6864636	-1	1
3L	17066803	17147546	-1	1
3R	24064789	24105086	-1	1
3L	22837437	22841978	1	1
3R	18165722	18165855	-1	1
2L	6666426	6666561	-1	1
3R	20957883	20973940	1	1
2L	7223698	7234527	-1	1
X	16459562	16527501	-1	1
3L	23379650	23392257	-1	1
4	99476	104083	1	1
3L	5691693	5691871	1	1
3R	4295176	4295248	1	1
2R	1475836	1672116	-1	1
X	4939533	4940422	1	1
3L	18044941	18061361	-1	1
X	17640598	17641421	-1	1
X	22459135	22510141	1	1
2R	17775238	17781082	-1	1
3R	21348961	21349159	-1	1
2R	9095340	9095578	1	1
4	66522	66684	-1	1
X	14748925	14749285	-1	1
3L	20771609	20771692	1	1
3R	24854303	24854362	1	1
X	10070724	10070839	-1	1
X	268708	273922	-1	1
2L	5171826	5172877	1	1
3R	4405549	4405601	1	1
3R	25132502	25132592	1	1
2R	6829631	6838228	1	1
2R	15189245	15190191	1	1
2R	23687165	23687234	1	1
2R	11987227	11987281	-1	1
X	22457552	22457614	1	1
2R	7564858	7565058	-1	1
2R	19179110	19179377	1	1
X	22995915	23004811	-1	1
3L	24730775	24733467	1	1
2L	6674229	6674301	1	1
3R	4282004	4282674	1	1
3L	20834069	20836015	1	1
2L	7827868	7832454	1	1
3R	31124783	31124841	1	1
3R	8657844	8658015	-1	1
2R	21223983	21234664	-1	1
2L	19161545	19179591	1	1
3L	16539403	16543165	-1	1
X	12291846	12295190	1	1
2R	15180568	15189263	1	1
3L	11759369	11759626	-1	1
3R	8817754	8819959	-1	1
3L	22801684	22833492	-1	1
X	15097551	15097628	1	1
2R	5121653	5121983	-1	1
X	17934722	17942822	-1	1
3R	21785842	21806699	-1	1
3L	20854188	20854605	-1	1
3L	9138698	9138773	1	1
X	16459565	16463498	-1	1
3R	22010313	22010971	1	1
X	7196973	7198022	1	1
3L	1871918	1872582	-1	1
X	15482687	15483025	1	1
2L	22582026	22583761	1	1
3L	14002302	14003170	1	1
3L	16964765	16964824	1	1
2L	7832190	7833305	1	1
4	1248777	1250805	1	1
3R	12561805	12595212	-1	1
2L	14040395	14041872	1	1
2R	4672642	4673114	1	1
3L	21074767	21075122	1	1
3L	21726938	21728451	-1	1
2R	22339208	22339303	-1	1
2L	16308493	16309143	1	1
3L	5272740	5273171	-1	1
2L	17385896	17392820	1	1
2L	1837069	1837191	1	1
2R	22019563	22038455	-1	1
2L	1717816	1717878	-1	1
3L	5664392	5665177	1	1
3R	9428653	9432389	1	1
3R	23983901	23984351	1	1
3R	21307819	21309766	1	1
X	7893491	7893588	-1	1
3R	5659178	5660208	1	1
X	23013548	23014859	1	1
3R	9420048	9447629	1	1
3R	29683638	29683698	1	1
2R	21698293	21704376	-1	1
2R	17670948	17671370	-1	1
X	6277217	6277444	-1	1
3R	25126443	25126567	-1	1
X	12917683	12942102	1	1
2R	2856036	2882627	1	1
X	13585041	13585691	1	1
X	16338157	16455191	1	1
X	12950063	12950290	1	1
3R	19415845	19457910	1	1
2L	1162147	1163000	-1	1
3L	17400550	17401092	-1	1
2L	3506757	3507766	-1	1
X	10234743	10237611	-1	1
X	2092401	2093906	1	1
3L	4023217	4023276	-1	1
3L	3149269	3149628	1	1
2R	20340480	20342589	1	1
X	12776799	12776869	1	1
X	13131045	13131179	1	1
3R	21309673	21311662	1	1
X	9182104	9183195	1	1
3R	18169122	18169484	1	1
3L	9382614	9382678	1	1
3R	31457622	31457682	1	1
3L	13538309	13608481	-1	1
2L	17647272	17754240	-1	1
X	5794234	5794300	1	1
2L	19514860	19514931	1	1
3L	2941625	2944023	-1	1
3R	19180877	19189351	1	1
3L	20349207	20350305	1	1
2L	13394941	13395056	-1	1
2L	10506446	10506543	-1	1
X	15886353	15887118	-1	1
X	11328408	11328476	1	1
3R	8840615	8842670	-1	1
2L	9291255	9293178	1	1
3L	13251886	13253735	1	1
2L	16743571	16743760	1	1
2R	24185528	24185715	1	1
3L	5929768	5930005	1	1
3L	11795004	11795063	1	1
3R	8817728	8818575	-1	1
2R	2050117	2196917	-1	1
X	19741169	19744262	-1	1
2L	23176374	23176984	1	1
X	13381893	13384716	-1	1
2L	17799674	17801697	-1	1
X	10070716	10070839	-1	1
2R	16994217	16994282	-1	1
2L	12064720	12065270	-1	1
2L	6059378	6059501	1	1
2L	8107001	8107066	1	1
X	19745250	19745532	1	1
2R	11452881	11453393	1	1
3R	18007013	18007078	1	1
X	62729	62874	-1	1
3L	23207490	23343158	1	1
X	16685412	16685508	-1	1
2R	19530582	19532199	-1	1
3R	29104449	29104504	1	1
2R	13582948	13583007	-1	1
4	118932	119888	-1	1
X	3481345	3482254	-1	1
X	14680521	14680592	1	1
2L	1706509	1706666	1	1
3L	8114052	8114113	-1	1
X	16317829	16318137	-1	1
2L	8083821	8089185	1	1
4	904758	904816	1	1
3L	3319906	3320515	1	1
2L	2770192	2770259	1	1
3L	23738185	23746190	1	1
3R	29222312	29222428	-1	1
3R	21307540	21308374	1	1
2L	8363893	8363962	-1	1
3R	21298346	21298464	1	1
2R	2857073	2868177	1	1
3R	15935935	15957652	1	1
3L	4430094	4433183	1	1
3R	23808930	23809210	-1	1
3R	7865431	7865701	-1	1
3R	10582755	10613407	-1	1
3L	3717377	3742700	-1	1
2R	7564732	7565536	-1	1
2L	14040399	14041321	1	1
3R	9640869	9643491	1	1
2R	23689307	23689369	1	1
2R	12446142	12446215	1	1
3L	12186298	12186535	-1	1
2R	15218656	15218713	1	1
3R	10707787	10707858	-1	1
X	6655773	6657607	1	1
2R	10982818	10990406	-1	1
3R	10159503	10160574	-1	1
X	5793697	5794308	1	1
3L	5157150	5158503	-1	1
3R	27422861	27437148	-1	1
3R	9778173	9778656	1	1
3R	11402274	11402612	1	1
3L	3962670	3963511	-1	1
2R	24073166	24073317	1	1
X	23281186	23438759	1	1
3L	21270718	21270977	-1	1
X	19653263	19653322	1	1
2R	17016325	17016413	-1	1
2R	19435718	19435777	-1	1
X	3692999	3701246	1	1
3R	19095576	19095717	1	1
3L	4074132	4074220	-1	1
X	16373175	16374926	1	1
3L	1758901	1759015	1	1
X	11376974	11381856	1	1
2L	20832288	20832340	1	1
X	15795102	15795893	-1	1
3R	15856323	15856383	-1	1
2L	12094369	12095028	1	1
2L	23512909	23513074	1	1
X	16527975	16530784	-1	1
3L	4135077	4135190	-1	1
3R	22727318	22728868	1	1
X	4698651	4845425	1	1
2L	10376885	10377248	1	1
3R	12811778	12811950	-1	1
3R	14879761	14879832	1	1
X	3245627	3339414	1	1
X	11108634	11110041	-1	1
2L	2756380	2756449	1	1
3L	17426671	17426728	-1	1
3R	24101681	24103186	-1	1
2L	7526945	7552844	-1	1
3R	21800742	21801940	-1	1
3R	21972698	21975521	1	1
2L	9854879	9869532	-1	1
X	18161145	18170278	1	1
X	7698620	7706193	-1	1
4	177544	177743	-1	1
X	12686874	12714088	-1	1
X	14827951	14831791	-1	1
2L	133989	134267	1	1
2L	9293028	9295440	1	1
2R	10558534	10561686	1	1
3L	21680162	21682939	1	1
2L	1984065	1984295	1	1
3L	19994911	19995836	1	1
3L	269905	270044	1	1
2L	1836784	1837033	1	1
3R	11766472	11766567	-1	1
3L	4545153	4546643	1	1
3L	1868935	1869127	1	1
2R	15567714	15567829	-1	1
3R	17321124	17321216	-1	1
3L	20495942	20496905	1	1
3R	29046010	29046342	1	1
3R	8247431	8247486	1	1
3L	12645307	12645363	1	1
X	5334481	5374926	1	1
3R	10864909	10864966	1	1
X	8178955	8239500	1	1
2L	9870360	9877869	-1	1
2L	14355478	14358323	1	1
3L	3899482	3899710	-1	1
2L	13485877	13495880	1	1
X	13297448	13297527	1	1
X	13383384	13384735	-1	1
X	3674084	3726681	1	1
2L	17875271	17901809	-1	1
3L	8440154	8441031	-1	1
3L	7854181	7854736	-1	1
3L	17400403	17401101	-1	1
2R	22037987	22039356	-1	1
2L	3516269	3516330	1	1
2L	1555206	1556540	1	1
X	15847516	15899894	1	1
X	15746767	15748761	1	1
2L	21028682	21051003	-1	1
3R	22389449	22389665	-1	1
X	20252598	20253066	1	1
3R	14733015	14733209	-1	1
X	11125507	11125565	1	1
X	11125616	11126621	1	1
2L	22125119	22128498	-1	1
2L	1724938	1725008	-1	1
2L	7033019	7035407	1	1
3L	7916881	7935944	-1	1
2R	10156513	10158462	-1	1
3R	13666249	13666419	1	1
3R	26532423	26535159	-1	1
3L	17488333	17501445	1	1
3L	17501479	17507625	1	1
X	3857678	3858391	-1	1
X	16943899	16948854	1	1
3L	21745612	21760247	-1	1
3R	20973993	20974485	1	1
X	22456399	22469868	1	1
3R	7571107	7592230	-1	1
3L	3899478	3899706	-1	1
2R	23878959	23879624	-1	1
3R	25600047	25600861	1	1
2L	10761345	10764797	1	1
2L	9176468	9177125	1	1
mitochondrion_genome	2189	2844	1	1
2R	8826075	8826143	1	1
3R	21785733	21805038	-1	1
4	487964	488750	-1	1
2R	19022490	19029146	-1	1
3R	23983941	23984197	1	1
4	190083	193545	-1	1
X	18861743	18861819	1	1
X	11579552	11580216	1	1
3R	11392674	11395960	1	1
3R	13022089	13023095	1	1
X	16100350	16104920	-1	1
3R	22081950	22082249	1	1
X	11139935	11140001	-1	1
3L	19889424	19891065	-1	1
X	12988922	12989029	1	1
3R	18927177	18927351	-1	1
3R	4713234	4713384	-1	1
X	11374147	11409480	1	1
3R	23984137	23984428	1	1
3R	9634476	9634537	-1	1
3R	26468799	26468857	1	1
2R	11592176	11594460	-1	1
X	15113072	15113558	1	1
X	19740726	19740782	-1	1
3R	27789113	27797384	-1	1
2L	18547045	18562710	-1	1
3R	13224816	13225170	-1	1
2R	4236558	4236699	-1	1
X	11113526	11121499	-1	1
2R	22936114	22936256	-1	1
3R	8727972	8728031	1	1
4	570534	570604	1	1
3L	8441719	8442207	-1	1
3R	9111946	9157114	-1	1
2L	10398718	10402441	1	1
2L	18861898	18861956	-1	1
3R	7090067	7090452	1	1
3L	23011021	23011438	1	1
3L	4918515	4918596	1	1
2L	9272560	9291694	1	1
3L	3516829	3533812	1	1
X	3693147	3703324	1	1
4	137168	137223	1	1
4	463645	466292	-1	1
4	447236	450242	1	1
3R	17605244	17605369	1	1
2L	5914116	5914175	1	1
Y	2929107	2929171	-1	1
Y	2929198	2929263	-1	1
X	20773558	20775498	-1	1
X	15096785	15105980	1	1
3R	22379366	22379434	1	1
X	15094614	15094667	1	1
3R	14891877	14891951	-1	1
3R	14034100	14034162	1	1
3R	14026945	14031573	1	1
X	14587158	14587266	-1	1
3R	9070712	9234269	-1	1
3L	2601423	2601493	1	1
2L	5047480	5047543	1	1
X	5187047	5307266	1	1
3R	8749258	8756024	-1	1
X	16680292	16682201	-1	1
X	12731907	12742173	-1	1
2R	8902886	8902936	1	1
X	15855134	15855368	-1	1
X	12949251	12957954	1	1
3R	22616224	22616278	1	1
3L	2599502	2599688	1	1
3R	17152495	17152551	1	1
3L	9048964	9068798	-1	1
2L	9291251	9293180	1	1
3R	19415825	19458426	1	1
X	8919068	8927081	1	1
3L	269322	270030	1	1
2L	8543886	8544277	1	1
3R	4657210	4657581	1	1
3L	7705121	7705462	-1	1
X	515846	517691	-1	1
X	503406	503853	1	1
X	3762858	3767675	1	1
X	6602334	6605180	1	1
2R	15138437	15138509	1	1
3L	1655995	1751337	-1	1
3L	226238	230762	1	1
X	9354187	9354976	-1	1
2R	19398800	19399026	-1	1
2R	14038865	14058589	1	1
2R	13158963	13159017	1	1
2R	14180820	14181211	-1	1
X	2673619	2674597	1	1
X	17937161	17966711	-1	1
X	1413748	1452071	1	1
X	9158197	9158266	1	1
2L	16678582	16678643	1	1
4	133714	133795	1	1
X	4322760	4365271	1	1
2R	7044108	7044209	1	1
3L	1632455	1634505	1	1
3R	21306640	21307752	1	1
2R	18306136	18313848	-1	1
3R	19243879	19243930	-1	1
X	5086180	5089241	1	1
2L	9230778	9256780	1	1
2L	11794586	11795912	-1	1
4	275580	275663	-1	1
X	10188782	10193358	1	1
2R	16859575	16859633	1	1
X	20764451	20770993	-1	1
2R	810545	810834	1	1
X	10238446	10244350	-1	1
3L	23330090	23330698	-1	1
2R	16958193	16958261	1	1
3R	15381329	15381496	1	1
X	11429858	11430082	1	1
2R	24050903	24050963	1	1
X	3953255	3953452	1	1
3R	11335467	11402779	1	1
4	1127736	1128065	1	1
3L	2746009	2766427	-1	1
X	18534854	18554030	1	1
3L	12266261	12266655	-1	1
X	20062365	20062659	-1	1
3R	22462780	22462848	-1	1
2R	8000832	8001228	-1	1
2R	6752989	6754180	1	1
3L	5425212	5429163	1	1
X	8088895	8090012	-1	1
2R	23698361	23698423	1	1
3R	23154775	23154845	-1	1
2L	9292249	9293025	1	1
3R	11684979	11685036	-1	1
4	446232	446631	1	1
3R	27561847	27565449	-1	1
2R	16620492	16628069	-1	1
X	17862201	17862274	1	1
3L	11495045	11495151	1	1
3L	3743746	3745853	-1	1
2L	21390298	21391099	1	1
2R	20236764	20239074	1	1
2L	1652949	1697690	1	1
2R	20656131	20656183	-1	1
4	871847	871912	-1	1
3L	25844108	25873860	-1	1
3R	8004648	8004714	1	1
3L	16115831	16116032	1	1
3L	19997220	19997292	-1	1
3L	15162129	15162252	1	1
3R	25875240	25875659	-1	1
3L	1314091	1314158	-1	1
2L	1997959	1998232	-1	1
2R	18688632	18691913	1	1
3L	5272782	5272922	-1	1
3L	750228	752278	1	1
X	12569895	12582807	-1	1
2R	12168204	12174091	-1	1
3R	27924701	27924752	1	1
2L	1140423	1140979	1	1
3R	29133786	29134398	1	1
2R	14277368	14298750	1	1
2L	9176462	9177125	1	1
2R	2495024	2515643	-1	1
3L	16353421	16353992	-1	1
3R	20978249	20978416	1	1
3L	4369738	4369826	-1	1
2L	7216866	7217546	-1	1
3R	5638910	5639581	-1	1
2R	9887055	9887166	-1	1
3L	4430077	4432972	1	1
2R	13831175	13833294	1	1
X	16477754	16516623	1	1
2R	6699152	6699260	1	1
2R	12273918	12276283	1	1
2L	4325130	4325375	1	1
X	827658	835392	-1	1
2R	18119812	18124751	-1	1
3R	31216352	31216592	-1	1
X	8758101	8805583	-1	1
2R	10524933	10532039	-1	1
2L	19754281	19755869	-1	1
3R	18248159	18248221	1	1
X	18172018	18172164	1	1
2L	2957265	2960690	1	1
3R	14329349	14329639	1	1
3R	11371368	11396104	1	1
X	645914	645990	1	1
3R	26057160	26057255	1	1
3R	8818878	8820262	-1	1
3L	10481946	10506070	-1	1
2R	15540404	15540457	-1	1
2R	10108425	10109534	1	1
4	1046701	1047001	-1	1
4	32962	43216	-1	1
X	4428307	4484077	1	1
X	23015049	23015763	1	1
2L	9728499	9743377	-1	1
2R	4712046	4712101	-1	1
2L	6122191	6122264	-1	1
3L	15851506	15893656	-1	1
3R	31216356	31216685	-1	1
X	10075473	10079312	-1	1
X	12140914	12142827	-1	1
2L	17739714	17751939	1	1
X	17973733	17986836	-1	1
2L	21390248	21394905	1	1
3R	31775503	31775559	-1	1
3L	9413938	9426569	-1	1
2R	17975205	18007357	-1	1
3L	15810305	15812468	-1	1
3R	21309538	21309815	1	1
2R	24050730	24050792	1	1
X	9469753	9498310	-1	1
2R	12759895	12760153	-1	1
X	13967801	13985797	-1	1
4	1033780	1034324	1	1
2L	21115093	21116260	1	1
3R	8646244	8647824	-1	1
3L	20218158	20336938	-1	1
2R	23544385	23544691	1	1
X	13763089	13767787	1	1
3L	11074012	11074116	-1	1
3L	17400534	17400843	-1	1
3L	9177497	9178541	-1	1
4	892950	893248	-1	1
2R	8897803	8897865	-1	1
X	10309397	10309619	-1	1
2R	3933471	3938552	-1	1
X	3189439	3189500	-1	1
2R	12273946	12274749	1	1
3R	15135379	15135499	-1	1
3R	22729760	22729817	-1	1
3R	8819264	8820613	-1	1
3R	30517695	30518096	-1	1
X	21374822	21375307	1	1
3R	8817742	8818589	-1	1
3L	5747637	5747834	1	1
X	14301519	14301569	1	1
2L	9292200	9293202	1	1
2L	21380729	21381899	1	1
3R	21199380	21200760	1	1
4	191387	193049	-1	1
X	6200298	6223263	-1	1
2R	3473817	3662900	1	1
3L	17400534	17400863	-1	1
X	13157854	13157914	-1	1
2L	829972	830145	1	1
3R	6648886	6648945	1	1
2R	11599641	11615579	-1	1
2R	2170220	2173283	1	1
3L	9178780	9182047	-1	1
2L	7832305	7832437	1	1
2L	9295210	9295440	1	1
2L	10334813	10335781	1	1
2L	21727574	21728028	1	1
2L	5211062	5211191	1	1
3R	8756213	8767366	1	1
2R	2495024	2522431	-1	1
4	1277593	1278436	-1	1
3L	4090596	4090658	1	1
3R	4951247	4952164	-1	1
3R	7068095	7068708	1	1
2L	19587472	19594434	1	1
X	9589065	9614419	1	1
3R	4923693	4923754	1	1
3L	5818026	5818109	-1	1
2R	15992934	15992993	1	1
3R	5335061	5336381	-1	1
3R	27580326	27581073	-1	1
2L	22925920	22927438	1	1
X	14206264	14211311	-1	1
3L	3181021	3181086	1	1
3L	8828504	8835052	1	1
3R	23983921	23984362	1	1
X	5903975	5904220	1	1
3R	18426205	18545345	-1	1
3L	20793219	20793742	-1	1
3R	17080357	17082664	1	1
2R	8826275	8828928	1	1
3R	15935585	15935784	1	1
2R	9865070	9865124	1	1
X	9343775	9359049	1	1
2L	10315074	10315345	1	1
X	8293812	8295212	1	1
2L	21382111	21391131	1	1
3L	9499215	9505132	-1	1
2L	5043384	5046173	1	1
3L	12123575	12124712	-1	1
3L	1578910	1578974	1	1
3L	1578997	1592744	1	1
3R	21308134	21308412	1	1
2L	7831925	7832569	1	1
3R	30877595	30881012	-1	1
2R	17687493	17687556	1	1
3L	25674219	25674370	1	1
3R	19458221	19458744	1	1
X	5333101	5333370	1	1
3R	11331168	11392931	1	1
3R	29383187	29486224	1	1
2L	12456975	12457031	-1	1
X	18090238	18090317	-1	1
3R	31935392	31975796	-1	1
3L	15591675	15591779	-1	1
3R	21296663	21298322	1	1
3L	11112849	11113574	-1	1
2L	10369206	10369275	1	1
3R	23355786	23355863	-1	1
X	5839239	5839343	1	1
2L	21641605	21643170	1	1
3R	24490992	24497811	-1	1
2R	25254827	25261272	1	1
3R	15955966	15957652	1	1
X	13899966	13985317	-1	1
2L	991334	1012887	-1	1
2R	11214200	11214263	1	1
2R	24130214	24130276	-1	1
2L	10328411	10328468	-1	1
2R	14514216	14514283	1	1
4	249728	249790	-1	1
2R	19395778	19395911	-1	1
X	5834481	5836029	1	1
2L	21382335	21390052	1	1
2R	3933464	3943429	-1	1
2R	17867336	17867514	-1	1
3R	19886469	19887085	-1	1
3R	19415894	19457334	1	1
X	1859460	1861268	-1	1
2L	2012203	2013698	1	1
3R	12470220	12477349	-1	1
3L	14792090	14799109	1	1
3L	9374063	9374762	1	1
X	9153160	9153329	-1	1
3R	19766648	19767526	1	1
3L	19261608	19261713	1	1
3L	9146234	9149757	-1	1
3R	14567007	14567165	-1	1
X	7196973	7198021	1	1
3R	24110017	24171911	1	1
X	18006140	18006779	-1	1
X	8282896	8366567	-1	1
2L	13394443	13394725	-1	1
3R	9112101	9112633	-1	1
2R	13275397	13277444	-1	1
X	1513649	1514483	-1	1
X	5904091	5904608	1	1
2R	1369084	1369151	-1	1
3R	29041794	29041867	1	1
3R	29041925	29046398	1	1
3R	15213401	15213466	1	1
3L	11683260	11683574	1	1
4	572172	573613	1	1
3R	9629616	9629708	-1	1
2R	18412085	18412148	-1	1
3L	12278626	12281281	1	1
X	6257911	6258069	-1	1
4	671237	680440	1	1
3R	1589256	1628634	-1	1
X	5673541	5699548	1	1
X	18079931	18079993	-1	1
3R	8817720	8818643	-1	1
3L	4580522	4582570	1	1
3R	18848803	18848911	-1	1
3L	9374068	9374750	1	1
2L	8439903	8442304	1	1
3R	18464352	18464438	-1	1
X	8398159	8398216	-1	1
3R	21995772	21995838	1	1
3R	11371645	11396122	1	1
3R	17947599	17959369	1	1
mitochondrion_genome	13044	15847	-1	1
3R	28084617	28085405	-1	1
2L	873540	875038	1	1
2R	23889059	23889983	-1	1
X	109722	114022	1	1
3R	8817503	8818818	-1	1
4	867788	867871	1	1
X	16318608	16320079	-1	1
3R	26042813	26042995	1	1
2L	10403155	10403222	-1	1
3L	15954136	15954525	-1	1
2R	18129268	18129842	1	1
2R	24786096	24786239	-1	1
3R	19416101	19457555	1	1
3R	21084655	21084719	-1	1
X	13784252	13811215	1	1
3R	16070037	16070098	-1	1
3R	19744288	19749480	1	1
2R	18497522	18497705	-1	1
3L	17287314	17305305	1	1
3L	21838435	21838492	-1	1
3L	21554181	21554946	-1	1
2L	2889867	2890450	1	1
2L	9624721	9642292	-1	1
X	11977563	11979625	-1	1
2R	16764375	16765396	-1	1
2L	3024087	3024143	1	1
3R	18248384	18248843	1	1
X	15989296	15989361	-1	1
3L	5658291	5659538	1	1
3L	11214766	11216586	1	1
2R	13992048	14058573	1	1
2R	4322516	4322574	-1	1
3R	25268039	25268104	-1	1
3L	278332	281343	1	1
2R	14157147	14157203	-1	1
3L	11816059	11816123	1	1
2L	20576275	20583686	1	1
3L	6333093	6351157	-1	1
3R	21307474	21309699	1	1
2R	7041731	7042601	1	1
3L	17847119	17849247	1	1
2L	5767067	5769307	-1	1
2L	10272907	10272996	-1	1
3L	3717377	3743641	-1	1
X	17862921	17862986	-1	1
X	12832147	12878741	-1	1
2L	10253075	10253139	1	1
3R	7269775	7270645	1	1
2R	4514427	4514882	-1	1
2R	13512209	13512297	1	1
3R	14618475	14618690	1	1
3L	5161083	5273230	-1	1
3R	19178201	19178882	-1	1
X	15893026	15903790	1	1
4	43158	43231	1	1
X	12941856	12945843	1	1
X	631984	632044	1	1
2L	8310851	8310913	-1	1
3R	9418001	9419807	1	1
2R	25254827	25259740	1	1
3L	14865174	14865242	1	1
X	15861267	15863785	1	1
X	10406701	10406762	1	1
2L	6110225	6113030	-1	1
3R	5757269	5757339	-1	1
3R	31216825	31216917	-1	1
3R	8818989	8819094	-1	1
2L	21624643	21628468	1	1
X	127934	128102	1	1
3L	9374696	9374773	1	1
X	15861449	15862559	1	1
2L	18845305	18845756	1	1
4	666933	680440	1	1
X	1409780	1409876	1	1
X	11964260	11964626	-1	1
3L	1666597	1666782	-1	1
2R	9503846	9505127	1	1
2R	9994578	9995787	-1	1
3L	25969112	26165739	-1	1
X	4930066	4934782	-1	1
2L	3989801	3991540	-1	1
3R	16636365	16636429	1	1
X	12917650	12945796	1	1
3R	23983707	23984369	1	1
X	12942174	12946654	1	1
3L	239186	239243	-1	1
X	10244627	10249826	-1	1
2L	4854482	4876043	1	1
2L	9176662	9177125	1	1
2L	11925716	11928543	-1	1
3R	21121220	21121553	-1	1
3R	17872850	17874947	-1	1
2L	3296486	3296544	-1	1
3L	3893572	3894164	1	1
3L	8195914	8196431	-1	1
X	7283869	7283941	-1	1
3L	3198003	3198110	-1	1
X	11681115	11681718	1	1
2L	21382081	21390231	1	1
3R	22729285	22729353	1	1
2R	21294732	21294787	-1	1
3R	12225520	12225582	-1	1
3R	7277689	7281726	-1	1
3L	2962235	2962289	1	1
X	17906272	17907031	-1	1
2R	10176936	10186050	-1	1
2L	19031033	19031533	-1	1
2L	19031030	19031527	-1	1
3L	5424140	5429163	1	1
3R	22517276	22520041	1	1
3L	984059	984137	1	1
3L	4590588	4590638	1	1
X	18901696	18901927	1	1
3L	309641	310127	-1	1
X	22995915	23004550	-1	1
2R	9994622	9995187	-1	1
X	938467	939247	1	1
X	5838631	5840631	1	1
X	15892918	15902248	1	1
X	6104102	6104292	-1	1
3R	15793954	15794829	1	1
3L	11496573	11496649	1	1
3L	12143686	12143797	-1	1
4	137652	142848	1	1
2L	13550421	13550985	1	1
X	10238465	10249826	-1	1
3L	4363128	4363988	-1	1
2L	12100934	12101055	-1	1
X	13746489	13754826	-1	1
2R	10109369	10109587	1	1
2L	8661289	8661359	1	1
3L	17400888	17401074	-1	1
3R	4408004	4408059	-1	1
X	12524227	12529488	-1	1
3R	14367500	14369972	-1	1
2R	19447578	19448087	-1	1
X	15871970	15872030	1	1
2L	21576875	21596050	1	1
2R	21205542	21205746	1	1
2R	21205815	21208470	1	1
X	12832341	12886601	-1	1
3L	20817147	20818212	-1	1
3L	25978151	26014021	-1	1
X	5819207	5839135	1	1
2L	9896352	9896768	-1	1
2R	25102577	25102695	1	1
X	11962341	11962451	-1	1
2R	4783173	4784071	1	1
3L	17400562	17400800	-1	1
X	10357814	10358086	-1	1
X	254922	254984	1	1
2R	10108244	10109660	1	1
X	5076122	5081792	-1	1
2R	22608968	22609293	1	1
mitochondrion_genome	11007	11332	1	1
2L	10401742	10401804	1	1
3L	5664262	5665177	1	1
2L	20797843	20797964	1	1
2R	14981824	14989553	1	1
3L	17527644	17527706	-1	1
2R	17788704	17789079	-1	1
2R	14163152	14163642	-1	1
2L	16545265	16545353	1	1
3L	16584445	16585778	1	1
3R	4430169	4432329	-1	1
3L	16405171	16405568	-1	1
3R	11329506	11329599	1	1
3L	24028939	24030755	1	1
2R	2753116	2892118	1	1
3L	15810301	15812313	-1	1
3R	5659617	5660208	1	1
4	905400	909049	1	1
2R	2494933	2495000	-1	1
X	12651418	12651479	1	1
X	18169568	18169696	-1	1
X	6126858	6128378	-1	1
3R	13012945	13019342	1	1
2R	15424406	15452857	1	1
2R	17004422	17004483	-1	1
X	12230070	12272305	1	1
X	21320036	21323239	-1	1
3R	23835456	23844551	1	1
2L	11810247	11811103	-1	1
3R	16266574	16266712	1	1
2R	11444628	11444684	-1	1
X	7009383	7009490	-1	1
X	2173080	2173234	1	1
3R	30818866	30820379	-1	1
X	5073160	5073240	-1	1
2R	12517430	12517546	-1	1
3R	31595062	31595456	-1	1
2R	19442741	19442801	1	1
X	13383334	13384402	-1	1
3L	9401607	9402280	-1	1
X	14322505	14455156	1	1
2L	11276076	11276137	1	1
3L	3825583	3825638	1	1
2R	5669420	5669481	1	1
2L	1010068	1011550	-1	1
3L	11488186	11495306	1	1
3R	18724068	18725133	1	1
3R	23983912	23984428	1	1
2R	8867534	8867598	1	1
2R	16764375	16765020	-1	1
3L	9485655	9486282	1	1
3R	27942976	27943394	-1	1
3R	18118348	18248848	1	1
2R	9892534	9892588	1	1
2L	10203478	10203597	-1	1
3L	9730598	9730982	1	1
2L	19120026	19120231	-1	1
2L	21382147	21390258	1	1
3L	3546132	3552787	1	1
2L	9292763	9293188	1	1
2R	16763341	16772258	-1	1
3L	3087891	3087957	1	1
X	10968146	11039455	-1	1
X	4076427	4076492	1	1
X	11432760	11437375	-1	1
X	19196141	19197371	-1	1
3R	3585314	3585373	-1	1
3L	13874015	13886080	-1	1
4	950643	1046180	-1	1
2L	9069211	9070950	-1	1
2R	23878914	23880644	1	1
3L	7453510	7453660	1	1
2L	14492977	14493080	1	1
X	11290346	11293127	-1	1
3L	1345865	1345943	-1	1
3R	4280823	4282674	1	1
4	90592	90678	1	1
X	636280	638333	1	1
3L	11488252	11497010	1	1
2R	24048451	24048639	-1	1
3R	25352046	25397309	-1	1
X	14211444	14216747	-1	1
2R	19668479	19669247	-1	1
3R	11399475	11400912	1	1
3L	5726595	5728491	1	1
X	16528120	16528409	-1	1
X	2448066	2450277	1	1
2R	13826482	13829538	1	1
3L	212560	212618	-1	1
3R	24946640	24946884	1	1
2L	1653349	1697735	1	1
3L	3051792	3051983	1	1
X	16532721	16535073	-1	1
2L	10411823	10411881	-1	1
2L	21635211	21635620	1	1
X	22961461	22961764	-1	1
3L	11112383	11112445	-1	1
X	18170228	18172913	1	1
3L	15609125	15637268	1	1
2R	16400415	16402471	1	1
X	5904030	5904530	1	1
X	5398763	5399532	1	1
3L	5692837	5695251	1	1
3R	29490754	29490806	-1	1
2R	6668257	6668309	1	1
3R	21306161	21306996	1	1
3R	24104960	24105122	-1	1
2R	9409654	9413225	-1	1
X	17553311	17553729	-1	1
3R	20288803	20303852	1	1
X	5086055	5087356	1	1
3L	21271169	21278262	-1	1
3L	1599915	1599979	-1	1
3L	11603669	11604329	1	1
2L	10981113	10981179	1	1
X	9472661	9499874	-1	1
X	15890617	15891984	1	1
3R	3788128	3789763	-1	1
3R	17545409	17545661	-1	1
2L	9125941	9126669	1	1
3R	23984399	24004143	1	1
3R	12465863	12504513	1	1
3L	11116362	11116428	-1	1
3L	11603479	11604411	1	1
3L	23740897	23748841	1	1
mitochondrion_genome	13012	13391	-1	1
2R	16645458	16650813	1	1
2R	16319097	16319153	-1	1
X	10619467	10619874	-1	1
2R	10205537	10205862	-1	1
2R	7970714	7970774	-1	1
2L	19506362	19507490	-1	1
3R	22487393	22487510	1	1
X	10781117	10781584	-1	1
3R	28237676	28237733	1	1
3L	23150330	23150453	1	1
4	313707	315034	-1	1
3L	5748717	5749386	1	1
3L	14037137	14037478	1	1
2L	1704584	1708213	1	1
3L	5679188	5680633	1	1
3R	23983917	23984349	1	1
X	6780860	6782174	-1	1
3R	5512228	5512295	-1	1
3R	24681518	24690792	1	1
X	3534774	3555513	1	1
3L	3472581	3510569	1	1
3R	31216327	31216699	-1	1
3L	999014	999079	-1	1
X	3453836	3478117	-1	1
X	16962826	16962932	-1	1
2L	21382113	21390258	1	1
2R	12274169	12276410	1	1
3L	9376557	9377261	-1	1
X	516686	517036	-1	1
2R	13943473	13946168	-1	1
3R	15265691	15265927	1	1
3L	3956184	3956637	-1	1
2L	2756895	2757872	1	1
3L	21483369	21483572	-1	1
2L	19759153	19759204	1	1
3L	2895095	2897244	1	1
3L	5748744	5749221	1	1
3R	20909388	20909571	-1	1
3R	13780331	13780523	1	1
3R	17475026	17475644	-1	1
3R	31598963	31599290	-1	1
2L	8826243	8829542	1	1
X	2241760	2241828	-1	1
2L	19435639	19435749	1	1
X	7934433	7935602	1	1
3R	11395352	11402563	1	1
3R	31852809	31857879	-1	1
2R	1310525	1333295	-1	1
3R	19769379	19771277	1	1
3R	11219292	11219352	-1	1
X	16595167	16595269	-1	1
X	11931936	11935858	-1	1
2R	7041731	7041785	1	1
X	5642027	5642934	-1	1
2R	1105982	1113198	1	1
X	5338131	5339948	-1	1
3L	9105241	9106379	-1	1
3R	19154226	19155067	-1	1
2R	12590746	12590915	-1	1
3L	256594	256649	-1	1
2L	18858463	18858952	1	1
2L	8427117	8430281	1	1
3L	19833520	19833592	-1	1
2L	293474	293602	-1	1
2R	12759898	12760210	-1	1
2R	18120665	18120728	-1	1
X	1045584	1045765	1	1
3R	31989330	31990840	-1	1
3L	13042508	13043694	1	1
2R	8311629	8311707	1	1
2L	23161257	23161416	-1	1
3L	734097	804931	-1	1
X	20917474	20926962	-1	1
X	21383628	21383700	-1	1
3L	15906194	15906637	-1	1
3L	9456644	9540829	1	1
3L	9143427	9143503	-1	1
X	15706201	15710443	-1	1
2L	10404219	10404426	-1	1
X	3964353	3964417	1	1
X	15972734	15972813	-1	1
2L	7233807	7234527	-1	1
X	15113068	15113516	1	1
3R	30010843	30011450	-1	1
3L	21420503	21420690	-1	1
2R	9812665	9818997	-1	1
3R	14367500	14369966	-1	1
X	23278541	23441304	-1	1
2L	20423481	20424275	-1	1
X	6742027	6742097	-1	1
3R	22029769	22030641	-1	1
X	12938799	12948012	1	1
2R	6797413	6798787	-1	1
2R	926143	928286	-1	1
X	16300158	16300226	1	1
3L	596611	599131	1	1
3L	6190251	6191807	1	1
X	6370331	6370815	1	1
4	1120802	1121459	-1	1
3R	27952415	27952475	-1	1
X	19530484	19530575	1	1
3R	4713262	4713438	-1	1
2R	16955573	16957147	1	1
X	15845927	15845984	1	1
3R	24314974	24315137	-1	1
3R	24315199	24315260	-1	1
2L	21274140	21274200	-1	1
2L	16247385	16248602	1	1
2R	14902404	14902511	1	1
2R	19673533	19673994	1	1
X	1866289	1866652	1	1
X	18027087	18027143	1	1
3R	11370867	11371313	1	1
X	19646338	19646827	1	1
2R	8164507	8164568	-1	1
3R	26537785	26545043	1	1
X	13746683	13754850	-1	1
3L	13481731	13483410	1	1
3L	4261825	4262114	-1	1
4	320036	328162	1	1
2R	14757551	14757606	-1	1
3L	17400578	17401094	-1	1
3R	4314477	4318809	-1	1
3R	24067626	24102793	-1	1
3L	23318842	23334610	-1	1
X	6878484	6878546	1	1
2R	10108821	10109506	1	1
3L	1491919	1491984	-1	1
3R	9400879	9400942	-1	1
2R	15542059	15542265	1	1
3L	7974183	7974301	-1	1
2R	22349893	22360660	-1	1
3L	1301024	1301385	-1	1
2R	10339241	10339303	-1	1
3L	16047448	16048994	1	1
X	16560919	16565885	-1	1
3R	11371719	11392223	1	1
X	10244292	10244555	-1	1
2L	22246535	22246647	1	1
2L	13486978	13489471	1	1
X	628544	628600	-1	1
X	6111249	6192402	-1	1
3L	20005490	20006519	1	1
2R	10581352	10601417	1	1
2R	7042011	7042580	1	1
2R	14646182	14693380	1	1
X	6911102	6924227	1	1
2R	13202953	13203018	-1	1
X	5793832	5794267	1	1
3L	6970620	6970681	-1	1
X	5759167	5759410	1	1
2R	3901331	3918151	1	1
2L	8826054	8828765	1	1
2L	5174565	5174890	1	1
3R	9420048	9432511	1	1
X	10244645	10249886	-1	1
3R	23979623	23980528	1	1
2L	6925662	6930025	1	1
3L	12137674	12137919	-1	1
3R	26826697	26837719	1	1
X	18096874	18097161	1	1
3R	4749025	4749687	-1	1
2L	19587528	19598688	1	1
3L	11938464	11938700	-1	1
3L	9146283	9169350	-1	1
3R	8786926	8793104	-1	1
3R	12561805	12595567	-1	1
2R	3066883	3078966	1	1
2L	20917121	20918232	-1	1
3R	23260162	23260221	1	1
3R	9487204	9489707	-1	1
2L	2772476	2781387	-1	1
2R	23966128	23966272	1	1
2R	6662758	6666720	1	1
2L	2886579	2890377	1	1
2L	2234351	2234409	-1	1
3R	17920104	17920389	1	1
3R	20975801	20975990	1	1
2R	11652072	11652140	-1	1
2R	16924511	16924934	1	1
3R	14626338	14626427	1	1
2R	9042610	9042666	-1	1
X	17553224	17553277	-1	1
3R	19756122	19756968	1	1
2L	8298341	8300506	-1	1
X	11981177	11983391	-1	1
3L	267854	268220	1	1
3R	4746441	4747039	-1	1
3L	3942271	3942358	-1	1
2L	11003005	11003604	-1	1
2L	8200281	8200346	1	1
3L	3899660	3900116	-1	1
3L	16504447	16504760	-1	1
3L	3833794	3833986	1	1
X	11424455	11428529	1	1
3R	31216360	31216603	-1	1
2L	2753655	2756086	1	1
3R	6367832	6367898	-1	1
3R	4301146	4301222	1	1
X	11622062	11623753	1	1
3R	14626619	14678271	1	1
3L	11123411	11125902	-1	1
X	2737414	2737470	-1	1
2L	9245713	9245777	1	1
2L	114992	160009	1	1
X	11817755	11836787	1	1
3L	8954271	8954378	-1	1
3R	8817759	8820181	-1	1
X	13059372	13064747	1	1
4	890920	891136	-1	1
2L	3074275	3095590	1	1
2L	1181794	1181855	1	1
3R	10324699	10324758	1	1
3L	3717373	3742759	-1	1
2L	17887149	17901345	-1	1
X	3859144	3861969	-1	1
2R	18415596	18415663	1	1
3L	9779594	9779652	1	1
4	468127	469219	1	1
3L	1341862	1341928	-1	1
3R	18177049	18178606	1	1
X	18173141	18174196	1	1
3R	30277958	30278302	1	1
2L	10218890	10220693	-1	1
X	22487410	22487564	1	1
3R	7087603	7088491	1	1
3L	17061850	17065243	-1	1
3R	24936149	24936255	-1	1
3L	17067255	17077618	-1	1
2R	17562539	17562660	1	1
3L	24167812	24253793	1	1
3L	12771284	12771842	-1	1
3L	1549911	1550714	1	1
3L	9108600	9124224	-1	1
X	15902308	15906009	1	1
3R	22751002	22751244	1	1
X	10781125	10781291	-1	1
2R	22108781	22109587	-1	1
4	1050610	1052744	-1	1
3R	23982055	23982241	1	1
2R	24892072	24892284	1	1
3L	20470805	20472837	-1	1
X	16815613	16815743	-1	1
X	15962452	15962536	-1	1
2R	1441210	1442769	1	1
2L	5108994	5206336	1	1
3R	22022630	22022887	-1	1
3R	21309566	21309843	1	1
3L	15077257	15077307	-1	1
2R	21061132	21061267	1	1
X	5754790	5754845	1	1
2R	17019425	17019521	-1	1
3R	11591310	11592357	-1	1
3R	9441151	9447813	1	1
X	14693196	14746573	-1	1
3R	14732857	14733208	-1	1
2R	14861335	14861875	-1	1
X	5904018	5904527	1	1
3R	16435761	16435856	1	1
2R	25091724	25094282	-1	1
3R	15836283	15836355	-1	1
3R	11207139	11207193	1	1
2R	17266212	17275410	-1	1
3R	19768101	19769512	1	1
2L	11110250	11110316	1	1
2L	1012530	1013296	-1	1
X	19203992	19204064	-1	1
X	14454230	14459157	1	1
2L	18973460	18973917	-1	1
X	16070869	16071035	-1	1
3R	5770599	5770673	-1	1
3R	13014989	13015108	1	1
3L	17525591	17526859	-1	1
X	9104506	9105607	-1	1
X	12917627	12919075	1	1
2L	19607053	19610528	1	1
X	3964498	3964567	1	1
2R	10107709	10109407	1	1
3L	3818147	3820133	1	1
3R	24191988	24192046	-1	1
2L	2973108	2973166	-1	1
X	9472658	9496053	-1	1
3L	5750364	5750549	-1	1
2L	5640664	5641855	-1	1
2R	10721378	10721653	-1	1
3L	13024428	13024485	1	1
2R	16858115	16858181	1	1
3R	17896975	17904352	-1	1
2R	19216520	19216743	1	1
X	18082380	18085194	-1	1
3L	996109	996283	-1	1
2R	10107672	10109387	1	1
2R	25254833	25261272	1	1
3R	15055108	15056155	-1	1
2L	21175934	21176007	-1	1
3L	17843749	17844838	-1	1
2R	10468938	10469201	1	1
2R	7787542	7789028	1	1
3L	8440138	8440677	-1	1
2R	11449073	11451438	1	1
X	11823370	11831232	1	1
X	13858873	13866590	-1	1
3R	30517695	30517991	-1	1
2R	11599641	11604769	-1	1
3R	17487721	17488387	-1	1
X	8548526	8551750	1	1
2R	7859246	7860992	-1	1
3L	4579520	4580077	-1	1
3R	8823436	8823682	-1	1
3L	17401238	17401292	-1	1
2R	20671850	20672340	1	1
X	15958312	15965748	-1	1
X	4702857	4704785	1	1
2R	8904331	8904432	1	1
2R	16765456	16765577	-1	1
X	9880505	9890276	1	1
3R	21777598	21777649	-1	1
3L	21527088	21527140	-1	1
X	9177775	9185371	1	1
3L	22833454	22833692	1	1
3R	8247691	8250160	1	1
3R	21306194	21307028	1	1
2R	14946305	14953364	-1	1
2R	21395046	21398887	-1	1
2L	8384541	8384700	1	1
3L	7831811	7832554	1	1
2R	9504457	9504651	1	1
2L	21157147	21157337	1	1
X	10630280	10710022	1	1
3L	8604771	8609734	1	1
3R	12468183	12477880	-1	1
3R	18714641	18718826	1	1
2L	1009797	1013229	-1	1
3R	17909513	17914971	-1	1
X	12570014	12582766	-1	1
3R	16052834	16052889	1	1
4	1285999	1317483	-1	1
2L	7977130	7984051	-1	1
3R	4301136	4301208	1	1
X	11485059	11506911	1	1
3L	21568187	21568379	-1	1
X	4664339	4666431	-1	1
3R	15954256	15954583	1	1
2L	6033876	6033931	-1	1
X	15939241	15940400	-1	1
2L	2772650	2779175	-1	1
X	1514793	1514857	1	1
X	15862863	15863097	1	1
3L	21270720	21270977	-1	1
3R	15954684	15957591	1	1
X	9358582	9358835	1	1
4	441452	442180	-1	1
X	4322754	4362196	1	1
2R	7467518	7473790	-1	1
2L	3377395	3378332	1	1
3R	9238627	9239811	-1	1
3L	14539070	14539553	1	1
2R	12298235	12298737	1	1
2R	11888511	11888575	-1	1
3R	24817737	24817862	1	1
2R	19447481	19448063	-1	1
X	3178524	3186131	1	1
2R	10024398	10025850	-1	1
3L	9155311	9157941	-1	1
2R	12009290	12088826	-1	1
3L	185264	185949	1	1
3R	17652969	17653287	-1	1
3L	23890207	23912278	-1	1
X	13832841	13832904	-1	1
2R	22930074	22930193	1	1
2R	15189424	15190212	1	1
3R	25268213	25268269	-1	1
X	18864886	18880855	1	1
2R	15542278	15542365	1	1
3R	11500429	11501117	1	1
3L	22840590	22841978	1	1
X	3332547	3334145	1	1
3L	3714977	3759391	-1	1
3L	20471149	20472641	-1	1
2L	8647401	8667372	1	1
2R	23687317	23687432	1	1
2R	10107700	10109645	1	1
2L	4875272	4876655	1	1
3L	269660	270302	1	1
2L	11987388	11987472	-1	1
X	6741938	6742081	-1	1
3R	16638887	16639654	1	1
2L	21389080	21390052	-1	1
4	858798	908937	1	1
3R	8817735	8820140	-1	1
3R	29487252	29487305	-1	1
2R	24573129	24573182	1	1
2L	7831941	7832732	1	1
2L	18473329	18473396	-1	1
X	16527900	16532589	-1	1
4	1196092	1196188	-1	1
2R	25075723	25077174	-1	1
4	464729	464797	-1	1
3R	9514926	9515441	-1	1
3R	21267454	21267510	-1	1
X	11676395	11676651	1	1
2R	15189174	15189244	1	1
2L	6969608	6970094	-1	1
X	6827750	6827818	-1	1
2L	13483730	13500341	1	1
2R	12882523	12882780	1	1
X	22995915	23008797	-1	1
3L	9384927	9385209	1	1
2L	21382095	21390273	1	1
4	535881	537175	1	1
2L	3071765	3080651	-1	1
3L	9514389	9514454	-1	1
2R	14277056	14277281	1	1
3L	10895135	10898652	-1	1
4	543265	543388	1	1
X	13986075	13988601	-1	1
3R	23808437	23816671	-1	1
2L	2409749	2410548	1	1
X	3689629	3692953	1	1
2L	2756171	2756855	1	1
3R	5270407	5349640	-1	1
3L	23150205	23150264	1	1
2L	17647559	17650138	-1	1
X	13967899	13985797	-1	1
2R	10125719	10137480	1	1
3R	27768434	27769699	-1	1
2L	21666378	21668106	-1	1
2L	4822805	4857631	1	1
X	5662330	5662662	-1	1
3R	31453407	31453466	1	1
3R	11332537	11334779	1	1
3L	7744142	7747552	-1	1
2L	14890288	14908968	-1	1
X	6258507	6258650	-1	1
3L	19988853	19988905	-1	1
3R	20403161	20403224	-1	1
3L	1635685	1635937	-1	1
2R	21205300	21205361	1	1
3L	24161180	24166284	1	1
2R	20540040	20540221	-1	1
2R	20540251	20540306	-1	1
X	8531898	8552012	1	1
2R	16763134	16763198	1	1
3L	11709420	11710241	1	1
X	7021877	7021979	-1	1
3L	8886399	8886497	1	1
3R	23250541	23250600	-1	1
3R	3493257	3495794	-1	1
2R	25255048	25259114	1	1
X	10255417	10256564	-1	1
3R	15956940	15957684	1	1
2L	8088371	8089185	1	1
3L	18955116	18955208	1	1
3R	9418115	9419570	1	1
X	17032420	17047334	-1	1
3R	8008501	8008552	-1	1
2L	23313231	23313329	1	1
3R	29995936	29996777	1	1
X	16334414	16336288	-1	1
2L	19896329	19901966	1	1
2L	21119953	21120060	1	1
3R	869549	947426	1	1
3R	10611277	10613294	-1	1
X	5085763	5089342	1	1
3L	6943074	6944432	1	1
3R	31216354	31216551	-1	1
3L	17401125	17401205	-1	1
X	9152644	9153888	-1	1
3L	22795791	22833043	-1	1
3R	16345947	16347056	-1	1
X	16452355	16453962	1	1
X	2588770	2599092	1	1
2L	3363763	3363827	-1	1
X	19751243	19759009	1	1
X	5744700	5746768	-1	1
X	5917810	5940760	1	1
3L	4284542	4284605	1	1
3R	13651648	13653537	1	1
2R	23561580	23561635	1	1
2R	23964825	23966441	1	1
X	11144977	11145118	-1	1
3R	11395874	11401158	1	1
X	10779408	10781808	-1	1
3R	19769469	19771114	1	1
3R	6366288	6366348	-1	1
3L	22751356	22751517	1	1
3R	31633617	31658579	1	1
2L	10989875	10990096	1	1
2L	13551667	13558800	1	1
3L	11114706	11115000	-1	1
3L	4558544	4563146	1	1
2R	18496869	18497842	-1	1
2L	13394396	13394584	-1	1
2L	16001104	16001220	1	1
2L	20859902	20860682	1	1
4	584334	584542	1	1
2R	7010301	7010432	-1	1
3R	9354708	9359262	1	1
X	15805474	15805558	1	1
3L	15566239	15566501	1	1
X	15233166	15233239	-1	1
X	13858168	13858889	-1	1
X	22980982	22982260	-1	1
3L	16978013	16980559	1	1
3L	3236968	3237438	-1	1
3L	19372403	19373492	-1	1
X	4180871	4203257	-1	1
2R	9821688	9821746	-1	1
X	7943228	7945896	-1	1
3L	19891497	19894801	-1	1
2R	18131735	18131794	-1	1
3R	16609829	16611143	1	1
X	17926179	17984177	-1	1
X	12731819	12742313	-1	1
2L	21382139	21390359	1	1
X	14861363	14903256	1	1
X	6879662	6881426	1	1
2R	6668889	6669922	1	1
3L	4363597	4363770	-1	1
X	287042	287329	-1	1
2R	13451876	13451928	1	1
X	10244332	10244555	-1	1
2R	18170899	18170968	-1	1
3R	21310052	21310517	1	1
3R	9876224	9930364	1	1
3L	5691705	5691890	1	1
2L	8101827	8105198	1	1
2R	19290226	19290386	1	1
2R	13581867	13582799	-1	1
2L	21261335	21261412	1	1
3R	4298590	4301402	1	1
3R	29683930	29685673	1	1
4	1115535	1120734	-1	1
X	15730968	15731045	1	1
3R	5569783	5569842	1	1
2L	19607125	19610508	1	1
X	16794637	16794696	1	1
X	5086449	5148945	1	1
X	8178637	8178912	1	1
3L	17037409	17038406	-1	1
2R	22609049	22609175	1	1
2L	19758944	19759002	1	1
2R	13580540	13580838	-1	1
X	5334495	5394011	1	1
3R	14644206	14650589	1	1
3R	11392341	11396098	1	1
2L	10399713	10399768	1	1
Y	132628	200724	1	1
3L	14406838	14409615	-1	1
3L	14753967	14754085	-1	1
3R	15957177	15960162	1	1
2L	1836784	1837019	1	1
3L	7372637	7373700	1	1
X	1514669	1514727	-1	1
3R	17890799	17890894	-1	1
X	17553509	17553582	-1	1
X	16331960	16332041	-1	1
X	15449509	15449705	-1	1
2L	1083545	1085990	-1	1
X	11969724	11975670	-1	1
X	8178854	8179161	1	1
3L	20262153	20262312	1	1
2R	13945553	13946283	-1	1
3R	9487204	9490067	-1	1
3L	17466500	17466583	1	1
2L	20714118	20714218	-1	1
3R	28443877	28444722	1	1
2R	11587139	11587538	-1	1
2R	1072036	1072251	1	1
X	15936249	15936319	-1	1
3R	691844	715175	1	1
4	539542	552409	-1	1
3L	4563897	4564351	1	1
2R	15156216	15180513	1	1
2L	2100431	2109524	-1	1
3L	13867590	13867765	-1	1
2R	8532408	8558428	-1	1
2L	19514587	19516617	-1	1
3L	10182541	10185979	-1	1
3R	11243014	11243782	1	1
3L	6744673	6744764	-1	1
3L	3607872	3608263	1	1
2L	3989801	3991729	-1	1
3L	21025820	21026819	-1	1
3R	23983916	23984446	1	1
2L	8083977	8084583	1	1
2R	6625292	6627454	-1	1
3L	9575723	9581391	1	1
2R	16925038	16926341	1	1
2L	9291859	9295409	1	1
X	11457765	11458230	1	1
3R	15199505	15199570	1	1
2R	10107736	10108223	1	1
X	11791022	11791082	-1	1
3L	9100561	9105993	-1	1
2L	4101500	4114479	1	1
2R	23385970	23386126	-1	1
3R	21302413	21303053	1	1
3L	7812260	7813105	-1	1
2L	13403892	13403954	1	1
X	17924567	17924827	-1	1
3R	16623093	16623155	-1	1
3L	4074258	4075122	-1	1
X	5165433	5211828	1	1
3L	3894321	3894747	1	1
X	12942165	12946548	1	1
X	1774223	1778612	-1	1
3R	6008310	6008551	-1	1
3R	9432504	9476667	1	1
3R	5334977	5349468	-1	1
3L	2963231	2963296	1	1
X	17820848	17823260	-1	1
X	17823304	17823378	-1	1
X	5669946	5670051	1	1
3L	7699386	7699486	-1	1
3R	20205474	20206198	1	1
4	450510	451190	1	1
3R	25038517	25038653	-1	1
3R	13967129	13969170	-1	1
3L	11629513	11630230	1	1
4	1124332	1124436	1	1
2R	5816555	5816618	1	1
2L	12045902	12046062	-1	1
3R	13256317	13258646	-1	1
2L	14040483	14041321	1	1
2R	9252513	9252573	1	1
mitochondrion_genome	11302	11494	1	1
3L	226317	230767	1	1
3R	24168072	24168857	-1	1
2L	12362650	12385562	1	1
3R	22899519	22914965	1	1
2L	13550421	13551336	1	1
2L	7831660	7831734	-1	1
X	1690809	1690873	-1	1
X	19618296	19618405	-1	1
3R	23983960	23984305	1	1
2R	18319583	18321020	-1	1
3R	31150495	31150594	1	1
3L	8470188	8470285	1	1
2R	6706199	6715104	1	1
X	13869491	13985299	-1	1
3L	994211	995604	1	1
2R	5217752	5222899	-1	1
X	15975060	15980605	-1	1
3R	4101389	4101465	1	1
X	6279796	6279866	-1	1
3R	12842858	12842979	-1	1
3R	23355387	23355440	-1	1
3R	18199375	18199534	-1	1
3R	12563120	12609806	-1	1
2R	6626963	6627131	-1	1
3R	31216361	31217905	-1	1
2R	13944796	13953322	-1	1
X	15860251	15861377	1	1
3R	28812956	28813968	1	1
3R	31598949	31599277	-1	1
Y	887790	918301	1	1
2R	5316480	5316540	1	1
3L	19587822	19587881	1	1
3R	15307785	15308031	1	1
X	19745256	19745536	1	1
X	5793670	5794373	1	1
3R	27580326	27581144	-1	1
3L	6943521	6944432	1	1
2L	13687659	13689356	-1	1
3L	10640949	10659556	-1	1
3L	16414494	16414794	1	1
X	4698671	4701947	1	1
X	5792403	5794415	1	1
3R	4297722	4297865	1	1
2R	25028485	25028542	1	1
2L	5520572	5521242	1	1
2R	8001001	8001256	-1	1
2R	18278971	18279506	-1	1
X	1481413	1566112	1	1
X	17994563	17997153	-1	1
3R	19415698	19460026	1	1
X	7084820	7085158	-1	1
2R	19447475	19447781	-1	1
3R	20974071	20974485	1	1
3R	11771301	11777474	-1	1
3R	10581845	10583273	-1	1
3L	9799247	9804688	1	1
2L	9870430	9877476	-1	1
2R	8952680	8960496	1	1
3L	17054433	17055296	1	1
3R	8817720	8818645	-1	1
3L	25978151	26010107	-1	1
3L	5658291	5665177	1	1
3R	20861511	20861566	-1	1
3L	1500309	1501351	-1	1
2R	8949674	8950183	-1	1
3L	9123911	9125172	-1	1
3R	27292331	27292391	1	1
X	15989301	15989377	-1	1
2R	25233547	25233623	1	1
X	11292058	11292875	-1	1
2L	21382156	21390224	1	1
4	223887	223945	-1	1
2R	5647825	5652507	-1	1
X	8969381	8971193	1	1
X	9152668	9153910	-1	1
3R	29178820	29181159	-1	1
3R	10389438	10396371	1	1
X	9165915	9188195	1	1
4	669456	680440	1	1
3L	20713301	20713484	1	1
X	6104098	6104296	-1	1
2R	16432901	16433019	1	1
3R	21297489	21298308	1	1
X	575676	577997	1	1
2L	18988118	18988178	1	1
Y	124294	132453	1	1
X	21048599	21048665	1	1
2R	16925285	16926346	1	1
2L	18845566	18845650	1	1
3R	15076466	15077036	-1	1
3R	7067730	7067788	-1	1
3L	12541378	12548477	-1	1
3R	23355551	23362814	-1	1
X	13381836	13382017	-1	1
3R	24068065	24101296	-1	1
3L	11691250	11691308	1	1
2L	16724172	16724232	1	1
2L	7179424	7181987	-1	1
3R	12349365	12349422	-1	1
3R	25111058	25111109	-1	1
3L	17401030	17544226	-1	1
X	9676670	9676757	-1	1
3L	844684	844741	1	1
X	9355179	9356115	-1	1
3R	10602934	10605088	-1	1
3L	3743773	3746305	-1	1
3R	3751337	3751972	1	1
4	560983	561679	1	1
4	561733	562042	1	1
3R	21299369	21300014	1	1
2L	10310310	10310544	-1	1
X	16797710	16797800	-1	1
3R	18007325	18008865	1	1
2L	7569120	7576245	-1	1
X	19580076	19598941	1	1
X	13387041	13387186	-1	1
2L	7498885	7499058	-1	1
3L	23279170	23287278	1	1
2L	7385141	7385260	-1	1
2R	24522012	24522865	-1	1
3L	23093879	23094684	1	1
X	9166460	9166535	1	1
3R	19765341	19765923	1	1
3R	14615798	14615857	1	1
3L	25303778	25303845	-1	1
X	16694372	16694951	-1	1
4	190062	193424	-1	1
X	5333587	5334290	1	1
X	4658459	4659818	-1	1
3R	13154750	13155278	-1	1
X	17929421	18060244	-1	1
3L	19995923	20004917	1	1
2L	14042235	14060961	1	1
3R	11396575	11400750	1	1
3R	13652264	13653911	1	1
3L	20168814	20168868	-1	1
X	11932697	11935824	-1	1
2R	23386623	23386790	1	1
2R	23386828	23386995	1	1
2R	6213752	6213812	-1	1
2L	19514690	19515168	-1	1
2L	7195363	7196824	-1	1
3L	17039194	17039257	-1	1
2R	4377802	4377906	-1	1
3R	14327184	14327253	1	1
2L	156349	156423	1	1
2R	16984491	16984699	-1	1
3L	252776	252835	-1	1
X	13967869	13985732	-1	1
X	8038059	8048499	-1	1
2R	16751564	16765341	-1	1
3L	16038527	16038588	-1	1
X	12832163	12868239	-1	1
3L	6262843	6263808	-1	1
X	13080568	13080638	-1	1
2R	22743552	22743841	-1	1
3R	4082053	4082154	1	1
X	11573984	11574053	1	1
X	13806665	13808370	1	1
2L	13560452	13565220	1	1
X	8874112	8875789	-1	1
3R	14034519	14034766	1	1
X	9163453	9165682	1	1
3R	30435273	30436227	-1	1
X	10781055	10781596	-1	1
3R	17686838	17686896	1	1
X	16452358	16453955	1	1
2R	24599274	24599423	-1	1
2L	21168805	21170191	-1	1
X	12128681	12216229	1	1
2L	7098503	7099313	-1	1
3L	5170441	5183931	-1	1
3L	1317786	1317849	1	1
2L	3322757	3322816	1	1
2L	19116678	19119506	-1	1
3R	24583194	24583663	-1	1
3R	14033770	14034953	1	1
X	3588682	3627719	-1	1
X	3627742	3708502	-1	1
3R	21309253	21309808	1	1
3R	7605469	7638824	-1	1
3L	7240942	7241226	-1	1
3L	7241256	7241320	-1	1
3R	20438224	20449459	-1	1
3R	11401620	11407423	1	1
2L	18592119	18592177	1	1
3L	5744786	5747317	1	1
2L	111118	112690	1	1
3R	16442243	16442723	-1	1
2R	4753464	4754500	1	1
X	19625398	19637939	-1	1
2R	12062648	12114080	1	1
4	937337	938332	1	1
2R	5757826	5757893	1	1
2L	21380362	21382065	1	1
3L	17400527	17401023	-1	1
3L	15992722	16004462	-1	1
3L	21569453	21569521	1	1
X	12590485	12591931	1	1
4	671167	671247	1	1
X	614714	614774	-1	1
3L	201877	202046	1	1
3L	21570504	21570556	1	1
3R	31790006	31790104	1	1
2R	8126870	8126924	-1	1
2R	23061772	23061836	-1	1
X	21209879	21211687	-1	1
3L	3717295	3743338	-1	1
2R	16328915	16329417	-1	1
2R	7834628	7834685	1	1
2L	2753517	2756060	1	1
X	12784349	12840228	-1	1
3L	3128207	3129676	-1	1
3R	10204149	10204212	1	1
3L	9382332	9384576	1	1
3L	5742333	5747747	1	1
3R	18248384	18250211	1	1
2R	14238315	14238376	-1	1
X	9629898	9629963	-1	1
3L	15521891	15522439	-1	1
3L	3057765	3057829	-1	1
X	3664670	3664811	1	1
2L	9714012	9743377	-1	1
3L	19995573	19995629	1	1
2L	16887327	16887481	-1	1
3L	6948733	6952650	-1	1
X	8050008	8055460	-1	1
3L	17992751	18060705	-1	1
X	5794347	5794476	1	1
3R	5810032	5810940	1	1
3R	11339707	11370251	1	1
2R	24891838	24892402	1	1
2R	15541529	15542229	1	1
3L	11059304	11059355	1	1
3R	8128196	8128262	1	1
3R	3788362	3790356	-1	1
2R	9230087	9230312	-1	1
2R	21296214	21296883	1	1
2R	24521973	24524088	-1	1
2R	15992713	15992778	1	1
2L	9825753	9869532	1	1
3L	10516036	10517962	1	1
3L	17647723	17654009	-1	1
X	12230371	12233276	1	1
3L	1584055	1592744	1	1
3R	6659316	6659388	1	1
2R	15189918	15190223	1	1
2R	23910824	23911391	-1	1
X	15697805	15862881	1	1
2L	3421947	3422760	-1	1
3R	20822735	20822802	1	1
3R	30005056	30005288	1	1
2R	16950481	16950541	-1	1
3R	5437650	5442126	1	1
X	10479718	10479789	1	1
3R	21878420	21878487	-1	1
2R	18278513	18293795	-1	1
2R	24770455	24771058	-1	1
X	17699999	17700903	-1	1
3R	24105184	24105447	-1	1
X	12868410	12868806	-1	1
X	2065745	2065817	1	1
2R	9321162	9350846	-1	1
X	17945303	18039927	-1	1
3R	14316381	14316477	1	1
3L	9097697	9101600	-1	1
X	18792533	18793129	1	1
X	15862568	15862703	1	1
3L	17354044	17354106	1	1
2R	24877298	24877370	1	1
2R	20276405	20276467	-1	1
2L	1009920	1010475	-1	1
X	4699195	4699435	1	1
2R	12438314	12440447	1	1
3R	30039187	30039245	-1	1
3R	31595023	31596150	-1	1
X	3860342	3861565	-1	1
X	22996362	23003543	-1	1
3R	11954360	11954805	-1	1
3R	25139052	25139610	1	1
X	5334495	5368033	1	1
3R	18514994	18515052	-1	1
3R	11224182	11224835	1	1
3L	22784753	22785283	1	1
X	2008212	2008345	-1	1
3L	20834053	20835898	1	1
X	3178514	3186128	1	1
2L	22536379	22536537	-1	1
2L	22536566	22536621	-1	1
X	3258799	3279965	1	1
X	2094419	2095010	1	1
2R	9102651	9102710	1	1
3R	24554405	24554465	1	1
2R	12760522	12760801	-1	1
2R	10223682	10234284	-1	1
X	6667416	6668488	1	1
2R	13169451	13169507	1	1
2R	21412419	21416880	-1	1
3R	9474973	9492650	-1	1
4	1128544	1129435	1	1
X	11981177	11983846	-1	1
2R	12166711	12167093	-1	1
2L	9272608	9291056	-1	1
2R	17036408	17036564	1	1
3L	15864121	15864602	-1	1
2R	10107672	10108628	1	1
2L	8110594	8116364	1	1
2R	9510005	9510221	1	1
X	6104876	6106100	-1	1
3R	7268442	7269307	1	1
X	15707065	15707129	-1	1
2L	18832047	18832106	1	1
3L	8241996	8248558	1	1
3R	21785892	21786402	-1	1
X	9152794	9153285	-1	1
2R	9841476	9841540	1	1
3R	10862737	10864514	1	1
2L	17459711	17461017	-1	1
2R	19237442	19238152	1	1
2L	2957092	2967815	-1	1
3L	10859678	10859799	1	1
3R	5759809	5760052	-1	1
3R	15246394	15246473	1	1
2R	18820708	18821631	1	1
X	11373112	11373817	1	1
3L	854411	854587	-1	1
2R	16559349	16561070	-1	1
2R	21024591	21024663	1	1
3L	21342137	21342194	-1	1
2L	20810374	20813156	1	1
3R	9448692	9450090	1	1
3L	9179196	9181790	-1	1
3R	31599034	31599297	-1	1
2L	7977136	7984057	-1	1
X	11384243	11387111	1	1
3R	9876224	9892640	1	1
X	5839712	5840687	1	1
2L	1724975	1725073	-1	1
2R	25032680	25036593	1	1
2R	25036635	25040292	1	1
3R	25888892	25889655	1	1
3L	9146132	9177846	-1	1
3R	11625187	11625475	-1	1
2R	2215091	2216978	-1	1
X	12784351	12784608	-1	1
2R	22413496	22413915	-1	1
3L	299017	300895	1	1
2L	2772639	2779172	-1	1
X	19520299	19520660	-1	1
2R	23847356	23848222	-1	1
2L	19585916	19585983	1	1
X	4077530	4077825	1	1
3R	29043191	29046909	1	1
3L	17527421	17527483	-1	1
2L	1836780	1837191	1	1
2R	17788710	17789126	-1	1
2L	10832097	10832412	-1	1
3R	17491848	17492030	-1	1
3R	8817720	8819118	-1	1
2R	1442978	1443029	1	1
3R	17539307	17539362	-1	1
2R	10107631	10109498	1	1
X	4332841	4348866	1	1
3L	18928258	18930065	-1	1
3R	15417274	15430654	-1	1
3R	16514177	16550207	1	1
2R	10730609	10730674	-1	1
2L	14040355	14041321	1	1
3R	19230900	19231310	-1	1
4	1225195	1230318	-1	1
X	17877985	17886754	-1	1
2R	15401469	15412646	1	1
2L	2405058	2405502	1	1
4	305179	306060	-1	1
2L	8219992	8220045	-1	1
X	12204354	12288055	1	1
3L	25969106	26165734	-1	1
3R	26867070	26868696	1	1
2L	10313036	10313093	1	1
2R	1591074	1593370	1	1
2R	20264360	20264600	1	1
3R	11635631	11635701	-1	1
3L	2541404	2552763	-1	1
3L	2552811	2554058	-1	1
3R	23983894	23984418	1	1
4	633861	633921	1	1
2R	5307353	5307414	1	1
X	9331479	9332454	-1	1
3R	14683104	14683285	-1	1
X	12631814	12633918	1	1
3L	8555972	8561359	1	1
3R	21307517	21307795	1	1
X	12596235	12596350	1	1
2L	11803899	11808014	-1	1
X	576178	577936	1	1
3R	11558685	11558757	1	1
3L	1660858	1661227	-1	1
3R	23777621	23777689	-1	1
3R	23983570	23984474	1	1
3L	19652419	19652647	-1	1
2R	14621751	14621960	1	1
3L	6944770	6946264	1	1
3R	9017035	9019641	-1	1
3R	24064732	24102782	-1	1
2L	15006175	15006318	1	1
2R	432461	438894	1	1
X	13670014	13670129	1	1
2L	15190962	15198843	-1	1
4	429579	429643	1	1
X	18884128	18949474	1	1
3L	10516426	10517962	1	1
4	134365	142991	1	1
2L	10392704	10393002	1	1
X	3190577	3208638	1	1
X	13759049	13761786	-1	1
3R	13387192	13389574	-1	1
X	1102402	1119685	-1	1
X	13846619	13985714	-1	1
X	6661294	6661354	-1	1
3R	24334370	24334433	1	1
3L	5193815	5201065	-1	1
3R	26876756	26879479	1	1
2R	15189777	15189887	1	1
3R	27645695	27646041	-1	1
2L	11993793	11993857	1	1
3L	291113	291314	1	1
X	1411809	1411894	1	1
3L	21281130	21281185	-1	1
X	17934579	17938606	-1	1
4	90560	90678	1	1
X	15860323	15861140	1	1
X	10618997	10619923	-1	1
3R	22370823	22372596	1	1
3R	5858345	5861286	-1	1
3R	5335061	5349996	-1	1
X	16490155	16491369	-1	1
3R	27114212	27114274	1	1
3R	16274418	16274527	1	1
X	11368471	11368875	1	1
X	10239546	10239679	-1	1
3R	21266114	21266624	-1	1
3R	9342289	9360252	1	1
3L	6943102	6944460	1	1
2R	13842094	13842908	-1	1
3R	19095022	19095397	1	1
3R	11751639	11752625	-1	1
X	16528022	16529816	-1	1
3L	17061799	17063013	-1	1
2L	1837407	1842899	1	1
4	1035402	1037072	-1	1
3R	7804955	7805407	-1	1
3R	18430965	18432564	-1	1
3L	15586601	15587005	-1	1
3L	11254910	11255907	1	1
X	9165893	9184099	1	1
3L	11603255	11603339	1	1
3L	3984665	3993829	1	1
X	9611572	9622279	1	1
2R	10108053	10108154	1	1
3L	21609650	21609719	1	1
3R	19095664	19095799	1	1
2L	16704386	16705196	-1	1
3R	23983755	23984362	1	1
3R	17803657	17803856	-1	1
2R	5242583	5245952	1	1
2L	20447214	20455558	1	1
2L	6480102	6480324	1	1
3L	7854455	7854642	-1	1
X	21319914	21319985	-1	1
2R	14526953	14548334	1	1
2R	21264534	21270761	1	1
3L	20013021	20013083	1	1
X	1043232	1045936	1	1
3R	22729880	22729947	-1	1
X	10348842	10356347	-1	1
X	18883987	18884059	1	1
3R	26532423	26533103	-1	1
X	17886670	17886754	-1	1
3R	16464562	16464698	-1	1
3L	15864740	15865758	-1	1
2L	7832276	7832660	1	1
2L	7870474	7871171	-1	1
2L	5327659	5327786	1	1
X	16483564	16483624	-1	1
3L	12414087	12414706	-1	1
2R	10107746	10108269	1	1
2L	1011495	1011660	-1	1
X	13967785	13995061	-1	1
2R	14384910	14384975	1	1
2L	7656464	7661698	-1	1
3L	6943180	6944383	1	1
X	19532215	19544934	-1	1
2L	9381764	9384640	-1	1
3R	27923306	27923370	-1	1
3R	25647267	25647337	1	1
2R	9580532	9581783	1	1
X	9503747	9550412	-1	1
2L	17650506	17650983	-1	1
X	6146220	6164474	-1	1
3R	6381017	6381690	1	1
2L	75475	76032	1	1
3L	16354928	16355097	-1	1
2R	12259459	12278522	1	1
3L	5747599	5749380	1	1
X	16065700	16066367	1	1
3L	3071385	3073081	1	1
3L	9901019	9901343	1	1
3R	14886531	14887847	1	1
3R	24055216	24055606	-1	1
2L	13444568	13444634	-1	1
X	13590114	13590471	1	1
3L	21568192	21568385	-1	1
3L	21879737	21907346	1	1
2L	9291271	9293188	1	1
3R	5753572	5753678	-1	1
2R	13581679	13581749	-1	1
4	416825	418289	-1	1
2R	5717499	5717555	-1	1
2L	10427237	10427833	1	1
3R	24031032	24031712	-1	1
3R	24101684	24103441	-1	1
2R	22879779	22879870	-1	1
3R	19415861	19457918	-1	1
3L	1654501	1655778	-1	1
2L	1256946	1273585	1	1
2L	199576	199637	1	1
3L	5929701	5930165	1	1
3R	11394707	11402785	1	1
3R	28047592	28090016	1	1
X	5086067	5089477	1	1
2R	18956127	18956257	1	1
3L	20881719	20885037	-1	1
2L	3804190	3804250	1	1
3L	9730850	9731039	1	1
2R	18154339	18155064	-1	1
4	118502	118555	-1	1
3L	8266435	8266558	1	1
X	10244627	10249876	-1	1
3L	9374204	9374725	1	1
2R	17585942	17586001	-1	1
3L	5161318	5161396	-1	1
3R	4084182	4084238	1	1
X	5643840	5673267	1	1
X	9165942	9181027	1	1
2L	2756461	2756965	1	1
X	9163913	9165682	1	1
3L	972403	973823	1	1
3R	29110536	29110689	-1	1
2R	9877238	9877301	-1	1
4	133714	134671	1	1
X	3949604	3954907	1	1
4	868400	870566	1	1
2L	10763096	10764810	1	1
2R	16387563	16387992	1	1
3L	11252808	11255077	1	1
2L	8338521	8338580	1	1
3R	9487204	9493634	-1	1
X	15878685	15878750	-1	1
3R	20973348	20973506	-1	1
3R	29318141	29318497	-1	1
2R	4829712	4829782	1	1
3R	8815580	8818611	-1	1
X	10835413	10836168	-1	1
3R	8745811	8745864	-1	1
2L	9338075	9341631	1	1
3L	1654468	1662948	-1	1
X	17924463	17924803	-1	1
3L	5658291	5664964	1	1
3L	19874340	19874541	1	1
X	13092003	13092089	1	1
X	9626726	9628278	-1	1
3L	21223111	21230880	1	1
2L	1009830	1010387	-1	1
2R	21480270	21481014	-1	1
X	3780690	3781655	1	1
4	1059837	1060122	-1	1
2R	24891918	24892215	1	1
2R	7467040	7473855	-1	1
X	5253912	5254561	1	1
2R	6151909	6168890	-1	1
2R	21412529	21449398	1	1
3L	9097915	9106424	-1	1
3R	11396710	11406641	1	1
X	18826288	18826393	1	1
2L	872081	872208	1	1
3L	9376567	9376619	-1	1
X	12946042	12948022	1	1
3R	9418048	9419783	1	1
3R	24055335	24057130	-1	1
2L	7032178	7032311	-1	1
2L	10255271	10255452	-1	1
3L	5156719	5160765	-1	1
3L	10875102	10875500	1	1
X	4658537	4659658	-1	1
3L	11196876	11197316	-1	1
3R	15368702	15368760	-1	1
2R	9309271	9321066	-1	1
2R	12092567	12118558	-1	1
2L	1179526	1179860	1	1
X	16334240	16334301	1	1
3R	27942017	27942683	1	1
X	9171191	9171743	1	1
3R	11754496	11763889	-1	1
3R	12984048	12984111	1	1
2L	448928	450449	-1	1
2L	450541	450666	-1	1
2R	1262258	1263993	-1	1
3L	24031926	24032116	1	1
2L	448931	450454	-1	1
3L	18865204	18865266	1	1
2L	9291835	9295438	1	1
3L	15956144	15956201	1	1
2L	13903718	13903781	-1	1
2L	6721597	6721650	-1	1
2R	1987132	2169043	1	1
X	11144928	11145160	-1	1
3L	7117537	7117599	1	1
3L	22878019	22878634	-1	1
2L	20095940	20096003	1	1
2L	18120073	18122122	1	1
2R	11793352	11807945	1	1
2R	9302221	9302402	1	1
X	1780245	1780331	1	1
3L	21568177	21568411	-1	1
3R	5667431	5667693	-1	1
3R	19412571	19415638	1	1
X	1218327	1218558	-1	1
3R	18980303	18980370	-1	1
3R	21305474	21306856	1	1
2R	24883735	24884526	1	1
X	12941965	12950279	1	1
3R	15792553	15802810	-1	1
X	16594819	16594882	1	1
3R	24853362	24854630	1	1
3R	10196782	10196841	1	1
2R	23368033	23375321	-1	1
2R	6879808	6879859	1	1
Y	124402	200779	1	1
2R	6756637	6756713	1	1
3R	21304130	21304495	1	1
2R	22645148	22645400	-1	1
3L	18753119	18753185	-1	1
2L	339442	340710	1	1
X	13859121	13860542	-1	1
X	18883213	19001930	1	1
3L	17798128	17798531	-1	1
2R	16924978	16925619	1	1
3L	1802106	1802161	-1	1
2L	18063933	18064634	1	1
3L	9091821	9091882	1	1
3R	12557076	12593483	-1	1
3L	12505818	12549055	1	1
3R	11329016	11396085	1	1
3L	3717323	3743475	-1	1
X	8757997	8758146	-1	1
X	6689309	6695861	-1	1
3R	21785756	21804558	-1	1
3R	23984181	23984283	1	1
2R	23913027	23913086	-1	1
3R	12475830	12477411	-1	1
3R	18247656	18248115	1	1
X	4698661	4699442	1	1
2L	14083293	14084545	1	1
3L	16414700	16415162	1	1
X	9779243	9780241	1	1
2R	24577108	24577176	1	1
3R	4737739	4739511	-1	1
3R	19768972	19769708	1	1
X	5165439	5171938	1	1
3L	19828946	19829020	1	1
X	13381923	13384588	-1	1
X	17926092	17928422	-1	1
2L	1360591	1360657	-1	1
4	89891	90678	1	1
3R	21309637	21309914	1	1
X	13381580	13381655	-1	1
2R	8949614	8950255	-1	1
X	10787940	10813741	-1	1
2R	11452384	11453393	1	1
X	21384357	21384981	1	1
3L	5167060	5168250	-1	1
3R	23760361	23760452	1	1
3L	3825220	3828388	1	1
X	23283453	23431559	1	1
2L	20423274	20423351	-1	1
2L	7831917	7832540	1	1
3L	27988703	28012537	-1	1
3R	22160094	22173932	1	1
4	1115184	1229994	-1	1
2R	927128	927356	1	1
2L	6928933	6931807	1	1
2R	24892079	24892287	1	1
3R	21948426	21949640	1	1
3R	15246359	15246461	1	1
2R	9370518	9371565	-1	1
3R	24691613	24691778	1	1
2R	12618141	12618443	1	1
2L	19514351	19514931	1	1
4	1015302	1015425	-1	1
X	4698696	4701990	1	1
X	8808235	8808608	-1	1
X	8410551	8411114	1	1
3L	2633628	2641891	1	1
3L	8519664	8523103	-1	1
2L	5041540	5041689	-1	1
X	10630010	10630339	1	1
3L	3471029	3471085	-1	1
X	13360853	13361214	1	1
3L	3120607	3120668	-1	1
3L	26556523	26570479	1	1
X	20465432	20465500	1	1
3R	19244965	19245030	-1	1
X	10461964	10464529	-1	1
3L	12797857	12804355	1	1
3R	29856834	29856887	-1	1
2L	17752203	17754272	-1	1
2R	17573034	17573096	1	1
2L	17594548	17600941	1	1
X	10813842	10822476	-1	1
2L	20346512	20346578	1	1
2R	19473741	19473805	1	1
3L	24975548	24975610	-1	1
X	15978210	15980670	-1	1
2L	10388369	10389272	1	1
3L	8720445	8720726	-1	1
3L	827698	827877	-1	1
X	12919128	13010799	1	1
3R	11396476	11400792	1	1
3R	28970583	28972522	1	1
3R	28047984	28049175	1	1
X	18059814	18059932	-1	1
2R	17276064	17351094	1	1
2L	2888599	2890377	1	1
3L	6101312	6103625	1	1
3L	11196876	11197129	-1	1
X	3288971	3289630	1	1
3L	842969	843020	1	1
3L	9150765	9163423	-1	1
2R	21144909	21145617	1	1
3L	9177498	9177677	-1	1
3R	30133129	30134251	-1	1
2L	9176381	9177376	1	1
X	12786073	12789615	-1	1
2R	10108257	10109581	1	1
X	1482481	1482673	1	1
3L	5739727	5740186	1	1
X	2150961	2153783	-1	1
3L	5425672	5429163	1	1
2L	16168506	16169397	1	1
3L	13522086	13534593	-1	1
X	16492516	16498270	-1	1
X	7909538	7909878	1	1
X	1381946	1385904	1	1
2L	17827884	17843591	-1	1
4	560412	560474	1	1
3R	24639765	24639824	-1	1
X	19699166	19699679	1	1
2L	15067690	15067916	-1	1
3R	23983894	23984350	1	1
X	8687055	8687232	1	1
3R	3462694	3468909	-1	1
2L	8521407	8521462	1	1
3L	20313805	20314660	-1	1
X	16554645	16556739	-1	1
3R	26532463	26534162	-1	1
X	2625786	2625864	1	1
4	1119018	1119937	-1	1
2R	5857455	5859955	1	1
3R	10581838	10613388	-1	1
X	8294250	8294393	1	1
X	1684746	1685647	-1	1
3R	20438238	20449235	-1	1
3L	4326245	4326984	-1	1
X	19519258	19520007	-1	1
X	9506377	9550434	-1	1
X	5838896	5839135	1	1
3R	8820140	8820622	-1	1
X	2078531	2079834	-1	1
3R	26055809	26055867	-1	1
3R	4707241	4711203	1	1
3R	8036868	8036934	1	1
X	5446925	5461724	1	1
X	16686770	16694043	-1	1
3R	23693148	23693335	-1	1
X	11429653	11430050	1	1
3R	19238997	19240759	-1	1
2R	15381559	15381850	1	1
X	13381696	13383070	-1	1
2L	9713984	9743390	-1	1
X	12635772	12653381	1	1
3R	20894578	20895581	-1	1
2R	15853277	15855277	1	1
3R	27924439	27924721	1	1
X	8081492	8089107	-1	1
2R	9147877	9147939	-1	1
3L	9178139	9178353	-1	1
3R	9148376	9153510	-1	1
3R	5760372	5760630	-1	1
3L	3717373	3746049	-1	1
2R	9059745	9059853	-1	1
2L	20903560	20916905	1	1
X	11719645	11719777	1	1
X	22455864	22457427	1	1
3L	13537985	13538707	-1	1
X	5673135	5673217	-1	1
2L	13900064	13900143	-1	1
X	2091892	2091962	1	1
2R	5121653	5121737	-1	1
2R	8125474	8125533	-1	1
3L	4074284	4074365	-1	1
3L	17400534	17400928	-1	1
3R	25376222	25396712	-1	1
2L	3296691	3296756	-1	1
3R	9448709	9450227	1	1
X	628540	628751	-1	1
2L	16168477	16169433	1	1
3R	18248373	18248445	1	1
3L	27618293	27766235	1	1
X	8407086	8431225	1	1
3R	13672813	13674146	-1	1
3R	4396180	4396786	-1	1
3L	3119735	3119799	-1	1
X	10848246	10848335	1	1
3R	9422247	9432029	1	1
2R	929293	951127	-1	1
3R	4468147	4468214	-1	1
2L	9955812	9955872	1	1
4	1149214	1151284	1	1
X	18827559	18827820	1	1
3R	4428624	4428975	-1	1
X	18813416	18819834	1	1
2L	9291859	9293188	1	1
3L	15562684	15562743	1	1
2R	7729582	7729642	-1	1
3R	727518	782428	1	1
3L	6018355	6018447	1	1
3R	23983922	23984283	1	1
3R	13019462	13023932	1	1
X	6130657	6131804	-1	1
3R	10167462	10170192	-1	1
X	23213295	23278199	1	1
3R	10408831	10409862	-1	1
2L	9743098	9743266	-1	1
2R	16280141	16280256	1	1
3R	29158691	29160177	1	1
2R	7040535	7042052	1	1
3R	10581817	10613217	-1	1
X	15861600	15862502	1	1
3L	8407467	8407522	-1	1
X	8823182	8825740	-1	1
2R	24053136	24053198	-1	1
3R	21850695	21855963	-1	1
3L	7168867	7189560	-1	1
2R	2053619	2116217	-1	1
3R	31154774	31154836	-1	1
3L	21568204	21568394	-1	1
2L	8713371	8740385	-1	1
2R	17867254	17867507	-1	1
3L	1490364	1491086	-1	1
3R	11224258	11224771	1	1
X	18171682	18172849	1	1
3R	12705404	12705458	1	1
2L	19052218	19052279	1	1
3R	21777328	21777393	1	1
2R	16974502	16975018	1	1
2R	931855	951127	1	1
2R	14410238	14410731	-1	1
2R	931855	949871	-1	1
3L	1498797	1499043	-1	1
3R	25680954	25682179	1	1
2R	9994747	10025044	-1	1
3R	21805176	21807599	1	1
2L	17750833	17751939	-1	1
2R	1516660	1521336	1	1
3R	4468405	4468464	-1	1
3L	1313909	1313975	-1	1
X	16071901	16073027	-1	1
X	8873861	8874852	-1	1
2R	12424109	12424166	1	1
3R	7570526	7570585	-1	1
3L	18459877	18459936	-1	1
3L	17071324	17071509	-1	1
2L	18238434	18238944	-1	1
3L	9064518	9065708	-1	1
X	14031360	14038141	1	1
X	16317835	16318058	-1	1
2L	21380274	21390124	1	1
X	246392	246451	1	1
2L	5948588	5948823	1	1
3L	5364210	5364943	-1	1
3R	21966942	21995520	1	1
3L	3221710	3221878	-1	1
X	5334495	5371831	1	1
2R	6766112	6767051	-1	1
X	12023379	12028729	-1	1
2L	9683998	9697990	-1	1
2L	15064362	15067447	-1	1
2L	21387807	21390258	1	1
2L	13551016	13551142	1	1
3R	5083850	5085188	-1	1
X	3724008	3724262	1	1
2L	7223698	7225606	-1	1
2L	7831664	7831734	1	1
3R	15310300	15312400	1	1
3R	14006020	14023646	-1	1
2R	16324980	16325468	-1	1
3L	15947580	15954525	-1	1
3L	22468278	22547914	-1	1
2L	10261996	10262408	-1	1
X	9152668	9153905	-1	1
2L	11237555	11255463	1	1
X	10782681	10786806	1	1
X	17825482	17825547	-1	1
3L	26650906	26835818	-1	1
3L	24748495	24757361	1	1
3R	29728050	29728105	1	1
3R	18248483	18250269	1	1
2R	16099020	16099079	1	1
3L	11525677	11527182	-1	1
3L	6055507	6055577	1	1
X	13360853	13361574	1	1
2L	19179798	19179947	-1	1
4	253701	258312	1	1
3R	23983961	23984303	1	1
X	5839032	5840683	1	1
X	11108634	11110041	1	1
2L	8120158	8120245	-1	1
X	15395192	15396399	-1	1
3L	9148681	9150493	-1	1
X	10244886	10246186	-1	1
2L	740691	740800	-1	1
3R	19415754	19457400	1	1
X	9112253	9113643	1	1
3R	13025030	13025389	1	1
2R	18524489	18526386	1	1
3R	13983365	14005963	-1	1
3R	14006020	14007173	-1	1
3R	20838446	20838513	1	1
2L	10847901	10848245	-1	1
3L	9177471	9178519	-1	1
2L	4439701	4440150	-1	1
2L	22550454	22551415	1	1
X	16074604	16108805	1	1
3L	9048954	9049162	-1	1
2R	24073163	24073312	1	1
3R	2307584	2413805	1	1
3R	8817720	8819168	-1	1
2L	10337073	10337141	1	1
2R	2495024	2522573	-1	1
2R	16924787	16925705	1	1
3L	15016966	15017063	-1	1
X	15991662	15991822	-1	1
X	14266709	14267607	1	1
2R	4547055	4552556	1	1
3R	14891837	14892254	1	1
3L	3211433	3211495	-1	1
3L	8432488	8441291	-1	1
3L	3924478	3925559	-1	1
3R	29855044	29855953	-1	1
2R	18355964	18356840	-1	1
3R	25873162	25874685	-1	1
2R	10638563	10638626	1	1
X	13662687	13662755	1	1
2L	8321454	8322034	-1	1
2R	22936132	22936487	-1	1
X	15860497	15865871	1	1
3L	9146318	9150466	-1	1
2L	12223292	12233160	1	1
3R	29861935	29862199	1	1
4	575646	575702	1	1
3L	9146118	9149290	-1	1
2R	12273980	12277047	1	1
3R	25282826	25282893	1	1
2L	17197087	17251509	-1	1
3R	20975096	20975208	1	1
2L	2081067	2081132	1	1
4	305181	305698	-1	1
3R	16644843	16644962	1	1
2L	22986925	22990754	1	1
3R	11819946	11819996	1	1
2L	6357396	6357448	-1	1
2R	17456539	17456622	-1	1
2L	9797022	9877905	-1	1
2R	6944871	6944941	-1	1
3R	9736272	9736339	-1	1
X	8179179	8230901	1	1
2L	20917121	20918338	-1	1
3L	17400530	17400884	-1	1
X	15989289	15989367	-1	1
2R	18278322	18288279	-1	1
2L	18443071	18443153	-1	1
X	17926179	17942614	-1	1
3R	11233325	11233402	-1	1
2R	22404461	22407044	1	1
3R	13378785	13379003	-1	1
2R	12628125	12628194	1	1
3L	7656204	7656375	-1	1
2L	21166949	21167003	-1	1
3R	7977069	7977562	1	1
2L	20814055	20814203	1	1
3R	28043776	28075677	1	1
2R	5146232	5148201	1	1
3R	24315530	24315592	-1	1
3L	19385535	19385855	-1	1
X	17928422	18063034	-1	1
X	16455592	16459582	-1	1
2L	22205534	22206074	-1	1
3L	3825595	3825668	1	1
2L	7216866	7217545	-1	1
X	11052858	11053034	-1	1
2R	10154635	10191978	-1	1
3R	8817678	8819157	-1	1
3L	4405616	4405785	-1	1
3R	18698335	18698401	-1	1
4	437388	438027	-1	1
X	16840652	16843313	-1	1
3L	3044870	3044973	-1	1
X	19332114	19336042	1	1
2R	7526269	7526531	-1	1
2R	928280	928398	-1	1
2L	19804097	19806381	-1	1
X	19506227	19506293	1	1
3L	1631852	1631907	-1	1
X	10806106	10806238	-1	1
2R	913973	914030	-1	1
2L	17384905	17385073	1	1
2R	12027152	12027223	-1	1
2R	12274045	12274640	1	1
2R	4595463	4599269	1	1
X	9186053	9189211	1	1
3L	10593111	10593268	1	1
2L	21172399	21172460	1	1
2L	7832063	7832732	1	1
X	1379373	1380138	-1	1
X	576138	578025	1	1
2R	14761213	14769371	-1	1
4	949225	949306	1	1
3R	31599010	31599302	-1	1
3R	30435441	30443399	-1	1
3R	31055356	31056491	-1	1
3R	24064888	24104566	-1	1
X	12785700	12787777	-1	1
3R	13969787	13969909	-1	1
3R	9562571	9562817	-1	1
X	8517597	8531697	1	1
2L	21700787	21710148	1	1
3R	22612234	22612293	-1	1
2R	24952004	24952060	1	1
3R	23817031	23818227	-1	1
2L	2787163	2792195	1	1
X	4698614	4699611	1	1
X	22470452	22470514	-1	1
3R	27788373	27788972	-1	1
3L	269716	270167	1	1
4	435934	436601	1	1
3R	11371654	11392410	1	1
X	5186977	5253700	1	1
2R	24770529	24771185	-1	1
2L	10841679	10841847	-1	1
2L	9293411	9295438	1	1
3R	11371397	11406754	1	1
4	1057756	1060402	-1	1
3R	24709570	24711045	1	1
3R	8818881	8820252	-1	1
3R	9418749	9431082	1	1
2R	15189938	15190042	1	1
3R	24128440	24128499	-1	1
3L	12851723	12852616	1	1
Y	974540	974647	-1	1
3L	3958507	3961649	-1	1
X	12917631	12945848	1	1
3L	9801622	9801875	-1	1
3L	17839983	17840036	-1	1
2R	16991663	16994160	1	1
2R	21096204	21096319	-1	1
3R	31750083	31750545	1	1
2R	2732609	2735042	1	1
2R	24399184	24399846	-1	1
2R	24399889	24400200	-1	1
3R	19753861	19754254	-1	1
X	3860309	3862038	-1	1
X	12652125	12652241	1	1
2L	6646948	6647422	-1	1
3R	18706107	18723988	1	1
X	12954584	12957156	1	1
3L	13927336	13927394	-1	1
3L	14125250	14125390	-1	1
3L	15810849	15811220	-1	1
X	12147464	12185913	1	1
2R	6828668	6829564	1	1
2R	12264785	12269287	1	1
X	11340380	11373890	1	1
3R	24530915	24530992	1	1
2L	216008	216077	1	1
3R	11436588	11437398	1	1
3L	21447498	21447556	1	1
3R	11013429	11019668	1	1
3R	13636490	13636971	-1	1
X	474507	474698	-1	1
3L	20315590	20316318	1	1
2L	6456810	6458815	1	1
X	13983174	13986223	-1	1
3L	18642364	18661357	1	1
3R	17708348	17715852	-1	1
3L	3914003	3919884	-1	1
3R	9728366	9728425	-1	1
3L	20348386	20348942	1	1
3L	13522114	13664695	-1	1
X	8531848	8552120	1	1
3L	25969245	26165596	-1	1
3R	32014676	32015248	-1	1
3L	20315249	20316385	1	1
3R	20780828	20783077	1	1
mitochondrion_genome	8397	8889	-1	1
3L	9048952	9049151	-1	1
4	1052756	1055252	-1	1
X	6742023	6742097	-1	1
2L	19494499	19494560	1	1
3R	30067835	30067898	1	1
3L	11488186	11498023	1	1
3R	9487231	9493011	-1	1
2R	9048338	9048467	1	1
2L	3068679	3068851	-1	1
X	474201	474310	-1	1
2R	12278229	12278392	1	1
2R	1074974	1076431	1	1
2L	21380362	21380680	1	1
2R	20236756	20239068	1	1
3L	8439683	8440853	-1	1
3L	25798743	25873860	-1	1
2R	12569613	12569681	-1	1
3R	24065027	24065268	-1	1
4	330340	342922	-1	1
3L	12221283	12240653	-1	1
3L	12240675	12264621	-1	1
X	6644759	6644828	1	1
X	13090032	13090152	-1	1
2L	16716218	16719126	1	1
3R	4301132	4301242	1	1
3L	20424845	20424898	-1	1
3R	15957019	15957669	1	1
3L	8281946	8282258	1	1
3R	5613972	5615780	1	1
X	3929964	3930919	-1	1
3R	31935379	31936823	-1	1
3R	8817735	8820146	-1	1
2R	9398115	9398184	-1	1
2L	10298990	10299044	-1	1
X	23283477	23431517	1	1
2R	10024250	10025850	-1	1
X	10255591	10256708	-1	1
3L	21921328	21925180	1	1
2R	24199217	24199277	1	1
2L	6061108	6061191	-1	1
4	892993	893455	-1	1
4	115203	115258	-1	1
X	8409365	8410282	1	1
X	8874102	8880313	-1	1
3R	17872781	17909384	-1	1
2R	11366967	11367172	1	1
3R	12423862	12424431	-1	1
3L	19568717	19569661	-1	1
2R	8903911	8904539	1	1
3R	20750355	20753509	1	1
3L	25636451	25670674	-1	1
3R	30385734	30385805	-1	1
2R	13538050	13538198	-1	1
3L	16853800	16854140	1	1
3R	20438136	20449328	-1	1
2L	9291254	9293180	1	1
3L	9900307	9900423	1	1
3R	26224798	26255304	-1	1
2L	8713020	8713089	1	1
X	16527900	16528538	-1	1
3R	27580326	27582000	-1	1
2R	9993939	9996460	-1	1
3L	4180356	4180731	-1	1
3L	226402	230767	1	1
3L	13538568	13664770	-1	1
3R	4301146	4301236	1	1
X	13285246	13285425	-1	1
3R	18576328	18577567	1	1
3R	18577585	18586279	1	1
2L	6646917	6647951	-1	1
3L	1314091	1314158	1	1
2R	19290230	19290664	1	1
X	9318019	9318150	-1	1
3R	29748019	29748611	-1	1
2L	21380303	21390178	1	1
2R	7674825	7674895	1	1
3R	31595014	31595554	-1	1
2R	11651271	11651324	-1	1
X	9152657	9153903	-1	1
3L	6952190	6952319	-1	1
3R	8990975	8992896	-1	1
X	15991383	15991564	-1	1
3L	9146299	9148362	-1	1
X	10255544	10257756	-1	1
3R	17676750	17676837	-1	1
3R	28564142	28572625	1	1
3R	1025615	1058079	1	1
3L	24228922	24230493	1	1
3R	9011950	9012045	-1	1
2L	2772476	2781052	-1	1
2L	1083467	1083829	-1	1
3R	32052978	32053246	1	1
3R	15792473	15802810	-1	1
4	1279840	1296026	1	1
X	5838177	5839222	1	1
X	934682	937941	1	1
X	12942155	12945796	1	1
X	2094332	2113234	1	1
3R	21302861	21303693	1	1
X	12938799	12948014	1	1
2L	9292008	9295492	1	1
X	13381902	13383346	-1	1
X	2080635	2080745	1	1
2L	9789616	9789675	-1	1
X	2691638	2691708	1	1
2R	24031089	24031487	-1	1
X	10814016	10822392	-1	1
3L	9835434	9835813	-1	1
3L	5566361	5677673	1	1
3R	20310639	20315839	1	1
3R	17909542	17915088	-1	1
3L	16374668	16374860	-1	1
3R	18248365	18250227	1	1
X	13617576	13617814	1	1
3L	21338348	21340221	-1	1
4	320045	328165	-1	1
X	8244060	8246094	1	1
2R	14276407	14276979	1	1
2R	13863577	13864002	1	1
2L	1159468	1159756	1	1
3L	17064060	17064824	-1	1
X	21603731	21604463	-1	1
2L	8037338	8038267	1	1
2L	5799273	5800044	-1	1
3R	31589287	31589346	1	1
2R	13170256	13170317	1	1
2R	8103913	8103967	-1	1
2L	18845253	18845614	1	1
2L	13831884	13831938	-1	1
3R	11233571	11233922	-1	1
2R	7674740	7675020	1	1
X	255825	255881	1	1
3L	8274670	8275505	1	1
3R	20204979	20205902	1	1
2L	9875813	9896267	-1	1
2R	18902913	18913443	1	1
3L	19601977	19602042	1	1
3R	19979606	20006235	-1	1
2L	21144206	21144974	1	1
2L	9292757	9293180	1	1
3R	14367500	14369601	-1	1
2R	12273948	12274649	1	1
X	22458261	22463539	1	1
X	19698246	19698307	1	1
2L	9291253	9295432	1	1
Y	975148	975231	1	1
X	576823	578942	1	1
3R	17674784	17677338	-1	1
3L	1577064	1592888	1	1
3L	17061861	17128918	-1	1
3L	4091252	4092662	1	1
3R	19756857	19765393	-1	1
3L	5664392	5664964	1	1
3R	22688409	22688482	1	1
Y	1056558	1178082	1	1
2R	23684187	23684248	1	1
Y	2985176	3160780	1	1
3R	25519730	25564080	1	1
3R	18193211	18198071	-1	1
mitochondrion_genome	8297	8406	-1	1
3L	1311537	1311670	1	1
2L	10762824	10764741	1	1
X	19395572	19406909	1	1
X	21384314	21448497	1	1
2R	23912322	23912384	1	1
2R	23912467	23912532	1	1
mitochondrion_genome	11887	15534	-1	1
X	12941908	12941979	1	1
3R	21304163	21305360	1	1
2R	7815728	7822143	-1	1
2R	23944904	23944960	1	1
X	11111963	11112165	1	1
3R	15240798	15240859	-1	1
3L	7979410	7979510	1	1
3L	3825820	3828388	1	1
3R	20911913	20911971	-1	1
2R	16635938	16637638	-1	1
3R	12511267	12511342	1	1
2L	6876831	6882966	1	1
3R	18712492	18718840	1	1
3L	3717323	3758958	-1	1
3R	26041925	26042892	1	1
2L	14040466	14041321	-1	1
3R	5375925	5376202	1	1
2L	6873545	6873938	1	1
X	5721087	5737583	-1	1
3L	17544002	17544060	1	1
X	10814772	10815602	-1	1
2R	12260189	12269378	1	1
2L	1679609	1702078	-1	1
X	15862931	15863770	1	1
2R	16924819	16926312	1	1
X	11369842	11373817	1	1
X	14462225	14567170	1	1
3R	11625626	11625698	-1	1
3R	21949571	22007431	1	1
4	862196	864119	-1	1
X	2590489	2592224	1	1
2R	16087726	16088305	-1	1
X	15175552	15177693	1	1
X	8137138	8140222	-1	1
3L	9137890	9138582	1	1
3R	20253124	20301437	1	1
X	4700929	4701990	1	1
2R	10509555	10509795	-1	1
2L	21382134	21390231	1	1
X	6277184	6277427	-1	1
X	8559580	8559653	-1	1
2L	3989801	3991634	-1	1
X	11703727	11704257	1	1
2R	4561688	4562845	1	1
2L	16976903	16982501	1	1
X	10836370	10836473	-1	1
3L	20834117	20835898	1	1
4	204793	205741	1	1
3R	14120229	14120285	-1	1
2L	16973312	16973416	1	1
2L	12456874	12457014	-1	1
X	127596	128921	-1	1
2L	3894252	3894311	-1	1
3L	12540147	12540390	-1	1
2L	2780774	2782751	-1	1
3L	9094207	9094569	1	1
3L	7916881	7925999	1	1
X	20427995	20428064	-1	1
3R	20974001	20974484	1	1
3R	11952160	11954161	-1	1
3R	567269	747709	1	1
2L	2718925	2719002	1	1
2R	16789916	16790156	1	1
2R	9585672	9585731	1	1
X	9175082	9188307	1	1
3L	16318070	16318199	1	1
3L	4240892	4240952	1	1
3R	24196494	24196555	1	1
3R	11396498	11400814	1	1
2L	216574	216632	-1	1
X	15883368	15883433	-1	1
3L	21436010	21436073	1	1
X	3256212	3256287	1	1
2R	2733221	2737086	1	1
3L	5658648	5664048	1	1
3R	9358507	9359064	1	1
3L	234505	234568	-1	1
3R	9432840	9440681	1	1
X	5793283	5794300	1	1
X	10714106	10726963	-1	1
4	1185026	1191579	-1	1
3R	4119920	4121286	1	1
3R	27945015	27945077	-1	1
3L	19567239	19567601	-1	1
2R	21512178	21512393	1	1
3R	17906190	17907987	-1	1
2L	21626941	21627353	-1	1
2L	11803899	11804363	-1	1
X	14453097	14454061	1	1
X	20764316	20828730	-1	1
Y	132628	200786	1	1
2R	3029344	3206165	1	1
3R	20747619	20753520	1	1
3L	6951914	6952460	-1	1
3L	17849260	17849318	1	1
X	9358582	9358836	1	1
3L	12617289	12617591	1	1
3L	9100536	9102834	-1	1
2L	21390096	21390218	1	1
3L	4074292	4074372	-1	1
3R	5083854	5085292	-1	1
X	22534538	22534609	-1	1
3R	14733211	14733275	-1	1
2R	21089366	21089430	-1	1
2R	11222113	11252481	1	1
3L	16038742	16038972	-1	1
3R	8817720	8820154	-1	1
X	18861752	18861810	1	1
3R	22727102	22728843	1	1
3R	4441083	4441260	1	1
2R	5245660	5296893	1	1
3L	6754494	6755420	-1	1
3R	19491879	19493965	1	1
3R	17909517	17915016	-1	1
3L	18819918	18820400	-1	1
2L	132256	132476	1	1
2R	25254942	25256518	1	1
2R	23878805	23880644	1	1
2R	5979743	5979945	-1	1
3L	7828713	7853183	-1	1
X	10814094	10814621	-1	1
3L	16614086	16614310	-1	1
2L	5951820	5951877	1	1
3R	31600604	31600674	-1	1
3L	3991382	3991897	1	1
2L	20985149	20993233	-1	1
4	179196	179264	-1	1
3R	14107434	14107729	-1	1
X	5839646	5840640	1	1
3R	20930946	20945164	-1	1
X	3478221	3478335	-1	1
3R	13664590	13666807	1	1
X	12785698	12787775	-1	1
X	2238174	2238234	-1	1
3R	18915926	18919423	1	1
3R	21266094	21266504	-1	1
X	20917474	20923296	-1	1
3R	25337622	25337674	-1	1
2R	10103142	10104256	1	1
2R	21693660	21693718	-1	1
3R	19095637	19095924	1	1
2R	7538416	7539049	-1	1
2R	8464600	8464653	1	1
X	23217117	23249618	1	1
X	12087440	12087498	1	1
2L	10430383	10430439	-1	1
2L	9673891	9673990	-1	1
3L	9179196	9181757	-1	1
2L	13560452	13565220	-1	1
X	12128595	12130940	1	1
2R	10108261	10108376	1	1
2L	6568586	6574030	-1	1
2L	473166	473223	1	1
X	16463540	16527461	-1	1
3L	4074266	4075099	-1	1
X	16551637	16564078	-1	1
X	10461969	10462503	-1	1
3L	20515621	20515725	-1	1
X	13336020	13336102	-1	1
2R	6627158	6627764	-1	1
X	16284762	16285022	1	1
2L	13208488	13208665	1	1
2R	6625301	6627418	-1	1
X	19520603	19520660	-1	1
3L	3121200	3123009	1	1
3L	16038529	16039831	-1	1
2R	23932815	23933259	-1	1
3R	9418001	9419766	1	1
3R	24180686	24183862	1	1
3L	11215815	11216586	1	1
3R	29221075	29222020	1	1
2L	3145268	3145664	-1	1
3R	13462225	13462522	1	1
3R	9557583	9557710	-1	1
2R	3933464	3938790	-1	1
3R	23818612	23818981	1	1
2R	20749215	20750156	1	1
3R	3750671	3752167	1	1
3R	29048220	29048573	1	1
3L	1640514	1640616	1	1
2L	9797050	9877894	-1	1
3R	23814194	23818227	-1	1
3L	9049120	9050275	-1	1
2L	12359684	12362601	1	1
3R	30517695	30517745	-1	1
3L	1626925	1627977	-1	1
2L	5803053	5985409	1	1
X	7706515	7707741	1	1
2L	10988384	10988484	1	1
X	18155691	18161529	1	1
2L	17476618	17476693	-1	1
3L	15822012	15822071	-1	1
X	9109695	9110595	1	1
3R	13373339	13373819	-1	1
3R	25137322	25137458	-1	1
2L	1012413	1013223	-1	1
2R	19629071	19630484	-1	1
3L	11200064	11200131	-1	1
3R	24837068	24839623	1	1
2R	3182520	3190619	1	1
2L	8089470	8109174	1	1
X	5251237	5253987	1	1
3R	15957451	15957661	1	1
3R	19415765	19460233	1	1
3L	1631758	1634783	-1	1
3L	14761553	14761640	-1	1
3R	5083868	5085686	-1	1
3L	1492464	1492646	-1	1
X	2245410	2245934	1	1
3R	29416994	29435626	1	1
4	1230119	1230649	-1	1
3L	15817174	15817232	1	1
3L	21568360	21568735	-1	1
3L	16842677	16842792	1	1
3L	9730384	9731077	1	1
X	15862874	15863108	1	1
3R	11399271	11402909	1	1
2L	8989230	8989423	-1	1
X	16095691	16096527	-1	1
X	15411104	15419963	-1	1
2L	14365238	14365629	1	1
2R	22645235	22646239	-1	1
3L	1631822	1636954	-1	1
3L	24254124	24258275	1	1
2R	16924978	16925637	1	1
2R	9292503	9302330	1	1
2R	15287939	15292773	-1	1
2R	17053145	17053269	1	1
3L	4953108	4955826	-1	1
2R	15189652	15189796	1	1
2L	22538569	22538627	1	1
2R	7043877	7043946	1	1
2L	14355474	14357341	1	1
X	2539845	2558737	-1	1
3R	4659826	4660239	1	1
X	15435684	15437028	1	1
3R	23962266	23962420	1	1
3L	21537767	21538345	1	1
X	17950765	17951192	-1	1
2L	21382143	21390222	1	1
2L	5920169	5920241	1	1
2R	6906361	6909385	1	1
3R	18950567	18950873	1	1
2L	6646948	6648635	-1	1
2R	14031840	14038033	1	1
3R	11335419	11402819	1	1
X	3481375	3482026	-1	1
X	19598774	19598864	1	1
2R	9059549	9059683	-1	1
3L	4417867	4419997	1	1
2R	11020213	11060776	1	1
3R	21972682	21975481	1	1
2L	10223398	10224118	1	1
3R	10070924	10071046	1	1
2L	17190433	17190834	1	1
3L	3057583	3057641	-1	1
2R	6036828	6038463	-1	1
Y	1526271	1667178	1	1
3R	18168207	18171529	1	1
2L	6743030	6753940	1	1
3L	13534452	13664415	-1	1
2L	1012422	1046903	-1	1
X	17983389	18155526	1	1
3R	22469800	22486704	1	1
3R	20792556	20797144	1	1
X	13384363	13384417	-1	1
2R	11621525	11629030	-1	1
2R	8666795	8674647	1	1
X	8431086	8452933	1	1
4	783938	786192	1	1
3R	22953202	22953347	1	1
3L	7312231	7312471	-1	1
4	214625	361449	1	1
2R	11678894	11679270	-1	1
2L	9292232	9293012	1	1
3L	3195211	3196937	1	1
3L	9400519	9400583	-1	1
3L	20315840	20316438	1	1
2L	9698234	9699235	-1	1
3L	17400479	17400836	-1	1
3L	27972872	27973113	-1	1
3R	22956688	22957288	1	1
3L	13861799	13861919	1	1
3L	15095186	15095274	1	1
3R	24038005	24038067	-1	1
3R	23983890	23984320	1	1
3L	12788629	12797683	-1	1
3L	8967734	8968018	1	1
3L	4429829	4435386	1	1
X	12919122	12924140	1	1
2R	12044909	12047976	1	1
X	5081116	5081181	-1	1
3L	4367707	4371845	-1	1
3R	19095549	19095850	1	1
2R	16291056	16291124	-1	1
3R	29039365	29046316	1	1
2L	13223933	13223991	1	1
X	13381044	13384762	-1	1
X	18844038	18844496	1	1
3R	24913582	24913827	-1	1
3R	29833282	29833933	-1	1
X	15279628	15440844	-1	1
3L	5645831	5648788	1	1
2R	23393481	23396429	1	1
2L	4874000	4874058	1	1
X	1575722	1604926	1	1
2R	19172525	19172712	1	1
2L	830350	830738	1	1
3L	20435418	20435558	-1	1
2L	6617232	6617293	-1	1
3R	17909507	17915060	-1	1
3L	25120819	25120878	1	1
X	13380694	13382780	-1	1
3R	20958130	20974008	1	1
2L	6966972	6967347	-1	1
2R	16859398	16859453	1	1
2R	16107668	16108643	-1	1
2L	22925331	22925381	1	1
3R	9010479	9013343	-1	1
3L	24537314	24542410	1	1
X	5365742	5396473	1	1
3R	23260660	23261112	-1	1
X	16885401	16885743	1	1
2R	12273953	12276419	1	1
X	5793711	5794415	1	1
3R	16102960	16103031	1	1
X	12732010	12741748	-1	1
2R	9090486	9090543	1	1
X	942786	943812	-1	1
3R	7531229	7532720	1	1
3R	11049587	11050033	1	1
3L	4074315	4074856	-1	1
X	5415456	5415528	-1	1
3R	21303331	21309808	1	1
2R	21293875	21294015	1	1
3L	12541378	12564895	-1	1
2R	8056062	8056162	-1	1
3R	18226468	18228526	1	1
2R	19564513	19574003	-1	1
2R	17797617	17797685	1	1
3R	9070957	9071512	-1	1
3R	10584537	10585726	-1	1
2R	10782970	10798340	-1	1
2R	9402586	9402656	-1	1
X	5756037	5758795	1	1
3R	21785873	21804603	-1	1
3R	20795275	20797144	1	1
3L	17400780	17590499	-1	1
2R	9864693	9865445	-1	1
3L	22518505	22570366	-1	1
2L	10438572	10444824	1	1
3L	27083594	27083708	-1	1
X	19331369	19331488	-1	1
2L	5044493	5046304	1	1
3R	18249865	18250242	1	1
2R	16924984	16926346	1	1
2L	2229394	2229457	1	1
3R	11396476	11400903	1	1
3L	13522231	13523920	-1	1
X	4358441	4358505	1	1
3L	9730590	9730977	1	1
2R	19518042	19523261	-1	1
3R	9092319	9098696	-1	1
3R	9098738	9157114	-1	1
3R	3583000	3584182	-1	1
2L	23512799	23512855	1	1
X	11817004	11817236	1	1
2L	4828256	4828691	1	1
Y	124280	132461	1	1
3L	23746545	23747873	-1	1
3L	21725951	21726163	-1	1
3L	15894323	15898443	-1	1
2R	14865448	14865508	-1	1
2R	12274049	12276396	1	1
X	15466264	15466673	-1	1
3L	9162748	9163666	-1	1
2L	5769514	5769574	-1	1
2R	19164171	19165164	1	1
3R	4301151	4301233	1	1
3L	13798506	13803334	-1	1
4	424008	429437	1	1
3R	28866524	28866585	1	1
X	17553267	17553787	-1	1
2R	19067541	19089861	1	1
2R	16986006	16986071	1	1
2L	21382077	21390224	1	1
3R	27565422	27567791	-1	1
2R	1113483	1113537	1	1
2L	8427180	8430279	1	1
X	12917757	12950246	1	1
3L	9688600	9689265	-1	1
3R	5574854	5574913	1	1
2L	9870360	9885997	-1	1
X	4698639	4699622	1	1
3R	24055335	24056064	-1	1
3R	13672813	13673148	-1	1
2L	20343948	20344655	1	1
2L	21261720	21261777	1	1
3R	29406664	29407896	1	1
3L	9974987	9975199	1	1
X	3580894	3582998	1	1
2L	4972511	4973588	1	1
X	1217841	1233942	-1	1
2R	8919464	8919524	-1	1
X	12741642	12742319	-1	1
2L	2772392	2782088	-1	1
3R	8562887	8562943	1	1
2L	18122231	18123349	1	1
X	15860251	15861224	1	1
3L	9737282	9738126	-1	1
2R	2954046	2968133	1	1
X	17625659	17626940	-1	1
X	20230594	20232117	1	1
3L	11629599	11630230	1	1
3R	10320831	10321155	-1	1
3R	25710148	25713842	-1	1
2R	1442559	1442769	1	1
2R	24523931	24524160	-1	1
3R	22959724	22959895	1	1
X	5793639	5794263	1	1
3R	29137287	29137352	1	1
2L	20748937	20750648	1	1
3R	21305084	21305916	1	1
X	9831863	9832492	-1	1
4	616182	618348	1	1
X	10814016	10814621	-1	1
X	13384360	13384414	-1	1
2L	8491981	8492573	-1	1
2L	21626657	21627320	-1	1
2L	12045877	12045967	-1	1
3R	15266128	15266433	1	1
2L	21382331	21390052	1	1
3L	18800391	18800974	-1	1
3R	28146903	28147500	1	1
X	1941057	1941124	1	1
3L	3717377	3742850	-1	1
X	13867962	13869020	-1	1
3R	13983365	13987570	-1	1
2R	6920666	6922231	1	1
X	8097074	8097162	-1	1
2L	10396983	10398035	1	1
2R	12273924	12276474	-1	1
X	16082976	16085858	-1	1
2L	19029007	19030645	1	1
3L	21446376	21446443	1	1
3L	15813627	15815936	-1	1
3R	23127046	23127105	-1	1
X	10255459	10257887	-1	1
X	1217851	1234123	-1	1
X	3905901	3906205	-1	1
2R	581239	581417	1	1
3L	6591418	6591479	1	1
3L	4588125	4589787	1	1
3L	3759259	3765643	-1	1
3L	17040177	17040949	-1	1
2R	24727160	24727417	-1	1
X	14586546	14586768	-1	1
3L	21845251	21845342	1	1
X	15916072	15916474	1	1
3R	9728603	9728659	-1	1
2L	7832063	7832577	1	1
3R	31749859	31768194	1	1
X	3245870	3342646	1	1
3R	26719309	26719367	1	1
2L	3806463	3810460	1	1
3L	3089920	3166084	1	1
3L	3892990	3893533	1	1
X	11804459	11804897	-1	1
3L	8130079	8131484	1	1
2R	8900730	8901162	-1	1
2R	13518856	13518977	-1	1
2L	13484226	13484282	1	1
2L	14229537	14233648	-1	1
3L	16374665	16374860	-1	1
3L	14118573	14118631	-1	1
2R	16088536	16088683	-1	1
2L	10623267	10625110	1	1
3L	4285921	4286172	1	1
3R	25246490	25246618	-1	1
3L	5167155	5181947	-1	1
X	2266540	2266597	-1	1
X	11370738	11373817	1	1
X	11373857	11373957	1	1
3L	7671050	7671278	-1	1
X	6137385	6137530	-1	1
3R	18730969	18731938	1	1
2R	23986102	23986160	-1	1
X	13867131	13985732	-1	1
3R	11336639	11339658	1	1
2L	12997647	12997813	-1	1
3L	11200199	11200253	-1	1
3L	11200329	11200398	-1	1
X	12154884	12159470	1	1
3R	28895063	28900824	1	1
3L	11823356	11823658	1	1
X	3842464	3860281	-1	1
2R	17267226	17275410	1	1
2R	15873466	15873535	-1	1
X	5334495	5394007	1	1
2R	21154167	21154544	-1	1
2R	16894743	16894895	-1	1
2L	19031580	19031644	-1	1
3R	19731147	19771310	1	1
3R	23983905	24027032	1	1
X	5793672	5794418	1	1
X	18039958	18040234	-1	1
2L	5725229	5741470	1	1
3R	14301708	14302102	1	1
3R	8105994	8106313	1	1
X	10244624	10249963	-1	1
3L	4432523	4433066	1	1
2L	8944168	8944233	-1	1
4	305179	305681	-1	1
2L	15269205	15270905	-1	1
X	3481370	3481838	-1	1
2R	19664072	19669541	-1	1
X	3955199	3955299	1	1
3L	4430094	4431827	1	1
2L	13163445	13164671	-1	1
X	13069308	13069422	1	1
3R	30389773	30390193	1	1
3R	23965936	23982531	1	1
2R	8100476	8100534	1	1
3L	10587688	10587843	1	1
3R	21306472	21309808	1	1
2L	2756357	2756928	1	1
3R	9234665	9237617	-1	1
2L	1159000	1159937	1	1
X	7839850	7840270	1	1
3L	7977271	7977327	1	1
2R	1344363	1344498	-1	1
X	3860316	3860594	-1	1
2R	12118904	12119213	-1	1
2R	11695050	11695114	1	1
3R	26608406	26608470	1	1
2R	18822523	18826019	-1	1
3L	23012822	23012880	1	1
3R	8817582	8818819	-1	1
2R	18278329	18288285	-1	1
3R	25517059	25519132	1	1
X	4141955	4142050	-1	1
3L	7144007	7144060	-1	1
3R	30879907	30880763	-1	1
3L	17061838	17235863	-1	1
2L	10737768	10737876	-1	1
X	20253260	20254429	1	1
4	273917	275663	-1	1
2R	18772899	18772958	1	1
3L	14792106	14799746	1	1
2L	6966932	6967202	-1	1
2R	13422504	13422602	-1	1
mitochondrion_genome	8297	8398	-1	1
2R	7948521	7953902	-1	1
2L	9292186	9293174	1	1
X	15886216	15887038	-1	1
3R	31597758	31599038	-1	1
3R	20838888	20839058	1	1
X	20764776	20770985	-1	1
X	5186982	5198447	1	1
3R	29482441	29482517	1	1
2R	10107619	10108349	1	1
X	89583	89651	-1	1
X	89700	89827	-1	1
2L	10403172	10403222	-1	1
2L	7568974	7574268	-1	1
3L	21625888	21625957	1	1
3R	9446498	9447629	-1	1
3R	29739980	29740568	-1	1
3R	15266764	15268033	-1	1
2R	5853802	5855515	1	1
3R	29171392	29173685	-1	1
X	17886470	17886605	-1	1
3L	22269492	22269574	1	1
3R	10226620	10228705	1	1
3R	32043882	32043939	1	1
3R	23983741	23984356	1	1
X	2078775	2078832	-1	1
3R	11751099	11751595	-1	1
3L	7710970	7713138	-1	1
2L	4318709	4318907	1	1
3R	21949234	21949640	1	1
3R	19415751	19460061	1	1
3R	23607666	23608369	-1	1
3R	23219250	23220417	-1	1
3R	19901811	19902841	-1	1
3L	16230325	16230382	1	1
3R	5084037	5086266	-1	1
X	1866306	1866635	1	1
3L	6754494	6754947	-1	1
2R	9432179	9432235	1	1
3R	27263452	27263777	-1	1
2L	10961368	10963226	-1	1
4	468127	469157	1	1
2L	8543716	8544544	-1	1
X	9152794	9153311	-1	1
3R	23622650	23626597	-1	1
X	21061920	21062348	1	1
3R	27924593	27924686	1	1
3R	31935776	31937892	-1	1
3L	5664878	5664964	1	1
3L	11488472	11496478	1	1
3R	4284407	4286009	1	1
3L	8241451	8248558	1	1
3L	11488248	11495154	1	1
X	9603725	9603801	1	1
2R	23914018	23914079	-1	1
3L	5816701	5817535	-1	1
3R	26051918	26051974	-1	1
2R	11894619	11895134	1	1
3L	9374501	9374672	1	1
2L	16545269	16545357	1	1
3L	7663325	7696644	-1	1
2R	24050607	24050659	1	1
3R	12561805	12595411	-1	1
2L	7409510	7409573	-1	1
X	3895577	3905815	-1	1
X	15950283	15950355	-1	1
2L	8084345	8089185	1	1
2R	21162061	21162237	-1	1
3L	15093325	15094248	-1	1
3R	15955903	15957250	1	1
3R	29133962	29134557	1	1
3R	16297346	16298470	1	1
2R	14276796	14277188	1	1
3R	23983924	23984283	1	1
2R	18718557	18718712	-1	1
3R	18165896	18166026	1	1
X	16362107	16363358	1	1
X	12514152	12517173	-1	1
3R	14567281	14567339	-1	1
2R	19308814	19309393	-1	1
3R	25682432	25683058	-1	1
3L	21341516	21341575	-1	1
3R	31776197	31776253	1	1
2R	12241525	12241589	1	1
3R	4296741	4301483	1	1
2L	5074030	5074092	-1	1
3R	10107480	10108695	-1	1
2R	12264918	12273766	1	1
3L	27268148	27268202	1	1
3L	9462676	9463076	1	1
X	12741862	12742216	-1	1
X	3859559	3862140	-1	1
2R	13947613	13953547	-1	1
3R	19411954	19412321	1	1
3L	1632429	1636866	-1	1
3L	12341286	12342158	-1	1
Y	2900427	2907778	1	1
2R	20330165	20330225	1	1
2L	7825878	7827119	-1	1
X	6232427	6236115	1	1
3R	4295601	4297842	1	1
X	12686886	12731566	-1	1
2L	10269901	10328765	1	1
2R	1515561	1598461	-1	1
2R	17208188	17275545	1	1
3L	2773305	2773399	-1	1
3L	9704893	9710253	1	1
3R	30878342	30879704	-1	1
3R	18010151	18013395	1	1
2R	6745195	6745253	1	1
2R	6374435	6392848	-1	1
X	19329934	19330101	-1	1
2R	11691576	11691968	1	1
3R	5659517	5660208	1	1
2L	5326649	5326711	1	1
3L	3149161	3149628	1	1
3R	20964961	20974470	1	1
2R	23985668	23987635	-1	1
2R	23987676	23988114	-1	1
3R	8820019	8820344	-1	1
X	5186982	5253700	1	1
X	1858407	1858561	-1	1
3R	12950519	12956942	-1	1
3R	8819264	8820538	-1	1
2R	25028892	25028946	1	1
2L	7196858	7203943	-1	1
4	273917	275514	-1	1
3L	9786263	9786373	1	1
X	20917474	20926786	-1	1
X	16457801	16506733	-1	1
3L	1625887	1626709	-1	1
3L	18765288	18765570	-1	1
2R	6696930	6697416	1	1
2R	6808465	6808882	1	1
3L	3193492	3194104	1	1
3R	8822174	8822469	1	1
2L	10390656	10392361	1	1
X	11622385	11623753	1	1
3R	6361823	6364394	-1	1
X	15862877	15863862	1	1
3R	17688641	17716750	-1	1
3L	3717251	3743325	-1	1
3L	1632455	1635366	-1	1
4	1274703	1294634	-1	1
2R	13452736	13452791	1	1
4	280432	280497	-1	1
X	13852812	13853032	-1	1
3L	20451258	20451875	-1	1
2L	9292200	9295428	1	1
3R	7096821	7096887	-1	1
X	12197643	12199709	1	1
3R	11674429	11674492	1	1
3R	11223531	11223858	-1	1
3R	17853131	17857787	1	1
X	11815540	11815754	-1	1
2R	19467935	19468790	1	1
2R	14768371	14768733	-1	1
X	12476933	12477176	1	1
3R	18298283	18298652	-1	1
3L	6943519	6944432	1	1
X	13861056	13861655	-1	1
2R	24771791	24771849	-1	1
2L	2772470	2783041	-1	1
3R	18573526	18576277	1	1
2R	20560154	20560207	-1	1
X	11962104	11962230	-1	1
3R	9522892	9523541	1	1
2R	12468850	12468912	1	1
3L	974301	974720	1	1
X	20420714	20420778	1	1
2L	12456971	12504121	-1	1
4	943210	943548	1	1
X	5176679	5250942	1	1
2L	409466	409532	-1	1
3L	3828482	3842343	1	1
X	10368265	10382733	1	1
3L	4103643	4106442	1	1
2R	14299889	14299952	1	1
X	11815540	11815742	-1	1
3R	8031446	8031506	-1	1
3L	255038	255163	-1	1
2R	25252660	25252757	1	1
X	4921786	4922916	-1	1
2R	21516916	21516974	1	1
X	13861431	13967564	-1	1
2L	9796990	9870378	-1	1
3L	21915010	21915114	1	1
3R	11438100	11464027	1	1
3L	8113230	8113283	1	1
2R	16764529	16765328	-1	1
X	4698696	4699622	1	1
X	11482602	11482698	1	1
2L	2755801	2756008	1	1
3L	19995503	19995629	-1	1
2R	10463807	10463966	1	1
3L	9428888	9428979	-1	1
X	6732868	6735631	1	1
3L	8054711	8058668	-1	1
2R	24968690	24968745	-1	1
X	12106434	12128600	1	1
X	1217835	1233934	-1	1
4	801312	802563	-1	1
3R	5541239	5541329	-1	1
2L	10330593	10331080	-1	1
2R	11666649	11667582	1	1
X	13078025	13078889	1	1
X	52694	93223	-1	1
2L	8543899	8544242	1	1
3R	19594099	19594369	1	1
X	2262617	2281300	-1	1
3R	4814774	4815287	1	1
2L	159820	162570	1	1
3L	17400534	17400940	-1	1
3R	21377077	21377288	1	1
Y	3004472	3046386	-1	1
2R	9480133	9490610	-1	1
2R	20663096	20663160	-1	1
X	11290370	11293201	-1	1
X	3665782	3666868	1	1
3R	9100129	9157110	-1	1
3L	12206295	12220715	-1	1
2R	15489350	15489547	-1	1
3R	23076977	23081349	-1	1
2R	18688742	18691959	1	1
3R	10204317	10214972	1	1
X	258505	260091	1	1
3R	31216356	31216890	-1	1
2R	12423730	12425234	1	1
3R	31807075	31807434	-1	1
X	15897213	15904109	1	1
3L	17400644	17400771	-1	1
3L	8516219	8518005	1	1
X	3340962	3342697	1	1
2L	1174988	1175047	1	1
2L	21380699	21390294	1	1
3L	17356281	17356350	1	1
2L	13299334	13299395	1	1
X	246845	247051	1	1
3R	12465683	12511221	1	1
X	20477188	20477266	-1	1
X	17937149	17966700	-1	1
3R	11224537	11224626	1	1
3L	4430136	4433171	1	1
2L	16722144	16722411	1	1
2R	24212614	24212727	-1	1
X	2554418	2572974	-1	1
2L	11143289	11143339	-1	1
3L	7853684	7854246	-1	1
3R	30278270	30362169	1	1
3R	21310473	21313922	1	1
4	429591	429810	1	1
2L	16265499	16287143	-1	1
3R	30593636	30593705	-1	1
2R	3106265	3121991	1	1
3R	27243764	27243823	-1	1
2R	23708488	23708630	1	1
3L	15851501	15893656	-1	1
3R	19764429	19765281	1	1
3R	791886	795263	1	1
2R	982020	987550	1	1
3R	15145240	15147065	-1	1
2L	10994022	10995844	1	1
3L	4580528	4586384	1	1
X	9506755	9550422	-1	1
3L	8953032	8953933	-1	1
X	8908326	8999380	1	1
3L	25798743	25816891	-1	1
2R	1442707	1442769	1	1
2R	7048180	7048244	1	1
2R	1072046	1072268	1	1
2R	22137209	22138000	1	1
2R	22138055	22152009	1	1
X	9152825	9153979	-1	1
2L	11225812	11235275	1	1
X	3200076	3200695	1	1
X	8464905	8465029	1	1
2L	7392405	7398238	-1	1
3R	16577043	16577321	-1	1
3L	22868667	22868772	-1	1
2L	9537327	9537393	1	1
3R	19457596	19457913	1	1
X	1485922	1485982	-1	1
2L	21390110	21390178	1	1
X	2637084	2641125	1	1
3R	9432329	9436734	1	1
2R	22537327	22540437	-1	1
X	3738347	3739807	1	1
4	85800	85853	-1	1
X	5071123	5071296	-1	1
3L	9382206	9382514	1	1
3L	4963191	4975818	1	1
3R	30208165	30208282	-1	1
2R	15189231	15189364	1	1
2R	15189430	15190152	1	1
3L	10591693	10689242	1	1
3L	16403336	16404523	-1	1
3L	9130024	9130546	-1	1
2L	16249677	16250081	-1	1
2L	21382130	21390954	1	1
2L	6448906	6449266	-1	1
2R	20594081	20595557	1	1
3L	5659447	5668169	1	1
2L	22131448	22131503	1	1
X	9683072	9684109	-1	1
3R	21297098	21298241	1	1
X	53698	62539	1	1
3R	19643523	19644018	-1	1
X	3258799	3324186	1	1
X	15981673	15981739	-1	1
X	3881651	3882727	1	1
X	22740621	22740681	1	1
3R	9487204	9493153	-1	1
2L	12155659	12160690	1	1
3L	4364586	4364660	1	1
X	517268	521639	-1	1
X	13381850	13382013	-1	1
mitochondrion_genome	13024	13307	-1	1
2L	21172707	21172814	1	1
3L	7813155	7813217	-1	1
X	9104349	9105259	-1	1
2L	4815760	4817484	-1	1
2R	22404461	22407044	-1	1
2R	23544394	23544702	1	1
2R	12092421	12118435	-1	1
X	16684397	16684498	-1	1
3R	22681972	22683237	1	1
4	320034	328155	1	1
3R	29194605	29222218	-1	1
X	4698643	4702704	1	1
2R	24047860	24047926	-1	1
2L	9167439	9177125	1	1
3R	23985350	23985905	-1	1
2L	6922786	6926467	1	1
3R	8817616	8818803	-1	1
2L	1083252	1087990	-1	1
2L	2753382	2756268	1	1
2L	9879029	9896264	-1	1
3R	17909461	17909589	-1	1
3L	15810331	15811474	-1	1
X	11429872	11430517	-1	1
3R	24067626	24102779	-1	1
3L	20304240	20304321	-1	1
2R	6910101	6910752	1	1
2R	22937138	22937209	-1	1
3L	20453517	20453902	1	1
X	10578607	10584910	-1	1
3R	17920465	18013449	1	1
3L	13787057	13803062	-1	1
3R	7686624	7686680	1	1
3L	7312231	7312714	-1	1
X	3788256	3789590	1	1
2L	11210726	11211768	1	1
X	13967801	13985742	-1	1
X	13710396	13711511	-1	1
2R	4560790	4560955	1	1
3R	30517722	30518147	-1	1
2R	24522025	24523923	-1	1
3R	17377054	17377117	-1	1
3R	10511158	10613553	-1	1
X	14826899	14827988	-1	1
X	10472144	10473169	-1	1
X	8242628	8247746	1	1
3R	10783031	10783086	-1	1
2R	14751652	14751716	-1	1
2L	4841092	4841335	1	1
2R	11285273	11285332	-1	1
X	20434349	20496791	1	1
X	15928875	15930697	-1	1
2R	24030844	24030970	1	1
2R	17672210	17672330	-1	1
2R	8902846	8904517	1	1
3L	3371407	3373520	-1	1
3R	29315969	29317836	-1	1
2R	14354742	14354805	1	1
X	16792343	16795226	1	1
3R	11398198	11403973	1	1
2R	15736040	15761927	1	1
2L	1652949	1653277	1	1
2L	4865266	4876664	1	1
2R	11228677	11229004	-1	1
3R	15935786	15957652	1	1
3L	3717377	3743341	-1	1
2L	2327553	2328022	1	1
X	3256318	3258614	1	1
2L	21578530	21578590	-1	1
2R	8180293	8182615	1	1
3R	18301518	18301581	-1	1
3L	187217	187947	-1	1
2R	20242998	20244592	-1	1
3L	9374067	9374769	1	1
3R	22007480	22007721	1	1
X	9152680	9153910	-1	1
2R	15223160	15223221	1	1
2R	13005637	13128004	-1	1
2L	2067161	2094413	-1	1
X	21365260	21369692	1	1
X	15754416	15754486	-1	1
3R	14732867	14733446	-1	1
3L	13023394	13023483	1	1
3L	13023526	13023732	1	1
2L	1980181	1980253	-1	1
2R	11790935	11793228	1	1
2L	1013371	1013497	-1	1
mitochondrion_genome	9438	10333	1	1
2L	21388806	21390438	1	1
3R	30517589	30518116	-1	1
X	7088750	7091674	-1	1
2L	6525551	6525619	1	1
X	13381044	13381482	-1	1
X	9171695	9172020	1	1
2R	5603728	5604624	-1	1
3R	22585371	22585434	1	1
2R	12267640	12274509	1	1
3R	17872814	17915071	-1	1
X	16458378	16463056	-1	1
X	12654098	12656961	1	1
3L	5928297	5928537	-1	1
3L	11254932	11255072	1	1
4	1230119	1230421	-1	1
2R	16994354	16994502	1	1
3R	18192640	18199151	-1	1
X	2674110	2676065	1	1
X	16784918	16792590	1	1
X	9586183	9628043	-1	1
4	1014527	1014583	-1	1
3L	2611160	2611316	-1	1
2L	2785673	2792191	-1	1
3R	10228913	10239477	1	1
3R	10239498	10239618	1	1
3R	22378155	22378217	1	1
3L	20138701	20138765	1	1
3R	29681065	29681127	-1	1
2R	21155938	21156864	1	1
2L	5985129	5985355	1	1
2L	1012418	1012516	-1	1
2L	4853778	4854408	1	1
3R	24674570	24675633	1	1
X	5792568	5793920	1	1
3R	29928501	29928552	1	1
3R	21306750	21307584	1	1
3R	8820023	8820351	-1	1
mitochondrion_genome	11734	11893	-1	1
3R	20205250	20206138	1	1
X	16528016	16533059	-1	1
3R	18248367	18250223	1	1
2L	5204593	5204875	1	1
2L	21121740	21122251	1	1
2L	7832047	7832691	1	1
2L	4439549	4440924	-1	1
2R	16626285	16626783	-1	1
3R	28817658	28819396	-1	1
2L	9291271	9295440	1	1
2L	21380479	21390186	1	1
2L	15648466	15648535	-1	1
3R	8820244	8820312	-1	1
3L	5276389	5277614	-1	1
3L	3193444	3194178	1	1
2R	24045183	24046666	-1	1
2R	15990100	15990170	-1	1
2R	8879356	8879509	1	1
3R	21304974	21309699	1	1
3R	21306707	21307541	1	1
3R	21115877	21116000	1	1
3L	7156594	7156894	-1	1
X	15902333	15903790	-1	1
2L	12817366	12817642	-1	1
3R	15277556	15277614	-1	1
3L	13867578	13867848	-1	1
3L	2897380	2944244	1	1
X	10598050	10598316	1	1
3R	22899611	22914951	-1	1
2R	5704383	5704435	1	1
3R	29173406	29173544	-1	1
X	8768943	8785184	1	1
X	5794143	5794241	1	1
3R	15114058	15131608	-1	1
X	16317891	16318131	-1	1
3L	22798479	22798799	-1	1
2L	5053169	5053239	1	1
2L	5053264	5054456	1	1
2L	2190015	2190260	-1	1
X	20256033	20256776	-1	1
X	5651508	5651751	-1	1
X	13968010	13988607	-1	1
X	12868515	12869435	-1	1
2R	10107654	10108223	1	1
X	13985234	13985299	-1	1
2R	19518027	19523252	-1	1
3R	24815257	24815319	-1	1
2L	9294355	9295367	1	1
X	628504	628751	-1	1
3L	8972348	8973881	-1	1
2R	21632885	21632944	-1	1
3L	4091265	4092676	1	1
2R	6625297	6627460	-1	1
X	20491395	20510519	-1	1
2R	19431738	19431792	-1	1
X	3700761	3703203	1	1
X	17069674	17077047	-1	1
2L	9341413	9362673	1	1
3R	31617273	31617349	1	1
3L	3958413	3962294	-1	1
2R	19394444	19395687	1	1
X	10452577	10454636	-1	1
2R	14616762	14616843	-1	1
3R	30385792	30387569	-1	1
2R	2045884	2163248	1	1
2L	5146693	5206991	1	1
2L	17657234	17657313	-1	1
4	611439	611513	1	1
3R	13011749	13015108	1	1
3L	15109488	15109544	1	1
X	7688330	7688392	-1	1
2R	2846543	2874135	1	1
2L	8826076	8826165	1	1
2L	3032487	3032551	-1	1
3R	18750587	18754601	-1	1
2R	10250536	10251986	1	1
4	259605	261230	1	1
2R	13947701	13953719	-1	1
X	10171435	10214363	1	1
2L	2753451	2756056	1	1
3R	26861144	26861201	1	1
2R	1090706	1091587	1	1
3R	5335964	5336294	-1	1
3R	5237806	5238661	-1	1
X	10835382	10837175	-1	1
X	13371061	13373863	1	1
3R	11394030	11394972	1	1
3L	5166410	5166561	1	1
2L	1653153	1702102	1	1
3R	23983795	23984461	1	1
2L	19587377	19600127	1	1
3R	5270237	5272190	-1	1
X	17849346	17849414	-1	1
3R	30517589	30518115	-1	1
X	12917622	12950305	1	1
2L	8995704	8995991	-1	1
2L	10841679	10841992	-1	1
2L	10291848	10291978	1	1
mitochondrion_genome	12979	13399	-1	1
2R	4703241	4814645	-1	1
3R	25137071	25137139	-1	1
3R	9354705	9359258	1	1
3L	11178939	11179224	-1	1
3R	9573290	9573354	1	1
4	85934	86983	1	1
2R	7917027	7921468	1	1
3R	31216354	31216679	-1	1
2L	3887557	3889431	-1	1
3L	27420811	27420901	1	1
3R	9053760	9057930	1	1
3L	12851723	12852232	1	1
3L	8432589	8439059	-1	1
3L	3714977	3746049	-1	1
X	17822214	17823850	-1	1
3R	5640757	5640821	-1	1
3R	30058567	30121514	1	1
2R	7702615	7702674	-1	1
3R	27923741	27924140	1	1
3L	20008870	20024229	1	1
3L	7374352	7375085	-1	1
3L	17525587	17529102	-1	1
3L	14200808	14212194	1	1
3L	14212233	14213089	1	1
2L	12456793	12504459	-1	1
3R	9401023	9401196	-1	1
3R	21310245	21377499	1	1
2R	7321650	7322543	-1	1
3R	18248526	18250250	1	1
X	3258799	3490351	1	1
X	22667694	22668351	1	1
2L	8210667	8210730	-1	1
X	20173017	20173369	-1	1
2R	12259732	12259896	1	1
4	329027	349796	-1	1
2L	18706740	18706797	-1	1
3L	7239781	7240053	1	1
2L	5948465	5948823	1	1
2L	19003584	19008056	1	1
2R	12449139	12449200	1	1
3L	20237911	20239863	-1	1
X	12686970	12731070	-1	1
3R	26054310	26055301	-1	1
2L	7183666	7183778	1	1
2L	7183816	7183872	1	1
3L	1009380	1009445	-1	1
X	21335042	21335167	1	1
4	460657	460714	1	1
4	871497	890996	-1	1
X	7911194	7911252	1	1
3L	14792096	14799740	1	1
2L	21382154	21390258	1	1
2L	5973456	5973508	-1	1
3R	20780828	20783433	1	1
3L	22843118	22843214	1	1
4	526805	529492	1	1
3L	3196824	3196925	1	1
3R	11371372	11402770	1	1
3L	5361626	5361695	-1	1
2R	20424657	20428855	1	1
2R	21394408	21416880	-1	1
3L	16673255	16673324	1	1
2L	14040195	14041321	1	1
2R	18425035	18425340	1	1
2R	20746103	20747425	1	1
2L	6722087	6722142	-1	1
X	13867175	13985751	-1	1
3R	4366287	4366631	1	1
3R	5336636	5349468	1	1
2L	16000626	16041329	1	1
2R	17666524	17668922	1	1
2L	9886034	9886145	-1	1
X	15861344	15863785	1	1
2L	13547460	13569395	-1	1
2R	22347022	22360254	-1	1
2R	22360289	22372777	-1	1
4	557496	560095	1	1
3L	16096004	16096057	1	1
3L	17060842	17147457	-1	1
2R	2846447	2868461	1	1
3R	11438082	11438143	-1	1
3R	17796873	17796934	-1	1
2R	23960720	23961220	1	1
2R	15189471	15190196	1	1
3R	11402235	11402621	1	1
X	12656934	12657427	1	1
3R	30385993	30387528	-1	1
X	15886353	15887013	-1	1
2L	19982613	19999337	-1	1
2L	19999374	20016820	-1	1
X	4841197	4841693	1	1
X	5839612	5840581	1	1
3R	13968962	13969725	-1	1
3L	25890567	25924296	-1	1
3R	8817729	8818576	-1	1
2R	24092539	24092605	-1	1
3R	16148375	16148435	1	1
2L	160129	162592	1	1
2R	21183628	21192252	1	1
2R	24023282	24023598	1	1
2R	24378790	24379143	-1	1
X	15696865	15697163	1	1
3R	5566399	5566467	1	1
2R	12199553	12200116	-1	1
2L	9125941	9126770	1	1
2L	21390611	21392461	1	1
3L	1630629	1636837	-1	1
2L	1009969	1013756	-1	1
3R	25074286	25074359	-1	1
2L	1139386	1139483	-1	1
3R	24035327	24035614	-1	1
X	4688318	4691597	1	1
3R	29123500	29123801	1	1
X	9554929	9555090	1	1
X	9153160	9153289	-1	1
2L	13550421	13551089	1	1
3L	6488869	6488930	-1	1
2L	21634610	21634726	1	1
X	14841020	14885698	1	1
2L	9125941	9126726	1	1
X	15400472	15400679	-1	1
X	15400712	15421334	-1	1
X	3859564	3862270	-1	1
2R	15180557	15190152	1	1
3R	29457768	29461813	1	1
3L	7339618	7340876	1	1
2R	23735789	23735854	-1	1
X	9112240	9112750	1	1
3R	13643210	13645753	-1	1
2L	1731817	1731880	-1	1
3L	256591	256649	-1	1
3L	1723706	1723770	-1	1
2R	23945825	23946671	1	1
3R	17492180	17492436	-1	1
4	1058505	1059101	-1	1
3R	30110619	30111682	1	1
2L	2780766	2786791	-1	1
3R	9432499	9454731	1	1
X	13850373	13852895	-1	1
2L	3983446	3983530	1	1
3L	3058761	3060571	-1	1
2L	4455739	4456114	-1	1
2L	10991886	10991970	1	1
3L	11123681	11126624	1	1
3R	24064924	24105448	-1	1
2L	16973245	16973448	1	1
X	9024138	9024261	1	1
2R	24891920	24892290	1	1
2R	5853071	5853712	1	1
2R	6671399	6671508	-1	1
3L	4091191	4092574	1	1
2L	9935570	9937238	-1	1
3R	23983801	23984290	1	1
X	9165916	9171698	1	1
2L	21148137	21148201	-1	1
2L	21273556	21273616	-1	1
3R	19754322	19760265	1	1
X	8410549	8411095	1	1
3L	7681793	7682021	-1	1
2R	21710670	21711121	-1	1
X	4688673	4691637	-1	1
4	355482	358550	-1	1
3L	11036472	11036903	-1	1
3L	24074570	24075100	1	1
2L	13476434	13496591	1	1
3L	22832888	22833175	-1	1
X	10345039	10345352	1	1
3L	16491719	16496444	1	1
3R	29109289	29109785	-1	1
X	4698632	4699611	1	1
X	5089687	5115182	1	1
3L	7749494	7749584	1	1
X	18910065	18938144	1	1
3R	15076278	15076685	-1	1
3R	31613875	31613935	1	1
2L	14963359	14972069	-1	1
2L	13003716	13004041	-1	1
3R	21307584	21307862	1	1
X	8179150	8179237	1	1
2L	9870521	9877159	-1	1
3R	3750577	3752167	1	1
2R	9321175	9350672	-1	1
3R	11372327	11373047	1	1
2R	24194935	24195001	1	1
2R	22934875	22998663	-1	1
2R	19446140	19446218	-1	1
3R	31217945	31218943	1	1
3R	6194606	6195226	1	1
X	5904267	5904372	1	1
3L	10060157	10067688	1	1
3L	9399894	9401346	-1	1
X	8876753	8880292	-1	1
2R	7040238	7042103	1	1
3R	31935392	31937419	-1	1
2R	21169681	21169937	1	1
3R	21309565	21309842	1	1
2R	22082638	22082705	1	1
2R	24993329	24993391	-1	1
3R	18929729	18931144	1	1
2L	2359308	2359451	-1	1
2L	6648077	6649030	-1	1
2R	13495388	13496818	-1	1
X	16338096	16469046	1	1
3L	20319567	20319625	1	1
3R	29864997	29865057	-1	1
X	18931001	18936607	1	1
3L	9151113	9178993	-1	1
3L	7245559	7245772	-1	1
4	85934	86988	1	1
X	16504299	16505507	-1	1
2R	14164371	14164487	-1	1
X	9731929	9850792	-1	1
X	2641217	2641590	1	1
3R	30517684	30518214	-1	1
3L	10327516	10348193	1	1
2L	2961997	2962586	1	1
2R	9396437	9397544	-1	1
X	21050141	21050692	-1	1
2L	4719982	4720341	1	1
2R	13830867	13832661	1	1
2L	1079066	1079121	1	1
3L	1594688	1599656	1	1
X	20764611	20923419	-1	1
2R	24892072	24892402	1	1
2L	21388813	21390214	1	1
2R	13827253	13833120	1	1
X	5446976	5461696	1	1
X	6278851	6280986	1	1
3L	5424729	5429163	1	1
3L	5573830	5576838	1	1
3L	11603472	11604403	1	1
X	13827720	13828224	-1	1
X	13828254	13828642	-1	1
X	19572426	19572497	-1	1
3L	9399827	9401288	-1	1
3L	5156479	5160198	-1	1
3L	9108037	9113416	-1	1
2R	10024360	10025850	-1	1
2R	6668717	6668767	1	1
X	16002713	16002886	-1	1
X	7608749	7608923	1	1
X	17942657	17942742	-1	1
X	9586375	9589097	1	1
4	1233173	1271130	1	1
3L	19067687	19085903	-1	1
X	4323077	4362154	1	1
2R	10107859	10107973	1	1
X	3911517	3911647	-1	1
4	136989	137063	1	1
X	18006356	18007236	-1	1
3R	27664826	27664881	1	1
X	3574921	3632007	-1	1
2R	18913495	18938550	1	1
3R	16437127	16438270	-1	1
3L	17401165	17401294	-1	1
3L	8433218	8441179	-1	1
X	13383624	13384397	-1	1
3R	26961717	26961897	-1	1
3R	8817941	8818673	-1	1
2R	21690401	21690780	-1	1
2R	10731644	10737898	1	1
2R	9587622	9587810	1	1
3L	5744183	5745824	1	1
2L	7231127	7231813	-1	1
4	320045	328162	1	1
3L	5272250	5272663	-1	1
3L	5160298	5272416	-1	1
X	5944539	5944713	-1	1
2L	6046968	6047158	-1	1
2R	9587700	9587832	1	1
3R	6355181	6355266	1	1
2L	7832547	7832733	1	1
2R	8948942	8950706	-1	1
X	16967862	16968021	-1	1
3R	22410682	22410853	-1	1
3L	9150861	9178426	-1	1
2R	5641937	5647737	-1	1
mitochondrion_genome	10628	11442	1	1
2R	5604412	5604468	1	1
2L	6559712	6559768	1	1
2L	18836445	18836519	-1	1
2L	4994717	4994787	-1	1
2L	16704415	16705236	-1	1
2L	20098235	20100944	1	1
2R	17701193	17701369	1	1
3R	15226527	15226637	1	1
X	6743149	6744196	-1	1
2L	10224812	10225745	-1	1
3L	1626960	1627771	-1	1
X	17482371	17506586	-1	1
4	558280	560095	1	1
2R	14276429	14277217	1	1
3L	9452529	9452612	1	1
3R	23959594	23960898	1	1
3L	6090421	6090823	1	1
4	329157	349506	-1	1
3R	16053344	16053403	1	1
3L	3193608	3193820	1	1
3R	5593713	5594121	1	1
X	576811	578017	1	1
3L	4090789	4092660	1	1
X	15733554	15733692	-1	1
3R	24436683	24446511	-1	1
3R	18164181	18165667	-1	1
2R	9993976	9994868	-1	1
X	11145865	11145943	-1	1
3L	710641	734049	-1	1
X	15758330	15760467	-1	1
3R	6345637	6345771	-1	1
X	21352486	21352753	1	1
2R	22466600	22513578	-1	1
2R	24696292	24698916	-1	1
2R	9793406	9806817	-1	1
3R	20554920	20557407	1	1
3L	24665078	24666036	-1	1
3L	19000243	19000299	-1	1
X	19939298	19958659	-1	1
2L	21388963	21390184	1	1
3L	20384859	20388669	1	1
2R	17565325	17565388	1	1
3R	6566888	6592884	-1	1
X	7610391	7619051	1	1
2R	15189234	15190015	1	1
X	9188371	9245854	1	1
3R	23983890	23984464	1	1
X	10764870	10765312	-1	1
2L	5173345	5173669	1	1
3L	8953049	8953678	-1	1
3L	9457536	9457594	-1	1
2R	22074700	22074755	-1	1
3L	9700489	9709771	1	1
2L	17721105	17737964	-1	1
3R	31597790	31599019	-1	1
X	15289283	15289354	1	1
3L	7854190	7854299	-1	1
3R	30016595	30016660	-1	1
X	13383624	13384379	-1	1
2L	3363196	3363307	-1	1
3L	4189071	4189676	1	1
X	22995839	23004612	-1	1
3R	8814907	8818723	-1	1
3R	5558302	5558367	-1	1
X	5944593	5944768	1	1
3L	16664102	16664865	1	1
2R	8143075	8156055	-1	1
3R	8648227	8648474	-1	1
X	22681568	22681749	1	1
3R	18212457	18212533	-1	1
2R	9351019	9351441	-1	1
X	5365441	5365653	1	1
3R	18712516	18718862	1	1
4	201384	201441	-1	1
2R	7042977	7044460	1	1
4	655436	656216	-1	1
3L	11119103	11120716	1	1
3L	16575348	16575717	1	1
2L	10097054	10097783	-1	1
3R	14327184	14327253	-1	1
X	5628018	5636522	-1	1
X	6230173	6230235	1	1
3R	17909499	17914976	-1	1
3L	22432866	22583003	-1	1
4	454028	457870	1	1
2R	926673	949888	-1	1
3L	9376556	9376739	-1	1
3R	11329163	11371359	1	1
3R	11371364	11400804	1	1
4	212672	212829	1	1
3L	17400335	17400391	-1	1
3R	19416067	19458829	1	1
3R	21297469	21298338	1	1
3R	24159024	24159089	-1	1
2R	9229277	9229598	-1	1
3L	982104	982175	1	1
X	503421	504386	1	1
3L	3200459	3200517	1	1
X	4702592	4704885	1	1
2L	12348356	12351704	1	1
2L	3451454	3451517	1	1
3R	21119434	21119558	-1	1
2R	11974452	11975222	1	1
2R	11293585	11293639	-1	1
3R	17909461	17909644	-1	1
2L	9294350	9295359	1	1
X	8880401	8898184	1	1
X	6881291	6881361	1	1
2L	21392238	21392461	1	1
X	14857338	14880219	1	1
2L	7797733	7798163	-1	1
3R	17915165	17916363	-1	1
2R	24875086	24875507	-1	1
X	1489554	1489668	-1	1
Y	132628	200697	1	1
3R	12475800	12477381	-1	1
3R	24945933	24945984	1	1
X	2588893	2598951	1	1
3L	21568165	21568464	-1	1
2R	9591301	9591365	1	1
2R	12581940	12582289	-1	1
X	17924410	17993569	-1	1
2R	17699450	17699858	1	1
3R	25134625	25134692	1	1
X	17925993	17926846	-1	1
2R	25254578	25254682	1	1
3R	17487891	17487990	-1	1
3R	7196394	7197570	1	1
2L	4994445	4994508	1	1
2R	23914332	23921965	1	1
2R	25254419	25254478	1	1
3R	21115648	21258825	1	1
3L	13602477	13638517	-1	1
3L	26013569	26014021	-1	1
X	16527900	16529816	-1	1
3R	24104971	24105136	-1	1
3L	9495385	9495498	-1	1
2R	24696597	24697252	-1	1
3R	29315880	29315933	-1	1
2L	2977353	2978303	1	1
3R	21783476	21805073	-1	1
3R	31813827	31816793	1	1
3L	14275727	14304897	1	1
2R	14622021	14622240	1	1
3R	16446951	16452748	-1	1
3R	5394728	5395523	1	1
3L	15127652	15127745	1	1
3R	28146928	28147500	1	1
X	8210003	8239140	1	1
3R	11419596	11419739	-1	1
2L	17470305	17474872	-1	1
2L	6449493	6449738	-1	1
3L	16164149	16164444	-1	1
3R	21299359	21309894	1	1
3L	546199	547482	1	1
3R	17873029	17873858	-1	1
3L	4379608	4379931	-1	1
3R	21576293	21576351	-1	1
2R	15567714	15568148	-1	1
2L	22534940	22535004	-1	1
3R	29683939	29683999	1	1
3R	4523750	4538459	-1	1
3R	30884118	30884175	-1	1
2R	3122085	3190619	1	1
2L	816215	816944	1	1
3L	10688598	10688679	1	1
3R	30800619	30800706	-1	1
3L	6177057	6177122	1	1
3L	20273218	20277184	-1	1
2R	16766892	16771804	-1	1
2R	6759969	6762243	-1	1
2L	12492112	12504079	-1	1
3L	12200469	12249929	-1	1
2L	6070179	6070233	-1	1
3R	23983909	23984353	1	1
X	8072065	8072129	-1	1
X	11112007	11112142	1	1
3R	18249112	18249602	1	1
3L	4574983	4575620	1	1
3R	22727240	22727290	1	1
X	1691358	1692439	-1	1
X	4691211	4691597	1	1
2L	19514992	19515734	-1	1
2L	21381669	21390328	1	1
3L	5161133	5184534	-1	1
3L	17390335	17400861	-1	1
2R	22498806	22498963	-1	1
3R	23606934	23606985	-1	1
X	5838166	5840744	1	1
2R	12269324	12273766	1	1
2L	6574321	6574398	-1	1
3L	23618640	23634250	1	1
4	446748	446799	1	1
2R	17594005	17599850	1	1
2L	2849274	2849368	-1	1
3L	21185534	21186207	-1	1
3R	25036718	25038211	-1	1
2L	1140757	1141049	1	1
2L	20872618	20872963	-1	1
2L	6681391	6681464	-1	1
3L	9148001	9177357	1	1
3L	19816444	19816871	-1	1
3L	187358	190686	-1	1
2R	24391041	24391231	1	1
X	15860832	15861152	1	1
2R	13580544	13580842	-1	1
X	628477	628536	-1	1
3L	9708727	9709540	1	1
2R	19447664	19447955	-1	1
3R	31959128	31969756	-1	1
3R	31969786	31972502	-1	1
3L	14763263	14763754	1	1
X	18186502	18186573	1	1
X	12790485	12831594	-1	1
2R	24522110	24524166	-1	1
4	94191	94423	1	1
X	5086469	5089323	1	1
2R	14237702	14237757	-1	1
3R	4284333	4295606	1	1
3L	11252961	11253703	1	1
3L	21568171	21568394	-1	1
X	9472824	9499886	-1	1
2R	24568191	24570286	-1	1
3R	30206708	30208340	-1	1
X	12942126	12945810	1	1
3R	8817640	8818819	-1	1
3L	13514802	13514863	1	1
2L	8996137	8996198	-1	1
X	12592788	12593987	-1	1
4	1174098	1174159	-1	1
X	17070916	17070987	-1	1
2L	5148768	5205373	1	1
2L	10848169	10848241	1	1
3R	17909513	17909595	-1	1
X	17075431	17075953	-1	1
2R	7805018	7806226	-1	1
2R	7588972	7589267	-1	1
3R	20748016	20749248	1	1
Y	1417052	1418037	-1	1
2R	16924789	16926346	1	1
3L	9103191	9106445	-1	1
2R	4727735	4727794	1	1
4	1060635	1060741	-1	1
2L	18965590	18968253	-1	1
2R	15543663	15543756	1	1
3L	9106518	9106954	-1	1
2R	10108261	10109645	1	1
4	1004789	1021180	1	1
3L	15952326	15953976	-1	1
X	15403874	15407560	-1	1
3L	17902117	17907232	-1	1
3L	20314698	20315130	1	1
2R	9998347	9998415	-1	1
3R	24393369	24393430	1	1
3L	2378328	2414685	1	1
3L	11786640	11787058	-1	1
4	903753	904361	-1	1
3L	2373183	2373322	-1	1
X	17868081	17886501	-1	1
3R	17947599	17947965	1	1
2L	19031763	19031821	-1	1
2L	1010068	1011564	-1	1
3R	24064884	24104562	-1	1
2R	24483137	24489628	1	1
3R	17909402	17915049	-1	1
X	13381793	13383358	-1	1
X	18155576	18170518	1	1
2L	1010056	1011559	-1	1
2L	17589274	17589386	-1	1
3L	5748888	5749588	1	1
2L	8943779	8944571	-1	1
2R	9142263	9142360	-1	1
3L	26013569	26013683	-1	1
3R	20973963	20974501	1	1
3R	4720411	4720465	-1	1
2R	13944702	13947922	-1	1
X	15947210	15947561	1	1
3L	8534089	8534382	1	1
3L	5750362	5750561	-1	1
3L	8957583	9116780	1	1
2L	834981	835061	-1	1
3R	29104249	29104310	1	1
2L	5520546	5521224	1	1
3L	9376557	9377301	-1	1
Y	858967	859032	1	1
X	10244627	10250051	-1	1
3R	9400617	9400772	-1	1
X	8512339	8515825	1	1
2R	10562191	10580327	1	1
3L	1499593	1501351	-1	1
3L	21822886	21822941	1	1
3L	3743773	3745855	-1	1
3L	22076137	22076248	1	1
X	19933730	19933788	-1	1
2R	9994183	9996015	-1	1
2L	16828553	16828617	1	1
3R	31216356	31216782	-1	1
3R	10224293	10224351	-1	1
3L	16785454	16785791	-1	1
2L	14189036	14189095	-1	1
X	10627896	10631389	1	1
3L	15019408	15033881	1	1
2R	10469078	10469148	1	1
2L	10989591	10989656	1	1
3L	1652483	1652567	-1	1
3L	1652629	1652690	-1	1
3L	7163180	7163752	-1	1
X	8246906	8247894	1	1
3R	25856224	25856627	1	1
2R	4222347	4222412	1	1
2L	18845583	18854772	1	1
3L	8470484	8471152	1	1
X	7288493	7290290	-1	1
X	10629534	10631544	1	1
2R	24990910	24991092	-1	1
2R	14276858	14276979	1	1
X	17073198	17073263	-1	1
2L	23512964	23513041	1	1
3R	8245876	8248346	1	1
3R	24101672	24103174	-1	1
4	350691	350765	-1	1
2L	6774290	6778197	1	1
2R	7526252	7526388	-1	1
2R	23389244	23391611	-1	1
2L	15063119	15063413	-1	1
2R	12916065	12917995	1	1
2L	2095178	2097028	-1	1
2R	6749917	6750264	1	1
2R	20237418	20239109	1	1
2L	22247396	22247462	-1	1
3L	3904837	3904973	1	1
X	3762591	3788881	1	1
2R	2521524	2522393	-1	1
2L	5166343	5166646	1	1
3L	4918968	4919288	1	1
3L	3990045	3991000	1	1
3R	8819970	8820181	-1	1
X	16560938	16568206	-1	1
2R	24991974	24992033	-1	1
2R	10156390	10158279	-1	1
2L	7986433	7986584	1	1
X	19639821	19639896	1	1
3L	7815563	7815683	-1	1
X	2671760	2679477	1	1
3R	26970824	26970883	1	1
3L	23011818	23012723	1	1
3L	5679194	5685669	1	1
2L	17401291	17401516	1	1
3L	1859867	1861517	-1	1
Y	2969415	2969580	-1	1
3L	12121369	12122586	-1	1
2L	20917121	20918639	-1	1
X	11398184	11398246	1	1
3L	12472638	12472707	1	1
2R	11892185	11895571	1	1
3L	13798506	13801374	-1	1
X	17862922	17862987	-1	1
3R	8817720	8818818	-1	1
2L	2772644	2779177	-1	1
4	882724	882961	-1	1
3R	29173750	29177463	-1	1
3R	29177504	29177600	-1	1
3R	19752680	19753741	1	1
2R	8901523	8902328	1	1
3R	29681297	29681846	1	1
3L	6952190	6952423	-1	1
X	17858625	17859416	-1	1
3R	8817689	8820131	-1	1
3R	4588238	4599396	-1	1
3R	30573073	30578117	1	1
3R	25741980	25744684	-1	1
3R	9523797	9524202	1	1
3R	23755874	23755939	-1	1
2R	17537598	17538851	1	1
3R	13231034	13232679	-1	1
2L	9493104	9494222	-1	1
2R	10107696	10109537	1	1
X	7608742	7608982	1	1
X	7609036	7647640	1	1
2L	7773251	7773465	1	1
3R	7200618	7200875	1	1
3L	5193815	5218950	-1	1
2R	17581346	17581406	-1	1
3L	17400579	17401213	-1	1
3L	8537017	8537082	1	1
2R	20329022	20329106	1	1
3L	9107696	9130330	-1	1
X	11717265	11718368	-1	1
X	3340398	3341162	1	1
2R	22930320	22931515	1	1
2R	8103462	8103523	-1	1
3L	17400553	17400810	-1	1
X	9172688	9177170	1	1
3R	23692813	23692889	-1	1
3R	23808929	23818465	-1	1
3R	21577005	21577068	-1	1
X	12332646	12333750	1	1
3R	24693023	24710331	1	1
3L	5669265	5747751	1	1
X	576850	578190	1	1
X	5793675	5794384	1	1
X	3100053	3162093	1	1
3R	21301582	21301860	1	1
2L	18448093	18448249	-1	1
3L	20881811	20884347	-1	1
3L	10516217	10517683	1	1
2L	20647889	20648354	1	1
2L	19611627	19644268	-1	1
2L	21390401	21390959	1	1
X	18170034	18172936	1	1
2R	6813754	6814037	1	1
3L	145738	146248	1	1
3R	21215251	21215309	1	1
3L	9098552	9101435	-1	1
X	16519701	16521376	1	1
3R	17909517	17915067	-1	1
3L	3222015	3222788	-1	1
3L	13537933	13666474	-1	1
2L	9870521	9885932	-1	1
3R	26532423	26534268	-1	1
2R	3901331	3933157	-1	1
3R	28520285	28520356	-1	1
X	13270321	13270391	-1	1
3L	22833800	22840681	-1	1
3R	27156499	27157486	1	1
2R	7467051	7467474	-1	1
3L	4940107	4952891	-1	1
3R	11592013	11592367	1	1
2L	21382079	21390214	1	1
3L	3717377	3742796	-1	1
X	16450180	16450314	-1	1
3R	21949459	21949640	1	1
3R	15792902	15793042	1	1
2L	12492021	12504079	-1	1
3L	3907979	3908120	-1	1
2R	8162429	8162488	-1	1
2L	17190138	17190254	-1	1
3L	19993323	19993797	1	1
2L	9176403	9177125	1	1
2R	17700186	17700382	1	1
2R	17700434	17700635	1	1
2L	1653036	1653395	1	1
X	17143768	17146825	-1	1
3L	18018000	18059684	-1	1
3R	11960127	11960821	1	1
3R	18183093	18183191	-1	1
2R	9417569	9417633	1	1
2R	8902749	8904521	1	1
2R	17433335	17433420	-1	1
3L	5780775	5780837	1	1
4	577376	578401	1	1
3L	9376582	9376854	-1	1
3L	17429304	17429373	-1	1
X	16463249	16465154	-1	1
3L	9123823	9125172	-1	1
X	13986075	13986186	-1	1
3L	2632467	2633538	1	1
2L	21380479	21381899	1	1
X	3724872	3734477	1	1
2L	14357701	14357755	1	1
2L	13463332	13473806	1	1
3L	17067379	17074193	-1	1
2R	1595985	1596040	1	1
3L	306918	306982	-1	1
X	17935045	17936824	1	1
2L	10310926	10311043	-1	1
2L	10994022	10997335	1	1
X	17720975	17721423	1	1
2L	19514696	19515973	-1	1
3R	21189059	21200760	1	1
4	1126753	1126809	1	1
3L	3757286	3757424	1	1
X	23030610	23030667	1	1
3L	10634199	10634267	1	1
2R	13822126	13823792	-1	1
3R	4760157	4762139	1	1
3R	31595059	31595438	-1	1
3L	24927723	24976489	1	1
X	16457908	16465548	-1	1
3R	10166235	10167249	-1	1
2R	12269436	12273766	-1	1
3R	23605857	23606682	-1	1
X	10255591	10256564	-1	1
X	15930059	15930117	-1	1
3L	11519015	11519079	-1	1
X	613775	613847	-1	1
X	14956130	15006349	1	1
2R	13215967	13216023	-1	1
X	9165884	9188427	1	1
X	13985340	13985958	-1	1
X	5401223	5403742	1	1
3R	5755335	5755403	-1	1
3R	23983909	23984422	1	1
3R	5593949	5594279	1	1
3R	10511075	10511165	-1	1
2L	17972004	17972263	-1	1
2R	22408091	22408250	1	1
4	467995	471014	1	1
2R	17266163	17275432	1	1
2R	14276407	14277139	1	1
X	13852717	13985762	-1	1
2L	21382104	21390147	1	1
3R	28696406	28696672	1	1
3R	21302153	21303622	1	1
2L	10201149	10201230	1	1
X	5087692	5165307	1	1
3R	23359500	23359742	1	1
3R	16636365	16636429	-1	1
3L	9178110	9178327	-1	1
X	12656672	12657204	1	1
4	663283	663337	1	1
3L	16584403	16585857	1	1
X	13384361	13384415	-1	1
2R	10815560	10815705	1	1
2L	11002955	11003029	-1	1
2R	7790826	7790879	1	1
3L	7424557	7424792	1	1
2L	18470932	18471154	1	1
X	5086145	5089419	1	1
3R	5488308	5488532	1	1
X	15989283	15989357	-1	1
3R	28049468	28090593	1	1
2L	5165636	5178011	1	1
X	7903160	7903216	1	1
3L	21175030	21175090	1	1
3R	31935221	31936943	-1	1
2R	7854364	7854522	-1	1
3R	7078408	7078822	-1	1
X	15482431	15486421	1	1
3L	12519281	12519792	1	1
2L	16265014	16265134	-1	1
2L	21380362	21382042	1	1
X	16210760	16216307	-1	1
3R	11329443	11329658	1	1
3R	20822874	20823186	1	1
3L	7930764	7931755	-1	1
2L	18704047	18704294	1	1
X	3674095	3726691	1	1
4	388098	388199	-1	1
4	577378	578403	1	1
2R	12273974	12276345	1	1
X	6269466	6269531	1	1
3R	11339707	11371313	1	1
X	8441471	8441961	-1	1
3R	23983909	23984359	1	1
3R	23231565	23231629	-1	1
3L	7977792	7979598	1	1
3R	16632847	16635197	1	1
3R	8817689	8818690	-1	1
2R	23932489	23932574	1	1
3R	17899805	17900384	-1	1
4	253457	258312	1	1
3L	9161347	9162748	-1	1
X	127809	128102	1	1
2R	23946768	23946839	1	1
3L	8283214	8283276	-1	1
3L	4141298	4141387	1	1
3L	23263968	23264034	1	1
3R	18132979	18133413	1	1
3R	21807735	21808307	-1	1
Y	975148	975214	1	1
2R	14277532	14279113	1	1
2L	3806175	3810556	1	1
2R	17472810	17473087	1	1
2R	16329124	16329328	-1	1
2R	7503029	7503172	1	1
2R	17353720	17353770	1	1
3L	17065527	17081252	-1	1
3L	3717373	3743324	-1	1
3R	5359288	5359348	-1	1
2R	23071873	23086737	1	1
3R	12145472	12150373	-1	1
X	2173096	2173258	1	1
X	11579423	11579674	1	1
3L	12394268	12394347	1	1
2L	1012572	1013188	-1	1
2L	22247289	22247346	-1	1
2L	1012530	1013180	-1	1
X	17945821	17946657	-1	1
3L	4371848	4380177	-1	1
2R	4187843	4187946	-1	1
3R	10582816	10613712	-1	1
2R	17255996	17275410	1	1
X	11155244	11164555	1	1
2R	14946270	14953397	-1	1
X	13380439	13382677	-1	1
3R	13814237	13814434	1	1
3L	14760905	14760967	-1	1
2R	5117430	5121395	-1	1
3R	19759462	19761564	1	1
2L	10341933	10342150	-1	1
4	349680	349730	-1	1
X	1691134	1691207	-1	1
2R	5609490	5610064	1	1
3R	7912865	7912929	1	1
2L	19489213	19489296	-1	1
3R	30476137	30478774	1	1
3L	9150722	9178338	-1	1
3R	21309200	21309464	1	1
3L	3817656	3818041	1	1
3L	24035501	24035571	1	1
2R	22881921	22882402	1	1
3R	32056721	32061689	-1	1
X	46969	142750	-1	1
X	12686911	12731610	-1	1
X	2675566	2679516	1	1
X	12651599	12651675	1	1
2R	6692064	6692120	1	1
X	11579156	11579670	1	1
2R	13549917	13552108	1	1
2R	2781131	2781189	1	1
2L	17679920	17685081	-1	1
3L	10582119	10587627	1	1
3R	10076919	10077135	-1	1
2R	8066592	8066677	-1	1
2L	2140313	2140380	-1	1
3R	23983935	23984374	1	1
2R	17465174	17465453	1	1
X	4700215	4701217	1	1
3R	17813618	17821894	1	1
X	13625590	13649377	1	1
3R	23983802	23984296	1	1
2L	20929614	20929668	-1	1
3R	8817828	8818935	-1	1
2R	10254277	10254337	1	1
X	7713166	7713939	-1	1
2L	4829544	4830168	-1	1
3R	8817689	8818816	-1	1
2L	9389978	9390040	1	1
2R	15425409	15425582	1	1
2R	21513562	21514209	1	1
3R	3623276	3623330	1	1
3L	3904286	3904506	1	1
3L	19882589	19882654	-1	1
2L	2780490	2780874	-1	1
3L	22272926	22273573	1	1
3R	19459404	19460087	1	1
3L	27381089	27390944	1	1
3R	19458023	19458706	1	1
X	517500	517731	-1	1
2R	8959335	8959400	1	1
3R	18959550	18977289	1	1
X	9152657	9153899	-1	1
2R	18129102	18129179	1	1
X	12631814	12635732	1	1
2L	415315	418253	1	1
2L	18776375	18776472	-1	1
2L	21382241	21391438	1	1
X	13986075	13986193	-1	1
X	5673307	5673425	1	1
X	20037172	20062205	-1	1
3R	18919614	18930257	1	1
4	1279840	1288124	-1	1
3R	15935505	15957617	1	1
3R	20894793	20895599	-1	1
2R	5975318	5975399	-1	1
3R	24103431	24104529	-1	1
3R	23983900	23984422	1	1
3R	29377884	29382954	1	1
2R	17717244	17717585	-1	1
3L	8130082	8131367	1	1
2L	13484442	13499622	1	1
X	17423365	17443808	-1	1
3R	21785982	21804453	-1	1
3R	4680838	4697191	1	1
X	5378522	5378630	1	1
X	7288122	7291057	-1	1
X	16592747	16592944	-1	1
2L	1652989	1653377	1	1
3L	21830545	21830605	-1	1
3R	5577829	5577897	1	1
4	716528	717127	1	1
X	6126858	6128393	-1	1
3L	9098698	9098939	-1	1
3L	24210139	24297681	1	1
2L	13305838	13307935	-1	1
X	23003692	23004027	-1	1
X	4698676	4701970	1	1
3L	24085823	24131196	1	1
2R	11629435	11640146	-1	1
2R	23391904	23393364	-1	1
X	19340590	19340847	-1	1
3R	14626600	14678271	1	1
3R	8819881	8822968	-1	1
3R	21673057	21673306	-1	1
2R	17701895	17702075	1	1
2L	4853749	4854398	1	1
2L	1981833	1981886	1	1
X	3321218	3325927	1	1
3R	15056726	15072073	-1	1
2R	7281138	7281294	1	1
2R	10108316	10109537	1	1
2R	16931279	16936419	1	1
3L	5219286	5276155	-1	1
3L	24537578	24543451	1	1
3L	6164948	6168080	-1	1
3L	9107715	9129887	-1	1
X	19519832	19519904	-1	1
2L	2756291	2756341	1	1
3R	9010479	9011084	-1	1
X	764923	765084	1	1
3R	4659843	4660239	1	1
3R	3585511	3586721	-1	1
3L	2956009	2959711	1	1
2L	3183483	3184877	-1	1
3R	11335150	11407286	1	1
3L	8466067	8466498	1	1
X	17929704	17930117	-1	1
Y	2851176	2912897	1	1
X	3668413	3668535	1	1
X	4552534	4552823	1	1
2R	5716789	5717282	-1	1
2L	1012410	1013220	-1	1
X	17009274	17012877	-1	1
3L	12835350	12842780	-1	1
X	12686187	12690590	-1	1
3L	21845248	21845338	1	1
2L	871275	871341	1	1
3L	18488955	18502215	-1	1
X	6224117	6224697	-1	1
3R	24906499	24906933	-1	1
3L	9105320	9106379	-1	1
2R	10515122	10515447	-1	1
X	18791476	18793220	1	1
3R	11401854	11402769	1	1
Y	2984116	3154820	-1	1
X	17706384	17706721	1	1
X	21386292	21386350	-1	1
3R	18124061	18125901	1	1
2R	18641797	18641859	1	1
2R	8620961	8621030	1	1
3R	17899949	17900773	-1	1
X	12649169	12653198	1	1
2L	1178045	1178108	1	1
2L	20647789	20648198	1	1
2R	18338723	18356258	-1	1
2L	22579636	22579821	1	1
2L	14357375	14358346	1	1
2R	14276527	14279197	1	1
2R	5604013	5604244	1	1
X	13746815	13754978	-1	1
X	16527967	16533059	-1	1
3L	24110916	24131196	1	1
3L	8703471	8718928	-1	1
X	15989303	15989379	-1	1
2L	4308860	4314202	1	1
2R	17256645	17259763	1	1
3L	3039819	3039927	1	1
2R	14215705	14216003	-1	1
2L	13773613	13773714	1	1
X	8210039	8210403	1	1
3L	10685895	10685964	-1	1
2L	22925108	22925160	1	1
X	10408324	10409668	1	1
3L	20316163	20316442	1	1
3R	26915909	26916126	1	1
X	5835573	5835948	1	1
3L	7813919	7816209	-1	1
3R	20630664	20630720	-1	1
3R	10760543	10760604	-1	1
3R	16158296	16158858	1	1
X	11817230	11817904	1	1
2R	14172523	14172623	1	1
3L	19897409	19909247	-1	1
2L	21701939	21704459	1	1
3R	8344484	8344809	1	1
2L	22538731	22538819	1	1
X	2675014	2675302	1	1
3L	20842350	20842403	1	1
X	13711894	13712097	1	1
X	11374161	11409495	1	1
3L	7979367	7988673	1	1
3R	19457172	19457285	1	1
3R	24066338	24104739	-1	1
2L	201062	201127	1	1
2L	9292180	9295461	1	1
3L	17533653	17534351	1	1
4	992380	992611	1	1
3R	28825702	28825765	-1	1
X	5383945	5384028	1	1
2L	2962866	2962955	1	1
2R	16995792	16995895	1	1
3R	23983895	23984349	1	1
3L	17063264	17071058	1	1
2L	14196011	14196075	-1	1
2L	12045761	12045900	-1	1
3R	7087602	7088491	1	1
X	17069925	17077059	-1	1
X	8179217	8187176	1	1
3R	12465203	12508426	1	1
3L	3515775	3516529	1	1
3R	4301167	4301251	1	1
2L	16704395	16705687	-1	1
X	4698680	4699448	1	1
3R	19915013	19915081	-1	1
3R	15959431	15962029	1	1
X	16694420	16694831	-1	1
X	20045023	20062055	-1	1
X	20505385	20509366	-1	1
2R	8903014	8903282	1	1
2R	25254826	25261272	1	1
3L	10182516	10186035	-1	1
2R	17580477	17580916	-1	1
3R	32044049	32045400	1	1
2R	21690413	21690789	-1	1
X	12289176	12291660	1	1
X	19698579	19699797	1	1
2R	16632451	16632518	-1	1
3L	6949654	6949891	-1	1
X	12686898	12731602	-1	1
2R	6654061	6654117	1	1
2L	1859002	1862720	-1	1
2R	8799172	8854217	1	1
3R	13039834	13039897	1	1
3R	29659707	29659792	-1	1
3L	9116857	9124675	-1	1
2R	7480267	7485976	-1	1
X	8088446	8088615	-1	1
X	18647994	18648061	-1	1
3R	23983896	23984414	1	1
4	310018	310086	1	1
X	20449824	20449897	1	1
2R	11619445	11640613	-1	1
2R	16759356	16763221	-1	1
2L	11800844	11801344	-1	1
3L	10858997	10874594	1	1
3L	4363591	4363764	-1	1
X	13998281	13998705	1	1
2R	17274475	17275410	1	1
2R	12259520	12267631	1	1
2L	420696	458823	1	1
X	22456538	22457427	1	1
3L	20305760	20305822	-1	1
3R	28887052	28887358	1	1
2L	20993378	21028637	-1	1
3L	16070265	16070328	1	1
2R	5975349	5975409	-1	1
2L	14040419	14041321	1	1
3L	14792084	14799746	1	1
2R	1343986	1344058	-1	1
3R	10581599	10584617	-1	1
3L	9400954	9402280	-1	1
X	2638343	2652510	1	1
3L	3769407	3780423	-1	1
3R	17893749	17899761	-1	1
X	15948123	15948199	-1	1
2L	4186382	4187272	-1	1
X	11112297	11167724	1	1
2R	21480379	21481014	-1	1
2L	13351840	13351930	-1	1
X	17953347	17976351	-1	1
X	1693234	1693612	1	1
3R	6388185	6388246	1	1
2L	10847386	10847751	-1	1
X	5904139	5940794	1	1
2L	6903004	6903259	1	1
2L	17589608	17591069	1	1
2R	7574159	7574227	1	1
3L	9384836	9385227	1	1
3R	31622799	31633569	1	1
2R	14277163	14277281	1	1
2R	7465676	7465779	1	1
2L	19031033	19032316	-1	1
X	10213748	10214097	1	1
X	16455712	16459004	-1	1
3L	19608121	19611763	-1	1
2L	21382135	21390214	1	1
3L	17400486	17401035	-1	1
2L	19345058	19357214	-1	1
2L	18943870	18944569	-1	1
X	3289851	3289942	1	1
2R	11759502	11770537	-1	1
2R	11770583	11793228	-1	1
2L	13462162	13483447	1	1
3L	13229141	13238675	1	1
2L	4318709	4318948	1	1
2R	19394444	19395687	-1	1
3R	4405420	4405480	1	1
4	308290	308374	1	1
2R	19546060	19564441	-1	1
2L	21388810	21390214	1	1
2R	15180557	15190191	1	1
X	12988855	13137479	1	1
3R	24104964	24105179	-1	1
2R	13833103	13833295	1	1
X	15887765	15888081	-1	1
3R	30003011	30003073	1	1
X	18211266	18211690	-1	1
2R	17851461	17855140	-1	1
3R	27109305	27109451	-1	1
2R	12613765	12613972	1	1
X	5633267	5633354	-1	1
Y	132548	200768	1	1
3R	8817893	8820308	-1	1
3R	15347153	15347209	1	1
2R	22413341	22414101	-1	1
X	3256515	3258614	1	1
X	18813780	18828630	1	1
3R	29871378	29871446	1	1
3R	7136471	7136979	1	1
3L	5276364	5277614	-1	1
3R	21365681	21366004	1	1
X	3256482	3256551	1	1
2L	11345	11410	-1	1
X	2149802	2150290	1	1
2R	24401486	24401663	1	1
X	11370202	11373817	1	1
X	9506962	9550559	-1	1
2R	16326749	16326811	-1	1
2L	18609963	18610029	-1	1
X	8275418	8276063	1	1
3L	21845269	21845352	1	1
3R	11012526	11013318	1	1
3R	28146942	28147500	1	1
3L	5665964	5669155	1	1
X	13729024	13729084	-1	1
2L	21121048	21121110	1	1
3L	307631	307695	-1	1
X	576906	578006	1	1
2R	6914824	6920035	1	1
2R	10109497	10109581	1	1
2L	14357455	14357520	1	1
2R	21096237	21097078	-1	1
3R	4300368	4301389	1	1
2L	1135745	1140960	1	1
3L	6951203	6951267	-1	1
3R	27768041	27768189	-1	1
2R	9351174	9351469	-1	1
3R	9760467	9761003	1	1
3L	12001997	12002586	-1	1
3R	6407409	6428703	1	1
3R	12423880	12423951	-1	1
2L	4228190	4228376	1	1
2R	928215	950493	-1	1
4	601936	603312	-1	1
2R	8000838	8001256	-1	1
3R	6350955	6354914	1	1
3L	7854274	7855258	-1	1
2L	17161997	17169814	1	1
X	5165351	5177567	1	1
2R	21412419	21480091	-1	1
3R	4301143	4301233	1	1
2R	24770516	24770578	-1	1
3L	11554119	11561894	-1	1
3L	3984480	3993805	1	1
3L	4170657	4173578	1	1
X	21035722	21038746	1	1
3R	8340090	8340430	-1	1
4	671190	680440	1	1
3L	3040362	3042110	1	1
3R	20780828	20783089	1	1
X	5365788	5403742	1	1
2R	19435251	19435314	-1	1
X	15507594	15507712	1	1
X	10782681	10786806	-1	1
2R	18327668	18349521	-1	1
3L	13886535	13886601	-1	1
X	5904659	5911338	1	1
2L	20385405	20387493	-1	1
X	11384993	11387111	1	1
2L	10410775	10411630	-1	1
3R	23963936	23965552	1	1
3R	17909517	17909593	-1	1
2R	20324412	20324498	1	1
X	3348427	3369451	-1	1
2R	18154153	18155146	-1	1
3L	17525642	17526024	-1	1
X	1413765	1451218	1	1
3L	9144735	9145576	1	1
2R	11811509	11814301	1	1
2R	9286349	9286415	-1	1
4	948186	958074	-1	1
X	1482916	1483258	-1	1
3L	7680224	7680452	-1	1
3R	27580785	27581080	-1	1
3L	24079536	24161144	1	1
2L	11163390	11163453	-1	1
X	15976145	15976206	1	1
2R	6632141	6632995	-1	1
4	133714	134872	1	1
2L	5713355	5713416	1	1
X	1930587	1938105	-1	1
2L	10011909	10012400	1	1
2R	4744402	4749222	1	1
2R	8813107	8819581	1	1
3R	14315151	14315373	1	1
2R	20653406	20653540	-1	1
3L	23227548	23262708	1	1
3L	21928884	21938722	1	1
3R	10783367	10783424	-1	1
3R	5570182	5570255	1	1
X	3720561	3721191	1	1
3R	23921710	23922706	-1	1
X	7899814	7899886	-1	1
4	1193008	1193560	-1	1
3L	24537537	24543219	1	1
3L	15836930	15837257	-1	1
3R	31594996	31595438	-1	1
3R	13647547	13652045	1	1
2R	17440755	17440814	1	1
2L	21681559	21682039	-1	1
2L	6208913	6209056	1	1
2R	15891281	15921639	-1	1
2R	17012709	17013285	-1	1
X	18186462	18192331	-1	1
3R	12111034	12111088	1	1
2R	981898	987550	1	1
2R	13159677	13159731	1	1
3R	15412522	15412579	1	1
3L	9098538	9101423	-1	1
3R	19415756	19460233	1	1
X	3338104	3343571	1	1
2L	9986066	10007578	1	1
3R	31936706	31936959	-1	1
2R	2963243	2968146	1	1
3L	6943114	6948583	1	1
2R	16924791	16926358	1	1
2R	673837	705374	1	1
3R	10263416	10263477	1	1
3L	17061807	17065361	-1	1
Y	974840	974895	1	1
3L	5909597	5916917	1	1
3R	28085448	28085557	1	1
X	12026512	12026626	1	1
4	416845	419586	-1	1
2L	9805498	9815074	-1	1
X	14971161	15007494	1	1
2L	5520351	5521215	1	1
X	6091569	6091633	1	1
X	5086202	5089707	1	1
X	10472144	10474053	-1	1
X	2634026	2634836	1	1
3R	23981165	23982468	1	1
4	421438	526799	1	1
3L	5425108	5429163	1	1
3R	4295701	4302526	1	1
2L	23173801	23174406	1	1
2R	5860226	5860622	1	1
3R	20895682	20895745	-1	1
3R	20465111	20480693	-1	1
2R	11441491	11441935	1	1
3R	3750524	3752193	1	1
2L	17384840	17384976	1	1
3L	3897063	3897148	1	1
2L	10378222	10378288	1	1
X	12128828	12133869	1	1
3R	6566887	6592880	-1	1
3L	20813478	20815654	-1	1
X	9152781	9153272	-1	1
3R	15258443	15258510	-1	1
3R	21055416	21055632	-1	1
3R	11947641	11948837	-1	1
3L	14219937	14225431	1	1
3R	23983904	23984362	1	1
3L	323169	323240	-1	1
3L	19891414	19896798	-1	1
2R	4728552	4728779	-1	1
2R	12273953	12276283	1	1
3R	18248367	18250207	1	1
4	887163	891827	-1	1
X	13801960	13811270	1	1
3R	23984106	23984435	1	1
X	21329445	21337042	-1	1
2R	14276407	14279003	1	1
2L	20874433	20875638	-1	1
X	13858443	13868989	-1	1
3R	13022091	13023099	1	1
X	15861493	15861566	1	1
3R	14732998	14733222	-1	1
2R	9135706	9136974	-1	1
2L	21382331	21392451	1	1
3L	21025549	21027330	-1	1
X	16210761	16216309	-1	1
3L	8193277	8193335	1	1
3R	22206977	22207520	1	1
3L	20834144	20836011	1	1
2R	16764375	16765381	-1	1
3L	17003559	17010552	-1	1
3R	9790266	9790320	-1	1
3R	21310600	21314048	1	1
3L	25421784	25480784	-1	1
2L	8373915	8373984	1	1
3R	8340115	8340498	-1	1
3R	29115687	29115748	-1	1
3R	23983736	23984353	1	1
2L	16828796	16828857	1	1
3L	10033425	10036646	1	1
2L	16177252	16177336	1	1
2L	1012560	1013177	-1	1
2R	11694841	11694918	1	1
3L	19879480	19879536	1	1
2R	4462372	4469461	-1	1
3R	29741370	29741698	1	1
2R	4560790	4565743	1	1
X	14601979	14602267	-1	1
3R	9760306	9761064	1	1
2R	23912635	23912729	1	1
3L	9776175	9779446	1	1
X	17605723	17606631	1	1
2R	2487703	2497121	-1	1
X	7900290	7900803	1	1
3L	8439683	8440728	-1	1
3L	8434728	8434784	-1	1
2L	19362422	19362564	-1	1
2L	16603877	16603999	1	1
3L	3969499	3972790	1	1
3L	3051778	3051968	1	1
X	20467064	20497667	1	1
3R	13664725	13666802	1	1
3R	9238618	9239802	-1	1
3L	18061380	18061462	-1	1
2L	10213993	10220693	-1	1
4	1128656	1129435	-1	1
4	1129489	1129566	-1	1
2R	21183798	21192147	1	1
3R	20438181	20449445	-1	1
X	15103172	15108021	1	1
3R	9238812	9239598	-1	1
3R	21299318	21309851	1	1
3R	15956951	15957693	1	1
X	6257472	6274973	-1	1
X	1412041	1413418	1	1
3R	8817759	8818611	-1	1
X	10471784	10471880	-1	1
3L	24074549	24075146	1	1
2R	14276347	14276438	1	1
3L	12813139	12813665	-1	1
X	15755156	15755215	-1	1
3L	17401238	17401294	-1	1
3R	15957678	15957858	1	1
2L	7196696	7196751	-1	1
X	16462071	16462307	-1	1
3R	16513087	16513204	1	1
2R	21394422	21399248	-1	1
3L	6946448	6946501	1	1
3L	23093847	23095014	-1	1
2R	13954850	13957173	-1	1
2R	22797132	22797465	-1	1
3R	24291153	24292838	1	1
3R	11399746	11400851	1	1
3R	28925241	28969480	-1	1
3R	23768330	23768457	1	1
2L	3869477	3869543	1	1
X	21326171	21326228	1	1
2R	1521560	1526741	1	1
X	3859499	3862216	-1	1
3R	18122583	18126990	1	1
3R	17901088	17901153	-1	1
2R	23968783	23968844	1	1
2R	10448633	10460903	1	1
2L	12498904	12504079	-1	1
2R	10204253	10234467	-1	1
X	6137962	6138024	-1	1
3L	2956437	2957331	1	1
3L	7294920	7304845	-1	1
2L	5985298	5985365	1	1
3R	20968035	20975922	1	1
2R	9613760	9614827	-1	1
2L	21678235	21679047	-1	1
2L	20427474	20431924	1	1
3R	20390431	20390758	-1	1
3R	9234398	9237435	-1	1
3L	27282463	27292345	1	1
2L	16737081	16737142	-1	1
X	10312103	10317194	-1	1
3R	17875183	17915108	-1	1
X	17822214	17823808	-1	1
3R	18730017	18730110	1	1
mitochondrion_genome	11349	11481	1	1
2R	14901646	14901715	-1	1
2L	6953374	6953434	1	1
2R	11808064	11809901	1	1
2L	16704388	16705224	-1	1
X	9667321	9683945	-1	1
2L	7862633	7863858	-1	1
2L	4319574	4321030	1	1
X	20062282	20062340	-1	1
4	1244281	1245101	1	1
X	15886407	15887007	-1	1
3R	11533628	11534221	-1	1
3R	23963224	23965805	1	1
2L	21381789	21382019	1	1
3L	7323869	7323924	-1	1
3L	9107696	9123596	-1	1
X	5904336	5904627	1	1
2R	16610463	16616904	1	1
3L	14042360	14042448	-1	1
2L	9727622	9732830	-1	1
2R	18167270	18167344	1	1
X	6121142	6123389	-1	1
2R	13006150	13006357	1	1
3R	18197121	18198702	1	1
2R	9389036	9389273	-1	1
3L	20453963	20454152	1	1
3R	26649476	26666778	-1	1
3L	8577153	8578425	1	1
3L	3040358	3042097	1	1
2L	13060020	13060114	-1	1
2L	9294324	9295367	1	1
X	12461650	12461736	-1	1
2R	17546167	17546245	1	1
3L	23341553	23345843	1	1
3L	18750539	18751979	-1	1
2L	20044918	20045055	1	1
3R	5686271	5687041	1	1
3R	4917720	4940296	1	1
2L	3070732	3070823	-1	1
2L	5043384	5044307	1	1
2L	2002921	2005561	-1	1
X	6105792	6110308	-1	1
2R	17378172	17378745	1	1
2R	23968089	23968153	-1	1
3R	31935776	31937118	-1	1
2L	284969	290813	-1	1
3R	4319499	4321845	-1	1
2R	18689034	18691950	1	1
2R	2451295	2637964	-1	1
3R	15295247	15295427	1	1
2R	16101782	16101835	-1	1
2R	17207996	17259830	1	1
3R	9439706	9440667	1	1
3R	22409649	22409712	-1	1
2L	13484409	13499665	1	1
2L	9615401	9615633	1	1
X	578290	578853	1	1
3R	24062361	24062421	1	1
X	574879	574945	1	1
3R	21783802	21784843	-1	1
2R	12260189	12269324	1	1
mitochondrion_genome	5545	9523	1	1
3R	12465699	12511193	1	1
3L	351779	352300	1	1
X	6692019	6692073	-1	1
X	6692114	6692403	-1	1
3R	14367497	14372547	1	1
2L	10975891	10976070	-1	1
X	22468339	22469869	1	1
3R	31216266	31216609	-1	1
2R	20342450	20342512	1	1
3L	20815963	20816029	-1	1
2R	8903190	8904650	1	1
4	1195593	1195660	-1	1
2L	9684146	9698064	-1	1
2R	18279272	18279381	-1	1
2L	2058929	2059801	-1	1
2R	924883	951164	-1	1
X	1482481	1482673	-1	1
3R	5255734	5255860	-1	1
2L	13354649	13354942	-1	1
3L	12472833	12473185	1	1
4	538605	538659	1	1
2R	22800728	22801618	1	1
3R	5083904	5085914	-1	1
X	10627890	10631389	1	1
3L	2947220	2959564	1	1
X	14996707	14997934	1	1
2R	15425667	15426035	1	1
3R	8471266	8477130	-1	1
2R	15920663	15921598	-1	1
3R	4282811	4295227	1	1
4	1146218	1146470	-1	1
3R	25040487	25043640	-1	1
2L	9896511	9896590	-1	1
2R	12274241	12275219	1	1
3L	11036503	11036612	-1	1
3R	25109470	25109528	1	1
2R	8729708	8732355	-1	1
2R	18689014	18692041	1	1
3L	16649012	16649119	-1	1
3R	30519764	30523228	-1	1
X	18648457	18648516	1	1
2R	14215435	14215664	-1	1
X	5835398	5840513	1	1
2L	10311785	10311899	-1	1
2R	4619564	4620633	1	1
X	16336744	16336851	1	1
3R	5335061	5350244	-1	1
3L	20771865	20772605	-1	1
X	575642	578006	1	1
X	15989305	15989379	-1	1
2R	6669787	6669880	1	1
2R	23846636	23846773	1	1
3L	5748556	5749246	1	1
3L	16116242	16117545	1	1
X	13670650	13671301	1	1
2L	18473329	18473388	-1	1
X	18884120	18949462	1	1
X	2717806	2719246	-1	1
X	8275438	8276085	1	1
X	13855119	13855235	-1	1
3R	26257095	26257271	-1	1
3R	23076081	23081626	-1	1
4	1145342	1146470	-1	1
4	1020016	1022242	-1	1
3L	3195211	3196994	1	1
X	5910062	5910433	1	1
3R	15186593	15186647	1	1
3L	23738185	23740161	-1	1
2R	22546822	22561438	-1	1
2R	3933424	3935963	-1	1
3R	27885659	27904971	-1	1
X	10752496	10753213	-1	1
X	17302787	17302839	-1	1
2L	4468602	4468667	-1	1
2L	10398220	10398279	1	1
3L	5805936	5806007	-1	1
3R	30208658	30208917	-1	1
3R	5375925	5375987	1	1
X	6188627	6189738	-1	1
2R	14230825	14231217	-1	1
3L	1652265	1652332	-1	1
2L	2974349	2974605	1	1
2R	9231846	9232508	-1	1
X	4698536	4698630	1	1
2R	24060575	24060676	1	1
X	7021559	7022538	-1	1
3R	25685703	25685768	-1	1
2L	21382083	21390258	1	1
3L	17400527	17401074	-1	1
2L	5803361	5803886	1	1
2L	2579427	2579860	-1	1
2L	13207997	13208110	-1	1
X	19622667	19622729	-1	1
2R	19447475	19447829	-1	1
2R	22386116	22409322	-1	1
3L	20992980	21025167	-1	1
2L	15064490	15064884	-1	1
X	10304143	10361494	-1	1
3L	1599257	1599656	1	1
3R	5587452	5587521	-1	1
3R	23230225	23248731	-1	1
3L	9413975	9426446	-1	1
2L	23161323	23180849	-1	1
2R	14869849	14870032	-1	1
X	16552451	16553344	-1	1
3L	8441910	8442113	-1	1
3R	24489367	24489599	1	1
3R	15793156	15793210	1	1
3R	27566796	27566861	-1	1
3R	895894	947426	-1	1
3R	11396573	11400748	1	1
2R	14809524	14809586	1	1
3R	9487093	9493396	-1	1
3R	23984101	23984428	1	1
4	1045249	1047264	1	1
3L	3762941	3763003	1	1
X	9152680	9153971	-1	1
X	17144655	17146862	-1	1
3R	23983895	23984469	1	1
3R	24552426	24552486	1	1
2R	14963777	14980564	1	1
3R	31826306	31827723	1	1
mitochondrion_genome	5419	17405	1	1
3R	15936266	15939444	1	1
2R	10488685	10531452	-1	1
3R	27418729	27418781	-1	1
3L	4327703	4327773	-1	1
3L	5691888	5692380	1	1
3R	21321158	21321222	-1	1
3L	16415218	16415367	1	1
2R	12653128	12653187	1	1
3R	21348906	21349028	-1	1
3L	16356037	16359299	-1	1
3L	11524434	11524582	-1	1
2L	14091254	14091313	-1	1
3L	13870849	13872467	-1	1
3R	24838198	24839313	1	1
2L	12045677	12046036	-1	1
3L	3171404	3171732	1	1
3L	22832019	22832791	-1	1
3R	15223687	15225197	-1	1
X	4627455	4631449	-1	1
3L	9146198	9147062	-1	1
3R	31935776	31959035	-1	1
X	13383396	13383475	-1	1
3L	3471793	3471927	-1	1
3R	14733047	14733284	-1	1
X	2641970	2678226	1	1
3L	273929	274790	1	1
X	15922140	15922469	1	1
2L	7864969	7871178	-1	1
3L	22071556	22071652	-1	1
X	12100179	12128604	1	1
X	4531530	4533701	1	1
X	13801774	13801902	1	1
3L	9048985	9049152	-1	1
2L	10307120	10307194	1	1
X	3752354	3761845	1	1
X	19966072	19966183	-1	1
3L	15834884	15835194	-1	1
3R	11766473	11767496	-1	1
2L	19515599	19515734	-1	1
3R	17895167	17896088	-1	1
2L	16685942	16690902	-1	1
4	252712	252824	-1	1
X	576617	578109	1	1
3R	13389760	13390048	1	1
3L	11214575	11216798	1	1
2L	9294382	9295347	1	1
3L	1037844	1038222	-1	1
3R	24105245	24105331	-1	1
3R	24067610	24102770	-1	1
X	4531581	4533607	1	1
X	12732010	12741744	-1	1
2R	4322706	4322776	-1	1
X	9794941	9849002	1	1
2L	6646948	6648085	-1	1
3L	7854153	7855451	-1	1
3L	22749509	22750168	1	1
X	13740714	13740785	1	1
2R	19445168	19445237	-1	1
2R	13718518	13719086	1	1
2R	16760518	16760598	-1	1
2L	15749755	15750575	-1	1
3R	9487200	9493011	-1	1
4	1116080	1116326	-1	1
2L	3875303	3878895	1	1
X	8249643	8249703	-1	1
3L	21268922	21268987	1	1
2R	23905794	23905856	-1	1
2L	19519160	19520534	1	1
X	12918952	12919201	1	1
3L	23127490	23128260	1	1
X	21028869	21030264	-1	1
2L	8109484	8115966	-1	1
3R	15936341	15944683	1	1
2L	5520546	5527414	1	1
3L	7329173	7329237	1	1
X	12335092	12425234	1	1
2L	17887149	17901809	-1	1
3R	30877744	30879766	-1	1
3R	22489314	22490230	-1	1
3L	6016401	6016548	1	1
3L	19235052	19235243	-1	1
X	15860251	15861152	1	1
X	14862900	14873528	1	1
X	12203985	12204147	1	1
X	19967013	19967081	-1	1
2R	22645535	22645921	-1	1
3R	30419485	30421278	-1	1
X	3930094	3930919	-1	1
X	5903540	5904590	1	1
3R	22545784	22546712	-1	1
2R	22570042	22570512	1	1
3R	13781365	13781424	1	1
3R	14732978	14733257	-1	1
3L	4937675	4938983	-1	1
3R	8394362	8394501	-1	1
4	900898	902330	-1	1
3R	29149903	29209592	1	1
X	11829499	11833159	1	1
3R	19095075	19095397	1	1
X	657580	657657	1	1
2L	8543837	8544485	1	1
3R	14733034	14733205	-1	1
3R	17916285	17916402	-1	1
2L	13836433	13872074	1	1
3L	9462192	9463256	1	1
X	11817428	11817698	1	1
2L	21632779	21633266	1	1
3R	29642264	29658874	-1	1
3R	11370293	11371317	1	1
2R	15055692	15055750	-1	1
3R	23922091	23922408	-1	1
3R	20553057	20553127	-1	1
2L	9161269	9161385	1	1
3R	15936032	15954984	1	1
2L	6925848	6927103	1	1
X	10309666	10313028	-1	1
3R	26843576	26843655	-1	1
2R	16859786	16859850	1	1
2L	9256815	9272466	1	1
X	9555220	9586161	1	1
3R	16503172	16513143	1	1
3R	12692708	12692770	-1	1
2L	3867989	3868380	1	1
2L	20661553	20661618	-1	1
3L	17476511	17476569	1	1
X	23430745	23430837	1	1
3R	7195896	7196294	1	1
X	12868785	12892455	-1	1
3R	25856224	25856562	1	1
X	4689143	4691597	1	1
2L	10847589	10847678	-1	1
2R	17276064	17316075	1	1
X	5904091	5904208	1	1
X	14914928	14915289	-1	1
3L	20277315	20277653	-1	1
2L	21390226	21393340	1	1
2R	12277260	12278578	1	1
3L	227633	230895	1	1
3L	27136870	27136946	1	1
3L	18750663	18751727	-1	1
3R	4713351	4713463	-1	1
X	15335721	15340136	1	1
4	411264	416744	-1	1
2L	22240104	22240292	1	1
2R	8718265	8718474	-1	1
3R	24265111	24266373	1	1
3R	4749590	4750794	1	1
X	8097811	8097869	-1	1
3R	26044627	26045469	1	1
3R	21309616	21309894	1	1
2L	21221458	21223869	1	1
2L	7802018	7822164	1	1
3L	269519	270072	1	1
X	2473100	2473175	-1	1
3R	24230649	24231655	1	1
X	17070076	17077270	-1	1
3R	13389572	13395157	-1	1
2R	1726832	1778991	1	1
3L	19263208	19263417	-1	1
3R	24064629	24067368	-1	1
X	11627	15034	-1	1
3L	17723286	17729584	1	1
2R	18773078	18773135	1	1
X	13670034	13670129	1	1
3L	9178086	9181799	-1	1
3R	20027750	20027811	1	1
3L	7369131	7369227	-1	1
3R	16631742	16631823	-1	1
4	892950	893553	-1	1
3L	12788375	12788541	-1	1
2L	20426807	20482640	1	1
3L	22270977	22271558	1	1
2L	13828249	13828635	-1	1
X	16070535	16173816	-1	1
X	12942090	12942380	1	1
3R	9358177	9358256	-1	1
2L	7855965	7856258	-1	1
3R	25906007	25906072	-1	1
2R	20996929	21001012	1	1
4	632130	632208	1	1
2L	21380362	21381694	1	1
3R	9737685	9737752	-1	1
2R	5860173	5860622	1	1
2L	9293661	9295447	1	1
2L	6647084	6647836	-1	1
2R	24696544	24697175	-1	1
X	11830916	11831042	1	1
3R	4282835	4284226	-1	1
2R	11621041	11621116	-1	1
2L	16742987	16743046	-1	1
2L	10265772	10265827	1	1
3R	14890903	14890962	1	1
3R	23668341	23669587	-1	1
2R	14756718	14756794	1	1
4	1050790	1051188	-1	1
X	2554151	2554282	1	1
2R	21014394	21014453	1	1
2L	10965005	10965071	-1	1
2R	16291223	16291302	-1	1
2R	5609490	5611192	1	1
X	6104237	6111366	-1	1
2L	5006485	5006869	1	1
3R	23983906	23984353	1	1
3L	19105666	19106900	-1	1
3R	8822954	8823397	-1	1
X	15760195	15760252	-1	1
4	1241373	1250268	1	1
2L	2143392	2143449	-1	1
3L	20840402	20840473	-1	1
2L	12477167	12504079	-1	1
2R	23689614	23689670	1	1
2R	22747519	22757865	-1	1
3R	16274634	16274994	1	1
2L	1083340	1083829	-1	1
3R	12981293	12984270	1	1
2R	17440876	17441487	-1	1
3R	26950569	26950638	-1	1
3R	12008372	12010336	-1	1
2L	9294359	9295310	1	1
2R	7440969	7441027	-1	1
2L	8509411	8509468	-1	1
3L	3717341	3742922	-1	1
3L	22801756	22833143	-1	1
3L	8440164	8441094	-1	1
3L	9952302	9952674	1	1
3L	8131041	8131326	1	1
3R	31750677	31750792	1	1
2R	24969052	24969118	-1	1
4	1279834	1296026	1	1
2R	24883613	24883674	1	1
2R	22641106	22641354	-1	1
X	9165927	9186826	1	1
3L	7977788	7997976	1	1
2R	9504517	9504667	1	1
2L	15644314	15679449	-1	1
X	4131495	4131558	-1	1
2L	6646948	6647794	-1	1
2R	5294367	5295750	1	1
2R	14277778	14298753	1	1
2R	12273920	12320946	1	1
X	17304371	17304698	1	1
2R	18161876	18161952	1	1
3R	26107521	26107585	1	1
3R	20253136	20253558	1	1
X	19332119	19343910	-1	1
3L	19831168	19832616	-1	1
X	5819203	5834351	-1	1
3L	6738099	6738704	-1	1
X	8408310	8409834	-1	1
2R	13832748	13833237	1	1
X	12938582	12939015	1	1
2R	10233722	10234653	-1	1
4	88298	94423	1	1
3L	10516036	10517300	1	1
3R	24942398	24942461	-1	1
3R	21973520	21975117	1	1
2R	24970418	24970472	1	1
X	12229971	12234263	1	1
2R	14215622	14215677	-1	1
2R	18718769	18754602	1	1
2R	22112140	22112210	-1	1
X	6872922	6875932	1	1
3R	25679481	25679593	1	1
3L	15551749	15560997	-1	1
3L	17400491	17400969	-1	1
X	15989294	15989376	-1	1
3L	4090917	4132585	1	1
2L	9744231	9746434	-1	1
X	5793590	5794290	1	1
2R	8105940	8106017	1	1
X	16452193	16453028	1	1
3R	31975966	31979523	-1	1
3R	23983894	23984362	1	1
3R	19494129	19494213	1	1
3R	9420048	9432594	1	1
2R	12933363	12933441	-1	1
2L	3989801	3990890	-1	1
3R	20539336	20539400	-1	1
X	1046561	1046636	1	1
3L	10516163	10517812	1	1
X	5871271	5871340	-1	1
2L	3160149	3160203	-1	1
2L	16232235	16235620	1	1
3L	21317483	21317797	-1	1
4	395323	396412	-1	1
X	10452577	10454598	-1	1
X	12657231	12657400	1	1
X	12566675	12566805	-1	1
3L	514706	522413	-1	1
2R	17671807	17671865	-1	1
3L	3759259	3765605	-1	1
2R	14293832	14295645	-1	1
2R	19567455	19629020	-1	1
X	18102887	18102944	1	1
X	2271315	2273283	-1	1
3R	9013493	9014753	1	1
X	7898496	7899716	-1	1
3L	7015237	7052036	1	1
X	16439763	16439827	1	1
2L	835291	835353	-1	1
2L	5602479	5602564	-1	1
3R	11754496	11763980	-1	1
3L	16077810	16080759	1	1
3R	11941421	11954157	-1	1
2L	13394464	13394521	-1	1
3R	24760641	24761121	-1	1
4	632058	635157	1	1
3L	17400544	17400890	-1	1
2R	11641972	11651025	-1	1
X	14322505	14462189	1	1
2R	23905997	23906060	-1	1
3R	7864678	7864796	-1	1
4	855549	866415	-1	1
2R	5847279	5860116	1	1
3R	4734660	4734793	-1	1
3R	21785771	21807592	-1	1
X	7092171	7099282	-1	1
3L	8577185	8578359	1	1
2L	21380335	21390319	1	1
3R	16158307	16158858	1	1
3L	12747755	12747821	-1	1
3L	22833311	22833369	-1	1
3L	6944637	6948583	1	1
X	13967789	13985797	-1	1
3R	8262674	8262753	-1	1
3R	31216368	31216675	-1	1
3L	22269921	22271558	1	1
X	8410542	8410634	1	1
3L	19888476	19888538	1	1
2R	8731812	8732160	-1	1
3L	9150817	9169789	-1	1
3L	4418255	4419965	1	1
3R	18546586	18546656	-1	1
2L	14352800	14354128	-1	1
X	18813994	18819776	1	1
3R	21179205	21179268	1	1
3R	28519641	28520171	-1	1
3R	21302778	21303053	1	1
2R	12259615	12273900	1	1
X	18654422	18654547	-1	1
3R	18309537	18314191	-1	1
X	3291878	3321041	-1	1
3L	17400622	17400779	-1	1
2L	1836653	1837191	1	1
2R	11226903	11232380	-1	1
2R	11450607	11450788	1	1
4	1039957	1040684	-1	1
2R	1596440	1597736	1	1
2R	19164878	19165164	1	1
3L	17400506	17400983	-1	1
2L	5723575	5723638	1	1
X	5793697	5794387	1	1
2L	21107985	21108037	1	1
3L	13017613	13017676	-1	1
3R	5084053	5086257	-1	1
X	503421	504384	1	1
3L	22795502	22832048	-1	1
3L	21212285	21215735	1	1
3R	21803390	21803684	-1	1
3R	15954770	15957619	1	1
3L	21576335	21576389	-1	1
3L	3403072	3403180	-1	1
X	12941867	12942032	1	1
3L	13522032	13537457	-1	1
3L	3985009	3988484	1	1
X	20224490	20234618	-1	1
3R	5267403	5267462	1	1
3R	18969978	18970075	1	1
2R	4819230	4819288	-1	1
X	5071443	5071833	-1	1
X	4914210	4914714	1	1
X	4699542	4753541	1	1
2R	2487702	2497036	-1	1
2R	6625297	6626913	-1	1
2L	18051594	18062362	1	1
3L	22067848	22067905	-1	1
2R	4187693	4187760	1	1
3R	15968511	15968575	-1	1
3R	16626217	16631609	1	1
3R	31330490	31335636	1	1
X	22995915	23006781	-1	1
X	3700947	3703338	1	1
3L	4261433	4261509	-1	1
4	247229	247659	-1	1
3L	183703	183758	-1	1
3R	5762501	5762557	1	1
3R	16632769	16633426	1	1
3R	24821726	24821794	1	1
2L	9292701	9292954	1	1
2R	18289851	18355500	-1	1
2L	3716304	3716389	1	1
3L	24074632	24075042	1	1
X	20062347	20062682	-1	1
3L	9384898	9384948	1	1
3L	9374146	9374749	1	1
X	3953072	3953892	1	1
X	4701552	4701958	1	1
X	16300876	16300939	1	1
X	9675173	9682626	-1	1
2R	11141337	11141679	-1	1
2L	7568974	7576245	-1	1
X	15928931	15929341	-1	1
X	15929403	15929472	-1	1
3R	21105097	21105209	1	1
3L	8577308	8579093	1	1
2R	18475670	18476112	-1	1
3R	18244295	18248539	1	1
2L	13535027	13546911	-1	1
2L	9291859	9295335	1	1
2L	22535064	22536537	-1	1
3R	4659872	4660239	1	1
2L	4956899	4956958	1	1
3R	21308099	21308377	1	1
3L	18879461	18879511	-1	1
3R	15300181	15300747	1	1
3R	20245321	20248880	1	1
2R	11304526	11304584	1	1
3L	5997654	6018060	1	1
3R	25125775	25125834	-1	1
4	601530	601757	-1	1
2R	11227840	11228116	-1	1
3R	8250571	8252053	1	1
2R	10101426	10104256	1	1
2L	19793754	19795309	1	1
2R	25029655	25029771	1	1
X	16278548	16280886	1	1
2R	10225028	10231715	-1	1
2R	19523830	19628886	-1	1
3R	30390083	30390272	1	1
3R	23220644	23221842	-1	1
2R	11442957	11518498	1	1
2L	5010674	5010732	-1	1
2L	19545002	19545157	1	1
3L	9965856	9965921	1	1
3R	23054832	23054888	-1	1
3R	23567548	23578977	1	1
3R	31602231	31610881	-1	1
X	16292644	16292886	1	1
3R	31254242	31254299	-1	1
3L	7534166	7534235	-1	1
2L	19071306	19071424	-1	1
3L	9178014	9178290	-1	1
2R	10105826	10106028	1	1
X	6681174	6683113	1	1
3R	23983911	23984347	1	1
3R	26867783	26868356	1	1
3R	18172950	18173126	1	1
2L	16993256	16993790	1	1
2R	11616983	11618421	-1	1
2L	21380362	21390209	1	1
3L	17530423	17530809	1	1
3L	2682562	2684553	-1	1
3L	3196096	3196950	1	1
3R	26532423	26534724	-1	1
2R	11643573	11643633	-1	1
X	5165512	5199317	1	1
3L	1196419	1199076	1	1
3L	11542448	11562175	-1	1
3R	22412851	22412910	1	1
X	140343	140837	1	1
3R	25116158	25122561	-1	1
3L	5159760	5170341	-1	1
3R	18680946	18685089	1	1
X	15902333	15905774	1	1
X	9554705	9555048	1	1
X	13967877	13985742	-1	1
3L	16403315	16404554	-1	1
3L	14746648	14746708	1	1
3L	13039340	13039405	1	1
3L	5160893	5168278	-1	1
2L	5099656	5099789	-1	1
X	12741940	12742153	-1	1
X	12917691	12919075	1	1
3L	17236063	17238072	-1	1
2R	20264361	20264601	1	1
X	3335537	3336307	1	1
2R	23847454	23849171	-1	1
X	17924914	17937483	-1	1
X	89583	89818	-1	1
3R	15332829	15333013	-1	1
X	13381011	13384463	-1	1
X	17847860	17847921	1	1
X	2670104	2670174	1	1
2R	14992902	14992955	-1	1
3L	22399731	22406892	-1	1
3R	22678773	22678830	1	1
3L	5772252	5775598	1	1
3L	5679141	5692428	1	1
3R	29101055	29103724	1	1
3L	7854274	7855256	-1	1
3L	6547469	6549233	1	1
3R	20958116	20974080	1	1
2R	4351219	4407981	-1	1
3R	21302183	21303096	1	1
X	19363022	19433154	1	1
2R	11692546	11694474	1	1
3R	30556668	30556741	-1	1
2R	14936019	14936092	1	1
3R	23731644	23731944	-1	1
2L	6208422	6208785	1	1
2R	5658218	5660601	-1	1
3R	9487218	9493557	-1	1
4	469331	471014	1	1
3R	23982124	23984442	1	1
2R	14276429	14279243	1	1
3R	30364831	30369630	1	1
3R	9456908	9456987	-1	1
X	8275416	8276062	1	1
3L	1861677	1861778	-1	1
2R	9590064	9590365	1	1
2L	18833717	18838913	-1	1
3L	5157260	5159846	-1	1
2L	21380667	21382019	1	1
2R	2783275	2892118	1	1
2L	10276568	10277814	-1	1
Y	2984947	3160908	1	1
X	15860251	15861236	1	1
3R	11858756	11868795	-1	1
2L	7832218	7832524	1	1
4	1128656	1129435	1	1
3L	5362437	5362526	1	1
3L	21612781	21612844	1	1
2R	22662864	22662934	1	1
3R	21972517	21975350	1	1
X	4698676	4699435	1	1
2L	5173413	5173737	1	1
2L	19524967	19525024	1	1
X	5723363	5737099	-1	1
4	1038435	1040013	-1	1
3L	22960969	22961534	1	1
3L	10481933	10506070	1	1
2R	9207851	9207914	-1	1
2R	24844643	24844740	-1	1
3R	23983910	23984362	1	1
X	11805043	11806869	-1	1
3L	24919612	24925440	1	1
X	5917188	5917279	1	1
3L	18946814	18955288	1	1
4	1046772	1047264	-1	1
2L	10378865	10378923	1	1
3R	24104957	24105120	-1	1
2L	75367	94653	1	1
2R	12274253	12276283	1	1
X	3482121	3482230	-1	1
3L	3943518	3946055	1	1
3R	4452464	4452604	-1	1
X	762992	763441	-1	1
3L	9146116	9177906	-1	1
3R	24826712	24828053	-1	1
X	2553311	2554249	1	1
X	13075368	13076570	1	1
2L	18838159	18838509	1	1
2R	25037965	25039051	1	1
2R	15540105	15540165	-1	1
X	12656699	12657245	1	1
3R	13651638	13653527	1	1
3L	8970896	8970949	1	1
X	15735175	15735247	-1	1
2R	16874858	16875199	-1	1
X	21601275	21601344	-1	1
X	7899757	7901243	-1	1
X	17134878	17134945	1	1
3L	9099331	9101200	-1	1
3L	21176192	21182985	1	1
3R	8817312	8820052	-1	1
X	11475858	11475919	1	1
3L	19086215	19086329	-1	1
3L	5644621	5648699	1	1
3R	24554627	24556305	1	1
X	10704676	10704757	1	1
2R	10104814	10107565	1	1
3R	1455092	1467146	1	1
3R	4221866	4226121	1	1
3R	9793922	9793990	1	1
2L	10763092	10763857	1	1
2L	10412568	10412624	-1	1
X	5792872	5794357	1	1
3L	2511764	2512295	-1	1
3L	18748890	18749344	1	1
3L	209714	209784	-1	1
3L	16609633	16610077	-1	1
X	11091193	11091291	-1	1
X	1930578	1938096	1	1
X	17641001	17641066	-1	1
3L	17429304	17429377	-1	1
2R	10095928	10096057	1	1
3L	17400527	17400859	-1	1
2R	16328651	16329417	-1	1
2L	10264265	10264549	1	1
X	3480730	3480859	-1	1
2R	22797181	22797793	-1	1
2R	1074365	1075009	1	1
X	17927645	17952564	-1	1
3R	4365895	4365949	1	1
X	17927927	17928580	-1	1
3L	20002993	20003303	1	1
3L	3088279	3089775	1	1
2L	10437949	10439086	1	1
3L	9464707	9470268	1	1
3R	30176885	30176944	-1	1
3R	21364993	21365138	-1	1
2L	21382104	21390252	1	1
3R	7184048	7184272	-1	1
3R	5591813	5593543	1	1
3R	31153233	31153432	1	1
3R	31153478	31177252	1	1
3R	1025615	1138730	1	1
3L	20260990	20261213	1	1
2L	1651335	1653272	1	1
3L	13047469	13047542	1	1
2R	6673818	6673874	1	1
3L	1666035	1666484	1	1
2R	23836000	23837262	1	1
3L	9130071	9130547	-1	1
3R	21300534	21302561	1	1
2R	10108066	10108161	1	1
2L	17604422	17614080	1	1
3R	11635412	11635469	-1	1
3L	1630470	1637029	-1	1
3L	5691705	5695339	1	1
3R	31936062	31936690	-1	1
3R	22724288	22724359	1	1
2R	10481170	10481227	1	1
X	3860043	3860153	-1	1
X	2113301	2113435	1	1
3L	12650511	12650578	-1	1
2R	8930534	8930591	1	1
3L	8440143	8441277	-1	1
3L	22833800	22833961	-1	1
3L	11760111	11765606	1	1
3L	3516829	3552787	-1	1
X	3860224	3861753	-1	1
2R	13829747	13833346	1	1
2R	17717083	17717174	-1	1
3L	5709387	5718187	1	1
X	8757894	8805211	-1	1
2L	7831961	7832569	1	1
3R	20737185	20737260	1	1
3R	5624521	5624890	1	1
X	5793682	5794469	1	1
3L	20378816	20378882	1	1
3R	24653495	24654465	-1	1
3L	17400545	17400697	-1	1
3R	4940368	4945506	1	1
X	3762858	3781655	1	1
3L	10060162	10067688	1	1
2L	12456838	12540723	-1	1
3R	11336680	11338237	1	1
2R	14252740	14255961	-1	1
2L	21237421	21238331	1	1
4	115186	115258	-1	1
2R	18819525	18819621	1	1
X	15083337	15083488	1	1
X	8408779	8410250	-1	1
X	18161226	18170278	1	1
X	11373050	11373817	1	1
2L	13415777	13422992	1	1
3L	8949760	8953933	-1	1
3L	14037112	14037478	1	1
3R	22583930	22583988	-1	1
2R	6610899	6611792	1	1
X	18155442	18155619	1	1
3L	15493582	15494567	-1	1
3R	9456921	9457471	-1	1
X	19519542	19519945	-1	1
X	9109757	9117273	1	1
2L	9462848	9464079	1	1
3L	10593700	10593800	-1	1
2L	1012438	1047956	-1	1
3L	3825751	3828878	1	1
3R	21783691	21804579	-1	1
2R	16561397	16563771	-1	1
Y	1160746	1220699	1	1
3R	26532568	26534724	-1	1
3R	27580326	27581681	-1	1
2R	10736056	10736657	1	1
2L	16288873	16289143	1	1
2L	21672470	21672857	-1	1
2R	6044039	6044096	1	1
3L	2895285	2897244	1	1
2L	23067078	23067145	-1	1
2R	10502060	10502358	1	1
3L	17847990	17849247	1	1
3R	5640949	5641062	-1	1
4	310243	310617	1	1
X	8768275	8768752	-1	1
X	12582859	12582984	-1	1
2L	1171687	1171871	1	1
X	12731819	12742319	-1	1
X	4930066	4936013	-1	1
3L	20787714	20787791	-1	1
3L	19928909	19930815	1	1
2L	21382173	21390205	1	1
X	18225451	18226026	-1	1
X	6869337	6872846	1	1
2L	7826982	7827061	-1	1
3R	21632287	21632534	-1	1
X	4699554	4753541	1	1
X	11616686	11619683	1	1
2R	13219634	13220046	-1	1
3L	16968347	16968551	1	1
X	17932704	17937613	1	1
2L	10804897	10805619	-1	1
3L	13525211	13532954	-1	1
2L	6047781	6047900	-1	1
2R	9370379	9370442	-1	1
3L	3860424	3860636	1	1
2R	6627215	6627313	-1	1
X	17161192	17175347	1	1
3R	19764426	19765222	1	1
3R	29061140	29061202	-1	1
3R	30011608	30011669	-1	1
2R	1441605	1442769	1	1
2R	8421567	8428087	1	1
3L	19891461	19892320	-1	1
4	463657	466303	-1	1
3L	15893962	15898835	-1	1
2R	5975309	5975390	-1	1
X	3707492	3708744	-1	1
4	1131397	1131489	1	1
3R	24147397	24147450	-1	1
X	5903983	5904571	1	1
X	5072776	5076838	-1	1
2L	14601799	14601851	-1	1
3L	20351029	20351094	1	1
3L	21530610	21531315	-1	1
3R	8817700	8818700	-1	1
X	17945722	17947162	-1	1
3R	18248394	18248445	1	1
3L	18090387	18090448	-1	1
2L	8113418	8142851	1	1
2L	16262594	16262650	1	1
X	4538710	4538775	-1	1
3L	12396575	12396637	1	1
X	13294632	13295165	-1	1
2L	4875272	4876664	1	1
X	4657525	4657593	1	1
2L	1009894	1013359	-1	1
2R	20326207	20326440	-1	1
X	8353963	8366790	-1	1
3L	22064934	22065060	1	1
3L	3193368	3194499	1	1
2L	6898087	6901242	1	1
3R	20783354	20783433	1	1
2R	25253441	25253581	1	1
3L	19994952	19995374	-1	1
2L	7824481	7824580	1	1
3R	15346632	15347748	1	1
3L	3907957	3908095	-1	1
3R	8340082	8340483	-1	1
X	5086478	5089335	1	1
X	6852943	6866802	-1	1
X	9097460	9097756	-1	1
2L	4318978	4319330	1	1
mitochondrion_genome	2874	10767	1	1
3R	15374035	15374125	1	1
3R	22468616	22469482	1	1
4	349147	349213	-1	1
2R	12849897	12849961	-1	1
3R	19643504	19643744	-1	1
X	17934534	17934620	-1	1
2R	25006084	25010380	-1	1
X	13701354	13718129	-1	1
3L	7709351	7709519	-1	1
2R	10249828	10250879	-1	1
X	3693049	3701269	1	1
X	10967860	10968129	-1	1
3R	8340045	8340503	-1	1
2R	4015215	4072694	1	1
3R	27066032	27066099	-1	1
2R	10512294	10515219	-1	1
X	9152680	9153916	-1	1
3L	13798156	13798217	-1	1
2L	13216376	13216815	-1	1
3L	3051796	3051983	1	1
3R	10585358	10613699	-1	1
2R	21658262	21658346	1	1
3R	23988952	23990195	-1	1
2L	1015244	1016645	-1	1
X	647138	647202	-1	1
X	10756619	10757084	-1	1
4	190062	193394	-1	1
2R	8950792	8950911	-1	1
2R	3943142	3943196	-1	1
3L	19888476	19888538	-1	1
X	11622256	11623753	1	1
2L	15648029	15648095	-1	1
X	4691755	4698429	1	1
X	6069291	6069663	-1	1
3R	12573328	12573398	-1	1
3L	19924040	19924292	1	1
3L	10592970	10593946	1	1
X	9355179	9355995	-1	1
2L	9292168	9295197	1	1
3L	8564096	8564157	1	1
2R	21184138	21192063	1	1
3R	15956951	15957692	1	1
2L	6950989	6951045	1	1
2L	6951078	6954465	1	1
3L	8531805	8531867	1	1
X	1395372	1400478	1	1
2R	23878893	23880682	1	1
2L	11806158	11807628	-1	1
2R	17528106	17529982	-1	1
3R	27255501	27256157	1	1
2R	24907083	24907145	1	1
3L	19874770	19874833	1	1
3R	14618483	14618695	1	1
2R	1995552	1995612	-1	1
3R	27423261	27436612	-1	1
3R	4295701	4299790	1	1
3R	27227942	27228068	-1	1
3R	31401189	31401251	1	1
2L	16001255	16009109	1	1
2R	24028125	24028538	-1	1
3R	13968674	13969020	-1	1
3R	24048750	24048888	1	1
2R	2487718	2496977	-1	1
X	11328193	11328261	-1	1
2R	15937880	15938447	-1	1
3R	21019015	21019309	1	1
3L	7529875	7532672	1	1
X	3788038	3789521	1	1
2R	20276264	20278354	-1	1
3L	3073370	3088300	1	1
2R	6808527	6808583	-1	1
2R	926654	951218	-1	1
2R	24186022	24186222	1	1
3L	14776986	14777339	-1	1
3L	11109840	11110030	-1	1
X	1217838	1220106	-1	1
3L	4590369	4590739	1	1
2R	9389169	9389273	-1	1
2L	21381785	21381899	1	1
3R	14662317	14662403	-1	1
3L	16616438	16616497	-1	1
X	9666283	9667336	-1	1
3L	20834146	20835898	1	1
2L	1014103	1014250	-1	1
2L	9796972	9877865	-1	1
3R	5596919	5599210	-1	1
2R	6974229	6974291	-1	1
3R	26533234	26535159	-1	1
X	9666279	9667526	-1	1
3L	16391353	16391477	-1	1
2R	14926969	14927928	-1	1
3R	29741091	29741150	1	1
3L	17400527	17401090	-1	1
2R	13954564	13955489	1	1
3L	14775508	14775912	1	1
2R	19161416	19161476	1	1
X	10765055	10765285	-1	1
3R	31857972	31864597	-1	1
2R	15456560	15456660	-1	1
2L	18246108	18270988	1	1
3R	21057715	21057787	-1	1
X	11475703	11475765	1	1
3R	11335977	11336605	1	1
3L	574369	574466	1	1
2R	17207790	17208002	1	1
X	576825	577969	1	1
3R	15957630	15957689	1	1
X	11823397	11831068	1	1
X	11823380	11831059	1	1
3R	31933843	31935053	-1	1
X	20233444	20234775	-1	1
X	143520	157475	1	1
3R	16632769	16635526	1	1
3L	4090403	4090967	1	1
3R	27923714	27924763	1	1
2L	21382053	21390281	1	1
2L	2095173	2109819	-1	1
X	9165926	9188307	1	1
X	18860943	18861046	1	1
3L	22998767	23002053	1	1
2R	2553878	2564444	-1	1
2R	2778404	2782277	1	1
3L	9103172	9106440	-1	1
3L	4190348	4193611	1	1
X	3952042	3952108	1	1
3R	31595002	31596110	-1	1
2L	15960844	15961126	-1	1
X	7909925	7910709	-1	1
3R	22791313	22792658	1	1
X	10255411	10255479	-1	1
2R	10510137	10532039	1	1
3R	25665990	25666656	1	1
3L	19651232	19651471	-1	1
3R	8865300	8881264	-1	1
3R	11750996	11764177	-1	1
2R	4029945	4030002	1	1
2R	6972314	6974936	-1	1
2L	9293166	9295440	1	1
2R	17674509	17674572	-1	1
3L	17061758	17065196	-1	1
3R	9872870	9872926	-1	1
2L	8826237	8829536	1	1
3R	20537464	20538453	-1	1
3L	9968042	9968105	-1	1
3L	9903038	9905538	1	1
3R	20968487	20973173	1	1
3R	24237123	24237362	1	1
3R	14737484	14740380	-1	1
3R	27640887	27641020	-1	1
3L	15851506	15893760	-1	1
X	11673271	11673333	1	1
3R	22027781	22028020	1	1
2R	14944672	14945524	-1	1
3R	10218692	10219779	1	1
X	17640154	17646116	1	1
2R	24532644	24532897	1	1
X	21361572	21362712	-1	1
2R	20983949	20984323	-1	1
3L	1877186	1877291	-1	1
2R	8621128	8621193	1	1
3R	24104964	24105172	-1	1
2R	18496869	18497842	1	1
X	17143772	17146834	-1	1
3R	15935529	15957611	1	1
3R	12465559	12508023	-1	1
2L	1083541	1085992	-1	1
3R	27156487	27157330	1	1
3R	9051810	9051878	1	1
3L	17400559	17400766	-1	1
X	4698454	4698546	1	1
3L	3051783	3051983	1	1
3R	16446981	16453582	-1	1
3L	14751776	14753334	-1	1
X	13075444	13076836	1	1
3L	17063254	17065677	-1	1
X	15325201	15325275	1	1
3R	9540528	9540584	1	1
3L	3145712	3147933	-1	1
2L	7832293	7832547	1	1
X	6191541	6192347	-1	1
4	292499	296272	-1	1
3R	24105336	24108645	-1	1
X	5334485	5340358	1	1
3R	27253536	27256233	1	1
3L	1632273	1635220	-1	1
3L	15893962	15898583	-1	1
3R	8817751	8818599	-1	1
3L	11525514	11525580	-1	1
3R	21309298	21309851	1	1
2R	17275503	17320554	1	1
3R	21275581	21275639	-1	1
3L	681311	681373	-1	1
2L	2391714	2391798	1	1
2R	9841350	9841403	-1	1
2R	12578552	12579129	-1	1
3R	31611548	31615179	1	1
2R	19177574	19177819	1	1
3R	4413007	4413241	-1	1
2R	23847272	23848375	-1	1
2R	21184199	21192193	1	1
2R	19029246	19032040	-1	1
2R	17374368	17374695	1	1
2L	3326364	3326431	1	1
X	18172767	18173884	1	1
3R	24031003	24031064	-1	1
3R	24013629	24030494	-1	1
X	8209903	8210583	1	1
X	2368546	2370744	-1	1
3L	17400339	17400957	-1	1
2R	10493242	10532039	-1	1
X	7196985	7234561	1	1
3R	2137403	2307285	1	1
3R	29177741	29178667	-1	1
X	12639297	12647216	1	1
X	4685822	4699435	1	1
2R	12199535	12199902	-1	1
3L	5750364	5750551	-1	1
X	17924572	17948309	-1	1
X	3749095	3761875	1	1
2L	21635732	21637659	1	1
X	22468400	22468775	1	1
2R	16027734	16027884	-1	1
3R	11391674	11391918	1	1
2R	5702294	5702867	1	1
X	16551619	16637959	1	1
3R	21330401	21330458	-1	1
3R	3745905	3752167	1	1
3R	15265668	15266626	1	1
3R	9411603	9411669	-1	1
3R	20958168	20960726	-1	1
X	19572614	19572678	-1	1
2R	21698601	21704323	-1	1
3L	21437	21876	-1	1
3L	1632414	1636983	-1	1
2L	2359623	2360178	-1	1
2L	21382140	21390359	1	1
3R	9798414	9798690	-1	1
2L	9711571	9742866	-1	1
3L	4084799	4085623	1	1
3R	14093038	14093137	-1	1
3R	14093184	14093273	-1	1
3R	18680864	18686494	1	1
2R	547364	578872	1	1
2L	2772654	2785293	-1	1
3R	31935392	31975448	-1	1
2L	18977197	18977263	1	1
3R	11333185	11396184	1	1
X	576515	588181	1	1
3R	9778709	9778783	1	1
3R	10027382	10037816	-1	1
3L	7931787	7932038	-1	1
X	16473504	16475756	-1	1
2R	20976681	20976739	1	1
3R	9475841	9486601	1	1
2L	4439701	4440924	-1	1
3R	10534007	10548607	-1	1
2L	9295295	9295527	1	1
3L	24079559	24110796	1	1
X	8060098	8061264	-1	1
3R	6001737	6003673	-1	1
2R	19444763	19444830	1	1
2L	18611709	18611769	-1	1
2R	6627123	6632228	-1	1
2L	11811500	11811594	-1	1
2R	4378696	4378749	-1	1
2L	9870454	9877208	-1	1
3R	8455698	8455848	-1	1
X	9510665	9550434	1	1
3R	9679640	9877446	1	1
2R	326940	327966	1	1
3L	23264365	23272058	1	1
3R	15957177	15957311	1	1
2R	12633746	12633807	1	1
3R	24572576	24576464	-1	1
2R	9803477	9806459	-1	1
3R	19429960	19459126	1	1
X	3100240	3108490	1	1
2L	20074851	20074958	-1	1
X	14204234	14205925	-1	1
3R	14367497	14369757	-1	1
2R	6884659	6884729	1	1
3R	4078533	4081369	-1	1
3L	12645041	12645113	1	1
2R	9096992	9097062	1	1
2L	21576784	21576984	1	1
3R	12547629	12548043	-1	1
3R	21343049	21348396	-1	1
3L	17690476	17711058	1	1
2R	13832306	13832509	1	1
3L	5170441	5201065	-1	1
3L	16716838	16717607	-1	1
3R	22372573	22372660	1	1
2R	14276843	14277022	1	1
3R	24820533	24820709	1	1
2L	14636160	14688466	-1	1
3L	11129526	11134368	1	1
2L	19519067	19525235	1	1
3L	21571654	21571732	1	1
3R	31052869	31052928	-1	1
2R	6698816	6698900	1	1
X	10781864	10782522	-1	1
3L	11116075	11116141	-1	1
3R	20817428	20817495	-1	1
3R	19457434	19459168	1	1
3L	9146122	9154199	-1	1
3L	16891315	16896235	1	1
X	19347734	19347963	-1	1
3L	17400395	17401093	-1	1
3L	1632369	1636832	-1	1
X	15862572	15862707	1	1
X	12333867	12339062	1	1
X	16459593	16463794	-1	1
X	6840262	6840364	-1	1
2R	3182520	3239023	1	1
3R	5667941	5668010	-1	1
2R	16325049	16333306	-1	1
2L	21116458	21116516	-1	1
3R	17064770	17064836	1	1
3L	16413804	16415234	1	1
3L	16036702	16036868	1	1
3R	31598943	31599270	-1	1
2L	337199	337938	1	1
3R	25352040	25472579	-1	1
3R	20390814	20393667	-1	1
2R	5979781	5980043	-1	1
3R	9432373	9454751	1	1
X	575711	578237	1	1
X	5165594	5174897	1	1
3R	10161027	10161082	-1	1
3R	17893749	17895930	-1	1
X	9152700	9153973	-1	1
2R	13829580	13829640	1	1
3L	4136593	4136858	-1	1
2L	13388332	13388386	1	1
3L	1285111	1287932	1	1
3R	9400498	9400549	-1	1
2L	21355595	21357712	1	1
3R	31595038	31596088	-1	1
2L	20347464	20348132	1	1
3L	281735	282087	1	1
X	3930579	3930919	-1	1
X	12657281	12657450	1	1
2R	4673224	4673280	1	1
X	6672336	6672687	-1	1
3L	3924475	3925463	1	1
3R	24687906	24691460	1	1
X	15299584	15300322	1	1
2R	19520139	19628711	-1	1
3R	21305528	21306362	1	1
3R	24519197	24521515	1	1
3L	22716893	22716971	-1	1
4	588043	588572	1	1
X	18161148	18170278	1	1
X	10479718	10479836	-1	1
2L	7032836	7032904	1	1
3L	3984182	3984445	1	1
3L	25798708	25843847	-1	1
3R	24709573	24711050	1	1
X	13986122	13988805	-1	1
3R	4659872	4660236	1	1
X	11622492	11623753	1	1
3R	21296678	21298241	1	1
2R	22801371	22801483	-1	1
2R	8830578	8830873	-1	1
3R	13012173	13019342	1	1
2R	11580405	11581369	-1	1
3L	16404850	16411119	-1	1
4	900905	902338	-1	1
3L	22293158	22293261	-1	1
mitochondrion_genome	13012	13449	-1	1
3L	17063302	17065184	-1	1
3R	21785988	21820772	-1	1
3L	5425124	5429163	1	1
3L	16955543	16959099	1	1
3R	23973862	23984478	-1	1
X	5340322	5341181	1	1
2R	9592476	9592589	1	1
2R	23986209	23986262	-1	1
3L	19575060	19584352	-1	1
3L	5367491	5367547	-1	1
2R	1072103	1072268	1	1
3R	13672817	13673148	-1	1
3R	28970621	28972522	1	1
2R	11692168	11692499	1	1
X	1473997	1474473	-1	1
3L	18682378	18682439	1	1
X	17634354	17634574	-1	1
3R	9358497	9359059	1	1
2R	16856316	16856806	1	1
3L	21341292	21341367	-1	1
X	7915947	7916008	-1	1
3L	7930746	7931232	-1	1
2R	24067203	24067465	-1	1
3R	9432334	9436736	1	1
2R	14276382	14277111	1	1
X	12774686	12836944	-1	1
2R	10439632	10448199	-1	1
3R	8749319	8756045	-1	1
X	15805442	15805558	1	1
3R	18426289	18545410	-1	1
3L	7806292	7808465	-1	1
3L	21516655	21517250	1	1
3R	25139043	25139604	1	1
2R	15307155	15309196	-1	1
3L	269200	270152	1	1
3L	19061601	19061741	-1	1
X	2243605	2244457	1	1
3L	7980647	7995434	1	1
X	13752028	13754830	1	1
3L	2942398	2943362	1	1
2L	22776469	22778206	-1	1
3R	17967010	18013542	1	1
3L	8433089	8437798	-1	1
X	12868410	12869401	-1	1
X	10899221	10900130	1	1
X	5792367	5794286	1	1
3R	11329514	11329605	1	1
3L	17401133	17401213	-1	1
X	20509430	20510519	-1	1
2L	4992917	4993689	-1	1
3R	20579059	20579139	-1	1
2L	13394800	13394865	-1	1
X	22995915	23004488	-1	1
3R	29483744	29484452	1	1
X	6788394	6788461	-1	1
X	14228088	14233842	-1	1
2L	8509401	8509455	-1	1
2R	10281730	10282042	-1	1
2R	23581469	23596892	1	1
X	3665229	3668969	-1	1
2R	19447675	19447988	-1	1
2R	12145982	12150511	1	1
3R	24064796	24105089	-1	1
2R	16025135	16025191	-1	1
2R	13240447	13240539	1	1
2R	21516952	21517090	1	1
3R	5253670	5253875	1	1
X	23090414	23096433	-1	1
2R	21276607	21278395	1	1
X	8041045	8041111	-1	1
2L	12282563	12298568	1	1
2R	23397090	23397145	-1	1
3R	9487204	9493571	-1	1
2L	21753815	21756554	-1	1
2L	21756628	21757164	-1	1
3L	12746241	12746297	1	1
2R	2257710	2259758	-1	1
3R	5084037	5086242	-1	1
X	14866474	14870988	-1	1
X	16288137	16288225	-1	1
X	8084388	8084562	-1	1
3L	12137068	12137148	-1	1
2L	1011641	1011964	-1	1
3R	9259342	9259632	1	1
X	13784579	13785707	1	1
2L	7492227	7495513	-1	1
2R	16641319	16641384	1	1
3R	19230892	19231303	-1	1
X	647526	647610	1	1
4	134965	135302	1	1
2L	5543810	5546328	1	1
3L	16589531	16589649	1	1
2L	9934893	9936022	-1	1
X	13784287	13785707	1	1
3R	22484406	22486765	1	1
X	15978165	15980759	-1	1
2R	15852820	15852882	1	1
X	20230597	20232117	1	1
3R	17734375	17738682	1	1
