chrom	donor	acceptor	strand	count
2R	12269436	12273766	1	9810
2L	22535064	22535617	-1	5717
2L	10410052	10410241	1	4752
2L	21389080	21390052	1	4725
3R	11215625	11215693	-1	4683
2R	16570385	16570626	-1	4439
3R	30206722	30208093	-1	4418
3L	23093879	23094684	-1	4383
2L	19959692	19959751	1	3850
3R	29863197	29863415	1	3833
3L	8601843	8602103	1	3737
2L	4457510	4457740	-1	3687
2R	22854859	22855445	1	3677
2R	9587707	9587777	1	3594
2R	4187693	4187760	-1	3546
2L	9968248	9968317	1	3472
3L	3221284	3221467	-1	3469
3L	1632455	1635186	-1	3125
2R	10106453	10107467	1	3065
2R	12199590	12199834	-1	3034
3L	9510159	9510465	-1	2925
3R	14626230	14626294	1	2878
X	9554929	9554996	1	2788
2L	2753661	2756008	1	2777
3R	24343040	24343103	1	2679
X	5794143	5794204	1	2590
2R	24062302	24062388	-1	2543
3R	20822892	20823132	1	2414
3R	15955022	15955087	1	2412
3R	8340090	8340428	-1	2403
2L	6558592	6558939	1	2347
3R	26255432	26256933	-1	2315
3R	15266371	15266433	1	2294
3R	8823070	8823261	-1	2237
2R	24060994	24061150	1	2227
2R	7042148	7042580	1	2183
3R	8822667	8822724	1	2121
2R	19443099	19443313	1	2103
2R	24903789	24903881	-1	2050
2R	21293875	21294054	1	2040
X	15138914	15138979	-1	2001
2L	2756171	2756245	1	1938
X	17143772	17144618	-1	1923
2R	21293790	21293850	1	1923
3L	1635238	1635301	-1	1807
2L	5327287	5327503	1	1801
2R	22607049	22607755	1	1771
2R	10094979	10095049	1	1750
3R	20822574	20822802	1	1665
3R	25246382	25246448	-1	1656
2L	3467063	3467133	1	1573
4	1047391	1047453	-1	1525
2L	8042126	8042440	-1	1515
3L	268961	269097	1	1486
2L	13370565	13370624	-1	1484
3R	9778719	9778777	1	1480
3L	13043338	13043574	1	1433
2L	5071356	5071609	1	1365
3L	27267919	27268092	1	1334
2L	2579427	2579483	-1	1308
3R	4957224	4957290	-1	1293
3L	12137779	12137838	-1	1284
2R	24905190	24905247	1	1281
X	10213772	10214099	1	1275
X	17144717	17145016	-1	1243
2L	14963360	14971543	-1	1238
2L	155785	155858	1	1220
2R	24665184	24665237	1	1211
3L	17426080	17426139	1	1200
2L	5327677	5327744	1	1178
2L	2579568	2579619	-1	1176
3R	22372383	22372469	1	1171
3R	22899611	22914951	1	1165
3L	17425518	17425579	1	1152
3R	15836287	15836355	-1	1108
2L	6061124	6061187	-1	1099
X	628687	628751	-1	1089
2L	14616908	14616978	1	1073
2R	5603762	5603900	-1	1037
3L	24161180	24210021	1	1028
3R	23355570	23355634	-1	1011
2L	1612989	1613044	-1	1011
2R	24030844	24030970	-1	1007
2L	2856176	2856247	1	998
3R	5596123	5596861	-1	994
2R	21698305	21698388	-1	982
2L	4457290	4457375	-1	973
3L	24210139	24253793	1	973
3R	15955206	15957591	1	972
2R	16994354	16994411	1	948
2R	21025756	21025816	1	920
2L	21388843	21388914	1	911
2L	5985221	5985339	1	908
3L	23339681	23341457	1	906
3R	4284407	4295120	1	904
3R	29222482	29222546	-1	896
X	7935440	7935499	1	893
2R	22801371	22801483	1	884
4	354562	354680	-1	866
3R	19412765	19415633	1	859
2L	10255015	10255078	-1	849
3R	4295287	4295568	1	849
3L	23339370	23339430	1	848
X	15902333	15903790	1	842
2R	12259459	12260040	1	840
3L	4371905	4379421	-1	835
3L	17475595	17475651	1	835
3R	29149507	29149569	1	823
2L	15749852	15750550	-1	823
2R	5604013	5604244	-1	814
3R	5466028	5466153	-1	811
3L	17475136	17475410	1	805
3L	21575611	21575670	1	794
3R	11591308	11591995	-1	791
2R	4187880	4187946	-1	776
2R	24047322	24047505	-1	776
X	5673135	5673217	1	756
2L	5045926	5046147	1	755
2L	19008544	19008949	-1	747
3R	5465732	5465800	-1	744
2R	24665030	24665093	1	744
3R	18706107	18712425	1	739
3R	8822126	8822469	1	723
3L	9429115	9429174	-1	720
2R	16326065	16326135	-1	720
3R	19218032	19218159	-1	719
3R	11592013	11592367	-1	716
3R	22029149	22029216	1	708
2L	11803899	11806048	-1	697
2R	10897418	10897472	-1	695
4	1141368	1143449	-1	691
X	19492998	19493057	1	688
3L	20315304	20315398	1	686
2R	1344382	1344451	-1	683
3L	21539168	21539244	-1	682
2R	12264918	12269193	1	677
X	15902118	15902190	1	675
3L	19995503	19995629	1	670
2R	10049645	10049753	1	653
X	17633109	17633263	1	642
3L	13798506	13803062	-1	638
3L	22833800	22835169	-1	638
2R	4516320	4516378	-1	634
3R	25246668	25247433	-1	632
3L	24131238	24161131	1	632
4	281893	281948	-1	631
3L	24079559	24131196	1	630
2R	24059134	24059196	1	627
4	1047576	1047635	-1	611
3L	25120986	25121044	1	609
X	10460997	10461082	1	608
3R	26257133	26257225	-1	604
2R	16444123	16444669	1	601
2R	23924756	23924818	1	587
3L	1661166	1661227	-1	585
3L	17425641	17425910	1	581
X	10460849	10460920	1	570
3L	18869812	18869877	1	570
3L	13016519	13016587	1	569
3R	19643679	19643738	-1	564
2R	3933464	3938552	-1	563
2L	10247774	10247852	-1	561
X	12776799	12776869	-1	556
X	6677576	6677652	-1	554
2R	14172684	14172747	1	553
2R	23386046	23386117	-1	542
3L	8307381	8307794	-1	540
2L	19514860	19514931	-1	539
4	1192653	1192706	-1	537
2R	21294162	21294231	1	537
X	12016722	12016779	1	535
2L	5099674	5099737	-1	534
2R	926683	926735	-1	531
2R	16326274	16326333	-1	530
2R	18522721	18522973	1	521
2L	23312655	23312719	-1	520
3L	3717408	3718196	-1	513
3L	12143686	12143745	-1	511
X	9159849	9159907	-1	510
3L	10693507	10693706	-1	509
2R	23880355	23880431	1	505
X	15084266	15084353	-1	501
2R	7151853	7151919	-1	500
3R	19731280	19752529	1	492
3R	16503172	16512964	1	487
3R	31935392	31935666	-1	487
2L	8322242	8322309	-1	484
3L	11200329	11200398	1	483
2R	22664122	22664175	1	481
3L	1331171	1331280	1	479
2R	17867254	17867326	-1	476
2R	18523042	18523194	1	475
2R	21690475	21690638	-1	473
3L	12137945	12138016	-1	470
2R	20264433	20264493	1	469
2R	18145275	18145342	1	465
2L	7831660	7831734	1	464
3L	15162134	15162257	1	463
3L	19924208	19924292	1	460
2R	10049905	10049960	1	451
3L	3894115	3894169	1	451
X	6772724	6772787	1	449
3L	11200199	11200253	1	448
3L	25120819	25120894	1	446
3R	4282835	4284226	1	445
2R	14623732	14623920	1	445
4	1129731	1130025	1	445
3L	13023867	13024370	1	443
2R	14215703	14215951	-1	443
2R	21658481	21658540	1	437
2L	3145449	3145528	-1	435
2R	1515837	1515890	-1	435
3L	2541404	2554058	-1	435
2R	14514457	14514804	1	432
X	14582356	14582499	-1	430
4	249736	249790	-1	426
3L	12187112	12187173	1	423
X	11144483	11144614	1	422
3R	11339707	11370248	1	422
X	11703449	11703509	1	421
3L	1876782	1876848	-1	420
2R	24903590	24903698	-1	419
2R	24065111	24065183	1	418
X	16286613	16286676	1	417
3L	2373068	2373129	-1	416
3L	1660858	1661109	-1	414
2L	2856306	2856377	1	414
3R	25682292	25682356	1	412
4	282029	282436	-1	411
2R	13158847	13159017	1	410
3R	22727492	22728843	1	410
2R	9135706	9135765	-1	407
3L	22801742	22824041	-1	406
3L	23094847	23094906	-1	404
X	1410122	1413418	1	404
X	15848005	15848886	-1	404
2L	3145250	3145305	-1	400
2L	2792372	2792482	-1	399
3R	9446498	9447629	1	398
3R	29378025	29382956	1	396
3L	24074311	24079465	1	392
2R	18614425	18614482	-1	391
3L	20771609	20771668	1	391
2L	11803675	11803785	-1	387
3R	18929565	18931144	1	387
3R	18248152	18248215	1	387
4	1124894	1124950	1	385
3R	23759924	23759985	-1	385
X	4700450	4700741	1	383
3L	7372520	7372581	1	380
2L	2772654	2779185	-1	372
X	1411979	1413418	1	371
X	20917474	20923298	-1	370
3L	13356853	13357008	1	370
X	1468383	1468447	1	369
X	18813799	18819776	1	369
2R	19067541	19089854	1	367
2R	24044751	24044814	-1	366
3L	1330965	1331280	1	366
2L	2787163	2792195	-1	365
X	575351	575471	1	362
3R	31935776	31936690	-1	361
4	280240	280325	-1	360
X	8330142	8365490	-1	357
3R	29913371	29913441	-1	357
2R	21650793	21652437	1	356
X	15849017	15849136	-1	356
3R	11370293	11371313	1	356
2L	19587087	19600858	1	354
2R	16994217	16994282	1	353
3L	24258637	24297681	1	353
2R	22606641	22606934	1	353
2R	10105826	10105941	1	349
X	13746849	13750316	-1	345
2R	8951893	8952002	1	344
3R	9234665	9236810	-1	343
X	4691845	4698297	1	343
3L	1637270	1637723	-1	343
X	22995915	23004612	-1	343
3L	23339477	23339534	1	342
2L	2787169	2792195	-1	342
3R	19029948	19030009	1	339
X	13383624	13384300	-1	339
2R	14623979	14624157	1	338
2R	13159104	13159534	1	337
X	10258965	10259191	-1	337
X	9163291	9165682	1	336
X	8096835	8096901	-1	336
3L	9141509	9141787	1	335
2R	16016265	16016331	-1	331
2R	14234343	14234443	-1	328
3R	25040149	25040212	1	327
3R	5553046	5553271	-1	326
X	19342358	19342419	-1	326
X	1876912	1876969	-1	326
3L	22801742	22831937	-1	326
3L	24253922	24258492	1	326
X	12020139	12020535	1	323
3R	24839490	24839612	1	322
3L	268701	268781	1	322
4	1195791	1195842	-1	321
2R	11381595	11381663	-1	319
2R	14234207	14234268	-1	319
3R	3750540	3752167	1	318
3L	1577132	1592744	1	317
4	1192771	1193560	-1	314
2R	24061993	24062198	-1	314
2L	13462201	13483447	1	312
2L	5520701	5521136	1	311
3R	6659181	6659242	1	311
2R	23386318	23386397	-1	310
X	5671017	5671081	-1	308
4	85934	87017	1	308
4	1140001	1140487	-1	307
2L	4975101	4975153	1	307
2L	4944417	4944475	-1	307
X	18390117	18390180	1	306
2L	5984943	5985026	1	303
X	762992	764302	-1	303
3L	12746831	12746898	-1	302
3L	9684459	9684522	-1	300
3R	9515020	9515073	-1	299
3L	18869647	18869707	1	299
X	6275171	6276228	-1	298
2L	15750652	15750722	-1	296
X	12832341	12868228	-1	296
3L	16671843	16672454	-1	296
3L	23748717	23748772	1	295
X	14837754	14837814	-1	294
X	11435482	11435549	-1	293
3L	17066841	17067137	-1	291
3R	13636305	13636366	-1	290
X	18169785	18169989	1	289
2L	1651713	1652775	1	287
3L	4255731	4255800	1	286
3L	17849017	17849080	1	284
3R	13133094	13154368	-1	284
X	11091858	11091921	1	284
2R	24559133	24559455	-1	283
2R	10897588	10897664	-1	282
3R	17909656	17914954	-1	280
2R	9793406	9806459	-1	279
3L	16405171	16405326	-1	279
3R	12432223	12432287	1	274
X	6672180	6672262	-1	274
4	1230119	1230306	-1	274
X	6602728	6605180	1	272
X	10255591	10256112	-1	272
4	247229	249557	-1	271
X	16885802	16885967	-1	268
3L	5668885	5668964	1	267
X	12776950	12777077	-1	266
3R	31217178	31217740	-1	266
2R	23548387	23548538	1	264
2L	8042614	8042823	-1	263
4	310018	310079	1	263
2R	24875273	24875338	-1	262
2R	16196573	16196692	1	261
2R	4727954	4728009	-1	261
X	16794924	16795195	1	259
4	1006010	1006066	1	259
3L	3221710	3221882	-1	258
2L	21627758	21627842	-1	256
X	4360552	4360616	1	255
X	10765536	10765605	-1	255
2L	9797193	9797679	-1	255
X	6276297	6276370	-1	255
X	5086202	5089342	1	255
3R	30807668	30807734	1	255
3L	21517791	21517846	1	252
2R	18155343	18155405	-1	252
3R	29685348	29685410	1	252
2L	8107439	8107748	1	251
2R	14623470	14623687	1	248
3R	19094586	19094642	-1	248
3R	30045625	30045687	-1	247
2R	16196603	16196692	1	247
3L	2689939	2697696	-1	247
X	15176000	15177693	1	246
3L	6971354	6971426	1	246
2R	12200040	12200116	-1	246
X	15756237	15757856	-1	245
3L	3223928	3224314	1	245
2L	5519157	5519212	-1	242
3L	9151113	9151254	-1	241
2L	5212151	5212213	1	240
2R	14756714	14756794	1	240
X	8925697	8999380	1	239
2R	24905382	24905437	1	239
3R	7889439	7889509	-1	239
3R	5335061	5349468	-1	239
2R	23444384	23456183	1	237
2R	2053619	2118977	-1	237
2R	4427998	4458023	-1	237
2L	12057148	12057215	1	237
3L	25933411	25961360	-1	236
3R	21807735	21808617	-1	236
3R	9678977	9679043	1	235
2L	6557985	6558418	1	235
3R	4365891	4365949	1	234
X	628879	629382	-1	233
2L	17475843	17475910	-1	233
3R	11335623	11339658	1	232
2R	11444628	11444684	1	232
3L	17641256	17643363	-1	232
3L	16672545	16673057	-1	232
2R	16764375	16765328	-1	232
2L	9889770	9889877	1	229
X	5250575	5250729	1	229
2R	18168139	18168208	1	228
2L	21261958	21262013	1	228
3R	17073568	17073628	1	228
X	6605280	6630705	1	227
X	15989477	15989854	-1	227
4	1045249	1047264	-1	226
X	10382511	10382582	1	225
2L	19047826	19047914	1	225
2R	16014046	16014114	-1	224
X	6672336	6672620	-1	224
3R	17073339	17073502	1	223
2L	10976306	10976362	-1	222
2L	4392989	4393042	-1	222
3R	23959389	23959456	1	221
3R	9487204	9493396	-1	220
2R	10736996	10737060	1	219
2R	19445380	19445928	-1	219
2L	2856569	2856631	1	219
2R	14172523	14172584	1	219
3L	9785181	9785242	1	217
2R	23378178	23382615	-1	217
2L	10976162	10976251	-1	217
X	4332841	4349004	1	216
2R	11443113	11444540	1	215
3R	25868788	25869538	1	215
X	10255591	10258878	-1	214
4	1140902	1140960	-1	214
2R	7822486	7822549	-1	213
X	11571109	11571169	1	213
3R	16340763	16340822	-1	213
2R	4408033	4427936	-1	213
2L	1139764	1139832	1	212
3R	8819264	8819928	-1	212
3R	21302413	21302778	1	212
X	17145133	17146798	-1	211
3L	17067379	17067993	-1	210
2L	11003239	11003511	-1	210
X	6289722	6289785	-1	209
3L	3072617	3073081	1	209
3L	17620358	17620419	-1	209
3L	16126276	16126342	-1	208
4	1057573	1057633	-1	207
X	4533344	4533525	1	207
2R	9433065	9433130	1	207
3R	14034326	14034380	1	206
4	442390	442864	-1	205
2R	23866386	23866440	1	204
3L	12200639	12200712	-1	204
2L	8364126	8364188	-1	203
X	12019942	12020007	1	202
2R	18446951	18447018	1	202
3R	18668803	18668872	1	202
2L	5044690	5045822	1	202
3R	9783960	9784224	-1	201
3R	5356129	5356425	1	199
3L	2372464	2372526	1	198
3R	25278711	25278773	-1	197
4	85800	85853	1	197
2R	13969603	13969672	1	196
3R	17915165	17916139	-1	195
X	11976507	11976604	-1	195
2R	17220104	17275410	1	194
3R	10044755	10044813	-1	194
X	20255082	20255132	-1	193
2L	10264890	10264947	1	192
X	10255591	10257668	-1	191
2R	24559565	24559623	-1	191
2R	24158531	24158592	-1	191
2L	420147	420292	1	190
3R	16436299	16436361	-1	190
2L	10342234	10342289	1	190
2R	21658110	21658346	1	190
3L	9108074	9108132	-1	189
4	1143566	1143627	-1	189
3R	23959211	23959280	1	189
4	251526	252055	-1	187
2R	13580558	13580857	-1	186
X	11057801	11058365	-1	186
3R	30003415	30003480	1	186
2L	11225885	11235275	1	185
3R	4957443	4957501	-1	185
2R	11653084	11678206	-1	184
2R	14234343	14234693	-1	184
3R	24814635	24814698	1	184
3L	13017350	13017404	-1	184
2L	8713020	8713089	-1	183
3L	1779311	1779385	-1	183
4	1124699	1124768	1	182
X	4323156	4332796	1	182
X	8874112	8874189	-1	182
3R	30419024	30419094	-1	182
2L	5973675	5976611	-1	181
3L	19997220	19997292	1	181
2R	9587229	9587447	1	180
X	5819203	5834351	1	180
3R	4430169	4430228	-1	179
3R	24659955	24660011	1	179
X	2008069	2008129	-1	179
3R	14569366	14569424	-1	178
3R	24520088	24520343	1	178
3R	12403594	12403651	-1	178
2R	14230839	14230895	-1	178
2R	21025604	21025661	1	177
X	20491395	20509366	-1	177
3R	3735447	3744836	1	177
2R	7152064	7152258	-1	176
4	872226	873214	-1	176
4	352591	354351	-1	176
2L	11833374	11835090	-1	174
3R	22359761	22359837	1	174
X	9163399	9165682	1	172
2R	23905542	23905605	-1	171
X	16294041	16294115	-1	171
3L	20833870	20834002	1	171
X	6531432	6531835	-1	171
2L	21263124	21263648	1	171
2L	10308476	10308548	-1	171
4	1047730	1047823	-1	170
2L	10224893	10224958	-1	170
3R	10851489	10851549	1	169
3L	13664875	13666386	-1	169
2R	8900841	8900893	-1	169
3L	5739727	5740104	1	168
2R	18658649	18658708	-1	168
2L	16249707	16250081	-1	168
3L	16414957	16415021	1	168
3R	8798047	8799462	-1	167
3R	22487720	22487781	1	166
4	154966	155027	-1	166
X	16286450	16286565	1	166
2R	17572524	17572652	-1	166
X	2172706	2172806	1	165
2R	12922811	12922879	1	165
X	15989951	15991083	-1	165
3L	11200064	11200131	1	165
2L	9870521	9877102	-1	164
2L	8306841	8306906	-1	164
2L	8995747	8995804	-1	163
X	10213486	10213560	1	163
3R	5255620	5255682	-1	163
2L	2747253	2747311	-1	163
3R	28603699	28605462	1	163
3R	7859052	7859216	-1	162
2R	23544554	23544625	1	161
3R	15793152	15793210	1	161
3R	3623706	3626910	1	161
2R	16570849	16570917	-1	160
2L	7885805	7885877	1	160
2R	4350768	4351118	-1	159
3R	11215970	11216259	-1	159
3L	3825751	3828388	1	159
2R	14624221	14624403	1	159
3L	5361989	5362103	1	159
3R	21267146	21267226	-1	159
3R	25679481	25679593	-1	159
X	9355179	9356212	-1	158
3L	11629505	11629581	1	158
3R	15959549	15959742	1	157
X	6511179	6523732	-1	157
2L	5058677	5058786	-1	157
2R	9846906	9847073	-1	157
2R	16761808	16761870	-1	156
3R	18248152	18248233	1	156
3L	19816282	19816346	-1	156
2L	14040637	14041321	1	156
3R	25683384	25683473	1	156
3L	9094207	9094569	1	156
3L	7641028	7641086	-1	156
3R	25887020	25887111	1	155
3R	25276061	25276126	-1	154
3R	30180652	30180802	1	153
3R	4737379	4737473	-1	153
3L	3471857	3471927	-1	153
3L	1035957	1036032	1	153
4	460142	460203	-1	152
3R	30435600	30435657	-1	152
2R	7455232	7455302	-1	152
3L	12137296	12137353	1	152
4	564663	565410	1	152
2L	4459208	4459266	-1	152
2L	5520546	5520619	1	152
3R	15264956	15265019	1	152
3R	24291043	24291104	1	151
X	10870845	10870904	-1	150
3R	25048791	25049272	1	149
2L	10266314	10266380	1	149
3R	20850944	20851031	1	149
2L	2360570	2360633	-1	148
4	116631	116686	-1	148
3L	25120797	25120894	1	148
X	17939955	17940720	-1	147
2R	1596129	1596188	1	147
X	1681494	1681573	-1	147
3R	20750355	20752346	1	147
2L	16328350	16328412	-1	146
3L	27988703	28012381	-1	146
2L	13367068	13367131	1	146
2R	4322716	4322776	-1	145
3R	12703813	12703876	1	145
2L	12690556	12690619	-1	145
2L	21157648	21157711	-1	144
3L	11817317	11817389	-1	144
2L	20093247	20093318	-1	144
4	353979	354351	-1	143
3L	9113488	9123616	-1	143
2R	12517589	12517641	-1	143
3R	9778197	9778619	1	143
2L	18215847	18246025	-1	143
2R	6674728	6674781	1	143
2R	24970549	24970605	1	143
3R	29490754	29490810	-1	143
2L	10264634	10264764	1	142
3L	27332347	27350220	1	142
X	15175552	15175811	1	142
X	11369800	11373817	1	142
X	14828032	14829136	-1	142
3L	1861677	1862061	-1	140
3R	24291153	24291512	1	140
2R	13220456	13220766	1	140
2R	4727735	4727794	-1	140
X	4360706	4361966	1	140
3L	4089215	4090039	1	139
2L	5539645	5539707	-1	139
3R	23678165	23678238	1	139
2R	6756482	6756543	-1	139
2L	10981429	10981487	1	138
2R	16753538	16753599	-1	138
3R	5651803	5652381	1	138
2R	11358272	11358336	-1	138
2L	159820	160009	1	138
3L	20028060	20028115	-1	137
3L	16586388	16586441	-1	137
3L	27421015	27441599	1	137
X	6038566	6038876	1	136
2L	10341933	10342150	1	136
3L	16616566	16621841	-1	136
4	564480	564541	1	136
2R	7673984	7674044	-1	136
2R	21511969	21512093	1	136
2R	14623246	14623417	1	136
X	15735322	15735389	1	135
2R	24599498	24599617	-1	135
3R	5607593	5607684	-1	135
3L	19588772	19588831	1	134
4	560584	560718	1	134
3R	5564341	5564406	-1	134
3R	25516350	25519261	1	134
3R	25682432	25683058	1	134
2R	8963556	8963615	-1	134
2R	17717750	17719174	-1	133
2R	8141821	8141891	-1	133
3R	20752376	20753509	1	133
3L	9070648	9070705	-1	132
3R	5667951	5668010	-1	132
X	11434815	11435383	-1	132
2R	4547055	4560361	1	132
3R	19647132	19647213	-1	132
2R	4458518	4470770	-1	132
2R	18119964	18120024	-1	131
2R	11100115	11105907	-1	131
3R	28928110	28969331	-1	130
3L	21280790	21280851	-1	130
3L	10593700	10593800	1	130
3R	5602931	5602990	1	129
2R	12607051	12607124	1	129
3R	23072729	23073864	-1	129
3R	23983911	23984369	1	129
3L	28012484	28012537	-1	128
2R	5699989	5700043	1	128
2R	19470813	19470872	1	128
3R	14512404	14512464	1	128
2R	16007026	16007087	-1	128
2R	8428147	8428284	1	127
4	1243653	1243719	1	127
3R	22583642	22583699	-1	127
3R	11333554	11339658	1	127
4	1050610	1053498	-1	127
4	480239	480302	-1	127
2R	9143001	9143059	-1	127
3R	21018075	21018130	1	127
X	14322916	14324738	1	126
3R	12705504	12705566	1	126
2R	24066178	24066261	-1	126
4	464741	464797	-1	126
X	17878517	17886404	-1	126
2R	6633949	6634011	-1	125
X	13381044	13384300	-1	125
2R	16105183	16105717	1	125
3R	5625131	5625514	1	124
2L	14357938	14358006	1	124
4	189249	189998	-1	123
3R	4240715	4240878	1	123
3R	22583524	22583595	-1	123
2R	17456716	17456784	1	123
2L	5327351	5327503	1	123
X	15896305	15896366	1	123
3L	9429326	9429695	-1	122
3R	5593186	5593247	1	122
2R	24064872	24064993	1	122
4	1245524	1245577	1	122
3L	25798743	25843725	-1	122
2R	24116062	24116118	1	122
2R	15566968	15567029	-1	122
3R	6566878	6592884	-1	122
2R	9096736	9096926	1	121
2R	3190805	3190861	1	121
2R	12633970	12634036	1	121
2L	16250159	16257076	-1	120
2R	7393790	7393848	-1	120
3L	12785414	12785471	-1	120
2R	16326431	16326493	-1	119
2R	12436663	12436719	1	119
3L	5811980	5812065	1	119
3R	23355786	23355981	-1	119
2R	15858011	15858190	-1	119
3R	21308095	21308373	1	119
3L	3941305	3941372	-1	119
3R	18664998	18665068	1	119
2L	23312889	23312948	-1	119
2L	10241781	10241846	1	119
3R	13402771	13402839	-1	119
3R	13381504	13381563	-1	118
2L	18246108	18270988	-1	118
X	10159057	10186521	1	118
3L	24167812	24210021	1	117
2R	23946521	23946601	1	117
X	11373090	11373817	1	117
3L	27332109	27332169	1	117
4	1117906	1117968	-1	117
2L	19516034	19516441	-1	117
2L	11211964	11225694	1	117
3R	7889672	7901384	-1	116
3R	11564372	11564440	-1	116
2R	9841350	9841408	-1	115
2L	3758920	3758981	1	115
2R	18477024	18496747	-1	115
2R	14234560	14234693	-1	115
2R	16099016	16099079	1	115
2R	11279126	11279191	-1	114
3R	7067730	7067788	1	114
X	575363	575471	1	114
2L	18271928	18275463	-1	114
X	4546825	4547386	-1	114
3L	4918862	4919101	1	114
2L	10745710	10745782	-1	113
2L	6069490	6069559	1	113
X	19329721	19329790	-1	113
3L	11620666	11621214	-1	113
X	16640031	16640093	-1	113
2R	9096439	9096671	1	112
3L	9429728	9429792	-1	112
3L	24728509	24734036	1	112
2R	6698386	6698446	1	112
2L	16001255	16013953	1	112
3R	5357284	5357355	-1	112
2R	19236844	19236942	1	112
X	7011757	7011818	1	112
3L	9113488	9129897	-1	112
X	13750456	13750586	-1	112
4	280538	281724	-1	112
X	18908375	18908884	1	111
2R	2499041	2508133	-1	111
3R	21308155	21308433	1	111
X	15928173	15928232	1	111
3L	2941625	2944023	1	111
3R	6361912	6362005	-1	111
2R	12655398	12655462	1	111
2L	3031894	3031954	1	110
3R	29934752	29934811	-1	110
3L	16610830	16610892	-1	110
X	7287847	7287911	1	109
2R	18155492	18155892	-1	109
2R	5604412	5604468	-1	109
3R	10408876	10408939	-1	109
3R	17439234	17439296	-1	109
3R	25682046	25682105	1	109
2R	10101098	10104256	1	109
2L	18987989	18988057	1	109
X	18169568	18169696	1	108
2R	24940014	24940072	-1	108
2R	10107861	10107969	1	108
3R	18165050	18165174	1	108
3R	25291690	25291748	-1	108
2L	6949533	6949591	-1	108
2R	24052750	24052802	1	108
3R	24529504	24529563	1	107
3L	13537997	13538246	-1	107
2L	8307069	8307147	-1	107
3L	17844895	17845754	-1	107
2L	12713587	12713650	-1	107
2R	23880061	23880154	1	107
2R	20672270	20672340	1	106
3R	25109470	25109528	-1	106
2R	6756637	6756713	-1	106
3L	5168303	5170187	-1	106
X	3338817	3338970	1	106
3R	24519882	24519940	1	106
X	928486	928550	1	105
3L	9108192	9112634	-1	105
3R	23514146	23514209	-1	105
X	11091628	11091725	1	105
2L	5055541	5055631	1	105
2R	24036915	24036975	-1	105
3R	13031270	13031335	1	105
2L	13370764	13370842	-1	105
X	15850711	15851088	-1	105
3R	8341658	8341716	1	104
3R	18730524	18730730	1	104
3R	21069020	21070724	1	104
2R	7156725	7156791	-1	104
4	915554	915617	-1	104
X	1879351	1879412	-1	103
X	13564334	13575902	1	103
2R	12757232	12757298	-1	102
3R	20973739	20973811	1	102
2R	24066314	24067163	-1	102
2R	10049900	10049960	1	102
3L	15493331	15493469	-1	102
3L	27420842	27420901	1	102
2R	5604517	5604583	-1	102
3R	16632531	16632608	1	102
2L	4978708	4978776	-1	102
2L	18951347	18951407	-1	102
3R	27680596	27680653	-1	101
3R	24814493	24814553	1	101
3L	5923293	5923356	1	101
2R	20255139	20255197	-1	101
2R	18728019	18728081	-1	101
3R	11239628	11239896	1	101
3R	5489091	5489144	1	101
2R	16105798	16105860	1	101
X	21036638	21038746	1	100
3R	9786321	9786377	1	100
X	21037995	21038746	1	100
3R	6531784	6531946	-1	100
3R	21308150	21308428	1	100
3R	13011749	13019342	1	100
3R	30003905	30003990	-1	100
3R	21302778	21303607	1	100
X	1680109	1681400	-1	100
X	9249702	9249773	1	100
2R	12759344	12759399	1	99
2R	7044404	7044460	1	99
X	8060159	8060877	-1	99
X	13385596	13385661	1	99
2R	21461360	21480091	-1	99
2R	16045391	16045451	1	99
4	427712	429497	1	99
3R	11680590	11680645	1	99
3L	20024288	20024349	1	99
2R	11279279	11279339	-1	99
2L	8054594	8054657	-1	98
3R	30045787	30046134	-1	98
3L	268460	268563	1	98
2R	23191605	23203517	-1	98
2R	16443758	16443908	1	98
3R	25048604	25048665	1	98
2R	8911371	8911426	-1	98
4	564663	565407	1	98
3R	13021308	13021420	1	97
3R	4284407	4295129	1	97
3L	19994736	19994808	1	97
2L	19009138	19009205	-1	97
2L	8162064	8162123	-1	97
2R	18614604	18614665	-1	97
3L	2263295	2263356	1	96
4	132288	133186	1	96
2R	23985696	23985763	-1	96
2R	11294786	11295494	-1	96
3R	30518574	30519647	-1	96
3L	13859749	13859806	1	96
3R	16644384	16644548	1	96
2L	14040222	14041321	1	96
3R	21865962	21866025	1	95
2L	1166923	1166983	1	95
2R	23950570	23952153	1	95
3R	24947155	24947263	1	95
2L	10328411	10328472	-1	95
3R	13636526	13636971	-1	95
3R	21603574	21618727	-1	95
2R	6809357	6809424	-1	95
3L	20028186	20028245	-1	94
2R	17217076	17220055	1	94
X	13784277	13785707	1	94
3R	28890101	28900824	1	94
2L	21388670	21388732	1	94
3L	7975688	7975762	-1	94
2R	15456560	15456660	1	94
2L	14040466	14041321	1	93
X	1682929	1683097	-1	93
2L	9164849	9165020	1	93
X	2250388	2250444	-1	93
3L	20833658	20833730	1	93
X	625106	625166	-1	93
2L	10214056	10214125	-1	93
3R	11379290	11388392	-1	93
3R	11591308	11592367	-1	93
3L	19806633	19806686	1	93
3R	25064797	25064861	-1	93
3R	20850628	20850855	1	93
3R	12693762	12693830	1	93
4	212730	212791	1	93
3R	7192971	7198328	1	93
X	16527900	16533059	-1	92
2R	21658110	21658351	1	92
2R	10461226	10461290	1	92
2L	6122191	6122264	1	92
2R	14757179	14757241	-1	92
X	12939243	12941720	1	92
X	8712113	8712183	1	92
2R	11444761	11446133	1	92
3L	3088120	3088192	1	92
X	16521814	16522065	-1	92
3L	1499880	1500245	-1	92
4	855636	855686	-1	92
2R	7467051	7467483	-1	92
3R	14625816	14626026	1	91
2L	21385398	21388503	1	91
3R	22792001	22792390	1	91
2R	21151085	21153885	-1	91
3L	10664169	10664228	1	91
3R	21621697	21622812	-1	91
X	11435667	11435729	-1	91
3R	14733635	14733700	-1	91
3R	21308159	21308437	1	91
3R	9506200	9506258	-1	90
3L	17065709	17066625	-1	90
3R	15955206	15956865	1	90
3L	20881811	20884990	-1	90
X	2008290	2008351	-1	90
3L	1330291	1330863	1	90
3R	18978584	18978644	-1	90
3L	27156172	27157810	1	90
3R	20749831	20750225	1	90
X	11615447	11615518	-1	90
3R	9234665	9237615	-1	90
3R	23514324	23514377	-1	90
2L	6525821	6525883	1	90
2L	9272608	9291056	1	89
3R	21308092	21308370	1	89
3L	25969628	25977967	-1	89
3L	3071190	3073081	1	89
3R	17675012	17675075	-1	89
2R	9096992	9097242	1	89
3R	25024744	25024800	-1	88
2L	10264886	10264947	1	88
3L	17799553	17801892	-1	88
3R	10678072	10678347	-1	88
3L	16405429	16405502	-1	88
2R	5832378	5846593	1	88
2R	17003791	17003851	-1	88
3L	14998119	14998180	-1	87
X	11456488	11456655	1	87
2L	5071158	5071227	1	87
3R	14279542	14286209	-1	87
X	20315950	20329163	-1	87
2L	5099914	5100010	-1	87
3R	13642428	13642512	-1	87
3R	23983734	23984305	1	87
2L	17409794	17409856	-1	87
2L	15065457	15066937	-1	86
2R	19398806	19399026	-1	86
3R	9399941	9399997	-1	86
3L	1599915	1599979	1	86
3R	17073184	17073238	1	86
2R	18277856	18277930	1	86
X	20792545	20792605	-1	85
3L	4429716	4432386	1	85
2L	4295622	4299068	1	85
2R	17266212	17275410	1	85
2L	21382331	21384455	1	85
4	177993	178778	-1	85
2L	10266111	10266198	1	85
2L	3989801	3991548	-1	85
3L	21828005	21828071	-1	85
3R	15301074	15303153	1	85
X	11579529	11579670	1	84
4	87167	94423	1	84
3L	9510652	9511056	-1	84
3R	30054347	30054410	1	84
3R	24163161	24163218	-1	84
3R	4240525	4240589	1	84
2L	3041398	3041453	1	84
3L	20515624	20515725	-1	84
2R	4720211	4722147	-1	84
3R	4365542	4365702	1	84
2L	10402563	10402631	1	84
3L	1637273	1637723	-1	83
3L	10481946	10506070	1	83
4	320039	328162	1	83
2L	2772654	2779187	-1	83
4	352591	353943	-1	83
X	11795187	11795601	1	83
3R	23607050	23607525	-1	83
X	61443	61557	-1	83
X	9112093	9112163	1	83
3L	5918166	5918360	-1	83
2L	7064198	7064253	1	83
3R	18197121	18199207	-1	83
3R	9418001	9419783	1	82
2R	22414283	22414408	-1	82
3R	11246394	11246458	1	82
3L	4429503	4429566	1	82
2R	24060750	24060813	1	82
2L	20788116	20788403	1	82
3L	9400034	9400097	-1	82
3L	25924457	25933196	-1	82
3R	11416421	11416480	-1	81
4	560412	560471	1	81
3L	11624781	11624851	-1	81
2R	4728125	4728180	-1	81
2R	11652072	11652140	1	81
3L	15812898	15813246	-1	81
3R	15957177	15957591	1	81
3R	21132945	21133000	-1	81
3R	15358808	15359066	1	80
2L	21139943	21140009	-1	80
2L	16309931	16310000	-1	80
X	14322916	14324735	1	80
3R	7806771	7806912	-1	80
2L	10918019	10918114	-1	80
3L	2665382	2665911	-1	80
2L	23067084	23067145	-1	80
3R	11338993	11339658	1	80
3L	8441719	8442333	-1	80
2R	14946091	14946150	-1	79
3L	5567604	5567732	-1	79
2R	926903	926972	-1	79
3L	21628136	21628193	1	79
2L	11806158	11809126	-1	79
2R	18447612	18449472	-1	79
4	860382	860440	-1	79
X	15828503	15828563	-1	79
3R	21308088	21308366	1	79
2L	13001505	13001560	-1	79
2L	1177192	1177256	1	78
3R	25306702	25306762	-1	78
3R	20822274	20822418	1	78
2R	24599700	24599767	-1	78
2L	3723257	3723636	1	78
2R	10886153	10886211	1	78
2L	6125756	6125824	1	78
X	15139115	15139252	-1	78
2L	5051571	5051637	-1	78
3R	3585314	3585369	-1	78
3R	24489801	24490818	1	78
3R	20481631	20483977	-1	78
3R	18248152	18248218	1	78
X	61334	61395	-1	78
3R	13710154	13710309	-1	77
2L	14042235	14060958	1	77
2L	21380362	21382019	1	77
3R	24049365	24049419	-1	77
X	8721110	8721234	1	77
2L	2768227	2768286	1	77
2R	17546167	17546240	1	77
2L	20054737	20054879	1	77
2L	14040395	14041321	1	77
3R	20823740	20823803	-1	77
3L	20295993	20296085	-1	76
3R	21300472	21302138	1	76
2R	3182520	3190636	1	76
X	18791245	18791301	1	76
3L	19232573	19234805	-1	76
3L	11563101	11563303	1	76
X	16331726	16331809	-1	76
3R	4737253	4737314	-1	75
2L	10203033	10203384	-1	75
3R	8675518	8675573	-1	75
3L	24131238	24167763	1	75
2L	20648014	20648189	1	75
3R	25742013	25742154	-1	75
2L	10210168	10210225	-1	75
3L	12744747	12744809	1	75
2R	23924550	23924616	1	75
2R	8729880	8730064	-1	75
3R	12547705	12547911	-1	75
X	10709037	10709088	1	75
3R	20580491	20580553	1	75
X	2471195	2472952	-1	75
3L	16590295	16590352	-1	75
3R	16482048	16482104	-1	74
2R	12753354	12753428	-1	74
3L	23716321	23716373	1	74
2R	5805455	5832347	1	74
3L	3924475	3925463	-1	74
3R	15936341	15951602	1	74
2R	16924978	16926346	1	74
3L	21194957	21195034	-1	74
X	17822351	17822427	-1	74
X	4533198	4533261	1	74
3R	23818612	23818981	-1	74
2L	2312180	2323383	1	74
2L	22257903	22257960	1	74
3L	6957285	6957352	-1	74
3R	11224248	11224491	1	74
2L	19603914	19604846	-1	74
2R	21061207	21061267	1	74
2L	141341	141396	-1	73
2L	5652181	5658395	-1	73
X	16528120	16533059	-1	73
3L	1661593	1663920	-1	73
2L	10269551	10269613	1	73
X	11144250	11144320	1	73
2L	15006261	15006318	1	73
2R	16924791	16926346	1	73
2L	4840984	4841163	1	73
3R	4295701	4297488	1	73
2L	19032382	19032435	-1	73
2L	6122411	6122978	1	73
3L	2235579	2235829	-1	73
2R	13841318	13841381	1	73
2L	10007504	10007567	1	73
2L	4994278	4994339	-1	73
2L	6719075	6719137	1	73
2L	8210104	8210353	-1	73
2R	21212479	21212546	1	73
X	16362055	16363358	1	73
2L	10745572	10745635	-1	73
3L	19994952	19995374	1	72
2L	1717230	1717598	-1	72
2L	8428068	8430281	1	72
3R	19218339	19218402	-1	72
3L	3460099	3460172	-1	72
3R	9487204	9493011	-1	72
3R	10877824	10877882	1	72
3R	15303223	15308031	1	72
2R	18728182	18728262	-1	72
3R	7145582	7151051	1	72
2L	10282280	10282345	-1	72
2R	22887249	22887307	1	72
X	16451560	16451919	1	72
2L	4994445	4994508	-1	71
3R	9786449	9786585	1	71
X	9606554	9606620	-1	71
X	10708835	10708896	1	71
3L	1632455	1634505	-1	71
4	504139	515582	1	71
3R	31745591	31745770	-1	71
3L	11817317	11818088	-1	71
2L	8365329	8365389	1	71
3R	24653040	24653098	1	71
3R	21179391	21185548	1	70
3R	27635105	27635166	-1	70
2R	18718557	18718712	1	70
2L	8107174	8107238	1	70
2R	16857053	16857633	1	70
2R	4757749	4757802	1	70
2L	19033931	19033989	-1	70
2L	7195641	7195703	-1	70
3L	2872751	2878533	-1	70
2L	5177400	5177724	1	70
3R	13661860	13662161	1	70
2R	13948111	13948177	-1	69
2L	2785673	2787054	-1	69
2R	10805514	10805575	-1	69
3R	16573401	16573533	-1	69
4	565516	565601	1	69
2R	2495024	2521441	-1	69
2R	16986751	16994160	1	69
3R	4078533	4081369	1	69
3L	5161602	5162456	-1	69
X	3481345	3482026	-1	69
2L	10341164	10341226	1	69
3L	5761119	5761174	1	68
2R	13853116	13853181	-1	68
3R	27645411	27646041	-1	68
3L	21635770	21635987	1	68
2L	10332675	10332739	1	68
2L	9889571	9889632	1	68
2L	7429685	7429743	1	68
3L	9107696	9107956	-1	68
2R	9480133	9490610	1	68
2R	22854530	22854647	1	68
3R	16471070	16471129	1	68
X	12868410	12869497	-1	68
X	10186739	10188139	1	68
X	6870992	6872716	1	67
2R	14173304	14173369	-1	67
3L	23327646	23328714	-1	67
3R	10784924	10786158	1	67
2L	9791695	9791755	1	67
3R	12561805	12595561	-1	67
2R	19629071	19631037	-1	67
4	1193655	1193708	-1	67
3R	11409149	11409210	-1	67
X	4658537	4659735	-1	67
3L	11494957	11495017	1	67
X	15919687	15919744	1	67
3L	17128972	17147107	-1	67
2L	5071031	5071103	1	67
X	8275209	8275268	1	67
2R	12574978	12575042	1	67
3L	1635460	1635534	-1	67
3R	12561805	12595395	-1	67
3R	9792758	9792813	1	66
2R	20476252	20477884	1	66
3L	17065709	17067137	-1	66
X	17668664	17668751	1	66
2L	9698234	9699115	-1	66
2R	4379156	4407981	-1	66
X	15095029	15095087	1	66
2L	8083637	8089185	1	66
2R	9096203	9096383	1	66
X	10348860	10356369	-1	66
2R	9581418	9581486	1	66
3L	5136011	5136078	-1	66
3R	29137524	29137584	1	66
3R	5489274	5489367	1	66
3R	13672817	13674146	-1	65
2L	14094293	14094351	1	65
2L	16263181	16263262	1	65
2L	17410031	17410088	-1	65
2R	16925038	16926346	1	65
2L	2798837	2799909	-1	65
3R	26048436	26048498	1	65
2L	8107881	8109816	1	65
X	12204410	12229666	1	65
2L	16247187	16247253	-1	65
4	178881	178937	-1	65
3L	8241195	8248558	1	65
3L	11621104	11621214	-1	65
X	6276459	6276532	-1	65
2R	18821284	18821490	1	64
3R	17674824	17674889	-1	64
3L	541960	542017	1	64
X	18028006	18028076	1	64
X	6686649	6686713	1	64
X	14240521	14240588	-1	64
2L	110484	110755	1	64
X	2074972	2075038	-1	64
4	82747	85712	1	64
3R	4292073	4295129	1	64
3R	18165896	18166026	-1	64
3R	24634927	24634987	-1	64
3R	15222451	15222508	-1	64
3L	4261306	4261362	1	64
X	16784632	16784746	1	64
3L	22869247	22869346	-1	64
2R	16925746	16926346	1	64
3R	29741370	29741768	1	63
2R	16198947	16199007	1	63
2R	13497152	13497368	-1	63
X	15299584	15305829	1	63
3R	29316170	29316237	-1	63
2L	340856	342579	1	63
2R	20645583	20645653	1	63
3L	9510159	9510282	-1	63
3R	14891877	14891951	1	63
2R	16183538	16183603	1	63
3L	4224852	4224927	-1	63
3R	29934090	29934239	1	63
X	4930066	4937975	-1	63
2L	13019730	13019798	-1	63
3L	1330291	1331042	1	63
3L	22961676	23002053	1	63
3R	21821024	21822483	-1	63
3L	18667794	18667847	1	63
X	5250275	5250423	1	63
3R	12996625	12996682	1	62
2R	21087859	21087938	1	62
X	6485528	6511133	-1	62
X	13738911	13738986	1	62
3L	17044156	17044218	1	62
3R	21302840	21303255	1	62
3R	4486892	4486948	1	62
2R	24939855	24939906	-1	62
4	892841	892894	-1	62
3L	20860427	20881630	-1	62
3L	20304644	20304701	-1	62
3R	23578799	23578879	1	62
2L	1180927	1180995	1	62
2R	4563082	4564434	1	62
X	10258018	10258878	-1	62
2L	9894133	9894331	-1	62
X	2635032	2641125	1	62
2L	1974992	1975061	1	62
3R	19643839	19644206	-1	62
3L	21830733	21830790	-1	62
2R	8892996	8893062	1	61
3R	21307584	21308418	1	61
3L	21845258	21845346	1	61
3R	8000664	8000724	1	61
3R	3585511	3586866	-1	61
2R	21154167	21154715	-1	61
3R	8823802	8823985	-1	61
2L	9940569	9940629	1	61
3L	11620666	11620923	-1	61
2L	12407467	12407550	-1	61
X	1880947	1881020	1	61
2L	10222144	10222202	1	61
X	22468001	22468112	1	61
2R	9417572	9417633	1	61
2R	11651225	11651324	-1	61
3L	11621423	11621483	-1	61
3R	4328018	4328137	-1	61
2L	2360802	2360972	-1	61
X	2705926	2705994	1	61
3L	7329364	7329429	1	61
3L	7793768	7800767	1	61
3R	9358177	9358256	1	60
2R	20329198	20329264	1	60
3L	20713301	20713484	-1	60
3L	9107711	9107956	-1	60
2R	10121754	10121815	-1	60
3L	5439472	5439531	1	60
2R	13518140	13518538	-1	60
2R	23922579	23922641	1	60
3L	9413318	9413391	1	60
3L	21025549	21027388	-1	60
2L	20055110	20055176	1	60
3R	9063341	9063406	-1	60
2L	13639797	13639860	-1	60
X	20772774	20773152	-1	60
3L	2689933	2697696	-1	59
3R	18197121	18198702	-1	59
3R	24290888	24290945	1	59
3R	18248152	18248221	1	59
2R	5604651	5604710	-1	59
2L	7831026	7831469	1	59
4	1248491	1248547	1	59
3L	19988346	19988401	-1	59
3L	24734188	24740905	1	59
2R	7508821	7508875	-1	59
3L	1724226	1730525	-1	59
2R	21652564	21652913	1	59
4	873572	873635	-1	59
2R	12590746	12590915	1	59
X	7893491	7893750	-1	59
3R	17041706	17041763	1	59
2R	16428823	16429331	1	59
X	11976825	11976889	-1	59
3L	257202	257553	-1	59
X	942797	943302	-1	58
3L	11723132	11727874	1	58
3R	20797474	20797536	1	58
2L	2975080	2975151	-1	58
2L	6490374	6490439	-1	58
X	198550	198610	1	58
X	3952222	3952767	1	58
3R	24675319	24675633	1	58
3L	21289547	21289606	1	58
X	15888497	15889302	-1	58
2R	8172772	8173173	-1	58
3R	4298586	4299790	1	58
3L	10590391	10590521	1	58
2L	10269709	10269763	1	58
X	16365643	16371314	1	58
X	11062269	11062331	-1	58
2R	20255349	20255408	-1	58
2R	8142029	8142099	-1	58
3L	7035882	7038005	1	58
3L	6737287	6737353	-1	58
2L	2360394	2360456	-1	58
4	915719	915837	-1	58
X	10267359	10276455	-1	58
2L	16973698	16976490	1	57
2R	15140096	15140471	1	57
3L	1198487	1198555	1	57
2L	2772646	2779175	-1	57
X	4930066	4930999	-1	57
X	11579125	11579670	1	57
2L	7429516	7429582	1	57
3R	8941833	8941901	1	57
2R	16706280	16716154	-1	57
2L	19600932	19611304	1	57
2R	10561955	10562026	1	57
2L	20827158	20827497	1	57
3R	20204979	20206198	1	57
3R	16632769	16633328	1	57
3R	29597347	29597419	1	57
2L	5031803	5031878	1	57
2R	18636272	18636340	-1	57
3R	10865648	10866529	-1	57
3L	4124853	4124919	-1	57
3R	25039957	25040022	1	57
2R	10532895	10533118	-1	57
X	15850429	15850546	-1	56
2R	24891920	24892287	1	56
3L	13787057	13798024	-1	56
3R	4737781	4739511	-1	56
2R	18133113	18133871	-1	56
2R	1595985	1596036	1	56
2L	5548710	5549444	1	56
2L	4393200	4393262	-1	56
3R	21364646	21364714	-1	56
2R	10067373	10067438	-1	56
3R	24452634	24456435	-1	56
3R	11329957	11339658	1	56
3L	9135902	9136301	-1	56
X	5176789	5186903	1	56
X	23473471	23535023	-1	56
3R	31599349	31600389	-1	56
3L	19265444	19266594	1	56
2L	10296111	10296172	-1	56
3R	23984101	23984362	1	56
2R	15211069	15211577	-1	56
2R	15566592	15566803	-1	56
3R	9234665	9236606	-1	56
2L	21638117	21638230	1	56
2R	7656416	7656472	1	56
X	16310308	16310379	-1	56
3R	22372168	22372226	1	55
3R	17877199	17877259	-1	55
3R	23759296	23759358	1	55
3L	314318	318991	-1	55
2L	6680115	6680175	-1	55
3L	20527281	20527593	1	55
3L	8599767	8599831	-1	55
2L	21223128	21223192	1	55
2R	9285539	9285603	-1	55
4	549622	549714	-1	55
3L	11184420	11196567	-1	55
3L	10663918	10664075	1	55
3L	25874385	25924296	-1	55
3L	16964979	16967382	1	55
3R	24717713	24717796	1	55
X	15896075	15896147	1	55
4	1049247	1050298	-1	55
2R	17425413	17425470	1	55
3R	27568592	27580157	-1	55
X	5754357	5754437	-1	55
3L	19589343	19589403	-1	55
3R	8388801	8389977	-1	55
X	8408325	8408388	-1	55
3R	19763751	19764249	1	55
2R	20605852	20606444	1	55
2L	21263787	21273324	1	54
X	13968074	13985214	-1	54
2R	14752743	14752946	1	54
3R	21972462	21975155	1	54
3L	22867855	22867907	-1	54
2R	9400069	9400257	-1	54
2R	19530701	19532170	-1	54
4	1230421	1230498	-1	54
2R	7465270	7465331	-1	54
3R	25700027	25701309	-1	54
2R	19574067	19574144	-1	54
X	11698598	11703290	1	54
4	855841	860307	-1	54
4	671167	680440	1	54
3R	11232269	11232341	1	54
3R	25700027	25700997	-1	54
3R	11950785	11950858	1	54
3R	21185585	21202452	1	54
X	18887213	18887300	1	54
2R	9841476	9841540	-1	54
X	4704518	4704588	1	54
X	9507263	9510160	-1	54
4	1057754	1057807	-1	54
2R	17053419	17053485	1	54
X	19344151	19347638	-1	54
X	7421211	7421273	1	54
X	7905995	7906045	-1	54
3R	23983946	23984290	1	53
3R	31744939	31745001	1	53
3L	8196884	8197142	-1	53
X	5177618	5186903	1	53
3L	9107376	9107619	-1	53
2L	8213530	8213781	1	53
3R	21068778	21068838	1	53
2R	14514085	14514153	1	53
3L	4918690	4918759	1	53
X	11795009	11795105	1	53
X	2634026	2641590	1	53
X	11974340	11976403	-1	53
3R	6658428	6659003	1	52
3R	5793577	5793641	-1	52
2R	20549562	20549632	-1	52
2R	3933464	3935732	-1	52
X	11893356	11893590	1	52
3L	4327171	4327233	-1	52
2R	24904901	24904970	1	52
2R	23061781	23061846	-1	52
3R	27957620	27957672	-1	52
3R	11591308	11592360	-1	52
2L	22247722	22247796	-1	52
4	781670	783174	-1	52
2R	2495024	2522393	-1	52
3L	17068059	17074193	-1	51
3R	23984106	23984367	1	51
2L	19587528	19600858	1	51
2L	21637787	21637958	1	51
2R	3933464	3942934	-1	51
2R	16103775	16105033	1	51
3R	27065323	27065803	-1	51
3R	18979162	18979224	-1	51
2L	10338117	10338232	1	51
X	2148844	2149221	-1	51
2L	20083016	20084578	-1	51
2R	10116826	10117234	1	51
3L	7699374	7699486	-1	51
3R	10853590	10853651	-1	51
4	1130184	1130383	1	51
X	9024419	9024624	1	51
2R	16571006	16571189	-1	51
3L	3221982	3222927	-1	51
2R	14365172	14365227	1	51
3L	4578870	4579447	1	51
4	190062	191309	-1	51
X	3256212	3258611	1	51
2R	7931225	7931285	-1	51
2R	20605620	20605682	1	51
2L	1182105	1182170	1	51
3R	4281872	4282674	1	51
3R	28084617	28085405	1	51
2L	13019927	13020231	-1	51
3L	20844549	20845929	-1	51
2R	10532120	10532181	-1	51
2R	10365262	10381104	-1	51
X	5309707	5310132	1	50
X	20167816	20167882	1	50
2R	16753701	16753766	-1	50
3R	5336636	5349468	-1	50
3L	9867745	9868254	1	50
3R	18590428	18590521	1	50
4	443155	443213	-1	50
2R	17428944	17429003	1	50
2R	4235939	4235995	-1	50
2L	13386037	13386099	-1	50
2L	14088862	14089108	1	50
3R	25352193	25354149	-1	50
3R	29993814	29993873	-1	50
3L	22869472	22869665	-1	50
3R	14512828	14512883	-1	50
2R	21096270	21096327	-1	50
3R	9213847	9213977	-1	50
2R	6627675	6627732	-1	50
3L	12472974	12473185	1	50
2L	8713204	8713264	-1	50
X	6268973	6269125	1	49
2R	19399094	19407841	-1	49
X	4154757	4203191	-1	49
3L	12771316	12771372	-1	49
3L	21333495	21333896	1	49
3L	23211161	23216063	1	49
3L	21197638	21197760	-1	49
X	16365514	16365587	1	49
3R	8943144	8943205	-1	49
3L	11692360	11692422	1	49
2L	2782840	2783041	-1	49
3L	13356644	13356727	1	49
3L	7529187	7532672	1	49
3L	16492104	16492171	-1	49
3L	19588614	19588680	1	49
X	1682782	1682863	-1	49
2L	6954328	6954393	1	49
3R	3867427	3867500	1	49
3R	18247903	18247971	1	49
3L	3839362	3839424	1	49
2R	12038612	12038677	1	49
2L	8198549	8198613	1	49
2L	2400966	2401107	1	49
3L	1659991	1661109	-1	49
2L	11806158	11808014	-1	49
2L	10766131	10766191	-1	49
3R	1342318	1454572	1	49
X	8515613	8515723	1	49
X	15929798	15929854	-1	49
3R	19240839	19241654	-1	48
3R	19241711	19242525	-1	48
3L	23326761	23327494	-1	48
X	18137051	18137576	-1	48
4	1248837	1250771	1	48
3L	709614	709738	-1	48
2L	2057826	2057917	1	48
2R	24781961	24782019	-1	48
X	17953157	17953223	-1	48
3R	20797278	20797345	1	48
3R	8943401	8943465	-1	48
4	1015621	1016376	-1	48
2R	22887249	22887310	1	48
2R	12594069	12606915	1	48
3R	4957239	4957290	-1	48
3R	21805176	21807599	-1	48
X	15875206	15875268	1	48
4	631895	632028	1	48
X	2075140	2075207	-1	48
2R	17871662	17871905	-1	48
3L	7163507	7163752	-1	48
3R	9354855	9354925	1	48
3L	20519895	20519954	-1	48
4	480692	480776	-1	48
3R	18253213	18253275	-1	48
X	16522154	16527277	-1	47
2L	19047655	19047716	1	47
X	3672040	3683353	1	47
3R	11337066	11339658	1	47
3L	11201643	11201696	1	47
2R	22129931	22129991	1	47
2R	19407913	19407975	-1	47
3L	3817722	3817784	1	47
3L	5766717	5766776	1	47
3R	26581023	26582665	1	47
3L	8304969	8305022	1	47
3R	23963224	23965800	1	47
2L	10009537	10010737	1	47
3L	11069307	11069368	-1	47
2L	12432205	12432309	-1	47
2R	24966042	24966106	-1	47
3L	2963452	2963560	1	47
2R	10533969	10541345	-1	47
3R	23983905	23984369	1	47
2R	5657310	5657372	-1	47
3L	24537617	24542410	1	47
4	133232	133588	1	47
3R	3523948	3584980	-1	47
2L	21628210	21629667	-1	47
3L	274808	274867	1	47
4	1143869	1143985	-1	47
3L	12746237	12746297	1	46
3L	27083594	27083724	-1	46
2R	22223978	22224032	-1	46
3R	25856974	25866996	1	46
X	18381774	18381864	-1	46
3R	14026945	14031573	-1	46
3L	17037031	17037084	-1	46
2R	11100115	11116040	-1	46
X	15063984	15064049	1	46
X	21345953	21346322	1	46
X	5672523	5672998	1	46
2L	8369031	8369716	1	46
2L	566625	566680	-1	46
3R	31253299	31253355	1	46
3R	8819264	8820312	-1	46
3L	1351790	1351853	1	46
3L	257057	257130	-1	46
2R	17775436	17775493	-1	46
2L	21124192	21124287	1	46
3R	22408881	22408940	-1	46
X	11980158	11980763	-1	46
3R	17006694	17006750	1	46
3L	1617622	1617707	-1	46
X	16447699	16447772	-1	46
3L	20771865	20772605	1	46
3R	947571	1025040	1	46
2L	7220678	7220742	-1	46
X	13335874	13335956	-1	46
3L	20713878	20715553	-1	46
2L	21384596	21385278	1	46
3R	30038956	30039062	-1	45
3R	29050433	29050497	1	45
2L	8377794	8377847	1	45
2L	10485791	10485855	-1	45
3L	16819305	16819368	1	45
3L	3897092	3897148	1	45
2R	4351219	4378369	-1	45
2R	17702842	17703021	1	45
2L	8083522	8089185	1	45
3L	4291624	4291687	-1	45
2R	18430886	18431173	-1	45
3L	22865825	22865878	1	45
2R	12199112	12199313	-1	45
X	12572627	12572772	-1	45
3R	22782159	22784467	1	45
2R	7010046	7010103	-1	45
2L	20859902	20860682	1	45
2L	10438240	10438301	1	45
2R	16016460	16016525	-1	45
X	19353654	19362967	1	44
2L	2793588	2793648	-1	44
3L	18619208	18619377	-1	44
3R	19214904	19215140	1	44
3L	20833658	20833733	1	44
X	11722409	11722534	1	44
3L	709495	709557	-1	44
3R	15954684	15954747	1	44
2L	13550421	13551142	1	44
3R	23983941	23984283	1	44
X	12203985	12204139	1	44
3R	9805019	9805100	-1	44
3L	16845890	16847161	1	44
3R	14035279	14035444	-1	44
X	5634426	5636222	-1	44
X	9355179	9356001	-1	44
3L	20169064	20184963	-1	44
2R	22994828	22994885	-1	44
2L	2579797	2579860	-1	44
3L	11184209	11184389	-1	44
2R	6151997	6152069	-1	44
3R	21309576	21309851	1	44
2R	14946418	14946477	-1	44
3R	17875546	17877067	-1	44
4	1233511	1234679	1	44
3R	4221318	4221756	-1	44
2L	10438813	10438882	1	44
4	1247239	1248303	1	44
2R	11221630	11221784	1	44
X	1468186	1468251	1	44
X	2473100	2473175	-1	44
2L	19432064	19432124	1	43
2R	2246007	2261829	-1	43
3L	9130609	9134317	-1	43
3R	20798410	20805947	1	43
2R	18277682	18277751	1	43
2L	10408387	10408739	1	43
4	872075	872127	-1	43
3L	1294039	1294093	1	43
2L	11284119	11284186	1	43
2L	19600765	19603813	-1	43
3L	15879397	15893620	-1	43
4	452891	452972	1	43
3L	201759	201817	1	43
3L	9784892	9784952	1	43
2R	5757826	5757911	1	43
2L	449171	449230	-1	43
4	1243951	1244014	1	43
4	873927	873994	-1	43
3R	18399951	18400011	1	43
4	211983	212628	1	43
2L	10840797	10840867	-1	43
3L	20810929	20810981	1	43
2R	24044920	24044992	-1	43
2R	24668681	24668737	-1	43
3R	25684517	25685025	-1	43
3R	17150178	17150239	1	43
3L	5740208	5746468	1	43
3L	12753345	12753405	-1	43
2R	14514216	14514283	1	43
3R	11228422	11228490	-1	42
2R	23356671	23356856	-1	42
X	9164255	9165682	1	42
3R	11965487	11965545	-1	42
3L	4287978	4288034	1	42
3L	5170441	5218950	-1	42
X	19494652	19494727	-1	42
X	13204151	13206712	-1	42
3R	4720105	4720224	-1	42
3L	12498688	12498749	-1	42
3R	23679678	23679736	1	42
3R	29457642	29461813	1	42
3R	28342215	28342280	1	42
X	11818017	11823283	1	42
2R	4692011	4692079	-1	42
3R	27967202	27967269	-1	42
X	198347	198434	1	42
2L	16731578	16731643	-1	42
3L	3328184	3328251	1	42
3L	4407385	4417820	1	42
2R	17429661	17429720	-1	42
2L	12094712	12094769	1	42
3R	21357759	21358005	-1	42
3L	18870561	18870614	1	42
2R	18833785	18833965	-1	42
3R	21017875	21017942	1	42
2L	10485528	10485594	1	42
3L	202430	202489	-1	42
X	7738800	7738901	1	41
X	258081	258142	1	41
X	1015080	1015140	-1	41
X	10072389	10072570	-1	41
3R	27566148	27566207	-1	41
3R	7472848	7473261	-1	41
X	13335874	13335960	-1	41
2R	10105826	10106289	1	41
3L	306547	306605	-1	41
2L	19065270	19069444	1	41
4	273917	275580	-1	41
2R	24701210	24714471	-1	41
2R	8597848	8598113	-1	41
3R	15957920	15959320	1	41
3R	4660400	4670797	1	41
X	19342600	19342728	-1	41
X	16710078	16710204	1	41
2L	10329932	10329992	-1	41
2R	8464797	8464864	1	41
2R	17702599	17702779	1	41
2R	14216111	14216530	-1	41
X	3683450	3692953	1	41
3R	29594345	29597241	1	41
2R	9090022	9090083	-1	41
2R	19408056	19408124	-1	41
3L	7696879	7696938	-1	41
3R	18022673	18022730	1	41
3L	4419664	4419740	1	41
3R	24187415	24187473	1	41
2R	22663875	22663989	1	41
3L	21540201	21540269	1	41
3R	11408327	11408386	1	41
2L	20740313	20748129	1	41
2L	18987871	18987936	1	41
2R	4829494	4829547	1	41
3R	23983955	23984306	1	40
X	4321868	4321931	-1	40
2R	11278982	11279046	-1	40
2L	10429660	10429715	1	40
3L	23126401	23126717	1	40
X	19347734	19347836	-1	40
4	1043525	1045156	-1	40
3L	20846023	20846090	-1	40
3L	4125080	4125136	-1	40
X	13095334	13095445	1	40
3R	19242670	19242722	-1	40
3R	14327128	14327253	1	40
3R	5667389	5667693	-1	40
3R	9790461	9790526	-1	40
2R	18708535	18708587	-1	40
2R	12612885	12613567	1	40
3L	21845236	21875297	1	40
X	15893151	15894693	1	40
2L	7196858	7203939	-1	40
2L	8304988	8305052	1	40
X	19621651	19621777	-1	40
2R	1264842	1265171	1	40
2R	4673224	4673277	1	40
3L	2689939	2711352	-1	40
3R	3469479	3523414	-1	40
3R	11430572	11430627	1	40
2R	17518696	17518753	1	40
X	8060159	8061264	-1	40
2R	9433229	9434354	1	40
3L	13045596	13046217	1	40
3R	18214599	18214666	1	39
3R	27165371	27165432	-1	39
2R	21170239	21170301	-1	39
3L	15161100	15161165	-1	39
3R	16273331	16274152	1	39
3L	3171107	3171164	1	39
3R	7248402	7248457	-1	39
2R	23859618	23859690	-1	39
2L	5204904	5205104	1	39
4	179035	179092	-1	39
X	18155733	18161013	1	39
2L	10403557	10403730	-1	39
2R	20586410	20586615	-1	39
3L	23319003	23319061	-1	39
3R	11232125	11232194	1	39
X	7903336	7903398	1	39
X	10255587	10256112	-1	39
3R	18950604	18958362	1	39
2R	7467634	7467691	-1	39
3R	23983931	23984305	1	39
3R	21069020	21070278	1	39
2R	20275928	20275986	1	39
3R	25135077	25135150	1	39
3L	4255296	4255610	1	39
3L	10874265	10874336	1	39
2R	12169196	12169725	1	39
2L	21154580	21154646	-1	39
3R	9420048	9432029	1	39
2L	13351395	13351458	-1	39
2R	19532375	19532436	-1	39
2L	15940083	15962009	-1	39
3L	22864926	22865771	1	39
3R	11593767	11604142	-1	39
2L	19545102	19545157	1	39
3L	9139003	9139093	1	39
2L	9894402	9894576	-1	39
2R	12574838	12574894	1	39
2L	8029734	8029816	1	39
2R	24161215	24161279	1	39
3L	16231417	16231474	-1	39
3R	29723589	29723847	1	39
2R	18460645	18460912	-1	39
X	2712023	2712093	-1	39
3R	13154750	13155509	-1	39
3L	3904622	3904684	1	38
2R	16204382	16204442	-1	38
3R	5591831	5591929	1	38
2L	1984144	1984206	1	38
4	94616	94837	1	38
2L	9878026	9885932	-1	38
3L	267870	268220	1	38
3L	10688781	10688926	1	38
2L	12713376	12713443	-1	38
2L	10988983	10989049	1	38
X	10407106	10407166	1	38
2L	7647267	7648747	-1	38
3R	4538690	4556696	-1	38
3L	4435090	4435175	1	38
3L	6739922	6740667	-1	38
X	1866496	1866563	1	38
X	15896473	15897102	1	38
2R	19308516	19308573	-1	38
3R	16999593	16999650	-1	38
3R	4292270	4295120	1	38
2R	16263537	16263603	-1	38
2L	15032184	15032635	1	38
3R	5939939	5958825	-1	38
2L	338119	339207	1	38
3R	31935776	31937270	-1	38
2L	13209846	13209911	1	38
X	16287240	16287958	-1	37
3L	20351731	20351899	1	37
4	211795	211854	1	37
3R	5580306	5580382	-1	37
3R	20652785	20653151	-1	37
3L	8307965	8308092	-1	37
2R	24691713	24691776	-1	37
3L	16844863	16844920	-1	37
4	1037423	1037476	-1	37
2R	7971183	7971244	-1	37
3L	5658291	5659429	1	37
3R	26649525	26650993	-1	37
3R	22026391	22026448	-1	37
4	1117215	1117851	-1	37
2R	18144898	18144967	1	37
3L	4262748	4262806	1	37
3R	21878078	21878233	-1	37
3L	3043847	3043905	1	37
4	1195597	1195660	-1	37
3R	25024150	25024217	1	37
X	10480025	10480084	1	37
3L	1657930	1658050	-1	37
X	4360331	4360395	1	37
3L	6490904	6490970	1	37
3L	23019251	23019309	1	37
3R	10675845	10675903	-1	37
2R	5610257	5611192	1	36
X	12732401	12741449	-1	36
2L	10848169	10848241	-1	36
4	1280857	1280916	1	36
2R	9840871	9840944	1	36
3L	15870808	15879320	-1	36
2R	9089445	9089508	1	36
3L	7916881	7925999	-1	36
2R	7937144	7937204	-1	36
3L	19816532	19816593	-1	36
2R	24092263	24092342	-1	36
3R	24317842	24317896	-1	36
3L	20515787	20515861	-1	36
3R	8242577	8242680	-1	36
X	18040384	18059735	-1	36
X	15958591	15961986	-1	36
2R	12425075	12425129	1	36
3R	25685501	25685567	-1	36
3L	11199929	11199982	1	36
3R	17006913	17007083	1	36
2R	22854413	22854480	1	36
2L	20969524	20993233	-1	36
2L	15940083	15962001	-1	36
3L	9359417	9359476	1	36
X	12019759	12019825	1	36
2L	3460076	3460133	1	36
X	15340992	15341086	-1	36
2R	23946262	23946447	1	36
3R	16482214	16482280	-1	36
2R	9142656	9142717	-1	36
3L	3893915	3893978	1	36
2L	8403661	8404005	1	35
X	21346750	21346957	-1	35
2L	19702035	19702146	1	35
4	252171	252824	-1	35
2R	9536093	9536152	1	35
2L	9176381	9177125	1	35
2R	11986963	11987027	-1	35
2R	5204140	5204194	-1	35
2L	9878026	9885726	-1	35
2R	14623005	14623189	1	35
2R	4458098	4458154	-1	35
3R	16637112	16638623	1	35
2R	12200242	12200775	-1	35
2R	927571	929051	-1	35
3L	185865	185926	1	35
2R	16986637	16986705	1	35
2R	6627211	6627309	-1	35
X	15888269	15888344	-1	35
X	12203979	12204139	1	35
X	11979765	11979839	-1	35
2L	8211503	8211559	1	35
3L	21875326	21907346	1	35
X	11597109	11597175	1	35
X	13265037	13265130	-1	35
3L	20356281	20356345	1	35
3L	8601416	8601648	1	35
2R	15531396	15532122	-1	35
2R	10461032	10461096	1	35
3L	9106518	9107342	-1	35
2R	24052589	24052655	1	35
3L	5691784	5695422	1	35
X	575090	575168	1	34
2R	6083885	6083941	-1	34
2R	10099739	10104256	1	34
3L	7980983	7994889	1	34
3R	19032026	19032089	1	34
X	5176463	5177567	1	34
X	13688572	13701097	-1	34
2L	4458058	4458289	-1	34
3R	5376101	5376157	1	34
2R	24574216	24574284	1	34
3L	20768529	20768593	-1	34
3R	11217566	11217624	1	34
2L	7783049	7783299	1	34
X	8418427	8423184	1	34
2R	17573034	17573103	1	34
3R	27287720	27287785	-1	34
X	16473828	16474447	-1	34
2R	24941055	24941122	-1	34
3R	17836237	17851986	1	34
3L	22865961	22867400	1	34
X	16286135	16287158	-1	34
2L	10137560	10178041	-1	34
3R	9295552	9295686	-1	34
4	302527	305016	-1	34
2R	9883844	9883897	-1	34
3R	29597909	29598164	1	34
3L	12534005	12534063	1	34
2R	24067255	24067465	-1	34
3R	6381606	6381682	1	34
3L	21216324	21216477	-1	34
3R	18978569	18978644	-1	34
3L	708929	708991	-1	34
2L	6122411	6122698	1	33
X	11608641	11608703	-1	33
3R	16340947	16341229	-1	33
3R	15222646	15222703	-1	33
3L	11111689	11111745	1	33
3L	12753614	12753676	-1	33
3L	4262748	4262798	1	33
3R	13025045	13025389	1	33
2L	7183987	7184043	1	33
2L	19043884	19043936	-1	33
2L	108810	110406	1	33
3L	8930740	8930800	1	33
2L	20648249	20648420	1	33
X	8249095	8249154	-1	33
2R	4695407	4695462	-1	33
4	66739	66840	-1	33
3R	24818351	24818411	1	33
3L	16040066	16046485	-1	33
2R	16609326	16618804	1	33
3R	4670851	4680229	1	33
2R	24991273	24991810	-1	33
X	3700465	3700671	1	33
3L	25977	26030	1	33
X	12912074	12912583	1	33
3L	2499624	2499691	-1	33
4	1059837	1060413	-1	33
2L	10997426	10997493	1	33
X	8490016	8509456	1	33
X	9884869	9884938	1	33
2L	10404551	10404611	-1	33
3L	12472833	12472926	1	33
X	20776249	20792355	-1	33
3R	30485393	30485454	1	33
2L	5043384	5045822	1	33
3L	7294920	7311929	-1	33
2L	5984625	5984719	1	33
2L	6907134	6907232	-1	32
X	4322035	4322091	-1	32
3L	12155993	12156051	1	32
2L	19607082	19610610	1	32
3L	7132678	7133119	1	32
3L	2599833	2599897	1	32
2L	2770401	2770460	1	32
X	13701354	13707596	-1	32
2L	7032840	7032904	1	32
4	275720	276291	-1	32
2R	15567173	15567243	-1	32
2L	20754366	20754431	1	32
3L	7931791	7932038	-1	32
2R	20624170	20624220	1	32
3R	30518574	30519608	-1	32
3R	8730102	8730367	-1	32
3R	24104964	24105130	-1	32
2R	19237064	19237328	1	32
3L	9730641	9730733	1	32
2R	7467317	7467483	-1	32
3L	21619618	21619674	1	32
2R	19430153	19430214	1	32
3L	3839524	3839633	1	32
3R	9522715	9523536	1	32
2R	22887794	22887850	-1	32
2R	14584011	14584118	1	32
X	17286877	17286937	-1	32
3L	16226359	16226587	-1	32
3R	13969331	13969397	-1	32
3R	24064331	24106825	-1	32
3R	10865627	10866529	-1	32
X	9324203	9324260	1	32
3R	15362538	15362588	1	32
X	8060159	8060903	-1	32
3R	16551966	16552361	1	32
2L	12714547	12714649	-1	32
X	15343503	15343597	-1	32
3L	5667943	5668006	1	32
2R	17545938	17545994	1	32
3R	18918626	18919423	1	32
3L	27146575	27146628	1	32
3R	24250676	24250733	-1	32
3L	17528621	17528909	-1	32
3R	31171633	31177252	1	32
2R	24871246	24871299	1	32
3R	4236805	4237625	1	32
X	4544177	4544234	1	32
3L	23095212	23095275	-1	32
2L	1179070	1179127	1	32
X	6289926	6290055	-1	32
X	1637140	1637284	1	32
3R	21865748	21865815	1	32
X	6681373	6681437	1	32
2L	5068395	5069127	1	31
3R	11624661	11624718	1	31
X	10578607	10584910	-1	31
3R	28603319	28603608	1	31
X	13409750	13409814	-1	31
3L	16382158	16382382	-1	31
3R	20580322	20580390	1	31
3L	1632455	1633058	-1	31
2L	14040379	14041321	1	31
2L	11816707	11817353	-1	31
3R	15300823	15301011	1	31
X	10258961	10259191	-1	31
3L	4558053	4563797	1	31
3R	5656572	5656799	-1	31
2L	9893873	9894064	-1	31
3L	21531574	21531758	-1	31
3R	8655907	8655987	-1	31
3R	5335061	5335895	-1	31
X	9154241	9154380	-1	31
2R	9606764	9606825	1	31
3R	19240839	19242525	-1	31
3R	4638410	4638544	-1	31
X	1400626	1413418	1	31
2R	21394736	21394878	-1	31
3R	27568206	27568279	-1	31
X	5792636	5792777	1	31
2R	15211668	15211726	-1	31
3R	31622823	31633571	1	31
X	13669745	13670129	1	31
3R	29201909	29201970	-1	31
3R	22729760	22729817	1	31
3L	7051723	7051977	1	31
X	4541552	4541907	1	31
2L	824138	824219	1	31
2L	3872948	3873019	-1	31
2L	216276	216345	-1	31
X	2269705	2270699	-1	31
3R	25271288	25271346	1	31
4	560821	564361	1	31
2L	18833245	18833305	1	31
2R	11305296	11305351	1	31
2R	7048180	7048244	1	31
3L	6025338	6025418	1	31
3R	17967829	17989576	1	31
2R	10736749	10736893	1	31
2R	21605831	21606043	-1	31
3L	7932143	7932301	-1	31
X	14408322	14425187	1	30
2L	6587144	6600611	-1	30
2R	16045181	16045287	1	30
3L	16414222	16414284	1	30
3R	13374016	13374079	-1	30
X	17910010	17910078	1	30
3L	21726938	21728287	-1	30
3R	20575622	20576146	-1	30
3R	21110558	21110616	1	30
2L	7034694	7034765	1	30
3L	11100388	11100447	1	30
2R	10104410	10104717	1	30
X	15702186	15702264	-1	30
2R	5327792	5327848	1	30
2R	14234343	14234396	-1	30
X	22693000	22740542	1	30
3L	20769838	20769894	1	30
2L	18211299	18215765	-1	30
3R	29123490	29123801	1	30
2R	14234829	14234890	-1	30
4	361007	362304	1	30
3R	18973160	18973988	1	30
3L	224184	224973	1	30
2R	9095959	9096150	1	30
2L	5947333	5948407	1	30
3R	4280357	4282674	1	30
3L	21570136	21570257	1	30
4	395323	395520	-1	30
2L	6659319	6659379	1	30
3R	15347626	15347690	1	30
3L	22961676	22969125	1	30
3R	24058800	24058855	1	30
3L	2631917	2631977	1	30
3R	5151287	5153523	1	30
4	1230119	1230447	-1	30
2L	7028667	7028727	1	30
3L	19897260	19897318	-1	30
X	18326776	18327195	-1	30
2R	25255791	25257385	1	30
2R	10737292	10737357	1	30
3R	21302840	21303809	1	30
3R	25067332	25067385	-1	30
3R	17813618	17836151	1	30
4	871655	871720	-1	30
3L	20372020	20372080	-1	30
2L	1174131	1174197	1	30
3R	5734433	5734502	1	30
3L	11629513	11630467	1	30
3R	7871917	7872013	-1	30
3L	8415661	8415716	1	30
3L	19601148	19601210	1	30
3L	15512737	15512796	1	30
X	19363022	19410159	1	30
3R	567269	682458	1	30
X	16801588	16801654	1	30
3R	9695224	9695282	-1	30
2R	22747026	22747136	-1	30
2L	13386691	13386757	-1	29
2L	2876411	2876784	1	29
3L	826886	826946	-1	29
3L	827002	827182	-1	29
3R	22544558	22544615	-1	29
2R	22071708	22071766	-1	29
X	8119293	8119355	-1	29
2R	3938886	3942934	-1	29
3R	29490957	29491015	-1	29
3L	11606199	11606257	-1	29
2L	17190231	17190297	-1	29
3R	27272197	27272841	-1	29
X	7287641	7287709	1	29
3R	20817428	20817495	-1	29
2L	21140491	21140569	-1	29
2R	21021318	21021501	1	29
4	1129489	1129566	1	29
mitochondrion_genome	13066	17264	-1	29
3R	24814298	24814349	1	29
2L	13812358	13812479	1	29
3R	17685351	17685413	1	29
3L	14629682	14629741	-1	29
3R	27957745	27957807	-1	29
3L	16353616	16353680	-1	29
2R	16040260	16040892	1	29
3R	15278444	15278502	-1	29
3R	18733365	18733429	-1	29
4	354967	355031	-1	29
2R	13843337	13843540	-1	29
2R	12618551	12619064	1	29
4	1196092	1196165	-1	29
3L	27140243	27146395	1	29
X	14206467	14206597	-1	29
2R	19396563	19396624	-1	29
4	302324	302386	-1	29
X	15421629	15440517	-1	29
3R	16645947	16646020	-1	29
X	21036471	21036539	1	29
3R	27262161	27262227	-1	29
3R	30003179	30003252	1	29
X	9105332	9105397	-1	29
2L	13394800	13394865	-1	29
2R	5662377	5662456	-1	29
3L	14562284	14562377	1	29
2L	23162140	23162212	-1	29
3L	12291242	12291300	-1	29
X	15929916	15929981	-1	29
2R	21021522	21021886	1	29
2R	21512178	21514209	1	29
3R	9342492	9354422	1	29
2R	17702370	17702547	1	29
2L	9889406	9889460	1	29
4	874468	875203	-1	29
3R	3850236	3864292	1	29
2R	5662554	5662619	-1	29
3L	22866031	22867111	1	29
2L	21122394	21124135	1	28
2R	12579357	12579415	-1	28
2R	20587745	20595557	1	28
2L	21105009	21114594	1	28
2R	8010546	8010771	-1	28
3L	16006874	16006933	-1	28
3R	7071218	7071273	1	28
3R	28889885	28890005	1	28
2R	7393962	7395431	-1	28
3R	23983897	23984353	1	28
3R	27696832	27696889	-1	28
3L	23748717	23748776	1	28
2L	10408387	10409711	1	28
3R	20963857	20963927	1	28
X	8518399	8531525	1	28
2R	4700584	4700644	-1	28
3R	13657126	13658462	-1	28
3R	20033627	20034042	1	28
3R	19987657	20006235	-1	28
3L	6943102	6944432	1	28
2L	6273127	6278679	1	28
3R	17346135	17365766	-1	28
2R	14276527	14277281	1	28
3L	6754458	6755073	-1	28
3L	5170441	5184215	-1	28
3L	12852717	12852781	1	28
2L	8545234	8563739	1	28
3L	514706	539899	-1	28
X	21036638	21037610	1	28
4	1135485	1135539	1	28
X	5744700	5746772	-1	28
2R	18167523	18167658	1	28
X	12203997	12204139	1	28
4	282739	302242	-1	28
X	624345	624407	1	28
3R	8728567	8728626	-1	28
3R	23997209	23997267	1	28
3R	5226979	5227324	1	28
3R	20590771	20590829	1	28
2R	24609037	24609090	1	28
X	20923614	20924978	-1	28
3L	7804708	7808997	-1	28
X	10814094	10822392	-1	28
2L	16843395	16843513	-1	28
3R	29315880	29315945	-1	28
3R	18275142	18281694	1	28
2L	6646948	6647921	-1	28
2L	4227750	4228012	1	28
3R	23983905	23984428	1	28
X	12731907	12732352	-1	27
2R	12103313	12103528	-1	27
3R	9647142	9648983	1	27
4	366763	369507	1	27
3L	7131909	7132649	1	27
3L	20351522	20351583	1	27
2R	19290457	19290518	1	27
X	19479754	19479814	-1	27
3L	7035316	7035744	1	27
2R	18523708	18524233	1	27
2L	16247385	16248602	-1	27
3L	20713612	20713681	-1	27
4	1144114	1146470	-1	27
2R	13825158	13825211	1	27
2R	16421733	16422680	1	27
2L	9897132	9897473	-1	27
2R	11361283	11361515	1	27
2L	8107881	8110481	1	27
2R	7467317	7467474	-1	27
3R	16350028	16350417	1	27
3R	11218037	11218106	-1	27
2L	20648480	20648785	1	27
2R	13186923	13186981	-1	27
3R	14733884	14734387	-1	27
2L	17657234	17657313	-1	27
3R	12950328	12950408	-1	27
3L	11196876	11197501	-1	27
3L	7640065	7640125	-1	27
X	13385397	13385500	1	27
X	13773979	13775973	1	27
3L	17044660	17044713	-1	27
2L	3453279	3453429	1	27
2R	18658857	18658920	-1	27
3R	9163629	9213760	-1	27
3L	7816413	7816484	-1	27
3L	1500389	1501799	-1	27
2R	6075001	6075064	-1	27
3R	8648897	8648962	-1	27
3R	15792911	15793042	1	27
3L	22823972	22824041	-1	27
3R	7870349	7871786	-1	27
2R	4187848	4187946	-1	27
2L	4842348	4843540	-1	27
X	762992	763441	-1	27
X	16640241	16640306	-1	27
X	571001	571131	1	27
X	17906338	17906653	-1	27
3R	11505527	11505589	1	27
3L	9112788	9113046	-1	27
4	1181282	1181368	-1	27
3L	5140778	5140840	-1	27
3R	18970289	18970631	1	27
3R	23696686	23696752	-1	27
2L	6967386	6967508	-1	27
3R	13021317	13021420	1	26
3L	19544542	19544605	-1	26
3L	21025549	21027296	-1	26
2L	339442	340710	1	26
3R	10324699	10324758	-1	26
3L	9337661	9337726	1	26
2R	16432901	16433019	1	26
3R	12624905	12624966	-1	26
2R	9608604	9608665	-1	26
3R	30572851	30572925	1	26
X	8902812	8903202	1	26
3R	11995169	11995372	-1	26
2R	18132942	18133004	-1	26
3L	16766541	16773714	1	26
2R	9586232	9586290	-1	26
2R	12924348	12924422	1	26
2L	11583103	11590748	1	26
2L	3698762	3698827	-1	26
2R	21012279	21012335	1	26
2R	20243110	20243173	-1	26
2L	2772644	2779175	-1	26
X	18381970	18382040	-1	26
3L	17429304	17429377	-1	26
2L	3175399	3183316	-1	26
2R	22338946	22339046	-1	26
3L	24161180	24253793	1	26
2L	6445230	6445287	-1	26
X	9473267	9499886	-1	26
3L	21025549	21027186	-1	26
3R	23983916	23984367	1	26
3R	28148252	28158989	1	26
X	16993546	16993675	-1	26
3R	12563120	12593483	-1	26
3L	827237	827423	-1	26
3R	8793368	8796705	-1	26
X	1901014	1901065	-1	26
X	18381100	18381162	1	26
3L	15969561	15969626	1	26
X	7985357	7985434	1	26
2R	11387316	11387372	-1	26
2R	8125210	8125267	-1	26
X	5553506	5559410	-1	26
3R	20580193	20580249	1	26
4	181517	181569	-1	26
X	15341163	15341222	-1	26
3R	30826027	30826718	1	26
3R	25282826	25282893	1	26
2R	18641194	18641459	-1	26
3L	258764	258823	1	26
3R	7071862	7071916	-1	26
3L	7640338	7640404	-1	26
3R	7748194	7748254	-1	26
2L	6490223	6490288	-1	26
X	12639076	12639154	1	26
2L	9165843	9165943	-1	26
3R	29597474	29597776	1	26
2L	101915	101979	1	26
X	22657660	22692941	1	26
3R	12705282	12705344	1	26
3R	31598953	31599281	-1	26
2R	9885302	9885361	-1	26
3R	8128424	8128490	1	26
X	15800574	15800639	1	26
3L	20523285	20523352	-1	25
3R	31743838	31743893	1	25
2R	18708366	18708422	-1	25
3L	11062229	11062291	-1	25
2R	8167453	8167514	1	25
X	3720323	3721376	1	25
3R	4094457	4095775	1	25
3R	24624156	24624475	-1	25
3L	3072842	3073081	1	25
2R	15677435	15677489	-1	25
4	1229516	1229580	-1	25
X	5176789	5177567	1	25
X	12608866	12608935	1	25
2R	21021134	21021191	1	25
X	9473267	9495674	-1	25
2R	11149512	11149601	-1	25
2R	9351174	9351409	-1	25
3R	18668223	18668609	1	25
2L	11009566	11009627	1	25
2L	21632706	21633266	1	25
3R	16978711	16978780	-1	25
4	1018710	1018770	-1	25
4	427604	427667	1	25
2R	16931279	16932464	1	25
2R	24176832	24176893	1	25
3R	21019015	21019445	1	25
3L	14984121	14984211	1	25
2R	16716212	16730899	-1	25
2R	11387491	11387545	-1	25
3R	4249018	4249191	-1	25
2R	4336584	4350549	-1	25
3L	14746914	14746978	1	25
2L	227548	228133	-1	25
2L	15017397	15021092	1	25
3R	9511682	9511740	-1	25
2R	17208188	17220055	1	25
X	22467866	22467922	1	25
3L	7063151	7077182	-1	25
3R	10877648	10877702	1	25
3R	25272932	25272989	1	25
X	11058486	11059280	-1	25
3R	21626851	21645516	-1	25
2R	14410419	14410725	-1	25
2L	10258174	10258235	-1	25
2L	20343948	20344655	1	25
3R	12432002	12432067	1	25
3R	15970093	15970155	-1	25
2R	9580748	9580818	1	25
2R	21278576	21278692	1	25
3R	25887232	25887298	1	25
3R	27261944	27262116	-1	25
3L	20839341	20839398	-1	25
3R	10851489	10851541	1	25
3R	8823302	8823353	-1	25
3L	19996969	19997031	1	25
3R	30593421	30593489	-1	25
2R	20977246	20977317	1	25
3R	8000504	8000586	1	25
2R	24785684	24785736	-1	25
3R	8006149	8006217	-1	25
3R	11621454	11621515	1	25
3R	8390011	8391287	-1	25
X	19334525	19340503	-1	25
3R	24109589	24109656	1	25
X	21061918	21062348	1	25
3R	28324878	28325489	-1	25
3R	23983916	23984440	1	25
2L	20576270	20583686	1	25
2L	21701181	21701764	1	25
3R	15363098	15363152	-1	25
3L	5909597	5909664	1	25
X	12475998	12476153	1	25
X	3478550	3478611	-1	25
2L	10482787	10482845	1	25
X	7893417	7893750	-1	25
2L	15037986	15038054	-1	24
2R	24025368	24025432	1	24
3L	10638701	10639215	1	24
3R	4486689	4486821	1	24
2R	15993130	15993187	1	24
2L	9245713	9245777	1	24
2L	7100208	7100278	-1	24
2L	21633306	21633374	1	24
3L	23329399	23329886	-1	24
2L	10264265	10264552	1	24
X	8517421	8531697	1	24
2R	9059549	9059853	-1	24
X	8688903	8688962	-1	24
2L	8383271	8383335	1	24
3L	4090143	4090273	1	24
4	1050393	1050455	-1	24
2R	21692375	21692432	1	24
X	18039731	18040202	-1	24
X	15929592	15929658	-1	24
3L	4405616	4405785	-1	24
3R	31134669	31137402	1	24
3R	10891392	10891514	-1	24
X	12652864	12652947	1	24
2R	5647825	5652499	-1	24
2R	7990868	7990928	1	24
2R	18430022	18430081	1	24
3L	3515935	3516529	1	24
3L	23093879	23094680	-1	24
2L	2136645	2136731	1	24
3R	6008307	6008551	-1	24
2L	228282	230538	-1	24
3L	19542469	19542535	-1	24
2L	13462216	13462354	1	24
X	1412035	1413418	1	24
X	8060159	8060917	-1	24
2L	9685203	9696191	-1	24
2L	18120073	18123349	1	24
3R	11994756	11994964	-1	24
2L	1014485	1014550	-1	24
2R	16428533	16428729	1	24
X	8408447	8408519	-1	24
3L	3148688	3149628	1	24
3L	21879942	21907346	1	24
2R	12639771	12639830	1	24
2R	10105068	10105702	1	24
3L	3943295	3943347	1	24
X	11579125	11579352	1	24
3L	23319178	23319234	-1	24
2R	8963721	8963777	-1	24
3R	31750587	31750645	1	24
2L	10178478	10179437	-1	24
3R	27662498	27663187	1	24
2L	21662632	21662689	1	24
2L	17226474	17251509	-1	24
X	5836891	5836975	1	23
3R	15965020	15965074	-1	23
X	15805178	15805558	1	23
3R	9418001	9439346	1	23
3L	750228	752272	1	23
3R	21223195	21223257	-1	23
2L	2877390	2877611	-1	23
3L	13873015	13873072	-1	23
2L	3516678	3516736	1	23
3R	29597474	29598164	1	23
2L	17485229	17485302	1	23
X	571353	571427	1	23
X	19618188	19618250	-1	23
X	11681115	11681718	1	23
3R	30180455	30180509	1	23
3L	11692567	11692618	1	23
3R	19242824	19242888	-1	23
X	15919687	15919741	1	23
3R	16442349	16442403	-1	23
3R	10973350	10992905	1	23
2L	292661	292717	1	23
2L	18387318	18392245	1	23
3R	16447135	16450967	-1	23
3R	27156270	27156340	1	23
2R	15180711	15188756	1	23
X	1668745	1668808	-1	23
2R	24785261	24785312	1	23
X	6600511	6605180	1	23
3R	28084617	28085426	1	23
3L	8415458	8415527	1	23
3R	21645544	21660216	-1	23
2R	14622767	14622945	1	23
X	3664490	3664561	1	23
3R	12446562	12446623	1	23
2R	17548963	17549069	1	23
2L	2581839	2581898	-1	23
X	23281236	23433722	-1	23
3R	20559837	20559898	-1	23
3R	19200707	19200778	1	23
4	478084	478538	-1	23
X	10229508	10229583	1	23
3R	18355934	18360518	-1	23
2L	337199	337938	1	23
3L	9749767	9750053	-1	23
3R	6407775	6436725	1	23
3L	16844139	16844207	1	23
2R	16859001	16859061	1	23
3L	1568310	1568418	-1	23
2R	9885513	9885573	-1	23
2R	10091997	10093144	1	23
3R	10324410	10324466	-1	23
3L	9415467	9417652	-1	23
2L	19031242	19031293	-1	23
3L	18955116	18955208	1	23
2L	9890323	9890386	-1	23
3L	21424657	21424718	-1	23
3L	17074277	17074353	-1	23
2R	10116658	10116737	1	23
2R	18431358	18431416	-1	23
2L	5068228	5068296	1	23
X	17950765	17951192	-1	23
mitochondrion_genome	13023	13161	-1	23
2L	4031556	4032423	1	23
3L	4379581	4379931	-1	23
2L	310606	317743	1	23
2L	10254326	10254385	1	23
2L	1170957	1171030	-1	22
X	4450802	4450877	1	22
X	6223512	6223585	-1	22
X	6524795	6524866	1	22
3L	5607466	5607552	-1	22
2R	8910585	8910644	1	22
4	1127416	1128489	1	22
3L	8523898	8523953	-1	22
3L	1658047	1658119	-1	22
4	155148	155765	-1	22
2R	19217845	19218131	1	22
2R	14944059	14944139	1	22
2R	17703065	17703244	1	22
2L	5759363	5759429	1	22
2L	16887678	16887793	-1	22
2L	10275630	10275697	-1	22
2R	12655224	12655284	1	22
2L	21140157	21140217	-1	22
3L	21213492	21213844	1	22
2L	13908789	13908856	1	22
2L	9967878	9967939	1	22
3R	12435203	12435262	1	22
3R	25043823	25043881	-1	22
2R	23922857	23922922	1	22
X	4114930	4115002	-1	22
2L	7059199	7060966	1	22
X	5086202	5089404	1	22
3R	10159332	10159396	-1	22
2R	5360966	5361019	-1	22
3L	4579520	4580077	1	22
3R	25044290	25044526	-1	22
4	892950	893505	-1	22
4	93274	94423	1	22
3R	11818138	11818573	-1	22
2R	18821284	18821493	1	22
X	13047014	13047862	1	22
X	10407301	10407366	1	22
2R	9289300	9289361	-1	22
2R	24037141	24037201	-1	22
3R	5294856	5295641	-1	22
3R	5294235	5294306	-1	22
X	21054743	21060492	1	22
3L	22269727	22269789	1	22
2R	12612852	12613567	1	22
3L	19923895	19923982	1	22
2L	7184204	7184608	1	22
2L	22124217	22124782	1	22
3L	9415297	9415408	-1	22
3L	21421528	21424454	-1	22
4	624664	624772	-1	22
2R	19435550	19435608	-1	22
2L	14217070	14222017	-1	22
X	15084563	15084626	-1	22
2L	228282	229173	-1	22
2R	18688742	18692041	1	22
3R	11013429	11019668	1	22
2R	13453031	13453089	1	22
2L	20754751	20754809	-1	22
2L	13967695	13967751	-1	22
3L	20522820	20523203	-1	22
3L	6096152	6096206	1	22
2R	12436439	12436514	1	22
2R	18438276	18439735	-1	22
3L	327080	327135	-1	22
2R	16762697	16762753	-1	22
2L	16545439	16557879	1	22
2L	14209118	14217027	-1	22
2R	13827410	13829640	1	22
2R	6810340	6810399	-1	22
3L	23095306	23095437	-1	22
2R	7443376	7443443	1	22
3L	10589517	10590327	1	22
3R	9402774	9402843	-1	22
3L	277756	278178	1	22
3R	28813815	28813881	1	22
2R	24966154	24967051	-1	22
3R	11736444	11736503	1	22
X	1016709	1026514	-1	22
X	15758318	15760125	-1	21
2L	17476618	17476693	-1	21
2L	413655	414443	-1	21
2R	14231100	14231160	-1	21
X	8097074	8097162	-1	21
3R	24137204	24137276	1	21
2L	251465	251527	-1	21
2L	14222082	14233648	-1	21
3R	14572362	14572423	-1	21
3R	3864561	3864613	1	21
3R	22792600	22792658	1	21
4	184796	185827	-1	21
X	10629361	10630189	1	21
2L	17409300	17409359	1	21
3L	5424288	5429163	1	21
3L	13023526	13023732	1	21
2L	7455137	7455201	-1	21
3R	5416899	5437136	1	21
2L	8492803	8492967	-1	21
2R	25077307	25077370	-1	21
X	20917474	20923272	-1	21
3R	16636811	16636986	1	21
3R	25130789	25130847	1	21
2R	13827038	13829640	1	21
3R	4292073	4295120	1	21
3R	19413107	19415633	1	21
2R	10805728	10808740	-1	21
3L	16966359	16967382	1	21
2L	3025192	3025257	1	21
3R	28341460	28342185	1	21
4	783246	783302	-1	21
3L	236075	236139	-1	21
2L	11165679	11165745	-1	21
2R	5362568	5362628	-1	21
3R	16052960	16053024	1	21
3L	7312231	7312942	-1	21
3R	13647201	13647383	1	21
2L	824138	824191	1	21
2L	19008544	19008724	-1	21
3L	5424276	5429163	1	21
3R	21354695	21354974	-1	21
2R	7957960	7958018	1	21
2L	11984663	11984725	-1	21
3L	24030858	24035432	1	21
2R	13955045	13955215	1	21
3R	20978249	20978386	1	21
2R	15453009	15456435	1	21
2R	7702884	7702941	1	21
2R	6809512	6809570	-1	21
2L	2793909	2798486	-1	21
2R	10515659	10515835	-1	21
2R	23975084	23975140	1	21
X	482434	482518	1	21
2L	2772654	2779183	-1	21
4	1015353	1015425	-1	21
X	12566837	12568289	-1	21
X	12633958	12635732	1	21
2L	11076865	11076927	-1	21
X	15894767	15894835	1	21
2R	14672386	14672654	-1	21
3L	7424157	7445167	1	21
3R	17070776	17070845	-1	21
3L	12137092	12137159	1	21
2L	159824	162592	1	21
2L	10438697	10438756	1	21
2R	21128955	21129013	1	21
2L	6790743	6790799	-1	21
X	1681756	1681808	-1	21
3L	19896848	19896912	-1	21
3R	24059004	24059062	1	21
3L	7639960	7640016	-1	21
3R	23984148	23984440	1	21
4	1121623	1123223	-1	21
3R	21309616	21309894	1	21
4	204793	205741	-1	21
X	16447963	16448031	-1	21
X	11794166	11794819	1	21
3R	10108912	10108976	-1	21
3L	4379597	4379931	-1	20
4	954864	954921	-1	20
2L	6426906	6445114	-1	20
2L	10313241	10313306	-1	20
3L	21025549	21026130	-1	20
2L	21615041	21615103	-1	20
3L	9806573	9807720	1	20
3R	23557874	23567515	1	20
3R	21128494	21128552	1	20
2R	8165049	8165107	1	20
X	15572446	15572510	-1	20
3R	23983734	23984290	1	20
2L	10766276	10766391	-1	20
2L	13462276	13483447	1	20
3R	4735804	4737023	-1	20
3R	8649048	8649279	-1	20
3L	20001437	20001850	1	20
3R	7269130	7269193	1	20
X	4115215	4115320	-1	20
3L	9155311	9157941	-1	20
3L	17654901	17655218	1	20
2R	10104831	10104941	1	20
X	17945349	17949921	-1	20
2L	17650506	17650983	-1	20
2R	14298214	14298375	1	20
3R	15344351	15344413	-1	20
3L	9665700	9667702	-1	20
X	15466477	15466543	1	20
2R	6754982	6755045	1	20
3R	25431982	25472482	-1	20
X	12868410	12869435	-1	20
4	320045	328167	-1	20
2L	1012730	1012913	-1	20
X	6808342	6808812	1	20
2L	19007978	19008033	1	20
3L	5900609	5900673	1	20
2R	20671859	20672119	1	20
3L	20004364	20004417	1	20
3R	9828796	9864969	-1	20
3L	967538	972244	1	20
X	13813806	13813875	-1	20
4	885892	898393	-1	20
2R	13901573	13901687	-1	20
4	320045	328167	1	20
3L	1564281	1568197	-1	20
X	19600562	19600636	-1	20
3L	9411744	9411817	1	20
2L	10966622	10968134	-1	20
3R	30176586	30176643	-1	20
3R	11239434	11239511	1	20
3R	11217696	11217752	1	20
2L	13971682	13971741	1	20
2R	9235576	9246765	-1	20
3L	11629599	11630467	1	20
X	8041045	8041111	-1	20
3R	19454266	19457120	1	20
3R	5782022	5785113	-1	20
2L	16705790	16715771	-1	20
3L	20023393	20023451	1	20
3L	7656204	7656375	-1	20
2L	8083458	8089185	1	20
3R	22174728	22232640	1	20
3R	8673310	8673378	1	20
2L	21380479	21382019	1	20
X	5792614	5792725	1	20
3L	19804233	19804288	-1	20
3R	17475006	17475080	-1	20
3R	29245319	29245383	-1	20
3R	28325820	28333709	-1	20
3R	22142224	22149367	1	20
3R	26879837	26880085	1	20
2L	9916981	9917040	1	20
X	1774223	1775699	1	20
2L	13979075	13979216	1	20
3R	10224043	10224151	-1	20
2R	17702126	17702315	1	20
3L	5162632	5162967	-1	20
2L	12429741	12429798	1	20
2L	1170554	1170611	1	20
3R	1467259	1588295	1	20
3R	24110275	24110333	-1	20
3L	21215502	21215576	1	20
3R	4330249	4331547	-1	20
4	133236	133588	1	20
3L	299017	300895	1	20
2R	10810192	10810251	1	20
2R	24871646	24871709	-1	20
2R	5184661	5185575	-1	20
3L	21614013	21614065	-1	20
2L	155430	155567	1	19
X	16601199	16601376	1	19
3R	31741833	31741910	1	19
2R	15324148	15324202	1	19
4	94616	97822	1	19
2L	8210474	8210550	-1	19
2R	16099020	16099079	1	19
2L	2793271	2793328	-1	19
X	15758318	15760240	-1	19
2R	17008786	17008846	-1	19
2L	1047023	1047956	-1	19
2R	10094144	10094203	1	19
3L	25109910	25109964	1	19
X	13831101	13831168	-1	19
3R	10255430	10260818	-1	19
3R	5892772	5892851	-1	19
3L	6169928	6170117	-1	19
3R	28325820	28326054	-1	19
2L	8088454	8089185	1	19
2L	10256507	10256910	-1	19
3L	1196656	1196937	1	19
3R	17795914	17795995	1	19
3R	11628237	11628295	1	19
X	11970667	11971459	-1	19
3R	23983933	23984305	1	19
3L	23207020	23210852	1	19
2R	16865330	16865394	-1	19
3R	20299011	20299081	1	19
2L	16742443	16742626	-1	19
2L	9938511	9938565	-1	19
X	11579400	11579453	1	19
X	20509468	20510519	-1	19
2R	23992859	23992928	-1	19
2L	21222618	21222678	1	19
2L	19145845	19166085	1	19
X	19741166	19744262	-1	19
3R	22134452	22142174	1	19
3R	23983810	23984305	1	19
4	1175124	1181048	-1	19
4	395323	395649	-1	19
2R	16088366	16088452	-1	19
2R	12092669	12092747	-1	19
2R	12590340	12590439	1	19
2R	13225625	13225691	1	19
2R	16924787	16926346	1	19
3R	9439706	9440681	1	19
X	12522727	12523518	-1	19
2L	20925175	20925264	-1	19
2L	19179984	19180042	-1	19
3L	5668142	5668691	1	19
2R	24970418	24970470	1	19
X	6732868	6735631	1	19
2R	18634942	18636143	-1	19
X	4915523	4915586	-1	19
2R	17867560	17868287	-1	19
3R	20792556	20795139	1	19
2L	6655014	6655070	-1	19
X	19494837	19494900	-1	19
2R	9959392	9959444	-1	19
3R	20438136	20449445	-1	19
X	19198144	19198231	-1	19
3L	4188775	4189676	1	19
3R	13666249	13666419	1	19
2L	16173824	16174057	1	19
X	15735175	15735247	1	19
3R	6532052	6532636	-1	19
4	137168	137223	1	19
2R	7390622	7390680	1	19
2R	14619171	14619234	1	19
3L	8622359	8622411	-1	19
2L	17590812	17590872	1	19
3R	5355943	5356003	1	19
3R	4950405	4950467	-1	19
3R	16552467	16556227	1	19
3R	14734419	14737420	-1	19
2R	18167722	18167773	1	19
3L	23100358	23102122	1	19
3R	8653478	8653546	1	19
2R	1113726	1120625	1	19
X	9164335	9165682	1	19
3L	20313885	20314608	-1	19
2R	6810136	6810201	-1	19
3L	25961541	25969034	-1	19
2R	6877123	6877221	-1	19
2L	10337597	10338019	1	19
2L	10404755	10404829	-1	19
2R	22995000	22995324	-1	19
X	14324859	14355463	1	19
4	537761	538538	1	19
2L	6063231	6063283	1	19
3L	11683408	11683476	1	19
3L	6590836	6590894	1	19
2L	10965720	10965792	-1	19
2L	823570	823637	1	19
X	6327731	6327797	1	19
2R	16764375	16765833	-1	19
X	11475858	11475919	1	19
X	15297937	15305829	1	19
X	15733554	15733711	-1	19
X	10782096	10782173	-1	19
3R	13662232	13662297	1	19
2L	14600876	14601687	-1	19
3L	21195131	21195186	-1	19
3L	291398	298959	1	19
3R	8823070	8823268	-1	19
3R	13663052	13663455	1	19
2L	2772654	2779189	-1	19
2R	24892549	24894084	1	19
X	15755993	15756079	-1	19
2R	24785684	24785742	-1	19
2L	8041699	8041759	1	19
X	16289159	16289226	1	19
3L	11062390	11062456	-1	19
X	6111824	6111928	-1	18
X	10765803	10767981	-1	18
3R	4735558	4735642	-1	18
X	20923611	20924978	-1	18
2R	17548535	17548886	1	18
3R	19852641	19853548	1	18
3L	17434457	17436324	1	18
3L	9720566	9720626	-1	18
3R	25679159	25679214	1	18
2R	23061782	23061847	-1	18
3R	7901745	7901810	-1	18
3L	9508134	9508220	-1	18
3R	18679353	18679407	1	18
X	22740621	22764988	1	18
X	5672876	5672998	1	18
2R	11380794	11381573	-1	18
3L	27147696	27156010	1	18
3R	19908610	19910893	1	18
3L	8047448	8047507	1	18
3R	12933835	12934395	1	18
2L	101620	101876	1	18
2R	17591964	17592028	-1	18
2L	19513252	19513309	-1	18
2L	3869804	3869873	1	18
3R	9332868	9332930	-1	18
2L	6067236	6067289	1	18
3L	709024	709080	-1	18
X	3720514	3721376	1	18
X	8408779	8409663	-1	18
2R	10461444	10461513	1	18
X	20427740	20427800	-1	18
3R	24192318	24192377	-1	18
2R	16765642	16765833	-1	18
3L	508800	514612	-1	18
2R	6833688	6833755	1	18
3L	23748061	23748140	1	18
3R	21115102	21115251	1	18
3L	19999744	19999936	-1	18
2R	926673	926735	-1	18
3R	31413146	31418293	1	18
2R	13580547	13580844	-1	18
3R	12984048	12984111	1	18
3L	16125784	16125846	1	18
2R	12639991	12640052	1	18
2L	1501037	1501097	-1	18
2L	10438443	10438591	1	18
2R	20320689	20321678	1	18
2L	6730540	6730599	1	18
3L	250614	250671	-1	18
2R	9115661	9115719	1	18
X	2671546	2671629	1	18
3L	9048957	9049152	-1	18
3R	29115687	29115748	1	18
2R	24891838	24892284	1	18
3R	18283358	18283415	-1	18
2R	6692237	6692293	1	18
3R	5607849	5607953	-1	18
3R	23249964	23250023	-1	18
2L	2960987	2961218	1	18
2L	4874170	4874887	1	18
X	8174999	8175069	-1	18
X	14227496	14227566	1	18
3L	27083594	27083737	-1	18
3L	226257	230767	1	18
2R	24063574	24064734	1	18
3L	8112715	8113012	1	18
3R	8340772	8340913	-1	18
3L	18798856	18800108	-1	18
4	472678	473147	-1	18
2R	1266053	1266192	1	18
2L	16342752	16342822	-1	18
3R	8008501	8008552	-1	18
2R	14276429	14277281	1	18
3L	17236063	17237832	-1	18
3R	25984220	25984275	1	18
3R	13661433	13661702	1	18
X	5319583	5319654	-1	18
2R	11370714	11370773	-1	18
2L	306390	317743	1	18
2R	13221377	13221440	-1	18
X	11154666	11155034	1	18
3L	21573308	21573368	1	18
2L	17251616	17260350	-1	18
3L	15976042	15976099	1	18
4	1245928	1245990	1	18
3L	12851154	12852427	1	18
3R	23983911	23984433	1	18
3L	20000061	20000121	-1	18
3R	8718372	8719804	1	18
4	446752	446821	1	18
3R	18972920	18972982	1	18
3R	13261771	13262038	1	18
4	190062	193673	-1	18
X	12652125	12652241	1	18
3R	31959128	31975448	-1	18
3L	1666035	1666090	1	17
2L	13831884	13831938	-1	17
2L	12040380	12040438	1	17
2R	6214752	6233266	1	17
2L	2057136	2057673	1	17
3L	7312231	7312740	-1	17
2L	3706792	3706922	-1	17
2L	7034274	7034484	1	17
X	15317515	15317589	-1	17
2R	22873637	22873828	1	17
2L	8161428	8161493	1	17
X	10846428	10846492	-1	17
3R	25518473	25519261	1	17
4	263341	264352	1	17
X	16527971	16533059	-1	17
3R	21307584	21307862	1	17
3L	6634661	6634728	1	17
2R	24577300	24577366	1	17
3L	7778737	7778798	-1	17
2R	24383620	24383924	-1	17
2L	566439	566498	-1	17
2R	12885312	12886369	1	17
2L	5211062	5211191	1	17
2R	1265294	1266192	1	17
X	13379371	13379433	1	17
3R	23255624	23255701	-1	17
3R	21306707	21307541	1	17
2R	5979638	5980043	-1	17
2R	1075217	1076436	1	17
2L	1139764	1139829	1	17
2R	19564513	19574003	-1	17
2R	23845941	23846128	1	17
X	15991383	15991822	-1	17
3L	22914300	22923362	1	17
3R	18907021	18907200	1	17
3R	20797854	20798315	1	17
X	19741169	19744262	-1	17
X	5662330	5662823	-1	17
2L	10832097	10837280	-1	17
2R	3901331	3918151	-1	17
2L	2095178	2109819	-1	17
2R	13942751	13942807	-1	17
4	549874	550754	-1	17
3L	14628405	14628463	-1	17
3L	11196876	11197239	-1	17
3R	19761035	19763598	1	17
2R	4600088	4606764	1	17
X	10259489	10261255	-1	17
3L	4575759	4577917	1	17
2R	9585672	9585731	1	17
2L	8942453	8942509	-1	17
X	8691552	8691611	1	17
3L	6739826	6739896	-1	17
X	15403629	15410832	-1	17
3R	9269884	9269944	1	17
2R	21399314	21412311	-1	17
2R	24775801	24775859	-1	17
3L	9353830	9353888	-1	17
X	20235435	20235509	-1	17
3L	13016165	13016357	1	17
X	14582694	14582757	-1	17
2R	22410397	22410539	-1	17
2R	13456253	13456316	-1	17
2L	3467067	3467133	1	17
X	21383384	21383450	1	17
3R	19653564	19653625	-1	17
3R	30800964	30806288	-1	17
3R	21302840	21309455	1	17
3L	19836046	19836121	1	17
4	1230421	1230502	-1	17
2R	8930381	8930434	1	17
2L	17476097	17476159	-1	17
X	17701166	17701306	-1	17
X	13662687	13662755	1	17
3R	23983728	23984303	1	17
3L	2253987	2256606	1	17
2L	6917163	6917341	-1	17
3R	13691299	13691635	1	17
2R	22414510	22414570	-1	17
2L	5985221	5985343	1	17
3L	9123777	9125167	-1	17
3R	6407092	6407478	1	17
2R	24058692	24058932	1	17
3R	28083623	28084463	1	17
3L	12747204	12747275	-1	17
2R	2053292	2053345	-1	17
2L	8000033	8000108	-1	17
2L	1014717	1014777	-1	17
3L	15813354	15813419	-1	17
2R	8953030	8953103	1	17
3R	30004158	30004304	-1	17
2R	5198107	5198468	-1	17
2R	495330	495604	1	17
X	9355179	9355987	-1	17
3L	2697927	2711352	-1	17
4	120213	120858	-1	17
3L	17436378	17436513	1	17
3R	15934315	15934375	1	17
X	5085890	5089342	1	17
X	8283158	8285016	-1	17
3L	18086962	18087125	-1	17
3L	27420842	27441599	1	17
X	531877	560606	1	17
3R	5274083	5274149	-1	17
2R	24762973	24763033	-1	17
2R	6832932	6833615	1	17
X	11579125	11579349	1	16
3L	6505120	6523030	1	16
2R	24385049	24389594	-1	16
3L	19927270	19927571	-1	16
X	15402956	15410832	-1	16
2R	7815717	7822136	-1	16
2L	3758677	3758738	1	16
X	16527975	16533059	-1	16
X	16389328	16389396	-1	16
4	1128656	1129435	1	16
3L	8047601	8049869	1	16
3L	17037256	17037320	-1	16
3R	10045060	10045126	-1	16
3L	10506564	10519612	1	16
3R	17668996	17669056	1	16
X	11622358	11623753	1	16
3R	24572576	24576464	-1	16
3R	27952925	27952993	-1	16
3L	12852522	12852616	1	16
X	5792630	5792709	1	16
2R	5979638	5979701	-1	16
3R	19459735	19459801	1	16
3L	13638566	13664419	-1	16
X	11612105	11612176	1	16
X	16686770	16694043	-1	16
3R	23748681	23748745	1	16
2R	24664680	24664854	1	16
3L	3600226	3600312	1	16
2L	2214885	2215014	1	16
2L	2783275	2785539	-1	16
X	19741203	19744262	-1	16
X	17822560	17822625	-1	16
2R	9399869	9399948	-1	16
3L	6197558	6197614	1	16
2R	15540641	15540700	-1	16
2L	8162238	8162311	-1	16
X	12989240	13030757	1	16
3L	1198231	1198299	1	16
X	3952042	3952108	1	16
X	3481370	3482026	-1	16
3R	20736930	20736985	1	16
3R	30005422	30009678	1	16
2L	21122390	21124135	1	16
4	478869	480035	-1	16
4	1246197	1247102	1	16
3L	11196876	11197505	-1	16
4	613796	613937	1	16
3R	9042785	9042852	-1	16
X	13733442	13733496	-1	16
4	137333	137391	1	16
3L	226247	230767	1	16
2L	21097279	21098584	1	16
3L	6755124	6755420	-1	16
3R	30177390	30177454	1	16
3R	32049870	32051269	-1	16
2R	5090642	5091872	1	16
X	12476269	12476337	1	16
2R	10569253	10569821	1	16
3R	21777314	21777378	-1	16
2R	19423798	19424823	-1	16
3R	9295744	9326688	-1	16
3R	11416664	11416720	-1	16
2R	22885244	22885297	-1	16
X	13986075	13990470	-1	16
X	15752334	15752393	-1	16
2R	23061595	23061683	-1	16
3L	15851899	15852139	-1	16
2R	14865059	14865172	-1	16
X	16294314	16294388	-1	16
3R	14902891	14903212	-1	16
2R	4236178	4236237	-1	16
X	20426908	20426965	-1	16
X	6269245	6269314	1	16
2R	12633746	12633807	1	16
2R	14617361	14617428	-1	16
4	871847	871912	-1	16
3L	7913998	7914059	-1	16
3L	12705327	12707375	1	16
3R	14879761	14879832	1	16
3R	17811805	17813531	1	16
4	472521	472578	-1	16
3R	3735167	3735269	1	16
3R	9256528	9256587	1	16
3L	3718473	3718638	-1	16
3L	17544002	17544060	1	16
3L	9459117	9459183	1	16
X	18039731	18040213	-1	16
2L	6110225	6113030	1	16
3L	20715684	20716799	-1	16
3R	23249683	23249741	-1	16
3R	23996706	23996766	1	16
3L	9130079	9130555	-1	16
2R	16986755	16994160	1	16
2R	17276064	17351094	1	16
2L	3723765	3724884	1	16
3R	29855044	29855953	-1	16
3R	9567557	9567611	1	16
2L	14601799	14601851	-1	16
3R	9361866	9362053	1	16
3R	31617460	31617522	1	16
3R	23983928	23984369	1	16
X	571001	571134	1	16
3L	8961457	8961517	-1	16
4	1245684	1245752	1	16
X	13085752	13085825	-1	16
2R	23923030	23924416	1	16
3L	4090503	4090729	1	16
2R	14253289	14253352	-1	16
3L	9858064	9858338	-1	16
X	17952774	17952988	-1	16
3L	18887747	18890190	-1	16
2R	24727160	24736614	-1	16
3R	20252822	20253627	1	16
X	9684152	9685503	-1	16
4	355226	355310	-1	16
2L	3466417	3466787	1	16
3R	6382270	6382328	1	16
3L	9553537	9575651	1	16
3L	7163879	7164350	-1	16
4	996750	997707	1	16
3R	25397563	25417938	-1	16
2L	2372771	2372830	-1	16
2R	14253493	14253553	-1	16
4	121800	121853	-1	16
3L	4554693	4554755	-1	16
3L	322829	322893	-1	16
3R	15799263	15799376	1	16
2L	6678225	6679986	-1	16
2L	9727257	9732955	-1	16
3L	8265985	8266347	1	16
3R	23973555	23976166	1	16
X	2250581	2250647	-1	16
2R	11967780	11967837	-1	16
2L	20064573	20064625	-1	16
X	8410690	8418351	1	16
X	15936249	15936319	-1	16
3R	10853397	10853452	1	16
2R	10146162	10146229	-1	16
3R	12462177	12462235	1	16
3R	29594164	29594227	1	16
3R	24818439	24818586	1	16
2R	8119469	8119548	-1	16
2R	24891838	24892217	1	16
3R	17890596	17890661	-1	16
3L	3743773	3745828	-1	16
3R	23983979	23984283	1	16
2L	10225433	10225504	-1	16
3R	24128440	24128499	-1	15
4	478739	478800	-1	15
X	15851197	15851585	-1	15
2R	2857142	2862878	1	15
3L	3899544	3899771	-1	15
2R	7666947	7667004	1	15
2L	10399536	10399595	1	15
2R	17008537	17008597	-1	15
2R	21060123	21060180	-1	15
2L	851660	851718	-1	15
2R	20645369	20645428	1	15
2R	1072440	1076635	1	15
3R	24555963	24556236	1	15
3R	13049642	13049711	-1	15
X	11062464	11062677	-1	15
2L	10229956	10231283	-1	15
2L	21356683	21356740	1	15
X	5788048	5788211	1	15
3L	13023394	13023483	1	15
3R	23983906	23984428	1	15
3R	20823868	20823935	-1	15
3R	16573691	16573755	-1	15
3L	19816662	19816720	-1	15
2L	11590794	11606514	1	15
2R	3182520	3190619	1	15
4	281988	282436	-1	15
X	14322916	14355463	1	15
2L	2579956	2580015	-1	15
3L	12336847	12336910	1	15
2R	8615250	8615903	1	15
3L	3959897	3961572	-1	15
X	15933080	15933143	-1	15
3L	6943007	6944432	1	15
3R	9789882	9789954	-1	15
2L	7384992	7385050	-1	15
3L	9411983	9412155	1	15
2L	13462201	13483428	1	15
X	19887414	19899012	1	15
3L	998292	998351	-1	15
2R	9351174	9351441	-1	15
2L	17476362	17476417	-1	15
3R	15792974	15793042	1	15
X	16361047	16361114	1	15
2R	15216879	15216942	1	15
3R	26843263	26843445	-1	15
4	1075737	1075792	1	15
3L	5760931	5760985	1	15
3R	15300181	15300747	1	15
3R	23983903	23984359	1	15
2R	19023684	19023862	-1	15
3R	24838198	24839313	1	15
2L	10178478	10180107	-1	15
3L	17236063	17237824	-1	15
X	15930059	15930117	-1	15
X	18354995	18355921	-1	15
4	452745	452803	1	15
4	1131959	1133875	1	15
2L	8364316	8364541	-1	15
X	6483924	6484001	-1	15
3L	7385275	7385337	1	15
2L	8429463	8430281	1	15
3R	4737128	4737181	-1	15
2R	17456574	17456637	1	15
2L	15094233	15094679	1	15
2L	12040203	12040265	-1	15
3R	30133449	30133510	-1	15
2L	15029732	15029790	1	15
X	13586093	13589922	1	15
4	65522	66000	-1	15
3L	18747719	18747776	-1	15
2R	16952054	16952152	1	15
2L	2752841	2753372	1	15
X	16070869	16071035	-1	15
3R	23983935	23984306	1	15
X	2634026	2634827	1	15
2R	24891920	24892284	1	15
2R	23865774	23866187	1	15
2L	10358438	10358502	-1	15
3R	31749522	31749581	1	15
X	1470340	1470402	1	15
2R	16608335	16618804	1	15
2R	10445625	10448199	1	15
X	4349588	4349653	1	15
X	4539604	4539664	-1	15
2R	21087413	21087781	1	15
2L	21174976	21175033	-1	15
2L	12693657	12693720	1	15
X	10309666	10318418	-1	15
3R	9568955	9569011	1	15
2R	8867534	8867598	1	15
3L	3379797	3379864	1	15
2L	11128734	11128807	1	15
X	17962252	17966348	-1	15
3R	20029832	20029891	-1	15
3R	17477059	17477545	-1	15
3R	20749659	20749741	1	15
2R	15527718	15531135	-1	15
3L	9091821	9091882	1	15
3R	31748087	31749207	1	15
3L	12771142	12771206	-1	15
3R	6566883	6592875	-1	15
3R	8562316	8562412	-1	15
3L	25978151	26013543	-1	15
2R	23929432	23929500	-1	15
3R	21303053	21303331	1	15
3R	12462803	12462856	-1	15
3L	11250641	11251739	-1	15
X	11162455	11162516	1	15
2L	1103821	1103879	-1	15
2L	10007342	10007414	1	15
4	882724	882961	-1	15
2L	9437960	9447018	1	15
3R	18661249	18661312	-1	15
3L	22749993	22777111	1	15
X	10328073	10328412	1	15
X	14581675	14581749	1	15
2L	475852	475916	1	15
3R	21021305	21021405	-1	15
2L	15274391	15274620	-1	15
3L	7640207	7640270	-1	15
X	6146220	6164474	-1	15
3R	31219049	31219536	-1	15
4	583864	583936	1	15
X	15901917	15901978	1	15
3L	27293272	27331994	1	15
2R	10049645	10049701	1	15
2L	16602086	16603824	1	15
X	15895592	15895662	1	15
2L	2886579	2889674	1	15
2R	5307653	5316269	1	15
X	18186502	18192331	1	15
2L	3905588	3910989	-1	15
3L	20023983	20024156	1	15
2R	10648423	10648481	1	15
2L	18122589	18123349	1	15
3R	8724383	8724451	1	15
2L	4032770	4046469	1	15
3R	18180002	18180066	-1	15
4	475105	476963	-1	15
2L	4308860	4314202	1	15
X	13773754	13773806	1	15
2L	6122854	6122978	1	15
3R	23074002	23075015	-1	15
X	5648178	5648420	-1	15
2L	10256507	10257778	-1	15
X	11795187	11799993	1	14
3L	13047172	13047235	1	14
4	501858	503851	1	14
3R	5652798	5653175	-1	14
3R	23996280	23997112	1	14
X	8681829	8686695	1	14
2R	16778685	16778740	1	14
3L	19572080	19572291	-1	14
2R	9864821	9864896	-1	14
X	15828650	15828716	-1	14
X	5176267	5177567	1	14
2L	7033019	7034199	1	14
2L	19046143	19046207	1	14
3R	11237341	11237400	1	14
X	4203487	4205900	-1	14
X	3708919	3709836	-1	14
2L	19134277	19145794	1	14
X	19576396	19576695	-1	14
X	17642700	17642778	-1	14
3R	31945659	31959035	-1	14
3R	18730257	18730323	1	14
X	4349713	4353467	1	14
2R	17217076	17275410	1	14
2R	7244540	7244611	1	14
X	6760347	6760414	1	14
3L	16064318	16066023	1	14
2R	9510655	9510832	1	14
X	1930593	1938110	1	14
3R	21117545	21117596	1	14
X	5096327	5103832	1	14
2R	11305812	11305872	-1	14
3R	22479454	22479530	1	14
X	928328	928384	1	14
3L	9171091	9177094	-1	14
X	5479156	5480833	1	14
X	273393	273470	-1	14
2R	19485921	19485983	-1	14
2L	21666378	21668106	-1	14
4	1226445	1226505	-1	14
2R	6081035	6081736	-1	14
2R	21511061	21511123	1	14
4	916268	916867	-1	14
2R	5149157	5152789	1	14
2L	10341766	10341822	1	14
2L	17739714	17751939	-1	14
3R	14882805	14882897	-1	14
2R	18958436	18958593	1	14
X	5837115	5837206	1	14
2R	22073905	22073967	-1	14
4	1004619	1005807	1	14
4	515632	521473	1	14
X	7009664	7009774	-1	14
4	1230421	1230649	-1	14
3L	17729874	17730189	1	14
3L	24927164	24927236	1	14
3R	28340739	28341372	1	14
2R	9351174	9351462	-1	14
2R	8119255	8119323	-1	14
4	215268	215330	-1	14
3L	4540654	4540713	-1	14
4	1120048	1120106	-1	14
3R	14889410	14889470	-1	14
2R	5328029	5329010	1	14
3L	21540083	21540153	1	14
3R	27568592	27582002	-1	14
3R	24674882	24675167	1	14
3L	9151113	9151248	-1	14
3L	21014965	21023393	-1	14
3R	22149423	22173932	1	14
3L	21306199	21315303	-1	14
2R	10033704	10033757	1	14
2R	16327161	16333034	-1	14
3R	25993485	25993665	1	14
2R	20313862	20316451	-1	14
X	7281750	7281823	-1	14
3R	23076977	23081349	-1	14
2L	21661201	21661348	1	14
3R	4750887	4750949	1	14
X	5082240	5084573	-1	14
3L	11226569	11226636	1	14
3R	21774366	21774427	-1	14
3R	14034100	14034162	1	14
2R	13415616	13415875	-1	14
2R	6627215	6627312	-1	14
2L	1983961	1984019	1	14
X	23217117	23246233	1	14
X	5792597	5792709	1	14
2L	10328741	10328804	-1	14
3L	20839466	20839524	-1	14
3L	12851723	12852232	1	14
2L	10257994	10258064	-1	14
2L	7223698	7227104	-1	14
3R	7974866	7975128	-1	14
3R	4288974	4295120	1	14
3L	19568717	19569661	-1	14
3L	1501893	1502467	-1	14
3L	7972886	7972946	-1	14
2L	23176289	23176374	1	14
4	1234800	1241730	1	14
2L	21318420	21318485	1	14
3R	27710537	27710614	1	14
X	5396295	5396473	1	14
3R	18515344	18545113	-1	14
X	11368626	11368704	1	14
2L	19929355	19950407	1	14
3R	24189170	24189230	-1	14
2R	24559775	24559830	-1	14
4	250244	251315	-1	14
3L	14003416	14007237	1	14
2L	4815858	4815916	-1	14
2L	2985586	2985641	-1	14
X	13713142	13713201	1	14
3L	11519015	11519079	-1	14
X	11975862	11976403	-1	14
2R	13810620	13810753	1	14
2R	23946262	23946438	1	14
2R	11841763	11841846	1	14
2R	24028125	24028614	-1	14
3L	19817168	19817231	-1	14
2R	18878641	18902866	1	14
3L	9144295	9144394	1	14
2R	9608018	9608077	1	14
2L	20830797	20830861	1	14
X	14234763	14234825	-1	14
3R	16636577	16636775	1	14
X	19363022	19398503	1	13
4	943021	943103	1	13
2R	23955997	23956053	1	13
3L	24726293	24728297	1	13
3L	16417730	16417789	-1	13
2R	18283245	18283331	-1	13
3L	9632171	9632233	-1	13
2R	11587583	11587646	-1	13
3L	20297499	20297564	-1	13
2R	11646320	11650815	-1	13
2R	12667995	12669887	-1	13
2L	17410178	17410252	-1	13
2R	22639481	22639537	-1	13
2R	16634904	16637648	-1	13
3L	10568606	10571049	1	13
X	1774223	1778612	1	13
3R	12855768	12855825	-1	13
3L	1500098	1500206	-1	13
2L	2400351	2401107	1	13
3L	8971047	8971103	1	13
3R	11782633	11782686	-1	13
X	12919710	12941720	1	13
3R	10585929	10591409	-1	13
X	9152657	9153900	-1	13
2L	7568979	7576245	-1	13
3L	9895877	9895958	-1	13
X	13733225	13733312	-1	13
3R	4301156	4301238	1	13
2R	8133209	8133615	1	13
3L	17803112	17803173	-1	13
2R	18522444	18522517	1	13
X	8055894	8055967	-1	13
2R	16088536	16088683	-1	13
3R	5592781	5592859	1	13
4	258467	258528	1	13
3R	28602948	28603012	1	13
3R	31633613	31658579	1	13
2R	5669420	5669481	1	13
3L	4242091	4242144	1	13
3L	10574155	10574435	1	13
2L	3723765	3725656	1	13
3L	6075689	6075761	1	13
2L	4948560	4948898	-1	13
3R	25302046	25302106	1	13
X	11149852	11149925	1	13
2R	18306136	18355500	-1	13
3L	11799177	11799239	-1	13
3R	5855352	5855753	-1	13
3R	9487204	9493523	-1	13
2R	18424487	18424872	1	13
X	15989951	15991822	-1	13
3R	13637079	13642299	-1	13
2R	24135368	24135430	-1	13
3L	23325957	23326688	-1	13
3R	13246655	13258303	-1	13
2L	8355975	8356045	-1	13
3L	9351851	9351918	-1	13
3L	2689933	2711352	-1	13
2R	16145579	16145643	1	13
3R	23983960	23984305	1	13
3L	21532032	21532339	-1	13
3R	23983905	23984343	1	13
2R	22614722	22619805	1	13
2L	7444860	7444927	1	13
3L	7173555	7175425	-1	13
3R	10083853	10089061	1	13
4	1232191	1233129	1	13
2R	21150924	21150983	-1	13
2R	23992575	23992635	-1	13
2R	16853741	16853809	1	13
3R	9355084	9357984	1	13
3R	27261944	27262227	-1	13
3R	24059231	24059289	1	13
3R	31354615	31355611	1	13
3L	9123911	9125167	-1	13
2L	1859002	1862720	-1	13
3R	22788518	22788579	1	13
3R	16052834	16052889	1	13
2L	10259691	10260254	-1	13
2L	10329411	10329475	-1	13
2L	9406264	9414787	-1	13
2R	24993922	24994012	-1	13
X	1400415	1400478	1	13
3R	7121139	7121275	-1	13
X	638721	638781	1	13
3R	9741143	9741199	1	13
3L	2556730	2556792	-1	13
X	11152128	11152238	1	13
2L	10482575	10482637	1	13
3L	274242	274595	1	13
3R	24707217	24707273	1	13
3R	21357365	21375060	-1	13
3R	23607666	23608369	-1	13
2R	20586730	20586804	-1	13
2L	4854729	4865148	1	13
2L	9727257	9732916	-1	13
3L	1796838	1796902	1	13
3L	21938255	21938320	1	13
3R	27646244	27646336	-1	13
2L	10348197	10348660	-1	13
2R	21010106	21010169	-1	13
3R	31216356	31216586	-1	13
3R	23983916	23984353	1	13
3L	13229141	13238675	1	13
X	13197177	13197247	-1	13
2L	8210667	8210730	-1	13
3R	24341681	24342828	1	13
X	4688673	4691597	1	13
3R	19416389	19440703	1	13
3R	30386257	30386319	-1	13
2L	21381833	21381899	1	13
3L	9473682	9473955	1	13
2R	19435718	19435777	-1	13
3R	27156073	27156141	1	13
3R	8031712	8031782	1	13
X	12028040	12028424	-1	13
3R	24509640	24510141	-1	13
3L	3833789	3833976	1	13
3L	16131439	16131496	-1	13
3L	15510232	15510605	1	13
X	16000586	16000668	-1	13
X	10848246	10848365	1	13
3R	23983898	23984347	1	13
X	12850811	12868228	-1	13
X	8056138	8059867	-1	13
X	12917815	12918577	1	13
X	18846360	18849880	1	13
2L	23068145	23068200	-1	13
3L	8127299	8127352	-1	13
3R	12215954	12216881	-1	13
3L	21845236	21907346	1	13
X	11290264	11293498	-1	13
2R	4560790	4562845	1	13
3L	5367775	5367900	-1	13
3L	7838860	7853183	-1	13
2L	15030885	15032003	1	13
3R	29860615	29860707	-1	13
X	5082240	5082522	-1	13
2R	9970409	9970474	1	13
3L	5550912	5551128	-1	13
2L	6646948	6649030	-1	13
3R	15373014	15373386	1	13
2L	10225150	10225279	-1	13
3R	18273390	18273448	-1	13
3R	5640949	5641062	-1	13
X	23256700	23327305	1	13
3R	6364726	6365004	-1	13
2L	4840814	4840884	1	13
2L	560038	560097	1	13
4	1250884	1254006	1	13
3L	16077125	16077192	1	13
2L	21124374	21124440	1	13
3L	3071308	3073081	1	13
3R	17439426	17439836	-1	13
2R	10099851	10104256	1	13
3R	20750355	20750688	1	13
3L	13042540	13043166	1	13
X	5792641	5792718	1	13
3L	14789214	14789319	1	13
2L	216008	216077	-1	13
2R	14179932	14180422	1	13
3L	3893674	3894208	1	13
2R	18660125	18660195	-1	13
3R	27551047	27551114	-1	13
2R	16856304	16856806	1	13
X	18155591	18161013	1	13
3L	27279423	27279481	1	13
2R	16875982	16876342	-1	13
2L	20650461	20650537	1	13
2R	13830719	13830778	1	13
2L	7184204	7184615	1	13
3R	31935392	31936690	-1	13
4	1278926	1279010	1	13
X	15919386	15919529	1	13
3L	11062824	11062903	-1	13
3R	11023620	11023673	1	12
2L	10440506	10440561	1	12
2R	21487846	21488019	-1	12
2R	2495024	2520579	-1	12
2R	25283027	25283085	1	12
3R	29801867	29801928	-1	12
3R	16471064	16471129	1	12
3R	13021115	13021176	1	12
2L	16828796	16828857	1	12
2L	10399713	10399768	1	12
3R	13232843	13232961	-1	12
3L	22969183	23002053	1	12
2L	5166343	5166646	1	12
2L	6499820	6515262	1	12
2R	23191605	23203567	-1	12
2L	12739189	12743980	1	12
2R	14291673	14291752	1	12
2L	13050180	13059217	-1	12
3L	16077283	16077723	1	12
3L	11063124	11063187	-1	12
2R	19399094	19406020	-1	12
3L	13525211	13532954	-1	12
2R	23968245	23968306	-1	12
2R	19629071	19630484	-1	12
X	1636913	1637000	1	12
2L	11803899	11809126	-1	12
3R	26210217	26229657	1	12
3R	20331049	20331481	1	12
4	944254	944306	1	12
3R	21309421	21309699	1	12
3L	3607872	3608263	1	12
3L	25874086	25874142	-1	12
3R	25067079	25067133	-1	12
2R	19243180	19243255	1	12
2L	12977910	12977977	1	12
2R	22410021	22410311	-1	12
3R	20958168	20960726	1	12
3R	25916644	25916700	1	12
2L	19133352	19133409	-1	12
3R	16059685	16059739	1	12
2L	16506853	16506929	1	12
2R	14276407	14277281	1	12
3L	19832171	19832228	-1	12
X	22832439	22866051	1	12
3R	24872154	24872219	-1	12
X	9355176	9356212	-1	12
2L	17401059	17401113	1	12
2R	18772899	18772958	1	12
2L	9877261	9885932	-1	12
2L	15765578	15765675	1	12
2L	16973312	16973448	1	12
3L	20169064	20182626	-1	12
2L	21627503	21627572	-1	12
3R	24192124	24192191	-1	12
3R	23958799	23959032	1	12
3L	13886110	13886171	-1	12
X	1775739	1778612	1	12
2R	8080960	8081031	-1	12
3R	12424517	12424611	-1	12
3R	5371916	5371978	1	12
3R	11233325	11233402	-1	12
X	15343674	15343733	-1	12
4	351828	351884	-1	12
3L	8521243	8521300	1	12
2R	8010546	8010914	-1	12
2R	12259466	12260040	1	12
3R	7137995	7141490	1	12
3R	25677467	25677528	-1	12
3R	19232904	19232961	-1	12
2R	4237724	4238019	-1	12
2R	9884003	9884085	-1	12
4	875485	875543	-1	12
3R	21309570	21309847	1	12
3R	13389760	13390048	-1	12
X	21054743	21060495	1	12
X	16794637	16794696	1	12
4	1192649	1192706	-1	12
2L	10265951	10266007	1	12
3L	23007500	23007559	1	12
2L	18951538	18951698	-1	12
3L	22869775	22869842	-1	12
3L	3825751	3828878	1	12
3L	838625	839250	1	12
2R	13415616	13416575	-1	12
2R	13814582	13814644	1	12
3L	5163976	5166935	-1	12
3R	18309537	18314191	-1	12
3R	5255939	5256248	-1	12
X	3246686	3254021	1	12
4	665306	665951	1	12
4	1040079	1043468	-1	12
3R	28047722	28049319	1	12
3R	9643699	9647019	1	12
2R	20595664	20595758	1	12
3R	8313471	8313531	-1	12
4	1280671	1280761	1	12
3L	9581714	9588240	1	12
2R	4322939	4336377	-1	12
2R	13840975	13841033	1	12
3R	15954235	15954583	1	12
3L	21383085	21411530	1	12
2R	24115847	24115908	1	12
2R	6754845	6754899	1	12
2L	22247400	22247469	-1	12
2L	15252795	15253234	1	12
2R	11587712	11587771	-1	12
X	16329371	16329515	-1	12
3R	23983955	23984303	1	12
3R	8463876	8477419	-1	12
4	343061	348995	-1	12
2R	17797862	17797928	1	12
3L	7699386	7699486	-1	12
2R	19437582	19437955	1	12
2L	2856673	2856743	1	12
3L	1962347	1962413	-1	12
3L	27293014	27293076	1	12
2R	4722326	4726624	-1	12
4	694417	695214	-1	12
2R	17457873	17461994	1	12
3L	23013040	23013194	1	12
2R	4784183	4786697	1	12
X	5818595	5819015	1	12
3R	20204979	20206179	1	12
2R	17699169	17699351	1	12
2L	5976783	5979412	-1	12
3L	6948110	6948278	1	12
2L	6680284	6680346	-1	12
3R	24513823	24513880	-1	12
2R	10723957	10724014	-1	12
2R	4030298	4049078	1	12
3L	9459595	9459654	-1	12
3R	5580046	5580115	-1	12
4	121957	122309	-1	12
3R	21155072	21155233	1	12
3R	15951851	15954158	1	12
2R	13829866	13830551	1	12
3R	26967550	26969685	1	12
2R	16500530	16503505	1	12
3R	20300413	20300635	1	12
2L	9709560	9709622	-1	12
3L	11100077	11100139	1	12
2R	20663096	20663160	-1	12
X	15760195	15760252	-1	12
3R	23983903	23984476	1	12
2R	13000052	13000144	1	12
2R	16333188	16333278	-1	12
3R	11336213	11339658	1	12
X	17843507	17843569	-1	12
3L	21915196	21915261	1	12
3L	8047601	8048070	1	12
X	2151847	2151917	-1	12
3L	3546132	3552787	1	12
X	11052858	11053034	-1	12
3R	23983955	23984284	1	12
3L	1659991	1660197	-1	12
2L	4796220	4796287	1	12
4	41286	42914	-1	12
4	1037741	1038359	-1	12
3L	19285414	19291480	-1	12
3L	21569894	21569957	1	12
X	18907860	18908277	1	12
3R	22278756	22279229	1	12
3R	16351231	16351878	-1	12
3R	22303181	22303557	1	12
4	570177	570234	-1	12
3L	24028724	24030755	1	12
3R	21309540	21309817	1	12
X	10929267	10929392	1	12
3L	12412123	12412185	-1	12
3L	14231636	14231927	1	12
X	13733637	13733707	-1	12
2R	15990100	15990170	-1	12
2R	17352306	17361980	1	12
3R	7197660	7198328	1	12
2L	12272085	12278837	1	12
3L	9689449	9694233	-1	12
X	5629025	5629397	-1	12
3R	16434229	16434285	1	12
X	8090148	8093775	-1	12
3R	9455718	9455781	-1	12
4	249978	250034	-1	12
X	15935343	15935417	-1	12
X	16798685	16798750	-1	12
3R	20033459	20033516	1	11
2R	21512178	21513517	1	11
4	569302	569975	-1	11
2R	23993054	23993115	-1	11
2L	5204593	5204875	1	11
4	823619	827859	-1	11
2R	21089366	21089430	-1	11
3R	15135379	15135499	-1	11
3L	8339822	8339876	1	11
4	694417	695697	-1	11
X	11398660	11398720	1	11
3R	25034624	25034688	-1	11
3L	5364016	5364084	-1	11
3R	24718263	24718321	-1	11
3R	25284836	25284906	1	11
2L	10482575	10482625	1	11
3R	23983981	23984283	1	11
2R	16932579	16940093	1	11
2R	12569406	12569461	-1	11
2R	16986212	16986581	1	11
3R	21302861	21303139	1	11
2R	16931144	16931199	1	11
3L	2956437	2957331	1	11
3L	9900307	9900423	1	11
3L	10884660	10884734	-1	11
3R	16102960	16103031	1	11
X	19706114	19706176	1	11
2L	21684147	21684546	1	11
3L	21551973	21552204	-1	11
3R	17967829	17977356	1	11
X	647638	647703	1	11
2R	10107859	10107973	1	11
3R	10161027	10161082	-1	11
X	17642831	17643014	-1	11
3L	8266435	8266558	1	11
2L	18384894	18387287	1	11
3R	23979623	23980528	1	11
2L	10329263	10329322	-1	11
2L	20969524	20985011	-1	11
2L	10402334	10402407	1	11
2R	17792141	17792204	1	11
X	16100350	16104804	-1	11
3L	234653	234982	-1	11
2L	20562763	20575469	1	11
2R	8615477	8615903	1	11
3R	5221326	5221392	1	11
2R	20325538	20325596	1	11
2L	6121944	6122005	1	11
2L	21380729	21382019	1	11
2R	18821638	18821698	1	11
X	12832341	12886601	-1	11
X	12886670	12896718	-1	11
3L	3458841	3458948	-1	11
2R	15540404	15540457	-1	11
X	13752028	13754830	-1	11
2R	24771325	24771725	-1	11
2R	4458381	4458441	-1	11
2L	5947172	5947240	1	11
3L	8125039	8125093	-1	11
2L	21617433	21617494	-1	11
2R	12260189	12264743	1	11
3L	11226802	11227673	1	11
3R	27261941	27262116	-1	11
4	1145104	1146470	-1	11
4	876790	876870	-1	11
3L	10636785	10636846	-1	11
X	15755563	15755819	-1	11
2L	17887149	17901809	-1	11
3L	8280689	8280760	1	11
2L	5174317	5174641	1	11
3L	12852529	12852616	1	11
X	13655776	13655851	1	11
3R	15215091	15215339	-1	11
2R	19442741	19442801	1	11
3R	27676606	27676662	1	11
4	1279069	1279221	1	11
4	1145342	1146470	-1	11
2L	1016077	1016139	-1	11
2R	19443240	19443313	1	11
2R	23944741	23944807	1	11
X	20234903	20235288	-1	11
2R	4607321	4608359	1	11
X	15340992	15341139	-1	11
3R	7974866	7975137	-1	11
X	9159077	9159140	1	11
X	4086053	4086170	1	11
3R	18242910	18247433	1	11
X	2637312	2641125	1	11
X	16709913	16709985	1	11
X	1514793	1514857	1	11
2L	7033019	7035075	1	11
3L	16232324	16232380	1	11
3R	10037891	10041972	-1	11
2L	2890917	2945030	1	11
X	12655317	12655378	1	11
4	427712	429437	1	11
3R	27665181	27665238	1	11
2R	16007387	16007445	-1	11
2L	20096804	20096866	-1	11
X	19519626	19519696	-1	11
3L	6496482	6505083	1	11
2R	9143237	9143620	-1	11
X	14956130	14971099	1	11
X	18168493	18169489	1	11
3R	23076215	23076828	-1	11
3L	23032202	23038012	1	11
X	11813468	11814697	-1	11
2R	24888762	24888822	-1	11
X	17929704	17930117	-1	11
3L	10307133	10313115	1	11
X	12777226	12783089	-1	11
X	7289265	7289506	-1	11
3R	7865762	7870232	-1	11
3R	25713962	25718398	-1	11
2R	24947687	24947748	-1	11
X	7285785	7285914	-1	11
2L	10312909	10312962	-1	11
3R	22729880	22729947	1	11
2R	15339076	15339138	1	11
3R	31799374	31799439	1	11
2L	12468418	12477115	-1	11
2L	8373915	8373984	1	11
3R	23668468	23669587	-1	11
2R	5294713	5294797	1	11
4	872226	875203	-1	11
4	262063	263206	1	11
3L	9066460	9066566	-1	11
3R	20245321	20248880	1	11
3L	23019468	23019530	1	11
3L	16611299	16611363	-1	11
3L	835331	835387	1	11
2R	10810758	10810823	-1	11
X	15962137	15962274	-1	11
X	10244627	10249776	-1	11
2L	6113114	6121774	1	11
3R	12752627	12754631	-1	11
2R	5242063	5242385	-1	11
2L	19792452	19792510	1	11
3R	9716451	9716517	-1	11
2L	20993378	21028637	-1	11
2R	12581940	12582289	-1	11
2L	19777021	19777082	-1	11
3L	5200367	5218950	-1	11
3L	27083594	27083646	-1	11
X	19740726	19740782	-1	11
3L	1633506	1635186	-1	11
X	5383647	5394053	1	11
3L	2508574	2508639	-1	11
2R	18636822	18636888	-1	11
X	19340590	19341846	-1	11
X	9795062	9811788	1	11
2L	10313028	10313084	-1	11
2R	6924487	6924553	1	11
3R	30573073	30575432	1	11
2R	13826586	13829640	1	11
2L	2772648	2779175	-1	11
2R	23698530	23698595	1	11
2L	930424	950492	1	11
2L	6456683	6456744	1	11
3R	15278442	15278503	-1	11
2R	19406089	19407841	-1	11
X	18861764	18861833	-1	11
3R	23983920	23984283	1	11
X	2739233	2739297	-1	11
3R	8994461	8994527	1	11
2L	4285075	4295163	1	11
3R	29741091	29741150	1	11
X	1411923	1413418	1	11
2R	24907083	24907145	1	11
2R	21698601	21702677	-1	11
3R	26916563	26924634	1	11
3R	9487204	9493352	-1	11
3R	13687976	13688046	1	11
3L	14985155	14987582	1	11
3R	25305347	25305408	1	11
3R	13384580	13384670	1	11
X	13678754	13678855	-1	11
2R	18558017	18558075	-1	11
3R	25124116	25124590	1	11
2L	15064949	15065190	-1	11
3R	23250202	23250257	-1	11
3R	18730641	18730730	1	11
2L	10256507	10257395	-1	11
2L	5769514	5769574	-1	11
X	15936009	15936076	-1	11
3L	21573134	21573190	1	11
3R	9241083	9241147	-1	11
X	10309749	10318418	-1	11
3L	14010896	14010996	1	11
3R	8823070	8823249	-1	11
X	14955550	14955865	1	11
X	52611	52674	-1	11
3L	20424845	20424898	-1	11
2R	19435251	19435314	-1	11
3R	8568653	8568719	1	11
3L	14801780	14801840	-1	11
X	15402956	15403584	-1	11
3R	10044250	10044304	1	11
3R	12699336	12703639	1	11
3R	9420048	9432032	1	11
3R	15368848	15368906	-1	11
3L	25708979	25709037	1	11
2R	16102950	16103611	1	11
2L	19047363	19047420	1	11
3L	226257	230780	1	11
3R	12475825	12477406	-1	11
2R	24892079	24892217	1	11
3L	16071172	16076982	1	11
3L	11196876	11197400	-1	11
3R	25868524	25868593	1	11
2R	6668257	6668309	1	11
2L	6720943	6720997	-1	11
2R	19530701	19532176	-1	11
X	52722	52811	-1	11
3L	2258518	2258580	1	11
X	18791082	18791146	1	11
2R	8930534	8930591	1	11
3R	24318122	24318215	1	11
3R	28901023	28919492	1	11
2L	8401772	8401831	-1	11
3R	8822174	8822469	1	11
X	13883365	13883459	-1	11
3R	26963081	26963158	-1	11
3R	27232200	27232473	-1	10
2L	1015928	1015993	-1	10
X	18155595	18161013	1	10
X	8050284	8050437	-1	10
X	15878472	15878597	-1	10
2R	13223113	13225467	1	10
3L	23227548	23238837	1	10
X	13295383	13295527	-1	10
3L	19263019	19263084	-1	10
2R	23687317	23687432	1	10
2L	9556399	9566433	-1	10
3R	27276504	27276570	1	10
3R	16301352	16301823	1	10
3R	8444688	8477419	-1	10
3R	27665743	27665800	1	10
2L	14040419	14041321	1	10
2R	23077036	23077091	-1	10
X	10244627	10250017	-1	10
3R	5892990	5903716	-1	10
4	632389	632448	1	10
3R	5640757	5640821	-1	10
4	481142	481209	-1	10
2L	12312466	12312526	1	10
2L	10970881	10970957	1	10
3R	22717342	22719871	-1	10
X	22994004	22994484	-1	10
X	4325617	4332796	1	10
2R	24906919	24906980	1	10
4	1013769	1014318	-1	10
3L	21025549	21026040	-1	10
3L	9048961	9049158	-1	10
2L	1149587	1149651	-1	10
3L	17544185	17544256	1	10
3R	6365155	6365954	-1	10
3R	27670938	27670994	1	10
4	902583	902826	-1	10
3L	4090741	4091091	1	10
2R	8133076	8133141	1	10
2L	5541091	5541153	-1	10
3L	14792074	14800890	1	10
3R	16204537	16204894	-1	10
3L	23013306	23013769	1	10
2R	24020941	24021003	-1	10
X	9848716	9848901	1	10
2R	11358425	11358958	-1	10
3L	26013569	26013709	-1	10
3R	4750055	4750794	1	10
3L	11116526	11116670	-1	10
3R	7886169	7886596	-1	10
2L	6743030	6753940	1	10
X	5383380	5383542	1	10
X	8874402	8874512	-1	10
3R	27666000	27666064	1	10
2L	21638369	21639241	1	10
3R	24343356	24343483	1	10
4	1037591	1037646	-1	10
2L	13207997	13208110	-1	10
3L	20936715	20943564	-1	10
2L	10343588	10343644	-1	10
4	1048559	1049187	-1	10
3L	2587514	2587751	1	10
X	628879	629328	-1	10
3R	27580326	27582002	-1	10
3R	19865298	19866414	1	10
2R	9095630	9095898	1	10
2R	14114297	14139789	-1	10
3R	30208426	30208490	-1	10
3L	3911915	3913626	-1	10
2R	6935109	6935423	-1	10
3L	4807833	4807892	-1	10
2R	10437020	10437082	-1	10
3R	15186593	15186647	1	10
4	611656	611727	1	10
X	3173596	3173668	-1	10
X	10244627	10249963	-1	10
3R	23983955	23984198	1	10
3L	7362454	7362522	1	10
2R	13440329	13440392	-1	10
2L	9797853	9797912	-1	10
X	8051530	8051695	-1	10
3R	11628053	11628126	1	10
2L	10437962	10438041	1	10
3L	3039819	3039927	1	10
X	5617057	5617121	-1	10
X	8908326	8999380	1	10
2R	14741363	14741467	-1	10
2L	7648890	7648958	-1	10
X	5744700	5747102	-1	10
X	1480221	1481008	1	10
2L	16168720	16169487	1	10
2L	6646948	6647747	-1	10
X	9148626	9148695	-1	10
2L	6490630	6490706	-1	10
2R	20996929	21001012	1	10
4	655436	656216	-1	10
X	15892252	15892828	1	10
3R	23693148	23693335	-1	10
3R	14035552	14035621	-1	10
2R	15573392	15573450	-1	10
X	1252097	1259959	-1	10
2L	21311033	21311193	1	10
3L	13538872	13538943	-1	10
2R	13826482	13829640	1	10
2L	12063871	12063929	-1	10
3R	10696803	10697626	1	10
4	885892	886965	-1	10
2R	18445484	18445552	-1	10
3R	26050116	26050171	-1	10
2L	13550294	13551142	1	10
3L	7816726	7817437	-1	10
2R	24691874	24691981	-1	10
3R	25126874	25126935	-1	10
3R	27272942	27273011	-1	10
3R	22899981	22914951	1	10
3R	22544695	22544758	-1	10
2R	8427800	8427993	1	10
3L	25120819	25120878	1	10
2R	949947	951127	-1	10
3L	15823182	15823247	-1	10
X	5904091	5904555	1	10
X	13773979	13775433	1	10
3L	23007708	23010159	1	10
2L	10804627	10804830	-1	10
2L	17810939	17815574	-1	10
2L	1017642	1017711	-1	10
X	9355176	9356001	-1	10
2L	13394941	13395056	-1	10
X	8515609	8515719	1	10
3L	7804708	7805100	-1	10
3R	11654966	11655123	1	10
3R	14315151	14315360	1	10
3R	7196394	7198328	1	10
X	10836630	10836693	-1	10
3L	21635562	21635618	1	10
2R	17701895	17702075	1	10
2L	12094482	12094548	1	10
X	10782301	10782380	-1	10
2R	17670329	17670387	1	10
2R	18821119	18821184	1	10
3R	30519764	30523228	-1	10
2L	11076862	11076927	-1	10
3R	22409010	22409063	-1	10
2L	155430	155546	1	10
3L	2963227	2963296	1	10
X	13731623	13733085	-1	10
2R	11443113	11444684	1	10
4	352127	352181	-1	10
X	13069308	13069422	1	10
2R	7588972	7589267	-1	10
X	8548526	8550083	1	10
2L	16400527	16404486	-1	10
3R	24162684	24162740	1	10
2L	9891074	9891133	1	10
2R	9996622	9997704	-1	10
3L	20476805	20484351	1	10
3R	21803390	21817101	-1	10
3L	5664448	5664964	1	10
2R	15221824	15221899	1	10
3R	26962452	26962540	-1	10
3L	4088155	4088212	-1	10
3R	24062599	24062660	1	10
3L	10574489	10575319	1	10
X	22797306	22832404	1	10
4	680305	680440	1	10
3R	17920110	17920393	1	10
3L	14630193	14630520	-1	10
3L	10693868	10693997	-1	10
3R	18931388	18937523	1	10
2R	14237883	14237948	-1	10
2L	9937511	9937658	-1	10
2R	24053136	24053198	-1	10
2R	9312746	9370249	-1	10
3R	29735656	29735714	-1	10
2R	16420369	16421681	1	10
2R	7719307	7719376	-1	10
3L	7144007	7144060	-1	10
2L	21381669	21382019	1	10
2L	21742009	21742075	-1	10
3R	10204317	10214972	1	10
3L	21826415	21826475	1	10
3R	15374969	15381163	1	10
2L	7385141	7385260	-1	10
3R	23197977	23209342	-1	10
3R	17678179	17682457	-1	10
2R	15145091	15145179	-1	10
3R	21302948	21303225	1	10
3L	17531036	17538662	1	10
3L	13584272	13638517	-1	10
2L	21286426	21286489	-1	10
3L	11668313	11668432	-1	10
2R	24607522	24608935	1	10
2R	12032826	12032889	1	10
2R	4117019	4122170	1	10
2R	18458471	18460566	-1	10
3R	11233127	11233217	-1	10
2R	24100887	24100947	1	10
2L	11152027	11152139	-1	10
3R	23983929	23984305	1	10
3R	11624492	11624550	1	10
X	11290264	11293127	-1	10
3R	15230028	15230097	1	10
2L	7999168	7999249	1	10
3R	6363231	6364162	-1	10
3R	5761447	5761646	-1	10
X	13986075	13988545	-1	10
X	3955973	3956049	-1	10
X	15902333	15905774	1	10
3R	24247890	24247976	1	10
X	12939250	12941720	1	10
3R	5546401	5546456	-1	10
3L	1587123	1592744	1	10
3R	7805639	7806654	-1	10
2R	10106445	10107461	1	10
4	885463	885760	-1	10
3R	15792902	15792957	1	10
2R	5307353	5307414	1	10
3L	236428	239055	-1	10
3R	27255971	27256034	1	10
2L	16394124	16400289	-1	10
3R	23983910	23984440	1	10
2R	9148096	9148153	1	10
2R	6655111	6655172	1	10
2R	8103462	8103523	-1	10
2R	23946078	23946137	1	10
3L	23738185	23740161	1	10
3R	4282004	4282674	1	10
3L	8120751	8120815	1	10
2L	4874563	4874887	1	10
2L	12040380	12040438	-1	10
3L	20296285	20296344	-1	10
2R	14092502	14114216	-1	10
2R	927128	927186	-1	10
3L	265642	265698	-1	10
2R	20623970	20624030	1	10
X	18225525	18225648	-1	9
4	1241898	1243477	1	9
3L	3516829	3533812	1	9
3L	10593680	10593787	1	9
2R	16634904	16637638	-1	9
3R	26861692	26861770	-1	9
3R	10204149	10204212	1	9
2R	13447329	13448997	-1	9
3L	8129209	8129452	1	9
2R	16859250	16859313	1	9
3R	9795520	9795576	1	9
X	19616407	19616470	1	9
3L	6075958	6076023	1	9
X	1858407	1858561	-1	9
3R	14035683	14035824	-1	9
3L	12812617	12812680	1	9
2R	6981686	6981743	-1	9
3L	11059304	11059355	1	9
2R	10087769	10090543	1	9
X	10701122	10701804	1	9
3L	15836249	15836780	-1	9
X	12654169	12655171	1	9
3L	9424003	9424306	1	9
3L	5158658	5158748	-1	9
2L	10981113	10981179	1	9
2R	7320765	7321583	-1	9
X	8238189	8238252	1	9
X	6532206	6532298	-1	9
X	3571940	3572003	-1	9
4	1116080	1116326	-1	9
X	5693292	5693361	-1	9
2R	16762993	16763051	-1	9
3R	22473440	22473638	1	9
2R	14862122	14862195	-1	9
X	633839	633902	-1	9
X	12203879	12204139	1	9
3L	23746545	23747873	1	9
X	2634179	2641590	1	9
4	188524	188578	-1	9
4	671617	680440	1	9
3L	1795733	1795793	1	9
2R	20587745	20589617	1	9
3L	8521673	8521732	-1	9
3L	8983474	8983532	-1	9
3L	22841917	22841978	1	9
X	4086251	4087054	1	9
X	15800038	15800096	1	9
2L	22550489	22550548	1	9
2R	22885001	22885054	-1	9
4	1048149	1048504	-1	9
X	15468450	15468514	-1	9
3L	23216108	23227438	1	9
2L	5044489	5046304	1	9
X	6644759	6644828	1	9
X	14389683	14408206	1	9
2R	17579353	17579416	-1	9
X	16528022	16533059	-1	9
3R	24254679	24254994	-1	9
2L	11094636	11094763	1	9
3R	18226938	18227705	1	9
2L	15067690	15067916	-1	9
2R	24671040	24671098	1	9
2R	11294786	11297262	-1	9
3R	23983960	23984290	1	9
3R	25134881	25134947	1	9
3L	11077404	11077463	1	9
X	15794202	15794267	-1	9
2R	24060575	24060676	1	9
3L	11562738	11562861	1	9
3L	11494733	11494846	1	9
3R	21267741	21268771	-1	9
2L	10768577	10768644	-1	9
2L	17461844	17462168	-1	9
2R	6081416	6081736	-1	9
3R	19233140	19233201	-1	9
3R	23983955	23984305	1	9
3R	29316366	29316720	-1	9
2L	11606545	11621188	1	9
X	1462313	1462373	-1	9
2R	9321211	9350672	-1	9
2R	4786884	4786966	1	9
X	4427540	4428198	1	9
2R	23708475	23708630	1	9
3R	23890828	23890884	-1	9
3R	9728092	9728159	-1	9
4	1046701	1047001	-1	9
3L	7325883	7325959	1	9
X	16082976	16091147	-1	9
3R	30458823	30458926	-1	9
3R	23959594	23962051	1	9
2R	22410629	22410687	-1	9
3R	895894	947426	1	9
X	3632056	3645304	-1	9
4	855841	860335	-1	9
2L	18444833	18444884	-1	9
X	16360879	16360932	1	9
4	611807	613615	1	9
2R	10249828	10250879	-1	9
3L	20273218	20277184	-1	9
2L	10276113	10276392	-1	9
2L	8524685	8524743	1	9
3R	15232474	15232529	-1	9
2R	23375954	23376033	-1	9
2L	9617610	9621145	1	9
3L	2235973	2236050	-1	9
X	11626	15034	-1	9
2L	19409911	19410248	-1	9
3L	3319906	3320515	1	9
X	3100319	3113168	1	9
4	97976	99406	1	9
3L	19639609	19639852	-1	9
4	1174929	1174982	-1	9
3R	20974692	20975239	1	9
2R	13483905	13483973	-1	9
2R	22408724	22408783	1	9
3R	31777543	31777627	1	9
3L	16064000	16064227	1	9
3L	3899482	3899710	-1	9
2R	24892079	24892284	1	9
3R	7805639	7806591	-1	9
X	939677	939733	-1	9
2L	4943989	4944048	1	9
2R	22606289	22606509	1	9
3R	20623545	20624131	1	9
2L	5723575	5723638	1	9
3R	18969978	18970075	1	9
4	883082	883143	-1	9
3R	21306472	21307028	1	9
2R	22797132	22797465	-1	9
4	1060635	1060741	-1	9
2L	5946689	5947018	1	9
3R	14265108	14265168	-1	9
2R	14157147	14157207	-1	9
3L	6617316	6617768	1	9
3L	12526386	12526589	-1	9
2R	22885357	22885414	-1	9
2L	21263180	21263648	1	9
3L	3183145	3183200	1	9
3L	4078818	4078926	-1	9
2R	10557970	10558193	1	9
3L	1658465	1658520	-1	9
X	11970947	11971043	-1	9
2R	20644719	20644779	1	9
4	930024	930080	-1	9
2L	13836433	13872074	1	9
2L	3326364	3326431	1	9
2R	7044108	7044209	1	9
X	19177963	19178040	-1	9
3L	3054481	3054540	1	9
2R	4712776	4719770	-1	9
3L	12645212	12645272	1	9
3R	25417965	25431917	-1	9
2R	13073452	13079084	-1	9
2R	12757435	12757499	-1	9
2L	21138362	21138712	-1	9
Y	3004630	3019154	1	9
2L	21261720	21261777	1	9
3R	18191046	18191109	1	9
3L	12394043	12394109	-1	9
X	14234895	14234959	-1	9
2R	16991663	16994160	1	9
X	6123599	6123694	-1	9
2R	23684321	23684374	1	9
3L	20392490	20392641	-1	9
3L	16794666	16795251	-1	9
2R	4673063	4673114	1	9
2R	10481170	10481227	1	9
3L	9470438	9470560	1	9
3R	25742316	25742392	-1	9
3R	30018427	30018488	-1	9
3R	31737601	31737659	1	9
X	11405996	11406072	1	9
2R	18094100	18094165	-1	9
3R	31935392	31945622	-1	9
3L	27350322	27380953	1	9
2R	19392579	19392639	-1	9
4	134965	136879	1	9
2R	18902913	18913443	1	9
2R	4238210	4238273	-1	9
2R	15998253	15999805	1	9
X	2584549	2584667	-1	9
3L	10662624	10662684	1	9
X	11139935	11140001	-1	9
2R	13443129	13444428	-1	9
2L	10311785	10311899	-1	9
3L	17074389	17077622	-1	9
4	903472	904361	-1	9
2R	24059283	24059339	1	9
2R	21205300	21205361	1	9
4	883363	883567	-1	9
2R	4695611	4698503	-1	9
2L	20422237	20422302	1	9
2R	16925038	16925705	1	9
3R	22412851	22412910	1	9
3R	23979456	23979515	1	9
3L	241502	241564	-1	9
3R	26661731	26662096	-1	9
3R	25662487	25662634	1	9
3L	19611262	19611325	-1	9
3R	8303012	8303065	-1	9
X	23217117	23242847	1	9
2R	11441491	11441935	1	9
2R	18615473	18615570	1	9
3L	17844715	17844780	-1	9
2R	6697576	6698049	1	9
2R	18732585	18745266	1	9
3L	12336718	12336779	1	9
2R	11381892	11381955	-1	9
3R	13056289	13056351	1	9
2L	2792677	2793175	-1	9
X	18785928	18786001	1	9
2R	15938268	15938447	-1	9
2L	20754938	20754993	-1	9
4	601530	601757	-1	9
3L	12527733	12527802	-1	9
2L	2215460	2215515	-1	9
3R	14367500	14369390	-1	9
3L	27267919	27268202	1	9
X	22740621	22797279	1	9
2R	10033552	10033604	1	9
3R	11816758	11817194	-1	9
3L	16844863	16844942	-1	9
X	13953227	13967270	-1	9
X	10618997	10619966	-1	9
3L	19882589	19882654	-1	9
3R	30177092	30177177	1	9
2L	20917121	20918127	-1	9
2L	21666005	21666063	-1	9
2L	18473329	18473396	-1	9
2R	1516168	1516222	-1	9
3R	18251279	18251344	1	9
3R	10321227	10321465	-1	9
3R	13374209	13374279	-1	9
2L	19515108	19515168	-1	9
2R	15992934	15992993	1	9
3L	17620650	17620729	-1	9
3R	22278627	22278706	1	9
2R	21606618	21606681	-1	9
4	428049	429497	1	9
3R	21588010	21603020	-1	9
2L	13289091	13289176	1	9
2R	22601148	22601213	-1	9
3R	20795275	20797144	1	9
3R	11592625	11593322	-1	9
3L	18600369	18600429	-1	9
2L	9655770	9655851	1	9
3L	4414859	4417820	1	9
3R	13669697	13670645	-1	9
2R	6081841	6081912	-1	9
X	10846200	10846267	-1	9
X	5666799	5667210	1	9
2L	2960836	2960895	1	9
3L	20881811	20885037	-1	9
3L	3232240	3232298	1	9
2L	18838159	18838509	-1	9
2R	6755118	6755185	1	9
3R	23984193	23984362	1	9
3L	20449636	20450266	1	9
X	11608500	11608553	-1	9
X	15961720	15961835	-1	9
2R	6627215	6627309	-1	9
2R	2553878	2565119	-1	9
2R	23991615	23991675	1	9
X	4117896	4117964	1	9
3L	22340642	22406892	-1	9
3L	22778825	22783420	1	9
X	3911880	3929567	-1	9
3L	20346175	20346244	-1	9
X	7281961	7282024	-1	9
X	12475841	12475915	1	9
2L	6920862	6922731	1	9
2R	6695832	6695892	-1	9
3R	21527402	21527468	1	9
3R	15369014	15369066	-1	9
X	17950093	17950611	-1	9
X	1683261	1684453	-1	9
3L	1632455	1634500	-1	9
3L	8110655	8110730	1	9
2R	24020322	24020384	-1	9
X	19486193	19486261	-1	8
3R	7191492	7191557	1	8
3R	13658565	13658637	-1	8
3L	20434713	20434781	1	8
2R	20641119	20641181	1	8
X	2705450	2705540	1	8
2R	13219885	13219944	-1	8
3R	5593949	5594364	1	8
3R	27942134	27942435	1	8
2L	19723088	19723363	1	8
2R	12578552	12579129	-1	8
3L	17839983	17840036	-1	8
3R	5597204	5597272	-1	8
2L	17400828	17400893	1	8
X	4361109	4361966	1	8
3R	9487110	9493011	-1	8
3L	9899356	9899726	1	8
3L	14219937	14225431	1	8
2L	10968584	10968692	-1	8
2L	5042891	5043078	-1	8
X	6125976	6126245	-1	8
X	17646586	17646651	-1	8
3L	15903455	15903759	-1	8
X	254922	254984	1	8
2L	16248769	16248831	-1	8
3R	10299059	10299634	1	8
3R	21807735	21808489	-1	8
3R	16301352	16301805	1	8
3L	1723706	1723770	-1	8
3L	11722533	11722589	1	8
2L	21684912	21688474	1	8
3R	20958168	20963725	1	8
3L	9511302	9511500	-1	8
4	185917	185978	-1	8
X	8248754	8249026	-1	8
2L	12709310	12709375	-1	8
2R	7353693	7361718	-1	8
3L	21823053	21823111	1	8
X	9674444	9674814	-1	8
4	201659	203980	-1	8
2L	8089737	8105692	1	8
3L	142880	142943	1	8
3R	9234665	9237432	-1	8
2L	13386258	13386530	-1	8
3R	10738488	10738641	-1	8
3L	7341115	7341353	1	8
3R	7083587	7083690	-1	8
3R	17804997	17805055	-1	8
3R	17537295	17537356	-1	8
3L	12645041	12645113	1	8
3R	23963212	23965800	1	8
2L	5010674	5010732	-1	8
X	15836675	15836738	1	8
X	7452300	7452374	1	8
3L	5800718	5805828	-1	8
3R	5755335	5755403	-1	8
X	13706327	13709405	1	8
2R	10094635	10094696	1	8
2R	2832958	2833136	1	8
X	7322473	7322557	-1	8
2L	1014975	1015035	-1	8
3R	21771837	21771902	-1	8
3R	30133112	30133627	-1	8
2L	9257207	9272466	1	8
3R	7082766	7082837	1	8
X	20421995	20422059	-1	8
3R	15381595	15381654	1	8
X	15929403	15929472	-1	8
3R	9786078	9786135	1	8
X	4139318	4141771	-1	8
X	3706252	3708744	-1	8
2R	25255938	25256158	1	8
X	2637554	2641125	1	8
2R	19408419	19408483	-1	8
2L	13351612	13351669	-1	8
3R	25908193	25910027	1	8
3L	8450458	8451775	1	8
2R	16531396	16531459	1	8
2L	2814757	2814807	-1	8
3R	24946296	24946884	1	8
2R	9089225	9089291	1	8
3R	21973399	21975155	1	8
3R	20750758	20752346	1	8
2L	9789733	9789791	-1	8
3L	1660227	1661109	-1	8
3R	14733029	14733224	-1	8
2L	4123479	4123538	1	8
3R	10328479	10328571	-1	8
2R	6627215	6627320	-1	8
2L	1555206	1556540	1	8
X	11369804	11373817	1	8
3L	13986169	13992976	-1	8
3L	8601038	8601314	1	8
3L	16070571	16070833	1	8
3L	7696725	7696780	-1	8
3R	31769649	31769708	-1	8
X	3857678	3858391	-1	8
X	12230371	12233276	1	8
2R	4812724	4812779	-1	8
4	75166	82638	1	8
2R	16291056	16291124	-1	8
3L	982104	982175	1	8
X	11369709	11373817	1	8
2L	9809403	9815803	-1	8
2R	1265532	1266192	1	8
2R	23893419	23893475	-1	8
X	19344595	19344905	-1	8
2L	20865586	20866936	1	8
3R	23921781	23922896	-1	8
2R	2495024	2553783	-1	8
2L	6291379	6293485	1	8
3R	17377054	17377117	-1	8
X	15945329	15945397	1	8
3L	7453510	7453660	1	8
X	11609714	11610202	-1	8
3L	11525677	11527182	-1	8
3R	8832275	8832354	-1	8
3L	4563903	4578760	1	8
2L	3029007	3029064	-1	8
3R	9487218	9493396	-1	8
2R	9972444	9972501	1	8
4	178837	178937	-1	8
3L	18899140	18899306	1	8
2R	13531620	13532661	-1	8
2R	8732406	8732465	-1	8
3L	1659363	1659846	-1	8
3R	15372764	15372849	1	8
2L	4314616	4318577	1	8
2R	24527178	24527237	1	8
3L	9411983	9413203	1	8
2R	24173256	24173316	1	8
2L	21141009	21141178	-1	8
2L	450879	452577	-1	8
4	876240	876296	-1	8
3L	23032202	23033528	1	8
X	13740113	13740678	1	8
2L	16730856	16730909	-1	8
2R	14853556	14853614	1	8
4	614423	615036	1	8
3R	12456732	12456799	1	8
3R	14568600	14568664	-1	8
3R	23983898	23984362	1	8
3R	20838262	20838325	1	8
3L	13873267	13873922	-1	8
X	8174223	8174816	-1	8
2L	11281781	11281840	1	8
2R	14865275	14865342	-1	8
X	9094349	9094411	-1	8
2L	18938686	18938754	-1	8
2L	13965397	13965475	-1	8
2R	14809524	14809586	1	8
2R	6221277	6233266	1	8
3L	12750740	12751307	1	8
2R	19179110	19179377	1	8
2R	24088544	24088604	1	8
2L	1017769	1019268	-1	8
2R	23752906	23752965	1	8
3L	22583363	22595872	-1	8
2L	4468362	4468425	-1	8
2L	22253922	22257653	1	8
3L	22867319	22867400	1	8
4	1149214	1150608	1	8
X	17643248	17643681	-1	8
2R	10151053	10152904	-1	8
X	11398823	11400788	1	8
2R	23960720	23961220	1	8
X	17857651	17858052	1	8
3L	11059101	11059159	1	8
3L	827470	827646	-1	8
3R	17393601	17393673	-1	8
3L	23126119	23126200	1	8
3L	17527281	17527336	-1	8
2L	21711411	21712769	1	8
2L	449321	449435	-1	8
X	2293294	2293353	-1	8
X	14274017	14274204	1	8
2L	10249260	10250281	-1	8
2L	5074030	5074092	-1	8
X	22866943	22867739	1	8
2L	10965911	10965993	-1	8
3R	27382556	27384202	-1	8
2L	318121	325678	1	8
2R	19161594	19161660	1	8
3L	21333265	21333350	1	8
2R	8209626	8209714	1	8
3R	30465318	30465378	1	8
4	930132	930512	-1	8
3R	16639092	16639573	1	8
2R	5202064	5203752	-1	8
3L	9456681	9456766	-1	8
2L	21281338	21281396	1	8
2R	23545264	23545326	-1	8
3R	5757082	5757144	-1	8
3L	1492230	1492314	-1	8
X	13713360	13713424	1	8
2R	23684933	23684995	-1	8
2R	5117803	5120763	-1	8
2L	18838796	18838883	-1	8
3R	13229771	13232679	-1	8
3L	19261793	19261878	1	8
X	3256212	3258614	1	8
3R	14683741	14696485	-1	8
2R	17593905	17593966	1	8
2L	13446712	13473806	1	8
3R	10511538	10511759	-1	8
X	18445985	18446094	-1	8
3L	269347	270226	1	8
3L	12752923	12752984	1	8
2L	22168321	22168380	-1	8
2R	18688369	18692041	1	8
2R	18836579	18836655	1	8
2L	11985772	11985833	-1	8
3R	24067626	24102779	-1	8
2L	3889785	3893262	-1	8
2L	8083878	8089185	1	8
2L	21380827	21382019	1	8
X	8687055	8687232	1	8
X	18039958	18040202	-1	8
3R	4332478	4332992	-1	8
X	19329934	19330101	-1	8
4	587094	587149	1	8
2L	284211	284748	-1	8
3L	17078199	17084108	-1	8
X	10519778	10522803	-1	8
2R	13654455	13672368	1	8
X	6684071	6684128	1	8
X	8408779	8409403	-1	8
X	13728818	13728880	-1	8
3R	31254024	31254079	-1	8
X	560777	570862	1	8
3R	21202331	21202452	1	8
3R	18943116	18947291	1	8
3L	24210139	24253796	1	8
3R	9472340	9472405	-1	8
X	15878685	15878750	-1	8
X	2673619	2677101	1	8
2L	20832466	20832665	1	8
3R	4401486	4401601	1	8
2R	16633011	16633081	-1	8
2L	16168649	16169487	1	8
2L	9256697	9272466	1	8
2R	4378696	4378749	-1	8
3R	14006020	14026878	-1	8
3L	22279560	22279614	1	8
2L	14088609	14088723	1	8
3R	30208201	30208390	-1	8
3R	25043679	25043735	-1	8
3R	20578793	20578914	-1	8
X	13157854	13157914	-1	8
2R	21293790	21294054	1	8
3L	24724431	24725824	1	8
X	22995915	22996057	-1	8
3R	21308134	21308412	1	8
X	5682282	5682351	1	8
2L	16177075	16177133	1	8
X	20045023	20062055	-1	8
3L	16352916	16352971	1	8
X	22765026	22797279	1	8
3R	17006502	17006576	1	8
X	23100803	23100860	1	8
2R	8686621	8686681	-1	8
3L	16355368	16355634	-1	8
X	2480909	2481070	-1	8
2R	12153729	12153906	1	8
3R	1138973	1191610	1	8
3L	9400185	9400419	-1	8
3L	5997654	6018060	1	8
2L	9177631	9191615	1	8
3R	28418868	28442770	1	8
3L	3334172	3334227	-1	8
2R	18972187	18972245	-1	8
3L	16077283	16080759	1	8
3R	28970583	28972522	1	8
3R	19874287	19874345	-1	8
X	17646894	17646959	-1	8
2R	5092477	5092527	1	8
3L	2593500	2593561	1	8
3L	19611208	19611325	-1	8
X	2966081	2973401	-1	8
3L	5545102	5550784	-1	8
3R	16275170	16289631	1	8
X	1016247	1016521	-1	8
3R	12417393	12417448	-1	8
2R	16942616	16942674	1	8
3R	5972316	5972370	-1	8
3R	6363231	6365004	-1	8
3L	14746648	14746708	1	8
2R	4131980	4132037	1	8
2L	1837407	1842899	1	8
X	16311432	16311488	-1	8
3L	11606472	11606536	-1	8
2R	14235188	14235286	-1	8
3R	7195896	7196294	1	8
3R	27109059	27109127	-1	8
2L	8338489	8338580	1	8
2R	16266654	16266719	1	8
2L	21665596	21665918	-1	8
4	1145104	1145208	-1	8
2R	10479426	10479482	-1	8
3R	31778759	31779030	1	8
4	1265410	1270732	1	8
2L	21380601	21382019	1	8
3R	4911086	4917397	1	8
3R	11966740	11966797	-1	8
X	10348860	10356372	-1	8
2R	10090800	10091757	1	8
4	1193860	1195428	-1	8
2L	20575571	20598717	1	8
3R	24662523	24664364	1	8
3R	12632586	12632651	1	8
2L	14042235	14060961	1	8
2R	14993429	14993512	-1	8
3L	23019098	23019155	1	8
2R	21212584	21212788	1	8
3R	21269685	21269745	-1	8
X	15932462	15932522	-1	8
3L	14040595	14041427	1	8
X	8441684	8441742	-1	8
2L	21142013	21142239	-1	8
2R	24570354	24570435	-1	8
3L	20881811	20885032	-1	8
3R	20797677	20797747	1	8
2R	12924352	12924422	1	8
2R	19119484	19120524	1	8
2R	14258370	14258432	1	8
3R	8796937	8797324	-1	8
2R	12882533	12882742	1	8
2R	22876093	22876145	1	8
X	3949373	3949481	1	8
3L	8889063	8889164	1	8
2R	22346710	22360254	1	8
X	13619666	13619738	-1	8
3R	26453242	26453569	1	8
3L	3606607	3633538	1	8
3L	5193815	5218950	-1	8
2R	23968509	23968566	1	8
3L	5138293	5138349	1	8
2L	9890484	9890542	-1	8
2R	22129692	22129764	1	8
2L	4843659	4843718	-1	8
3R	22618030	22618084	1	8
3L	23095306	23095426	-1	8
3R	10613801	10638624	-1	8
X	13669745	13670132	1	8
2L	6049633	6050074	1	8
3R	13709383	13709441	-1	8
X	15010877	15013421	-1	8
2R	21606194	21606468	-1	8
2R	13337349	13344501	-1	8
X	11579400	11579512	1	8
2L	21388843	21388914	-1	8
2R	13580537	13580834	-1	8
X	52871	52947	-1	8
3L	19263906	19263981	-1	8
X	15411104	15419963	-1	8
2R	4728352	4728433	-1	8
2R	4787076	4787138	-1	8
3R	24788280	24790117	1	8
X	16357218	16357295	-1	8
2L	5041837	5042491	-1	8
2R	9042610	9042666	-1	8
X	15932622	15932850	-1	8
2R	18127298	18127865	1	8
3R	19088301	19093689	-1	8
X	9472658	9499874	-1	8
3R	17915165	17916152	-1	7
3R	20948830	20960726	1	7
3L	19924367	19924422	1	7
3L	5676949	5685533	1	7
2L	15093684	15094679	1	7
3L	16788544	16788662	-1	7
3R	11208182	11208247	1	7
3R	5226996	5227324	1	7
3L	1318048	1318115	1	7
4	1148888	1148989	1	7
2L	2401334	2401890	1	7
3L	17400573	17400810	-1	7
2R	5091801	5091872	1	7
2R	16753903	16753963	-1	7
2R	23830273	23830356	1	7
X	1234280	1236445	-1	7
2L	5045484	5045822	1	7
X	11622256	11622313	1	7
2R	11587139	11587538	-1	7
2L	16247385	16247504	-1	7
3R	31788198	31789497	1	7
3L	21231113	21231169	1	7
3R	17875546	17876332	-1	7
3R	29137287	29137352	1	7
3L	7312231	7312889	-1	7
X	1691134	1691207	-1	7
2R	7051614	7051676	1	7
X	20062365	20062659	-1	7
3L	4075539	4075596	-1	7
3R	10321583	10321662	-1	7
3L	13602477	13638517	-1	7
3L	15810308	15812478	-1	7
3L	23239018	23262708	1	7
3L	972403	973636	1	7
3R	15957182	15957591	1	7
X	14586437	14586497	-1	7
2R	6627922	6632027	-1	7
2R	12870983	12871139	1	7
3R	6359311	6359382	1	7
2R	23735789	23735854	-1	7
3R	20823966	20824093	-1	7
2L	21712967	21713028	1	7
3L	16052151	16052755	1	7
2L	8369761	8369828	1	7
2L	13609988	13610056	1	7
2L	16310144	16310267	-1	7
3R	23983910	23984347	1	7
3L	13965631	13968647	1	7
2R	10717402	10717965	1	7
3R	15295545	15300110	1	7
3R	22364128	22364197	1	7
X	13869706	13870320	-1	7
X	22995915	23004429	-1	7
2R	16290752	16290928	1	7
3L	2636002	2637068	1	7
X	3289846	3336805	1	7
3R	28529696	28529752	-1	7
X	4357277	4357345	1	7
3L	21447498	21447556	1	7
3R	25135249	25135308	1	7
3L	15523465	15523833	-1	7
2R	23966128	23966272	1	7
3L	17077707	17078116	-1	7
X	13383354	13383430	-1	7
2L	9164684	9165137	1	7
3L	8351380	8351767	1	7
2R	22337913	22338801	-1	7
3R	15263945	15264353	1	7
3L	19806453	19806510	1	7
3R	20252917	20253627	1	7
2L	14932659	14934869	-1	7
2R	10135673	10135742	1	7
2R	23368033	23375321	-1	7
3L	13251212	13265180	1	7
X	17634978	17635342	-1	7
2L	11110922	11110980	-1	7
3R	7244472	7244528	-1	7
3L	24253922	24297681	1	7
3R	5669158	5669290	-1	7
3L	3904286	3904506	1	7
2R	7027642	7027702	1	7
3R	8655907	8655978	-1	7
4	349425	349481	-1	7
2L	17815718	17827421	-1	7
2L	7057157	7057224	1	7
2L	8083901	8089251	1	7
3R	23983911	23984362	1	7
X	13297652	13297747	1	7
2L	10368455	10368601	-1	7
3R	12628985	12629222	1	7
X	11439107	11453796	-1	7
3R	13969787	13969909	-1	7
4	210487	210558	1	7
X	11360529	11360664	1	7
4	123893	129322	-1	7
3L	24162792	24163051	1	7
3R	24328858	24328925	-1	7
2L	14616438	14616503	1	7
3L	9779594	9779652	1	7
2R	9992697	9992763	1	7
3R	17809800	17809858	-1	7
3L	16040066	16050458	-1	7
2R	8012283	8012347	-1	7
3R	22751367	22766611	1	7
2L	13372637	13372695	-1	7
2R	23942602	23944230	1	7
X	23030610	23030667	1	7
3R	5593874	5594458	1	7
3R	25852321	25852428	1	7
X	8050557	8051371	-1	7
3R	27292331	27292391	1	7
3R	6385683	6385748	1	7
2R	7385020	7385083	-1	7
3R	26195619	26210113	1	7
2R	14038424	14038710	1	7
3R	23861506	23861577	-1	7
3L	5735921	5735986	1	7
3L	19232573	19235014	-1	7
3L	17073791	17074193	-1	7
2R	16341422	16341481	-1	7
3R	13695643	13695706	-1	7
2R	6026474	6026557	-1	7
2R	11447364	11447527	1	7
3L	15503243	15503308	1	7
4	1165488	1165550	1	7
X	6285368	6285432	-1	7
2R	14364936	14364996	1	7
X	10627776	10630189	1	7
X	18167834	18168403	1	7
2L	10412568	10412624	-1	7
2R	16762034	16762188	-1	7
2R	10090800	10093144	1	7
3L	14406838	14409615	-1	7
2R	16556294	16556353	1	7
2L	10201529	10201599	1	7
2L	8200281	8200346	1	7
2R	16269656	16269794	-1	7
3R	9400879	9400942	-1	7
2R	24892072	24892284	1	7
2L	18123909	18126497	1	7
3L	12852278	12852427	1	7
3L	8602854	8602915	-1	7
2R	24527046	24527106	1	7
3R	21306961	21307517	1	7
2R	18496869	18497842	-1	7
3L	11736766	11736858	-1	7
3R	791886	795263	1	7
2R	16048279	16048337	1	7
2L	18120078	18123349	1	7
3L	23278463	23283733	1	7
3L	4084799	4085623	-1	7
2R	18757389	18757448	-1	7
3L	9162975	9170638	-1	7
3L	9151874	9155026	-1	7
2L	20826971	20827032	1	7
3L	4918515	4918596	1	7
3L	11196876	11197153	-1	7
3L	6401194	6449107	1	7
4	69982	72321	1	7
X	18133372	18133711	-1	7
3L	5584705	5584759	1	7
2R	1591018	1726644	1	7
3R	16225362	16225422	-1	7
3R	23291429	23291496	-1	7
X	13295625	13295689	-1	7
3L	23099724	23100245	1	7
3R	23851112	23858726	1	7
X	14794153	14794215	-1	7
3L	21281130	21281185	-1	7
3R	23250364	23250427	-1	7
X	15989297	15989375	-1	7
3L	12785607	12785672	-1	7
2R	22606170	22606247	1	7
X	3964353	3964417	1	7
2R	15145272	15145383	-1	7
3R	7847118	7847429	1	7
3R	5375925	5375987	1	7
2R	21658276	21658346	1	7
3R	17774489	17775969	-1	7
3L	198690	198762	-1	7
4	904656	904769	-1	7
3R	19218512	19218969	-1	7
2R	4756260	4756316	1	7
3R	4284407	4286009	1	7
3L	12736161	12736253	1	7
2R	16178953	16181981	1	7
2R	12183578	12183639	1	7
3R	9240069	9240202	-1	7
X	5415456	5415528	-1	7
2L	19493383	19493666	1	7
X	19685911	19685990	1	7
3R	23963462	23965611	1	7
X	18192564	18199124	-1	7
3L	7980983	8017584	1	7
X	23217117	23249618	1	7
3L	17400540	17400823	-1	7
3R	21949403	21949640	1	7
2R	13444695	13444765	-1	7
3R	11581840	11583314	1	7
2R	5210875	5212329	-1	7
3R	20403395	20411082	-1	7
X	5319757	5319813	-1	7
3L	23327325	23327377	-1	7
3R	16999821	16999882	-1	7
2R	432461	438894	1	7
3L	9158079	9161264	-1	7
3R	23983927	23984283	1	7
4	992247	996512	1	7
2R	23397090	23397145	-1	7
3R	20029039	20029200	1	7
3L	13872858	13872922	-1	7
3R	12561805	12595411	-1	7
2L	4459430	4459484	-1	7
2L	5155850	5158455	1	7
X	16789718	16789773	-1	7
3L	1299201	1299319	1	7
2L	20598773	20609798	1	7
3L	2896788	2897244	1	7
2R	21181762	21181836	1	7
3R	15365346	15365407	-1	7
3R	11817339	11818006	-1	7
3L	4578112	4582905	1	7
3R	23976934	23976997	1	7
3L	7854190	7855279	-1	7
4	447036	447101	1	7
2L	2227282	2229266	1	7
3R	20817215	20817309	-1	7
3L	18749480	18749548	1	7
3L	9150817	9169789	-1	7
3R	26663353	26663598	-1	7
3R	17652969	17653287	-1	7
X	18027715	18027769	1	7
2R	2495024	2515645	-1	7
X	479946	480030	1	7
3R	21306640	21306918	1	7
X	10781829	10782027	-1	7
2L	9515495	9515565	1	7
3R	27665376	27665429	1	7
3R	5151729	5153523	1	7
2L	17602704	17603116	1	7
X	15950386	15951150	-1	7
2R	14291916	14292046	1	7
3R	8221860	8221920	1	7
3L	6737478	6737535	-1	7
4	997884	998623	1	7
3L	12740858	12740920	1	7
3R	28031426	28043586	1	7
2R	19588744	19600882	-1	7
2R	19027308	19028618	-1	7
X	16475751	16477449	-1	7
3L	20846292	20846349	-1	7
X	15992662	15993472	-1	7
3R	7806771	7807582	-1	7
3L	17084157	17128879	-1	7
X	15114108	15114698	-1	7
2R	4238463	4238523	-1	7
3L	16350648	16350710	-1	7
2R	19282712	19282772	-1	7
3R	7888930	7889096	1	7
3R	10218692	10219779	1	7
2L	20677828	20677879	1	7
X	11793901	11793974	1	7
2R	19460617	19470597	1	7
3R	16632295	16632362	1	7
3R	11815334	11816277	-1	7
3R	31935392	31959035	-1	7
4	281893	282436	-1	7
3R	23959594	23960478	1	7
3R	32053556	32053623	1	7
3R	25044757	25044972	-1	7
4	668575	669130	1	7
3L	15554223	15554290	1	7
3R	14616184	14616952	1	7
3L	4379597	4380287	-1	7
X	12938987	12941959	1	7
3L	1174608	1176981	-1	7
3R	11593355	11593633	-1	7
2L	3989801	3991729	-1	7
3L	9869323	9869446	1	7
X	3861951	3862021	-1	7
2L	112020	112690	1	7
2R	20138268	20140118	1	7
2L	1170364	1170419	1	7
X	23014109	23014453	1	7
3R	31935776	31959035	-1	7
4	250137	250190	-1	7
3L	7529199	7532672	1	7
2R	14946604	14947179	-1	7
2R	8724465	8726615	1	7
X	2265817	2265877	-1	7
2L	11112432	11112493	-1	7
2R	23923394	23924002	1	7
3R	11224213	11224844	1	7
3R	9332626	9332683	-1	7
2L	2970044	2971731	-1	7
2L	11988330	11988384	1	7
3L	8444553	8449149	1	7
3L	6185645	6185704	1	7
3R	31750587	31750757	1	7
2R	22747278	22747367	-1	7
3R	24104964	24105185	-1	7
X	8548526	8551750	1	7
2L	6466765	6466819	-1	7
X	3699274	3699339	1	7
3L	1658156	1660363	-1	7
2R	5857582	5858447	1	7
2R	24771791	24771849	-1	7
2L	5856319	5856404	1	7
3R	9234665	9237617	-1	7
2L	20917121	20918799	-1	7
X	6532546	6533124	-1	7
X	12731907	12742319	-1	7
3R	21367694	21367910	1	7
2L	10329136	10329196	-1	7
2L	21575114	21575965	1	7
2R	22743552	22743841	-1	7
3R	9943588	9943677	1	7
3R	5666962	5667098	-1	7
2L	20422412	20422469	1	7
3L	13017613	13017676	-1	7
3R	15290448	15290502	-1	7
X	15102906	15102977	1	7
X	2442733	2443734	-1	7
2R	25028485	25028542	1	7
3R	15956905	15957650	1	7
3L	9714400	9714506	1	7
2R	18718995	18732555	1	7
2R	18638618	18638819	-1	7
3L	20023640	20023953	1	7
X	6349386	6349442	-1	7
4	892950	893455	-1	7
X	1783589	1783656	1	7
3R	11430275	11430339	1	7
2R	11808064	11809901	1	7
2R	23924095	23924416	1	7
X	17868167	17868982	-1	7
2R	24891879	24892284	1	7
3R	23983900	23984336	1	7
3R	24576519	24577177	-1	7
2R	1590884	1590940	1	7
X	19363022	19433154	1	7
4	108373	108427	1	7
3L	7656204	7662471	-1	7
2R	24577882	24577934	-1	7
X	10255587	10258878	-1	7
X	645914	645990	1	7
X	15962452	15962536	-1	7
2L	8564297	8622103	1	7
2R	10481291	10481363	1	7
3R	24818701	24818803	1	7
X	10072686	10072749	-1	7
3R	25701456	25701525	-1	7
3R	17149921	17149998	1	7
4	1115895	1115956	-1	7
3R	25262886	25262945	1	7
2L	6069251	6069347	1	7
2L	17708221	17709439	-1	7
3R	10866694	10866809	-1	7
2L	14040446	14041321	1	7
3R	11377216	11378035	1	7
X	9071802	9071872	-1	7
4	249633	249790	-1	7
X	5636579	5637535	-1	7
3L	10688598	10688679	1	7
2R	5699680	5699737	1	7
2R	23912635	23912729	1	7
4	305179	305396	-1	7
3R	25417965	25472482	-1	7
2R	1080442	1105847	1	7
3R	18176700	18176805	1	7
2L	13560452	13565220	1	7
2L	9176658	9177125	1	7
2L	155971	156045	1	7
2L	11281407	11281472	1	7
2L	19524967	19525024	1	7
3L	11196876	11197155	-1	7
X	19342041	19342282	-1	7
X	9495850	9498082	-1	7
2L	16176803	16176865	1	7
3L	12697004	12705220	1	7
3R	14791253	14793443	1	7
3L	12122774	12122837	-1	7
X	15758330	15760240	-1	7
X	5794347	5794476	1	7
X	12656153	12656334	1	7
2L	7183816	7183872	1	7
X	9231939	9232003	-1	7
3R	11221933	11222175	1	7
X	6227916	6227977	1	7
3R	7872119	7885854	-1	7
2L	8338666	8340184	1	7
3R	23696877	23696940	-1	7
2L	20647789	20647964	1	7
3L	6077346	6078919	1	7
3R	21777598	21777649	-1	7
X	15395192	15396399	-1	7
3L	16774367	16774430	1	7
3R	21791600	21791729	-1	7
3R	20911913	20911971	-1	7
3L	22269492	22269574	1	7
2L	20919393	20919451	-1	7
4	1120607	1120659	-1	7
4	1303756	1303874	1	7
3R	4405420	4405480	1	7
3R	24633500	24633558	1	7
2R	8143075	8156055	-1	7
3R	22729540	22729610	1	7
2L	10420346	10420401	1	7
2R	14602264	14603224	-1	7
3L	23127252	23127313	1	7
X	16504299	16505507	-1	7
X	139781	139851	1	7
3R	23983904	23984362	1	7
3R	9265409	9265480	-1	7
3R	26459839	26459895	1	7
3L	4188885	4189676	1	7
3L	23334741	23337875	-1	7
2L	10274106	10274165	-1	7
2L	17170261	17170329	1	7
2L	3494622	3495480	-1	7
3L	3860412	3860636	1	7
2R	19176744	19177303	1	7
3L	23325824	23325889	-1	7
2L	12311094	12312376	1	7
3R	4659826	4660239	1	7
X	7088750	7091674	-1	7
3R	19874511	19875398	-1	7
3R	26532423	26535159	-1	7
3L	23024170	23029837	1	7
3R	6355181	6355266	1	7
2L	6474652	6474708	-1	7
3R	7573987	7574278	-1	7
3L	19996781	19996850	1	7
2L	20903560	20916905	-1	7
X	10077369	10078486	-1	7
3L	4173277	4173338	1	7
3R	17072995	17073053	1	7
X	6350055	6350122	-1	7
2L	10218173	10218232	-1	7
2L	10255271	10255721	-1	7
4	1078830	1082127	-1	7
2L	3869477	3869543	1	7
3L	19263525	19263840	-1	7
3L	7854190	7854742	-1	7
X	15094614	15094667	1	7
2L	17401291	17401519	1	7
X	22503741	22504229	1	7
4	305179	305696	-1	7
X	18039958	18040213	-1	7
2L	13909029	13909093	1	7
2R	12610722	12611009	1	7
X	6120350	6123389	-1	7
3L	11527343	11561894	-1	7
3L	1573621	1573680	1	7
2R	6988266	6988571	1	7
2L	21634610	21634726	1	7
3L	15493582	15494567	-1	7
2R	9780257	9793183	-1	7
3L	21341516	21341575	-1	7
2R	2119245	2261829	-1	7
3L	19199498	19211467	-1	7
3R	5592039	5592568	1	7
2R	19176524	19176588	1	7
X	8060159	8060751	-1	7
X	14931986	14932048	1	7
3L	8886971	8887097	1	7
2L	3071765	3080651	-1	7
3R	23983924	23984290	1	7
2R	20551723	20551782	-1	7
2L	2582403	2582466	-1	7
2R	5326000	5326063	1	7
2R	17562539	17562660	1	7
3L	8126955	8127011	-1	7
2R	11588128	11588363	-1	7
3R	5578371	5578438	1	7
3L	4554923	4554973	-1	7
2L	2772413	2793415	-1	7
3R	22465676	22465737	1	7
3L	21267106	21267167	-1	7
2L	5204593	5204836	1	7
3R	5414660	5416467	1	7
3R	9709325	9709388	-1	7
3R	24343356	24343457	1	7
3L	4180968	4181028	-1	7
3R	28820518	28820572	1	6
3R	13969540	13969608	-1	6
X	15929259	15929341	-1	6
3L	9123911	9125172	-1	6
3R	21310825	21313536	1	6
2R	16641693	16642052	1	6
2L	8008653	8008718	-1	6
2R	17220104	17274427	1	6
4	308290	308431	1	6
2L	6904074	6904133	1	6
3L	2632122	2633538	1	6
2R	24698731	24726849	-1	6
2L	201062	201127	1	6
X	19880437	19880505	1	6
2R	4749514	4754500	1	6
3L	5568997	5569117	-1	6
3L	17434334	17434394	1	6
3R	16274882	16274954	1	6
2L	11077067	11077123	-1	6
3R	6359023	6359092	1	6
2L	2745495	2745557	1	6
3R	21785992	21820783	-1	6
3L	23330090	23330698	-1	6
X	2739546	2741423	-1	6
2R	8164507	8164568	-1	6
2R	5204279	5212329	-1	6
X	6604208	6605180	1	6
X	10070724	10070839	-1	6
2R	24066314	24066561	-1	6
X	9472658	9499886	-1	6
3L	4133823	4134454	-1	6
2L	21175225	21175280	-1	6
2R	24100744	24100803	1	6
3R	24191988	24192046	-1	6
2L	9935424	9935486	-1	6
4	1181282	1181590	-1	6
3L	974301	974720	1	6
2L	10994022	10994849	1	6
2R	19237064	19238152	1	6
2L	6790968	6791031	-1	6
3L	1003654	1003728	-1	6
2R	2423314	2423543	-1	6
X	16592747	16592944	-1	6
2R	8102545	8102608	-1	6
3L	6123620	6129769	1	6
2R	24185290	24185478	1	6
2R	24185528	24185715	1	6
3R	22379605	22379666	1	6
X	20315950	20330118	-1	6
2L	19489213	19489300	-1	6
2R	2053619	2116217	-1	6
3L	9413808	9415408	-1	6
X	521697	522986	-1	6
2R	24048261	24048335	-1	6
2L	7237791	7248829	-1	6
3L	20017308	20017373	1	6
X	12196624	12197186	1	6
2L	19702026	19702327	1	6
X	5082240	5082341	-1	6
2R	17538623	17538694	1	6
3R	28324650	28324810	-1	6
3R	4911086	4917397	-1	6
2R	24121475	24121533	1	6
4	805311	968822	-1	6
2L	5605980	5606039	-1	6
3R	29640311	29640626	-1	6
2L	8009851	8009905	-1	6
3L	20515621	20515725	-1	6
2R	14384910	14384975	1	6
2R	15938979	15939037	-1	6
3R	21309637	21309914	1	6
2R	12200040	12200428	-1	6
3R	21309464	21309742	1	6
2R	24244699	24255001	1	6
X	3784442	3784528	1	6
X	3190577	3244735	1	6
2R	8012881	8013072	-1	6
X	18826288	18826393	1	6
2L	16604397	16621836	1	6
2L	10179520	10180107	-1	6
mitochondrion_genome	2874	10767	1	6
3R	20750758	20753509	1	6
3R	28925802	28925913	-1	6
X	21376667	21379588	1	6
2R	9537077	9537139	1	6
3R	19507080	19554818	1	6
2L	2977531	2977587	1	6
3L	709155	709212	-1	6
2L	14040277	14041321	1	6
3R	31217945	31218943	-1	6
3L	450171	451127	-1	6
X	19703198	19703403	-1	6
2L	10269320	10269376	1	6
3R	5488308	5488532	1	6
X	5903081	5904582	1	6
2L	10265772	10265827	1	6
2L	5955724	5955781	-1	6
3R	17909507	17915010	-1	6
X	7926700	7926765	-1	6
3R	4094075	4094149	1	6
X	16082727	16082779	-1	6
3L	17128972	17164913	-1	6
3R	29659394	29659792	-1	6
2R	6084008	6084508	-1	6
2L	10205138	10206907	-1	6
3R	9876224	9892640	1	6
2L	2678058	2683868	1	6
3R	23983903	23984422	1	6
3L	11603255	11603339	1	6
3R	23983733	23984353	1	6
4	955051	956545	-1	6
4	320035	328158	1	6
2R	14276407	14277139	1	6
3L	5644633	5644735	1	6
3R	7795220	7795593	1	6
3L	9107156	9107342	-1	6
3L	22269921	22271558	1	6
3R	23817031	23818227	-1	6
2L	10224812	10225745	-1	6
X	14620889	14652143	-1	6
X	15950283	15950355	-1	6
3R	16625343	16625969	1	6
2R	15469441	15471634	1	6
X	16514185	16521626	-1	6
2R	17781280	17781341	-1	6
3R	4412568	4412881	-1	6
4	305179	305388	-1	6
3L	3839865	3842278	1	6
4	138575	140270	1	6
2L	4994995	5004172	-1	6
2L	560306	560370	1	6
X	15860251	15861152	1	6
X	19236314	19236505	-1	6
2R	8168127	8168190	1	6
2R	18622589	18622645	1	6
3R	9259188	9259254	1	6
2L	18687127	18687187	-1	6
3R	5335061	5349744	-1	6
3L	23379650	23392257	-1	6
3L	2597143	2597194	-1	6
2R	16024215	16024273	1	6
3L	1500389	1501351	-1	6
3R	5657933	5658141	-1	6
2R	578992	579044	1	6
2L	6646948	6647951	-1	6
X	3699487	3699684	1	6
X	11369508	11369574	-1	6
2L	1726656	1727646	-1	6
3L	3234707	3234805	1	6
2L	5339483	5339545	-1	6
3R	21306918	21307196	1	6
2R	13957351	13957962	-1	6
4	189249	191309	-1	6
X	6807438	6807496	1	6
3R	15346777	15347748	1	6
4	574429	575335	1	6
2L	10330593	10331080	-1	6
3L	4589968	4590032	1	6
X	9163424	9165682	1	6
X	5634029	5634241	-1	6
3L	15016618	15016825	-1	6
2L	13215433	13215659	-1	6
3R	11950355	11950427	1	6
2L	10357436	10357492	1	6
3L	2769978	2770042	-1	6
2L	19181397	19181454	-1	6
3L	5679188	5685533	1	6
2R	13854919	13854975	-1	6
2R	24063428	24065306	1	6
X	11664980	11666698	1	6
2L	13831135	13831188	1	6
3R	23768330	23768457	1	6
X	530535	531627	1	6
2L	8415887	8426874	1	6
4	585773	585840	1	6
2L	20074129	20074191	-1	6
2R	6754439	6754702	1	6
X	13084571	13085596	-1	6
2R	14988084	14988143	-1	6
2R	22877007	22877075	1	6
2R	25253441	25253581	1	6
2R	17699450	17699858	1	6
X	15916072	15916474	1	6
X	7913801	7914263	1	6
2R	11447209	11447270	1	6
3R	18182534	18182596	-1	6
2R	18641573	18641635	-1	6
3R	13011749	13015108	1	6
4	95003	97822	1	6
3R	31255970	31256038	1	6
3R	5667306	5667693	-1	6
2R	17789849	17789919	1	6
3R	21117061	21117117	1	6
2R	10425191	10425254	1	6
3R	29864137	29864195	-1	6
2L	14041234	14041321	1	6
3L	21554181	21554554	-1	6
2L	2961673	2961739	1	6
X	11400833	11402707	1	6
3R	6458302	6458403	1	6
2L	22247382	22247481	-1	6
3R	5569972	5570028	1	6
2L	13636214	13637288	1	6
2L	159818	160009	1	6
2R	16764375	16764839	-1	6
X	13198976	13199048	-1	6
X	13758307	13758360	1	6
2R	4236363	4236413	-1	6
3L	5544396	5544972	-1	6
4	1014527	1014583	-1	6
3R	15835087	15835197	1	6
X	15989269	15989392	-1	6
2R	18659931	18659986	-1	6
3R	24827100	24827158	-1	6
3R	4702412	4705723	1	6
2R	16925038	16925619	1	6
2L	18475274	18475336	-1	6
2L	10994022	10995844	1	6
X	22460773	22461275	1	6
2R	19235165	19235471	1	6
3R	26875102	26875174	-1	6
3L	18879225	18879287	-1	6
X	20329276	20330118	-1	6
X	20491395	20505338	-1	6
X	20505385	20509366	-1	6
X	17143768	17146825	-1	6
3L	9050360	9057543	-1	6
2R	18751833	18751953	1	6
3R	24060945	24061011	1	6
2R	15221566	15221728	1	6
2L	234175	234237	-1	6
2L	20079473	20084578	-1	6
3L	3860762	3860891	1	6
3R	18334300	18352725	-1	6
3R	5489900	5489970	-1	6
3L	5163150	5163345	-1	6
2L	7384691	7385041	-1	6
X	10256811	10260900	1	6
X	12519166	12519228	-1	6
3R	4333160	4333222	-1	6
X	17872754	17873255	-1	6
2L	22240403	22246378	1	6
3R	14120229	14120285	-1	6
2R	23882061	23882115	-1	6
2L	1019322	1033687	-1	6
2L	18683301	18683370	1	6
2L	2059984	2061810	-1	6
2R	15221824	15222044	1	6
2R	15936584	15938115	-1	6
3L	10037472	10040856	1	6
2R	15384300	15384496	1	6
2R	16924978	16925705	1	6
3R	27165042	27165109	-1	6
3R	21111467	21111655	1	6
2R	22919072	22919165	-1	6
3L	14774692	14774758	-1	6
3L	281735	282087	1	6
3L	1871918	1872354	-1	6
3L	22615795	22637195	-1	6
X	19561796	19562411	-1	6
2L	7820401	7820462	1	6
3L	4189035	4189676	1	6
X	8140918	8141636	-1	6
3L	21420858	21420918	-1	6
3L	15813627	15815936	1	6
2R	15138437	15138509	1	6
X	11698436	11698500	1	6
3L	5247844	5248195	-1	6
2L	1052266	1052331	-1	6
2R	22000807	22004708	-1	6
X	11482602	11482698	1	6
3L	16959217	16959285	1	6
3R	8247652	8247709	1	6
3L	19891461	19897850	-1	6
2L	16250159	16251624	-1	6
2L	7385367	7385431	-1	6
2L	21121770	21122251	1	6
2R	6010548	6010610	1	6
X	9008202	9013311	1	6
X	8876753	8880292	-1	6
4	1295901	1295965	1	6
3R	23220644	23221762	-1	6
3R	1246487	1246854	1	6
3L	269752	270167	1	6
X	8294242	8295710	1	6
X	13768158	13768659	1	6
mitochondrion_genome	2652	2791	1	6
2R	4236857	4236914	-1	6
2L	21124374	21124443	1	6
2R	13215800	13215856	-1	6
2L	7661775	7662789	-1	6
3R	7137587	7137850	1	6
X	15752473	15752541	-1	6
2L	19896324	19901933	1	6
3L	12845669	12845734	-1	6
3R	21308123	21308401	1	6
3L	17084157	17128879	1	6
X	16474642	16475628	-1	6
2R	6168369	6168756	-1	6
4	349147	349213	-1	6
4	874161	874246	-1	6
X	3340110	3342472	1	6
3R	20817586	20817640	-1	6
3R	5760372	5760630	-1	6
2R	16531903	16532329	1	6
2L	17401582	17402375	1	6
2R	14233562	14233617	-1	6
3L	25114668	25114724	1	6
2L	1034191	1046810	-1	6
3R	23983931	23984290	1	6
3R	21084900	21084960	-1	6
X	4413812	4428198	1	6
4	349680	349730	-1	6
2R	15368434	15368486	-1	6
4	634125	634177	1	6
2R	23950390	23950454	1	6
X	15860251	15860745	1	6
2L	873540	875038	1	6
3R	8717342	8717849	1	6
X	5383647	5388242	1	6
3R	20309631	20309904	1	6
X	17075990	17076925	-1	6
3R	14617010	14617175	1	6
3L	20521778	20522155	1	6
3R	23769244	23769309	-1	6
2R	16587512	16587604	-1	6
2L	7196858	7203935	-1	6
3L	4262205	4262264	-1	6
2L	232102	232292	-1	6
3L	4284991	4285053	1	6
2R	6698630	6699061	1	6
2R	23689307	23689369	1	6
3L	20496524	20496592	1	6
3L	1637270	1637633	-1	6
2R	13820970	13821036	-1	6
3L	24079559	24110796	1	6
X	13986075	13986375	-1	6
3R	5235729	5235843	1	6
X	11290298	11293498	-1	6
3R	8128196	8128262	1	6
2R	4754671	4756171	1	6
2R	6920168	6920268	1	6
3R	18906778	18910130	1	6
3L	6949687	6950120	-1	6
3R	25125775	25125834	-1	6
2R	22648134	22648194	-1	6
3L	27137237	27140119	1	6
3R	5746059	5746243	1	6
2R	19629071	19630853	-1	6
2L	18940628	18940688	-1	6
2R	19443099	19443160	1	6
mitochondrion_genome	13012	13391	-1	6
2R	13580546	13580843	-1	6
2R	4458518	4470770	1	6
2R	8960214	8960277	1	6
X	12832341	12896718	-1	6
X	13806665	13808370	1	6
X	1774223	1775387	1	6
X	8768275	8768752	-1	6
3L	11690109	11690226	-1	6
X	8715773	8715835	1	6
3R	25494079	25494215	-1	6
X	22961461	22961764	-1	6
2L	13415777	13420132	1	6
3R	25354316	25354948	-1	6
X	16568277	16586925	-1	6
3R	27581206	27582002	-1	6
3L	20844497	20860390	-1	6
3L	8995566	8997579	-1	6
3R	18573526	18586279	1	6
2R	10419325	10419388	1	6
X	5793646	5794351	1	6
3L	6624697	6626421	1	6
2R	19217042	19217757	1	6
X	19965127	19965197	1	6
2L	20421118	20422145	1	6
X	2584396	2584463	-1	6
3R	5593571	5594413	1	6
2R	16762444	16762512	-1	6
X	9163913	9165682	1	6
2L	15064452	15064784	-1	6
2R	12618141	12618443	1	6
3L	3223527	3223770	1	6
2L	4975000	4975072	1	6
2L	12359684	12362601	1	6
3R	27953086	27953144	-1	6
3L	15095186	15095274	1	6
2L	20576273	20583689	1	6
4	191387	193673	-1	6
3L	27279540	27292882	1	6
3L	16070931	16071109	1	6
3R	4705781	4707026	1	6
3R	1191976	1342196	1	6
3L	12645307	12645363	1	6
X	15926754	15926817	1	6
2R	24555572	24558030	1	6
3R	27566796	27566861	-1	6
3R	8727972	8728031	1	6
3R	19930533	19937254	-1	6
4	560821	564341	1	6
2L	3322757	3322816	1	6
3L	1499593	1499772	-1	6
3L	16374668	16374860	-1	6
3R	30003011	30003073	1	6
2R	6753504	6754702	1	6
3R	27399000	27399072	-1	6
3R	10292714	10293194	1	6
3R	2137403	2307285	1	6
2R	17671807	17671865	-1	6
2L	6791638	6791701	-1	6
X	14795386	14795446	-1	6
X	22995915	23004550	-1	6
X	13762831	13767787	1	6
3R	26455658	26455743	-1	6
2L	18443071	18443153	-1	6
3L	3087891	3087957	1	6
2R	16111927	16111983	1	6
2L	19165989	19166085	1	6
4	1078830	1080257	-1	6
3R	4297783	4297871	1	6
X	5918428	5920445	1	6
2R	13058222	13058317	-1	6
3R	23984098	23984359	1	6
3L	15864121	15864602	-1	6
2R	9922004	9928900	-1	6
3L	17401030	17401102	-1	6
3L	5163704	5163834	-1	6
2R	21086726	21086790	1	6
X	6164504	6191349	-1	6
X	17951314	17951415	-1	6
X	10075628	10078486	-1	6
3L	9417815	9418344	-1	6
3R	14057154	14057741	1	6
X	16337556	16337625	1	6
3L	3962670	3964491	-1	6
X	2241507	2241568	-1	6
2R	21698601	21704323	-1	6
2R	3918418	3918475	-1	6
3R	22616224	22616278	1	6
2L	20731724	20731778	-1	6
3L	2593320	2593388	1	6
3R	31741170	31741627	1	6
3R	25099461	25099942	1	6
3R	24067610	24102770	-1	6
3R	29045719	29045870	1	6
2L	9854879	9869532	-1	6
3L	4004342	4004516	1	6
2R	18328507	18355500	-1	6
3L	24242513	24247663	1	6
3R	16358612	16358683	-1	6
X	2018005	2018080	1	6
2L	9256815	9256893	1	6
3L	5569362	5573632	-1	6
X	9603725	9603801	1	6
3R	20438209	20449235	-1	6
X	11374511	11376842	1	6
2R	15402384	15409566	1	6
X	16685412	16685508	-1	6
3L	3198432	3198752	-1	6
3L	2791278	2791432	-1	6
4	1119018	1119937	-1	6
3R	24346987	24347081	-1	6
2R	16647106	16650813	1	6
3L	5669083	5672055	1	6
3R	14033921	14033987	1	6
X	17075554	17075953	-1	6
X	13808495	13808794	1	6
3L	10328544	10328828	1	6
3R	24655481	24655572	1	6
3R	9741969	9742200	1	6
2R	22471185	22471278	1	6
X	3664670	3664811	1	6
2L	17594997	17600941	1	6
2R	22537327	22540437	-1	6
2R	22360289	22372777	1	6
X	6360635	6361145	1	6
X	10595478	10595544	-1	6
2L	10918212	10918745	-1	6
3L	25844108	25873860	-1	6
X	1482916	1483258	-1	6
3R	24326896	24326957	1	6
2R	16984491	16984699	1	6
3L	1315613	1315679	1	6
2R	21293879	21294054	1	6
3R	22020038	22020104	-1	6
3R	28603699	28604061	1	6
3L	1664022	1664090	-1	6
2L	4874170	4874542	1	6
3R	21069020	21069313	1	6
3R	17684096	17684155	-1	6
3R	29994740	29994793	-1	6
3L	1622666	1622732	1	6
2R	16926808	16931112	1	6
3R	15412522	15412579	1	6
2L	8088517	8089185	1	6
X	19964945	19965006	1	6
X	15319808	15321154	1	6
3L	13847978	13848081	1	6
3R	23983955	23984236	1	6
2R	17797617	17797685	1	6
3L	14231326	14231597	1	6
2R	495800	547232	1	6
3L	16077810	16080759	1	6
2R	24604939	24604994	-1	6
3R	20253015	20253627	1	6
2L	13217294	13217361	-1	6
2R	16429463	16429579	1	6
2L	10258657	10258728	-1	6
X	8176455	8176553	-1	6
3R	23983922	23984290	1	6
3R	22389234	22389314	-1	6
X	8716947	8717087	-1	6
2L	10386788	10386862	1	6
3L	4022554	4022821	1	6
3L	20028379	20028646	-1	6
3R	11782371	11782432	-1	6
3R	20964194	20964258	1	6
2R	11759502	11770537	1	6
2R	10025247	10025850	-1	6
3L	1689614	1698647	1	6
2R	8932681	8932743	1	6
2L	21759367	21760480	1	6
2L	19587377	19600858	1	6
2R	24399184	24399846	-1	6
X	3949714	3951415	1	6
3R	30877998	30878147	-1	6
2L	10825837	10825949	-1	6
2R	13262795	13262906	1	6
2L	22540325	22540378	1	6
X	11429858	11430027	1	6
3R	15799037	15799146	1	6
X	19851496	19851682	-1	6
2R	6971026	6971140	-1	6
3L	11723126	11727873	1	6
2L	22579253	22579821	1	6
3R	7865762	7868039	-1	6
3R	12121888	12122171	-1	6
2L	9391585	9391699	1	6
X	5529412	5529495	-1	6
2L	12142834	12145070	1	6
2R	23914332	23921965	1	6
2R	12486039	12486260	1	6
X	16643510	16647769	1	6
3R	21309531	21309808	1	6
2L	1651430	1652775	1	6
2L	10257717	10257778	-1	6
2L	5111022	5117577	1	6
3R	27567056	27567152	-1	6
X	8548356	8548422	1	6
3R	15266371	15266503	1	6
2R	19407922	19407975	-1	6
X	11066931	11067776	1	6
2L	5208994	5209056	1	6
4	123423	123785	-1	6
3L	21214098	21214151	1	6
2L	7196696	7196751	-1	6
X	3930579	3930919	-1	6
3L	3924478	3925463	-1	6
3R	24356486	24356541	-1	6
3R	19404750	19404842	1	6
3R	21972517	21975155	1	6
3R	11591310	11592350	-1	6
3L	17400545	17400898	-1	6
2R	1515837	1515895	-1	6
3R	16272854	16274152	1	6
X	9110562	9110618	1	6
2L	20095940	20096003	1	6
3L	1573309	1573546	1	6
X	61737	61797	-1	6
X	20509468	20510623	-1	6
3L	4182874	4183307	-1	6
X	17077441	17077681	-1	6
3L	25109605	25109660	1	6
X	22996121	23004612	-1	6
2L	6572543	6574016	-1	6
3R	9582122	9583454	1	6
3L	16784713	16784878	1	6
3R	6362764	6362838	-1	6
3R	3744983	3746949	-1	6
3R	17915284	17916139	-1	6
2R	1650150	1726644	1	6
3L	27083594	27083739	-1	6
3R	20802552	20805947	1	6
2L	21661466	21661530	1	6
X	23083404	23083727	1	6
3L	12291242	12291635	-1	6
3L	12768353	12768511	1	6
2L	6678225	6678912	-1	6
2R	13979716	13979774	-1	6
3L	20383220	20383281	-1	6
2R	22801860	22801996	1	6
3R	7190267	7190721	1	6
3R	28927596	28927684	-1	5
2R	12029103	12029166	1	5
3L	4091608	4092420	1	5
X	11579125	11579512	1	5
3L	7117537	7117599	1	5
X	1691013	1691080	-1	5
3R	17498549	17504040	-1	5
2L	9390712	9391341	1	5
2L	20646882	20647209	1	5
3R	7808327	7809039	-1	5
3L	17236063	17238095	-1	5
2L	18013033	18026955	1	5
3L	12134660	12134725	-1	5
3L	3505087	3506075	1	5
3L	21907921	21914776	1	5
2L	10804897	10805619	-1	5
3R	4486532	4486596	1	5
2R	5643719	5643817	-1	5
3L	18667580	18667648	1	5
2R	1378274	1378347	1	5
2R	24532644	24532897	1	5
X	13986075	13988766	-1	5
2R	8464600	8464653	1	5
X	576823	578853	1	5
3L	9967781	9967834	-1	5
3R	7902181	7902239	-1	5
2R	24020698	24020755	-1	5
2R	25037531	25039051	1	5
2R	13490872	13491435	-1	5
2R	19308814	19309393	-1	5
X	10424955	10427098	-1	5
3R	24514013	24514067	-1	5
X	21383628	21383700	1	5
2R	18497408	18497705	-1	5
X	11817475	11817604	1	5
2L	19587091	19600854	1	5
2L	10335925	10336022	1	5
2R	3943142	3943196	-1	5
X	5908745	5912232	1	5
2L	6483636	6483772	1	5
3L	22833454	22833692	-1	5
3R	28928110	28944150	-1	5
2L	11860507	11860577	-1	5
2L	7785641	7785701	1	5
2L	5985119	5985348	1	5
3R	7269668	7270668	1	5
3L	22877876	22877937	-1	5
2L	17668111	17708034	-1	5
2L	20870761	20870832	1	5
3L	20390436	20390500	-1	5
2L	13300875	13300932	1	5
3L	4090741	4091102	1	5
3L	11128349	11128413	-1	5
X	13986075	13986193	-1	5
3R	9487204	9493557	-1	5
3L	7693724	7696644	-1	5
X	6864982	6866802	-1	5
3R	8568828	8568888	1	5
X	576770	578014	1	5
3L	10182541	10185925	-1	5
3R	10313639	10313713	-1	5
2L	15117492	15117554	1	5
X	17642831	17643023	-1	5
2R	10104831	10104941	-1	5
2R	6631392	6631444	-1	5
3R	4301086	4301260	1	5
3L	14030421	14030807	-1	5
3L	13968703	13968761	1	5
3L	3743773	3745969	-1	5
3R	31598949	31599277	-1	5
3L	20013021	20013083	1	5
2R	7719997	7722034	-1	5
X	13832674	13832746	-1	5
3L	12472833	12473185	1	5
X	5082240	5082891	-1	5
X	6840057	6840114	-1	5
3L	9137890	9138582	1	5
2R	21291118	21291262	-1	5
2R	20589668	20595557	1	5
3L	21914833	21914893	1	5
2R	17471796	17471855	1	5
2R	12264918	12273766	1	5
3L	9091626	9091737	1	5
3R	30016595	30016660	-1	5
2R	10113171	10113543	1	5
X	4413900	4428198	1	5
3L	11214575	11216586	1	5
2R	17351265	17352129	1	5
3L	20138701	20138765	1	5
3R	20972532	20974491	1	5
3R	12401320	12401394	-1	5
2R	2522512	2522573	-1	5
3R	21069661	21070724	1	5
3R	21309505	21309782	1	5
3R	21310680	21314119	1	5
2L	18917089	18917190	-1	5
3L	8438056	8438193	-1	5
2R	20238005	20238259	1	5
3L	17401238	17401294	-1	5
2R	23929618	23929682	-1	5
2R	25102577	25102695	1	5
2R	24004610	24030645	-1	5
3L	22465127	22583242	-1	5
X	9288572	9293906	1	5
2R	18773336	18773398	1	5
3R	9466632	9467354	-1	5
2R	22105575	22105646	1	5
2L	9291257	9293188	1	5
X	18820043	18820334	1	5
3R	27550482	27550873	-1	5
3R	26662328	26662992	-1	5
3R	23983900	23984422	1	5
X	11370315	11373902	1	5
3L	21915010	21915102	1	5
2R	10558534	10561686	1	5
3L	17164955	17167015	-1	5
4	1230119	1230421	-1	5
2R	8908480	8908535	1	5
4	907909	908985	1	5
2R	16760715	16761668	-1	5
2R	6944871	6944941	-1	5
2R	10107854	10107967	1	5
2R	9536940	9537013	1	5
2L	1988484	1988724	1	5
2R	5308093	5315778	1	5
3L	3073348	3088640	1	5
2R	6910862	6914633	1	5
3R	3623706	3625639	1	5
2L	10253075	10253139	1	5
2L	6408561	6410827	-1	5
2L	19622319	19622975	1	5
3R	32043882	32043939	1	5
X	9091178	9091410	1	5
2R	9844905	9844990	1	5
2L	13483554	13483817	1	5
3L	17434138	17434189	1	5
2R	16974125	16984266	1	5
2L	9714213	9715248	-1	5
2R	23376620	23376831	-1	5
2L	18442158	18442234	-1	5
3R	9234665	9236914	-1	5
2R	24094054	24094115	-1	5
X	3176686	3189534	1	5
2L	10217960	10218016	-1	5
2L	5004208	5004614	-1	5
3L	20189189	20189320	1	5
3R	20438136	20449459	-1	5
4	1255999	1261952	1	5
X	6868781	6869261	1	5
2L	22925499	22925566	1	5
2R	9113333	9113395	-1	5
3L	14775508	14775912	1	5
2L	8107001	8107066	1	5
X	11939859	11939921	-1	5
2L	3378071	3378156	1	5
2R	7053722	7053848	1	5
3L	7854190	7855209	-1	5
X	15993065	15993237	1	5
3R	15954256	15954583	1	5
2R	2963267	2968044	1	5
4	943674	943734	1	5
2R	17472435	17472493	1	5
3L	10663728	10663790	1	5
2R	24891879	24892217	1	5
3R	27114212	27114274	1	5
2R	10827115	10827175	1	5
3L	21306199	21315303	1	5
3R	20747773	20747837	1	5
3L	17475136	17475394	1	5
2L	2963133	2963225	1	5
X	18186440	18192331	1	5
3R	23998769	23998830	-1	5
X	12197256	12233276	1	5
2R	23383123	23383365	-1	5
2R	17129883	17129995	1	5
3R	31600604	31600674	-1	5
3L	3954456	3962232	-1	5
2R	23675989	23676767	1	5
3R	20798410	20805950	1	5
3R	17055175	17057419	1	5
3L	20296790	20296842	-1	5
3L	21073153	21073214	1	5
2R	21276607	21278395	1	5
2R	21872695	21921517	1	5
X	4444636	4444708	1	5
2R	10108244	10109421	1	5
X	20509468	20510635	-1	5
4	104529	107403	1	5
3L	17040211	17040439	-1	5
2R	21025604	21025877	1	5
X	11609308	11609402	-1	5
3L	148842	148895	1	5
X	8293908	8295445	1	5
2R	7921052	7921115	-1	5
3L	22136810	22183786	1	5
2L	1360374	1360492	-1	5
X	5546946	5553455	-1	5
4	661981	663077	-1	5
2L	1082666	1082789	1	5
X	7645994	7646573	1	5
3R	12593535	12595395	-1	5
4	1196263	1196320	-1	5
4	1250884	1255842	1	5
3R	13452431	13455773	1	5
X	6115573	6120235	-1	5
2L	16177252	16177336	1	5
3R	4734660	4734793	-1	5
2R	17546987	17547409	-1	5
4	190062	193339	-1	5
2L	2137795	2137883	-1	5
2L	2137927	2137984	-1	5
3R	8767795	8767924	-1	5
X	13728048	13733341	-1	5
2R	12048747	12048805	1	5
3R	9066549	9068699	-1	5
3R	9062882	9063023	1	5
4	1145322	1146470	-1	5
3R	15218419	15218476	-1	5
2L	7051646	7051760	1	5
3R	18809524	18847591	-1	5
3R	4588238	4598469	-1	5
2L	10826086	10830600	-1	5
3L	8255002	8255353	1	5
2L	10994022	10997335	1	5
2R	13187909	13197677	-1	5
3L	10883084	10883139	1	5
3L	3116032	3117083	-1	5
2L	9877973	9885726	-1	5
4	907684	909010	1	5
3R	11407187	11407273	1	5
2R	16204755	16204825	-1	5
3R	23245760	23248594	-1	5
2L	10396983	10398035	-1	5
2R	24573937	24573996	1	5
2L	5914116	5914175	1	5
2R	12628125	12628194	1	5
X	4533052	4533120	1	5
2L	18477039	18483894	-1	5
3R	17080357	17082664	1	5
3R	7961123	7966463	-1	5
2R	16778535	16778590	1	5
4	1144114	1146208	-1	5
2R	12691736	12691792	-1	5
3L	22739213	22739272	-1	5
2L	17477227	17477399	-1	5
3L	3051766	3051983	1	5
3R	23983729	23984283	1	5
2R	9059144	9059255	-1	5
3L	4338183	4363027	-1	5
mitochondrion_genome	12943	13011	-1	5
3R	6187606	6188987	1	5
2R	16089893	16098128	-1	5
2R	11589941	11590003	-1	5
3R	22742755	22742814	1	5
X	15934775	15935295	-1	5
3R	10613403	10638620	-1	5
4	429591	429643	1	5
3R	18167868	18169484	1	5
3L	1875916	1876110	-1	5
3R	12561805	12595242	-1	5
2R	16924984	16926346	1	5
X	5839549	5840592	1	5
3R	31742500	31742753	1	5
X	11053188	11053338	-1	5
3R	5597516	5597772	-1	5
3L	6968397	6968509	-1	5
3R	11378190	11391529	1	5
X	14322916	14324573	1	5
X	15338705	15338837	1	5
3R	27942484	27942588	1	5
3L	20357869	20357941	1	5
2R	3943139	3943196	-1	5
2R	10444463	10445034	1	5
2L	215677	215773	-1	5
3R	17899729	17900384	-1	5
4	663283	663337	1	5
3L	1967140	1967200	-1	5
X	9163286	9165682	1	5
3R	8011235	8011295	-1	5
X	9684152	9686979	-1	5
X	9151252	9151779	1	5
3R	9420048	9432029	-1	5
3R	8735444	8735509	1	5
2L	230628	230758	-1	5
3L	5362433	5362498	1	5
X	15995011	15995739	1	5
3L	16921367	16921437	1	5
X	1447296	1447364	1	5
3L	9774490	9779446	-1	5
2R	22649344	22649408	-1	5
2R	12617201	12617795	1	5
X	11475703	11475765	1	5
3R	23082166	23112207	-1	5
3R	24703054	24703118	1	5
X	22496549	22496664	1	5
3R	16059376	16059461	1	5
2L	16894944	16895001	1	5
2R	20144761	20144819	1	5
3L	21025549	21027140	-1	5
3R	6390510	6390588	-1	5
3R	4932512	4936362	1	5
2L	9877279	9885932	-1	5
4	1232944	1233059	1	5
3R	13224780	13228295	-1	5
3L	11628502	11628563	1	5
mitochondrion_genome	4492	4621	1	5
2R	9503846	9505004	1	5
3L	21342137	21342194	-1	5
3R	8520969	8521029	1	5
2R	4814721	4815289	-1	5
3L	17400534	17400983	-1	5
3L	5562872	5563085	-1	5
3R	23252837	23252892	1	5
2L	1012530	1015544	-1	5
2L	12040203	12040265	1	5
X	13878739	13985329	-1	5
3R	9400617	9400772	-1	5
mitochondrion_genome	2868	10762	1	5
3R	12561805	12595855	-1	5
2L	21380362	21382019	-1	5
2L	5759617	5759677	1	5
X	16882519	16882610	1	5
2L	5176815	5177139	1	5
3R	18010151	18013533	1	5
2R	23967463	23967516	-1	5
3R	23049988	23050047	-1	5
3R	21308126	21308404	1	5
3R	10511818	10514268	-1	5
2R	12451713	12451975	1	5
2L	1652968	1656773	1	5
3L	22865697	22865771	1	5
X	4427353	4428198	1	5
3L	17400644	17400763	-1	5
X	11368988	11373817	1	5
X	257643	257982	1	5
4	251526	252824	-1	5
3R	14617835	14617894	1	5
X	17934545	17939756	-1	5
3R	3790235	3790307	1	5
2L	14040195	14041321	1	5
2R	18795007	18795069	-1	5
3L	9699119	9699346	1	5
X	16626248	16626570	-1	5
3L	7930610	7930688	-1	5
3L	5156394	5164229	-1	5
3L	19831168	19832616	-1	5
3L	13017345	13017404	-1	5
3L	1304224	1304280	1	5
3R	21125385	21126938	-1	5
2R	13442517	13442934	-1	5
X	9163575	9165682	1	5
3L	8440427	8441334	-1	5
3R	12950519	12956942	-1	5
3R	19899057	19899589	-1	5
2L	8026484	8026548	1	5
3R	14057025	14057741	1	5
3R	29499316	29499372	-1	5
X	6243096	6243154	-1	5
X	6191529	6192347	-1	5
2R	7040274	7042103	1	5
3L	18933053	18945733	-1	5
3R	16575395	16576923	-1	5
2R	23061776	23061840	-1	5
X	5839600	5840600	1	5
3R	11789022	11789086	1	5
2L	1725193	1725423	-1	5
3L	2927892	2936113	-1	5
X	12636637	12636711	1	5
2L	13423346	13446515	1	5
3R	24691934	24692204	1	5
3L	15983595	15983863	1	5
3R	11337763	11339658	1	5
2R	12653128	12653182	1	5
3L	27420811	27441599	1	5
4	138575	139822	1	5
X	19353584	19362967	1	5
3R	8360247	8360301	-1	5
2R	7779886	7781727	-1	5
3R	6351352	6354914	1	5
3R	10756553	10756618	-1	5
2R	16048067	16048132	1	5
2L	2952028	2952089	1	5
2R	23902531	23902592	1	5
3L	7239794	7239883	1	5
3L	1661593	1661707	-1	5
2R	9351174	9351542	-1	5
X	18027087	18027143	1	5
3L	4937843	4938482	-1	5
2L	1010068	1011550	-1	5
3R	18194993	18196570	-1	5
3L	27268148	27268202	1	5
3R	23994859	23995262	1	5
X	11817824	11831318	1	5
X	11290301	11293498	-1	5
3R	16457443	16457510	1	5
3R	1025082	1025142	1	5
3R	15368702	15368760	-1	5
2L	9952699	9952758	-1	5
3L	23715167	23715902	1	5
X	5793245	5794387	1	5
2R	7043092	7043718	1	5
3R	20839216	20839291	1	5
2R	5604509	5604575	-1	5
2R	9766610	9793191	-1	5
3R	11737003	11741119	-1	5
X	1044590	1044715	1	5
3R	23983961	23984291	1	5
4	1134073	1135094	1	5
2R	21516646	21516792	1	5
X	15897296	15898955	1	5
4	451455	452618	1	5
3L	17167100	17179294	-1	5
X	22474797	22474853	1	5
3R	15332549	15332616	-1	5
3R	17541587	17541667	1	5
2R	10805495	10805575	-1	5
3R	23983904	23984290	1	5
X	16528551	16533059	-1	5
3R	17909553	17915059	-1	5
3R	14733011	14733212	-1	5
2L	9703179	9703268	-1	5
2L	9333828	9333898	1	5
2R	7069581	7069652	1	5
X	16668321	16668385	1	5
X	12636284	12636539	1	5
3L	17037874	17037931	-1	5
2L	21717673	21719514	1	5
2R	6627211	6627315	-1	5
X	15848005	15848298	-1	5
2R	4700873	4700940	-1	5
3R	4713396	4713522	-1	5
X	10472144	10473169	-1	5
2R	8126870	8126924	-1	5
3R	24942398	24942461	-1	5
3R	24343261	24343490	1	5
2R	7152036	7152528	-1	5
2R	10448384	10448472	1	5
3R	18178962	18179616	1	5
X	11369508	11369570	-1	5
X	575891	578006	1	5
2L	6025951	6031293	-1	5
4	280432	280497	-1	5
4	280538	282436	-1	5
2L	9894726	9894980	-1	5
4	864412	865348	-1	5
3L	1634908	1635186	-1	5
3L	14769779	14769837	-1	5
2R	23913027	23913086	1	5
X	10072801	10073301	-1	5
2L	22240540	22240598	1	5
2R	9372308	9372379	-1	5
3R	14610108	14615729	1	5
2L	20653797	20653856	-1	5
3R	29117897	29117959	1	5
2R	11757975	11759198	1	5
4	253014	253201	-1	5
3L	7535468	7535543	1	5
3L	3988055	3988965	1	5
2L	7787032	7787095	-1	5
X	12475998	12476153	-1	5
3R	21297747	21298223	1	5
4	395323	395787	-1	5
2R	10427098	10427161	-1	5
3L	8128370	8129084	1	5
3R	23197836	23197900	-1	5
3R	28926062	28926167	-1	5
2R	18437978	18438208	-1	5
2L	22246535	22246647	1	5
2R	18821284	18821976	1	5
3R	18289708	18289766	-1	5
2L	19532468	19532528	1	5
X	11815540	11816422	-1	5
2R	25255939	25256159	1	5
X	15965534	15965598	-1	5
X	7092171	7098001	-1	5
3L	4074258	4075122	-1	5
2R	21087045	21088025	1	5
3R	31595080	31595434	-1	5
3R	24642115	24642173	-1	5
X	10348860	10356367	-1	5
3L	9452171	9452298	1	5
3R	7868373	7870232	-1	5
2L	2772644	2779177	-1	5
3L	5428455	5429163	1	5
X	21381064	21382180	1	5
2L	18267668	18267903	-1	5
2L	11109508	11110159	1	5
2R	18633364	18633426	-1	5
3L	19600790	19600910	1	5
3R	30068065	30068314	1	5
3R	21267454	21267510	-1	5
3R	18274757	18274867	1	5
2L	3768078	3768140	1	5
3L	22790352	22794680	-1	5
3R	17921470	17937522	1	5
3R	8819997	8820312	-1	5
4	878993	882617	-1	5
3R	11376956	11396690	1	5
2R	7667474	7667821	-1	5
3R	13639337	13639437	-1	5
X	2589507	2595726	1	5
2R	12465044	12465460	1	5
3R	5593713	5594513	1	5
3L	14840412	14840463	1	5
X	1486592	1489452	-1	5
2R	24991273	24991565	-1	5
3R	28813552	28813618	1	5
2L	9615449	9615532	1	5
3L	8470484	8471152	1	5
3R	15399261	15400375	1	5
X	5648173	5648420	-1	5
2R	21061016	21061073	1	5
2R	13416607	13418987	-1	5
3R	11372150	11396211	1	5
2R	10107719	10108212	1	5
2L	7811773	7814576	1	5
2R	6988266	6988583	1	5
2R	24892079	24892233	1	5
2L	10416041	10416104	1	5
3R	31216360	31216656	-1	5
3L	5659682	5667822	1	5
3L	4247588	4247654	-1	5
2R	24092539	24092605	-1	5
2L	10693190	10693484	-1	5
2L	14209118	14222017	-1	5
3R	26666892	26681377	-1	5
X	10797664	10797836	-1	5
2R	16984932	16985919	1	5
3R	4301151	4301233	1	5
2R	23708488	23708630	1	5
3L	274031	274104	1	5
3L	3072687	3073081	1	5
X	19343258	19343497	-1	5
2R	11602746	11604353	-1	5
2L	8407689	8407775	1	5
3R	28815423	28815482	1	5
3R	23984101	23984422	1	5
X	3175659	3175934	1	5
3L	13867608	13871621	-1	5
3R	20838624	20838676	1	5
3R	24691613	24691778	1	5
3L	12152017	12152177	1	5
3L	27381089	27420679	1	5
2R	24047860	24047926	-1	5
X	5177618	5186892	1	5
2R	4673060	4673114	1	5
4	329429	330271	-1	5
2R	24399047	24399108	-1	5
3R	21868983	21869039	-1	5
2R	21605831	21606686	-1	5
3L	22071556	22071652	-1	5
X	8517421	8531575	1	5
3L	6591418	6591479	1	5
3R	4670851	4680779	1	5
3L	15810849	15813246	-1	5
3L	9624373	9624425	1	5
3L	23264171	23264221	1	5
2L	20871561	20873188	-1	5
3R	21224080	21224776	1	5
3R	12445119	12445978	1	5
3R	23782389	23789928	1	5
3L	17797966	17798027	-1	5
X	10309742	10318418	-1	5
X	16514185	16521623	-1	5
3R	23983946	23984305	1	5
2L	12051382	12051453	1	5
3L	15584869	15584923	1	5
2L	10482234	10482285	1	5
X	2642094	2669913	1	5
3R	9342350	9359267	1	5
3L	20260990	20261213	1	5
3L	15522196	15522360	-1	5
2R	7321650	7322543	-1	5
2L	5042888	5043078	-1	5
3R	30435821	30435882	-1	5
2L	7824481	7824580	1	5
X	4657525	4657593	1	5
X	10061349	10070142	-1	5
3L	21420690	21421568	1	5
2L	8083687	8089185	1	5
X	8998432	8999380	1	5
X	4930066	4936013	-1	5
3L	16004075	16004349	-1	5
3R	24189361	24189422	-1	5
4	1173204	1173806	-1	5
2R	16859786	16859850	1	5
3L	5219286	5247554	-1	5
3L	11587882	11588540	-1	5
3R	4776805	4776864	1	5
2L	17714497	17717843	-1	5
3R	5574341	5574403	1	5
X	13206830	13211100	-1	5
3R	24674570	24674770	1	5
3L	11891230	11936973	-1	5
3R	30010843	30011450	-1	5
2L	23166880	23174062	-1	5
2R	7538713	7538772	-1	5
3L	1501407	1501799	-1	5
2L	18476509	18476775	-1	5
3R	23921883	23922684	-1	5
2L	16185627	16187455	1	5
X	5234215	5234319	1	5
3L	7239986	7240044	1	5
X	13196976	13197038	-1	5
4	960124	962401	1	5
2R	13580549	13580846	-1	5
X	12652665	12652739	1	5
2R	8132792	8132942	1	5
2R	15269758	15270298	-1	5
3L	1317786	1317849	1	5
2R	7467827	7468422	-1	5
3L	7163180	7163752	-1	5
3L	13629565	13629621	-1	5
3R	27942134	27942588	1	5
2L	18973460	18973917	-1	5
2R	2788605	2791726	1	5
3R	11819645	11819711	1	5
3L	20351731	20352807	1	5
X	18039725	18040346	-1	5
2L	10399689	10399768	1	5
3R	17673477	17673577	1	5
3L	19112520	19136442	-1	5
X	15928931	15929173	-1	5
3L	15821208	15821286	-1	5
3L	10516163	10517962	1	5
X	15584640	15584703	1	5
3R	22355828	22355949	1	5
X	19610624	19610696	1	5
3R	23983935	23984374	1	5
3R	18248414	18248683	1	5
X	13155990	13156069	1	5
2L	214943	215034	-1	5
2L	10225812	10225874	-1	5
X	10407701	10407811	1	5
3R	16057966	16058029	1	5
2R	8895474	8898578	1	5
2R	12517775	12517837	-1	5
4	280240	281724	-1	5
2L	10258166	10258235	-1	5
2R	13865906	13866449	-1	5
2R	12849897	12849961	-1	5
3R	4363509	4363562	1	5
X	10469462	10470818	-1	5
X	22996362	23003543	-1	5
2R	18620775	18620839	-1	5
X	477932	478013	1	5
2R	21608177	21608250	1	5
2R	14862669	14862731	-1	5
2R	12586073	12588716	-1	5
3R	14858948	14859279	-1	5
3R	12095717	12096049	1	5
2L	17875271	17887113	-1	5
2R	12628302	12628439	1	5
2L	5173413	5173737	1	5
4	1060660	1060741	-1	5
3R	9562002	9562175	-1	5
X	13732700	13733085	-1	5
X	7708440	7708531	1	5
3R	13970440	13970508	-1	5
X	11962104	11962230	-1	5
X	1693324	1693385	1	5
2R	24399892	24400200	-1	5
3R	6457431	6457493	1	5
3L	9150821	9169792	-1	5
X	15976314	15976372	1	5
3L	13883336	13886080	-1	5
3L	16694297	16710943	-1	5
3L	6943825	6944432	1	5
3R	19369414	19371005	-1	5
3L	4285770	4285847	1	5
3R	24232975	24235817	1	5
2R	14757551	14757606	-1	5
2R	7041731	7041785	1	5
2R	8164059	8164321	-1	5
3R	30424046	30424101	1	5
3R	10167462	10170192	-1	5
4	270500	270560	-1	5
3L	7641035	7641101	1	5
X	15892570	15892828	1	5
3R	21308493	21309326	1	5
2L	18063933	18064634	1	5
2L	15092486	15092550	1	5
X	21035722	21036399	1	5
3R	27599193	27599257	-1	5
2L	17589274	17589386	-1	5
3R	17795801	17795863	1	5
3R	23983905	23984374	1	5
X	10278231	10278293	-1	5
3R	8004864	8005254	1	5
4	190062	191309	1	5
2L	13905719	13906566	1	5
3R	23081931	23082099	-1	5
2R	9884902	9884963	-1	5
3L	8106950	8108286	1	5
X	8158387	8158565	1	5
2R	7711677	7711743	1	5
2L	6344946	6345031	1	5
2R	21012103	21012162	1	5
2L	296812	296977	1	5
3R	22364958	22365019	-1	5
4	1262094	1262412	1	5
3R	19761035	19763724	1	5
3R	9728236	9728321	-1	5
2L	9338861	9339514	1	5
X	11072019	11072099	-1	5
3L	1876784	1876913	-1	5
3L	15852250	15859812	-1	5
3R	14891295	14892242	1	5
2L	13379377	13379495	1	5
X	15483501	15484256	1	5
3R	6589652	6592884	-1	5
3R	11377277	11378007	1	5
X	15989289	15989367	-1	5
X	1637335	1647365	1	5
X	18871874	18871938	1	5
3R	28601196	28602772	1	5
3R	13635866	13636366	-1	5
2R	6884659	6884729	1	5
2R	7969477	7969574	-1	5
X	5389812	5392863	1	5
3L	9354075	9358615	-1	5
3R	9259957	9260011	1	5
X	18170228	18172913	1	5
3L	8524075	8524134	-1	5
3L	11158567	11158629	1	5
X	3256318	3258611	1	5
X	18931001	18936607	1	5
2R	2522731	2553783	-1	5
4	66050	66105	-1	5
2R	12687781	12687839	1	5
3L	4627533	4627611	1	5
2R	13170256	13170317	1	5
X	3699487	3699687	1	5
3R	7083892	7083948	-1	5
3L	15911653	15924288	-1	5
3L	11158426	11158505	1	5
3L	21216579	21216644	-1	5
3L	5740208	5749153	1	5
2L	346213	347084	1	5
2R	24891838	24892402	1	5
4	369185	369507	1	5
2L	8826229	8829536	1	5
2R	18834119	18834311	-1	5
X	6079826	6080337	-1	5
3L	6055664	6055717	1	5
3L	23002444	23007328	1	5
2R	19160903	19160974	1	5
3R	11591308	11591501	-1	5
2R	24946333	24946383	1	5
2L	20875725	20876587	-1	5
3R	31598946	31599274	-1	5
2R	12486311	12486586	1	5
X	11376974	11407436	1	5
3R	25856816	25856935	1	5
3L	2942656	2944023	1	5
2L	20876617	20876912	-1	5
2R	21184143	21192147	1	5
2R	12424109	12424166	1	5
3R	24062361	24062421	1	5
3L	3913775	3913852	-1	5
X	15886265	15887118	-1	5
4	438919	438975	-1	5
X	16608001	16609005	1	5
X	9181809	9184117	1	5
3R	21084477	21084538	-1	5
2R	2737838	2892118	1	5
2R	8012003	8012060	-1	5
3R	14880044	14880164	1	5
3R	30018634	30018691	-1	5
3L	5425284	5429163	1	5
2R	13225752	13225809	1	5
3R	19766648	19767526	1	5
3R	12547696	12547911	-1	5
2L	9291859	9295541	1	5
3L	321364	321915	-1	5
2L	16896172	16896237	1	5
3L	7156380	7156575	-1	5
3R	27643974	27645225	-1	5
2L	7492227	7495513	-1	5
2R	6526196	6526279	1	5
X	6230173	6230235	1	5
X	16081963	16082034	-1	5
3L	5747472	5747600	1	5
X	10309749	10318447	-1	5
X	12655249	12657363	1	5
3R	5780173	5780235	1	5
2L	12168370	12168428	1	5
3R	18679102	18679158	1	5
3L	11114706	11115000	-1	5
3L	20028060	20028111	-1	5
X	16680302	16680364	-1	5
2R	18475434	18475494	-1	5
3R	24292970	24293129	1	5
2R	17700434	17700635	1	5
2L	12404178	12407185	-1	5
3L	17042041	17042103	-1	5
2R	11758612	11759198	1	5
3L	3051783	3051983	1	5
3R	4286042	4295120	1	5
X	1779259	1780062	1	5
3L	15133595	15133662	-1	5
X	9684152	9686639	-1	5
2L	100704	100762	1	5
X	1309901	1316075	-1	5
3R	4280823	4282674	1	5
3L	10634199	10634267	1	5
3L	11649492	11649551	1	5
3L	3718991	3722156	-1	5
2R	17797862	17797925	1	5
3R	25040876	25042645	-1	5
2L	11076856	11076927	-1	5
3R	24046492	24047961	-1	5
3R	15076287	15077036	-1	5
3L	20789172	20790136	-1	5
2R	4239157	4242089	-1	5
2R	23382760	23383048	-1	5
2R	17851461	17855140	1	5
2R	8930651	8930710	1	5
2L	9292230	9293036	1	5
X	16445886	16446185	-1	5
3R	23979236	23979299	1	5
3L	681311	681373	-1	5
2L	1862828	1864932	-1	5
3L	9781219	9781503	1	5
2L	543350	543416	-1	5
3R	12399209	12399272	-1	5
2L	871275	871341	1	5
X	12918014	12918577	1	5
2R	3933464	3935727	-1	5
X	15947898	15948156	-1	5
3L	8347477	8347775	1	5
3R	31738530	31739777	1	5
X	6533162	6533230	-1	5
2L	17211515	17251509	-1	5
2R	13865496	13865757	-1	5
2R	24891879	24892287	1	5
2R	23368425	23368482	1	5
3L	4681803	4682707	-1	5
X	17069954	17073286	-1	5
2R	2776485	2892118	1	5
2R	13808862	13808951	1	5
3R	9778144	9778777	1	5
4	363640	363868	1	5
X	9165913	9188307	1	5
2L	1012509	1013296	-1	5
3R	16059176	16059243	1	5
3R	18937641	18943053	1	5
3R	27923306	27923370	-1	5
2R	17563282	17563341	1	5
3L	10151104	10154762	-1	5
3L	22833007	22833177	-1	5
4	1144114	1144966	-1	5
2R	12162024	12162080	-1	5
2L	21727574	21728028	1	5
X	18783234	18783296	1	5
4	189249	190025	-1	5
3L	3818921	3828388	1	5
2R	24889136	24889195	-1	5
X	13656035	13658108	1	5
3R	16289840	16292724	1	5
2R	4427998	4442470	-1	5
2L	8713371	8740385	-1	5
2R	17472076	17472136	1	5
3L	225141	225726	1	5
X	10814772	10815602	-1	5
2R	22037717	22039356	-1	5
X	129418	132807	1	5
X	16956413	16956496	-1	5
2L	6678934	6679986	-1	5
X	5384697	5384823	-1	5
2R	23690020	23690416	1	5
3L	8537017	8537082	1	5
4	705274	707492	1	5
3L	23339365	23339430	1	5
3L	19211512	19232324	-1	5
2R	5217436	5241896	-1	5
3R	5735098	5735159	-1	4
3L	15582855	15583060	1	4
3L	20522682	20523203	-1	4
X	17953347	17976351	-1	4
X	11493798	11506039	1	4
2R	14750717	14750783	-1	4
3R	31921675	31933454	-1	4
2R	24577108	24577176	1	4
3L	8828504	8850588	1	4
X	8409365	8410277	1	4
2R	12608680	12608898	1	4
3R	6362335	6362399	-1	4
2R	16386751	16398829	1	4
3L	17401232	17401290	-1	4
X	22445309	22445775	1	4
3R	15897424	15897548	-1	4
3R	31597758	31600970	-1	4
3L	1330291	1330866	1	4
3L	19261608	19261713	1	4
X	20171066	20171130	1	4
3R	25303657	25303709	1	4
2L	10377943	10378011	1	4
3R	24063832	24064182	-1	4
3R	9487204	9489707	-1	4
3R	22021733	22021793	-1	4
4	671661	680188	1	4
3L	3899504	3899733	-1	4
X	7936472	7936592	1	4
3R	22377911	22377969	1	4
3R	5292080	5292640	-1	4
3L	9401607	9402280	-1	4
3L	14031003	14031389	-1	4
X	5353005	5355947	1	4
2R	11279509	11279563	-1	4
2L	15163765	15164207	-1	4
3R	29104449	29104504	1	4
3R	12143529	12144137	-1	4
X	15789113	15790247	1	4
2R	13623831	13654284	1	4
2R	16327945	16328553	-1	4
2L	10433085	10433139	-1	4
3R	10133691	10134218	-1	4
X	18096918	18097161	1	4
2R	4731913	4732212	1	4
3R	29318141	29318274	-1	4
X	13075446	13076838	1	4
2R	10005378	10024051	1	4
2L	10420206	10420268	1	4
3L	5167060	5168250	-1	4
3L	3758735	3762700	1	4
2R	21394391	21398972	-1	4
2R	25256418	25260487	1	4
X	20593585	20597076	-1	4
3R	20973949	20974524	1	4
3L	19598094	19598156	-1	4
X	16373175	16374926	1	4
X	16317835	16318062	-1	4
3L	9392528	9395296	1	4
3R	24255506	24255562	-1	4
2R	3933464	3943196	-1	4
2R	22112589	22121893	-1	4
3L	3118980	3119043	-1	4
4	464729	464797	-1	4
3R	12557076	12560401	-1	4
X	22982246	22982359	-1	4
2R	6792411	6792479	-1	4
3R	13970630	13970952	-1	4
2L	19448062	19448143	-1	4
3L	9170706	9170993	-1	4
2R	15993740	15994133	-1	4
3R	5553046	5553226	-1	4
X	15112897	15113576	1	4
2L	19754281	19755869	-1	4
3L	20013456	20013518	1	4
2L	21381669	21381899	1	4
X	6692019	6692073	-1	4
2L	5144786	5146993	1	4
3R	11766603	11766772	-1	4
2R	4378905	4378964	-1	4
2R	19112785	19113199	1	4
X	17647800	17648123	-1	4
3R	27885659	27904971	-1	4
2R	12576994	12579129	-1	4
2R	19671851	19671906	1	4
3R	16053344	16053403	1	4
X	8275484	8276183	1	4
3L	18908213	18908286	1	4
2L	21116458	21116516	-1	4
3R	25044054	25044110	-1	4
2R	24906443	24906499	1	4
3R	10863444	10864637	1	4
4	427704	429497	1	4
Y	2830579	2830814	-1	4
2L	21122928	21124135	1	4
2R	12921883	12923031	1	4
2R	8898323	8898389	1	4
2R	24608262	24608319	1	4
3L	3186297	3186349	1	4
X	3954354	3955304	1	4
X	10309666	10318447	-1	4
2L	20798515	20813156	1	4
X	15964569	15964648	-1	4
X	578061	578314	1	4
3R	30005056	30005288	1	4
3R	27568592	27581589	-1	4
4	264430	264486	1	4
X	15860251	15861116	1	4
3R	24576519	24582713	-1	4
X	3882589	3882727	1	4
X	13446278	13453282	1	4
3R	11395379	11402590	1	4
4	883642	885756	-1	4
3L	9782804	9782874	1	4
3R	21524516	21524579	1	4
X	22470452	22470514	-1	4
2L	3808267	3808367	1	4
3L	11122164	11122402	-1	4
3L	15127652	15127745	1	4
2L	16000798	16006272	1	4
3R	5661809	5661866	1	4
3R	19643839	19644206	1	4
3R	20750355	20753509	1	4
2R	16109429	16109627	-1	4
3L	7828713	7853183	-1	4
3R	28240157	28240432	1	4
3R	5355551	5355834	1	4
3R	23983919	23984305	1	4
3R	15142295	15142729	-1	4
3R	29483744	29484452	1	4
X	22468481	22468780	1	4
2R	18408334	18408398	1	4
X	18390933	18390998	-1	4
3L	1962156	1962236	-1	4
3R	29913603	29914194	-1	4
3L	2786269	2787261	-1	4
3L	17179376	17221802	-1	4
3R	27633206	27633262	1	4
2R	6038447	6040082	-1	4
X	20441291	20441402	1	4
3R	31599018	31599293	-1	4
X	2671232	2671308	1	4
3L	1962576	1962644	-1	4
2L	21663977	21664941	-1	4
3R	13223379	13232679	-1	4
3L	16405837	16407021	-1	4
3R	11368517	11370248	1	4
3R	23983898	23984422	1	4
3R	18546586	18546691	-1	4
2L	17718328	17718916	-1	4
3R	24050981	24051690	1	4
2R	13422037	13422099	-1	4
2L	16973041	16973448	1	4
3R	7187548	7190124	1	4
3L	12138246	12138317	-1	4
3L	3119964	3120027	-1	4
3R	23983988	23984290	1	4
2R	21293875	21294051	1	4
2R	20747523	20748326	1	4
3R	9788207	9788710	1	4
3R	4713234	4713426	-1	4
3R	20465111	20480693	-1	4
2R	12449139	12449200	1	4
3R	22601667	22602845	1	4
2R	9208017	9208083	-1	4
2R	14352534	14352595	1	4
3L	5909470	5909686	1	4
2L	9825753	9869532	-1	4
X	8768943	8785184	1	4
2L	10762319	10762526	1	4
3L	9351851	9351918	1	4
2R	14494593	14494851	1	4
3R	17396909	17397020	-1	4
2L	7866150	7870267	-1	4
X	15989299	15989377	-1	4
2L	13284063	13284581	-1	4
4	1117906	1117968	1	4
2R	23883479	23883747	-1	4
X	11376974	11381856	1	4
X	5793946	5794384	1	4
3R	17909517	17915069	-1	4
X	19515645	19515913	1	4
2R	7518379	7518435	-1	4
2R	19391491	19391546	1	4
2R	16761789	16762327	-1	4
2R	21155338	21155404	-1	4
2R	6752989	6754180	1	4
2R	13189807	13197677	-1	4
3R	8756213	8767674	-1	4
2L	15092642	15092899	1	4
X	6137962	6138024	-1	4
2L	8037323	8038337	1	4
3L	13608847	13638517	-1	4
2R	12267640	12274509	1	4
2R	24727160	24736504	-1	4
3R	8004648	8004714	1	4
3L	12116460	12116764	1	4
3L	4091220	4091829	1	4
2L	13993831	14000968	-1	4
3R	16297105	16297175	1	4
2L	10138206	10143393	-1	4
2R	22700035	22700878	-1	4
3L	5607684	5607806	-1	4
X	15926975	15927381	1	4
X	16798959	16799182	-1	4
3L	24074570	24075141	1	4
3L	13041838	13041982	1	4
3L	13042015	13042110	1	4
3L	1630949	1634801	-1	4
3R	7193689	7198328	1	4
3R	20438224	20449445	-1	4
2L	19034151	19034205	-1	4
2R	8895474	8895532	1	4
2L	4032635	4115613	1	4
2R	18141673	18143413	1	4
3R	25110355	25110410	-1	4
2R	1075209	1076431	1	4
3R	25713962	25722416	-1	4
2R	13158963	13159017	1	4
3L	2897430	2923556	1	4
2R	6084008	6084169	-1	4
2R	16894700	16894895	-1	4
3R	21307392	21309894	1	4
3R	8822994	8823374	-1	4
X	12587901	12587970	-1	4
2L	12540901	12546581	-1	4
X	10921195	10923215	1	4
2R	5418044	5420623	1	4
3L	7710970	7713138	-1	4
2R	16099636	16099694	-1	4
2R	21341077	21341420	1	4
2L	2978658	2979199	-1	4
2L	17475738	17476978	-1	4
2L	13522251	13527647	-1	4
X	12203952	12204139	1	4
3R	24530197	24530258	-1	4
2R	24891879	24892402	1	4
3L	18870371	18870428	1	4
2R	7041731	7042118	1	4
3L	8287758	8287828	-1	4
3L	16066110	16066613	1	4
3R	25611450	25611522	-1	4
3R	11592625	11593633	-1	4
3R	4588238	4596969	-1	4
3L	6524097	6534493	1	4
2L	13384023	13384657	1	4
X	13860916	13863119	-1	4
2L	9788371	9788783	-1	4
3L	19587822	19587881	1	4
2R	23700241	23700298	-1	4
3L	1635685	1636818	-1	4
3L	11822891	11823200	1	4
2L	7034913	7035075	1	4
3R	21063830	21063898	-1	4
3R	4957635	4959637	-1	4
3R	19245201	19245254	-1	4
2R	16192777	16192845	1	4
2R	6752989	6753227	1	4
2R	15401826	15456768	1	4
X	11384986	11387111	1	4
3R	11770104	11771154	-1	4
3R	17698163	17698230	-1	4
2R	17699898	17700081	1	4
X	7957799	7957866	-1	4
2R	19427908	19427970	1	4
X	4698618	4699625	1	4
X	8398159	8398216	-1	4
4	320037	328162	1	4
3L	20157223	20158480	1	4
3R	32010676	32011040	-1	4
X	5838631	5840570	1	4
2L	22982594	22986797	1	4
2L	6632991	6633602	-1	4
3L	5425672	5429163	1	4
3L	3924475	3925559	-1	4
2L	9292243	9293015	1	4
2R	9535569	9535841	1	4
2L	4734880	4735107	-1	4
2L	2361093	2361160	-1	4
2L	9164684	9165144	1	4
3R	21776512	21776610	1	4
2L	11803899	11804363	-1	4
2L	9177165	9177386	1	4
X	4076427	4076545	1	4
2R	16427911	16428424	1	4
X	6591006	6591446	1	4
2L	10216451	10216510	-1	4
2R	19434693	19434755	-1	4
3R	25354316	25356224	-1	4
X	13336380	13337505	-1	4
X	6116909	6146090	-1	4
3R	15271991	15272051	-1	4
3R	9293850	9294159	-1	4
2L	3190120	3190412	-1	4
3L	17142726	17142992	-1	4
4	1142022	1143415	-1	4
3R	25039822	25039886	1	4
2R	17565325	17565388	1	4
2R	16986751	16991651	1	4
X	6878484	6878546	1	4
2R	18315237	18316377	-1	4
3L	8260791	8262954	1	4
X	17951611	17952677	-1	4
X	1859814	1859871	-1	4
2L	3183483	3184877	-1	4
3L	13238715	13251154	1	4
2L	4334440	4336450	1	4
3L	5659682	5667822	-1	4
3R	22785424	22787006	1	4
2L	1155054	1155746	-1	4
3R	13037814	13037879	1	4
2L	21124576	21124864	1	4
X	17027399	17032425	-1	4
3L	5928641	5928704	-1	4
3R	4081820	4085083	1	4
2R	23104094	23104150	-1	4
2R	14992902	14992955	-1	4
X	9630124	9630194	-1	4
2L	19155794	19171590	1	4
3L	3941570	3941626	-1	4
2L	6291186	6291245	1	4
2R	17208188	17275410	1	4
4	633433	633491	1	4
3R	9418001	9419807	1	4
2R	13832387	13832779	1	4
2L	16481552	16483808	-1	4
3R	25856224	25856627	1	4
2L	21719644	21720123	1	4
4	90352	90678	1	4
2L	7386183	7386424	-1	4
X	10702834	10702899	1	4
2R	17752878	17752940	1	4
2L	456898	456973	1	4
2R	14857846	14857908	-1	4
2L	19510906	19510968	-1	4
X	20766579	20769458	-1	4
3R	18007132	18007262	1	4
3R	3744983	3750819	-1	4
2R	9471348	9471421	1	4
3R	18422440	18434473	-1	4
3R	24489367	24489599	1	4
2R	4692951	4693011	-1	4
2R	14645557	14645614	1	4
2R	7787533	7787591	1	4
3R	22711992	22712057	-1	4
X	5838166	5840744	1	4
X	8060159	8061376	-1	4
X	5333830	5334243	1	4
3L	22406971	22407185	-1	4
2R	18281514	18281629	-1	4
3R	7907820	7907884	1	4
X	631984	632044	1	4
3L	2505407	2507818	-1	4
2R	13125453	13125507	1	4
X	1489554	1489668	-1	4
3L	14753472	14753631	-1	4
2L	20832288	20832340	1	4
4	615924	616005	1	4
2R	23708475	23708635	1	4
2R	3919359	3933157	-1	4
X	12636900	12637051	1	4
2L	5165968	5173219	1	4
3R	23679259	23679384	1	4
3R	10676037	10676094	-1	4
2L	2973247	2974605	1	4
3R	21306161	21306996	1	4
2L	11092493	11092553	1	4
3R	29728050	29728105	1	4
X	3574921	3632007	-1	4
4	948179	948313	1	4
3R	21128395	21128594	1	4
X	14828032	14828661	-1	4
3R	21375913	21376602	-1	4
3L	3373870	3374019	-1	4
3L	22790201	22791409	-1	4
X	7075778	7075837	-1	4
X	11579400	11579670	1	4
4	1116599	1116660	-1	4
2R	2749793	2924265	1	4
2R	25255004	25256581	1	4
2R	12609637	12610579	1	4
X	10213075	10213281	1	4
3L	22833502	22833692	-1	4
2R	4565125	4565743	1	4
X	20232165	20233423	-1	4
2L	9298922	9299746	1	4
4	132597	133186	1	4
3L	19545039	19545309	-1	4
3L	15904122	15904183	-1	4
2R	14946298	14951781	-1	4
3R	18175045	18175333	1	4
3L	16405173	16411102	-1	4
4	320035	328158	-1	4
3L	2689933	2691823	-1	4
2R	12450237	12450521	1	4
2R	21394422	21398887	-1	4
2L	10201149	10201230	1	4
4	1227500	1228653	-1	4
2L	4318709	4318948	1	4
X	11290264	11293310	-1	4
2R	10119991	10120051	1	4
4	1058505	1059101	-1	4
3R	29173517	29176602	-1	4
X	530535	577997	1	4
3L	12122155	12122676	-1	4
3R	7185758	7185814	-1	4
2R	21514442	21514808	1	4
3R	5796059	5796429	1	4
2R	4458098	4458150	-1	4
X	54469	54529	-1	4
3R	20862668	20862728	-1	4
2L	12045704	12046076	-1	4
3R	10767098	10767163	-1	4
X	491106	491696	-1	4
X	11973485	11974224	-1	4
3L	11817252	11818531	-1	4
3R	23983905	23984422	1	4
X	5754542	5754616	-1	4
3L	7158515	7158579	1	4
3R	7903594	7903656	-1	4
3L	17401058	17401258	-1	4
2L	8084296	8089185	1	4
3R	31933992	31935218	-1	4
3R	12282250	12290209	1	4
3L	10516729	10517793	1	4
3R	18009010	18009948	1	4
3L	4074315	4074465	-1	4
3R	19399875	19400005	-1	4
3L	21221105	21221625	1	4
2R	15156216	15163886	1	4
3R	31935776	31936658	-1	4
3L	22868037	22868097	-1	4
3R	24255225	24255285	-1	4
3R	20204973	20206198	1	4
3R	10298592	10299002	1	4
2R	5212468	5217345	-1	4
2L	1651412	1652775	1	4
2R	9118828	9118900	1	4
3L	2587891	2588084	1	4
X	13381634	13382476	-1	4
2L	10248462	10248525	-1	4
3L	9343130	9344900	1	4
2R	24696480	24697175	-1	4
3R	24785588	24785787	-1	4
3R	26663129	26663217	-1	4
2L	10315424	10315489	1	4
2L	18393712	18395003	-1	4
2R	8079129	8079194	-1	4
3L	2927892	2936113	1	4
2R	6700276	6700420	-1	4
2R	19467914	19468790	1	4
3L	25113572	25114034	1	4
2R	15511732	15511814	1	4
3L	2556867	2556942	-1	4
2R	7603225	7603408	-1	4
2L	21380362	21381899	1	4
3L	269386	270167	1	4
2R	24912550	24912827	1	4
2R	2754530	2924271	1	4
2L	5466760	5467008	1	4
2L	19130073	19130731	-1	4
X	576626	578019	1	4
3R	4084182	4084238	1	4
4	706634	706686	1	4
3R	25875240	25875659	-1	4
2R	13826518	13829640	1	4
2L	9941059	9941119	-1	4
2L	17190433	17190834	-1	4
3L	3322843	3322910	-1	4
4	940718	942767	1	4
2R	24727160	24736619	-1	4
3R	29490754	29490806	-1	4
X	8084203	8084258	-1	4
2L	1012431	1013387	-1	4
X	16522154	16525533	-1	4
2L	2148590	2148647	1	4
2R	21144137	21144201	1	4
3L	3552865	3578289	1	4
3R	27261941	27262227	-1	4
2L	9621742	9621957	1	4
X	4841441	4869496	1	4
2L	21221787	21222436	1	4
4	575646	575702	1	4
3L	20523563	20523630	-1	4
3L	14075814	14075876	1	4
2R	18773078	18773135	1	4
2L	1173830	1173884	1	4
3R	21155388	21178278	1	4
2L	9877973	9885932	-1	4
3R	31788845	31789497	1	4
X	11373143	11373817	1	4
2L	1997959	1998232	-1	4
3L	8470380	8470440	1	4
4	1037741	1038359	1	4
3L	27974141	27987738	-1	4
3R	10224293	10224351	-1	4
3L	18682378	18682439	1	4
X	5332011	5332069	1	4
X	11369810	11373817	1	4
3R	31216367	31219023	-1	4
2R	19176742	19177289	1	4
2R	10640450	10640514	1	4
3L	15834452	15834734	-1	4
3R	4951027	4951111	-1	4
3L	11603491	11603561	1	4
X	13576183	13576612	1	4
3L	7353980	7354042	-1	4
3L	21845251	21845342	1	4
2L	5036209	5036477	1	4
2L	9066761	9070832	-1	4
X	12529623	12546662	-1	4
2R	9396719	9396795	-1	4
X	16599640	16599724	1	4
2R	8174832	8186905	1	4
3R	22481127	22481842	1	4
2L	19793159	19793224	-1	4
3R	22363288	22363354	1	4
X	15937755	15938758	-1	4
2L	21618111	21618496	-1	4
3R	18248340	18248417	1	4
3R	5662041	5662143	1	4
4	461732	462077	-1	4
4	190062	193394	-1	4
4	1296021	1296076	1	4
2R	12586073	12592329	-1	4
3L	5566098	5566157	1	4
2L	8543675	8544544	1	4
2L	6405548	6408255	1	4
3L	1630810	1634818	-1	4
X	9258504	9258985	1	4
3L	23318895	23334672	-1	4
2L	21237347	21238281	1	4
3L	245476	245928	-1	4
3R	23966703	23972448	1	4
3R	14307971	14308524	-1	4
2R	14352733	14353012	1	4
2L	18858463	18858952	-1	4
2R	14231245	14231308	-1	4
2R	16756451	16756565	-1	4
X	9254040	9254113	1	4
2L	14040405	14041321	1	4
X	19725925	19726004	-1	4
4	450317	450371	1	4
3R	23983911	23984440	1	4
2R	20734248	20734318	1	4
3R	20966040	20966398	1	4
2R	10249828	10250369	-1	4
2L	12064720	12065270	-1	4
X	16459596	16463208	-1	4
2R	18690907	18692041	1	4
3L	1314710	1314886	1	4
3R	21306918	21307752	1	4
2R	7483565	7483647	-1	4
3R	23890585	23890639	-1	4
2R	12529827	12541825	1	4
2L	1152116	1152177	-1	4
2R	13225939	13226002	1	4
3R	25110686	25110743	-1	4
3R	13378319	13378402	-1	4
X	8423415	8431136	1	4
X	20259396	20446493	1	4
2R	12659066	12659124	1	4
3R	23983905	23984356	1	4
4	953900	954020	-1	4
3L	4432523	4432904	1	4
2R	14622021	14622240	1	4
3R	22678773	22678830	1	4
3R	29997376	29997438	-1	4
X	22995915	22996201	-1	4
X	19354028	19362967	1	4
3R	8302067	8302124	1	4
3R	24691934	24693772	1	4
2R	15615332	15617249	1	4
3L	20351029	20351094	1	4
3R	29483399	29483469	1	4
2L	10229127	10229185	-1	4
3R	31935776	31935895	-1	4
2R	2495024	2515643	-1	4
3L	18068871	18068924	-1	4
2L	20343673	20343743	1	4
2R	11869224	11869286	-1	4
X	14824928	14825746	-1	4
3L	19871455	19873761	1	4
3R	20975953	20976045	1	4
2L	16601936	16603824	1	4
X	10479718	10479836	1	4
2L	7498760	7529734	-1	4
3L	21822886	21822941	1	4
2R	17256617	17274399	1	4
3L	7452485	7452803	1	4
3R	26258042	26261336	-1	4
X	1514669	1514727	1	4
2L	11237555	11255463	1	4
3R	12918770	12928865	1	4
2R	12273995	12274782	1	4
2L	6726541	6726599	1	4
3R	12097017	12107139	1	4
2L	10011553	10011607	1	4
3R	21302986	21310021	1	4
2R	21205815	21208470	1	4
X	15354954	15371512	-1	4
3L	13798156	13798217	-1	4
3L	4379597	4380309	-1	4
3L	19879480	19879536	1	4
3L	20881811	20884990	1	4
X	2641362	2641590	1	4
X	8428206	8428277	1	4
4	918777	918903	-1	4
X	3289750	3289942	1	4
3L	278332	278401	1	4
2R	21632885	21632944	-1	4
2R	17016408	17018188	-1	4
2L	13903718	13903781	-1	4
2R	7041731	7042115	1	4
2R	4029945	4030002	1	4
2R	5657582	5657643	-1	4
2R	23811882	23811939	-1	4
2R	16635882	16637648	-1	4
X	1399750	1400478	1	4
2R	24121835	24121910	1	4
2R	16423125	16423451	1	4
3R	4324165	4324337	1	4
3R	20894649	20896279	-1	4
X	1512358	1512413	-1	4
2L	14357701	14357755	1	4
2L	2055787	2057034	1	4
2R	642364	705374	1	4
2R	18474753	18475289	-1	4
3R	4534526	4537805	-1	4
3R	17608059	17608140	1	4
2R	15831514	15834683	-1	4
3R	11994351	12005408	-1	4
3R	26042265	26042995	1	4
3R	30448570	30448635	-1	4
3L	10574014	10590733	1	4
X	2685901	2688197	1	4
3R	20974542	20975198	1	4
X	12592949	12593007	-1	4
3R	6566887	6592880	-1	4
3R	23983725	23984347	1	4
2R	22004852	22004983	-1	4
2R	12918930	12923028	1	4
2R	9206873	9206934	-1	4
3R	9728837	9728895	-1	4
3L	21214377	21214612	1	4
2R	7861076	7881811	-1	4
2L	10481710	10481763	1	4
2R	17459026	17465695	1	4
3L	14539070	14539553	1	4
3L	8988044	8988099	1	4
3L	9164746	9166153	-1	4
2R	9102898	9102957	1	4
3R	29173995	29176546	-1	4
X	22995789	23004612	-1	4
X	6126858	6128393	-1	4
3L	11115419	11115484	-1	4
2R	14739508	14741818	-1	4
2L	8083898	8089185	1	4
3L	19602061	19602656	1	4
2L	218886	226116	-1	4
2L	8110557	8116016	1	4
2L	10439889	10439945	1	4
3R	26051533	26051587	-1	4
2L	8075168	8075254	-1	4
3R	14827657	14859309	-1	4
2L	824051	824244	1	4
3R	7268856	7269055	1	4
2R	18446706	18446764	1	4
2R	10087605	10090543	1	4
2R	9503846	9505127	1	4
4	273511	273859	-1	4
3R	20626594	20626760	1	4
3R	26043380	26043515	1	4
X	4354024	4357040	1	4
X	6852943	6864902	-1	4
3R	12682543	12683137	-1	4
X	8430186	8430452	1	4
2L	1010056	1011559	-1	4
3R	11376268	11400821	1	4
3R	5454923	5455302	1	4
3R	5455370	5455451	1	4
3R	14732978	14733257	-1	4
2L	1012418	1033943	-1	4
4	1192771	1192956	-1	4
3L	22878019	22878634	-1	4
X	12631814	12635732	1	4
3R	15199505	15199570	1	4
3R	9955439	10084656	1	4
3R	10863859	10866529	-1	4
3R	7494127	7504577	-1	4
3R	23233891	23233998	-1	4
4	416825	418289	-1	4
2R	5708107	5708183	-1	4
3R	30445849	30448501	-1	4
3R	31405957	31410354	1	4
3R	19459643	19460198	1	4
4	707672	710917	1	4
X	17423365	17443808	-1	4
3L	13798506	13803075	-1	4
3L	5983886	5983951	-1	4
X	17070916	17070987	-1	4
3L	20453963	20454152	1	4
3L	19598257	19598386	-1	4
3R	23790040	23792067	1	4
X	8096835	8096955	-1	4
X	15947782	15955086	-1	4
2L	9762844	9762906	-1	4
2L	786423	786479	-1	4
2R	20329022	20329106	1	4
2L	1836653	1837191	1	4
2R	22930320	22931515	1	4
2R	19406089	19406615	-1	4
3R	13662405	13662955	1	4
2L	4194946	4195017	-1	4
2R	7037097	7037158	-1	4
2L	19514106	19514168	-1	4
3R	10263416	10263477	1	4
3L	19610745	19610802	-1	4
X	5753722	5753884	1	4
2L	10262850	10263033	-1	4
2L	7414008	7414074	1	4
2R	1076762	1080331	1	4
3L	21562196	21564678	-1	4
3L	19601977	19602042	1	4
3R	28463756	28472856	1	4
X	18155595	18161009	1	4
2L	21340925	21342750	1	4
3R	21626851	21632133	-1	4
2L	13212944	13213009	-1	4
X	16286599	16286711	1	4
2R	19446140	19446218	-1	4
3R	28342420	28342479	1	4
2R	7395518	7395590	-1	4
3R	1455092	1467146	1	4
3L	15955548	15956105	1	4
3L	19828946	19829020	1	4
4	619784	619848	1	4
X	14838762	14838818	-1	4
X	20469459	20469520	1	4
3R	19230429	19230485	1	4
3R	30883918	30883976	-1	4
X	16302413	16302907	1	4
3L	827698	827877	-1	4
X	11128790	11128858	-1	4
3R	5642699	5642776	-1	4
2R	18288389	18289535	-1	4
3R	19881062	19881484	1	4
2L	1135082	1138621	1	4
3L	12769837	12769903	-1	4
2R	18522721	18524233	1	4
X	13381681	13382502	-1	4
3R	19852426	19852483	1	4
2L	2985414	2985476	-1	4
3R	20608554	20608632	1	4
2L	9152195	9152267	1	4
2R	21090215	21090270	-1	4
2R	23548308	23548779	1	4
3R	23977822	23977936	1	4
3R	9070748	9234379	-1	4
2R	17022727	17022790	1	4
2L	10440612	10444752	1	4
X	5309673	5310321	1	4
3R	17821939	17836151	1	4
2R	5416313	5417654	-1	4
2R	24378837	24379828	-1	4
2L	19571768	19577186	-1	4
2L	9291224	9293288	1	4
3L	24131238	24210021	1	4
X	3256198	3258611	1	4
2L	20346245	20346308	1	4
3L	5922734	5922807	1	4
X	19136606	19143468	-1	4
2L	9176381	9177122	1	4
3R	20576725	20576806	1	4
2R	23914018	23914079	1	4
X	5400974	5402701	1	4
2L	6646948	6647754	-1	4
2R	15323566	15323845	1	4
3L	1667736	1667809	-1	4
3R	23220644	23221842	-1	4
2L	14492977	14493080	1	4
X	13359438	13363244	1	4
X	19782509	19782854	-1	4
3L	13848279	13848391	1	4
3R	10127273	10128406	-1	4
2R	22639138	22639397	-1	4
3R	7977069	7977562	-1	4
X	16492516	16498270	-1	4
3R	28319483	28325696	-1	4
3R	16274876	16274954	1	4
2R	4693484	4695119	-1	4
2R	8681049	8681110	1	4
3R	23983894	23984362	1	4
3L	2377221	2377276	-1	4
X	7285849	7285914	-1	4
X	9181300	9188307	1	4
3L	14792461	14792661	1	4
2L	19982613	19999337	-1	4
2L	9888986	9889048	1	4
3R	30556950	30559977	-1	4
3R	31866437	31873834	-1	4
2L	10403933	10403993	-1	4
2L	7656464	7661698	-1	4
3R	9766421	9766491	-1	4
2R	18971776	18971829	-1	4
2L	1743541	1743634	1	4
3L	19298220	19298278	1	4
3R	5292842	5292998	-1	4
2R	11221834	11222195	1	4
X	9007775	9013271	1	4
2R	21689869	21689927	1	4
3L	13538367	13538707	-1	4
2R	5604517	5604710	-1	4
3L	235515	235579	-1	4
3L	22303003	22303063	-1	4
4	1316431	1316494	1	4
3L	3833794	3833982	1	4
2R	12753817	12753891	-1	4
3R	23983570	23983674	1	4
2R	17053145	17053269	1	4
3L	9477471	9479862	1	4
3L	23269528	23278216	1	4
X	12638526	12653198	1	4
3L	17400567	17400810	-1	4
2L	110878	111907	1	4
3L	22833800	22840681	-1	4
3L	14220418	14225435	1	4
3L	15852277	15858101	-1	4
2R	24892143	24892233	1	4
3L	11097873	11098000	-1	4
2R	5178623	5180550	-1	4
2L	298391	303671	1	4
2L	7791877	7791939	-1	4
X	5415042	5415322	-1	4
3R	13760180	13760245	1	4
X	6228880	6228948	1	4
3R	24343309	24343643	1	4
3L	4540848	4540923	-1	4
2L	83395	94176	1	4
3L	16774157	16774324	1	4
2R	16556557	16556619	1	4
2R	13840645	13840705	1	4
2L	8655825	8655901	1	4
3R	24342954	24343212	1	4
3R	5525231	5527579	-1	4
3R	12075423	12075491	-1	4
3L	12137779	12138185	-1	4
3R	9487204	9493689	-1	4
3L	11774774	11775682	-1	4
3R	19594099	19594369	1	4
3R	19594399	19594500	1	4
3L	17400534	17400866	-1	4
2R	7674193	7674255	-1	4
2R	927571	951127	-1	4
4	629980	631627	1	4
X	12092071	12092143	1	4
X	127596	128921	-1	4
3R	12349365	12349422	-1	4
4	1303917	1303990	1	4
3L	16622637	16623303	-1	4
3R	9987848	9988822	1	4
X	14240785	14240852	-1	4
3R	30573073	30577179	1	4
X	8908322	8916697	1	4
2R	3933464	3938552	1	4
X	10748027	10748098	1	4
3R	9418001	9420022	1	4
X	3339365	3342637	1	4
X	5402280	5403599	1	4
3L	11818188	11818254	-1	4
2R	22187796	22187852	1	4
3R	16292835	16295669	1	4
2R	10051702	10051802	-1	4
2R	15166774	15173906	1	4
2L	3024087	3024143	1	4
2L	13208338	13209759	1	4
2R	4014251	4014305	1	4
2R	10094618	10095127	1	4
3R	9439706	9441416	1	4
3L	17544618	17544677	1	4
X	16288137	16288225	-1	4
2R	2261771	2261829	-1	4
2R	18425035	18425340	1	4
3L	19069623	19069682	-1	4
2R	18556985	18557803	-1	4
3L	1493266	1493329	-1	4
3L	21183724	21183926	1	4
2R	21684637	21684701	1	4
3R	21580689	21587953	-1	4
3L	9968042	9968105	-1	4
3R	7812601	7812816	1	4
2R	19564513	19573988	-1	4
3L	8135818	8135892	-1	4
4	447236	450242	1	4
2R	23658015	23665294	1	4
2L	20055802	20056141	1	4
3R	29111873	29112041	-1	4
3R	31776197	31776249	1	4
X	18825153	18825217	1	4
3R	17915165	17916330	-1	4
2R	2923923	2942606	1	4
3R	16998977	16999036	1	4
3L	18060275	18060422	-1	4
2R	6155725	6156015	-1	4
3R	25294836	25295097	-1	4
3R	16978524	16978590	-1	4
2R	11267302	11267668	-1	4
X	11479197	11481525	1	4
2R	21605893	21606049	-1	4
3R	24818850	24819729	1	4
2R	2832952	2833136	1	4
X	12608866	12608938	1	4
2L	5185467	5205373	1	4
2L	5043017	5043078	-1	4
X	18161293	18167632	1	4
X	13093693	13093772	1	4
2R	13580540	13580837	-1	4
X	15892441	15892828	1	4
3R	13994353	13994555	-1	4
2L	21680181	21680757	-1	4
2L	11143099	11143165	-1	4
3L	12735250	12736058	1	4
3L	6591000	6591059	1	4
3L	7285218	7294791	-1	4
2R	23879813	23879875	1	4
3R	9508430	9509436	-1	4
3L	16964765	16964824	1	4
2L	18120205	18123349	1	4
2R	15891281	15921639	-1	4
3R	21297654	21298306	1	4
2L	20664210	20674995	-1	4
2R	1442978	1443029	1	4
4	1029836	1031283	1	4
3R	23151813	23154845	-1	4
3L	4575759	4578760	1	4
2R	17207922	17208002	1	4
2L	7183666	7183778	1	4
2L	21836642	21836817	1	4
3R	9726190	9727990	-1	4
2L	6477898	6477971	-1	4
3L	9399827	9401288	-1	4
3L	20817149	20817368	-1	4
3L	657586	657650	1	4
3R	21878420	21878487	-1	4
3L	5573830	5576838	-1	4
3L	9161347	9162748	-1	4
3L	17400567	17400819	-1	4
2L	12477167	12536275	-1	4
3L	19542181	19542298	-1	4
2R	24066186	24067156	-1	4
2R	18425077	18425964	1	4
3R	9640869	9643491	1	4
2L	21311018	21311193	1	4
3R	20971008	20975246	1	4
2R	9997890	9998271	-1	4
3R	24101648	24106338	-1	4
3R	20975877	20975980	1	4
2L	6345998	6346099	1	4
3R	22766727	22787006	1	4
2L	10290491	10291107	1	4
2R	5242583	5245952	-1	4
3L	14002302	14003193	1	4
3L	11073648	11073801	-1	4
2R	16757688	16757748	-1	4
2L	10376885	10377248	1	4
X	7281747	7281823	-1	4
3R	9515351	9515402	-1	4
3R	19829043	19836262	-1	4
3L	23741085	23746190	1	4
2L	134291	134422	1	4
2R	24050607	24050659	1	4
3R	21302840	21303533	1	4
3R	17716935	17717956	-1	4
X	13383391	13383469	-1	4
3L	3829862	3831721	1	4
3R	31933996	31934997	-1	4
3L	8130082	8131484	1	4
3R	11678873	11678944	-1	4
2R	23968089	23968153	-1	4
3L	13039582	13039680	1	4
4	179212	179264	-1	4
3R	22953202	22953347	1	4
3R	27248479	27248542	-1	4
3R	25035601	25035667	-1	4
X	11879305	11879392	1	4
X	15936435	15937591	-1	4
2L	1012515	1015345	-1	4
3L	15586601	15587005	-1	4
3L	9064518	9065708	-1	4
2R	12274248	12274309	1	4
X	3321218	3325927	1	4
2L	4299178	4303336	1	4
3L	5792586	5792700	-1	4
2L	16173545	16173718	1	4
X	9846181	9848532	1	4
2R	18758584	18758641	-1	4
2L	6483653	6483708	1	4
3R	9716317	9716374	-1	4
3R	27057475	27057652	1	4
2R	3936039	3938552	-1	4
2L	11993793	11993857	1	4
3R	5757269	5757339	-1	4
2R	23859828	23859887	-1	4
2R	15677421	15677489	-1	4
3L	21622823	21622891	-1	4
X	1691358	1692376	-1	4
2R	1343986	1344058	-1	4
X	4429499	4450688	1	4
X	3689483	3692953	1	4
X	575969	577913	1	4
2R	8959634	8959690	1	4
2L	6928679	6931967	1	4
3L	5746557	5747846	1	4
3R	17248106	17264897	-1	4
X	1445929	1446158	1	4
3R	19440832	19454067	1	4
2R	24699378	24725717	-1	4
3L	14761727	14761784	-1	4
2L	9684150	9743319	-1	4
X	7084820	7085158	-1	4
X	6738004	6739490	-1	4
3R	4282483	4282674	1	4
X	18026360	18026423	1	4
3L	9105320	9106379	-1	4
3L	23127490	23128260	1	4
3L	17061855	17066651	-1	4
3L	17236052	17237824	-1	4
3L	2691890	2697696	-1	4
3L	15823990	15825471	-1	4
2L	21275657	21275724	1	4
X	21432154	21435403	-1	4
2L	2960987	2961215	1	4
3L	21907692	21924886	1	4
3L	9975164	9975606	1	4
2R	17022029	17026435	1	4
3L	22961578	22974432	1	4
3L	6090258	6090348	1	4
3R	20894643	20894884	-1	4
3L	2684689	2689489	-1	4
3R	25518395	25519261	1	4
3L	5692022	5692428	1	4
3R	14733002	14733209	-1	4
3L	12336847	12336910	-1	4
2R	24021542	24021790	-1	4
3L	20842350	20842403	1	4
X	7671189	7674453	1	4
2L	13684264	13684384	-1	4
X	5078027	5078118	-1	4
3R	23514146	23514377	-1	4
3L	1499593	1500245	-1	4
2L	10346367	10346423	1	4
4	855621	855686	-1	4
3R	29041426	29041600	1	4
X	11817824	11831114	1	4
2R	10433724	10433787	1	4
X	1044590	1044650	1	4
4	416825	421432	-1	4
3L	3221388	3221467	-1	4
3R	10104219	10104289	-1	4
3R	13795807	13795862	1	4
3L	11488248	11495154	1	4
X	15345764	15346098	1	4
3L	16799955	16807533	-1	4
2L	14185917	14185981	-1	4
X	19746732	19746811	1	4
2R	13841173	13841522	1	4
2R	15221981	15222044	1	4
2R	9417336	9417395	1	4
2R	17265436	17265631	1	4
3R	26843576	26843655	-1	4
3L	22784753	22785260	1	4
X	20252598	20253066	1	4
3R	15307785	15308031	1	4
X	5904260	5904555	1	4
2L	20877084	20877149	-1	4
3L	26008178	26013543	-1	4
X	15905957	15906360	1	4
2L	4192969	4193310	-1	4
3R	31151534	31151667	1	4
2R	14764000	14764060	-1	4
2L	10259174	10259241	-1	4
2L	6922776	6926814	1	4
3R	6367832	6367898	-1	4
2L	2772654	2779181	-1	4
4	189249	193545	-1	4
3L	8263120	8265894	1	4
X	4323156	4325348	1	4
2R	23944904	23944960	1	4
2L	8084139	8089185	1	4
2R	21145487	21145540	1	4
X	6284891	6284974	-1	4
3R	31410402	31433459	1	4
2L	77584	77642	1	4
2R	13810364	13810479	1	4
X	19506238	19506483	1	4
2R	14276527	14279243	1	4
3R	4313788	4313842	1	4
X	9275440	9275504	1	4
3L	3718991	3721537	-1	4
3L	16350432	16350493	-1	4
3L	19997374	19997444	1	4
X	4698593	4699611	1	4
2L	19049365	19049422	1	4
2R	929293	949871	-1	4
X	16274692	16275533	-1	4
X	11936196	11936261	-1	4
4	320039	328162	-1	4
X	23282075	23432852	1	4
3R	4314285	4315013	1	4
X	576156	578281	1	4
X	6074516	6127736	-1	4
X	9111787	9111854	1	4
X	11622385	11623753	1	4
3R	23963234	23965800	1	4
3L	293186	298959	1	4
2R	18614604	18614661	-1	4
X	22460777	22461279	1	4
3R	27707319	27707377	1	4
X	15902130	15902190	1	4
2R	12199590	12199834	1	4
2R	9470165	9471276	1	4
3R	18965584	18968806	1	4
2R	7519538	7519601	-1	4
3R	9535752	9537137	-1	4
X	140390	140516	1	4
2R	9402586	9402656	-1	4
X	17950765	17951192	1	4
2L	10229347	10229414	-1	4
3R	8803403	8805793	1	4
2L	1113766	1113826	1	4
2R	16635725	16637648	-1	4
X	21299610	21300151	-1	4
2R	19176744	19176941	1	4
2L	2220259	2220320	1	4
2R	9536595	9536805	1	4
2L	8516302	8516362	1	4
3L	19607826	19608003	1	4
2L	1012543	1015352	-1	4
3R	21949459	21949640	1	4
3R	9630181	9630449	-1	4
3R	25856202	25856627	1	4
3L	24161180	24162203	1	4
3R	11012526	11013318	1	4
2L	20426902	20427288	1	4
3R	23514327	23514377	-1	4
3R	16070482	16070544	-1	4
3R	23983917	23984440	1	4
2R	17010174	17010263	-1	4
2R	21412419	21480091	-1	4
X	11722184	11722251	1	4
2R	16858115	16858181	1	4
2L	14922098	14922949	-1	4
2L	16168605	16169487	1	4
2L	8088371	8089185	1	4
3R	26045664	26045729	1	4
3R	23984137	23984428	1	4
2R	9613760	9614827	-1	4
2R	15879615	15879699	-1	4
2L	16469256	16471856	-1	4
2R	22518670	22522766	-1	4
X	12783590	12784702	-1	4
2L	19126513	19126574	-1	4
3R	6476784	6478760	1	4
3R	31851447	31851754	-1	4
2L	5652181	5658309	-1	4
2L	16622842	16652743	1	4
2L	14041006	14041321	1	4
X	19887897	19893806	1	4
2L	242745	250807	-1	4
3L	9575723	9581391	1	4
2L	11009378	11009443	1	4
3L	12186298	12186535	1	4
2R	10448633	10460903	1	4
3R	26195619	26229657	1	4
3R	4936902	4938031	1	4
X	16065700	16066367	1	4
4	115203	115258	-1	4
3L	1564281	1568418	-1	4
3R	23123388	23123443	1	4
3R	24187151	24187220	1	4
4	1264966	1265029	1	4
X	20792739	20805827	-1	4
X	9017989	9019405	1	4
3L	11066275	11066361	1	4
3L	23011818	23012723	1	4
X	10452577	10454598	-1	4
2L	16451824	16452796	1	4
3L	4074259	4075155	-1	4
3R	23983979	23984290	1	4
2L	19532313	19532366	1	4
X	643493	643558	1	4
X	1438312	1441496	1	4
X	16486585	16486718	-1	4
3L	2962235	2962289	1	4
3R	9466632	9467980	-1	4
2L	7098437	7100032	-1	4
2R	23544551	23544625	1	4
3R	10155905	10155977	1	4
X	1640882	1645957	1	4
2L	2766708	2766767	1	4
3L	5162611	5162967	-1	4
3R	24258133	24258196	-1	4
2R	4817731	4817785	-1	4
3L	9337222	9337454	1	4
2R	22378171	22378351	1	4
X	11579125	11579386	1	4
3L	3119735	3119799	-1	4
2R	23398954	23399016	1	4
X	12333165	12333241	1	4
2R	6044039	6044096	1	4
3R	9487200	9493396	-1	4
2L	9125941	9126881	1	4
3L	1556004	1556063	-1	4
2R	18728439	18728504	-1	4
X	19631067	19632637	-1	4
3L	20023640	20024156	1	4
X	13986075	13990474	-1	4
3R	9589783	9589883	-1	4
3R	23808947	23818340	-1	4
2R	4786406	4812431	-1	4
2L	18320731	18347735	1	4
X	5793204	5794345	1	4
3L	5424315	5429163	1	4
2R	13822126	13823792	-1	4
2L	2384044	2384097	1	4
3L	22784753	22785283	1	4
2R	9604181	9604245	1	4
3R	22483204	22483726	1	4
3L	20839295	20840849	-1	4
2L	10007179	10007255	1	4
2R	16387563	16387992	1	4
3R	21995772	21995838	1	4
2L	5203743	5204451	1	4
3R	7603986	7605111	-1	4
3L	9870099	9870158	1	4
2R	9371712	9372202	-1	4
3L	4191887	4192192	1	4
X	20062347	20062682	-1	4
2R	22800727	22801633	1	4
3L	11115813	11115890	-1	4
3R	18573526	18577567	1	4
X	6758954	6759425	-1	4
X	21036091	21036399	-1	4
4	313643	313748	-1	4
2R	25255631	25257222	1	4
3L	20476814	20484355	1	4
2R	24047322	24047501	-1	4
2L	7676346	7676579	1	4
X	2626926	2627863	1	4
3R	23937628	23937732	-1	4
3L	291113	291314	1	4
3L	17850589	17850777	1	4
2R	16025135	16025191	-1	4
3R	31934011	31934079	-1	4
3R	31807122	31809834	-1	4
X	2241760	2241828	-1	4
3R	23279559	23280431	-1	4
2L	2753661	2756008	-1	4
4	446748	446821	1	4
2L	15650406	15650497	-1	4
3R	14557723	14557804	-1	4
mitochondrion_genome	13009	13161	-1	4
2L	13353835	13354102	-1	4
3R	17920423	17920476	1	4
4	1230119	1230649	-1	4
X	16518838	16521623	-1	4
2R	9151356	9157773	1	4
3L	4179588	4180731	-1	4
2R	14234349	14234693	-1	4
2R	19530199	19628706	-1	4
2R	18718557	18718680	1	4
2R	15370207	15370260	-1	4
3L	21046234	21046313	-1	4
2L	16168649	16169518	1	4
3L	11496569	11498798	1	4
2L	20663930	20663998	-1	4
2R	16027734	16027884	-1	4
3L	269424	270136	1	4
3R	7064338	7064507	-1	4
2L	1152701	1152771	-1	4
3L	24074597	24075102	1	4
2R	13257043	13257123	1	4
2R	18820844	18821041	1	4
2R	10107739	10109585	1	4
3R	728571	750698	1	4
X	23217117	23241109	1	4
3L	27083594	27083732	-1	4
2R	9877238	9877301	-1	4
2R	15732969	15735091	1	4
2R	9878885	9878944	-1	4
2R	2787942	2924233	1	4
X	18859642	18859699	1	4
3L	8949760	8952819	-1	4
3R	23983901	23984357	1	4
3R	22081950	22082249	1	4
3L	14864931	14865003	1	4
3R	12746680	12746837	-1	4
3R	24343449	24343539	1	4
2R	24174196	24174260	-1	4
3L	310466	310525	-1	4
4	135170	136879	1	4
2R	22537123	22537193	-1	4
2R	17591446	17591724	1	4
3R	23983916	23984305	1	4
2L	1010042	1011737	-1	4
X	13371061	13373863	1	4
X	11570777	11570867	1	4
2L	16181912	16182779	1	4
3L	14760905	14760967	-1	4
3R	7337066	7337308	-1	4
2R	13623366	13749140	1	4
2R	9940954	9958124	1	4
3R	11604240	11604586	-1	4
3L	3258656	3266403	1	4
2R	8011093	8011172	-1	4
4	1316272	1316390	1	4
2L	11997704	11997768	1	4
2L	10011909	10012400	1	4
X	3245896	3256488	1	4
2R	21516675	21516810	1	4
X	5336598	5338061	-1	4
3L	15903056	15924558	-1	4
3R	13377662	13377890	-1	4
3L	8545090	8555731	1	4
2R	1521560	1523199	-1	4
2R	14276407	14276979	1	4
2R	12091375	12091490	-1	4
3R	18248384	18250211	1	4
3R	25110827	25110890	-1	4
X	15976304	15976363	1	4
X	18640198	18640266	-1	4
3L	11795004	11795063	1	4
X	6306294	6306383	1	4
2L	20882192	20882262	-1	4
4	1190009	1190067	1	4
2L	6124332	6124504	1	4
2L	4844647	4844712	-1	4
mitochondrion_genome	2878	10772	1	4
X	16956418	16956556	-1	4
3R	15811053	15818916	1	4
3L	14763115	14763204	1	4
4	427700	429497	1	4
2L	21640006	21640728	1	4
3L	15947580	15952102	-1	4
3R	25350973	25354977	-1	4
3L	4379581	4380287	-1	4
X	4858549	4865737	1	4
3R	21949873	21960764	1	4
3R	9234665	9237640	-1	4
3R	21302201	21302563	1	4
2R	23878805	23880644	1	4
3R	21523033	21523088	1	4
2R	7845871	7847432	-1	4
3R	12095301	12096049	1	4
3L	16491719	16496444	1	4
3R	9778120	9778688	1	4
2L	11530184	11530574	-1	4
3L	12249654	12249709	1	4
3R	22724052	22724118	-1	4
3L	5918105	5919233	-1	4
3L	5161602	5161768	-1	4
3R	20438228	20449341	-1	4
3L	22832245	22832933	-1	4
2L	10428069	10428479	1	4
2R	20237210	20237289	1	4
3L	9728617	9728715	1	4
3L	22547939	22583003	-1	4
3R	24104955	24105408	-1	4
3R	15055410	15055534	-1	4
3L	17015267	17015743	-1	4
3R	25036718	25038211	-1	4
3R	30134095	30134251	-1	4
3R	17901142	17901426	-1	4
3R	21302183	21303096	1	4
X	628471	628534	-1	4
3L	15093325	15094248	-1	4
X	20420714	20420778	1	4
2L	15094721	15094864	1	4
X	17559945	17560829	-1	4
3R	10196048	10196618	1	4
X	4953622	4953725	1	4
X	18039678	18040261	-1	4
3L	838532	839391	1	4
3R	16273331	16274152	-1	4
3R	24854087	24854362	1	4
3R	4298590	4301462	1	4
2L	2216960	2217013	1	4
2R	22800477	22800569	1	4
3L	9488247	9488307	-1	4
2R	15204176	15204235	1	3
2R	16107657	16108008	-1	3
3L	1599915	1599979	-1	3
2R	1727619	1727672	1	3
2R	6745195	6745253	1	3
X	12524227	12529488	-1	3
X	3762858	3781655	1	3
2R	21437089	21480091	-1	3
X	11962104	11962230	1	3
2L	19736581	19736634	1	3
3R	5466382	5466980	-1	3
3R	5467009	5467069	-1	3
2L	14963360	14971406	-1	3
X	12769825	12769915	1	3
3R	17393755	17393816	-1	3
X	576604	578830	1	3
3R	5083941	5086249	-1	3
3L	8241632	8248558	1	3
X	8225749	8227159	1	3
4	446178	446799	1	3
3L	4327703	4327773	-1	3
2R	18154703	18155048	-1	3
2R	14955962	14956086	-1	3
3R	24063245	24063780	-1	3
X	15973604	15973665	1	3
3L	1632362	1636818	-1	3
X	13683189	13683246	1	3
3R	10047944	10048417	-1	3
2R	5980560	5980619	-1	3
3L	22295388	22296141	-1	3
3R	18167072	18167131	-1	3
X	5617227	5617309	-1	3
3R	28866524	28866585	1	3
3L	20296543	20296607	-1	3
3R	21307549	21308383	1	3
3L	26013630	26013709	-1	3
3R	23998947	23999007	-1	3
2L	13208361	13208421	1	3
3R	28956373	28960964	-1	3
2L	19052218	19052279	1	3
2L	3466229	3466316	1	3
2L	1273779	1280599	1	3
2R	13816702	13816755	1	3
3L	10182541	10186035	-1	3
2R	18477024	18497705	-1	3
2R	13136858	13141662	1	3
2R	16009717	16009773	-1	3
3R	24343342	24343405	1	3
3R	31216360	31216603	-1	3
2L	4318638	4320984	1	3
X	18039731	18040261	-1	3
X	19329555	19343118	-1	3
2R	18144464	18145957	1	3
3L	3892990	3893533	1	3
2L	8322703	8322774	-1	3
X	18389428	18390044	1	3
3L	9146197	9148567	-1	3
3R	11816545	11816612	-1	3
3R	23983905	23984476	1	3
2L	13031395	13050138	-1	3
X	17644809	17646520	-1	3
3R	6658098	6658168	1	3
3R	16349800	16349886	1	3
3R	6361823	6367784	-1	3
3R	10107480	10108695	-1	3
3R	4282835	4297762	1	3
2L	3759493	3759752	1	3
3L	11487870	11496788	1	3
3L	3983928	3984165	1	3
2R	15519870	15519926	-1	3
X	13075444	13076836	1	3
2L	14616758	14616978	1	3
X	4698696	4699622	1	3
3R	4310655	4310787	-1	3
4	1140427	1140487	-1	3
2R	16950481	16950541	-1	3
3L	4075941	4076799	-1	3
3L	4554693	4558397	-1	3
X	7283869	7283941	-1	3
3L	17545434	17545508	1	3
3R	8881340	8930716	-1	3
X	3862579	3862635	-1	3
2L	8320867	8321624	1	3
3L	21841978	21842058	-1	3
2L	21385339	21390209	1	3
2R	22639138	22639224	-1	3
2R	21650530	21652462	1	3
3L	5805936	5806007	-1	3
2L	11131204	11131264	1	3
X	7289679	7289745	-1	3
3L	20769686	20769739	1	3
3L	9495852	9495917	-1	3
X	13380710	13381521	-1	3
3L	1632455	1633709	-1	3
2R	20671679	20671746	1	3
3R	27154382	27157330	1	3
2R	19290226	19290386	1	3
3L	16141916	16142040	-1	3
2R	22639090	22639414	-1	3
3L	2632467	2633538	1	3
X	10057236	10060688	-1	3
3R	17054363	17055052	1	3
3L	269322	270152	1	3
2L	15016391	15016873	1	3
3R	4923693	4923754	1	3
3L	22833026	22833197	-1	3
X	11822244	11822326	1	3
X	19640240	19640302	1	3
2R	1267451	1340280	-1	3
2L	13788721	13788788	1	3
2L	15648029	15648095	-1	3
3R	12561805	12595212	-1	3
2R	22873647	22873828	1	3
X	11555796	11555926	-1	3
4	877195	878851	-1	3
3R	13377662	13378402	-1	3
3R	24039263	24039595	1	3
X	11817034	11817192	1	3
3R	10145533	10154224	1	3
2R	6828668	6829561	1	3
X	9555024	9555090	1	3
X	13420532	13420597	1	3
3L	17400534	17401074	-1	3
3L	9048967	9049163	-1	3
3R	24346761	24346817	-1	3
3R	26052130	26052190	-1	3
2L	11810664	11810988	-1	3
3L	5722573	5747854	1	3
3L	3578481	3593329	1	3
X	15886353	15887118	-1	3
2R	8064981	8065240	-1	3
X	8903362	8908065	1	3
2L	6446132	6446196	-1	3
2L	1011611	1012878	-1	3
3L	7240336	7240628	-1	3
3R	30436520	30438301	-1	3
3R	21114068	21114753	1	3
3R	19454270	19457384	1	3
3L	4074397	4074493	-1	3
2L	11097300	11097408	-1	3
X	3507665	3512518	-1	3
2L	1139386	1139483	1	3
2R	15189906	15190223	1	3
2R	8945056	8945128	-1	3
3L	14068928	14069892	1	3
3L	14754551	14756904	-1	3
3L	1654538	1656018	-1	3
X	3786506	3786768	1	3
3R	10613450	10613566	-1	3
2R	17352306	17361113	1	3
3R	6000767	6001330	-1	3
4	916060	916121	-1	3
2L	21121048	21121110	1	3
3R	21571180	21572532	-1	3
3L	15864740	15865758	-1	3
X	6484098	6484163	-1	3
3R	27924302	27924563	1	3
2R	23992342	23992665	-1	3
3R	31677168	31677235	1	3
3R	5335061	5350240	-1	3
2R	4726789	4726848	-1	3
2R	11892185	11895571	1	3
3R	5759394	5760002	-1	3
2R	13894970	13899450	-1	3
2L	8476710	8476806	1	3
3L	5161005	5184490	-1	3
X	22765026	22832404	1	3
2L	3422060	3422760	-1	3
2R	22797198	22797803	-1	3
2R	24875594	24875765	-1	3
3R	21084655	21084719	-1	3
3R	11371376	11396157	1	3
3L	21268922	21268987	1	3
2L	20420835	20420897	1	3
3R	9418001	9439295	1	3
X	8099291	8099351	-1	3
2R	19529788	19530496	-1	3
3L	5156352	5160039	-1	3
X	17596752	17596810	1	3
3R	17054423	17054947	1	3
2R	16183119	16183186	1	3
2L	21312209	21318127	1	3
2R	8169441	8169504	1	3
2R	10558377	10558483	1	3
2R	14278839	14299492	1	3
2L	3806377	3806459	1	3
2L	2756165	2756289	1	3
3R	24488612	24488781	1	3
3L	2612004	2629141	-1	3
X	18864496	18864952	1	3
3L	17400534	17400940	-1	3
2R	9994060	9996303	-1	3
3R	11401401	11404474	1	3
3R	26876756	26879479	1	3
3L	22833800	22835215	-1	3
3R	15199151	15199214	1	3
3L	14068928	14069922	1	3
X	5834481	5836041	-1	3
3R	10172429	10172582	-1	3
2R	22880219	22880478	1	3
3L	2253272	2253329	-1	3
X	19600562	19600639	-1	3
3R	5335154	5335743	-1	3
3R	27789113	27797384	-1	3
3L	13877630	13886080	-1	3
X	1775104	1775699	1	3
3L	7827288	7827676	-1	3
3R	13968676	13968993	-1	3
3L	20308617	20308747	1	3
4	1029687	1029784	1	3
3L	12518817	12519792	1	3
3R	26649360	26662137	-1	3
X	15937032	15937591	-1	3
3L	3899544	3901367	-1	3
X	3340664	3342690	1	3
2R	2724459	2724983	1	3
2R	13840583	13841493	1	3
3R	21307474	21307752	1	3
3R	4095992	4097464	1	3
3L	10665371	10685010	1	3
2L	9493104	9494222	-1	3
2L	14222082	14229459	-1	3
2L	7786425	7786990	-1	3
X	1411927	1413418	1	3
2L	8218505	8218570	-1	3
3R	17920243	17920600	1	3
2L	3718486	3720875	1	3
4	576326	576979	1	3
2R	15542059	15542236	1	3
3R	15936114	15957652	1	3
3L	4074140	4074829	-1	3
2R	13960877	13962220	1	3
3R	23044905	23044973	-1	3
2L	3515278	3515720	1	3
X	22839591	22850571	1	3
3R	21309432	21309710	1	3
2R	22744183	22744252	-1	3
3L	2536219	2540977	1	3
X	4110011	4110152	1	3
Y	2830601	2830656	-1	3
2R	24891838	24892287	1	3
3R	20310639	20315839	1	3
X	13769061	13769144	1	3
X	17649470	17652499	-1	3
3L	5676760	5676819	1	3
X	5176789	5186892	1	3
3R	4366082	4377521	1	3
3L	9439052	9439150	-1	3
3R	25268039	25268104	-1	3
X	12596092	12596306	-1	3
3L	11198376	11203568	-1	3
X	1481971	1482223	-1	3
X	12868515	12869497	-1	3
3L	6739922	6740305	-1	3
3L	1197314	1197509	1	3
3R	21309143	21309421	1	3
3R	24514688	24514913	-1	3
2L	2793265	2793328	-1	3
X	12652350	12652415	1	3
3R	17909510	17915010	-1	3
2R	15849680	15852388	1	3
3R	25484303	25484361	1	3
X	1646583	1646785	1	3
X	17848762	17848819	-1	3
2R	12757424	12757499	-1	3
2L	3759155	3759709	1	3
3R	20579059	20579139	-1	3
3R	16632769	16635526	1	3
2R	11281380	11281438	-1	3
3R	20958168	20963725	-1	3
3R	21179205	21179268	1	3
2L	16189628	16189871	1	3
3L	20717797	20718738	-1	3
2L	16973698	16973751	1	3
3R	8823559	8823682	-1	3
4	1230391	1230447	-1	3
2R	11447719	11450181	1	3
X	18132878	18132960	-1	3
X	6289602	6290531	-1	3
2R	1303336	1343737	-1	3
X	9383366	9471999	-1	3
X	8605281	8605600	-1	3
3L	17236063	17237880	-1	3
2R	21395046	21398887	-1	3
X	7903160	7903216	1	3
3R	17967829	18006935	1	3
X	11800243	11801324	1	3
3R	4297722	4297851	1	3
2L	4430128	4430263	-1	3
3R	10322384	10322447	-1	3
3L	4432523	4433094	1	3
2L	4427820	4440708	-1	3
3L	4429716	4429891	1	3
X	9178950	9179336	1	3
2R	929293	949871	1	3
X	18864532	18880290	1	3
2R	14868563	14868628	-1	3
2L	13834661	13834722	-1	3
X	6083791	6083854	-1	3
3R	20385980	20387059	-1	3
4	558301	560095	1	3
X	9007929	9013311	1	3
3R	20033166	20033324	1	3
2L	19410644	19426206	1	3
2R	21086938	21087781	1	3
3R	7196394	7197570	1	3
3L	20840668	20840726	-1	3
3R	22410682	22410853	-1	3
2L	20203939	20204091	-1	3
2R	15189245	15190138	1	3
2L	17191100	17193525	-1	3
3L	9103226	9104317	-1	3
3L	13522275	13523196	-1	3
2L	750927	752695	1	3
X	5793206	5793600	1	3
3R	17387643	17387710	1	3
2R	23675989	23676751	1	3
X	16284762	16285022	1	3
3L	201883	202052	1	3
3L	19136789	19138878	-1	3
4	585175	585298	1	3
3R	28862899	28862961	1	3
3R	18226567	18226730	1	3
2R	22672142	22673048	1	3
3L	267388	268220	1	3
X	577598	578178	1	3
2R	10612455	10612737	1	3
X	11585271	11585349	1	3
X	17553629	17553720	-1	3
3L	12204407	12204643	-1	3
2L	6208913	6209056	1	3
2R	20468423	20468799	1	3
X	4699531	4700348	1	3
X	15485856	15486469	1	3
3R	15955206	15955990	1	3
2L	19410414	19410480	-1	3
3L	2822869	2828693	-1	3
3R	21376742	21376819	-1	3
2R	10061190	10061250	1	3
3R	5559803	5560075	-1	3
3L	2601583	2602236	-1	3
2R	7466208	7466263	-1	3
2L	5767244	5767476	-1	3
3L	9975264	9975465	1	3
3R	11782900	11782955	-1	3
3R	4735347	4735408	-1	3
3L	12175318	12175397	-1	3
3R	20026766	20026831	-1	3
2L	18370839	18370948	-1	3
2L	17170077	17170137	1	3
2R	12264918	12269193	-1	3
2R	17424760	17424819	1	3
2R	7321650	7322560	-1	3
3L	9750300	9750892	-1	3
3R	19909471	19909530	-1	3
2R	24510794	24510854	-1	3
3L	21612510	21612613	1	3
2L	4032770	4056254	1	3
2R	9511079	9511144	1	3
2R	19431738	19431792	-1	3
X	15299584	15299635	1	3
2L	11152272	11152335	-1	3
3R	15350784	15350852	-1	3
X	8425399	8432917	1	3
3R	5593914	5594385	1	3
3R	21351887	21375060	-1	3
3R	5935656	5935791	-1	3
2R	17046346	17046403	1	3
X	76128	85774	1	3
4	429478	429643	1	3
2R	24120822	24120892	1	3
3R	24349828	24349890	1	3
2L	7238572	7241359	1	3
3R	21307474	21308865	1	3
3R	25064995	25065148	-1	3
X	11622186	11623753	1	3
2L	16719977	16722009	1	3
2L	3808542	3808888	1	3
3L	21838145	21838212	-1	3
2L	3359846	3360808	-1	3
3R	24343328	24343443	1	3
3R	24552657	24553234	1	3
3R	13735624	13744795	1	3
2R	21394408	21412359	-1	3
X	11817653	11831059	1	3
3R	23903462	23913796	-1	3
2R	7579615	7579676	1	3
2R	18496906	18497756	-1	3
X	12476786	12478014	1	3
3L	21342453	21342931	-1	3
X	13337540	13337607	-1	3
3L	13927336	13927394	-1	3
X	11932998	11933227	-1	3
3L	22805223	22824041	-1	3
X	2008078	2008129	-1	3
2L	13420670	13422992	1	3
2L	22247382	22247469	-1	3
X	8874900	8875094	-1	3
2L	15011219	15011276	1	3
2L	232380	233997	-1	3
3R	17545854	17545910	-1	3
3L	821278	821340	1	3
3L	5668142	5668307	1	3
3L	17534563	17538662	1	3
3R	11535841	11535969	-1	3
X	16458431	16474308	-1	3
2L	231035	231963	-1	3
X	11144898	11145097	-1	3
3L	12747755	12747821	-1	3
3R	24820476	24820703	1	3
X	12656444	12657358	1	3
3R	27599102	27607086	-1	3
3L	12799868	12799921	1	3
3R	9259342	9259632	1	3
X	5793590	5794300	1	3
3R	31857972	31864597	-1	3
X	13831279	13831340	-1	3
3L	5550912	5551100	-1	3
2R	1516154	1516222	-1	3
3L	6952653	6953773	-1	3
3R	23209421	23209608	-1	3
X	20004957	20005503	-1	3
3R	22469923	22485880	1	3
3L	7710284	7710349	-1	3
3L	10182516	10185925	-1	3
3L	347780	351367	1	3
3R	6406940	6407202	1	3
3R	25053869	25053933	-1	3
X	11416194	11416252	-1	3
X	9197211	9197269	-1	3
3R	25709518	25710025	-1	3
2R	9581207	9581266	1	3
3R	25048350	25048442	1	3
2L	9684261	9698064	-1	3
2L	1010622	1013766	-1	3
3R	21309298	21309851	1	3
2L	20093661	20093724	-1	3
2L	8996680	8996743	-1	3
3R	20204979	20206066	1	3
X	2178281	2178337	1	3
X	9812157	9826983	1	3
2R	11651208	11651324	-1	3
3L	4076878	4078750	-1	3
X	10309666	10317673	-1	3
X	4322721	4322961	1	3
3R	5580641	5580724	-1	3
3R	9706827	9706892	-1	3
3R	11951068	11953867	1	3
2L	9292249	9293025	1	3
X	18199149	18199774	-1	3
2R	10028833	10028898	-1	3
X	9612207	9612282	1	3
3L	17423042	17423098	-1	3
2L	1012335	1013586	-1	3
3R	24318122	24318215	-1	3
X	7839850	7840270	1	3
3L	4430947	4432419	1	3
3L	7078580	7081875	-1	3
X	12648784	12651110	1	3
X	6869696	6880473	1	3
3R	26041902	26042995	1	3
2R	13718518	13719086	1	3
2R	6831497	6831551	-1	3
3L	7124959	7125025	-1	3
2R	7242147	7243261	1	3
mitochondrion_genome	12943	13021	-1	3
X	11981177	11983846	-1	3
2L	10737768	10737876	-1	3
2R	19601020	19628481	-1	3
X	15991383	15991893	-1	3
3R	14006020	14023646	-1	3
X	6699575	6699911	1	3
X	7092123	7098001	-1	3
X	11699407	11703290	1	3
X	15187423	15188054	1	3
3R	26872473	26872538	-1	3
3L	1632390	1636832	-1	3
3L	5748486	5749305	1	3
3R	4697543	4698049	1	3
X	8366092	8366588	-1	3
3R	20792250	20792314	1	3
2L	15552810	15554510	1	3
2R	12335658	12335971	1	3
3R	25984417	25984473	1	3
3L	24169622	24173493	1	3
3R	16274383	16302448	1	3
3L	17649247	17653992	-1	3
2L	16302206	16302261	-1	3
2R	9884709	9884766	-1	3
X	7000264	7002772	1	3
4	992247	1004158	1	3
X	15343019	15343241	-1	3
2L	10253612	10253668	1	3
2L	9888788	9888847	1	3
3R	21302927	21303204	1	3
mitochondrion_genome	13045	13755	-1	3
3R	9930546	9943481	1	3
3L	11078327	11078398	1	3
3R	3623276	3623330	1	3
3R	14888735	14888795	1	3
X	11927257	11927322	-1	3
2L	12727117	12728021	1	3
2R	22413341	22414101	-1	3
3L	23319475	23325642	-1	3
2L	19509085	19509142	-1	3
2R	19236420	19236485	1	3
2L	6682871	6683726	-1	3
2L	11986381	11986438	-1	3
3L	19146474	19160619	-1	3
3L	19160686	19185668	-1	3
2R	18758881	18758944	-1	3
3R	31055552	31055622	-1	3
2R	10493667	10530926	-1	3
2L	21094638	21094703	1	3
3R	16639446	16639529	1	3
X	273393	273461	-1	3
2L	1653836	1690117	1	3
2L	8383262	8383326	1	3
3L	1945053	1945110	-1	3
X	575843	578091	1	3
3L	991501	993652	1	3
2R	8681386	8681451	1	3
2R	24158921	24158974	1	3
2R	17081850	17087223	-1	3
X	9780302	9780511	1	3
X	17652192	17652499	-1	3
X	6807649	6807799	1	3
4	998694	1004158	1	3
3R	28237676	28237733	1	3
3L	9779908	9780123	1	3
3R	24589433	24590572	1	3
3L	10360375	10421869	1	3
X	11052495	11052612	-1	3
X	21431727	21431961	-1	3
X	15289283	15289354	1	3
3R	14891588	14892216	1	3
2R	18356056	18357138	-1	3
2R	2043922	2047821	-1	3
2L	2718925	2719207	1	3
2R	7017627	7017690	1	3
3R	4659677	4660239	1	3
2L	4318978	4319330	1	3
3L	25798743	25873860	-1	3
3R	13669697	13669947	-1	3
2R	1072036	1072251	1	3
3R	18919513	18920413	1	3
X	138706	138770	1	3
2R	13269521	13272653	-1	3
3L	17401133	17401213	-1	3
2L	18142581	18152040	-1	3
2R	12449783	12451669	1	3
2R	4814052	4814675	-1	3
3R	25906007	25906072	-1	3
2R	15201832	15201894	1	3
2R	15381559	15381850	-1	3
X	3481363	3482026	-1	3
X	247597	248382	1	3
3R	4713405	4713529	-1	3
3R	6385942	6386003	1	3
3L	22679702	22679764	1	3
X	5174802	5174950	1	3
3R	4951247	4952041	-1	3
3R	20966614	20970883	1	3
X	12948003	12948185	1	3
3R	4297789	4297883	1	3
2R	929293	951127	-1	3
3R	15388606	15388675	1	3
X	19907314	19907949	1	3
2R	10464685	10465236	1	3
X	1774223	1775567	1	3
3R	9157592	9157648	-1	3
2R	19442378	19442443	1	3
2R	19442490	19442618	1	3
2L	10214056	10217374	-1	3
3R	4298058	4304493	1	3
X	13967954	13985811	-1	3
3R	9428653	9432029	1	3
2R	21290971	21291032	-1	3
3R	13636199	13644359	-1	3
X	16459605	16461812	-1	3
3R	17088483	17088540	-1	3
X	11333319	11333388	1	3
X	893315	893468	-1	3
3R	14557723	14558252	-1	3
2R	24385049	24389598	-1	3
4	1234800	1243477	1	3
mitochondrion_genome	13020	13479	-1	3
2L	16737081	16737142	-1	3
2L	2993635	2996983	1	3
2R	24624359	24624460	-1	3
3R	9790266	9790320	-1	3
2L	22584683	22584742	1	3
2L	9294328	9295488	1	3
X	3721648	3734477	1	3
3R	25991376	25991431	1	3
2R	8884803	8884871	1	3
3L	3832759	3832856	1	3
3L	2368426	2368630	-1	3
2R	4350768	4351107	-1	3
2L	3716304	3716389	1	3
3L	14224979	14225303	1	3
3L	8197703	8197779	-1	3
3R	5336636	5345074	-1	3
2L	7216053	7216862	-1	3
X	11710942	11711293	-1	3
X	10324708	10325013	-1	3
3R	4638840	4639018	-1	3
2R	2845021	2846199	1	3
3R	8819169	8822853	-1	3
3R	23692013	23692071	-1	3
4	1124332	1124436	1	3
2R	22934678	22935455	-1	3
X	17907852	17908574	1	3
X	23281968	23432962	-1	3
X	4085876	4085940	1	3
X	12784593	12784773	-1	3
2R	13228449	13229160	-1	3
2R	15424406	15452857	1	3
2R	8826075	8826143	1	3
X	9171125	9171659	1	3
3L	17043918	17043974	1	3
3R	16229036	16236791	1	3
3R	18124868	18126104	1	3
2L	6652445	6652497	1	3
2R	23987676	23988114	-1	3
2R	19574327	19600882	-1	3
X	9608293	9608719	1	3
3R	31616522	31616575	1	3
3R	21800742	21801940	-1	3
2L	21646384	21646456	-1	3
X	6760839	6762943	1	3
3R	21306127	21307517	1	3
X	17939897	17951559	-1	3
X	5819203	5834351	-1	3
2L	21176606	21176671	-1	3
3R	23984099	23984360	1	3
X	15421393	15421507	-1	3
3L	20497652	20513871	1	3
2R	23525719	23525779	1	3
3R	21785689	21804459	-1	3
3L	22832917	22833202	-1	3
3L	20316180	20316251	1	3
3L	7059227	7059302	-1	3
2R	13451876	13451928	1	3
2L	8083955	8088622	1	3
X	16560808	16565528	-1	3
2L	9696757	9697085	-1	3
3R	29659394	29659830	-1	3
4	137168	137391	1	3
2R	24876870	24880333	1	3
X	2115215	2115300	1	3
3L	16350774	16350833	-1	3
2L	7192051	7192492	-1	3
X	11981177	11983836	-1	3
2L	159616	189972	1	3
3R	9487204	9493634	-1	3
3R	23986100	23986166	-1	3
3L	15602516	15604836	1	3
2L	12438989	12439054	1	3
3R	21807735	21808289	-1	3
X	21376722	21379358	1	3
2L	10436442	10436507	1	3
2R	15849680	15851488	1	3
3L	20349207	20350305	1	3
2L	11163099	11163222	-1	3
X	134565	134634	1	3
3R	21353735	21375060	-1	3
X	21364256	21368473	1	3
3L	15979989	15981622	1	3
3L	5747514	5749246	1	3
2L	20646890	20647204	1	3
3R	4364507	4364566	1	3
3R	24061792	24061857	1	3
2R	14278946	14299529	1	3
3R	8717888	8718043	1	3
2L	11175292	11199594	-1	3
2L	1010622	1013481	-1	3
X	18519936	18519989	1	3
3R	21975436	22007761	1	3
3R	29222770	29223243	-1	3
X	12475841	12475915	-1	3
2L	12495671	12498525	-1	3
3R	11027329	11032512	1	3
3L	25980902	26012805	1	3
X	15883368	15883433	-1	3
3R	19730777	19758513	1	3
2L	6570863	6570923	-1	3
3R	5407503	5407571	-1	3
2L	5908636	5908690	1	3
2L	1858752	1867139	-1	3
3L	11737284	11737349	-1	3
X	17700176	17702404	-1	3
3R	11674429	11674492	1	3
4	446172	446631	1	3
2R	16623798	16624047	1	3
3L	3051785	3051983	1	3
3L	27293272	27350220	1	3
3R	19485771	19485832	1	3
3R	23921710	23922896	-1	3
3R	13382264	13385062	1	3
3L	8998610	8998663	1	3
3L	6973933	6974002	-1	3
2R	13229233	13229288	-1	3
X	4725195	4726236	1	3
X	1482481	1482673	-1	3
2L	16168613	16169487	1	3
3L	19993323	19996681	1	3
3R	31383209	31384083	1	3
3R	21304528	21305916	1	3
2R	20140156	20140216	1	3
3L	3089308	3089872	1	3
X	17286222	17301485	-1	3
3L	23339681	23345843	1	3
2R	13216104	13216159	-1	3
3R	18712687	18718862	1	3
3L	8452129	8461972	-1	3
X	19344990	19347638	-1	3
3L	3420446	3421408	-1	3
X	9165928	9186826	1	3
2L	10963190	10963275	-1	3
2R	9811969	9812482	-1	3
2R	24160872	24160929	1	3
X	6124602	6124757	-1	3
2R	10024528	10025850	-1	3
X	9609692	9609751	1	3
X	9249823	9249920	1	3
2R	15189192	15190101	1	3
2R	9897691	9898375	1	3
4	1296099	1296160	1	3
3R	7294297	7294412	-1	3
2L	7499181	7499266	-1	3
3L	4430852	4433040	1	3
3L	9464707	9470268	1	3
2R	20468881	20469466	1	3
2R	7717081	7718771	-1	3
X	11112007	11112142	1	3
3R	9467441	9467980	-1	3
X	19189806	19189885	1	3
3L	22035797	22036737	1	3
3L	3943295	3943356	1	3
2R	5350822	5350880	1	3
2L	15552874	15554510	1	3
4	264671	264744	1	3
4	351210	351586	-1	3
3R	23984148	23984428	1	3
2R	7843916	7844545	-1	3
2R	9532985	9533802	1	3
3R	19899809	19899874	-1	3
2R	16088826	16088907	-1	3
2L	5166315	5166619	1	3
X	16483034	16483678	-1	3
2L	10830715	10831329	-1	3
4	320041	328162	1	3
2R	17442139	17442239	1	3
X	17648806	17648946	-1	3
2R	13495388	13496896	-1	3
3L	3506144	3510815	1	3
3R	4468147	4468214	-1	3
X	2523569	2523639	-1	3
2L	9712781	9743300	-1	3
3R	8124766	8124823	1	3
2L	11280759	11280821	1	3
4	632130	632208	1	3
X	17944033	17947012	-1	3
2L	10440510	10444752	1	3
3L	3940711	3941112	1	3
2L	22155409	22156621	1	3
2R	10391639	10391692	-1	3
4	116571	122756	-1	3
3L	9399827	9401280	-1	3
3R	5509876	5510322	-1	3
X	11879298	11879392	1	3
X	2267108	2267177	-1	3
2R	19471099	19481640	1	3
X	2368223	2369486	-1	3
3R	15961758	15961958	1	3
4	885892	893756	-1	3
2L	10487560	10487617	-1	3
X	5836156	5836730	1	3
3R	20315941	20318977	1	3
3R	15061628	15062351	-1	3
X	13986075	13988805	-1	3
X	10344057	10346849	1	3
2R	4609056	4611983	1	3
2L	10376554	10376766	1	3
2L	21382140	21390231	1	3
3L	22798482	22798799	-1	3
2L	9066761	9067500	-1	3
2R	8215225	8215285	1	3
3R	31597787	31598075	-1	3
3L	3036902	3037784	1	3
3L	9646515	9646589	1	3
3L	3051766	3051968	1	3
X	10386037	10386198	1	3
X	10255591	10257724	-1	3
3L	16968417	16968542	1	3
X	23290231	23327305	1	3
3L	5747377	5747868	1	3
3R	31818957	31828486	1	3
2L	8490186	8490241	1	3
4	462329	462388	1	3
2L	9723192	9723964	-1	3
3R	31405539	31443552	1	3
3R	24192651	24192705	-1	3
X	11066733	11066816	1	3
3L	8434486	8434550	-1	3
2L	18442439	18442505	-1	3
X	11428619	11430082	1	3
2L	2772568	2782073	-1	3
4	190062	191302	-1	3
2L	21122390	21122913	1	3
3L	11850986	11936980	-1	3
3R	9354709	9359262	1	3
3R	16274234	16274547	1	3
2L	7375820	7377072	1	3
3L	5156394	5156488	-1	3
2R	15939258	15939910	-1	3
2L	12282563	12298568	1	3
3R	11765069	11767575	-1	3
3L	27332109	27350220	1	3
3R	17909513	17914971	-1	3
3L	16413954	16415141	1	3
2L	9256697	9256893	1	3
X	19328012	19335995	-1	3
3R	21776777	21776839	1	3
3L	267854	268220	1	3
2L	13547162	13549132	-1	3
X	5838170	5840625	1	3
3L	11553781	11553831	-1	3
3L	17236063	17238072	-1	3
3R	21306194	21307028	1	3
3R	7605469	7638824	-1	3
2L	5171809	5172416	1	3
2R	9095340	9095578	1	3
X	18056405	18059735	-1	3
3R	23818612	23818912	-1	3
X	17667233	17667301	1	3
2R	9529004	9530090	1	3
3R	5437650	5442126	1	3
X	13383384	13383469	-1	3
2L	1869528	1875012	-1	3
X	9170537	9170711	1	3
3L	3899487	3899715	-1	3
2R	14793841	14798255	-1	3
3L	14231326	14231927	1	3
3R	31669941	31670764	1	3
X	19519236	19519588	-1	3
3L	7854902	7855057	-1	3
X	11689544	11692799	1	3
X	10244627	10250051	-1	3
X	6720653	6722510	-1	3
3R	15936237	15951697	1	3
3L	4191879	4192756	1	3
3L	24079559	24085562	1	3
3R	16556325	16565062	1	3
3L	20164431	20168476	-1	3
2L	6573806	6574016	-1	3
3R	9418001	9439349	1	3
3L	20256639	20260862	1	3
2L	20975860	20983259	-1	3
2L	3071505	3071569	-1	3
X	3663532	3664334	1	3
3R	10585494	10638977	-1	3
X	8510375	8515973	1	3
4	188370	188425	-1	3
3R	25132502	25132592	1	3
X	5394189	5396184	1	3
3L	19610557	19610615	-1	3
2L	11614102	11615543	1	3
3L	5747718	5748242	1	3
3R	27243945	27245017	-1	3
3R	31576101	31576747	-1	3
X	15965649	15966469	-1	3
2R	13866633	13866702	-1	3
X	1609482	1624138	1	3
2R	24514871	24515231	-1	3
X	10192989	10193358	1	3
X	5946372	5946459	1	3
3R	21302249	21302606	1	3
X	3373724	3374940	1	3
2R	17717045	17717532	-1	3
4	548144	549259	-1	3
3R	9792335	9792396	1	3
3R	30804078	30804411	-1	3
3R	10133666	10134213	-1	3
3R	4287192	4295120	1	3
X	11679290	11680844	1	3
2L	7662875	7674439	-1	3
2L	6063772	6063826	-1	3
X	12585428	12587202	-1	3
4	560887	562908	1	3
2R	9865070	9865124	-1	3
2L	6408390	6408476	1	3
X	3386072	3386961	1	3
3R	20586371	20586485	-1	3
2R	10640286	10640354	1	3
2L	20830613	20830671	1	3
4	427611	427667	1	3
3L	23677	26124	1	3
X	16560853	16563325	-1	3
3L	5691784	5695339	1	3
3R	21318462	21320397	-1	3
X	10382513	10382582	1	3
mitochondrion_genome	12911	13153	-1	3
3R	20539336	20539400	-1	3
3R	10085020	10085215	1	3
3R	9719622	9719720	-1	3
3R	21783675	21804676	-1	3
2R	22408125	22408216	1	3
2R	14972757	14977240	1	3
3L	21903612	21904488	1	3
3R	10888344	10889066	-1	3
X	8097811	8097869	-1	3
X	5647977	5648420	-1	3
2L	2061908	2061975	-1	3
X	21382245	21382549	1	3
2R	18424252	18424326	1	3
2L	14616709	14617220	1	3
3R	21267558	21267620	-1	3
2R	22602669	22602726	-1	3
3R	10205179	10205250	-1	3
4	1147619	1148989	1	3
3L	10685343	10689179	1	3
2R	17207872	17208002	1	3
3R	21851669	21855990	-1	3
3R	21307196	21307474	1	3
X	6360225	6361182	1	3
2R	10107635	10107709	1	3
3R	22012861	22012920	1	3
X	9109757	9110822	1	3
3L	17400582	17400771	-1	3
3R	19993047	19994473	-1	3
2R	6625394	6627085	-1	3
4	1080445	1082127	-1	3
2R	10156508	10158506	-1	3
4	190062	193049	-1	3
2R	12274238	12278617	1	3
3R	14615798	14615857	1	3
3L	11692549	11692618	1	3
3R	21115877	21116000	1	3
X	16544924	16545011	-1	3
2L	1106299	1106356	-1	3
X	17598922	17599122	1	3
2R	14740295	14740351	-1	3
2R	6528155	6546300	1	3
X	11695940	11696403	1	3
X	2597983	2599033	1	3
X	8064460	8064533	1	3
2L	21381669	21381740	1	3
X	12783590	12784462	-1	3
X	13068596	13068659	1	3
3R	31790006	31790104	1	3
X	1076301	1076433	-1	3
3L	7705915	7705973	-1	3
2R	7546260	7554843	1	3
4	191387	193545	-1	3
X	2587387	2587441	1	3
2L	1619971	1620040	-1	3
2L	8670303	8670861	1	3
2R	14234343	14234727	-1	3
2L	9294359	9295231	1	3
X	111901	111959	-1	3
3L	11245147	11245251	1	3
2R	10862956	10873854	-1	3
X	2695226	2695393	-1	3
3L	9146312	9146619	-1	3
2L	7234998	7236145	-1	3
2L	6647040	6648670	-1	3
2R	7538536	7539526	-1	3
3L	5159746	5159903	-1	3
3R	21786863	21786930	-1	3
3R	10905529	10909509	1	3
X	21028874	21030229	-1	3
2R	6626549	6632127	-1	3
3R	31052943	31053043	-1	3
X	16956424	16956496	-1	3
4	116629	116686	-1	3
X	4841441	4894618	-1	3
3R	31137504	31138372	1	3
3R	21359070	21359363	-1	3
3L	21540083	21540153	-1	3
4	116719	116820	-1	3
3R	18248467	18250211	1	3
2R	16986006	16986071	1	3
3L	1333633	1333689	-1	3
2L	2782941	2783041	-1	3
3R	26662244	26681483	-1	3
3L	209080	209142	-1	3
2R	24049994	24052821	1	3
X	5793563	5794335	1	3
2R	16763134	16763198	-1	3
3R	18016192	18018276	1	3
3L	11059208	11059537	1	3
mitochondrion_genome	2747	2797	1	3
X	11878026	11878598	-1	3
2R	15936581	15938115	-1	3
X	12918952	12919043	1	3
2R	6934181	6934792	-1	3
2R	11621041	11621116	-1	3
3L	14539994	14540196	1	3
3R	11023818	11027198	1	3
2L	3884519	3886984	-1	3
3R	13374781	13377533	-1	3
3R	15291526	15295113	-1	3
3R	9453262	9454744	1	3
3R	21084290	21084353	-1	3
X	572059	572137	1	3
X	572176	575471	1	3
2L	10848469	10848544	-1	3
3R	8716346	8720324	1	3
X	12656712	12657263	1	3
2R	18630277	18630338	-1	3
2R	22645184	22645992	-1	3
2R	23061772	23061836	-1	3
3L	5929701	5930165	1	3
X	10346964	10347571	1	3
3R	23760173	23760245	-1	3
3R	13224792	13228553	-1	3
2R	12259823	12260040	1	3
2L	6491608	6491684	1	3
X	13585828	13585894	1	3
3L	9123777	9125172	-1	3
X	246280	246888	1	3
3R	9418509	9419783	1	3
X	7936351	7936592	1	3
3R	24265111	24266373	1	3
3R	4737781	4738065	-1	3
2R	6742150	6742705	1	3
X	9187791	9187849	1	3
3L	20844464	20844734	-1	3
2L	4224751	4224808	-1	3
3L	2640927	2641012	1	3
3L	7667549	7669562	-1	3
3R	25439871	25472482	-1	3
3R	25286532	25291434	-1	3
X	11804459	11804897	-1	3
3R	12627576	12627640	-1	3
3R	5852695	5852767	-1	3
2L	11115586	11115660	1	3
2R	6504485	6505948	1	3
2R	23910824	23911391	1	3
X	576178	577936	1	3
X	10629361	10630193	1	3
3R	9487204	9493370	-1	3
2R	16760518	16760598	-1	3
3R	20797677	20806259	1	3
3R	22742868	22742926	1	3
3R	31807206	31808113	-1	3
X	13297670	13297747	1	3
X	16459338	16462552	-1	3
3L	14805630	14839218	1	3
2R	8948684	8950696	-1	3
X	19523930	19523990	1	3
X	21320034	21323594	-1	3
4	1050686	1053142	-1	3
3L	24927723	24976489	1	3
3R	5569272	5569400	1	3
4	669347	669697	1	3
3L	17354700	17354758	1	3
3L	7051422	7051486	1	3
3R	11222368	11222561	1	3
X	4323156	4332796	-1	3
X	4332841	4349004	-1	3
X	20172223	20172305	-1	3
3R	10156089	10156576	1	3
X	16632696	16632754	1	3
2L	13899047	13901057	-1	3
3L	4090857	4092680	1	3
3L	1578997	1592744	1	3
2L	189801	201364	1	3
3R	15969403	15969882	-1	3
3L	11196876	11197135	-1	3
2L	11911709	11925542	-1	3
X	15914278	15914350	1	3
3L	4417941	4419929	1	3
2R	10151038	10152904	-1	3
3R	14825176	14825237	-1	3
2R	9508254	9508927	1	3
3R	8786926	8793104	-1	3
3L	27733861	27844505	-1	3
2R	21184601	21192143	1	3
3R	16274415	16274565	1	3
3R	19415842	19459982	1	3
2L	17464126	17464190	-1	3
X	4699740	4701970	1	3
3L	16116620	16117545	1	3
2L	1107317	1107373	-1	3
2R	12275444	12276403	1	3
X	17575769	17575843	-1	3
3R	8578507	8591147	1	3
3L	11133028	11133089	1	3
2L	7018375	7018431	-1	3
X	11140110	11140178	-1	3
4	1130426	1130485	1	3
4	1116457	1116515	-1	3
3R	26185235	26186404	1	3
2R	8598290	8598572	-1	3
X	11817403	11817596	1	3
X	5085890	5086121	1	3
X	9555031	9555090	1	3
2L	6411489	6411682	1	3
3L	17847998	17849247	1	3
3R	16635858	16635922	1	3
2R	11674176	11674244	1	3
3R	22160094	22173932	1	3
2L	14963360	14971624	-1	3
3R	4776980	4777432	1	3
4	416825	419586	-1	3
3L	25798743	25816891	-1	3
2R	12576994	12577454	-1	3
2L	18442138	18442223	-1	3
3L	9136658	9136752	-1	3
X	9472661	9499886	-1	3
2L	14068936	14090685	1	3
X	11579423	11579670	1	3
2R	17262053	17280298	1	3
X	4930066	4931058	-1	3
2R	9469915	9470029	1	3
X	9779243	9780241	1	3
2R	4515598	4515815	-1	3
2R	3122085	3182392	1	3
3L	265050	265112	1	3
2L	7824352	7824428	1	3
2L	15026838	15029589	1	3
3L	7656204	7661981	-1	3
3L	22961007	22961534	1	3
3L	4429716	4430642	1	3
3R	23937020	23937423	-1	3
3R	23231565	23231629	-1	3
X	10708705	10708954	1	3
3R	4660400	4680229	1	3
X	10357816	10358073	-1	3
2L	18215704	18215765	-1	3
3L	13037265	13037424	1	3
X	13265264	13265333	-1	3
2L	5042891	5042961	-1	3
3R	21308099	21308377	1	3
2L	12427388	12427469	-1	3
2R	10310897	10310958	1	3
X	13784277	13785690	1	3
3R	24104783	24104841	-1	3
3L	16350953	16351120	-1	3
X	12631814	12633918	1	3
X	9165914	9186805	1	3
2L	13773323	13773383	1	3
2L	11875560	11911686	-1	3
X	10239546	10239679	-1	3
2R	7570139	7570200	1	3
3L	21682624	21682680	1	3
3R	8995600	8995656	-1	3
2R	10029058	10031085	-1	3
2L	4854652	4874982	1	3
3R	23209884	23217879	-1	3
3R	17660669	17660725	1	3
2R	18635112	18635178	-1	3
X	490229	490302	1	3
2L	21711184	21711315	1	3
2L	19130066	19131340	-1	3
3R	6366288	6366348	-1	3
3R	21311730	21314846	1	3
2R	19229654	19235121	1	3
3R	21304163	21305360	1	3
3R	4795821	4796489	-1	3
2L	108156	110420	1	3
3R	17688637	17691762	-1	3
3R	8368496	8443948	-1	3
4	305179	305814	-1	3
3R	25706486	25706816	-1	3
X	20836778	20844327	-1	3
2L	1653368	1653425	1	3
3R	4240811	4240878	1	3
2L	15908279	15939364	-1	3
3L	11250641	11250766	-1	3
X	15989327	15989392	-1	3
X	4353614	4353944	1	3
2R	18170899	18170968	-1	3
3R	23251103	23251167	-1	3
2L	5761496	5762122	1	3
3R	5376951	5377014	1	3
2L	10744375	10744873	-1	3
4	275580	275663	-1	3
3R	19410578	19410635	1	3
3L	19477852	19477907	-1	3
3R	27566541	27566605	-1	3
2R	7545506	7561548	1	3
3R	23983912	23984349	1	3
3L	19891454	19908756	-1	3
3R	4237818	4238303	1	3
X	20522360	20523206	-1	3
X	5909850	5909912	1	3
2L	6726719	6727194	1	3
2L	22538569	22538627	1	3
3R	25868214	25868453	1	3
X	15947743	15948061	-1	3
3L	19371245	19372166	-1	3
Y	3004630	3019154	-1	3
3R	11399576	11403655	1	3
X	12833249	12868228	-1	3
4	584019	584762	1	3
X	12589322	12589841	-1	3
3L	3899492	3899720	-1	3
X	2584936	2584998	-1	3
X	8927643	8929838	1	3
2R	10093573	10093983	1	3
3L	16791691	16792441	-1	3
3R	4698256	4699717	1	3
2L	10308316	10309573	-1	3
X	11429858	11430082	1	3
3L	19086041	19086116	-1	3
3R	4301162	4301258	1	3
X	5871271	5871340	-1	3
2R	19178873	19179377	1	3
2R	2718837	2753599	1	3
mitochondrion_genome	12943	13003	-1	3
3L	15819418	15819512	-1	3
2R	16317567	16317626	-1	3
3R	15935927	15957624	1	3
2R	14602443	14602504	-1	3
X	19830521	19830636	-1	3
3R	29419435	29419855	1	3
3R	15792473	15802810	-1	3
2L	18854248	18854311	1	3
4	363135	363494	1	3
3L	5219286	5276155	-1	3
2L	21382163	21390135	1	3
3L	9408315	9409816	-1	3
X	10712212	10712327	-1	3
3R	21296767	21298146	1	3
3L	6973779	6973838	-1	3
2R	1075218	1076431	1	3
3L	21622053	21622114	-1	3
3L	6952112	6952260	-1	3
3L	11133598	11133667	1	3
3L	22595911	22615708	-1	3
2L	10258398	10258549	-1	3
3R	23973293	23973354	1	3
2R	4693169	4693248	-1	3
X	10234713	10239024	-1	3
2R	1441210	1442769	1	3
X	20233474	20234328	-1	3
X	2042353	2051795	1	3
2L	18392136	18392245	1	3
3L	19374841	19381372	-1	3
2R	22383195	22386395	1	3
2R	12627727	12627787	1	3
3L	11185322	11196567	-1	3
2R	23544709	23544793	1	3
3R	21352637	21352813	-1	3
mitochondrion_genome	13104	17384	-1	3
mitochondrion_genome	13012	13449	-1	3
2R	2753478	2754391	1	3
X	19572801	19572866	-1	3
3L	9151485	9151572	-1	3
4	1127163	1141129	1	3
2R	10539049	10539101	-1	3
X	11579529	11579674	1	3
X	10598050	10598316	1	3
3L	21838435	21838492	-1	3
3L	22378131	22378527	-1	3
2R	22760589	22777023	-1	3
3R	10220288	10220982	1	3
2L	13687659	13689356	-1	3
2R	22921942	22921998	-1	3
3L	2322803	2322858	1	3
X	15976145	15976206	1	3
3L	22801742	22810173	-1	3
3R	5177511	5177637	-1	3
3L	4180356	4180731	-1	3
X	11297374	11297842	-1	3
2L	21382145	21390224	1	3
3R	21804961	21808617	-1	3
3L	18819900	18820400	-1	3
3R	26649408	26681535	-1	3
X	17657538	17660989	1	3
2R	5979781	5980043	-1	3
X	11816976	11817192	1	3
X	5938961	5939039	1	3
3R	9487218	9493352	-1	3
X	1469099	1469161	-1	3
4	99476	104083	1	3
2L	4195101	4195539	-1	3
2R	12705637	12722305	1	3
3R	4713410	4713710	-1	3
2L	17385896	17392820	1	3
3R	3849709	3871634	1	3
3L	19261787	19261873	1	3
3R	21308140	21308418	1	3
2R	14236428	14236539	-1	3
2R	23545992	23547490	-1	3
X	17668383	17668497	1	3
3R	15935927	15957749	1	3
2L	21673273	21675866	-1	3
2L	18706740	18706797	-1	3
3R	24230649	24231655	1	3
2L	5174641	5174965	1	3
2L	23176470	23176984	1	3
2R	12026032	12026092	-1	3
3R	27945015	27945077	-1	3
3R	15955224	15957669	1	3
X	5903962	5904200	1	3
3L	17992997	18058237	-1	3
X	2670104	2670174	1	3
3L	25890903	25989850	-1	3
3R	20438224	20440025	-1	3
2R	16632451	16632518	-1	3
3R	6005127	6008037	-1	3
3L	9900085	9900153	1	3
2L	8084059	8089185	1	3
X	5794272	5794448	1	3
3R	13450725	13452218	1	3
3L	1500389	1501346	-1	3
3R	31599019	31599116	-1	3
2R	22930074	22930193	1	3
2R	10736056	10736657	1	3
4	1057573	1057638	-1	3
X	2697789	2697849	-1	3
2L	2763089	2763151	1	3
2L	19603925	19604846	-1	3
3L	22868709	22868887	-1	3
X	9152794	9153377	-1	3
X	576818	578853	1	3
X	16067800	16068715	1	3
3L	10481946	10485426	1	3
2L	21301528	21304825	-1	3
2L	6040288	6040339	1	3
4	188524	189998	1	3
X	16956428	16956496	-1	3
3R	19506935	19506999	1	3
2R	19238315	19238382	1	3
3R	23861747	23861810	1	3
3R	10226620	10228705	1	3
3L	9146129	9148563	-1	3
3R	4301167	4301237	1	3
3R	18168207	18169484	1	3
2L	12142856	12145070	1	3
X	5648178	5648323	-1	3
2L	2764442	2764505	-1	3
3R	16300049	16301245	1	3
3R	29598237	29598990	1	3
3L	22727478	22727528	-1	3
2R	24559565	24560361	-1	3
2R	24560411	24560853	-1	3
3L	3429084	3432204	-1	3
3R	10511153	10613884	-1	3
2L	12994238	12997462	-1	3
3R	21985284	21985334	1	3
2L	6040865	6040924	1	3
2L	9935570	9937238	-1	3
2L	2756165	2756254	1	3
3R	23845463	23847011	1	3
2R	10731797	10736657	1	3
2L	8321464	8322043	-1	3
3L	22791750	22792074	-1	3
3R	11430271	11430339	1	3
X	16318608	16320079	-1	3
3R	9418001	9432029	1	3
2R	21096204	21096319	-1	3
3L	8970896	8970949	1	3
3L	2599502	2599688	1	3
2L	21681285	21681344	-1	3
2L	10178478	10179955	-1	3
3L	3169365	3170945	1	3
3R	18973167	18974991	1	3
2R	23880261	23880637	1	3
X	5619374	5619544	-1	3
X	23097732	23097793	1	3
2R	7039259	7039317	1	3
3R	15951842	15954158	1	3
2L	9722955	9727136	-1	3
2L	10932671	10935711	-1	3
3L	15155358	15155426	-1	3
4	1031743	1031803	1	3
2R	14164371	14164487	-1	3
3R	14807332	14807390	-1	3
3R	21523689	21523752	1	3
2L	13182669	13182896	-1	3
2L	19046105	19048469	1	3
3L	15829038	15829186	1	3
3R	21087773	21087876	-1	3
2R	10107699	10109645	1	3
X	16423628	16429060	1	3
2L	2401334	2410337	1	3
X	5903983	5904225	1	3
X	13618204	13619003	1	3
3L	17040067	17040138	-1	3
2R	15426628	15427260	1	3
3R	13669697	13670645	1	3
3L	27146884	27146945	1	3
2L	15255061	15255388	-1	3
2L	9291838	9293166	1	3
X	9354673	9355703	-1	3
3R	611275	750708	1	3
4	1120802	1121459	-1	3
3R	25516241	25519261	1	3
3L	17064004	17065539	-1	3
3L	239186	239243	-1	3
2L	10403252	10403420	-1	3
2R	12035711	12035776	1	3
3R	21606572	21618727	-1	3
2L	12492112	12504534	-1	3
3L	16849315	16849377	1	3
X	19520828	19521673	-1	3
3L	4364746	4364812	1	3
X	9166361	9171563	1	3
3L	15560579	15560641	1	3
X	18786543	18786599	-1	3
3R	8008662	8008829	-1	3
3R	22174728	22197575	1	3
3L	17401149	17401224	-1	3
2L	18611502	18611557	-1	3
3L	14761075	14761292	-1	3
2R	1429729	1440929	-1	3
3L	2831528	2851559	-1	3
2L	12439366	12439718	1	3
2L	3516269	3516330	1	3
3L	9667885	9667949	-1	3
2R	12636738	12636844	1	3
X	23241108	23242847	1	3
2R	11987227	11987281	-1	3
2L	14040637	14042079	1	3
3L	20244578	20244938	1	3
3L	24167812	24253793	1	3
2L	6062022	6062079	-1	3
3R	19459640	19459795	1	3
X	624992	625072	-1	3
X	575670	577948	1	3
3R	17801931	17801987	-1	3
X	19639394	19639446	1	3
2R	1212502	1212556	1	3
X	15112897	15113564	1	3
4	1219821	1224243	1	3
X	11817755	11830738	1	3
2R	16631953	16632019	-1	3
X	9125655	9126060	-1	3
2L	2718925	2719002	1	3
X	2493216	2501627	-1	3
2R	10107717	10109387	1	3
2R	18165103	18165160	-1	3
2R	7859246	7860992	-1	3
2L	17731753	17735045	-1	3
3R	21877401	21877467	1	3
2R	15381559	15381850	1	3
3R	21307474	21309143	1	3
3R	4662578	4662643	-1	3
2R	5660748	5660807	-1	3
3R	5649661	5649720	1	3
3L	15581295	15581354	1	3
X	13126215	13128251	1	3
3R	24837218	24838051	1	3
3L	21441	22221	-1	3
3L	7691442	7692729	-1	3
2R	11280634	11280795	-1	3
3R	9728366	9728425	-1	3
2R	17689816	17689874	1	3
3R	17803657	17803856	-1	3
3R	7901896	7902007	-1	3
X	19577200	19577265	-1	3
4	484034	488189	1	3
3R	8819090	8820205	-1	3
2L	9338756	9338818	1	3
2L	4321285	4323455	1	3
2R	9586596	9586650	-1	3
3R	32011103	32014360	-1	3
2R	12581952	12582289	-1	3
2R	24625320	24637283	-1	3
3L	1626846	1626900	-1	3
2L	13810522	13810579	-1	3
3L	24079559	24085758	1	3
X	19699176	19699690	1	3
3L	19604764	19604824	-1	3
2R	11888511	11888575	-1	3
3R	28083348	28085543	1	3
2R	11770583	11793228	1	3
X	8060159	8061300	-1	3
3L	19543127	19543200	1	3
3R	28148252	28182627	1	3
2L	21618111	21618909	-1	3
3L	13515421	13516128	1	3
2L	5189262	5190437	1	3
3R	10002441	10002498	-1	3
3L	212560	212618	-1	3
2L	22168644	22168888	-1	3
3L	20305111	20305511	-1	3
2L	21742876	21742973	-1	3
3R	4301146	4461053	1	3
3R	23292682	23311982	-1	3
2R	22828607	22828663	1	3
2R	16864052	16864569	-1	3
3R	23058957	23059030	-1	3
3R	31735891	31735945	-1	3
X	8365747	8366804	-1	3
3R	24675801	24677244	1	3
2R	14926783	14928377	-1	3
2R	19094174	19096400	1	3
2L	6253330	6272750	1	3
2R	14763009	14763831	1	3
4	995236	995357	-1	3
3R	11394578	11394840	1	3
3L	1965274	1965330	1	3
X	15869199	15869296	1	3
3R	20974076	20974328	1	3
X	15381667	15381802	-1	3
3R	16158374	16158858	1	3
3L	10588732	10589356	1	3
2L	18547045	18562883	-1	3
3R	24342942	24343276	1	3
3R	21297098	21297810	1	3
2L	1697461	1697713	1	3
X	16455712	16461803	-1	3
3R	23266902	23266962	-1	3
2L	20446322	20455643	1	3
3L	17141339	17142865	-1	3
2L	5203743	5204463	1	3
3R	9420048	9439346	1	3
X	22982551	22982621	-1	3
3R	24064924	24104933	-1	3
2L	21576727	21576958	1	3
3R	21302200	21302337	1	3
3L	24741001	24748408	1	3
X	21513225	21513956	-1	3
3L	4540032	4540085	-1	3
2R	22614722	22615136	1	3
2L	4844773	4845087	-1	3
X	2236459	2236911	1	3
3R	24790035	24790127	1	3
X	5175892	5186903	1	3
4	805250	968859	-1	3
2L	13300740	13300801	1	3
X	21076183	21080780	1	3
2L	4439645	4440924	-1	3
3L	8407467	8407522	-1	3
3R	21307005	21308395	1	3
2R	10107750	10109193	1	3
3L	11190315	11191690	-1	3
X	5793704	5794387	1	3
3L	20005490	20008800	1	3
3R	10045218	10045271	-1	3
3R	9391074	9392741	-1	3
2L	10217819	10217883	-1	3
2R	13827750	13829640	1	3
X	16447958	16448031	-1	3
3L	17901664	17901728	-1	3
3R	25685703	25685768	-1	3
3L	21836311	21837820	-1	3
2R	13808678	13808975	1	3
3R	22899505	22914963	1	3
3R	29128881	29128947	-1	3
X	5071328	5072646	-1	3
2R	7917109	7917732	1	3
3R	20540455	20540523	-1	3
3R	30517119	30518234	-1	3
3R	7886169	7886443	-1	3
3R	12352545	12352614	-1	3
3L	5691735	5695422	1	3
2L	18128420	18128474	1	3
2R	6706199	6715104	-1	3
3R	12350311	12350374	-1	3
3L	4090729	4091096	1	3
3L	24028724	24028811	1	3
3R	23778208	23778287	-1	3
2R	20750207	20750407	1	3
2L	17170691	17170943	1	3
2R	6626249	6627473	-1	3
2L	10403829	10403891	-1	3
2L	17864686	17875228	-1	3
2R	14571063	14572289	-1	3
3R	31935776	31936823	-1	3
2L	1012352	1013366	-1	3
X	89700	89827	-1	3
X	614714	614774	-1	3
3R	28442816	28462004	1	3
2R	16641309	16642052	1	3
2L	16828553	16828617	1	3
3L	5364210	5364943	-1	3
2L	5947069	5948737	1	3
3R	4473189	4478284	-1	3
3R	29797494	29797570	-1	3
3R	11604284	11604586	-1	3
X	15698688	15698760	1	3
3L	19992043	19993265	1	3
2L	2886415	2890450	1	3
2R	18631631	18631750	1	3
2R	926664	949882	-1	3
X	6699575	6700053	1	3
3R	10766801	10767006	-1	3
2L	19612797	19613266	1	3
2R	12424198	12425270	1	3
3L	1500309	1501351	-1	3
2R	5204279	5210502	-1	3
X	17927227	17927291	-1	3
3L	9683864	9742713	-1	3
3R	22515175	22515302	1	3
3R	13642756	13642829	-1	3
2R	7320765	7322543	-1	3
3R	22613285	22613343	-1	3
3R	3625753	3626910	1	3
X	12570032	12582893	-1	3
3L	11252723	11255668	1	3
3L	4188978	4189676	1	3
2L	3265175	3265643	-1	3
4	1244352	1245101	1	3
3R	28697401	28700335	1	3
3L	23227548	23262708	1	3
X	13776381	13776676	1	3
X	3478283	3482068	-1	3
3R	17909468	17909589	-1	3
2R	7496897	7496957	-1	3
2L	18692909	18692969	-1	3
X	9021292	9021359	1	3
X	8060098	8060903	-1	3
X	13295097	13295158	-1	3
3R	29996844	29996898	1	3
2R	16333188	16333278	1	3
2R	16924791	16926409	1	3
3R	30100205	30104020	-1	3
2L	7409510	7409573	-1	3
3L	18090611	18105581	-1	3
3L	3051778	3051983	1	3
3L	19487107	19487162	-1	3
X	11817034	11817236	1	3
X	19615106	19615184	1	3
2L	2772644	2779173	-1	3
3L	18752896	18753018	-1	3
2L	1010198	1011530	-1	3
2R	13957351	13957823	-1	3
2L	3025623	3025689	1	3
2R	19614745	19628481	-1	3
2L	2581627	2582010	-1	3
4	671388	680440	1	3
X	17634354	17634574	-1	3
3R	24802513	24802571	-1	3
3L	5918166	5918875	-1	3
2L	1012530	1013180	-1	3
3R	20974702	20976097	1	3
2L	5312276	5312486	-1	3
2R	9591301	9591365	1	3
3R	13054162	13054226	1	3
4	1075558	1075616	1	3
4	669456	680440	1	3
2L	17787274	17788304	-1	3
3L	4132213	4133769	-1	3
3L	17475136	17475495	1	3
3R	15959549	15960102	1	3
3R	14732830	14733391	-1	3
X	13784143	13785707	1	3
2R	24770561	24770945	-1	3
4	892402	892484	-1	3
3R	9629139	9629196	-1	3
2L	13775407	13775471	-1	3
3L	21025549	21026200	-1	3
3R	28854662	28854730	-1	3
3R	30084900	30086315	1	3
X	5166079	5173320	1	3
4	395720	396403	-1	3
3R	22036016	22036076	1	3
3L	15852250	15858101	-1	3
X	13670060	13670132	1	3
3R	15072260	15076130	-1	3
2R	12274850	12276416	1	3
4	1149214	1151287	1	3
X	4531509	4533712	1	3
X	16594531	16594691	1	3
3L	11690982	11691040	-1	3
3R	15145240	15147475	-1	3
3R	18014094	18016591	1	3
2L	19031470	19031527	-1	3
2L	1289729	1292648	1	3
3R	23983909	23984466	1	3
X	7920801	7920890	1	3
3L	16036702	16036777	1	3
3R	24003765	24005688	-1	3
3L	24074557	24075141	1	3
3L	14231113	14231177	1	3
2L	229978	230538	-1	3
3R	21355090	21375060	-1	3
2R	22848139	22848197	-1	3
X	4698663	4699619	1	3
X	2331848	2331926	-1	3
2L	15026322	15026385	1	3
3L	1577041	1592744	1	3
2R	21698173	21698472	-1	3
X	3749795	3762039	1	3
3L	23029932	23030819	1	3
2L	1034191	1042964	-1	3
X	648698	651671	-1	3
X	17641817	17641901	-1	3
2R	22037720	22039356	-1	3
2L	17662280	17664087	-1	3
3L	17400527	17400881	-1	3
2L	4909255	4909315	-1	3
2R	11380668	11381734	-1	3
2L	17188347	17189899	-1	3
2L	6922827	6923784	1	3
X	12128609	12147369	1	3
X	16095691	16096527	-1	3
3L	17538745	17538814	1	3
2L	2059541	2094765	-1	3
3R	22239543	22248550	1	3
3L	12341047	12341134	-1	3
2L	1012530	1034131	-1	3
3R	31935392	31975796	-1	3
X	6683822	6683898	1	3
X	9165926	9188307	1	3
Y	1164719	1216738	-1	3
2R	15998004	15998067	1	3
4	133714	133795	1	3
3R	1026355	1060905	1	3
3L	9867406	9867686	1	3
2R	14458830	14460044	1	3
2L	2808537	2808980	1	3
X	22503710	22507406	1	3
3L	17682860	17682939	1	3
X	16082976	16087211	-1	3
3R	13012173	13019342	1	3
X	21347433	21347531	-1	3
3R	17674723	17675236	-1	3
3R	10204709	10204767	-1	3
2L	14091115	14093289	1	3
3R	13544378	13544546	-1	3
2R	19409744	19409805	-1	3
3R	11858756	11868795	-1	3
3L	4188758	4189676	1	3
3R	16358789	16359135	-1	3
2R	22496399	22497108	-1	3
X	5174746	5176614	1	3
2R	13153753	13153814	-1	3
X	3338746	3339112	1	3
3R	18012105	18013260	1	3
X	16956418	16956486	-1	3
3R	12301094	12301690	1	3
3R	15241725	15241776	-1	3
2R	5612437	5612814	1	3
X	18825415	18827517	1	3
4	355482	358632	-1	3
2L	23068102	23068200	-1	3
2R	7801569	7801986	-1	3
3R	10863486	10863856	1	3
X	8060159	8061503	-1	3
X	13024483	13025074	1	3
3R	12111034	12111104	1	3
3L	8210258	8210313	1	3
2L	2382561	2382617	1	3
3R	17937581	17959369	1	3
3L	4194863	4223803	1	3
2R	22482786	22482844	1	3
3L	8562337	8562396	1	3
3R	21307474	21309699	1	3
X	11293174	11293498	-1	3
2R	14276382	14277111	1	3
2R	7507661	7507715	1	3
2L	242745	250757	-1	3
3R	22755178	22776246	1	3
3R	20296500	20297808	1	3
3R	9546784	9547041	-1	3
3R	11400700	11400750	1	3
3L	15016966	15017063	-1	3
2R	20324412	20324498	1	3
X	15755287	15755347	-1	3
X	13084480	13089821	-1	3
2R	16984785	16984842	1	3
2R	4242700	4242761	-1	3
3R	20609162	20609226	1	3
X	7285783	7285914	-1	3
X	15848348	15848886	-1	3
3L	20773877	20776695	1	3
X	15924159	15924217	1	3
X	21043302	21043680	1	3
2R	16674864	16675141	-1	3
2L	13302017	13303946	-1	3
3R	7762922	7763035	1	3
2L	14616632	14617227	1	3
3R	30436160	30436218	-1	3
3L	16615906	16647337	-1	3
3L	17487190	17488065	1	3
3R	11371042	11371190	1	3
2L	20985149	20993233	-1	3
3L	1317617	1317672	1	3
X	8874402	8874503	-1	3
3R	29173406	29173544	-1	3
2R	14926783	14927928	-1	3
X	139207	139275	1	3
2L	19959692	19959751	-1	3
3L	5193815	5200331	-1	3
2R	20472334	20473761	1	3
2R	6877363	6877427	-1	3
3R	25038319	25038421	-1	3
2L	9291271	9295198	1	3
3R	24133449	24133506	1	3
3R	18658062	18658192	-1	3
2R	14039475	14060241	1	3
3L	12650511	12650578	-1	3
X	21422415	21440656	-1	3
X	15861734	15863622	1	3
2R	6210227	6210287	-1	3
2L	3808079	3810396	1	3
3R	8718151	8719984	1	3
X	15914095	15914156	1	3
X	11328408	11328476	1	3
3R	11784465	11784535	-1	3
X	22458261	22463539	1	3
3L	5664448	5665042	1	3
3L	15507567	15507799	-1	3
2L	21289745	21297695	-1	3
X	18860987	18861046	1	3
X	9070659	9071588	-1	3
2R	9396594	9397751	-1	3
2L	10411823	10411881	-1	3
3L	3907965	3908100	-1	3
4	90560	90678	1	3
3L	22833341	22833492	-1	3
2R	15617027	15617204	1	3
2L	20149606	20149672	-1	3
3L	20099180	20099243	-1	3
3R	19883856	19884196	1	3
3L	16589531	16589649	1	3
3L	18671673	18672631	-1	3
2L	1974819	1974881	1	3
2R	7981123	7981184	-1	3
2R	10463289	10463848	1	3
3R	5593458	5594385	1	3
3L	14987238	14987582	1	3
3R	31818119	31833397	1	3
2L	17158751	17161861	1	3
2L	8996869	8996931	-1	3
3L	868488	868569	1	3
2L	1008634	1009833	-1	3
3R	26254875	26254978	-1	3
2R	24875895	24875962	1	3
2L	14636160	14688466	-1	3
X	18713696	18713750	-1	3
X	17604972	17605042	1	3
3L	8396186	8398987	1	3
2R	10081633	10082642	1	3
3R	20965275	20974054	1	3
3R	23984136	23984428	1	3
3L	22789879	22833333	-1	3
X	2699339	2699842	1	3
2L	19568208	19568608	-1	3
3R	21850894	21851458	-1	3
2L	21028682	21051003	-1	3
3R	24705587	24709635	1	3
Y	858971	859032	1	3
X	18005565	18005814	-1	3
2R	17701650	17701834	1	3
3R	30386597	30387464	-1	3
3R	12628521	12628889	1	3
3L	4371905	4373820	-1	3
3R	9726176	9727990	-1	3
2R	16858013	16859193	1	3
X	21050149	21053235	-1	3
3R	24290628	24290742	1	3
X	571520	575568	1	3
3R	4932122	4937995	1	3
X	15325201	15325275	1	3
3R	17755285	17757024	-1	3
X	5794341	5794455	1	3
3L	8470188	8470285	1	3
3R	23983926	23984283	1	3
2L	4965823	4965882	1	3
X	15322976	15324071	1	3
2L	1981833	1981886	1	3
4	1131959	1132085	1	3
2L	17647619	17647841	-1	3
3R	23518706	23519151	-1	3
3R	15303223	15303641	1	3
3L	12760294	12760360	1	3
2L	2144626	2144805	-1	3
2L	15029914	15029985	1	3
3L	16403159	16403227	-1	3
3L	7854392	7854801	-1	3
3R	13015193	13019342	1	3
2L	21382191	21390836	1	3
2R	20551826	20551893	-1	3
2L	1010082	1011615	-1	3
3R	29741370	29741698	1	3
X	17822733	17822798	-1	3
4	1019500	1023285	-1	3
2L	11131204	11131264	-1	3
X	4698696	4699609	1	3
2R	4712046	4712101	-1	3
2R	24289807	24289935	1	3
3L	649052	649179	1	3
3L	11158215	11158342	1	3
X	5338129	5338290	-1	3
2L	19031045	19033315	-1	3
3R	26666910	26681377	-1	3
3R	14733029	14733212	-1	3
2R	21502441	21512918	1	3
3R	17890799	17890894	-1	3
4	1144114	1145208	-1	3
2L	21391969	21392360	1	3
2R	4462381	4469471	-1	3
X	2673619	2674597	1	3
3L	11629696	11630467	1	3
2R	24834014	24834154	1	3
4	1120802	1121459	1	3
3L	4815437	4815493	-1	3
3L	17476516	17476569	1	3
3L	2689709	2689844	-1	3
3R	14891724	14891785	1	3
3L	5161016	5163478	-1	3
3L	20881811	20885110	-1	3
2L	9176403	9177125	1	3
2R	14600299	14600355	-1	3
3R	2461593	2503677	1	3
3R	10613387	10613526	-1	3
3L	2672894	2673065	-1	3
3R	24662564	24664364	1	3
2R	9582074	9582129	-1	3
3R	9432250	9442058	1	3
3R	29490754	29490814	-1	3
2R	24883735	24884526	1	3
3R	21306557	21307392	1	3
3R	23983750	23984290	1	3
X	7970197	7985574	1	3
2R	9922004	9934319	-1	3
3R	4324673	4324730	1	3
3R	4418715	4418893	-1	3
X	15112897	15113574	1	3
3L	9177563	9177647	-1	3
2R	14961507	14961568	-1	3
X	12566837	12567415	-1	3
2R	16182091	16182158	1	3
2R	8903283	8904521	1	3
2R	17972403	17972853	-1	3
2L	871577	871651	1	3
3R	30177092	30177177	-1	3
2L	815422	815475	-1	3
3L	8129549	8129614	1	3
3R	4298590	4301300	1	3
3R	28943923	28944150	-1	3
3R	21309565	21309842	1	3
3R	18573530	18586279	1	3
4	925949	926011	-1	3
3R	31330490	31335636	1	3
2L	8826070	8829497	1	3
3L	9708994	9709549	1	3
2L	12362650	12385562	1	3
2L	21381833	21382019	1	3
3L	4563897	4564538	1	3
3L	2633810	2637068	1	3
X	16276827	16276892	1	3
3L	21419798	21419859	1	3
3R	17697917	17697981	-1	3
3R	27580326	27580654	-1	3
2R	17217076	17274427	1	3
X	11888657	11888716	1	3
X	7031932	7032093	-1	3
2L	13200655	13200711	-1	3
X	11276071	11280099	-1	3
3L	5721105	5722382	1	3
3L	17439914	17449393	1	3
X	13383624	13384397	-1	3
2R	10101098	10101265	1	3
2L	2772434	2785384	-1	3
X	19574975	19575358	-1	3
3R	24344104	24344386	-1	3
2L	15095178	15095298	1	3
X	6644947	6645043	1	3
4	132372	133186	1	3
3L	11996326	11996384	-1	3
2L	5040891	5041392	-1	3
3R	28238442	28240202	1	3
2L	16678582	16678643	1	3
3R	11394131	11394280	1	3
3R	14367497	14369390	-1	3
3R	9295202	9295432	-1	3
2R	1570488	1576513	-1	3
3L	12203235	12203885	-1	3
X	8768943	8785184	-1	3
3L	9479232	9479774	1	3
2R	18846211	18846310	-1	3
2L	17481378	17481456	1	3
2R	5609213	5611356	1	3
3R	18463358	18515052	-1	3
2R	16765485	16765692	-1	3
2R	19519017	19519488	-1	3
2L	21635732	21637659	1	3
2L	21662453	21662518	1	3
3L	3210908	3210967	1	3
X	21318165	21318815	-1	3
2L	5053357	5053415	1	3
3R	31601352	31601416	-1	3
3R	21307534	21308368	1	3
X	9152675	9153912	-1	3
2L	18845213	18845614	1	3
3R	23154968	23155809	-1	3
3R	27580326	27580677	-1	3
2L	5546011	5546351	1	3
2R	4549981	4560361	1	3
2L	1285445	1285506	1	3
2L	8368697	8368758	1	3
2R	8076449	8077731	1	3
2R	17208188	17275545	1	3
2R	16027572	16027665	-1	3
2L	5174565	5174890	1	3
2L	5165689	5173404	1	3
3L	12766260	12766318	1	3
3R	20006660	20008161	-1	3
2R	5608718	5611347	1	3
3R	9536107	9537220	-1	3
3L	21197491	21197549	-1	3
3R	12349983	12350195	-1	3
3R	21803390	21803684	-1	3
3R	21783479	21804505	-1	3
X	11290264	11293243	-1	3
3L	15554473	15556850	1	3
4	1141368	1143627	-1	3
3R	9630554	9630678	-1	3
3L	22747100	22747161	1	3
2R	14903565	14903631	-1	3
3L	7444854	7445165	1	3
3R	30563482	30565877	1	3
2L	16349473	16351927	-1	3
3R	23961004	23961394	1	3
X	3481370	3481954	-1	3
4	996754	997707	1	3
3L	20834119	20836015	1	3
2R	17025292	17025359	1	3
X	11429822	11429991	1	3
3L	22833454	22835160	-1	3
3R	21299806	21309699	1	3
3L	2840921	2843586	-1	3
3R	22678329	22678566	1	3
3L	7667638	7694126	-1	3
3R	5238157	5238213	-1	3
2R	12616942	12617072	1	3
X	9780709	9781819	1	3
2L	2059534	2065652	-1	3
2L	16182832	16182893	1	3
3L	11692567	11692620	1	3
3L	6119149	6121494	1	3
X	5756205	5757862	1	3
3R	5292842	5292998	1	3
2L	21274140	21274200	1	3
3L	9112788	9113046	1	3
3R	28084617	28086887	1	3
3L	18072577	18072629	-1	3
3L	27279863	27289901	1	3
2L	7417479	7417547	1	3
3R	13260419	13261605	1	3
2L	6798018	6798093	1	3
2R	22877208	22877259	1	3
2R	6963096	6970893	-1	3
2L	6572543	6573699	-1	3
X	3859081	3859513	-1	3
2L	19387392	19387538	-1	3
2R	22645535	22645921	-1	3
3R	23983802	23984296	1	3
2R	7010301	7010432	-1	3
2L	19516034	19516441	1	3
2R	22103942	22104077	1	3
X	16301480	16301856	1	3
3L	4432440	4435493	1	3
3R	13385031	13385158	1	3
2L	3989801	3991207	-1	3
X	8248754	8249928	-1	3
4	129443	129798	-1	3
X	5365448	5365589	1	3
3L	17400486	17401076	-1	3
2L	8089683	8115808	1	3
X	9355179	9356084	-1	3
X	18408860	18409884	-1	3
X	6678617	6678757	1	3
2R	12408031	12408112	1	3
4	1050610	1050694	-1	3
3R	19760632	19760900	1	3
3R	28462200	28463715	1	3
2R	17665817	17666032	1	3
2L	1635836	1636128	-1	3
X	1119786	1134185	-1	3
3L	5750409	5750731	-1	3
2L	7806923	7806990	-1	3
3L	2942318	2943472	1	3
3R	16294154	16296662	1	3
3L	7240942	7241226	-1	3
3L	7241256	7241320	-1	3
X	19267252	19267318	-1	3
2L	10169140	10178041	-1	3
2L	10336884	10336945	1	3
3R	15246359	15246461	1	3
3L	1345162	1345498	-1	3
3L	24977394	25007067	1	3
3L	12275188	12276890	-1	3
3R	21299811	21303225	1	3
2L	21742015	21742075	-1	3
2R	18621333	18623005	-1	3
3L	7928118	7928184	-1	3
2L	8686493	8686550	1	3
3R	7184135	7186016	-1	3
3L	17066815	17235831	-1	3
2L	10444786	10445161	1	3
3R	23668341	23669587	-1	3
2L	13918246	13954717	1	3
2L	3663307	3673178	1	3
X	13985730	13985885	-1	3
X	12516690	12522398	-1	3
X	13380940	13383595	-1	3
X	12639297	12640662	1	3
3R	10602934	10605088	-1	3
X	10760423	10760500	-1	3
3L	9958856	9961839	1	3
3L	269709	270150	1	3
3L	5929836	5930111	1	3
4	565447	565638	1	3
X	15084269	15084356	-1	3
2R	14527992	14552912	1	3
3R	17893684	17895114	-1	3
2L	6646948	6647794	-1	3
2L	9492546	9492628	-1	3
3R	16984096	16984571	-1	3
3R	25856784	25856839	1	3
3L	9178780	9182047	-1	3
3L	17466137	17466199	1	3
2R	7936421	7936485	1	3
X	15734607	15735099	1	3
3L	17065596	17238145	-1	3
3L	14789606	14789739	-1	3
3L	21921328	21925180	1	3
2R	17867362	17868287	-1	3
3L	9401607	9401845	-1	3
2R	7719781	7719843	-1	3
4	350691	350765	-1	3
3R	31055550	31055622	-1	3
3R	24820768	24821097	1	3
3L	6562419	6590604	1	3
X	15403869	15406769	-1	3
3R	30526376	30526984	-1	3
2L	10472486	10474282	-1	3
X	2271454	2271597	-1	3
X	22995915	23004027	-1	3
3L	12213298	12213354	-1	3
2R	22801802	22802035	1	3
X	15927885	15927951	1	3
X	4688318	4691637	1	3
3R	9400498	9400549	-1	3
X	7609539	7645780	1	3
3R	24048428	24048486	1	3
3L	4588125	4589787	1	3
2L	10399677	10399768	1	3
3L	1881558	1883000	-1	3
3L	5672827	5749399	1	3
2L	13690532	13713973	-1	3
3R	13121817	13154611	-1	3
X	19332269	19339334	-1	3
2R	5860341	5860620	1	3
2R	22743902	22797780	-1	3
2L	10337073	10337141	1	3
2R	10204213	10207796	-1	3
X	12572425	12687132	-1	3
3R	27400429	27418243	-1	3
2R	23714119	23714666	1	3
3L	8828504	8835052	1	3
2R	8328008	8347501	1	3
2L	103435	103878	1	3
3R	28418675	28418735	1	3
3R	6000731	6001125	-1	3
X	18861754	18861819	1	3
3R	9417985	9439567	1	3
3L	10872278	10872345	1	3
2R	9284130	9284959	-1	3
X	16505817	16505971	-1	3
2R	10848541	10848594	-1	3
X	9179369	9188307	1	3
3R	25663008	25663150	1	3
3R	24913582	24913827	-1	3
2L	16264465	16287218	-1	3
4	805311	968832	-1	3
2R	14353860	14355374	1	3
X	11610835	11611532	-1	3
2R	16071473	16071543	1	3
X	18192564	18199124	1	3
2R	8903629	8904446	1	3
2R	16042710	16045474	1	3
3R	23983921	23984305	1	3
2R	21646492	21650111	1	3
3R	15936101	15961918	1	3
3L	24254847	24257924	1	3
2R	23912835	23912897	1	3
3L	14219937	14225435	1	3
2L	3699557	3699620	1	3
2L	8088454	8089394	1	3
3R	31740636	31743117	1	3
3L	7372073	7372163	1	3
3L	225850	225910	1	3
3R	9327313	9328442	-1	3
X	17647138	17647217	-1	3
2L	1836784	1837019	1	3
2R	23923030	23923340	1	3
X	16364631	16365205	1	3
X	21543397	21717439	-1	3
3R	7574417	7576120	-1	3
4	464510	464950	-1	3
2R	18155189	18155888	-1	3
3R	23818612	23818683	-1	3
2L	20730892	20731064	-1	3
2R	924827	925796	-1	3
4	1255898	1255953	1	3
3L	21641363	21641974	1	3
2R	9528628	9530090	1	3
X	15395108	15396399	-1	3
2L	21573562	21574787	1	3
2L	8514593	8514660	-1	3
X	2621850	2621966	1	3
2R	3933011	3933157	-1	3
2R	11678455	11679270	-1	3
2L	18590917	18590985	1	3
X	647526	647610	1	3
X	5341698	5351829	1	3
X	10255173	10255493	-1	3
X	21600725	21601148	-1	3
3R	27192125	27193944	-1	3
2R	9994637	9995810	-1	3
3L	19568482	19568538	-1	3
X	19342838	19342900	-1	3
3R	24922030	24922085	1	3
2R	20560154	20560207	-1	3
3L	7369131	7369227	-1	3
X	21601275	21601344	-1	3
4	465316	466501	-1	3
2L	9067661	9070950	-1	3
2R	15489350	15489547	-1	3
3R	5791041	5791103	1	3
3R	24633371	24633433	1	3
3L	17059262	17061343	-1	3
X	11823380	11831122	1	3
3L	19263208	19263417	-1	3
3R	25170684	25170741	-1	3
3R	8667456	8667584	1	3
3R	24039766	24040306	1	3
3R	25856202	25856322	1	3
2L	190291	192429	1	3
X	6191529	6192310	-1	3
2R	3182520	3239023	1	3
3L	21317483	21317797	-1	3
2L	9877973	9885938	-1	3
3L	16095043	16095106	1	3
2L	75367	77481	1	3
3R	18959719	18977294	1	3
3R	24343384	24343603	1	3
3R	8786624	8786698	-1	3
4	1027216	1034117	1	3
3R	8821851	8822469	1	3
3L	9049081	9050326	-1	3
2R	15189440	15190159	1	3
2R	10519376	10532039	-1	3
2L	2407876	2410352	1	3
3R	23994603	23994664	1	3
2R	5860226	5860682	1	3
3R	7277689	7281599	-1	3
2L	13462276	13462330	1	3
3L	27157855	27158206	1	3
3R	16573701	16573755	-1	3
X	16452286	16453955	1	3
3R	30886548	30886622	-1	3
3R	9719622	9719714	-1	3
3L	11691250	11691308	-1	3
2R	16643123	16643498	1	3
3L	16403150	16403496	-1	3
2L	5956035	5956092	-1	3
2L	2029757	2029836	1	3
3L	6116003	6118959	1	3
3R	23983928	23984236	1	3
3L	19567136	19573443	-1	3
2R	18718187	18718535	1	3
2R	2752808	2804443	1	3
mitochondrion_genome	10895	11469	1	3
3R	24103356	24105595	-1	3
3L	17236063	17238076	-1	3
3R	19416177	19457834	1	3
X	13374104	13374241	1	3
2R	19399094	19406615	-1	3
X	20043054	20043245	-1	3
3R	22487393	22487510	1	3
X	14691404	14691659	-1	3
3L	19261780	19261878	1	3
X	9172367	9189009	1	3
2R	15402294	15453424	1	3
2R	13495483	13495972	-1	3
3R	23921781	23922706	-1	3
3L	22833800	22834048	-1	3
3R	9768141	9768923	1	3
3L	19965003	19965727	1	3
3R	31151971	31152396	1	3
3L	15115447	15115507	1	3
4	181510	181569	-1	3
3R	24105558	24106309	-1	3
3L	10221133	10221394	-1	3
3R	10613801	10638620	-1	3
3L	1019602	1022678	-1	3
3R	21115672	21115797	1	3
2L	13550421	13550985	1	3
2R	24892072	24892217	1	3
3R	20912078	20912142	-1	2
3R	11430125	11430180	1	2
3R	9428653	9432032	1	2
3L	4074162	4074302	-1	2
3R	18177299	18178438	-1	2
3L	7752588	7752892	1	2
2L	14600813	14688677	-1	2
3R	9487110	9493396	-1	2
3L	22832931	22833336	-1	2
3L	3071190	3071257	1	2
2R	21433785	21437008	-1	2
2R	9587711	9587777	1	2
2L	13803899	13809812	1	2
3L	3217894	3217946	-1	2
3R	11780545	11780804	1	2
X	14839783	14840261	1	2
X	15989283	15989357	-1	2
3L	21888693	21907346	1	2
3R	21302413	21309808	1	2
2L	16191614	16192009	1	2
2R	9135996	9136952	-1	2
3L	16066110	16066613	-1	2
3L	5363697	5363824	-1	2
2R	2935082	2937022	1	2
2R	16023860	16024086	1	2
3L	24074418	24079465	1	2
2R	22744398	22744511	-1	2
2L	16169907	16170259	1	2
2L	18860419	18860738	-1	2
2R	13831231	13832266	1	2
3R	26455807	26456065	-1	2
2L	3869618	3869873	1	2
2L	15241522	15245558	-1	2
2R	19290553	19290700	1	2
2L	14939029	14941518	-1	2
X	9172962	9176747	-1	2
3R	9487204	9493571	-1	2
4	680227	680440	1	2
3L	14205586	14207406	1	2
3R	22605092	22605155	1	2
3L	20280148	20295794	-1	2
2R	24532542	24532598	1	2
3R	24343309	24343425	1	2
2L	187769	189358	1	2
3L	185075	185135	1	2
3R	24708837	24709260	1	2
3L	2601663	2601783	-1	2
2L	13208488	13208665	1	2
3R	17872818	17882472	-1	2
3R	18248526	18250207	1	2
2R	2855756	2937028	1	2
2L	211075	211497	-1	2
3R	1961516	2136430	1	2
3R	11337266	11338368	1	2
3R	5596903	5597168	-1	2
X	11950158	11952129	1	2
X	12938989	12941959	1	2
X	12901852	12902316	-1	2
3R	12139048	12143492	-1	2
X	15003814	15006565	1	2
2L	7546091	7550651	-1	2
2L	19034363	19034420	-1	2
X	17070629	17070734	-1	2
3R	21786025	21822483	-1	2
2L	8364980	8365040	1	2
3L	1625877	1626312	-1	2
X	17073612	17074795	-1	2
X	17935343	17962132	-1	2
2L	9711667	9712026	-1	2
X	6699575	6699713	1	2
3R	9750230	9750285	1	2
4	990788	1004811	1	2
3R	23983728	23984283	1	2
3R	26058918	26058980	-1	2
3L	23263968	23264034	1	2
3L	18819911	18820400	-1	2
3R	8772185	8772248	-1	2
3L	9098751	9101226	-1	2
3L	7358781	7358851	-1	2
X	9021043	9022743	1	2
2L	8174469	8174536	1	2
2L	8713204	8713269	-1	2
X	16287240	16287958	1	2
2R	14301606	14301675	-1	2
2L	7825822	7826209	-1	2
3R	24160687	24160747	-1	2
X	10462880	10462939	-1	2
3R	22712475	22712805	-1	2
3L	4074311	4075037	-1	2
2R	14496580	14496647	1	2
X	9472661	9499874	-1	2
2R	3182520	3245497	1	2
2R	14276429	14277139	1	2
3R	12590679	12593839	-1	2
X	9175406	9177369	1	2
3R	21966942	21995520	1	2
3L	17270427	17282510	1	2
3L	234505	234568	-1	2
X	5387595	5565506	1	2
X	14444528	14459659	1	2
3L	6947916	6947986	1	2
2L	10418194	10418257	1	2
2R	19467642	19468790	1	2
2R	16925285	16926346	1	2
X	1260009	1274426	-1	2
X	6359001	6361130	1	2
2L	5919936	5919994	1	2
3R	11396500	11400804	1	2
3R	10228913	10239477	1	2
X	2149342	2149402	-1	2
2L	19116543	19119286	-1	2
3R	7137357	7137421	1	2
2R	20605465	20606621	1	2
3R	5593864	5594373	1	2
3L	3840089	3840289	1	2
3R	12711965	12712076	1	2
2R	2053102	2053202	-1	2
3R	19412770	19415633	1	2
3R	18274931	18282139	1	2
3L	15139525	15142300	-1	2
3L	8940653	8954102	-1	2
2R	11220627	11220928	-1	2
Y	974403	974741	1	2
3R	21308097	21309766	1	2
3L	9146166	9150439	-1	2
2L	18051594	18062362	1	2
2L	16973322	16973448	1	2
2R	8373219	8373319	1	2
X	19903054	19906511	1	2
3L	25961541	25977967	-1	2
X	9109695	9110822	1	2
2R	4378243	4458441	-1	2
2L	2400936	2410316	1	2
3R	27647609	27656206	-1	2
2L	16891738	16891793	1	2
4	191387	193825	-1	2
3R	13994353	13994555	1	2
3L	853406	853469	1	2
3R	31779509	31779563	1	2
3R	23803966	23820520	1	2
X	4913784	4913846	1	2
3R	25722557	25739055	-1	2
3L	9504599	9505037	-1	2
2L	19607107	19610528	1	2
X	12947792	12948734	1	2
2L	21381663	21391484	1	2
2L	8105810	8106840	1	2
X	12941892	12946548	1	2
3L	16712935	16715441	1	2
2R	24047997	24048066	-1	2
4	1046708	1047020	-1	2
3L	20834163	20836035	1	2
3R	17909492	17939875	-1	2
3R	19643679	19643738	1	2
3R	4453768	4453937	1	2
3R	25098908	25099196	1	2
X	5883860	5884047	-1	2
2R	11869060	11869118	-1	2
2R	21600203	21600263	1	2
4	1148294	1148754	1	2
3R	19133381	19133433	1	2
2L	12817872	12818147	-1	2
X	4704833	4704975	1	2
3L	3221982	3222745	-1	2
3R	12999525	12999583	1	2
3L	20313885	20314608	1	2
X	20420505	20420577	1	2
2R	18154422	18155006	-1	2
2L	4403415	4403514	1	2
3R	18248393	18250202	1	2
2L	5048720	5048791	-1	2
3R	5564283	5564560	-1	2
3L	1966307	1966365	1	2
X	13858754	13985315	-1	2
2L	1360591	1360657	-1	2
3R	1644595	1691048	1	2
2L	5210890	5210954	1	2
2R	18388237	18388308	1	2
3R	31221466	31225813	1	2
3R	16639028	16639734	1	2
4	87167	97822	1	2
3L	10691917	10692376	1	2
2L	21633916	21634420	1	2
X	7282177	7282242	-1	2
X	7952530	7952969	1	2
2L	13163505	13163604	-1	2
3L	3714999	3745836	-1	2
3R	21785988	21820779	-1	2
3R	14301019	14301228	1	2
2L	21166241	21166342	-1	2
X	13746687	13750956	-1	2
X	12773902	12774123	-1	2
2R	22801203	22801483	1	2
X	11793519	11793798	1	2
2R	13894970	13895110	-1	2
3R	10613609	10613780	-1	2
3R	21526903	21527263	1	2
3R	6001361	6001558	-1	2
3R	21306360	21309697	1	2
2R	14245685	14245759	1	2
2L	6929190	6930999	1	2
X	16376961	16381342	1	2
3R	12623803	12625292	-1	2
2L	14344257	14345599	1	2
3L	18890282	18890346	-1	2
4	249721	251337	-1	2
X	3710249	3719363	-1	2
3L	17282882	17287273	1	2
3L	22790555	22790614	-1	2
3R	9766421	9766494	-1	2
X	6513174	6514309	1	2
2R	17376637	17377411	1	2
2L	12455844	12457128	-1	2
2L	13889485	13890728	1	2
2L	13383665	13383737	1	2
3L	19572480	19572714	-1	2
2L	9127467	9135118	1	2
2R	24892079	24892287	1	2
3L	580432	580801	1	2
2L	3364941	3365427	-1	2
3R	26042904	26042995	1	2
X	10628055	10629415	1	2
2L	21617822	21618004	-1	2
3R	17920423	17920473	1	2
2R	11384397	11384461	-1	2
3R	7098733	7098826	-1	2
X	16839241	16839447	-1	2
3R	20535477	20535959	-1	2
2L	6530330	6532906	-1	2
3R	4952820	4952884	1	2
X	4869555	4894618	-1	2
3R	10076919	10077117	-1	2
2R	2565232	2565322	-1	2
3R	7191679	7191736	1	2
3R	30878582	30878692	-1	2
3R	26912319	26912374	-1	2
3L	15858152	15859812	-1	2
3R	19230951	19231605	-1	2
X	3688496	3692953	1	2
2L	19946703	19950407	1	2
3R	21785988	21788835	-1	2
X	12319428	12321915	1	2
X	17928458	17935592	-1	2
2R	10338806	10338870	-1	2
X	7674361	7678414	1	2
2L	20360813	20364297	1	2
3R	27580326	27581010	-1	2
X	11456736	11456828	1	2
2L	12052504	12052560	-1	2
2R	24699333	24699652	-1	2
3L	20771741	20776635	1	2
2L	8036299	8036358	1	2
3R	10874758	10875250	1	2
4	272161	272226	-1	2
3R	16514177	16550207	1	2
2R	2747203	2754398	1	2
3R	23983688	23984362	1	2
X	11950158	11952129	-1	2
2R	9187135	9188120	-1	2
3L	8469494	8469565	1	2
2R	19520091	19529777	-1	2
2R	9539276	9541451	1	2
3L	17221843	17235352	-1	2
X	16360697	16360763	1	2
4	386985	390425	-1	2
4	633861	633921	1	2
3L	11487955	11495354	1	2
2R	23184132	23188313	-1	2
3R	6005127	6005950	-1	2
2R	19161416	19161473	1	2
3L	21555686	21555752	-1	2
2L	1836653	1837019	1	2
X	17015225	17018126	-1	2
X	9604371	9604553	-1	2
X	1774343	1775650	1	2
2L	1555754	1556540	1	2
3L	10500830	10506070	1	2
X	16317690	16318137	-1	2
X	8897360	8897754	-1	2
3R	13224817	13225175	-1	2
2R	2847727	2952992	1	2
3R	4440563	4442040	1	2
X	10186739	10187054	1	2
3R	12811660	12811720	-1	2
2R	17546654	17546822	-1	2
3R	29862871	29863032	1	2
3R	31227839	31228010	1	2
2L	12457271	12538638	-1	2
3L	20854188	20854605	-1	2
X	4851586	4858593	1	2
2L	21701939	21704459	1	2
3R	28088474	28088759	1	2
X	18560347	18560418	1	2
2R	16265627	16265688	1	2
3R	14880083	14880164	1	2
3R	14891291	14891353	1	2
2R	23932815	23933259	-1	2
2R	16635487	16637638	-1	2
3R	14033706	14034380	1	2
4	1050610	1053644	-1	2
2R	10106445	10107458	1	2
3L	144592	144758	1	2
3L	22833007	22833096	-1	2
3L	5692114	5695339	1	2
3R	23815107	23815241	-1	2
2L	21104760	21104853	1	2
3R	17716935	17717956	1	2
2R	10036027	10036841	-1	2
3L	1522645	1522707	1	2
3L	4173233	4173482	1	2
3R	12144838	12145237	-1	2
2R	8949611	8950602	-1	2
2R	18377645	18377709	1	2
3R	31622830	31627257	1	2
3L	11111363	11111425	1	2
3R	21211080	21211141	1	2
X	9165868	9171448	1	2
2R	9580275	9581706	1	2
3R	12991683	12991744	-1	2
2R	18437613	18437940	-1	2
2R	10339241	10339303	-1	2
3R	26648778	26648905	-1	2
2R	22686503	22687274	-1	2
3R	13022091	13023097	1	2
X	931189	932424	-1	2
Y	2830683	2830814	-1	2
3R	25053975	25054042	-1	2
3R	31216356	31216688	-1	2
2L	9684289	9697368	-1	2
2L	5177088	5177410	1	2
3L	13876459	13883260	-1	2
3R	5255734	5255860	-1	2
X	12953834	12954365	1	2
2R	17524283	17524348	-1	2
2R	8903943	8904465	1	2
3L	1635685	1636818	1	2
2L	17410031	17410092	-1	2
X	15947732	15948061	-1	2
4	1295824	1295879	1	2
X	5785101	5785167	1	2
3L	17951497	17961300	-1	2
2L	10313689	10313901	-1	2
3R	22483066	22483654	1	2
2R	18688912	18692041	1	2
X	5081846	5082148	-1	2
X	10255591	10256708	-1	2
3L	4123140	4123789	-1	2
3R	18702624	18705031	1	2
X	12651038	12653334	1	2
3R	17813618	17821894	1	2
2L	4874000	4874058	1	2
3R	8101229	8101518	1	2
X	9183251	9184125	1	2
2R	12088491	12088544	-1	2
X	6258507	6258650	-1	2
2R	7702615	7702674	1	2
2R	2954046	2968133	1	2
X	3486022	3486083	1	2
2L	13501049	13501185	-1	2
2R	15936170	15936416	-1	2
2L	6791842	6796337	-1	2
3R	5859329	5859460	1	2
3L	3813361	3813451	1	2
2R	22699735	22699802	-1	2
2L	20969524	20985003	-1	2
2L	14347598	14347653	-1	2
3R	3462694	3468909	-1	2
2R	11865422	11865500	-1	2
3R	24162392	24162452	1	2
2R	13831238	13832610	1	2
X	17661077	17669015	1	2
3R	5710864	5710931	1	2
3R	18218081	18218326	1	2
3R	24342937	24343272	1	2
X	10312425	10317870	-1	2
3L	256594	256649	-1	2
X	4619261	4702711	1	2
X	13772696	13772786	1	2
X	5794341	5794448	1	2
3L	17059264	17059647	-1	2
2L	17902774	17902853	-1	2
2L	9870270	9877917	-1	2
2R	9911283	9911394	1	2
X	11579156	11579670	1	2
3R	7921836	7922137	1	2
3L	3957195	3957416	-1	2
3L	19891647	19904949	-1	2
3R	15277556	15277614	-1	2
3R	27770109	27770817	-1	2
2R	12275456	12276410	1	2
2L	1012533	1016491	-1	2
3R	13464400	13465707	-1	2
3R	21069437	21069618	1	2
3L	18106871	18106967	1	2
3L	22448711	22570955	-1	2
2R	18118138	18118725	-1	2
2L	14040321	14061059	1	2
2L	20072647	20073378	1	2
X	10309666	10318472	-1	2
3L	9147365	9147719	-1	2
3R	13017401	13019342	1	2
3L	597415	599023	1	2
3L	8889713	8890154	1	2
2R	10063272	10063596	1	2
3L	16854084	16854230	1	2
3R	27156791	27157330	1	2
4	621873	621929	1	2
mitochondrion_genome	2875	5010	1	2
2L	19525885	19525953	-1	2
X	7637681	7639633	1	2
3R	11329298	11329630	1	2
3L	17061914	17063359	-1	2
X	3130687	3130743	1	2
X	9166332	9177167	1	2
X	1780612	1780675	1	2
3L	993588	993683	1	2
3L	5664448	5665177	1	2
2L	13547162	13547752	-1	2
4	253474	258312	1	2
3L	5695602	5747462	1	2
X	8179169	8179221	1	2
X	12784523	12784809	-1	2
3R	7088745	7088798	1	2
3R	21949407	21949640	1	2
3R	23983935	23984303	1	2
X	15860334	15861116	1	2
2R	9643477	9657594	-1	2
2L	345154	345215	1	2
4	132914	133186	1	2
3R	11396573	11400742	1	2
3L	17400545	17400894	-1	2
3L	13651597	13664419	-1	2
X	4111585	4111643	-1	2
3R	4659882	4660239	1	2
2R	19362063	19362124	1	2
3R	31220843	31220913	1	2
3R	4619595	4622509	1	2
X	15871524	15871859	1	2
4	1226847	1226899	-1	2
2L	1997367	1997436	-1	2
2R	15456816	15457748	1	2
X	3782860	3789514	1	2
X	4707974	4708824	1	2
X	3337954	3338026	1	2
2L	17651154	17651279	-1	2
2L	19701669	19701750	1	2
X	13090032	13090152	-1	2
3R	9629616	9629708	-1	2
2R	18689250	18692041	1	2
X	15847142	15847203	1	2
3R	8817710	8818723	-1	2
3R	20975828	20975958	1	2
X	15701648	15701751	-1	2
2L	1140661	1140814	1	2
2R	9338566	9340543	-1	2
X	20923614	20926968	-1	2
X	10309620	10318418	-1	2
2L	22536566	22536621	-1	2
X	9124597	9134741	-1	2
2R	6632141	6632306	-1	2
3R	8940635	8940699	1	2
3R	10046337	10046398	1	2
2R	21480357	21480835	-1	2
3L	10571247	10573450	1	2
3L	9162156	9163921	-1	2
X	15176122	15177693	1	2
3R	20561300	20572445	1	2
3R	23983926	23984374	1	2
2L	2407097	2407160	1	2
2R	1442559	1442634	1	2
X	5738730	5744522	-1	2
2L	19939897	19940099	1	2
2L	12455846	12456447	-1	2
2R	22639138	22639433	-1	2
2L	5645531	5651610	-1	2
3R	21300472	21300750	1	2
X	16794379	16794873	1	2
Y	974403	974456	1	2
3L	5747486	5747747	1	2
2L	6050892	6053596	1	2
2R	15936581	15938447	-1	2
3L	12505476	12505608	1	2
2L	4314616	4320997	1	2
X	2618504	2618607	-1	2
3R	6648886	6648945	1	2
3L	10658232	10658305	-1	2
X	5086202	5089342	-1	2
3L	199088	199679	-1	2
X	11405843	11405904	1	2
3R	9487204	9493693	-1	2
2L	1010570	1011475	-1	2
3L	7059061	7059123	-1	2
3R	19867509	19867575	-1	2
X	13642533	13645178	1	2
4	1127416	1129435	1	2
3R	15696186	15696259	1	2
X	13075353	13076603	1	2
2L	15025525	15025615	1	2
2L	18476335	18476394	-1	2
3L	1664845	1664918	-1	2
X	5639489	5639617	-1	2
3R	23981004	23984428	1	2
3L	28012474	28012537	-1	2
3R	27707319	27707667	1	2
2R	16182915	16182983	1	2
2L	19527435	19528311	-1	2
2L	19528370	19530090	-1	2
2R	24920004	24921476	1	2
3R	29172012	29172069	-1	2
2L	4944542	4944599	-1	2
3L	16962568	16967467	1	2
2L	1359111	1359172	-1	2
3R	22782183	22784321	1	2
2L	1856955	1858378	1	2
3R	21309253	21309531	1	2
3L	19568717	19572291	-1	2
X	23009517	23012112	1	2
2R	7361868	7363881	-1	2
3R	16644923	16645036	1	2
3R	628321	750708	1	2
3L	6970385	6971595	1	2
2R	17008943	17010053	-1	2
2R	12873161	12873219	-1	2
3L	362342	362427	1	2
2L	3989801	3991540	-1	2
3L	148646	148704	1	2
3R	14305899	14305960	-1	2
3R	7302790	7312538	-1	2
3L	13873267	13876378	-1	2
X	7899901	7901291	-1	2
X	9165942	9188202	1	2
2R	11592176	11592959	-1	2
2R	19178873	19179411	1	2
3L	22293286	22293940	-1	2
3L	12761664	12761735	1	2
4	212730	212788	1	2
X	13157600	13159427	-1	2
3R	17545391	17545819	-1	2
3R	9418001	9432573	1	2
X	6042895	6042952	1	2
3L	5643170	5650349	1	2
2R	19398800	19399022	-1	2
3R	20838888	20839058	1	2
2L	9340641	9340700	-1	2
3R	14733047	14733284	-1	2
3R	27950595	27950928	1	2
3R	24514253	24514310	-1	2
3R	10760277	10760904	-1	2
3R	26255432	26256933	1	2
4	1043119	1043468	1	2
3R	13760363	13761308	1	2
2R	16444123	16444669	-1	2
3L	4189967	4190182	1	2
3R	26254187	26254658	-1	2
2L	3099858	3099944	-1	2
2R	2797524	2874221	1	2
3R	21309542	21309819	1	2
X	6742257	6743058	-1	2
2R	16326220	16326643	-1	2
2R	19164171	19165164	1	2
3L	20852762	20854057	-1	2
2R	8473596	8473656	1	2
X	9024138	9024261	1	2
3L	17400656	17401028	-1	2
2R	18658576	18659881	-1	2
3R	4638381	4640258	-1	2
2R	4757628	4757846	1	2
3L	6943007	6944441	1	2
3R	29173934	29181808	-1	2
3R	23984098	23984428	1	2
3R	24064658	24102058	-1	2
4	249652	249790	-1	2
3R	8392176	8393331	-1	2
2R	22128177	22128282	1	2
X	15892167	15892828	1	2
X	5794143	5794297	1	2
X	15886353	15886506	-1	2
2R	21650643	21652913	1	2
2R	10233697	10233834	-1	2
2L	3098066	3099453	-1	2
3L	12152319	12152380	1	2
3R	4282073	4282674	1	2
2L	3501300	3501363	-1	2
X	934090	937968	1	2
2L	9716307	9716360	-1	2
X	18970929	18971409	1	2
4	44961	45623	1	2
X	6115821	6146124	-1	2
2R	16179400	16181981	1	2
3L	546199	547482	1	2
X	5229016	5229191	1	2
3L	19868865	19869103	-1	2
2R	7651209	7651269	1	2
3L	20242668	20242785	1	2
2L	13535027	13546911	-1	2
4	94182	94423	1	2
2L	13462139	13462350	1	2
3R	19853685	19854043	1	2
X	16817135	16822557	1	2
3R	21018280	21020575	1	2
3R	18007325	18008865	1	2
4	460142	464697	-1	2
2L	21382079	21390214	1	2
3L	9957797	9961854	1	2
2L	12455809	12457402	-1	2
3R	5659617	5660208	1	2
2L	16724172	16724232	-1	2
X	18199823	18200655	-1	2
X	8559859	8559921	-1	2
3R	5708183	5708499	1	2
2R	23391904	23393364	-1	2
3L	5163976	5166968	-1	2
3R	27156830	27157454	1	2
2L	9273653	9291056	1	2
X	2025700	2025775	-1	2
X	13953297	13967453	-1	2
2R	14291273	14291434	1	2
3R	25048350	25048681	1	2
X	15941585	15951041	1	2
X	576844	578224	1	2
2R	10116826	10117217	1	2
2R	16762034	16762097	-1	2
4	320036	328162	1	2
2R	16864104	16864569	-1	2
X	17295683	17299685	-1	2
3L	19804410	19804477	-1	2
2L	5802860	5803911	1	2
2L	13468250	13470188	1	2
2L	7800450	7801486	1	2
2R	10437264	10437320	-1	2
3L	13522501	13522942	-1	2
2L	21380341	21390319	1	2
2R	17220108	17275545	1	2
X	13590103	13590474	1	2
3R	11362762	11363270	1	2
X	15989110	15989392	-1	2
3R	18928129	18928195	-1	2
3R	22515470	22516623	1	2
3L	19340541	19342724	-1	2
3R	31935416	31935666	-1	2
X	16976549	17032425	-1	2
2R	16942412	16942475	1	2
3R	9487200	9489707	-1	2
2L	6041362	6044428	-1	2
X	16886229	16886318	-1	2
3R	22389380	22389661	-1	2
3R	5593949	5594279	1	2
2L	13462162	13483428	1	2
X	16785245	16785365	-1	2
2R	8902633	8904697	1	2
3L	9049157	9057543	-1	2
3R	7579359	7579687	-1	2
2L	1708403	1708462	-1	2
3R	20963964	20973914	1	2
4	1244281	1245101	1	2
3R	18500760	18500830	-1	2
4	786569	787467	-1	2
2R	23361694	23361750	-1	2
X	18864586	18883965	1	2
2L	9295207	9295335	1	2
2L	21391941	21392582	1	2
3L	16404936	16405070	-1	2
2L	8542213	8543213	1	2
3R	26961551	26964274	-1	2
X	4117396	4117964	1	2
2L	19970462	19970520	-1	2
3R	21311977	21313966	1	2
2R	16267251	16270024	-1	2
2R	12428843	12428910	-1	2
3L	2896786	2897244	1	2
2L	408181	408605	-1	2
3L	1552305	1552947	1	2
3L	3130024	3130092	-1	2
2R	21570825	21571110	-1	2
3R	4301163	4301233	1	2
3R	16349599	16349675	1	2
3L	11114283	11114335	-1	2
X	13082539	13082608	-1	2
2L	16040733	16041459	1	2
2L	2747068	2748440	-1	2
3R	6168173	6168263	-1	2
3R	14301663	14301906	1	2
2R	13841217	13841565	1	2
3R	28147616	28239931	1	2
2L	10970688	10970748	1	2
3R	5884825	5884894	-1	2
X	22996106	23004106	-1	2
3R	19937439	19937502	-1	2
4	132399	133186	1	2
3L	13638566	13666386	-1	2
3L	9146878	9146967	-1	2
3R	15935585	15935953	1	2
4	1220036	1228653	-1	2
X	10427518	10452157	-1	2
2L	13462162	13483447	1	2
3R	9004076	9004142	1	2
3L	16722002	16722064	1	2
2R	22876288	22876350	1	2
X	19899116	19907892	1	2
3R	9419806	9447819	1	2
2R	22820817	22821149	1	2
3L	2840967	2872383	-1	2
2L	9177291	9177433	1	2
3R	21310482	21313932	1	2
3R	18331504	18331778	-1	2
3R	18192673	18199534	-1	2
3R	24343301	24343484	1	2
3R	21972641	21975155	1	2
X	18407886	18408518	-1	2
3L	17434457	17436260	1	2
2L	6791324	6791518	-1	2
3R	16274173	16274419	1	2
2L	420361	420473	1	2
3R	21819594	21819654	-1	2
3R	8939773	8940482	1	2
2R	9508254	9508924	1	2
3R	23983935	23984388	1	2
3R	24985984	24991967	1	2
3R	31851988	31852098	-1	2
3R	9453274	9454717	1	2
3L	9177548	9178326	-1	2
3L	15904259	15904317	-1	2
2L	8340311	8340864	1	2
3R	2515153	2532798	1	2
X	10210490	10210565	1	2
3L	21025549	21027269	-1	2
3R	11966287	11966488	-1	2
2R	15539520	15539578	1	2
2L	12710226	12710362	-1	2
3R	4808605	4808675	-1	2
3R	15231399	15231470	1	2
X	13670064	13670129	1	2
X	4117282	4117964	1	2
3R	5759740	5759916	-1	2
3L	9683640	9684354	-1	2
3L	24074564	24075146	1	2
3L	23099724	23100220	1	2
2R	17274475	17275410	1	2
X	16340719	16349823	1	2
3R	9238260	9238334	-1	2
2R	8000849	8001911	-1	2
3R	22915637	22936494	1	2
3R	4699860	4700171	1	2
3L	6490639	6490699	1	2
X	127809	128102	1	2
X	8365576	8366854	-1	2
2L	10358649	10358711	-1	2
2R	24969225	24969469	-1	2
3R	29747860	29748196	-1	2
3R	4300057	4301410	1	2
2R	9415362	9416645	-1	2
2R	14622295	14622478	1	2
2R	14622532	14622713	1	2
Y	2969415	2969640	-1	2
3L	5748475	5749305	1	2
3L	4913957	4917457	1	2
2L	6923919	6925500	1	2
3R	13669980	13670645	-1	2
X	61866	93544	1	2
2L	2772470	2782795	-1	2
X	14357623	14362293	1	2
2R	15340746	15349276	1	2
X	14236715	14236846	-1	2
3L	14790073	14791871	1	2
3L	24210570	24218626	1	2
2L	14083715	14083835	1	2
3R	15258443	15258510	-1	2
2R	24053462	24053527	-1	2
3L	21570504	21570556	1	2
X	23262667	23270799	-1	2
2L	21666378	21668102	-1	2
3R	31216378	31216656	-1	2
X	12713315	12713661	-1	2
3L	20182670	20184963	-1	2
3R	20643855	20643913	1	2
3R	21299657	21299744	1	2
mitochondrion_genome	2526	5374	1	2
X	19867167	19868401	1	2
2R	12581578	12581639	-1	2
3R	23984135	23984236	1	2
2L	11156314	11157695	-1	2
3R	25680339	25680391	-1	2
3R	22082388	22082898	1	2
2R	16626140	16627773	-1	2
X	5333587	5334290	1	2
3L	8183581	8186402	-1	2
2L	18123491	18129635	1	2
2R	16641319	16641384	1	2
2L	5042888	5042961	-1	2
3R	21305129	21308461	1	2
2L	2772419	2793418	-1	2
2L	8825704	8829608	1	2
2R	13055424	13055590	-1	2
X	11290298	11293237	-1	2
2R	2832946	2833119	1	2
3R	3790341	3790395	1	2
X	21248900	21248981	1	2
2R	17361155	17361980	1	2
3R	10220277	10220981	1	2
2L	22128396	22128509	-1	2
3L	9139028	9139093	1	2
3L	3072617	3073278	1	2
2R	4786367	4788624	-1	2
2L	1012381	1013223	-1	2
3L	12852278	12852616	1	2
X	4698663	4701019	1	2
X	18515683	18520718	1	2
3R	26590718	26591171	1	2
2L	21107985	21108037	1	2
3L	3056086	3056434	-1	2
2L	10745572	10745635	1	2
2R	14764238	14768004	-1	2
2R	3092864	3098396	1	2
3R	31228262	31229337	1	2
3R	15057172	15066769	-1	2
2R	25255211	25256786	1	2
2L	10273123	10273197	-1	2
3L	2611160	2611316	-1	2
2L	5041540	5041689	-1	2
2L	18062563	18063805	1	2
X	15795102	15796002	-1	2
X	8294242	8295799	1	2
3R	15791585	15791656	-1	2
X	19621836	19621909	-1	2
X	9684239	9685213	-1	2
2L	2993378	2993545	1	2
3R	728571	747699	1	2
3L	21218941	21218996	-1	2
X	13381577	13383433	-1	2
2R	6767561	6768122	-1	2
X	11827018	11829515	1	2
2R	21667622	21668650	-1	2
3L	1861677	1862206	-1	2
X	9171175	9180792	1	2
2R	1523555	1526046	-1	2
2R	7634933	7635048	-1	2
2R	14880178	14880231	-1	2
X	11815540	11815754	-1	2
3L	12756095	12756405	1	2
3R	5593622	5594373	1	2
3L	8241857	8248294	1	2
X	4699466	4700852	1	2
2L	7792116	7792175	-1	2
2R	13829778	13833008	1	2
X	5903540	5904525	1	2
X	7285555	7285949	-1	2
2R	14187745	14187863	1	2
2R	12260189	12269324	1	2
2R	2553878	2564444	-1	2
X	8330142	8371800	-1	2
4	1126769	1127002	1	2
3R	9011253	9011363	-1	2
X	15994998	15995744	1	2
X	15954801	15956997	-1	2
X	22467233	22467296	1	2
2L	17374157	17374231	-1	2
3L	5519694	5522841	-1	2
3L	13603222	13608393	-1	2
2L	2772654	2782037	-1	2
2L	3467061	3467133	1	2
X	1411964	1413418	1	2
2L	1012600	1046993	-1	2
2R	22812539	22812711	1	2
2R	14672040	14672298	-1	2
3L	5187758	5272946	-1	2
4	254755	258312	1	2
X	2637992	2641125	1	2
2L	12242432	12242487	1	2
2R	13207597	13207651	1	2
2L	21119953	21120060	1	2
3R	29181873	29194888	-1	2
2L	576023	576081	-1	2
2R	18134096	18134407	-1	2
3L	7245832	7248994	-1	2
2R	24021320	24021376	-1	2
3R	11891792	11891851	1	2
2R	17551392	17551444	1	2
2R	13865496	13865819	-1	2
4	1140902	1140956	-1	2
3R	9242453	9242833	-1	2
X	4203487	4236644	-1	2
X	4698663	4699609	1	2
3L	2943662	2944959	-1	2
X	13985365	13985867	-1	2
2R	18913495	18938550	1	2
3L	8525705	8530560	1	2
4	601936	603312	-1	2
X	15872615	15872692	1	2
3R	12095409	12096049	1	2
2R	4749387	4749446	1	2
2R	9594160	9603869	1	2
3R	23983899	23984422	1	2
3L	17061773	17065257	-1	2
2R	21294398	21297907	1	2
X	10912936	10914720	1	2
3R	25051557	25052483	1	2
3L	24074034	24079465	1	2
3R	23250541	23250606	-1	2
2R	22285078	22285201	1	2
3R	28603079	28604970	1	2
3R	30133263	30133573	-1	2
3R	20973348	20973506	1	2
2R	11579984	11580049	-1	2
3L	23746545	23748424	1	2
3R	14733054	14740453	-1	2
X	6869302	6880577	1	2
2L	99724	99785	1	2
3L	8601843	8602103	-1	2
2R	13841197	13841546	1	2
2R	14159057	14159133	1	2
3L	17400539	17400889	-1	2
X	2111140	2111205	1	2
3R	12010961	12011023	1	2
X	22987157	22989763	-1	2
2R	15143764	15143862	1	2
2L	3043053	3043446	1	2
3R	7083357	7083449	-1	2
2R	22757730	22762786	-1	2
2R	16421206	16423453	1	2
3R	29562968	29569729	-1	2
3L	5749281	5749382	1	2
3R	4392249	4393828	-1	2
3R	4101771	4101861	1	2
X	15800313	15800649	1	2
2L	72978	74903	1	2
2R	24891721	24892217	1	2
3R	16298551	16301245	1	2
3R	29113450	29113994	1	2
3R	6389340	6389404	-1	2
3L	269481	270141	1	2
3L	13849653	13849795	1	2
X	4691724	4699651	1	2
4	1254213	1255842	1	2
2R	21502480	21510867	1	2
3R	21784255	21791982	-1	2
X	3724083	3724258	1	2
2L	21672470	21672857	-1	2
3L	19832713	19832770	-1	2
4	223742	223818	-1	2
2L	10918989	10923147	-1	2
2R	10855935	10856124	-1	2
X	9179267	9179597	1	2
3R	8520680	8521207	1	2
2R	8908126	8910748	1	2
3R	27580326	27581589	-1	2
X	13671447	13672236	-1	2
3L	20264283	20264913	1	2
X	14301519	14301573	1	2
3L	269347	270030	1	2
3R	10109072	10109816	-1	2
3R	16550930	16551795	1	2
2R	10094979	10095099	1	2
3L	20168886	20184979	-1	2
2L	21222136	21222436	1	2
3R	18331841	18333279	-1	2
X	18199149	18199286	-1	2
2L	16325055	16325494	-1	2
2R	2553205	2555704	-1	2
3R	14880079	14880164	1	2
X	17940024	17946550	-1	2
3R	4300032	4301387	1	2
3R	28320599	28322359	-1	2
3L	2724059	2724677	-1	2
2L	2989338	2989397	1	2
2L	1836777	1837191	1	2
X	4895839	4898408	-1	2
3R	19794967	19827962	-1	2
X	10781322	10781852	-1	2
3R	25710148	25713842	-1	2
2R	17867153	17871403	-1	2
3L	6943180	6944432	1	2
X	16459568	16459853	-1	2
2L	163002	175361	1	2
3L	6087367	6087424	1	2
3R	10223905	10224223	-1	2
3R	18109084	18111250	-1	2
3R	4598872	4599396	-1	2
3R	21297774	21313738	1	2
X	15963638	15963791	-1	2
2R	19486105	19486169	-1	2
3L	23101096	23102122	1	2
3R	25298202	25298268	-1	2
2L	9722943	9727028	-1	2
2R	7739320	7779462	-1	2
2R	16183952	16184606	1	2
X	6104396	6104463	-1	2
X	19329582	19344078	-1	2
2R	12667771	12667835	-1	2
2L	19828879	19857670	1	2
3L	25798743	25924296	-1	2
3L	1632399	1636818	-1	2
3L	20834452	20834615	1	2
3R	9451301	9454386	1	2
X	628477	628536	-1	2
2R	23905997	23906060	-1	2
2L	19514752	19515023	-1	2
2R	23104094	23104153	-1	2
3R	31595033	31596084	-1	2
X	13768158	13768659	-1	2
2R	13827072	13831165	1	2
3R	7068949	7069006	1	2
3R	31092544	31096955	-1	2
2L	22250854	22253194	1	2
3R	25516188	25519261	1	2
X	2095397	2108380	1	2
3R	9432840	9439125	1	2
3R	13968904	13969180	-1	2
2R	22178497	22182763	-1	2
2L	2055113	2057034	1	2
2L	20169737	20169839	-1	2
3L	3722523	3722860	-1	2
2R	9046749	9047658	-1	2
2L	5759837	5760115	1	2
3R	7266896	7267669	1	2
2L	1085862	1085927	-1	2
3R	4101389	4101465	1	2
3R	5296636	5299470	-1	2
3L	5744391	5747818	1	2
3R	8568439	8568510	1	2
4	1126938	1127002	1	2
3L	1649381	1651291	1	2
2R	25254809	25260496	1	2
3L	11129558	11134406	1	2
X	5839634	5840722	1	2
3L	4430012	4433175	1	2
X	19665628	19666714	1	2
X	6684462	6684518	1	2
X	17640006	17642548	-1	2
X	3964498	3964567	1	2
3L	20834281	20835877	1	2
2L	17840268	17847152	-1	2
3L	4913620	4913695	1	2
2L	6680082	6680929	-1	2
3L	5658186	5658758	1	2
3R	13012334	13019429	1	2
3R	9634476	9634537	-1	2
X	9008086	9013271	1	2
2R	12880871	12880950	-1	2
3R	24064910	24067327	-1	2
2R	13278171	13295272	-1	2
2R	17374142	17379109	1	2
2R	13511237	13511295	1	2
3R	15968511	15968575	-1	2
3R	12095923	12096049	1	2
2L	9622461	9623032	1	2
2R	6971082	6971146	-1	2
2R	3182520	3214688	1	2
X	575751	578835	1	2
2R	1072046	1072260	1	2
3L	15893962	15898595	-1	2
X	4357881	4358276	1	2
X	16301918	16302210	1	2
3R	20838446	20838513	1	2
3R	26045828	26046536	1	2
3R	26046593	26046733	1	2
2L	6721455	6721518	-1	2
3R	21310446	21313896	1	2
3R	21308697	21308953	1	2
3R	25132954	25133016	1	2
2L	2965696	2968285	1	2
X	11977045	11977462	-1	2
X	3662279	3663456	1	2
3R	22484602	22486784	1	2
3R	24067626	24102775	-1	2
3R	15955206	15957594	1	2
2R	24160226	24160288	1	2
3R	3041914	3126409	-1	2
3R	30593850	30594818	-1	2
2R	5739046	5739380	-1	2
X	10187132	10188139	1	2
3R	24067626	24102797	-1	2
3R	21785941	21820928	-1	2
2L	2360506	2360771	-1	2
X	13412417	13412487	-1	2
2R	23665556	23680548	1	2
3R	9238775	9239904	-1	2
3R	11401714	11405464	1	2
2L	16287285	16287344	-1	2
2R	16650498	16650964	1	2
2L	6062436	6062642	-1	2
2L	6466401	6466726	-1	2
3L	13540642	13541489	-1	2
3R	30038316	30038373	-1	2
2L	10357822	10357903	1	2
2L	2890917	2924914	1	2
2R	23684187	23684248	1	2
2R	8947928	8948240	-1	2
2R	25254826	25261272	1	2
2L	20647789	20648198	1	2
2R	11629435	11640146	-1	2
2L	10485698	10487532	-1	2
2L	7184395	7184615	1	2
3R	20319027	20319564	1	2
3R	4948859	4950035	-1	2
2R	19418606	19423594	-1	2
2R	8903916	8904345	1	2
3R	12561758	12595561	-1	2
2L	1997225	2005669	-1	2
X	5163749	5164300	-1	2
3R	9522892	9523536	1	2
3R	25519730	25584219	1	2
3L	11454199	11454260	1	2
3R	22817828	22914951	1	2
3L	15560818	15560985	-1	2
X	16274502	16274564	-1	2
3L	2962031	2962095	1	2
3R	11392650	11395960	1	2
3R	20253129	20253498	1	2
2R	17775655	17775717	-1	2
2R	13181214	13183150	-1	2
3R	26799481	26826576	1	2
3R	7090990	7091519	1	2
2R	16621442	16621506	1	2
3L	21303550	21303910	1	2
2R	18289851	18306031	-1	2
2L	10402500	10402625	1	2
X	9666087	9666442	-1	2
2R	24715200	24725339	-1	2
3L	4435398	4435633	1	2
X	13381561	13382345	-1	2
3L	281057	281121	1	2
3R	25649993	25650287	1	2
2L	1359271	1359332	-1	2
4	681136	684581	1	2
X	2634026	2634605	1	2
3R	26651388	26661535	-1	2
X	3332820	3342663	1	2
3L	5745759	5745853	1	2
X	15700808	15700989	-1	2
3R	8817941	8818673	-1	2
X	7934271	7934330	1	2
X	6010470	6010727	1	2
X	6532422	6532490	-1	2
X	11823345	11831089	1	2
2R	22876848	22876914	1	2
3R	21018075	21018133	1	2
3L	5744028	5744268	1	2
3L	5983865	5984124	-1	2
2R	8624831	8625013	1	2
X	17072865	17072946	-1	2
X	16509078	16509529	-1	2
X	9165903	9171554	1	2
2L	22925920	22927438	1	2
3L	4410313	4413299	1	2
X	3479332	3479392	1	2
3L	7280664	7283243	-1	2
3L	9178139	9178426	-1	2
2L	15064494	15064888	-1	2
X	18826800	18827934	1	2
2L	9910757	9910817	-1	2
3L	19610189	19610252	-1	2
X	8240015	8240169	1	2
4	1115898	1115956	-1	2
2L	2961520	2965198	1	2
2R	12259838	12260040	1	2
4	582627	583789	1	2
X	11666980	11667197	1	2
3R	8817926	8818929	-1	2
3R	5790825	5790884	1	2
3R	21301644	21302241	1	2
3R	5335107	5349468	-1	2
3L	22245301	22247592	1	2
2R	21484658	21484722	1	2
3R	4296240	4296300	1	2
4	177499	178937	-1	2
3R	29727586	29727656	-1	2
X	12949018	12950088	1	2
X	13859121	13860542	-1	2
2L	2215457	2215515	-1	2
2L	5172166	5173669	1	2
2R	8119621	8122257	-1	2
X	18040384	18062827	-1	2
2R	14946604	14946704	-1	2
4	355482	358550	-1	2
4	275752	275852	1	2
3L	1867615	1869328	1	2
3R	18010151	18010228	1	2
3R	9989027	9989647	1	2
X	2020968	2022459	1	2
3R	9723499	9723561	-1	2
2L	12103835	12104492	1	2
X	15762122	15762175	1	2
3R	11395502	11400804	1	2
X	7287346	7287411	1	2
3L	5746542	5747825	1	2
3L	25798743	25843769	-1	2
3R	8817735	8818713	-1	2
3R	7079020	7079254	-1	2
3R	21772248	21772672	-1	2
2L	9292173	9295202	1	2
3L	13664870	13666386	-1	2
3L	24035501	24035571	1	2
3R	5738489	5738595	-1	2
X	2109415	2109483	1	2
4	1115298	1118711	-1	2
X	5629025	5629385	-1	2
3R	18733609	18733754	-1	2
3R	21367210	21367363	1	2
X	13707715	13718129	-1	2
3R	28469905	28470084	1	2
3L	3904837	3904973	1	2
X	16147210	16148918	-1	2
2R	23923030	23924002	1	2
3L	18114758	18114823	1	2
2L	130794	130856	-1	2
2R	15453009	15453741	1	2
3R	23983737	23984283	1	2
3R	8834075	8834139	-1	2
X	12272445	12272542	1	2
3R	27095980	27096035	-1	2
3L	8719589	8719646	-1	2
3L	1637273	1637633	-1	2
2L	8174699	8174932	1	2
X	13507624	13511148	-1	2
3R	20735825	20736091	-1	2
3R	25328615	25328706	-1	2
3R	4295692	4301466	1	2
2L	18200720	18200811	-1	2
X	23282293	23432651	1	2
2R	17532183	17534826	-1	2
3R	9542925	9546798	-1	2
2R	8679135	8680012	1	2
X	18059871	18060130	-1	2
2L	2580582	2580644	1	2
X	3099601	3100041	1	2
3L	17400542	17400819	-1	2
X	11926938	11927010	-1	2
2L	20877478	20877553	-1	2
3R	24748629	24748850	1	2
3R	27770109	27778522	-1	2
3R	28970583	28972515	1	2
2R	10512186	10513586	-1	2
2R	10325236	10325311	-1	2
2R	13215967	13216023	-1	2
X	16551490	16552340	-1	2
3R	16263622	16263730	-1	2
3L	17400530	17400884	-1	2
3L	3056923	3056993	-1	2
3R	20244975	20249078	1	2
X	8175955	8176015	-1	2
2L	3807693	3810592	1	2
2L	2327553	2328022	1	2
3R	6653291	6654023	1	2
X	18161273	18170173	1	2
3L	15566097	15566545	1	2
3L	1499880	1501799	-1	2
3L	898402	898464	1	2
X	5722141	5722208	-1	2
2R	8930198	8930259	1	2
X	18781005	18781078	1	2
2R	11138922	11139088	1	2
X	4699097	4700943	1	2
2L	23166637	23166825	-1	2
3R	10083320	10089060	1	2
3R	11337633	11339658	1	2
3R	15365191	15366488	-1	2
2R	9884207	9884622	-1	2
X	6268192	6268767	1	2
2L	9815913	9819287	-1	2
3R	25623110	25623172	-1	2
2R	10107672	10109387	1	2
X	6126858	6128378	-1	2
X	5793511	5794300	1	2
2R	9528634	9530090	1	2
3R	15229741	15229801	1	2
4	1277593	1278436	-1	2
3L	4590404	4590631	1	2
2L	12358262	12359601	1	2
3R	21351379	21375060	-1	2
X	11162198	11162269	1	2
X	12941857	12946416	1	2
2R	13814315	13814379	1	2
3L	5664448	5664874	1	2
2R	21698185	21698235	-1	2
3L	20779406	20779678	-1	2
X	5903083	5904208	1	2
3L	13798506	13803334	-1	2
3R	23983921	23984440	1	2
2R	7056747	7056814	-1	2
3L	9870407	9870463	1	2
3R	11372479	11402666	1	2
3L	13846315	13846846	1	2
3L	2507921	2508069	-1	2
3R	23074002	23075006	-1	2
2L	1012664	1046899	-1	2
Y	2929107	2929171	-1	2
Y	2929198	2929263	-1	2
2L	19861053	19862198	1	2
2L	10343739	10343819	-1	2
2R	18164896	18164955	-1	2
X	4698798	4699318	1	2
X	21629793	21629974	-1	2
3L	16854106	16854247	1	2
2L	6646948	6649051	-1	2
2R	2941372	2942281	1	2
4	1181282	1192344	-1	2
X	246280	246451	1	2
3L	1198851	1199124	1	2
4	474769	474960	-1	2
3L	8616385	8616872	1	2
2L	10262850	10263037	-1	2
3L	3841856	3842190	1	2
2R	12589269	12590245	-1	2
X	9159077	9159137	1	2
2L	5211062	5211156	1	2
2L	7831588	7832644	1	2
3R	20894620	20896454	-1	2
X	18137051	18137365	-1	2
3R	24634108	24634384	1	2
X	17658253	17660989	1	2
3R	21773074	21773136	-1	2
3L	3070311	3070538	-1	2
3R	20782953	20783077	1	2
2R	18174399	18174473	1	2
3R	16069347	16069863	-1	2
3L	9735993	9736928	-1	2
2R	13486659	13487385	-1	2
3R	13015104	13019342	1	2
3L	2655600	2655768	-1	2
3L	21335429	21335493	1	2
2L	14616740	14616880	1	2
3R	8359466	8359530	1	2
3R	23312207	23312887	-1	2
3L	24153251	24161131	1	2
4	915423	915837	-1	2
X	2014580	2022444	1	2
2L	6449480	6449727	-1	2
2R	14938844	14938905	1	2
2R	14756721	14756794	1	2
2R	21685447	21685513	1	2
3R	13997136	14026878	-1	2
2R	7656420	7656472	1	2
2L	18476914	18476976	-1	2
3R	19463826	19464500	1	2
4	926662	927393	-1	2
3R	20608536	20608632	1	2
3R	4293117	4295120	1	2
2R	24696249	24698867	-1	2
2R	17700186	17700382	1	2
3R	26938632	26938933	1	2
3R	20861309	20861391	-1	2
X	16469209	16475564	-1	2
X	3969290	3969351	-1	2
2L	6061026	6061285	-1	2
X	14839583	14840210	1	2
3R	2773860	2791149	-1	2
X	16842224	16842333	-1	2
2L	6179512	6209230	1	2
4	313643	314020	-1	2
3R	11223531	11223858	1	2
3R	11223897	11224755	1	2
X	15299699	15305441	1	2
2L	8543805	8544291	1	2
3L	27381089	27441599	1	2
2L	21116483	21117871	1	2
X	22995915	23003915	-1	2
2R	12691851	12691929	-1	2
Y	9090	9174	-1	2
4	275739	275800	1	2
X	2252666	2252724	-1	2
2L	21626905	21627136	-1	2
3R	5863021	5864433	-1	2
3R	9487200	9493693	-1	2
2L	19569227	19571572	-1	2
3R	8817720	8820155	-1	2
3R	10762026	10762247	1	2
2L	12425289	12425343	1	2
2R	2116296	2118977	-1	2
3R	22369566	22370778	-1	2
2L	16050711	16056252	1	2
3R	7888542	7888935	1	2
X	18039678	18040213	-1	2
2R	13128236	13128447	-1	2
2R	16531612	16531794	1	2
3L	7640333	7640404	-1	2
X	20773331	20773391	-1	2
2L	16742987	16743046	-1	2
X	15886265	15887042	-1	2
X	10244624	10250051	-1	2
2R	24088633	24091764	1	2
3R	31599034	31599212	-1	2
3R	4713248	4714095	-1	2
3L	1720385	1723580	-1	2
3R	23983903	23984386	1	2
3R	29684454	29685626	1	2
X	16457870	16469599	-1	2
X	11475532	11475587	1	2
2R	23958513	23958573	1	2
2R	10107603	10108659	1	2
2R	19176348	19176416	1	2
X	11268604	11269197	-1	2
3R	12095064	12096049	1	2
2R	14278956	14299480	1	2
2R	11229543	11229599	-1	2
X	19902210	19906498	1	2
3R	9432623	9452166	1	2
3L	3221157	3221515	-1	2
4	689807	690385	1	2
3L	20348386	20348942	1	2
2L	2988679	2988740	1	2
2L	9968086	9968143	1	2
3R	31052754	31053030	-1	2
3R	28043776	28075677	1	2
2R	4560489	4565102	1	2
X	17867146	17867469	-1	2
3R	13462251	13462452	-1	2
mitochondrion_genome	12900	13426	-1	2
2L	4880473	4881215	-1	2
X	13762869	13767787	1	2
2R	11810458	11813211	1	2
3L	9638632	9639824	1	2
X	10244627	10249895	-1	2
3R	18248379	18248445	1	2
2L	7125846	7125911	-1	2
2L	2234351	2234409	-1	2
2R	13872154	13872209	-1	2
X	23217117	23241017	1	2
3L	17100544	17102201	-1	2
2L	20055220	20056118	1	2
3R	24343398	24343463	1	2
2L	2757492	2757861	1	2
X	269367	271088	-1	2
3R	9629112	9629217	-1	2
2R	23548321	23548558	1	2
X	3786510	3789694	1	2
X	14956120	15007440	1	2
X	15884375	15884443	-1	2
3L	16063738	16063886	1	2
2R	14932489	14932855	-1	2
3R	12573328	12573398	-1	2
X	9355179	9355593	-1	2
3R	18248517	18250266	1	2
3R	7859047	7859216	-1	2
2R	24991699	24991810	-1	2
2R	19242860	19243069	1	2
X	5739804	5739890	-1	2
X	6119149	6120203	1	2
3R	4100016	4101245	1	2
2R	8124535	8124925	1	2
3R	23982093	23982195	1	2
4	610897	611285	1	2
X	577975	578061	1	2
3R	11399639	11402666	1	2
2R	23389659	23389719	-1	2
2L	12145267	12153508	1	2
3R	12623899	12624423	-1	2
2L	6647371	6647921	-1	2
2L	5158663	5205309	1	2
3R	21976055	21995520	1	2
X	15963961	15964036	-1	2
3R	22030080	22030146	-1	2
X	15734434	15735580	1	2
3R	23983904	23984349	1	2
2R	21205542	21205746	1	2
2R	3919121	3919185	-1	2
3R	15303720	15308031	1	2
3R	20553057	20553127	-1	2
2R	14278827	14279099	1	2
2R	17591152	17591238	1	2
3L	17958353	17958501	-1	2
3L	4292010	4292070	-1	2
2L	1012399	1013333	-1	2
2L	5146704	5146993	1	2
3L	1502515	1502570	-1	2
X	11711468	11713593	-1	2
3R	25916414	25916471	1	2
X	9355179	9355724	-1	2
4	901614	902446	-1	2
2R	24773684	24773742	-1	2
2R	10468938	10469201	1	2
2L	6491506	6491568	1	2
2L	19535160	19536133	1	2
2L	8083925	8089131	1	2
3L	15860027	15863968	-1	2
3R	21310288	21332907	1	2
X	12754125	12756436	-1	2
X	17161192	17175347	1	2
2L	4738455	4793638	-1	2
X	6788126	6788203	-1	2
X	622359	622446	1	2
3L	4430897	4432511	1	2
X	13034344	13046904	1	2
X	23433808	23438709	1	2
X	9249182	9249375	1	2
X	19329617	19342745	-1	2
2L	8087946	8089185	1	2
3L	19995570	19995629	1	2
X	13768766	13776136	1	2
2R	16757926	16757993	-1	2
2R	16876932	16877001	-1	2
3R	11371399	11402920	1	2
3L	12747942	12748056	-1	2
2L	7828047	7832612	1	2
3R	15176294	15176364	-1	2
2R	7881921	7885520	-1	2
2R	8954852	8955713	1	2
2R	24097344	24097407	-1	2
3R	8651745	8651815	-1	2
3L	3471785	3471932	-1	2
3R	30523330	30526243	-1	2
3L	434199	434356	-1	2
2R	24108935	24108992	-1	2
X	16459596	16463564	-1	2
3R	16637112	16638628	1	2
3R	21524118	21524188	1	2
3R	13000974	13001079	1	2
X	16365643	16366904	1	2
X	11369909	11373817	1	2
4	446647	446821	1	2
2L	8543716	8544544	1	2
3L	7663325	7696644	-1	2
2L	9723547	9726444	-1	2
X	12636221	12653218	1	2
X	11817824	11830828	1	2
2R	9173475	9173532	-1	2
X	23431675	23457324	1	2
3R	15056633	15056752	-1	2
3L	16086281	16086351	-1	2
X	5224268	5224356	1	2
3L	5659537	5749215	1	2
3R	20806175	20810586	1	2
3R	1199367	1202194	1	2
3L	16843033	16843103	1	2
3L	17638651	17639864	-1	2
3L	17738927	17747683	1	2
X	14915870	14916230	1	2
4	75166	85712	1	2
X	11830474	11831213	1	2
3R	24518512	24520548	1	2
3R	3527579	3527830	1	2
2L	3293950	3294083	-1	2
3R	17648482	17651014	1	2
X	3954336	3955300	1	2
2L	18193065	18200623	-1	2
3L	14010793	14011167	1	2
4	1038438	1040013	-1	2
4	253457	258312	1	2
2R	16184665	16184919	1	2
X	5794267	5794327	1	2
2L	15583083	15583748	1	2
2R	18146799	18146942	1	2
2R	14163210	14163958	-1	2
2L	9684140	9696209	-1	2
3R	10785626	10786158	1	2
3R	27635071	27635797	-1	2
4	868027	868102	1	2
2L	21390530	21393232	1	2
2L	5176491	5176815	1	2
3R	25128662	25128733	1	2
X	517308	517638	-1	2
2L	7674798	7674875	-1	2
X	6040099	6040525	1	2
3R	10047770	10047841	-1	2
4	991046	1007791	1	2
3R	23733186	23733248	-1	2
3R	15950594	15957665	1	2
3R	18969145	18977289	1	2
2R	21163696	21163754	-1	2
3L	17143112	17143535	-1	2
mitochondrion_genome	2175	2762	1	2
2R	10722357	10722615	-1	2
2R	18456851	18456911	-1	2
X	15895070	15906548	1	2
2L	4322093	4323528	1	2
3L	4379597	4380353	-1	2
4	1296736	1303580	1	2
3L	5747497	5747635	1	2
2R	24067203	24067844	-1	2
3L	202318	203266	-1	2
3R	30517695	30518283	-1	2
2R	9396425	9397544	-1	2
3R	5593012	5594373	1	2
X	15382699	15384911	-1	2
3L	5746716	5747764	1	2
2L	12163611	12166727	1	2
X	4141955	4142050	-1	2
2R	25000161	25002288	-1	2
2L	12520177	12536275	-1	2
2R	13415958	13418987	-1	2
3R	22468806	22469482	1	2
3L	6173057	6173111	-1	2
2L	9807958	9809222	-1	2
2R	1224617	1229944	-1	2
X	17127902	17127999	1	2
X	15734453	15734553	1	2
2L	21684711	21728957	1	2
2R	24891838	24892233	1	2
2L	6108268	6109773	1	2
X	12943131	12943193	1	2
3L	24297806	24299047	1	2
2L	2788126	2791796	-1	2
3L	21498887	21500470	-1	2
3L	575661	577086	1	2
3L	7999585	8036708	1	2
X	17070629	17070746	-1	2
X	11428870	11428982	1	2
3R	15936304	15951803	1	2
3R	15415516	15415936	1	2
4	1262580	1264656	1	2
2R	10107631	10108242	1	2
3L	7372717	7373708	1	2
X	9196979	9197053	-1	2
X	1042433	1043213	1	2
3L	22877389	22877450	-1	2
3R	30165978	30166035	-1	2
2R	15189245	15190159	1	2
X	628687	628751	1	2
3L	1632411	1637191	-1	2
2R	21605839	21606049	-1	2
3R	15203490	15203550	-1	2
2R	927571	930547	-1	2
X	5081799	5081907	-1	2
2R	1442707	1442769	1	2
3R	16299690	16301245	1	2
2L	11803899	11804377	-1	2
3L	5699025	5703925	1	2
X	10244542	10245684	-1	2
3L	8938953	8941737	-1	2
X	11369679	11370340	-1	2
3L	13995596	13996405	1	2
3L	4432445	4435495	1	2
Y	2830609	2830810	-1	2
X	16477572	16481326	-1	2
3L	23093652	23093719	1	2
2R	349009	350839	1	2
2R	17362140	17379335	1	2
X	3688265	3692953	1	2
2R	23860776	23860833	-1	2
2R	15386591	15387563	1	2
2L	19568080	19568996	-1	2
3L	13638566	13651555	-1	2
X	21816933	21874258	-1	2
2L	6515563	6526647	1	2
2R	25253762	25253820	1	2
2R	7985452	7989516	-1	2
3R	21351244	21351303	-1	2
3R	5295796	5295857	-1	2
3R	5653755	5654656	1	2
X	22996346	23004612	-1	2
X	17929238	17930983	-1	2
4	585939	586902	1	2
2L	1010078	1011628	-1	2
X	4649515	4649573	-1	2
2R	12439823	12440371	1	2
X	9166324	9186619	1	2
3R	28418796	28424423	1	2
2L	13005012	13005067	1	2
X	19486342	19486405	-1	2
3R	5442249	5442509	1	2
X	16839226	16839441	-1	2
2L	10400680	10400735	1	2
X	11280793	11280851	-1	2
3R	17909499	17915059	-1	2
3R	4404640	4404701	1	2
3L	6952579	6952689	-1	2
3R	29831833	29831915	-1	2
X	11795187	11801299	1	2
2L	3478761	3479185	1	2
X	18172702	18174235	1	2
2R	23926501	23926561	1	2
3L	3061334	3069864	1	2
X	7932295	7932537	-1	2
X	1449948	1451096	1	2
3L	15077257	15077307	-1	2
3R	14737484	14740380	-1	2
3R	7919278	7919404	-1	2
2L	325825	334120	1	2
3R	6361879	6366415	-1	2
X	11396104	11400788	1	2
4	1146226	1146463	-1	2
3R	5812675	5813089	1	2
3R	8793368	8793978	-1	2
3L	7977271	7977327	1	2
3L	7827234	7827968	-1	2
3R	7069189	7069285	1	2
X	19527329	19527384	1	2
3R	768019	772767	1	2
X	7900290	7900803	1	2
3R	24343401	24343457	1	2
2L	1009786	1046937	-1	2
3R	31865326	31865751	-1	2
3L	19639612	19639844	-1	2
3L	2851697	2869449	-1	2
X	16565589	16568145	-1	2
3R	18227776	18228607	1	2
2L	1179938	1179997	1	2
X	246050	246171	1	2
2L	3989801	3990890	-1	2
2R	23835372	23835433	1	2
2L	14090894	14093059	1	2
2R	18525458	18526192	1	2
2R	10100098	10100386	1	2
3L	9162975	9168800	-1	2
3L	15493228	15493296	-1	2
3R	23668468	23669424	-1	2
X	23283453	23431559	1	2
2L	8543838	8544485	1	2
2R	579218	642100	1	2
2R	19523793	19628899	-1	2
2L	21258929	21262919	-1	2
3L	2821708	2851559	-1	2
2L	16484808	16485437	-1	2
2R	10039344	10039404	-1	2
2L	10848864	10850754	-1	2
2R	8486303	8486818	-1	2
2R	1343986	1344062	-1	2
2R	13179854	13189607	-1	2
3R	17064770	17064836	1	2
X	8504568	8509456	1	2
2L	409466	409532	-1	2
3L	3072678	3073081	1	2
2R	18497359	18497590	-1	2
4	887232	887286	-1	2
2R	8901523	8902137	1	2
3R	31741838	31742778	1	2
4	369297	369507	1	2
2R	10979703	10980121	-1	2
2R	16183958	16184919	1	2
2L	1836784	1837033	1	2
X	19344151	19347963	-1	2
3L	9462743	9463138	1	2
3R	24101668	24102166	-1	2
X	3860316	3860594	-1	2
3R	5593458	5594456	1	2
3R	14662317	14662403	-1	2
3R	24343218	24343294	1	2
3R	13243427	13243586	-1	2
3L	4363128	4363748	-1	2
X	17070094	17071302	-1	2
2L	18845363	18845614	1	2
2L	4828250	4828789	1	2
3L	25978151	26010107	-1	2
2R	17776097	17776158	-1	2
X	16527784	16533059	-1	2
X	22453429	22453491	-1	2
2R	14671950	14713373	-1	2
3R	20967203	20973173	-1	2
2R	9291519	9291842	1	2
X	21027022	21027738	-1	2
2R	24787131	24787291	-1	2
X	8090148	8091961	-1	2
3R	25221083	25221138	1	2
X	12203879	12204147	1	2
2R	13725675	13726078	1	2
X	12312652	12333820	1	2
3R	9944427	9952626	1	2
3R	31935392	31935886	-1	2
3R	31770346	31770402	-1	2
3R	24103163	24105380	-1	2
3R	21228364	21228427	1	2
3R	18253456	18255317	-1	2
2L	19569227	19577186	-1	2
3L	20314924	20314983	1	2
2L	10412365	10412425	-1	2
3R	21189059	21200760	1	2
2R	9424365	9425882	1	2
X	11049136	11049191	1	2
3R	21115686	21115803	1	2
2L	21380362	21382042	1	2
2R	5128592	5128973	1	2
3L	13965393	13965524	1	2
2L	17402486	17404061	1	2
X	11581905	11582039	1	2
X	17822193	17823806	-1	2
mitochondrion_genome	13014	13794	-1	2
2L	6926634	6930111	1	2
2R	13158847	13159017	-1	2
3L	21025549	21027225	-1	2
3L	17968084	18060075	-1	2
2L	21382136	21390214	1	2
2L	2756305	2756874	1	2
3R	9786334	9787027	1	2
3L	9113484	9129897	-1	2
X	1809230	1809721	-1	2
3L	17802825	17802942	-1	2
2R	25039973	25040117	1	2
X	9008202	9013232	1	2
3L	11128745	11128812	1	2
2R	2731857	2732805	1	2
3L	19259569	19260115	-1	2
2R	6625297	6627460	-1	2
2R	2921290	2980247	1	2
2L	1178468	1178841	1	2
2R	1113483	1113537	1	2
2R	2486958	2498435	-1	2
3L	15900303	15902713	-1	2
4	1166368	1166666	1	2
2R	16182674	16182737	1	2
2R	19568658	19631125	-1	2
3L	15904866	15905197	-1	2
2R	12167375	12170924	-1	2
3R	21014195	21015402	1	2
3R	10613562	10613693	-1	2
3R	11392511	11403700	1	2
2L	6646948	6647731	-1	2
2R	1072046	1072251	1	2
2R	10249440	10252958	1	2
3R	9418256	9419604	1	2
3R	31216388	31216656	-1	2
2L	13918081	13918147	1	2
2R	25002445	25005868	-1	2
2L	18444815	18444866	-1	2
2L	4321252	4321691	1	2
4	1280652	1314249	1	2
2R	12617925	12617987	1	2
3R	9418598	9441684	1	2
2R	11228438	11228509	-1	2
3L	9893465	9893518	-1	2
3R	8753459	8753521	1	2
2R	10107727	10108303	1	2
3L	20854869	20854937	-1	2
3R	15957177	15957594	1	2
3R	25263595	25264764	-1	2
3L	19064596	19064845	1	2
3L	21046365	21046428	-1	2
X	1373840	1374835	1	2
3R	12561805	12595632	-1	2
4	1145101	1146470	-1	2
3L	1654538	1657908	-1	2
3L	16374502	16374991	-1	2
2L	11282407	11282459	1	2
X	19522636	19523003	1	2
3R	21309538	21309815	1	2
X	12234793	12235702	1	2
3L	19895039	19896798	-1	2
2L	12455853	12456675	-1	2
X	5792918	5794345	1	2
3R	29690544	29690676	-1	2
3L	8439153	8441329	-1	2
X	10074066	10074138	-1	2
3R	4301136	4301212	1	2
X	19743707	19744262	-1	2
2R	11694841	11694918	1	2
3R	24398709	24399110	-1	2
2R	14865448	14865508	-1	2
2R	12660386	12660457	-1	2
2L	4190825	4192633	-1	2
2L	6774290	6778197	1	2
3L	12742651	12742905	1	2
2R	14281561	14298586	1	2
3R	6008310	6008551	-1	2
2L	1012543	1013260	-1	2
3R	19527235	19554818	1	2
3L	11850919	11938427	-1	2
3L	11938464	11938700	-1	2
3L	12117372	12117437	1	2
3R	23777621	23777689	-1	2
X	21319141	21319223	-1	2
3L	20846556	20846612	-1	2
X	576491	576582	1	2
3R	23982130	23982531	1	2
3L	18887818	18889733	-1	2
X	12203879	12334136	1	2
2L	17799674	17801697	-1	2
2L	21684340	21684546	1	2
3R	15956976	15957078	1	2
3R	19769560	19770827	1	2
3R	30011118	30011203	-1	2
X	16288958	16289027	1	2
3L	5648460	5648662	1	2
X	495118	495469	1	2
2R	16183963	16184606	1	2
2R	2924116	2924172	1	2
X	13780261	13780315	-1	2
4	1046708	1047014	-1	2
3L	19993323	19993797	1	2
3R	23983570	23983660	1	2
3R	14732975	14733253	-1	2
2R	7717813	7718722	-1	2
X	5900937	5903918	1	2
2R	8949651	8949857	-1	2
X	10256967	10257068	-1	2
3L	269361	270141	1	2
3R	9081023	9157114	-1	2
3R	31826306	31827723	1	2
X	13847881	13848148	-1	2
X	3481345	3481954	-1	2
X	17953084	17953223	-1	2
3L	15819269	15826130	-1	2
3R	7078121	7078211	-1	2
3L	18107428	18107483	1	2
2R	10284802	10285410	1	2
2R	13226336	13226404	1	2
2R	13829747	13832768	1	2
X	18517334	18517468	1	2
2L	5768457	5768976	-1	2
2L	19587147	19600858	1	2
X	17143692	17146825	-1	2
2L	4968369	4968432	-1	2
4	87167	89820	1	2
X	3699028	3699114	1	2
Y	132630	200739	1	2
X	11964260	11964626	-1	2
X	2078775	2078832	-1	2
3R	21302413	21303607	1	2
2R	1369206	1378258	-1	2
2L	9333828	9338007	1	2
2L	1011650	1012116	-1	2
mitochondrion_genome	2878	10771	1	2
3L	5721068	5739676	1	2
X	4430712	4430852	1	2
3R	10866977	10868439	-1	2
2R	19423798	19424477	-1	2
3L	20881719	20884990	-1	2
X	13297448	13297527	1	2
3R	26044627	26045469	1	2
3R	16311293	16311361	-1	2
X	1467965	1468052	1	2
3R	27640871	27656498	-1	2
2L	21644220	21646595	1	2
3L	15810267	15810569	-1	2
2L	7236352	7237687	-1	2
X	5344542	5345935	1	2
2R	22177652	22178188	-1	2
2R	21516640	21516786	1	2
3L	21270734	21270986	-1	2
3L	7144909	7144963	-1	2
3R	21055903	21055964	-1	2
3L	9896123	9896179	-1	2
2R	24915010	24915114	1	2
X	3859564	3862270	-1	2
3L	17400534	17400819	-1	2
2L	8306948	8307463	-1	2
2R	19428363	19428426	1	2
2R	7717097	7722312	-1	2
3R	5469031	5469086	1	2
2L	21257809	21259532	1	2
X	11052858	11053073	-1	2
3R	25891072	25892804	1	2
2L	8089465	8114816	1	2
3L	16093649	16093705	1	2
2R	5246138	5250729	-1	2
X	21061920	21062348	1	2
X	5839875	5840611	1	2
2L	6061035	6061294	-1	2
3R	19412765	19414521	1	2
3L	6076145	6076211	1	2
2L	10218890	10220869	-1	2
3L	11794177	11794354	1	2
3R	26059052	26059235	-1	2
X	17632912	17633263	1	2
X	15981673	15981739	-1	2
2L	10310926	10311085	-1	2
3R	28050050	28090666	1	2
X	7732246	7732314	-1	2
3R	20438136	20449235	-1	2
2L	19158756	19166085	1	2
3R	20245317	20248875	1	2
3R	4280823	4282178	1	2
3R	23983810	23984283	1	2
2L	786561	788482	-1	2
2L	3869062	3869118	1	2
X	5561780	5564235	1	2
2R	21698269	21704329	-1	2
3R	16058219	16058291	1	2
3L	9866362	9867314	1	2
3L	8439988	8441143	-1	2
X	5903630	5904567	1	2
2L	16745108	16746227	1	2
X	12660254	12660534	1	2
3R	20577402	20577936	1	2
2L	6056933	6059124	1	2
2R	2545291	2552993	-1	2
4	216113	218256	1	2
X	22506061	22507446	1	2
2L	14091209	14093055	1	2
X	18167657	18167785	1	2
3R	13229561	13232679	-1	2
X	17304371	17304698	1	2
2R	14946205	14953388	-1	2
2L	1012480	1013258	-1	2
2R	23964311	23964375	1	2
X	17934668	17935513	-1	2
3L	27776003	27791877	-1	2
3L	3825605	3825694	1	2
2R	13192626	13193476	-1	2
2L	12142850	12145070	1	2
3R	21370335	21375492	-1	2
3R	5593557	5594500	1	2
3R	15241481	15241539	-1	2
X	6105900	6109135	-1	2
4	190062	193344	-1	2
X	17144635	17146862	-1	2
3R	5274319	5274735	-1	2
X	6864982	6866806	-1	2
3R	23983921	23984290	1	2
3R	6336462	6336800	1	2
X	16455712	16459784	-1	2
3R	29156044	29156302	1	2
3L	1638134	1638546	-1	2
3R	7865431	7865701	-1	2
3L	12517060	12517416	1	2
3R	4447955	4450472	-1	2
3R	14031125	14031263	1	2
X	10407604	10407963	1	2
X	10061147	10061212	-1	2
X	10983892	11037475	-1	2
2R	8928267	8932919	1	2
2L	19896329	19901966	1	2
X	22996121	22996201	-1	2
3R	21312532	21314177	1	2
3R	15246350	15246455	1	2
X	6350239	6350293	-1	2
2R	16106482	16106977	1	2
4	305181	305698	-1	2
3L	9177717	9178369	-1	2
X	19610463	19610528	1	2
2R	16087726	16088305	-1	2
2L	3423442	3424996	-1	2
3R	5863533	5864122	-1	2
2R	7915522	7915901	-1	2
3R	15155818	15156078	1	2
3L	9689449	9689896	-1	2
3R	23984148	23984461	1	2
2L	7098406	7099781	-1	2
X	656490	657099	1	2
X	13385596	13385667	1	2
3R	18199375	18199534	-1	2
X	2269705	2270638	-1	2
3L	22483	22544	1	2
3L	9967622	9967687	-1	2
2R	11445416	11447156	1	2
X	6049325	6050206	1	2
X	16075115	16075676	-1	2
3L	16079727	16080759	1	2
X	13986075	13986279	-1	2
2R	13179897	13184439	-1	2
2L	9294624	9295297	1	2
2R	2121539	2245972	-1	2
X	7075342	7077781	-1	2
2L	8973537	8974910	-1	2
3R	24821726	24821794	1	2
X	18632187	18653400	-1	2
3R	21297303	21298655	1	2
3L	3401809	3404263	-1	2
2L	8676093	8676581	1	2
3R	23984148	23984498	1	2
3R	25983059	25993873	1	2
2L	21255314	21255538	1	2
2R	10107688	10108231	1	2
2R	22029527	22029606	-1	2
2L	19405428	19406037	-1	2
2R	18691369	18692041	1	2
3R	11329957	11339658	-1	2
3R	24942527	24942819	-1	2
X	1217838	1220106	-1	2
3R	17799241	17799308	-1	2
3R	19094306	19094443	-1	2
X	16486906	16488987	-1	2
3L	2923924	2924075	1	2
2L	9176403	9177122	1	2
2R	7099013	7105548	1	2
3R	19643839	19644066	-1	2
3R	24348081	24348147	-1	2
3R	5558436	5558499	-1	2
2R	949818	949871	-1	2
2R	12153543	12153975	1	2
2L	19938306	19943857	1	2
3R	10223897	10224219	-1	2
2L	5546106	5546524	1	2
4	571967	573613	1	2
3L	4115143	4115305	-1	2
3L	17400578	17400781	-1	2
X	10839456	10839513	1	2
3L	13465847	13466244	-1	2
3R	27915343	27915396	-1	2
X	572290	573853	1	2
3L	17690476	17711058	1	2
X	7909249	7911678	1	2
2R	13832053	13832607	1	2
2R	4757166	4757236	1	2
2L	22247199	22247261	-1	2
2R	6626114	6626801	-1	2
2R	3933464	3938790	-1	2
2L	8083944	8089185	1	2
2R	23811738	23811795	-1	2
X	17926328	17927546	-1	2
2R	1442559	1442769	1	2
3R	25029922	25029982	-1	2
X	5633267	5633354	-1	2
2L	9292249	9293036	1	2
X	19961601	19963955	1	2
2R	7329690	7329743	-1	2
2R	24060445	24060513	1	2
X	1752802	1753496	-1	2
2R	16038458	16040143	1	2
3L	23262824	23263799	1	2
2L	15036521	15036575	-1	2
X	17943376	17962178	-1	2
X	9182098	9183195	1	2
4	1279484	1279539	1	2
3R	5773759	5774571	1	2
2L	9131195	9131770	1	2
2L	10247884	10248543	-1	2
3R	16636143	16636202	1	2
2L	10337294	10337368	1	2
3L	17424102	17424160	-1	2
X	5365365	5365589	1	2
2R	23551037	23554255	-1	2
2L	16685837	16699498	1	2
3R	7191165	7191389	1	2
3L	4379597	4380306	-1	2
2R	14870313	14870920	-1	2
3L	5766376	5766433	1	2
2R	13158731	13159062	1	2
mitochondrion_genome	13044	13190	-1	2
3R	20972510	20974646	1	2
3R	5531344	5531660	1	2
X	575833	578085	1	2
2R	14946047	14946150	-1	2
X	23253378	23253617	1	2
3R	30208174	30208284	-1	2
2R	8948345	8948492	-1	2
2R	13832827	13833062	1	2
2L	22247396	22247690	-1	2
3R	11396498	11400814	1	2
X	20476265	20476328	-1	2
2L	11132371	11132453	1	2
3R	25851742	25853794	1	2
X	3788562	3797015	1	2
3L	16094771	16094829	1	2
2R	18119839	18122751	-1	2
3R	5335061	5344937	-1	2
3R	26699449	26699503	-1	2
2R	21502271	21502532	1	2
3L	5643716	5644087	-1	2
3R	9989088	9991010	1	2
3R	8823031	8823302	-1	2
X	10754905	10754971	-1	2
2L	21382143	21390222	1	2
3R	9516168	9521053	1	2
2L	12439231	12439296	1	2
2L	11519	11779	-1	2
3R	7078408	7078822	-1	2
2L	6057507	6057571	1	2
X	9099462	9101096	-1	2
3R	11781940	11782002	-1	2
X	9667204	9684017	-1	2
X	16459593	16463559	-1	2
3R	11816758	11818006	-1	2
2R	12092908	12116599	-1	2
2L	14040214	14041321	1	2
2L	7064167	7064297	1	2
2R	11295537	11295798	-1	2
3R	23963464	23965618	1	2
X	18535304	18572739	1	2
X	11684255	11687462	1	2
3R	15790893	15790956	-1	2
2L	19959692	19959807	1	2
3L	5156217	5157533	-1	2
3L	1877186	1877291	-1	2
3L	6234702	6234762	-1	2
X	9152743	9153908	-1	2
X	15003857	15006543	1	2
2L	9066761	9070950	-1	2
3R	27952415	27952475	-1	2
X	11695280	11695824	1	2
3R	31933888	31935322	-1	2
2R	12002119	12019387	1	2
X	15886265	15887038	-1	2
3L	17042274	17042438	-1	2
2R	10104410	10104717	-1	2
2L	8182050	8182305	1	2
X	12635774	12653395	1	2
2R	23922582	23922641	1	2
3R	10760543	10760604	-1	2
3L	21025549	21025681	-1	2
3L	4082640	4084730	-1	2
2L	2043995	2044278	1	2
X	6625519	6625575	1	2
X	15989285	15989359	-1	2
X	4698632	4699611	1	2
X	2426486	2426574	-1	2
3R	26048170	26048236	1	2
3R	27116216	27116277	-1	2
X	15758330	15760125	-1	2
2R	2843876	2843947	1	2
3L	25670852	25670919	-1	2
2L	2192716	2192778	-1	2
X	22457552	22457614	1	2
2L	22250315	22250372	1	2
2R	18705000	18705618	1	2
X	2634553	2634827	1	2
X	12128609	12147366	1	2
2R	12264793	12269260	1	2
2L	16080197	16080476	1	2
2R	8225128	8225263	1	2
X	19833236	19833321	-1	2
Y	124361	200749	1	2
2R	22073768	22074404	-1	2
X	7116298	7116832	-1	2
3L	22801742	22821137	-1	2
X	5787833	5787895	1	2
3L	27421015	27436990	1	2
X	19965512	19965577	1	2
2L	5210696	5210751	1	2
3R	31216183	31217120	-1	2
2R	673837	705374	1	2
4	1145398	1146470	-1	2
2R	16789916	16790739	1	2
3R	22981846	22982593	-1	2
2R	22938160	22938490	1	2
2L	12064720	12065270	1	2
X	5839634	5840630	1	2
X	12608866	12608941	1	2
X	19967224	19967284	1	2
3R	21115433	21115877	1	2
2L	1857965	1858345	1	2
2R	24115145	24116193	1	2
4	416825	416881	-1	2
2L	16245934	16250081	-1	2
X	7075342	7077013	-1	2
2L	20055308	20056199	1	2
2L	21139603	21139676	-1	2
4	1196478	1196758	-1	2
2L	14917485	14919168	-1	2
X	23430745	23430837	1	2
X	10226656	10226976	1	2
3R	6566878	6589638	-1	2
2R	18797656	18797716	-1	2
3R	19781452	19781511	1	2
3L	1501893	1502127	-1	2
3L	11201643	11201856	1	2
2R	13842148	13843106	-1	2
2R	22686503	22686646	-1	2
X	15440658	15440924	-1	2
2R	23878756	23880644	1	2
X	12128511	12128658	1	2
2L	9877681	9885932	-1	2
3L	20834144	20836011	1	2
X	2584072	2584222	-1	2
2R	17788610	17789179	-1	2
3R	9523797	9524202	1	2
X	10407555	10408413	1	2
X	12917690	12919075	1	2
3R	22170949	22171642	1	2
3L	19589312	19590431	-1	2
X	5910062	5910433	1	2
mitochondrion_genome	2563	5097	1	2
X	3114477	3116123	1	2
X	10357814	10358086	-1	2
2R	22801840	22802044	1	2
2L	6682684	6682746	-1	2
2R	18688512	18692041	1	2
2R	22660862	22661069	1	2
3R	4238378	4240878	1	2
2R	16924791	16926292	1	2
2R	16260872	16260948	-1	2
2L	16730217	16730271	1	2
3R	18015109	18018792	1	2
3R	30047837	30047904	1	2
3R	20975926	20976030	1	2
3R	11048345	11049841	1	2
2R	8134897	8134967	-1	2
X	11795623	11795786	1	2
X	12632428	12632490	-1	2
3L	11171047	11171130	1	2
X	1930587	1938105	-1	2
3R	23236711	23245255	-1	2
X	115831	115925	-1	2
3L	9474532	9475378	1	2
3L	19888615	19910043	-1	2
3L	16403147	16403216	-1	2
2R	24672307	24674973	-1	2
X	14783247	14783489	-1	2
3R	9335840	9335900	1	2
X	17939955	17942782	-1	2
4	1037423	1037476	1	2
X	13860916	13861870	-1	2
3L	616495	616571	-1	2
X	15485269	15485332	1	2
2R	3191324	3194314	1	2
4	118502	118555	-1	2
3R	25682292	25682356	-1	2
X	10627890	10630189	1	2
X	10814094	10817579	-1	2
2L	1651343	1653272	1	2
3R	5377685	5377780	1	2
3L	14761553	14761640	-1	2
3R	17504184	17505593	-1	2
3L	9728620	9728713	1	2
X	2271430	2272629	-1	2
2R	7467051	7467474	-1	2
2L	412659	413396	-1	2
3R	8819126	8820568	-1	2
3R	17544678	17544929	1	2
2L	12693403	12693466	1	2
2R	4672220	4672278	1	2
X	654097	655380	-1	2
X	13288626	13288692	1	2
3L	3035365	3036491	1	2
3L	11112389	11113139	-1	2
X	17720975	17721423	1	2
3R	27093582	27093636	1	2
X	23473471	23535443	-1	2
2R	8494378	8516247	-1	2
X	19887493	19899012	1	2
2R	24093216	24093277	-1	2
2L	6569641	6570111	-1	2
2R	5982709	5986572	1	2
3R	30208207	30208390	-1	2
2L	3504300	3504361	-1	2
3R	15956308	15957591	1	2
3L	9146155	9177982	-1	2
X	13701002	13701097	-1	2
3L	15493230	15493294	-1	2
2R	931855	949871	-1	2
2R	955253	955493	1	2
X	16337010	16337086	1	2
3L	14221501	14225431	1	2
X	5904469	5904540	1	2
3L	1036536	1101120	-1	2
X	6869393	6872836	1	2
3R	9715165	9715224	-1	2
3L	27220045	27329119	1	2
2R	13232030	13232418	-1	2
2R	1516469	1516520	1	2
X	13860841	13985374	-1	2
3L	684692	685028	-1	2
X	23291153	23438825	1	2
2L	9684275	9697904	-1	2
3L	27136870	27136946	1	2
3R	5744080	5745760	1	2
3L	12137689	12137915	-1	2
2L	19514853	19514931	-1	2
3L	269340	270245	1	2
2R	927571	927781	-1	2
3R	13007215	13007525	1	2
3R	13007560	13008107	1	2
2R	11852907	11853016	1	2
2R	22128414	22128473	1	2
2L	13376692	13377703	-1	2
X	10631809	10650533	1	2
3L	17400427	17400523	-1	2
3R	17543584	17544934	1	2
2R	4030298	4116600	1	2
X	9147772	9148235	-1	2
4	335074	342922	-1	2
2R	13941328	13942573	1	2
3R	31790512	31790744	1	2
3R	11755672	11755735	-1	2
X	15300623	15305829	1	2
X	10244332	10249963	-1	2
2R	12118805	12119187	-1	2
2R	3079083	3121991	1	2
3R	15721766	15721841	-1	2
X	8210039	8210403	1	2
X	13409589	13412738	-1	2
2R	8421297	8421357	1	2
3L	143218	143515	1	2
3L	19647555	19647611	-1	2
2L	1857001	1858325	1	2
X	3699969	3700720	1	2
3R	4295701	4297488	-1	2
2R	22645150	22645977	-1	2
3L	8241883	8248558	1	2
X	18133187	18133248	-1	2
X	19519832	19519904	-1	2
2R	23912467	23912532	1	2
3L	11252961	11253703	1	2
2R	24782208	24782266	-1	2
3L	17437544	17437607	1	2
2R	19304166	19304224	1	2
X	10243589	10243694	-1	2
3R	4204163	4204266	1	2
3R	23576172	23578570	1	2
3R	7092683	7093188	-1	2
X	17935185	17943275	-1	2
3R	4795824	4796489	-1	2
3L	18868646	18868704	1	2
2R	24378966	24389869	-1	2
3L	16125352	16125412	1	2
2R	10223682	10234284	-1	2
3R	16297346	16298470	1	2
3R	18248419	18248577	1	2
3R	25603913	25604316	1	2
X	13203058	13203710	-1	2
2R	22346710	22354388	-1	2
3R	21299806	21300084	1	2
3R	14879766	14879832	1	2
3R	8752399	8752514	1	2
3R	24180686	24183862	1	2
2R	10109062	10109436	1	2
3R	14733029	14733209	-1	2
2L	21121740	21122251	1	2
2R	13827387	13828420	1	2
2L	2772587	2783764	-1	2
3R	19412571	19415633	1	2
3L	11823356	11823658	1	2
3L	3738637	3767137	-1	2
3R	27671173	27671226	1	2
2R	11665818	11668422	1	2
3R	4295209	4295601	1	2
4	1279069	1279156	1	2
3R	25270677	25271452	1	2
4	1115184	1229994	-1	2
X	23253351	23256646	1	2
3R	24169247	24169315	-1	2
3R	22360963	22361812	-1	2
X	18884128	18949474	1	2
2R	2934108	2951978	1	2
3L	22794304	22833344	-1	2
X	6359880	6359992	1	2
4	1046721	1047028	-1	2
X	3955748	3964752	-1	2
2L	7831912	7832605	1	2
3L	18107758	18107938	-1	2
3R	4324812	4324873	1	2
3L	19566990	19568310	-1	2
2R	22854519	22854813	1	2
3L	17621253	17621310	-1	2
3L	209375	209450	-1	2
3L	19650773	19663558	-1	2
2L	10403172	10403222	-1	2
2L	9391587	9391703	1	2
3L	16114142	16114312	1	2
3L	9159614	9159832	-1	2
2R	10106453	10107467	-1	2
2R	12167120	12168010	-1	2
2L	13497901	13497959	1	2
X	23022345	23022887	1	2
X	6876590	6880508	1	2
2L	10254116	10254193	1	2
2R	6626170	6626383	-1	2
2L	22166114	22166736	-1	2
3L	1630651	1632183	-1	2
2L	16573976	16601960	1	2
X	22451675	22454167	-1	2
2R	4393545	4407981	-1	2
2L	9962060	9962318	-1	2
3L	4240892	4240952	1	2
2R	24700537	24700605	-1	2
3R	19458073	19458424	1	2
3L	9123777	9125118	-1	2
3L	5567130	5567204	-1	2
3R	27768181	27768633	-1	2
3R	30015614	30018164	-1	2
X	10234845	10237456	-1	2
X	10237466	10241654	-1	2
3R	6363036	6363197	-1	2
4	1232568	1232706	1	2
3L	11710952	11711008	-1	2
2R	9581379	9581627	1	2
3R	4425765	4425831	-1	2
X	5918422	5920440	1	2
X	4110410	4110808	1	2
X	13868086	13868168	-1	2
X	2266185	2266248	-1	2
2R	24905731	24909077	-1	2
3R	15414936	15415848	1	2
3L	7168777	7171331	-1	2
2L	10409831	10410019	1	2
3L	2943737	2944306	-1	2
3L	11133502	11133924	1	2
3R	5552964	5553382	-1	2
X	4700444	4700734	1	2
3L	2601661	2608147	-1	2
3R	24518460	24521964	1	2
3R	20748016	20749248	1	2
2L	9294331	9295492	1	2
3L	3767569	3769078	-1	2
X	10711426	10711570	-1	2
3L	8187577	8187813	1	2
3R	27642939	27643815	-1	2
X	18872102	18872216	1	2
X	13833023	13834815	-1	2
2R	22934896	22936519	-1	2
2L	22925331	22925381	1	2
X	16802177	16802775	-1	2
2R	17696873	17697832	-1	2
X	13625407	13657062	1	2
3R	9234665	9237272	-1	2
X	15188995	15189182	1	2
3R	21141312	21153337	1	2
mitochondrion_genome	13006	13212	-1	2
X	15862120	15863100	1	2
3R	24067656	24102661	-1	2
2R	24965789	24965846	-1	2
3R	19095576	19095717	1	2
3L	20768445	20768648	-1	2
X	15860323	15861152	1	2
X	9152657	9153896	-1	2
3L	8189446	8189842	1	2
2R	7545535	7545611	1	2
2R	21183798	21184067	1	2
mitochondrion_genome	6123	12962	1	2
3R	23977613	23977673	1	2
2L	13816702	13816766	1	2
2R	19436480	19436548	-1	2
X	12686229	12686572	-1	2
X	12788983	12832235	-1	2
4	181971	192986	1	2
2R	12629273	12629328	-1	2
3R	11438100	11438302	1	2
3R	10324197	10324286	-1	2
2L	10995277	10995351	1	2
X	5370254	5371652	1	2
2L	19120074	19120265	-1	2
3R	17090009	17091752	1	2
X	6644947	6645043	-1	2
2R	11986408	11986461	1	2
2L	13483613	13491094	1	2
2L	8219807	8219870	-1	2
2L	7575875	7575943	-1	2
2L	4794918	4796340	1	2
X	8179364	8239416	1	2
3R	24197718	24197786	-1	2
3L	11196876	11197291	-1	2
3L	1198830	1199149	1	2
X	22995839	23004612	-1	2
X	15051548	15051651	1	2
3L	16085415	16085926	-1	2
3L	19185716	19199472	-1	2
2R	14238315	14238376	-1	2
3R	4292751	4295120	1	2
3R	15393499	15396310	1	2
3L	17044951	17045006	-1	2
3R	29471855	29473160	1	2
2R	17217076	17275545	1	2
3L	6949545	6952463	-1	2
X	5634426	5641523	-1	2
3R	24136817	24136886	1	2
X	10382959	10384166	1	2
2L	22158722	22160208	1	2
X	15175716	15177625	1	2
2R	4300097	4308187	1	2
3R	26534733	26534943	-1	2
2L	1651900	1653464	1	2
3R	24510248	24510902	-1	2
2R	14868844	14868907	-1	2
2R	16106270	16106526	1	2
2R	24727938	24735389	-1	2
2R	8011582	8011643	-1	2
X	11527654	11529215	1	2
3L	15162129	15162252	1	2
2R	17516791	17516855	1	2
2L	23166637	23174062	-1	2
3R	1705842	1723995	1	2
2L	1620272	1635777	-1	2
3R	26042341	26042877	1	2
3R	17920069	17920160	1	2
3R	21886035	21886093	-1	2
3R	10511158	10613888	-1	2
3L	2673285	2673586	-1	2
3R	31589287	31589346	1	2
2R	21987312	21988187	-1	2
X	8179395	8205550	1	2
X	9179271	9188189	1	2
mitochondrion_genome	12978	13734	-1	2
2L	21051423	21051686	-1	2
X	1451951	1452147	1	2
3L	20248326	20248484	1	2
X	21365260	21369670	1	2
4	427704	429643	1	2
3R	4078015	4078474	1	2
X	2637337	2641125	1	2
3R	29735656	29735710	-1	2
3R	4301146	4301212	1	2
3L	7158515	7158567	1	2
3L	9138698	9138773	1	2
X	4118280	4118356	1	2
X	16483860	16486380	-1	2
2R	21282392	21282987	1	2
2R	2753116	2892118	1	2
3R	23514277	23518640	-1	2
3R	29063148	29063803	1	2
2L	5173848	5177410	1	2
3L	14797456	14799607	1	2
2R	6685162	6685271	-1	2
2L	18838793	18838883	-1	2
2L	21392392	21392538	1	2
3R	12563120	12573398	-1	2
3R	21297328	21298598	1	2
3R	14367500	14369544	-1	2
2R	8948942	8950706	-1	2
2R	21658276	21658351	1	2
3R	15262722	15263282	-1	2
3L	19999184	19999288	-1	2
3L	19989433	19990615	1	2
2L	15178322	15200074	-1	2
X	13272671	13285238	-1	2
2R	24264346	24264586	1	2
2L	2784121	2784280	-1	2
3L	7709351	7709519	-1	2
3L	11116362	11116428	-1	2
2L	1652949	1703069	1	2
3L	22406930	22407227	-1	2
2R	18187237	18187288	-1	2
2R	16860570	16860945	1	2
2R	22815634	22815688	1	2
X	575838	578196	1	2
3R	3627253	3642300	1	2
3L	20815963	20816029	-1	2
X	17930777	17945219	-1	2
X	16462286	16549798	-1	2
3L	11823980	11824085	1	2
3R	11245787	11246458	1	2
3L	7371899	7372417	1	2
3L	3313100	3313232	1	2
4	1199176	1219694	1	2
2R	1072284	1076918	1	2
3R	12294560	12300479	1	2
2L	2772645	2779175	-1	2
3R	30196801	30196866	-1	2
X	17934528	17941389	-1	2
3L	20315659	20316291	1	2
3L	268820	270141	1	2
2R	24696566	24709916	-1	2
3R	4311975	4312041	1	2
2L	18864284	18864393	-1	2
3L	3988584	3992034	1	2
3L	22244811	22245294	1	2
3R	22792001	22792258	1	2
X	6782487	6782561	-1	2
X	19289976	19295927	1	2
3R	27641495	27643815	-1	2
X	3701150	3701277	1	2
3L	19585685	19585749	-1	2
3R	10027382	10037816	-1	2
X	16841871	16841937	-1	2
X	16459815	16460823	-1	2
X	9008217	9013295	1	2
2R	6618742	6618803	1	2
2L	15067690	15067953	-1	2
X	18826782	18828575	1	2
4	435928	436598	1	2
2R	23976088	23976148	-1	2
3R	28944255	28969331	-1	2
2R	7444109	7444444	-1	2
4	1115696	1118749	-1	2
3R	31216402	31216736	-1	2
4	634345	634410	1	2
3L	22784650	22784722	1	2
3L	8462089	8463004	1	2
2L	19644400	19644474	1	2
3R	23093019	23093082	1	2
3R	18165699	18166090	-1	2
3R	18166161	18166355	-1	2
X	12869144	12869462	1	2
3L	17400404	17401097	-1	2
2L	8640696	8645027	1	2
X	19575970	19576039	-1	2
3R	23966102	23984359	1	2
X	22493914	22494033	1	2
2R	18477024	18480203	-1	2
X	15901655	15902190	1	2
3R	22017923	22017980	-1	2
2R	10563970	10564101	1	2
3R	11591308	11592353	-1	2
X	18170067	18170268	1	2
2L	9789616	9789675	-1	2
3R	24520520	24522334	1	2
3R	12983884	12983947	1	2
3L	21025549	21027018	-1	2
3R	5488203	5489183	1	2
X	12732023	12732269	-1	2
3L	9675145	9677004	-1	2
3L	6632381	6632589	1	2
X	1858679	1858736	-1	2
2R	19520058	19520238	-1	2
2R	9231846	9232508	-1	2
3R	4397057	4397112	-1	2
3R	24104978	24105130	-1	2
X	19251392	19251451	1	2
3L	16413804	16413869	1	2
X	13784157	13785880	1	2
X	9116079	9116146	1	2
2L	10378400	10378491	1	2
2R	10837172	10837254	-1	2
2L	1083619	1083959	-1	2
3L	9663518	9663621	-1	2
2L	6774290	6778207	1	2
X	1401118	1401216	1	2
2R	14179042	14179112	1	2
3L	27323575	27331994	1	2
2R	22780701	22780754	-1	2
2R	6084378	6084508	-1	2
3R	13135879	13137999	-1	2
2L	23069262	23069892	1	2
2R	18005583	18005674	-1	2
X	16552451	16553344	-1	2
4	858798	908937	1	2
2L	15503227	15503291	1	2
2R	22161034	22172826	-1	2
X	2484514	2484617	-1	2
3L	8937097	8941388	-1	2
3R	25261481	25261545	-1	2
2R	12590340	12590408	1	2
2R	6692064	6692120	1	2
3R	24511660	24513695	-1	2
3L	6194890	6194973	1	2
2R	2888884	2892118	1	2
X	19327852	19348095	-1	2
2R	9803477	9806459	-1	2
3L	20001297	20001361	1	2
2L	13972612	13972791	1	2
3R	9220526	9224723	-1	2
3R	24050467	24050523	-1	2
3L	23102320	23103307	1	2
3L	7926838	7927917	-1	2
3R	26455721	26456092	-1	2
X	9168352	9172508	1	2
X	3156190	3156260	1	2
X	6104351	6106249	-1	2
4	384260	386589	-1	2
2R	15216718	15216779	1	2
X	3482042	3482101	-1	2
2L	1012580	1046909	-1	2
2R	13944819	13947220	-1	2
X	10858380	10858445	1	2
X	15860920	15862904	1	2
2L	9819706	9823049	-1	2
3L	8307381	8307593	-1	2
3R	14724820	14725019	-1	2
2R	15307299	15309196	-1	2
2R	949947	951127	1	2
2R	12255016	12255072	1	2
2L	10847796	10850758	-1	2
2R	9969553	9969741	1	2
3L	11542835	11552830	-1	2
4	504139	520615	1	2
2L	10486338	10486398	-1	2
3R	20894643	20894951	-1	2
4	253712	258312	1	2
X	2514656	2545230	-1	2
3R	9336030	9336158	1	2
3L	4417877	4420116	1	2
2R	13512209	13512297	1	2
X	8055894	8055967	1	2
3R	7864435	7864499	-1	2
3R	31001793	31016176	-1	2
X	9158216	9158290	1	2
X	12868410	12868571	-1	2
3R	11396483	11400804	1	2
3R	11401728	11401862	1	2
X	575805	578004	1	2
2L	14615644	14616303	1	2
2R	8631014	8631072	-1	2
3R	8817720	8820128	-1	2
X	13967805	13985797	-1	2
3L	3056072	3056832	-1	2
2L	6912889	6912945	-1	2
2R	11757321	11758531	1	2
3R	18977280	18977590	1	2
3L	21540201	21540269	-1	2
3L	23331016	23334364	-1	2
X	17641008	17641436	-1	2
X	11432588	11453944	-1	2
2L	10337601	10338019	1	2
3R	8822174	8822510	1	2
3R	17733794	17733876	1	2
X	11579125	11579501	1	2
3R	31216368	31216691	-1	2
3R	12752647	12754631	-1	2
3L	7812224	7854031	-1	2
2R	15684923	15686225	1	2
3R	26042115	26042995	1	2
3L	5158767	5160648	-1	2
3L	22801742	22803808	-1	2
X	5903983	5904214	1	2
3L	7331232	7331292	1	2
3R	18971407	18975867	1	2
X	576835	578196	1	2
3L	1945206	1945264	-1	2
X	17639774	17640520	-1	2
3R	30879055	30879133	-1	2
X	10805606	10806469	-1	2
3R	30572364	30572946	1	2
2R	17012709	17013285	-1	2
3L	3051788	3051973	1	2
4	865643	865702	-1	2
3R	11399050	11404330	1	2
2L	14617012	14617227	1	2
3L	14339582	14341234	1	2
3L	3991674	3991833	1	2
3L	16386957	16387021	1	2
3L	3056093	3056444	-1	2
2R	11100115	11106182	-1	2
3R	5254572	5255404	1	2
X	5642096	5648756	-1	2
3R	9475382	9475534	-1	2
3R	11049258	11049584	1	2
4	421484	422792	-1	2
3R	11398867	11400844	1	2
X	17134878	17134945	1	2
3R	4749951	4750794	1	2
X	11278734	11290014	-1	2
3R	11295252	11305544	-1	2
2L	21312044	21312098	1	2
X	2673619	2674704	1	2
2R	12580613	12581202	-1	2
2R	12278216	12278623	1	2
2R	6838019	6838123	1	2
X	8595648	8600586	1	2
2R	7242005	7242925	-1	2
3R	21973918	21975155	1	2
3R	4520272	4528894	-1	2
2R	12274190	12278768	1	2
4	680856	683471	1	2
2R	23966141	23966441	1	2
3R	16639298	16639462	1	2
X	1373369	1375027	1	2
X	3748248	3748971	1	2
X	11817824	11831273	1	2
2R	15221818	15221899	1	2
3R	17040951	17041009	-1	2
2L	20650567	20650636	1	2
3L	650478	651197	1	2
2L	9162709	9163295	1	2
3L	27137063	27147462	1	2
2L	12045715	12046074	-1	2
2L	14845362	14845417	-1	2
2L	9870454	9877207	-1	2
3R	11637615	11650085	-1	2
X	9355362	9356212	-1	2
3R	11396122	11396732	1	2
2L	456730	456797	1	2
3L	8931055	8931949	1	2
3L	10306901	10307935	1	2
2L	12582385	12582615	1	2
3L	27420842	27420952	1	2
X	3325966	3332442	1	2
3L	4325411	4326984	-1	2
3R	22731569	22732279	1	2
2L	12094112	12094178	-1	2
X	16317909	16318188	-1	2
3L	8577313	8578201	1	2
4	1038438	1043468	-1	2
2L	21684912	21688477	1	2
X	2094419	2095010	1	2
2R	17207737	17208002	1	2
3R	8358591	8358649	1	2
3R	11766470	11767596	-1	2
2L	10398220	10398279	1	2
3L	2653658	2653718	1	2
3L	7312231	7312471	-1	2
X	15112311	15112801	1	2
2R	20309747	20309813	-1	2
X	11964206	11966385	-1	2
2L	19189101	19189446	1	2
3L	9359188	9359246	1	2
2R	19483102	19483168	1	2
Y	2422839	2489273	-1	2
X	1217556	1217741	-1	2
X	5676999	5740463	-1	2
Y	124361	200761	1	2
2L	15026629	15026688	1	2
2L	5522008	5522162	-1	2
X	5086145	5089419	1	2
3R	4301136	4301234	1	2
3L	9130031	9130330	-1	2
Y	132630	200746	1	2
2L	9176658	9177122	1	2
X	10872382	10873448	-1	2
2L	17193661	17196875	-1	2
4	281974	282436	-1	2
3L	4429716	4430581	1	2
3R	7130363	7130417	1	2
2R	16109275	16109372	-1	2
X	14203285	14203441	1	2
2R	1072046	1072271	1	2
X	6692114	6692403	-1	2
2R	22828448	22828509	1	2
2R	16183959	16184606	1	2
X	8410690	8412656	1	2
2R	9885981	9886931	-1	2
X	23279558	23440318	1	2
X	15113279	15113564	1	2
3R	30206722	30208093	1	2
X	3953193	3953487	1	2
X	3702371	3702830	1	2
2L	1010698	1010779	-1	2
2R	14704047	14704285	-1	2
3L	23100358	23100423	1	2
X	22864758	22865460	1	2
3L	4091291	4092697	1	2
3R	31575198	31575256	1	2
3R	13636526	13642299	-1	2
3R	22485056	22486901	1	2
2R	10515282	10533943	-1	2
3L	3037962	3038123	1	2
2L	457343	458513	1	2
3L	1576864	1577088	1	2
X	13386432	13386589	-1	2
3R	27778581	27778912	-1	2
3R	20253044	20253556	1	2
3R	14123751	14124035	1	2
3R	7859052	7859155	-1	2
3R	10313139	10313210	-1	2
2R	23970559	23972038	1	2
4	273917	275514	-1	2
2L	19031580	19031644	-1	2
3R	21309667	21313619	1	2
3R	20205474	20206198	1	2
3L	26013569	26013683	-1	2
2R	16868837	16868940	1	2
X	13669745	13670135	1	2
X	16506440	16509576	-1	2
3R	8754411	8754487	-1	2
2L	13403356	13403476	1	2
3L	22245655	22246048	1	2
3L	5668142	5668295	1	2
2R	24892079	24892157	1	2
2L	14080735	14081660	1	2
X	22995915	23004106	-1	2
3R	31848798	31850697	-1	2
3L	16164222	16164620	-1	2
X	17976792	17990605	-1	2
3R	23980011	23980139	1	2
2R	14236776	14236839	-1	2
X	8060159	8060880	-1	2
X	16593084	16593160	-1	2
X	13286320	13287463	1	2
3L	4963191	4975818	-1	2
3R	10105725	10105790	-1	2
X	2637312	2641590	1	2
X	12954584	12957156	1	2
X	19901489	19901868	1	2
2R	9996036	9996238	-1	2
3R	7088595	7088670	1	2
3R	7088484	7088596	1	2
3R	11209741	11209798	-1	2
X	503313	503657	1	2
3R	31228006	31229414	1	2
X	16357418	16357484	-1	2
X	15928931	15929341	-1	2
2L	2772501	2783072	-1	2
X	10345250	10345476	1	2
3L	3787715	3787972	-1	2
3R	7686624	7686680	1	2
X	1876912	1877005	-1	2
2L	3721092	3721379	1	2
3L	18061257	18061650	-1	2
X	1691149	1691207	-1	2
X	7906182	7906249	-1	2
3R	28322765	28325702	-1	2
4	1115668	1120659	-1	2
4	96417	97180	1	2
X	10255591	10257668	1	2
3R	30033744	30033805	1	2
3R	21354332	21375060	-1	2
X	16638304	16638406	1	2
2R	16924978	16925619	1	2
2L	15025786	15025847	1	2
3R	21305360	21305916	1	2
4	862201	864153	-1	2
2R	2722254	2866767	1	2
2R	10533969	10534850	-1	2
3R	12403594	12404850	-1	2
3R	9432840	9439349	1	2
3L	2628347	2628423	-1	2
3R	17909461	17909589	-1	2
X	16318197	16320243	-1	2
X	9673395	9673495	-1	2
3R	10246181	10246338	1	2
2L	10402508	10403067	1	2
3R	26702025	26702474	-1	2
3R	26702512	26702602	-1	2
3L	17400579	17401039	-1	2
2L	13908591	13908648	1	2
3L	21682434	21682495	1	2
3L	3056753	3056819	-1	2
2L	1012399	1012455	-1	2
X	2281554	2292596	-1	2
3L	16955543	16959099	1	2
3L	10516036	10517962	1	2
3L	24028939	24030755	1	2
3L	6489863	6489918	1	2
3R	15954649	15957652	1	2
X	16357573	16357643	-1	2
2R	11448638	11449353	1	2
3R	28050307	28075677	1	2
2R	14281557	14285702	1	2
2L	19515360	19515419	-1	2
X	5365448	5371826	1	2
2L	20796135	20796653	-1	2
3R	20552870	20554745	-1	2
3R	31055554	31055622	-1	2
3R	25246368	25246475	-1	2
X	13728615	13728685	-1	2
3R	24343384	24343443	1	2
2R	9045171	9046328	-1	2
2R	18496906	18497842	-1	2
3L	13522493	13522938	-1	2
2R	16924789	16926346	1	2
3R	5598343	5598944	-1	2
3L	208909	208971	-1	2
3R	5972627	5973054	-1	2
3L	5969075	5975645	-1	2
2R	14869845	14869913	-1	2
3R	21217712	21217771	-1	2
3R	31217039	31217132	-1	2
3L	10898932	10899041	-1	2
X	5365757	5382624	1	2
X	5165907	5174615	1	2
3R	31813827	31816793	1	2
3L	19820342	19827835	1	2
3R	16275445	16278354	1	2
X	10781726	10782380	-1	2
3R	24703957	24705552	1	2
X	14955440	14955865	1	2
2R	24699218	24725783	-1	2
3R	1342318	1467146	1	2
4	1126753	1126809	1	2
3L	16574456	16574525	1	2
3R	23985677	23985856	-1	2
3L	4368007	4368266	-1	2
2R	10105826	10107529	1	2
2L	17454174	17458476	1	2
2R	3661473	3687042	1	2
2R	10108026	10109660	1	2
3R	19219047	19219189	-1	2
X	3860217	3861746	-1	2
X	13261664	13261732	1	2
3R	15977744	15983287	1	2
X	9079175	9079246	-1	2
2R	18167270	18167344	1	2
X	3700059	3700778	1	2
X	12570299	12571863	-1	2
2L	8123246	8123304	-1	2
X	8131567	8131623	1	2
X	15852740	15853143	-1	2
2R	8010518	8012453	-1	2
3L	4090744	4091096	1	2
X	11817385	11830630	1	2
2R	5771991	5772067	1	2
X	22467619	22467716	1	2
X	2091892	2091962	1	2
3L	15992851	15993091	-1	2
3R	26453909	26453980	1	2
3R	31778759	31779360	1	2
3L	17400582	17401099	-1	2
3L	17668487	17668577	-1	2
3R	11399721	11403673	1	2
3R	5575499	5575779	1	2
2R	9096203	9096671	1	2
3L	22840590	22841978	1	2
X	9171198	9177019	1	2
X	9164793	9165682	1	2
2L	21139925	21140279	-1	2
X	8925697	8998228	1	2
3L	4278251	4278741	1	2
2L	8111453	8114674	1	2
3L	24950444	24952940	1	2
3L	17530423	17530809	1	2
2R	10512916	10514274	-1	2
3L	2588168	2588699	1	2
3R	21307584	21309808	-1	2
2L	8088454	8089334	1	2
X	23253591	23256729	1	2
3R	1674051	1845561	1	2
3L	13886282	13886363	-1	2
3L	22734737	22734909	-1	2
2L	13900064	13900143	-1	2
3R	4645077	4645181	-1	2
3L	15119586	15119648	1	2
2R	4014940	4134551	1	2
3R	29994089	29994148	-1	2
2R	14132583	14140013	-1	2
3R	21308525	21308803	1	2
2R	7348011	7348131	-1	2
3R	20438136	20449116	-1	2
X	2783426	2783767	-1	2
2R	5644042	5647722	-1	2
X	12608529	12608624	1	2
2R	14031840	14038033	1	2
2R	6766112	6767051	-1	2
3R	11752964	11763484	-1	2
3R	26188520	26188633	-1	2
3R	24292731	24292838	1	2
X	3476947	3477738	-1	2
X	13263524	13271482	-1	2
2L	22937606	22957775	1	2
X	11408343	11409640	1	2
3R	9401023	9401196	-1	2
3L	5747469	5747600	1	2
3L	8896106	8896167	1	2
X	16423856	16423911	1	2
2R	8124550	8124610	1	2
X	18170980	18172191	1	2
2R	24616200	24620702	-1	2
3R	14567007	14567165	-1	2
X	10712212	10712760	-1	2
3R	10363655	10363946	-1	2
X	3693666	3700751	1	2
2L	861358	861429	1	2
2L	4319956	4320890	1	2
2L	20599579	20600728	1	2
4	329429	342922	-1	2
X	1889295	1889358	-1	2
mitochondrion_genome	13021	13479	-1	2
3R	9113807	9115895	-1	2
3L	21161003	21171704	-1	2
X	9183553	9186846	1	2
3L	17400622	17400755	-1	2
2R	5295064	5295116	1	2
2R	25281805	25281861	1	2
3R	30389329	30389697	1	2
3R	13127248	13127431	-1	2
3R	28146928	28147504	1	2
3R	9487204	9493484	-1	2
3L	27174763	27179462	1	2
X	15730968	15731045	1	2
3L	16993914	16993978	1	2
2R	16759443	16759510	-1	2
2R	8134546	8134609	-1	2
2L	9815913	9825297	-1	2
3R	18247728	18248310	1	2
2L	1010055	1011558	-1	2
3L	3942037	3942103	-1	2
4	973822	974438	1	2
2R	17374827	17374954	1	2
2R	8949668	8950658	-1	2
X	14226491	14226562	1	2
3R	13132618	13155628	-1	2
X	16373358	16374926	1	2
3R	30438377	30443191	-1	2
2R	18005336	18007607	-1	2
3L	4637758	4642677	-1	2
3L	10500898	10506070	1	2
3L	5156203	5157516	-1	2
3L	14744444	14744531	1	2
X	11878090	11878291	-1	2
2R	5975248	5977276	-1	2
2L	16973231	16973448	1	2
2L	16288873	16289143	1	2
2L	10201389	10201987	1	2
X	8689089	8689145	-1	2
2R	24939843	24939906	-1	2
2R	21024126	21024183	1	2
2L	6496592	6496805	1	2
4	261512	261574	1	2
3R	30165095	30165191	-1	2
2R	23905794	23905856	-1	2
2R	10569666	10569821	1	2
2R	5860293	5860628	1	2
X	2173096	2173258	1	2
3R	22285702	22287797	1	2
2R	13951689	13954687	-1	2
2L	19175429	19177823	1	2
X	16373188	16374926	1	2
3L	7656204	7663259	-1	2
3R	21367685	21367910	1	2
2R	1710834	1726644	1	2
2R	14739615	14741884	-1	2
3R	23759851	23760467	-1	2
X	17934599	17939655	-1	2
2L	16189156	16189211	1	2
3R	9462278	9463773	-1	2
2L	7195499	7196589	-1	2
2L	6925657	6931235	1	2
2L	15093684	15094134	1	2
3L	19997437	19997510	1	2
2L	15064490	15064884	-1	2
3L	17425840	17425910	1	2
X	16514185	16518805	-1	2
2L	237199	241092	-1	2
3R	17043689	17043859	-1	2
2L	21390117	21390184	1	2
2R	7737804	7741051	-1	2
2R	8729794	8732291	-1	2
X	6917894	6924141	1	2
Y	132485	200775	1	2
2R	9887055	9887166	-1	2
3R	21321158	21321222	-1	2
2L	11210726	11211768	1	2
3L	21025549	21027330	-1	2
3L	9098090	9100219	-1	2
X	19756803	19756871	1	2
3R	11013429	11019651	1	2
X	8293812	8295212	1	2
2L	9684390	9696369	-1	2
2L	7196721	7196782	-1	2
3L	4429980	4433183	1	2
3L	4090382	4090682	1	2
2L	19044084	19044154	-1	2
2L	22927766	22929379	1	2
2L	5542661	5543325	1	2
2L	16742463	16742562	-1	2
2L	6613279	6615859	1	2
X	6277189	6277429	-1	2
X	4723630	4724208	1	2
2R	8948292	8948611	-1	2
3L	4379575	4380003	-1	2
3L	20521585	20521660	1	2
2R	14170723	14172290	1	2
3L	1577039	1592811	1	2
X	16436840	16438207	1	2
2R	19307591	19308202	-1	2
2R	16958193	16958261	1	2
X	7660891	7660960	1	2
3L	24298158	24298844	1	2
2L	9235264	9238958	1	2
X	6524583	6525516	1	2
X	20776249	20784296	-1	2
X	11362487	11362992	-1	2
4	310381	310432	1	2
3R	18959468	18976723	1	2
3L	12080041	12080795	-1	2
2L	16168720	16169518	1	2
2L	18836445	18836519	-1	2
3L	19000243	19000299	-1	2
2L	4321244	4323655	1	2
X	5752683	5752864	1	2
3R	20309690	20309904	1	2
3L	3460099	3460163	-1	2
3L	7979681	7980400	-1	2
3L	8125588	8125780	-1	2
X	19646888	19646976	1	2
2R	10822366	10822437	1	2
3R	17899522	17916452	-1	2
3L	19602644	19603785	1	2
3R	10018559	10018942	-1	2
2R	13267922	13268501	-1	2
3L	17401227	17401292	-1	2
X	16527900	16532589	-1	2
3R	9242701	9242833	-1	2
3R	18931256	18976155	1	2
2L	22534948	22535010	-1	2
2L	956945	957052	1	2
3L	3757464	3757551	1	2
3R	24354881	24354938	1	2
3R	11396483	11400785	1	2
X	6680385	6681715	1	2
2L	7032749	7034784	1	2
3R	23984148	23984422	1	2
2R	5658218	5660601	-1	2
3L	17270427	17287273	1	2
3R	15408694	15408751	1	2
X	19151960	19153028	-1	2
2L	8826320	8829581	1	2
3R	15934305	15934363	-1	2
2R	22645316	22645395	-1	2
3R	21785707	21807599	-1	2
2R	12659656	12659898	-1	2
3R	10128516	10128630	-1	2
3R	5335932	5349987	-1	2
2R	13177450	13177514	-1	2
2L	8122533	8122709	-1	2
2R	2257873	2259622	-1	2
3L	21915010	21915114	1	2
3R	8817702	8818717	-1	2
3R	24064924	24102073	-1	2
3L	10870880	10871330	1	2
2L	22925431	22940389	1	2
X	11066931	11067966	1	2
2L	19511083	19511228	-1	2
X	11676397	11676651	1	2
3R	19142019	19142088	-1	2
3L	8933490	8933566	-1	2
X	8060098	8060877	-1	2
3R	9536096	9537209	-1	2
3L	21421293	21421361	-1	2
2R	20264008	20264076	1	2
2R	20264111	20264247	1	2
3L	16539341	16543329	-1	2
2R	25006084	25010380	-1	2
2R	16045014	16045079	1	2
3L	14765123	14767537	1	2
X	8038624	8040037	-1	2
X	2609322	2609965	-1	2
3R	4638410	4638492	-1	2
2L	6054714	6056884	-1	2
3L	9688378	9688531	-1	2
X	5793455	5794300	1	2
3R	31055154	31055234	-1	2
X	9144948	9146008	1	2
3L	5739335	5739465	1	2
3R	31595602	31596048	-1	2
2R	16630589	16630652	-1	2
3L	9162036	9177481	-1	2
3R	21302778	21303053	1	2
2L	13484498	13488339	1	2
3R	25518877	25519261	1	2
3R	4797068	4799692	-1	2
X	5744675	5746772	-1	2
2R	2763619	2768447	1	2
2R	10025247	10025829	-1	2
3R	23983904	23984478	1	2
2L	10272907	10272996	-1	2
X	3742320	3742641	-1	2
X	6284697	6287763	-1	2
3R	4285065	4295120	1	2
3R	7859438	7864261	-1	2
3L	20130069	20130126	1	2
3L	9177766	9178646	-1	2
2R	13497890	13501813	-1	2
X	10259489	10261061	-1	2
2L	5169263	5205422	1	2
2R	12273935	12276635	1	2
2L	18697755	18697824	-1	2
2R	9970208	9970272	1	2
2L	16404842	16404939	-1	2
X	20426500	20426555	-1	2
X	11090799	11090866	1	2
3R	21055416	21055632	-1	2
3R	18227365	18227446	-1	2
3L	3899544	3900455	-1	2
2L	20740298	20748119	1	2
3L	22833186	22833720	-1	2
2L	2981223	2981754	-1	2
X	11290237	11293498	-1	2
X	11455783	11456700	1	2
X	11696541	11697066	1	2
4	1115518	1118051	-1	2
2R	24201651	24201710	1	2
3L	16602490	16602549	-1	2
3L	1501398	1501799	-1	2
3L	1019273	1022678	-1	2
3L	9177510	9177688	-1	2
X	10304024	10304213	-1	2
2R	12274844	12276410	1	2
2R	9174142	9174200	-1	2
3L	9116857	9124675	-1	2
3R	21299158	21309869	1	2
3L	16584723	16584779	1	2
4	1121623	1123223	1	2
2L	17739714	17745809	-1	2
3R	24386304	24386366	-1	2
2L	10291144	10292210	1	2
3R	24514439	24514494	-1	2
3R	4301136	4301266	1	2
3R	30045787	30046130	-1	2
2L	3758090	3758539	1	2
3R	9358942	9359267	1	2
3L	22746887	22746956	1	2
X	1441463	1441808	1	2
3R	5652798	5653296	-1	2
X	10779404	10781804	-1	2
X	5379489	5401078	1	2
X	9165915	9171563	1	2
X	10242881	10254003	-1	2
3R	29683930	29685673	1	2
2R	11446190	11447156	1	2
2L	1012294	1012352	-1	2
3R	15079675	15080460	-1	2
3R	31769847	31769901	-1	2
2R	927298	927356	-1	2
3R	4300368	4301389	1	2
3L	22787218	22787416	1	2
2L	9714012	9714725	-1	2
2L	13486910	13488154	1	2
2L	7385805	7385867	-1	2
2R	18095836	18095894	1	2
3R	5239620	5251424	-1	2
2R	10569379	10569807	1	2
3R	12403715	12403866	-1	2
3L	1723934	1723992	-1	2
3L	8047162	8047246	1	2
3R	18655949	18656165	-1	2
2L	13485037	13489888	1	2
2R	10481167	10481578	1	2
2R	21279835	21280899	1	2
2R	12260189	12269360	1	2
2L	9790310	9790616	-1	2
2R	7965565	7966496	1	2
2R	24696249	24698870	-1	2
3L	16381993	16383927	-1	2
2L	18590764	18590858	1	2
X	10407539	10409603	1	2
2L	9709105	9710833	-1	2
3R	21306640	21307196	1	2
3R	8938752	8938814	1	2
X	13967809	13985824	-1	2
3L	10870594	10870718	1	2
3R	5295964	5296147	-1	2
2L	6924401	6924685	1	2
3R	16302053	16302539	1	2
4	1034116	1034321	1	2
3R	21523509	21523567	1	2
2L	6415499	6415557	-1	2
X	4933615	4934147	-1	2
X	18861748	18861819	1	2
3R	11396918	11402785	1	2
3R	21807735	21814011	-1	2
2R	19330712	19349253	-1	2
3L	1868935	1869127	1	2
3R	15956936	15957652	1	2
2R	17775875	17775934	-1	2
3R	31776197	31776253	1	2
4	1230421	1230616	-1	2
3R	15935585	15935840	1	2
2L	5171818	5177144	1	2
X	11428617	11429984	1	2
3L	9704846	9709534	1	2
3L	11200199	11200272	1	2
3L	16616556	16621830	-1	2
3R	16059376	16059485	1	2
2L	14061600	14093048	1	2
2L	15008541	15008651	-1	2
2L	6532953	6546449	-1	2
2L	21121236	21121582	1	2
2R	9289175	9290074	-1	2
2L	195833	201509	1	2
3L	5695477	5748420	1	2
2L	1012300	1012482	-1	2
3R	11395696	11400751	1	2
2L	3989801	3991244	-1	2
2R	5320616	5325804	1	2
3R	15854071	15855254	-1	2
3L	3072108	3073081	1	2
X	15886841	15887013	-1	2
3L	4636724	4682038	-1	2
2R	17060802	17060858	-1	2
3R	30517705	30518234	-1	2
3L	8432603	8439419	-1	2
4	305179	305637	-1	2
X	19887414	19893806	1	2
3R	19458098	19459109	1	2
2R	16203382	16204934	-1	2
X	12477722	12478235	1	2
3L	19997156	19997476	1	2
X	636280	638333	1	2
3R	24669880	24674411	1	2
2R	19530618	19532176	-1	2
3R	15114066	15131608	-1	2
3L	9684856	9684921	-1	2
2R	927828	951127	-1	2
3L	13047640	13049969	1	2
2L	19720000	19724935	1	2
3L	1871859	1873269	-1	2
3R	24104932	24105353	-1	2
3R	15358275	15358539	1	2
3L	22833298	22833362	-1	2
4	1059352	1059419	-1	2
3R	17916196	17916363	-1	2
3L	5272190	5273065	-1	2
X	15978262	15978863	-1	2
2L	11359457	11373585	1	2
2L	20069305	20069377	1	2
2R	23975878	23976697	-1	2
X	15349775	15349958	1	2
X	15786630	15786794	1	2
2R	12168204	12174091	-1	2
2R	14276407	14278698	1	2
2R	12296807	12296871	1	2
3L	3833010	3833072	1	2
2L	13444568	13444634	-1	2
2R	5195195	5195251	-1	2
X	9674925	9676512	-1	2
X	15860251	15860989	1	2
2L	13285819	13286170	-1	2
2R	9059575	9059853	-1	2
2L	21382143	21390220	1	2
X	21347934	21348002	-1	2
X	9152829	9153379	-1	2
3L	5156778	5157148	-1	2
3L	2444088	2444499	1	2
2R	15189197	15190093	1	2
3L	22273546	22273748	-1	2
2R	6762775	6762834	-1	2
3R	8817724	8818700	-1	2
2L	10398594	10398654	1	2
3R	24105111	24105448	-1	2
3L	20016108	20016169	1	2
mitochondrion_genome	8276	13034	-1	2
2L	1699232	1700427	1	2
X	15751894	15760372	-1	2
2L	12155668	12156969	1	2
3R	20894521	20894582	-1	2
X	4698591	4699608	1	2
2R	12196437	12196490	-1	2
3R	10224439	10224499	-1	2
3L	1295434	1295497	1	2
2R	16136567	16137205	1	2
X	5674153	5674222	-1	2
2R	22498806	22498963	-1	2
2L	1012418	1012695	-1	2
2L	16241091	16241228	1	2
X	9228901	9229032	-1	2
2R	9615504	9657594	-1	2
2L	13483550	13484011	1	2
3L	13465769	13465924	-1	2
2L	2359575	2360182	-1	2
3L	4074148	4074829	-1	2
3L	9704773	9709540	1	2
2R	23901956	23902020	1	2
3R	31598376	31609344	-1	2
3R	24677464	24679102	1	2
3L	16403733	16403887	-1	2
X	3348427	3369451	-1	2
3L	19569814	19572291	-1	2
X	12686600	12688480	-1	2
3L	5918603	5918755	-1	2
2R	22646976	22647031	-1	2
X	12941928	12941999	1	2
2R	5603762	5603973	-1	2
2R	4014791	4071428	1	2
X	18521040	18547826	1	2
3R	29864827	29864889	-1	2
3L	7656204	7656375	1	2
2R	18688623	18692041	1	2
3R	10890028	10891785	-1	2
2R	8137683	8138938	-1	2
2R	14236523	14237819	-1	2
4	1245524	1245626	1	2
3R	21972464	21975155	1	2
X	15731624	15731693	1	2
4	273713	273778	-1	2
3L	5606667	5606723	1	2
X	5176267	5186903	1	2
3R	9418001	9432594	1	2
3L	14706879	14736043	1	2
3R	4330035	4330100	-1	2
2R	16757530	16757597	-1	2
3R	4297780	4297868	1	2
2R	10462454	10516734	1	2
2L	7100349	7100473	-1	2
2R	16570367	16570716	-1	2
X	13755062	13755253	-1	2
X	12018853	12020007	1	2
2R	5668999	5669059	1	2
2R	15563213	15563271	-1	2
3R	15666259	15690321	1	2
3R	11635970	11636025	-1	2
3R	12767546	12783175	-1	2
3R	4813609	4813671	1	2
3L	9730778	9731023	1	2
3L	6947526	6948532	1	2
3R	31217178	31217740	1	2
X	8292419	8301779	-1	2
2R	24970418	24970605	1	2
3R	5084419	5085804	-1	2
3R	15186855	15186919	1	2
2R	14603290	14603348	-1	2
3L	14002405	14003061	1	2
X	12229860	12229966	1	2
3R	13270431	13270492	-1	2
2R	11580171	11580235	-1	2
2L	19585916	19585983	1	2
2L	18128247	18128302	1	2
X	1379373	1380138	-1	2
3L	1285111	1287932	1	2
3R	8546377	8546643	1	2
2R	10611819	10611915	1	2
3R	17654561	17660647	1	2
3R	23981574	23984446	1	2
3L	19888993	19889586	-1	2
2R	9588331	9588391	-1	2
3R	4301136	4301214	1	2
3L	11058877	11058945	1	2
2L	1858794	1862782	-1	2
X	576819	578853	1	2
2L	5047480	5047543	1	2
X	17953347	17961633	-1	2
2L	871577	871641	1	2
3R	7859438	7862919	-1	2
3L	5909297	5909392	1	2
3R	7100546	7101137	-1	2
2L	20322081	20334081	1	2
3L	984277	985941	1	2
X	2095198	2095270	1	2
2L	5920797	5920864	1	2
X	15321033	15321154	1	2
3L	5210232	5210323	-1	2
2R	25087735	25091592	-1	2
2R	10724368	10724806	-1	2
3R	13971103	14026878	-1	2
2L	16821375	16823244	-1	2
4	446178	446676	1	2
2L	9684398	9699272	-1	2
2L	17827884	17843591	-1	2
3L	5918925	5919125	-1	2
3L	11760111	11765852	-1	2
3L	2541404	2553810	-1	2
2L	6674229	6674301	1	2
4	441452	442180	-1	2
3R	26961575	26962107	-1	2
2R	24021542	24021727	-1	2
3L	17401171	17401294	-1	2
2L	9709125	9709366	-1	2
2R	14038889	14058580	1	2
2R	9992918	9992984	1	2
3R	9452121	9452964	1	2
X	11360520	11360655	1	2
2R	16874858	16875199	-1	2
3L	1503929	1503987	-1	2
2L	10340812	10340867	1	2
3L	3056083	3056433	-1	2
3L	3056482	3057500	-1	2
3L	13664902	13666435	-1	2
X	4698641	4699611	1	2
3R	19025843	19025902	1	2
3L	19993323	19994168	1	2
3R	4623671	4623893	1	2
3L	2807830	2851559	-1	2
3L	9736966	9737129	-1	2
2R	20896536	20903336	-1	2
3R	31216393	31216688	-1	2
2L	1175174	1175287	1	2
3L	8311716	8311774	-1	2
X	2008462	2008514	-1	2
3R	30517695	30518223	-1	2
3R	26865419	26865635	-1	2
X	15918015	15918066	1	2
2L	19298588	19298642	-1	2
2L	9292180	9295226	1	2
2L	16097256	16097322	-1	2
2L	5174241	5174566	1	2
3L	17400542	17400810	-1	2
2R	948978	1088613	-1	2
2R	20309136	20313504	-1	2
X	13832841	13832904	-1	2
X	10762435	10764170	-1	2
2L	6525551	6525619	1	2
X	15860251	15861377	1	2
2L	12477167	12504079	-1	2
2R	2497659	2508202	-1	2
4	210849	213003	1	2
2R	14231427	14231492	-1	2
X	14993559	14993623	1	2
2R	11652953	11678275	-1	2
3R	15245068	15246313	1	2
X	17822489	17825439	-1	2
X	17825482	17825547	-1	2
3R	3850236	3864296	1	2
4	313299	313357	-1	2
3L	9779594	9779652	-1	2
3R	21308587	21308865	1	2
3L	13386539	13386601	-1	2
X	800066	800128	-1	2
3L	1878040	1878356	-1	2
3R	7270293	7270604	1	2
2R	9266029	9267655	-1	2
2L	10424931	10424992	1	2
2R	12260189	12273766	1	2
3L	7827288	7827520	-1	2
3R	7246402	7246737	-1	2
3R	16579148	16583610	-1	2
3L	21161003	21171440	-1	2
3L	5219060	5271958	-1	2
3L	6551267	6551764	1	2
2R	10108814	10109328	1	2
3R	9143260	9145752	-1	2
3R	11755112	11755177	-1	2
X	13847470	13858077	-1	2
2R	6233629	6238393	1	2
3L	6055507	6055577	1	2
3R	27227942	27228068	-1	2
2R	23967607	23967658	-1	2
2R	22346360	22346648	1	2
2R	24920764	24921248	1	2
X	10386238	10408039	1	2
3R	12009228	12009290	-1	2
3L	4182185	4184801	-1	2
2L	2582110	2582174	-1	2
X	1373635	1374793	1	2
2L	2780700	2781040	-1	2
3R	12842322	12842602	-1	2
X	18389670	18389732	1	2
2R	10370479	10370604	-1	2
3L	5156232	5158100	-1	2
3L	2896987	2897244	1	2
3L	22784765	22785283	1	2
3R	5255617	5255682	-1	2
X	1890998	1891077	1	2
2R	22469924	22472905	1	2
2R	9398115	9398184	-1	2
3L	3516829	3552787	1	2
4	943210	943548	1	2
2L	9060927	9062400	-1	2
3R	20438185	20449445	-1	2
3R	31605628	31605780	-1	2
3R	20030002	20030058	-1	2
2R	10837409	10838448	-1	2
3R	20824771	20825015	-1	2
3R	6532052	6538307	-1	2
3R	11399737	11400034	1	2
2R	12273935	12295868	1	2
2R	14740414	14740578	-1	2
2R	16765190	16765833	-1	2
2R	17775254	17781142	-1	2
3L	3186900	3186963	1	2
3R	25906568	25906662	-1	2
2R	14276527	14278698	1	2
3R	8653286	8653356	1	2
2L	5984943	5985493	1	2
3R	16456945	16457002	1	2
3L	1494269	1494590	-1	2
2R	5178292	5184389	-1	2
3R	31058628	31060375	-1	2
3R	19506339	19506409	1	2
2L	5044493	5046304	1	2
2R	6631392	6631444	1	2
X	10324357	10325676	1	2
2L	2869255	2869323	-1	2
2L	21057224	21057703	-1	2
2R	17016517	17016962	-1	2
3R	23983911	23984347	1	2
3R	18717461	18718706	1	2
2R	12260163	12273766	1	2
3R	11591310	11592357	-1	2
2L	9292699	9292949	1	2
3L	12291228	12291300	-1	2
3L	14762397	14763053	1	2
2R	7717465	7718271	-1	2
2R	9186899	9186965	-1	2
3L	9835283	9835339	-1	2
3R	18947381	18973707	1	2
X	13159198	13159266	-1	2
3R	24354740	24354793	1	2
X	16459763	16462123	-1	2
3R	4300057	4301402	1	2
3R	9239172	9239490	-1	2
3R	15819425	15819484	1	2
3L	5816701	5817535	-1	2
3L	19143390	19143614	-1	2
3R	13703134	13703991	-1	2
2R	5316480	5320008	1	2
X	576624	578853	1	2
3L	5746556	5747890	1	2
2R	2804565	2938031	1	2
2L	4854555	4876049	1	2
3L	5668885	5668964	-1	2
3L	753176	753324	1	2
2L	9292677	9293036	1	2
3L	20236329	20236434	-1	2
2R	4427998	4458307	-1	2
3R	22012844	22012912	1	2
X	13741014	13746490	1	2
3R	11376665	11404582	1	2
3L	10221553	10221611	-1	2
2L	21381200	21382019	1	2
3L	17476511	17476569	1	2
3L	5743043	5747767	1	2
4	660026	663244	1	2
3L	15894447	15898028	-1	2
X	3860342	3861565	-1	2
3R	31851552	31935338	-1	2
2L	5973474	5979589	-1	2
2L	16308117	16309167	1	2
2R	23861144	23861206	-1	2
3L	12499770	12500019	1	2
X	246280	246834	1	2
3L	17677575	17682939	1	2
3L	13638416	13638477	-1	2
3R	25993260	25993319	1	2
3R	31934011	31935001	-1	2
3L	16008871	16008930	-1	2
X	17994577	17995574	-1	2
2L	21381245	21382270	1	2
2R	2753466	2754394	1	2
2R	18753166	18754288	1	2
X	12941856	12942048	1	2
2R	12692023	12692081	-1	2
2R	22339208	22339303	-1	2
2L	413655	414252	-1	2
2L	575091	575144	1	2
3R	18430965	18545113	-1	2
2R	19568708	19572004	-1	2
3R	27565855	27565918	-1	2
2R	8729760	8734260	-1	2
3R	16639307	16639581	1	2
2L	9135385	9148755	1	2
2L	9492204	9494601	-1	2
3L	5362481	5362559	1	2
X	12832341	12868224	-1	2
3L	5156344	5156792	-1	2
2L	13389133	13449505	1	2
2R	23490521	23491794	1	2
3R	9418203	9419559	1	2
2L	13415777	13422992	1	2
2R	17546582	17546640	-1	2
3L	5673703	5673772	1	2
X	12686915	12731310	-1	2
4	1279498	1279625	1	2
X	5240383	5243377	1	2
2L	12045613	12045729	-1	2
2L	5184717	5205376	1	2
2R	10721621	10723643	-1	2
3R	18801612	18809437	-1	2
3L	9961787	9964892	1	2
3R	16339026	16340183	-1	2
X	15874303	15875261	1	2
4	504051	520544	1	2
2R	16623132	16623215	1	2
X	20158270	20158896	-1	2
2L	18534460	18534518	-1	2
X	16455692	16463568	-1	2
3L	22468278	22583003	-1	2
3R	23983912	23984362	1	2
X	12019046	12020605	1	2
X	6872922	6875932	1	2
X	13286302	13287422	1	2
3L	1658005	1659846	-1	2
3R	22470096	22482367	1	2
2R	14038814	14058589	1	2
X	16063800	16063881	1	2
3R	17882063	17908928	-1	2
2R	9396677	9397220	-1	2
3R	7248592	7248650	-1	2
X	16317902	16318180	-1	2
3L	5766475	5766917	1	2
2R	24573129	24573182	1	2
2L	14135136	14143584	1	2
X	4658459	4659818	-1	2
3L	11823791	11824088	1	2
X	11694224	11694410	1	2
2L	10319258	10319320	-1	2
3L	9113484	9123616	-1	2
3L	14017628	14017693	1	2
X	10704096	10704154	1	2
3R	16635701	16635767	1	2
2R	15857997	15859787	-1	2
2L	21743972	21756554	-1	2
2R	21605827	21606686	-1	2
X	7738972	7739407	1	2
X	6229985	6230049	1	2
2R	25281888	25281953	1	2
3L	5155876	5160197	-1	2
3L	9479520	9479783	1	2
2L	9291859	9295538	1	2
2R	23389250	23391640	-1	2
3R	4396124	4396877	-1	2
2R	23913205	23913268	1	2
4	254343	258312	1	2
X	15760195	15760641	-1	2
2R	6974229	6974291	-1	2
4	462329	462388	-1	2
3L	1658591	1659846	-1	2
2R	24946164	24946219	1	2
2R	23967437	23967516	-1	2
3R	20630664	20630720	-1	2
4	446232	446631	1	2
X	14355543	14389605	1	2
X	9177348	9189112	1	2
2R	12260098	12274753	1	2
2L	2772641	2779174	-1	2
2R	21872695	21878730	1	2
2R	18289851	18355500	-1	2
2L	3030948	3032063	1	2
2L	18211299	18246025	-1	2
2R	17567732	17568119	1	2
2L	9293569	9295343	1	2
2L	3673302	3678211	1	2
X	16696625	16707653	1	2
2R	18632396	18636754	-1	2
3L	351779	352300	1	2
4	875711	876114	-1	2
2L	19910433	19923286	1	2
3R	20299409	20299465	1	2
3R	25856974	25858375	1	2
4	1038664	1044491	-1	2
3L	7704051	7705703	-1	2
3L	4089571	4090039	1	2
2R	18688551	18692041	1	2
3R	11392458	11406615	1	2
3R	9232857	9233529	-1	2
X	5365914	5376048	1	2
3R	14902694	14924258	-1	2
X	8038669	8038994	-1	2
X	11384243	11387111	1	2
3L	250820	250877	-1	2
2R	10107727	10109158	1	2
2R	12049517	12050128	1	2
3R	5077965	5086408	-1	2
2L	6679083	6679986	-1	2
3R	4426829	4426882	-1	2
3R	8128538	8129560	1	2
4	414007	414642	-1	2
4	973667	973750	1	2
3L	14798281	14799280	1	2
2R	19220783	19223240	1	2
3R	7974633	7976903	-1	2
3L	3057583	3057641	-1	2
X	12230070	12272305	1	2
X	8590506	8590620	1	2
X	6091569	6091633	1	2
3R	6566878	6593083	-1	2
2R	1369206	1378490	-1	2
3L	3954492	3955913	-1	2
3R	24377491	24377564	1	2
2R	18128771	18128976	1	2
2R	12613178	12613567	1	2
X	15845469	15845642	1	2
X	2637309	2641125	1	2
2R	9128642	9131164	-1	2
2L	10494196	10494288	-1	2
3R	25746393	25747007	-1	2
2L	4822357	4822614	1	2
3R	9452441	9454731	1	2
2L	5911018	5911073	1	2
2R	22875717	22875895	1	2
2L	22536055	22536115	-1	2
X	5398506	5398590	1	2
X	11800233	11801320	1	2
3L	17533649	17534351	1	2
3L	8937736	8940700	-1	2
2L	2756316	2756883	1	2
3L	2925971	2946230	1	2
3R	9520474	9520684	1	2
2L	21161140	21161198	-1	2
X	575969	578006	1	2
3L	17068059	17070291	-1	2
X	12655240	12657057	1	2
2R	11581750	11583015	-1	2
X	10186590	10186661	1	2
3L	22297880	22297989	-1	2
3L	27082149	27082902	-1	2
3L	6171922	6171982	-1	2
X	16382844	16382906	-1	2
3L	984674	988596	-1	2
2R	2845054	2846118	1	2
2R	16106274	16106530	1	2
3L	307631	307695	-1	2
3R	13735624	13736327	1	2
X	9176674	9177013	1	2
3R	29860636	29860707	-1	2
3R	31788198	31788660	1	2
2R	23993579	23993639	-1	2
3R	9092319	9213760	-1	2
2L	2857706	2862414	1	2
3L	11112849	11113574	-1	2
X	7097060	7098001	-1	2
3R	23983909	23984359	1	2
3R	24830385	24830439	1	2
4	474220	474453	-1	2
X	12939043	12945478	1	2
3R	29827654	29827850	-1	2
2L	6727335	6727863	1	2
2R	12920860	12920985	1	2
2R	2119245	2203944	-1	2
3R	24675871	24711432	1	2
3R	11339707	11370248	-1	2
3R	20974607	20976018	1	2
2L	22156816	22158513	1	2
3R	13983524	13983952	-1	2
3L	1314091	1314158	-1	2
2L	21388670	21390258	1	2
X	5446976	5461696	1	2
2L	1941678	1941755	-1	2
2L	19959980	19961133	1	2
3R	26784107	26784160	-1	2
X	8039801	8055824	-1	2
3R	19097546	19106561	1	2
4	1001389	1003003	1	2
X	2080635	2080745	1	2
2R	13832526	13833265	1	2
2R	24969052	24969118	-1	2
2R	24052750	24052804	1	2
3R	24815257	24815319	-1	2
3R	15264543	15264605	1	2
X	5251843	5254091	1	2
X	5254151	5254693	1	2
X	3340924	3343468	1	2
2R	23907278	23907604	1	2
3L	265541	265601	1	2
X	9425464	9471999	-1	2
3R	28086973	28089504	1	2
3L	168851	172061	1	2
X	2112237	2114400	-1	2
3R	23847145	23847212	1	2
2R	6134627	6136714	1	2
3R	10618639	10638728	-1	2
X	19177171	19179733	-1	2
3R	17875546	17875784	-1	2
X	18647994	18648061	-1	2
2L	2356932	2357690	1	2
2L	9393548	9396461	1	2
3L	1630497	1637042	-1	2
X	16956428	16956502	-1	2
2R	2096977	2097354	-1	2
X	23217147	23239711	1	2
X	19342945	19343118	-1	2
3R	29041779	29046746	1	2
X	18372027	18377709	1	2
3R	10314182	10314239	-1	2
4	1126942	1127002	1	2
3L	7593446	7602788	1	2
X	1217778	1234129	-1	2
3R	30457405	30457463	-1	2
3R	23075917	23076000	-1	2
X	9254350	9255628	1	2
2R	9435335	9435394	-1	2
2L	4461968	4462343	-1	2
4	210681	211639	1	2
4	463754	463817	1	2
X	2959467	2959938	1	2
3L	17401149	17401205	-1	2
3L	10593845	10593932	1	2
3L	9048961	9049166	-1	2
X	7608857	7608982	1	2
3L	13837004	13837073	-1	2
X	517534	518065	-1	2
2L	1984838	1984983	-1	2
3L	20500265	20504579	1	2
3R	22026302	22026765	-1	2
3L	23840181	23873610	-1	2
2R	10814592	10814874	1	2
2L	22128554	22129571	-1	2
3R	29417126	29419308	1	2
2L	20873891	20873957	-1	2
3R	10246209	10246412	1	2
2L	3506757	3507196	-1	2
mitochondrion_genome	13005	13173	-1	2
3R	26051918	26051974	-1	2
2R	24990910	24991092	-1	2
3L	5747043	5747315	1	2
2R	16974125	16979847	1	2
2R	16979896	16984266	1	2
2R	2825469	2829692	1	2
2L	11987388	11987449	-1	2
X	5383647	5396184	1	2
3R	22470381	22482349	1	2
2R	19224387	19224450	1	2
3R	11769155	11769370	1	2
X	3749095	3761875	1	2
4	1303122	1315396	-1	2
2R	20146712	20146773	1	2
X	9023327	9024074	1	2
3L	7675708	7677587	-1	2
X	17910604	17910696	-1	2
2L	8363915	8363967	-1	2
3R	11754523	11756463	-1	2
3R	24421905	24451895	-1	2
3L	1625809	1626646	-1	2
X	16439287	16439597	-1	2
2L	20087525	20087588	-1	2
2R	8732619	8732676	-1	2
2R	2492592	2494942	-1	2
2L	12153975	12155472	1	2
2R	12166409	12166969	-1	2
2L	1857106	1858339	1	2
2R	13364167	13365083	1	2
X	16803993	16804071	1	2
X	6977589	6981189	1	2
3R	25352157	25355574	-1	2
2L	3807462	3807525	1	2
2L	16887304	16887366	-1	2
2L	11800910	11803523	-1	2
3L	153305	155968	1	2
2L	19644636	19691018	1	2
2R	16633775	16633859	-1	2
X	11801894	11804974	-1	2
2L	19512984	19513044	-1	2
2L	19069219	19069471	-1	2
4	902235	902307	-1	2
2R	19161416	19161476	1	2
2R	18718557	18732555	1	2
2L	1021830	1021942	1	2
2R	9542433	9542485	-1	2
2R	21198918	21198975	1	2
X	5759038	5759144	1	2
3R	21949413	21949640	1	2
X	12652502	12652569	1	2
3R	8822667	8822724	-1	2
4	1150056	1152296	1	2
3R	8817718	8820175	-1	2
X	15912124	15912779	1	2
3L	5929768	5930005	1	2
X	576971	578006	1	2
2L	17401291	17401516	1	2
3L	9130031	9130555	-1	2
2L	11806158	11807239	-1	2
3R	17331154	17332495	-1	2
X	1485922	1485982	-1	2
3R	10761617	10761844	1	2
2R	7187610	7192699	1	2
X	4648095	4648175	1	2
3R	29799002	29799108	-1	2
2L	9161269	9161385	1	2
X	16956415	16956490	-1	2
3L	3234707	3234807	1	2
2R	16645458	16650813	1	2
2R	22558269	22561757	-1	2
2R	17273472	17275146	1	2
2R	13821558	13821766	-1	2
3R	4301162	4301256	1	2
3R	20204979	20205214	1	2
X	1677066	1677135	-1	2
2L	22165458	22166244	-1	2
3R	21302840	21307786	1	2
3L	20316067	20316257	1	2
X	15861493	15861566	1	2
2R	23878593	23880490	1	2
X	17580098	17588988	1	2
2R	10843299	10848453	-1	2
2L	3024759	3025263	1	2
2R	23811725	23811795	-1	2
2R	24524543	24524774	-1	2
2R	12627917	12627971	1	2
3L	17400545	17400810	-1	2
4	1050610	1052533	-1	2
2R	2816126	2816259	1	2
3L	20351250	20351324	1	2
2R	21025608	21025661	1	2
3R	22484605	22486765	1	2
4	917091	917275	-1	2
3L	5425903	5433423	-1	2
3R	7269773	7270615	1	2
2R	10569379	10569821	1	2
2L	9682529	9696204	-1	2
3R	21571168	21572520	-1	2
3L	22867671	22868004	-1	2
2L	21380479	21381899	1	2
X	272884	273183	-1	2
3R	21055724	21055787	-1	2
X	10814094	10822341	-1	2
2L	12483072	12484158	-1	2
3R	9445390	9450051	1	2
3R	14891307	14892245	1	2
3L	3129424	3129587	-1	2
3R	21303331	21303607	1	2
2L	10229612	10229705	-1	2
2R	16758403	16759252	-1	2
2L	2772609	2793466	-1	2
3R	4230826	4231408	-1	2
X	12610635	12610689	-1	2
2L	18120073	18123218	1	2
3L	4182874	4187673	-1	2
3L	4637755	4642677	-1	2
2L	10137560	10168904	-1	2
2L	10319424	10319488	-1	2
2L	5030791	5030855	1	2
X	9173991	9177219	1	2
X	2632852	2632912	1	2
3L	14791961	14792028	1	2
2L	14126190	14129855	-1	2
3L	3714990	3745872	-1	2
X	7936720	7936780	1	2
3L	12240675	12264621	-1	2
2L	18271925	18275463	-1	2
2R	12572892	12572982	1	2
4	957890	958006	-1	2
X	7944677	7944974	-1	2
X	9152675	9153911	-1	2
2R	12296986	12297056	1	2
3R	9568753	9568806	1	2
3L	8888860	8888924	1	2
X	1234280	1234754	-1	2
3R	11656675	11667359	1	2
2L	19506362	19507490	-1	2
Y	1761604	1765516	1	2
2R	23845697	23845766	1	2
X	9178930	9187622	1	2
mitochondrion_genome	13677	17434	-1	2
X	6327599	6327664	1	2
2R	12689439	12689495	-1	2
X	23098556	23098614	1	2
3R	4396128	4396860	-1	2
X	9684152	9684430	-1	2
3R	26460094	26460146	1	2
3L	4126703	4126762	-1	2
X	4700440	4700730	1	2
2L	9713980	9714689	-1	2
2L	3313572	3313718	1	2
2L	14041687	14061762	1	2
3L	23099724	23102122	1	2
2L	13386683	13386855	-1	2
3L	11488176	11495169	1	2
3R	20994424	21008149	1	2
3R	25986311	25994505	1	2
3R	24681978	24688214	1	2
3R	17872781	17900472	-1	2
X	254922	255023	1	2
2L	7217771	7219147	-1	2
2L	6495869	6496057	1	2
3L	8937925	8938199	-1	2
2L	11493061	11496081	-1	2
2R	17207864	17208002	1	2
3L	5658064	5747928	1	2
3R	22356750	22357531	1	2
3R	8378313	8382915	-1	2
4	569057	569114	-1	2
3R	11392466	11404593	1	2
4	1145342	1146114	-1	2
X	12651227	12651295	1	2
X	5085890	5088208	1	2
3R	20974027	20974485	1	2
X	15849262	15849318	-1	2
2L	1701236	1702985	1	2
4	904880	904963	1	2
4	904992	908985	1	2
2R	8599008	8599271	-1	2
3R	9487110	9493523	-1	2
2L	2407376	2407471	1	2
2R	21002427	21002491	1	2
3L	4638169	4638736	-1	2
2R	14278917	14299554	1	2
2R	6807822	6808890	1	2
3L	4136574	4136883	-1	2
X	9179116	9186633	1	2
3R	21076333	21076598	1	2
3L	11496099	11496788	1	2
3L	16414800	16414920	1	2
3R	31959128	31969756	-1	2
2R	20136799	20136964	-1	2
X	5253522	5253651	1	2
X	10629721	10630189	1	2
X	10235204	10255500	-1	2
2L	10961746	10962248	-1	2
3R	22544255	22544359	-1	2
2R	14946091	14947403	-1	2
3R	18970217	18975825	1	2
3R	16644635	16644954	1	2
3R	20054167	20055728	-1	2
2L	12175771	12176804	-1	2
3L	7352734	7353343	1	2
2R	15115689	15138102	1	2
3R	13266733	13266788	1	2
X	23281958	23432956	-1	2
2L	16680277	16684498	1	2
2L	4099909	4100304	1	2
3L	15810849	15811220	-1	2
3R	14204431	14204702	-1	2
3R	16226366	16229038	1	2
mitochondrion_genome	2605	2858	1	2
2L	13488140	13488255	1	2
3L	1751202	1752337	1	2
2L	9714012	9742886	-1	2
2R	23878583	23880669	1	2
X	16073142	16073403	-1	2
3L	25303778	25303845	-1	2
3R	9625333	9625427	-1	2
2R	16765449	16765564	-1	2
2R	24943766	24943823	-1	2
3R	27573273	27573329	1	2
2L	14365238	14365629	-1	2
3R	21783587	21785966	-1	2
2R	22797183	22797795	-1	2
3R	20972604	20976045	1	2
3R	31595033	31595146	-1	2
2L	7038120	7038681	1	2
2R	16270400	16271339	-1	2
3R	6228025	6228450	1	2
3L	11058128	11059539	1	2
3L	20737777	20738243	-1	2
3R	19643622	19643738	-1	2
X	20007765	20008830	-1	2
3R	18921124	18926617	1	2
X	13048028	13059208	1	2
3L	25636451	25670674	-1	2
2R	24568191	24570286	-1	2
2R	12622174	12623144	1	2
2R	9856211	9860370	-1	2
3R	19905888	19908434	1	2
2R	24952004	24952060	1	2
2L	4186527	4186840	-1	2
3R	17152495	17152551	1	2
3R	24355325	24355381	1	2
3R	21972660	21975155	1	2
2R	22382109	22382167	1	2
3R	29315880	29315933	-1	2
X	16296132	16296310	-1	2
2R	13959399	13959568	-1	2
4	259605	261230	1	2
3R	24837050	24839643	1	2
2L	15031100	15031161	-1	2
2L	21318709	21318944	1	2
2R	2487681	2497005	-1	2
3L	17847883	17849171	1	2
2R	24568170	24570275	-1	2
2L	13350010	13354597	-1	2
2L	13354649	13354942	-1	2
3R	29680462	29680671	-1	2
3L	19993323	19993384	1	2
3R	11392589	11396163	1	2
X	8517416	8531697	1	2
X	15846348	15846409	1	2
3L	24298168	24298854	1	2
2R	11895340	11895571	1	2
3L	22461833	22464745	-1	2
3R	30009831	30010211	1	2
3L	17142927	17147531	-1	2
3R	15823082	15823750	1	2
2R	11303763	11303820	1	2
X	6847398	6847457	1	2
3R	22414278	22417813	1	2
X	15886216	15887038	-1	2
3L	1573765	1574988	1	2
3R	682501	835376	1	2
2R	17668501	17668628	1	2
X	4699538	4701246	1	2
X	5793230	5794373	1	2
3R	21776788	21777468	1	2
3L	9370703	9370765	-1	2
3R	27262284	27262825	-1	2
3R	8024594	8024653	-1	2
2L	15030687	15030747	1	2
3R	19412765	19415638	1	2
3R	12095296	12096049	1	2
2L	21382104	21390289	1	2
X	10226656	10226972	1	2
X	15864377	15865006	1	2
3L	17517034	17524537	1	2
3R	4405812	4405867	1	2
X	15956248	15956332	-1	2
2R	926771	927182	-1	2
4	1143869	1144966	-1	2
X	8247587	8247704	1	2
3L	14075460	14075710	1	2
X	10471784	10471880	-1	2
2R	23687165	23687234	1	2
2L	4966969	4967024	-1	2
2L	4459048	4459324	-1	2
2R	10024436	10025850	-1	2
3L	1633506	1635186	1	2
2L	10377389	10377797	1	2
3R	22029067	22029234	1	2
2L	5996532	5999298	-1	2
3R	9111946	9213760	-1	2
2R	3529736	3539334	-1	2
X	16528120	16528461	-1	2
2L	4079969	4085220	1	2
3R	11392686	11395947	1	2
3L	576961	579057	1	2
3L	2840956	2872371	-1	2
2R	19406645	19407841	-1	2
2L	13819270	13819335	1	2
3L	2588604	2588691	1	2
X	9165908	9176930	1	2
2L	3338437	3352476	-1	2
X	15863292	15865158	1	2
3R	21309445	21309723	1	2
2R	21184131	21192144	1	2
3L	21845236	21907346	-1	2
3L	7373585	7373641	1	2
3R	12354131	12354195	-1	2
3L	16062244	16062308	1	2
X	4691723	4699651	1	2
3R	18977042	18977442	1	2
2R	17020242	17021390	1	2
2L	14090918	14091194	1	2
2R	7737905	7740356	-1	2
X	4919116	4921575	1	2
X	15702416	15702509	-1	2
3L	1795997	1796178	1	2
X	4931735	4933725	-1	2
3R	5762621	5762705	-1	2
3R	5762501	5762557	-1	2
3R	29149455	29149708	1	2
3L	20471149	20472641	-1	2
X	2111624	2111704	1	2
2L	16684608	16690902	1	2
4	372177	372250	1	2
2R	8948463	8948539	-1	2
3L	23011597	23011741	1	2
2R	10108218	10109645	1	2
2L	2772641	2779176	-1	2
3L	1654508	1656213	-1	2
2R	7805018	7805101	-1	2
X	16068929	16068991	1	2
X	21541659	21717448	-1	2
3L	5560682	5560746	-1	2
3L	7035039	7035170	1	2
X	19643465	19643865	1	2
2L	2365729	2366275	1	2
2R	10531767	10531978	-1	2
X	10309666	10318468	-1	2
X	6680490	6681733	1	2
2L	5177703	5178364	1	2
3L	13522259	13537219	-1	2
4	1038832	1038883	-1	2
3R	9487200	9493523	-1	2
3L	5163970	5166935	-1	2
3L	11564835	11572405	1	2
X	16839223	16839523	-1	2
2R	25255770	25257369	1	2
2L	12278920	12282514	1	2
X	2260546	2260604	-1	2
X	12832341	12869435	-1	2
3R	20975926	20976137	1	2
4	1230119	1230502	-1	2
3R	20750355	20752346	-1	2
X	10244627	10249837	-1	2
2R	17696245	17698252	-1	2
3L	24110916	24131196	1	2
X	480309	481448	-1	2
3R	11389730	11400839	1	2
2R	19327406	19327851	-1	2
X	2737414	2737470	-1	2
3R	21303167	21303991	1	2
X	10192993	10193358	1	2
2R	18688164	18692041	1	2
3L	5425108	5429175	1	2
2L	10847563	10847660	-1	2
X	18860975	18861819	1	2
3L	13537997	13538110	-1	2
3R	12547727	12547911	-1	2
3R	7136471	7136979	1	2
3R	23977225	23980887	1	2
3R	21128218	21128347	1	2
2L	10832097	10832412	-1	2
3R	31597781	31609709	-1	2
3L	19988606	19988662	1	2
X	16956422	16956496	-1	2
2R	9207660	9207748	-1	2
X	7995794	7999271	1	2
2L	5051437	5051664	-1	2
X	8179581	8181045	-1	2
3R	13462225	13462522	1	2
2L	18845275	18845614	1	2
3R	17909559	17916441	-1	2
2R	14276527	14277139	1	2
2R	14277163	14277281	1	2
3L	4644226	4645560	-1	2
2L	199576	199637	1	2
3L	17236052	17237880	-1	2
X	11875485	11877022	-1	2
2L	10728557	10728613	1	2
2R	7579411	7579476	1	2
3R	7977069	7977562	1	2
3L	12850798	12850915	1	2
X	15892240	15902242	1	2
X	9180714	9188077	1	2
X	11711109	11711363	-1	2
X	13048028	13050311	1	2
X	3290292	3290350	1	2
3R	24435111	24451895	-1	2
2R	15189292	15190015	1	2
2L	13385246	13385699	1	2
2L	9745753	9746189	-1	2
X	3175659	3189222	1	2
3L	7854181	7854736	-1	2
2L	6730367	6730423	1	2
3R	24518618	24520387	1	2
3L	13929716	13929780	1	2
X	17640973	17647092	-1	2
2L	20901180	20923992	-1	2
X	12654121	12657276	1	2
X	4688318	4688451	1	2
3R	11788718	11789142	1	2
2L	20647889	20648354	1	2
3R	20973979	20974505	1	2
X	7074864	7090414	-1	2
2L	1012438	1013378	-1	2
3R	21135058	21135117	1	2
2R	6625301	6626238	-1	1
3R	27645695	27646041	-1	1
3R	8031446	8031506	-1	1
3L	10633144	10633764	1	1
3L	11668606	11674268	-1	1
X	3763739	3770216	1	1
3R	6654122	6654470	1	1
2R	18167421	18168208	1	1
X	8936360	8939002	1	1
X	14795202	14795275	-1	1
2L	19501435	19501890	1	1
X	11579380	11579512	1	1
2L	15043179	15056192	1	1
3R	32008135	32009129	-1	1
X	15760195	15760256	-1	1
3R	13651364	13651537	1	1
2L	9795340	9799705	-1	1
2L	19717210	19717318	1	1
3R	31812795	31813274	1	1
3R	5322742	5336566	-1	1
mitochondrion_genome	9059	13103	-1	1
2R	21512178	21515888	1	1
3L	21770376	21773406	1	1
3R	9737904	9737994	-1	1
2L	9805498	9815076	-1	1
X	6227781	6228116	1	1
X	4930066	4931951	-1	1
3L	9147336	9147768	-1	1
3R	11273892	11274265	-1	1
3R	31060465	31060950	-1	1
2R	11653084	11676754	-1	1
mitochondrion_genome	12993	14006	-1	1
2R	14981553	14991219	1	1
2L	15016399	15016881	1	1
2R	7152064	7152795	-1	1
X	1221596	1222749	-1	1
X	11483935	11484046	1	1
2R	19029246	19032040	1	1
X	5334507	5365622	1	1
3R	21303885	21308418	1	1
X	8276405	8282108	-1	1
X	9354185	9354952	-1	1
2R	19109149	19113920	1	1
2L	8826369	8829528	1	1
2L	8363941	8363995	-1	1
2L	7386649	7387975	-1	1
3R	2501538	2517767	-1	1
3L	13931199	13931746	1	1
2L	13550483	13550851	1	1
3L	2941625	2944023	-1	1
3R	11394488	11395025	1	1
3R	27966488	27966553	1	1
2L	19179984	19180042	1	1
3L	1331456	1331553	1	1
3L	1637270	1637674	-1	1
X	246019	246198	1	1
X	5793590	5794366	1	1
3R	18248526	18250250	1	1
2R	24378251	24378306	1	1
3L	7690997	7691513	-1	1
3L	12518668	12518733	1	1
X	17942973	17945219	-1	1
3R	13224774	13228414	-1	1
2R	19523380	19530547	-1	1
3L	16781993	16782333	1	1
2L	10275923	10275984	-1	1
2R	3933540	3938581	-1	1
3R	10613353	10613526	-1	1
3R	12428785	12428846	-1	1
3R	18959548	18977294	1	1
3R	22469896	22486616	1	1
X	5071310	5075923	-1	1
3L	19891387	19896798	-1	1
X	17994577	17995587	-1	1
3R	13960024	13960164	1	1
3L	1649259	1651260	1	1
X	1778961	1779090	1	1
X	15911158	15920496	1	1
X	4658537	4659779	-1	1
2R	8729794	8734012	-1	1
2R	13843914	13843985	-1	1
3L	1654501	1656213	-1	1
3R	26254200	26254452	-1	1
X	9171608	9189065	1	1
2L	16263189	16263262	1	1
X	6866912	6866981	-1	1
3R	4380632	4380703	1	1
2R	24891838	24892402	-1	1
X	13985823	13988650	-1	1
3L	5184297	5184496	-1	1
2R	24243544	24244366	1	1
3R	27561933	27565083	-1	1
3R	24104978	24105465	-1	1
2L	22540480	22540654	1	1
X	7904549	7904918	-1	1
3L	20993742	20995503	-1	1
3R	20930946	20945164	-1	1
3R	11947641	11948837	-1	1
2L	4828280	4828399	-1	1
X	13382872	13383054	-1	1
3R	19499811	19503639	1	1
X	17708648	17709182	-1	1
3R	22473826	22477270	1	1
3R	8401687	8444400	-1	1
X	5174941	5199317	1	1
3R	7085358	7085414	-1	1
3R	23963452	23965627	1	1
3R	17755102	17755182	-1	1
X	5673135	5673242	1	1
2L	21166304	21166395	-1	1
2R	10049645	10049753	-1	1
3L	5208937	5209611	-1	1
2L	6035223	6035278	-1	1
3R	24064910	24103190	-1	1
3L	3149368	3149628	1	1
X	7608769	7609089	1	1
2R	16016672	16016733	-1	1
3R	8729484	8729541	-1	1
3L	18397808	18398012	-1	1
3R	18975899	18978001	1	1
2L	5162667	5205344	1	1
X	23030364	23030422	1	1
X	13591723	13593146	1	1
2L	10224763	10225693	-1	1
3R	22468616	22469362	1	1
X	16528120	16532394	-1	1
3R	29113141	29113209	1	1
2R	2957513	2957851	1	1
3R	29680613	29681955	-1	1
3R	26567227	26567288	1	1
2L	7049999	7050775	-1	1
X	3339324	3366291	1	1
3R	10246209	10246415	1	1
X	19875889	19899012	1	1
3R	31935392	31936794	-1	1
3L	6948026	6948549	1	1
2L	5174217	5174541	1	1
3R	8817720	8819166	-1	1
3R	5270402	5270493	-1	1
3R	17872814	17882471	-1	1
2R	9504517	9504667	1	1
2R	2832952	2833126	1	1
3L	16413796	16415253	1	1
3R	24650590	24650650	1	1
2R	24695286	24696973	-1	1
3R	31782817	31782919	1	1
X	5684103	5684174	1	1
3L	17061855	17065635	-1	1
4	855486	862091	-1	1
2L	8363873	8364014	-1	1
3R	20963755	20974356	1	1
4	280168	305361	-1	1
3R	18247567	18250126	1	1
X	8362580	8364152	-1	1
X	2637554	2641590	1	1
2R	2909326	2937062	1	1
3L	7342171	7342236	-1	1
X	1381168	1385904	1	1
X	10075353	10078517	-1	1
X	17069942	17077083	-1	1
3L	19575060	19584322	1	1
3R	4699864	4701885	1	1
3L	4369738	4369826	-1	1
2R	5608798	5609013	1	1
3R	22721426	22723914	-1	1
2L	9292175	9295216	1	1
3L	15813627	15815936	-1	1
2R	16422749	16423014	1	1
3R	17678179	17679144	-1	1
X	11222255	11224117	-1	1
3R	21783675	21784992	-1	1
X	14361935	14363262	1	1
3R	14050847	14057741	1	1
3L	2588366	2588730	1	1
X	11932836	11933750	-1	1
3L	3825751	3828409	1	1
2R	917385	926654	-1	1
2R	14553065	14563011	1	1
3R	21909045	21909114	1	1
2L	6123940	6124466	1	1
2R	10783513	10794125	-1	1
3R	28882773	28885684	1	1
X	10779395	10781795	-1	1
3L	17400472	17401023	-1	1
2R	24915223	24915281	1	1
2R	5307918	5308472	1	1
3L	17603102	17618651	-1	1
3L	16961603	16964917	1	1
3R	4240715	4240772	1	1
2R	10515082	10532003	-1	1
3R	5151287	5152452	1	1
X	3788670	3859378	-1	1
X	10835498	10835614	-1	1
3L	20844490	20860385	-1	1
2L	10395470	10395686	-1	1
2R	17316846	17330679	1	1
mitochondrion_genome	13044	15180	-1	1
3L	13523980	13525019	-1	1
3R	7864915	7865151	-1	1
3R	11684979	11685036	-1	1
2L	20919619	20919686	-1	1
2R	17703537	17704361	-1	1
X	7713166	7714343	-1	1
3R	8078701	8186259	1	1
2R	14277519	14299566	1	1
2R	13812842	13813045	1	1
2L	5176083	5178040	1	1
3R	26455851	26456067	-1	1
3L	508664	540169	-1	1
2R	4702527	4702614	-1	1
X	15343147	15343231	-1	1
3R	9418509	9419494	1	1
2L	12493804	12499752	-1	1
X	4325232	4325348	1	1
X	4076427	4077875	1	1
X	5788434	5789499	1	1
3L	5928297	5928537	-1	1
X	4691790	4698510	1	1
X	5751274	5751342	1	1
2L	4439473	4440956	-1	1
X	18170586	18174196	1	1
X	6191529	6192343	-1	1
X	11875516	11875570	-1	1
3R	23355786	23355842	-1	1
2L	11806158	11807532	-1	1
3R	15935510	15935906	1	1
2R	9806750	9806817	-1	1
X	19598707	19598900	1	1
3R	31745335	31745389	-1	1
2R	21143940	21145517	1	1
3L	1291954	1294181	1	1
X	6531138	6532006	-1	1
3L	16229341	16229405	-1	1
2R	1075207	1076427	1	1
3L	11488379	11496477	1	1
2R	17527749	17527823	-1	1
3R	13049837	13049899	-1	1
2R	24044751	24044810	-1	1
X	12523651	12523883	-1	1
3L	21318449	21318624	1	1
2R	1082410	1087133	1	1
3R	21777328	21777389	1	1
2R	6934970	6935024	-1	1
2L	1724911	1725083	-1	1
3R	21299596	21315060	1	1
2R	8898174	8898251	1	1
3R	4360288	4363278	1	1
2R	21148886	21149085	-1	1
X	2243605	2244457	1	1
2R	12450237	12450345	1	1
3R	20958037	20973993	1	1
X	12917620	12919299	1	1
2R	22620001	22620843	1	1
2R	7053457	7053527	1	1
2R	7569932	7570002	1	1
X	21600964	21601671	-1	1
2R	11757995	11759198	1	1
X	8101765	8101946	-1	1
3R	18281952	18282160	1	1
3R	12847194	12847954	-1	1
2L	7037441	7037768	1	1
3R	8817840	8818735	-1	1
X	14322940	14324669	1	1
3R	17396941	17397132	-1	1
3L	5367586	5367912	-1	1
X	7116940	7117275	-1	1
3L	11898747	11899749	-1	1
4	90909	94423	1	1
3R	14367500	14369849	-1	1
3L	2786401	2787785	-1	1
X	5173378	5187893	1	1
X	15888458	15889670	-1	1
mitochondrion_genome	1101	5798	1	1
2R	14852328	14852387	-1	1
2R	17765052	17765111	-1	1
4	305179	305650	-1	1
2R	17867560	17867783	-1	1
2R	12622031	12623104	1	1
X	7608599	7608743	1	1
X	19520299	19520660	-1	1
X	5086136	5089411	1	1
3R	25499592	25499701	1	1
2R	16531066	16531232	1	1
X	5082240	5084283	-1	1
2L	16168605	16169518	1	1
3L	15900299	15902709	-1	1
3L	17058891	17062375	-1	1
2R	5745430	5745505	-1	1
2L	19896329	19901933	1	1
2R	24875119	24875542	-1	1
2R	2043826	2049763	-1	1
4	568627	570434	-1	1
X	8963429	8963712	1	1
3R	9411825	9411888	-1	1
4	632716	635104	1	1
3L	13465780	13466196	-1	1
2L	11815011	11816305	-1	1
3L	7444853	7445167	1	1
2R	22423955	22424011	1	1
3L	4287627	4287687	1	1
X	7922340	7926649	-1	1
2L	3495879	3499321	-1	1
2R	7735205	7735273	-1	1
X	11831766	11833170	1	1
X	9016329	9017844	1	1
X	11364804	11365033	-1	1
3R	17534058	17534119	-1	1
3R	8674491	8675113	1	1
3R	8674479	8675100	1	1
X	17963444	17966348	-1	1
4	416825	418227	-1	1
X	16563935	16564495	-1	1
2L	295281	295346	-1	1
3L	12405161	12411694	-1	1
3R	11591308	11592367	1	1
2L	12456757	12536755	-1	1
2L	6273127	6278679	-1	1
3L	12746582	12746632	1	1
3R	24257105	24257177	-1	1
3L	2265423	2265496	-1	1
4	624908	625504	-1	1
3R	13009316	13009382	-1	1
2L	5885204	5885266	1	1
3L	20437876	20437940	1	1
2L	9292176	9293180	1	1
3R	29115506	29115567	1	1
4	823619	833379	-1	1
2R	19565958	19628704	-1	1
X	12656686	12708903	1	1
3L	17358083	17358137	1	1
3R	26843576	26843748	-1	1
X	17928551	17943789	-1	1
2R	23880010	23880453	1	1
3L	4581176	4582425	1	1
2L	10315074	10315345	1	1
3R	21308139	21308417	1	1
X	8040847	8041792	-1	1
mitochondrion_genome	13006	13465	-1	1
3L	22801742	22831937	1	1
X	13075354	13076603	1	1
2L	5170954	5174317	1	1
2R	2884259	2937212	1	1
3L	9153995	9154232	-1	1
X	16839223	16839467	-1	1
X	18567637	18570564	1	1
X	6588733	6588910	1	1
3L	14540103	14540232	1	1
X	10629394	10630189	1	1
3L	269777	270114	1	1
2R	20330165	20330225	1	1
2R	14252787	14253065	-1	1
4	1121623	1123244	-1	1
3L	17952475	18060888	-1	1
2R	15994803	15994865	-1	1
X	11965173	11965391	-1	1
3R	9419758	9439346	1	1
3L	21572911	21572976	1	1
3R	17882612	17915013	-1	1
2L	10477184	10477317	1	1
2L	19080114	19105904	-1	1
X	4536550	4537766	-1	1
3R	27255590	27256287	1	1
3L	9112369	9112634	-1	1
3R	13139322	13143482	-1	1
X	4699536	4701267	1	1
2R	24066205	24067972	-1	1
2R	9476999	9477063	1	1
3R	8823305	8823496	-1	1
2R	10511855	10511985	-1	1
X	8757997	8758146	-1	1
2L	2772436	2780863	-1	1
X	12850806	12868228	-1	1
2R	3761657	3763621	-1	1
X	9165912	9171613	1	1
3R	1846164	1861194	1	1
X	10744518	10744753	-1	1
2L	5171430	5173475	1	1
3L	904799	904857	1	1
2R	18431747	18431809	-1	1
3R	15961926	15961989	1	1
3R	31138446	31138712	1	1
2L	2756095	2756277	1	1
3R	31840318	31845037	1	1
Y	124371	132475	1	1
2L	10440113	10440176	1	1
2R	24215586	24229079	-1	1
mitochondrion_genome	12876	13408	-1	1
2L	12822235	12822718	-1	1
2L	21384536	21390220	1	1
2R	16333421	16336490	-1	1
3L	19928909	19930815	1	1
3R	24325535	24343429	1	1
2L	21226423	21226630	1	1
3L	1779230	1781095	-1	1
2L	21120181	21120276	1	1
X	15995934	15996274	1	1
3R	23677638	23677856	1	1
3R	15222336	15222508	-1	1
2R	21256304	21264065	1	1
2L	11199795	11203251	-1	1
3R	22479046	22479103	1	1
2R	4620583	4620649	1	1
3R	30388903	30389199	1	1
2L	2059712	2094760	-1	1
3L	13877630	13883264	-1	1
3R	9418081	9419783	1	1
4	1221651	1221708	1	1
3R	22517885	22520013	1	1
3L	17238673	17238768	-1	1
3L	9151087	9178072	-1	1
X	22826347	22833899	-1	1
X	18864280	18864740	1	1
2L	5179461	5179786	1	1
2L	4121980	4122046	1	1
2L	2226002	2226059	-1	1
3R	31217013	31217905	-1	1
3L	7814283	7815313	-1	1
3R	20539601	20539659	-1	1
X	12436358	12452664	-1	1
2L	9164391	9165186	1	1
2R	8364021	8365196	1	1
X	11429990	11430068	1	1
X	9172972	9187084	1	1
2R	18958436	18958662	1	1
X	8060629	8060825	-1	1
2L	872081	872208	1	1
X	2372707	2372767	-1	1
3R	10993079	11049194	1	1
3L	12745469	12745729	1	1
2R	14683771	14684153	-1	1
2R	2727741	2868490	1	1
X	21368109	21372795	1	1
4	137652	142848	1	1
2L	12457161	12457661	-1	1
Y	124381	132468	1	1
2R	6669787	6704041	1	1
3L	17346056	17349380	-1	1
2L	9293624	9295293	1	1
X	2730707	2730766	-1	1
2R	16627093	16627395	-1	1
2R	19172922	19173231	1	1
3R	10089440	10100616	1	1
X	52694	93223	-1	1
Y	2830841	2830896	-1	1
3R	29597642	29597776	1	1
3R	26042813	26042995	1	1
2R	7153993	7154050	-1	1
3L	9145947	9146731	-1	1
2R	13507659	13507715	1	1
3R	3865461	3866007	1	1
X	16459596	16463792	-1	1
3R	15381882	15383067	1	1
3R	20971016	20974699	1	1
3R	5477548	5477610	1	1
3R	26532423	26534954	-1	1
2R	20620545	20620608	1	1
2R	8909412	8910487	1	1
2R	12031995	12032056	1	1
2R	11587724	11588053	-1	1
3L	1630506	1631517	-1	1
X	12918664	12941812	1	1
X	20804209	20805827	-1	1
2R	6704587	6705235	-1	1
3R	8822148	8822582	1	1
2L	8018857	8023589	1	1
2L	12715530	12715894	-1	1
4	1295907	1296076	1	1
2L	201922	202884	1	1
3L	8604915	8609734	1	1
2L	9711775	9715461	-1	1
X	18495871	18496217	-1	1
2R	24696235	24698853	-1	1
2L	17739714	17751939	1	1
2R	14233034	14234059	-1	1
3L	5742357	5747435	1	1
3R	26645475	26661555	-1	1
2L	11212056	11225694	1	1
X	9153137	9153896	-1	1
2R	22934658	22935449	-1	1
3L	5745397	5745989	1	1
X	11340498	11340607	-1	1
X	1373622	1374791	1	1
3L	13602477	13608393	1	1
2R	17678783	17679060	-1	1
2R	12277841	12278481	1	1
3R	13675265	13676002	-1	1
3R	7639071	7639321	-1	1
3R	9342343	9359262	1	1
X	14946482	14950318	-1	1
3R	21521153	21522804	1	1
3R	10890846	10891094	-1	1
X	5466570	5466849	1	1
2R	10107704	10109660	1	1
2R	10049905	10049966	1	1
X	18828378	18828584	1	1
X	11125005	11125063	1	1
3R	11751621	11752616	-1	1
3R	26856298	26860844	-1	1
2L	3933344	3991607	-1	1
3L	25938191	25949277	1	1
2R	7040238	7042103	1	1
2R	15218837	15221429	1	1
4	446232	446799	1	1
3R	29863197	29863415	-1	1
X	7912980	7913051	1	1
2R	13832453	13832895	1	1
2L	13368699	13368889	1	1
X	13371209	13380021	1	1
2L	21390855	21392893	1	1
4	661187	661308	-1	1
3L	3914003	3919884	-1	1
2L	9801396	9801770	-1	1
X	15755844	15756136	-1	1
3L	9898203	9898523	-1	1
3R	25603836	25605002	1	1
2L	16306321	16306515	-1	1
X	14470149	14470502	1	1
2R	16984491	16984699	-1	1
3L	11629513	11630230	1	1
2R	5320815	5324791	1	1
2L	14358359	14358469	1	1
3R	18192772	18199138	-1	1
3R	18192774	18199140	-1	1
3L	8469692	8470154	1	1
3R	19648671	19648750	1	1
2L	1725251	1726476	-1	1
3R	24943211	24943276	-1	1
4	1041116	1043468	-1	1
2R	18154360	18155063	-1	1
3R	12391006	12391084	-1	1
2R	12624087	12624149	1	1
3R	26961607	26962569	-1	1
3R	22639897	22652158	1	1
2R	8494466	8516247	-1	1
X	17926406	17929014	-1	1
4	1121623	1123293	-1	1
2R	6910101	6910168	1	1
X	3318493	3344999	1	1
X	7079484	7089115	-1	1
2R	24522129	24522664	-1	1
2L	1696148	1696998	1	1
2L	5139016	5139359	1	1
Y	124361	200751	1	1
X	4700889	4701947	1	1
3L	21493356	21493420	1	1
3R	21770611	21771210	-1	1
2L	20340113	20343599	1	1
2R	18154973	18155023	-1	1
3R	22467173	22468077	-1	1
2L	8944168	8944233	-1	1
2R	16589761	16589817	-1	1
2R	1590884	1590940	-1	1
3R	5220134	5220199	1	1
X	9179017	9179089	1	1
3L	3714975	3715423	-1	1
2R	13208194	13208253	1	1
3L	22794495	22797009	-1	1
2R	22695720	22695777	1	1
2R	9505335	9537139	1	1
2R	1525534	1526305	-1	1
3L	4090841	4092660	1	1
2R	14753489	14755341	-1	1
3R	28813380	28813632	1	1
3L	11816059	11816123	1	1
3L	11497449	11498044	1	1
3R	21303827	21408318	1	1
2R	11453524	11462545	1	1
3R	21305049	21306993	1	1
3R	10762450	10763029	1	1
3R	23983909	23984440	1	1
3R	29934090	29934239	-1	1
3R	21303652	21304236	1	1
3R	7853627	7855393	1	1
X	9171871	9173392	1	1
2R	2882547	3077750	1	1
X	11687636	11689201	1	1
2R	13187320	13187394	-1	1
3R	28237376	28237507	1	1
3R	21299636	21302221	1	1
3R	6364792	6365004	-1	1
2L	6179578	6209218	1	1
X	12622365	12622424	1	1
X	16387620	16387681	1	1
X	10921185	10923213	1	1
3L	21540466	21542167	1	1
2R	7329456	7329513	-1	1
3R	22379366	22379434	1	1
3R	15950453	15950506	-1	1
3R	20979121	20992241	1	1
3R	3627314	3627476	1	1
3R	9420048	9439267	1	1
X	16414021	16414087	1	1
3R	11329316	11401181	1	1
3L	4435901	4435955	1	1
3R	24913295	24914014	-1	1
2R	23878959	23879624	-1	1
3L	7424157	7444774	1	1
3L	5664262	5665177	1	1
2R	24624543	24624999	-1	1
X	11817316	11837226	1	1
X	577068	577938	1	1
4	218183	218248	-1	1
X	3720518	3721376	1	1
X	11333319	11333388	-1	1
3R	14626230	14626294	-1	1
X	15862874	15863108	1	1
2L	16314367	16324498	-1	1
3L	9429054	9429695	-1	1
3L	3938896	3938959	-1	1
3L	9400519	9400583	-1	1
2R	20663387	20663453	-1	1
3L	9145968	9150569	-1	1
X	12569966	12572047	-1	1
2R	14237702	14237757	-1	1
2R	1292925	1297509	-1	1
X	10061349	10070561	-1	1
3L	7117537	7117599	-1	1
2R	17216924	17275584	1	1
3R	23984193	23984431	1	1
X	4700450	4700738	1	1
3L	22833246	23015795	-1	1
3L	1344530	1344626	-1	1
X	6851924	6852035	-1	1
X	8041280	8041351	-1	1
X	15804518	15805558	1	1
2L	15040700	15064188	-1	1
X	16289323	16291941	1	1
X	17289038	17301360	-1	1
X	6665374	6665439	-1	1
2R	21188574	21188627	1	1
2R	13623415	13623487	1	1
2R	10149441	10150856	-1	1
X	14724097	14746330	-1	1
2L	21668237	21668293	-1	1
3L	17425507	17425579	1	1
2L	17405423	17405485	1	1
2R	7970177	7970235	-1	1
3L	1632370	1635650	-1	1
2R	16943938	16944796	1	1
2L	22536379	22536537	-1	1
3L	25830628	25836807	-1	1
2L	9294550	9295519	1	1
X	16839223	16839714	-1	1
X	1891565	1900118	-1	1
X	5398763	5399532	1	1
X	22474546	22474637	1	1
2R	24053320	24053374	-1	1
2R	2499030	2508124	-1	1
X	16458404	16463590	-1	1
X	12516696	12523577	-1	1
3R	21302861	21309894	1	1
X	576823	578186	1	1
3R	13224774	13224847	-1	1
2L	4322301	4323457	1	1
2L	1140681	1140979	1	1
2L	8075360	8075428	-1	1
X	15886407	15887038	-1	1
3R	14327300	14327563	1	1
3R	19506530	19506595	1	1
2L	10258916	10259029	-1	1
3R	18165816	18166449	-1	1
2R	8133076	8133138	1	1
X	23249700	23253003	1	1
X	15349759	15349945	1	1
3R	28607711	28607770	1	1
3L	24724435	24757776	1	1
X	13352061	13380704	-1	1
3L	7813066	7814500	-1	1
3R	10866694	10866809	1	1
3L	2956116	2959698	1	1
X	16455916	16456007	-1	1
2R	2917153	2919580	1	1
X	19562510	19562692	-1	1
3R	26943995	26944057	1	1
4	570344	570409	-1	1
3R	16068615	16069863	-1	1
3L	25977	26038	1	1
3R	21304528	21306472	1	1
3R	24675801	24682308	1	1
2R	17472810	17473087	1	1
3R	31388181	31389037	1	1
X	4854269	4896037	1	1
3L	13485541	13485603	-1	1
2L	1012355	1017711	-1	1
3L	3181021	3181086	1	1
2L	6777595	6777657	1	1
3R	22279336	22280799	1	1
3L	3057765	3057829	-1	1
2L	6061328	6061378	-1	1
X	5176490	5176660	1	1
3L	25115606	25115662	-1	1
2R	13105148	13105213	-1	1
3L	4188775	4189676	-1	1
3R	10850020	10851285	1	1
3L	7840222	7854085	-1	1
2R	8902417	8904588	1	1
2L	5031779	5032181	1	1
2L	16034714	16037141	1	1
3L	21185019	21185171	-1	1
2R	11846019	11852011	1	1
2R	7275358	7275414	-1	1
3R	10142399	10142494	-1	1
2L	18475591	18476257	-1	1
X	13659533	13664247	1	1
2R	19435550	19435608	1	1
2L	2990600	2990661	-1	1
2R	24531637	24532440	1	1
X	12631814	12633913	1	1
X	18155733	18161013	-1	1
2L	21141009	21141178	1	1
3R	4086214	4098291	1	1
4	104199	104304	1	1
X	8293143	8323790	-1	1
2R	18847124	18850381	-1	1
3L	5155933	5159903	-1	1
2R	7467289	7473424	-1	1
2R	11599641	11604769	-1	1
3R	31217041	31217134	-1	1
4	252528	252659	-1	1
2L	5808685	5808745	1	1
3R	21299767	21303182	1	1
3R	21361611	21361670	1	1
3L	19798301	19798374	1	1
X	14686280	14686496	-1	1
2L	2960987	2961221	1	1
3R	21302735	21303842	1	1
X	15763126	15763181	1	1
2R	14611867	14617161	-1	1
2R	21276462	21276518	1	1
2L	8826034	8829604	1	1
mitochondrion_genome	2165	2703	1	1
3R	12008276	12009679	-1	1
2L	4457510	4457797	-1	1
2R	24767084	24767382	-1	1
2R	24767418	24767475	-1	1
3R	11395699	11400750	1	1
3R	19494319	19506248	1	1
2R	8100476	8100534	1	1
2L	21176972	21177205	-1	1
3L	9177578	9182088	-1	1
2R	18755722	18755780	1	1
3L	17516279	17524781	1	1
2L	1698793	1700573	1	1
3L	17400656	17400771	-1	1
X	15883365	15883433	-1	1
X	14794390	14794461	-1	1
X	3479033	3479128	1	1
3L	15977556	15977955	1	1
3R	23983928	23984374	1	1
X	10629361	10631389	1	1
3R	18982251	18982308	1	1
X	8905385	8905505	-1	1
2R	16552622	16554628	1	1
X	13646144	13648268	1	1
2L	17647375	17648529	-1	1
2R	19666231	19666295	-1	1
X	16527967	16533059	-1	1
3R	27640297	27643815	-1	1
3R	4468600	4478633	-1	1
3L	8828504	8886850	1	1
2R	21394394	21399175	-1	1
3R	31807130	31809843	-1	1
3L	224779	224973	1	1
3L	4626983	4627420	1	1
4	1043525	1045156	1	1
4	1144114	1146041	-1	1
3R	4951027	4951111	1	1
3R	30517145	30518344	-1	1
3L	17400524	17400960	-1	1
3R	11392299	11395967	1	1
2L	2360394	2360460	-1	1
2R	14276797	14277191	1	1
2L	10005507	10005568	1	1
X	11575639	11575698	1	1
2L	17720142	17720654	-1	1
2R	7792051	7792106	-1	1
2L	8004035	8004097	1	1
3L	22833327	22833517	-1	1
3L	991750	993652	1	1
2L	8088454	8089269	1	1
3L	13964310	13964377	-1	1
3R	27262168	27262227	-1	1
3R	19752824	19755595	1	1
3L	1330261	1331340	1	1
X	16365643	16371463	1	1
X	23098918	23099218	1	1
2R	2749577	2749737	1	1
3R	24793542	24794324	1	1
2R	6632141	6632995	-1	1
3R	26950569	26950638	-1	1
2R	24770417	24771271	-1	1
3R	5652798	5653288	-1	1
3R	4786359	4801562	-1	1
2L	15059708	15060438	-1	1
2R	12269231	12269300	1	1
3L	21539398	21539462	-1	1
3R	13238200	13243219	-1	1
2R	19667210	19667268	-1	1
3R	20009945	20011481	1	1
X	9181819	9188188	1	1
3R	10103199	10103688	-1	1
3R	19459718	19459800	1	1
X	16461711	16519073	-1	1
4	1274645	1295025	-1	1
X	15803091	15803798	-1	1
2R	14554538	14559452	1	1
3L	17400616	17401082	-1	1
2R	19567161	19574003	-1	1
X	20917474	20925853	-1	1
2L	11283534	11283593	1	1
2R	9424267	9424332	1	1
3R	27937338	27937431	-1	1
2R	24615577	24615770	-1	1
3L	20014527	20014582	1	1
X	19598634	19598926	1	1
X	9165884	9171698	1	1
X	15895779	15895846	1	1
3L	17063387	17066743	-1	1
3R	21306591	21307421	1	1
3R	25744883	25744980	-1	1
2L	13899142	13901525	-1	1
2R	16957849	16958601	1	1
3R	4644975	4645181	-1	1
3R	9995107	10042432	1	1
X	19718300	19718740	1	1
4	258673	259278	1	1
2R	8620676	8620731	1	1
3R	21308087	21310814	1	1
X	11349313	11349621	1	1
2L	10381323	10381377	1	1
3R	20968583	20974408	1	1
3L	9860578	9863276	-1	1
3L	4917648	4918320	1	1
3R	8008662	8008776	-1	1
2R	13184717	13184777	-1	1
3R	21272094	21272155	-1	1
2L	10428021	10428357	1	1
2R	2243853	2262032	-1	1
X	5186703	5186903	1	1
3L	15560824	15560999	-1	1
2L	10224722	10225504	-1	1
X	12918690	12919065	1	1
2L	18936565	18938562	-1	1
3R	13000217	13000391	1	1
3L	27332264	27441637	1	1
2R	15739049	15781602	1	1
2R	12586073	12588905	-1	1
X	1217838	1233942	-1	1
2R	14926451	14946268	-1	1
X	13756516	13756584	-1	1
2R	19178873	19179036	1	1
3L	11631591	11634614	1	1
3R	5592775	5592852	1	1
3L	17400522	17401085	-1	1
2L	6925820	6927084	1	1
Y	132531	200832	1	1
2R	24059134	24059211	1	1
3R	4296096	4299698	1	1
X	9172936	9174991	-1	1
2R	23905382	23906145	-1	1
3L	7669470	7670274	-1	1
3L	8601416	8601648	-1	1
3L	26013569	26013690	-1	1
3L	3956257	3958477	-1	1
2L	20415346	20416658	-1	1
3R	25856702	25867025	1	1
X	13590114	13590477	1	1
X	5354780	5387588	1	1
3L	13870193	13870572	-1	1
3R	5280480	5286902	-1	1
3R	30273243	30278490	1	1
3R	8242847	8242918	-1	1
X	18039958	18059735	-1	1
2R	24891693	24892179	1	1
3R	18515015	18552889	-1	1
2L	21146886	21146940	-1	1
3R	21137464	21137520	1	1
3R	9487204	9492997	-1	1
3R	15935784	15957665	1	1
X	9607568	9607629	-1	1
2L	21560788	21570225	1	1
3L	2604280	2607693	-1	1
3L	16119818	16119914	1	1
3R	24621114	24622922	1	1
3L	8273330	8274552	1	1
3L	19641219	19641894	-1	1
3R	21805240	21807637	-1	1
mitochondrion_genome	11887	15534	-1	1
X	1608995	1648993	1	1
X	16561824	16574910	-1	1
X	6681569	6681724	1	1
2L	19168384	19168451	-1	1
3R	9419900	9432631	1	1
X	9064940	9071457	-1	1
3L	12812451	12812509	1	1
3R	25988967	25989020	1	1
2R	14869849	14870032	-1	1
2R	10338965	10339026	-1	1
3L	15606848	15606900	1	1
3L	4090835	4090976	1	1
X	12203523	12204419	1	1
3L	17842302	17842358	1	1
2L	4318709	4321066	1	1
3R	26471156	26471692	-1	1
3R	23734202	23734568	1	1
2L	1012355	1013377	-1	1
2L	13496699	13497239	1	1
2L	2783645	2793790	-1	1
3R	28853331	28862778	1	1
2R	18878641	18913443	1	1
3L	9145946	9146729	-1	1
X	14803365	14825890	-1	1
3R	17390601	17390660	-1	1
3R	8340556	8340643	-1	1
2L	21379647	21379774	-1	1
2R	20560436	20560493	-1	1
3L	17400642	17400761	-1	1
2L	18349516	18349598	1	1
X	8474202	8474344	-1	1
3R	13662405	13662970	1	1
X	8517421	8531525	1	1
3R	24623425	24634520	1	1
2R	5860440	5860687	1	1
X	3749158	3761875	1	1
3L	226244	230767	1	1
2R	2866867	2868478	1	1
2R	9811186	9819911	-1	1
3L	6112422	6114294	1	1
mitochondrion_genome	11343	11406	1	1
2L	9796985	9877927	-1	1
2L	9682514	9683321	-1	1
2R	16766892	16771804	-1	1
X	12943451	12943513	1	1
3R	31791257	31791314	-1	1
3R	18197121	18199205	-1	1
X	3689426	3689744	-1	1
3L	17401007	17401065	-1	1
mitochondrion_genome	12807	13755	-1	1
X	13064788	13067429	1	1
X	6837030	6837101	1	1
3R	21866234	21866636	1	1
3L	11709577	11710334	1	1
2R	17573034	17573096	1	1
3L	991901	992461	1	1
3L	991909	992475	1	1
3L	4575538	4575641	1	1
2R	21291113	21291254	-1	1
4	1115292	1118253	-1	1
3R	9526444	9526506	1	1
2R	22227382	22228120	-1	1
X	20485889	20491053	-1	1
3R	25151040	25151208	-1	1
3L	2840905	2843570	-1	1
2R	18278545	18288143	-1	1
3R	20810414	20828142	1	1
X	3699961	3700722	1	1
X	12128591	12162102	1	1
3R	9420048	9422059	1	1
X	19618296	19618405	-1	1
3R	28146969	28147500	1	1
X	1442848	1443844	1	1
2R	4322618	4470825	-1	1
2L	21574966	21576726	1	1
X	2674780	2676091	1	1
2R	10558114	10558246	1	1
3R	10133588	10134437	-1	1
2R	14742670	14743054	1	1
3L	9145794	9145863	-1	1
3L	10691753	10692376	1	1
2L	5172128	5174524	1	1
2R	12273936	12276464	1	1
4	133714	134527	1	1
2R	12409425	12409475	1	1
3L	17053286	17054298	1	1
3L	19355579	19364620	-1	1
3R	9419900	9431856	1	1
mitochondrion_genome	4183	13934	-1	1
3L	3924428	3925463	-1	1
X	5387053	5389338	1	1
3R	17909465	17909595	-1	1
X	13967803	13967903	-1	1
X	4841197	4841689	1	1
3R	19139085	19140952	-1	1
X	4909213	4929777	1	1
X	23213009	23235002	1	1
2R	15857866	15858784	-1	1
3L	17641142	17643539	-1	1
X	10348855	10356368	-1	1
3L	23093736	23095114	-1	1
X	5082240	5082454	-1	1
2L	10432179	10432242	1	1
2L	4035807	4038580	1	1
3R	20780828	20783077	1	1
3R	13681405	13681465	-1	1
2L	5541337	5541433	-1	1
2R	1315728	1334873	-1	1
3L	17426671	17426728	-1	1
X	6699575	6700169	1	1
X	10260714	10260927	-1	1
2L	4822988	4828795	1	1
X	9779247	9780241	1	1
X	8179277	8179453	-1	1
3R	11049214	11119510	1	1
4	948154	948288	1	1
2L	110878	112690	1	1
X	20233444	20234328	-1	1
X	20234361	20234775	-1	1
3R	31934011	31935004	-1	1
3R	24659680	24660060	1	1
X	13321940	13323341	1	1
3L	1500094	1500202	-1	1
3R	19415791	19457620	1	1
3R	9010620	9013153	-1	1
3R	31595138	31595575	-1	1
X	5839790	5840570	1	1
3L	16412829	16415125	1	1
2R	15456816	15458899	1	1
3R	11390515	11391243	1	1
3L	5159578	5272510	-1	1
2L	5044489	5045868	1	1
Y	132458	200753	1	1
X	491035	504318	1	1
2R	13422260	13422320	-1	1
3R	4639558	4639634	-1	1
X	13967753	13985818	-1	1
X	246088	246773	1	1
2L	750849	752731	1	1
4	1046712	1047016	-1	1
3L	230303	230614	1	1
2R	20429777	20431843	1	1
2R	20431864	20436323	1	1
X	15834372	15835325	-1	1
2L	21382084	21390348	1	1
3R	15944997	15951602	1	1
3L	10590686	10590740	1	1
3L	9786040	9786393	1	1
2R	22561143	22561919	-1	1
2R	3229165	3285584	-1	1
3L	14751776	14753334	-1	1
3L	9105292	9106337	-1	1
3L	27268192	27268263	1	1
X	15000111	15000413	1	1
2L	22925450	22940402	1	1
X	11969215	11970331	-1	1
2L	3467038	3467243	1	1
3R	21300084	21300362	1	1
3R	20803449	20804163	-1	1
X	5792616	5792727	1	1
2R	16182459	16182517	1	1
3L	3506142	3510806	1	1
2L	21382134	21390336	1	1
2L	10452758	10454728	-1	1
3L	25351633	25351761	-1	1
3R	18717563	18718785	1	1
X	13381624	13383433	-1	1
X	15804488	15805558	1	1
2L	13558833	13609791	1	1
3L	17730342	17738639	1	1
X	4667433	4667815	-1	1
X	1927420	1927489	1	1
X	15103145	15106441	1	1
3R	23240187	23245255	-1	1
2R	24004610	24030668	-1	1
X	13746795	13754994	-1	1
3R	18122583	18126990	1	1
2L	18140155	18140443	-1	1
2L	9165395	9209713	1	1
2R	19430303	19430389	1	1
X	9165920	9188307	1	1
3R	11397551	11401722	1	1
X	9604373	9604556	-1	1
2R	24904619	24905288	1	1
3L	979938	980054	1	1
X	2280577	2293054	-1	1
2R	24522072	24522976	-1	1
3R	30554671	30556569	-1	1
2L	9293443	9295428	1	1
2L	20423274	20423351	-1	1
X	11429174	11429239	1	1
2R	4727086	4727158	-1	1
3R	18239278	18239331	1	1
2L	5171764	5172370	1	1
X	2273952	2274026	-1	1
2L	4295400	4314346	1	1
mitochondrion_genome	13012	13350	-1	1
Y	124361	200768	1	1
3R	18281734	18282092	1	1
3R	21322967	21323439	-1	1
3L	1575492	1575608	1	1
X	16601594	16610182	1	1
3R	10000366	10000573	-1	1
X	2688340	2688400	1	1
3R	22743307	22743361	-1	1
X	17589096	17596657	1	1
3R	21785756	21805054	-1	1
3R	4414699	4414760	-1	1
3L	5919320	5919563	-1	1
2L	13498144	13499656	1	1
3R	30208174	30208292	-1	1
3R	26698015	26698136	-1	1
3R	13023072	13023886	1	1
3R	17881902	17882101	-1	1
4	658752	659715	-1	1
X	16069845	16070204	1	1
2R	2044120	2191287	-1	1
3R	20969474	20975289	1	1
3R	17920408	17920464	1	1
3L	20737441	20835714	1	1
2R	3089377	3089663	1	1
3R	18178948	18179604	1	1
3L	12164275	12175071	-1	1
2R	24695281	24696965	-1	1
mitochondrion_genome	4728	12173	1	1
X	4691717	4699644	1	1
2R	16630860	16630919	-1	1
3L	13584272	13602342	-1	1
3R	11239825	11239896	1	1
3R	9492780	9493187	-1	1
3L	15056550	15056687	-1	1
3R	8817720	8819167	-1	1
2L	16563008	16579305	1	1
X	10628024	10630189	1	1
X	18131324	18132011	-1	1
2L	9391585	9391703	1	1
3R	4286154	4287132	1	1
X	1449939	1451090	1	1
X	6105893	6192347	-1	1
3R	30133074	30133142	-1	1
3L	5168467	5168694	-1	1
2L	21382079	21390258	1	1
X	12230135	12297914	1	1
3R	18214599	18214655	1	1
3R	4771685	4772297	1	1
3R	24064924	24104932	-1	1
X	15177740	15177798	1	1
2R	14859200	14859256	-1	1
4	805301	969966	-1	1
3L	3717408	3722156	-1	1
3R	8247652	8250178	1	1
3L	8426620	8432119	1	1
X	9187498	9188188	1	1
3R	20974229	20974595	1	1
3R	23979016	23982374	1	1
2R	14926898	14927204	-1	1
3R	25518831	25519261	1	1
3R	15414377	15415893	1	1
Y	753478	784729	1	1
X	4691352	4691597	1	1
3R	21017875	21018130	1	1
X	14712843	14763603	-1	1
2L	12455547	12456527	-1	1
2R	16856316	16856806	1	1
3R	23149993	23150901	-1	1
3R	17909504	17916468	-1	1
2L	1975769	1976546	-1	1
3L	3826283	3828388	1	1
2L	21382118	21390323	1	1
X	2254827	2258636	-1	1
2R	10740380	10798515	-1	1
X	20796748	20804344	-1	1
2R	12653448	12655502	1	1
3R	21301871	21302789	1	1
2L	21388766	21388905	1	1
3R	11992853	11993249	-1	1
2L	1009945	1013838	-1	1
X	23281230	23455192	-1	1
X	5200087	5200139	1	1
3R	7870349	7871786	1	1
3L	19260231	19260646	-1	1
X	11931936	11935858	-1	1
3R	10786460	10831458	1	1
2R	19504891	19505767	1	1
2L	5166463	5205416	1	1
2L	2763630	2763778	-1	1
3L	17400534	17400865	-1	1
3R	14306085	14306153	-1	1
X	19905397	19907967	1	1
3R	14367497	14367782	-1	1
X	12128641	12151652	1	1
3R	20974338	20974524	1	1
3R	21821024	21822235	-1	1
3R	31933699	31935698	-1	1
X	4699119	4699669	1	1
X	4699133	4699680	1	1
X	13284819	13285310	-1	1
3R	15176428	15178280	-1	1
3R	16979024	16979087	-1	1
2R	13991493	13991978	1	1
2R	19164176	19165164	1	1
Y	124280	124349	1	1
X	9183056	9189351	1	1
3R	9475841	9486601	-1	1
3R	9342218	9359267	1	1
3R	28825702	28825765	-1	1
2L	6928758	6931465	1	1
X	3172615	3204201	-1	1
X	10427219	10427320	-1	1
4	1241315	1241421	1	1
2R	2557479	2562627	-1	1
3L	21059072	21063991	1	1
X	17929281	17939849	-1	1
3L	21025549	21026928	-1	1
X	17935185	17941188	-1	1
3L	1300156	1300209	1	1
2L	21114885	21132341	1	1
2L	4994278	4994339	1	1
2L	18442141	18442218	-1	1
2L	5140922	5141653	1	1
X	6102057	6104278	-1	1
3R	31661776	31664461	1	1
2L	13404027	13404408	1	1
X	19639077	19639145	1	1
2R	2257291	2260167	-1	1
X	2071581	2073117	-1	1
3L	7240406	7240703	-1	1
3L	17066754	17078155	-1	1
3R	26224798	26255304	-1	1
3R	23983927	23984197	1	1
3L	5428925	5429116	1	1
3R	16513096	16513187	1	1
2R	13831166	13832440	1	1
2R	4816713	4816791	1	1
3R	16503117	16503402	1	1
2L	11598353	11610324	1	1
X	17231512	17248367	-1	1
3L	20023386	20023451	1	1
X	11562882	11562946	-1	1
4	960039	962404	1	1
3R	21365681	21366004	1	1
3L	17607036	17668782	-1	1
4	1196478	1219880	-1	1
3R	24814639	24814698	1	1
X	11717265	11718368	-1	1
3R	6436905	6449101	1	1
2L	4454995	4455056	1	1
X	16459174	16459421	-1	1
2R	9841350	9841403	-1	1
3R	19865555	19865661	-1	1
mitochondrion_genome	4800	5299	1	1
3R	7270266	7270658	1	1
3R	29173563	29181838	-1	1
3L	3071378	3072641	1	1
4	1034141	1034225	1	1
2L	15195716	15200328	-1	1
3R	23220897	23221425	-1	1
2R	10125474	10137480	1	1
3R	23879836	23880007	-1	1
X	10603131	10603856	-1	1
X	18056402	18059735	-1	1
2L	13302029	13302767	-1	1
3L	1626775	1626900	-1	1
X	9643888	9643957	-1	1
4	975261	978207	-1	1
3L	21915425	21915536	1	1
X	10618249	10618484	-1	1
2R	9299733	9302383	1	1
X	10837215	10846107	-1	1
3R	24520516	24522331	1	1
3R	11396732	11401195	1	1
X	13625380	13657029	1	1
X	7608742	7678697	1	1
X	5086113	5176890	1	1
X	21328169	21328228	-1	1
3L	14790605	14791871	1	1
2R	6160201	6168326	-1	1
X	11932652	11932707	-1	1
2L	9256815	9256896	1	1
3R	932101	932177	-1	1
mitochondrion_genome	8297	8408	-1	1
X	12911117	12911413	1	1
3R	3738672	3746949	-1	1
3R	30788608	30788981	1	1
3L	25470508	25474490	1	1
3R	21311077	21314523	1	1
2L	1175801	1180711	1	1
3L	21845252	21845343	1	1
X	12207472	12213306	1	1
X	15805442	15805558	-1	1
2R	17696551	17696612	-1	1
3L	20002993	20003303	1	1
3R	31788796	31789497	1	1
3R	14890427	14890696	1	1
3R	9449097	9449185	1	1
3R	28820506	28820572	1	1
2L	923220	930065	1	1
3R	20965263	20974045	1	1
X	3860530	3868403	-1	1
X	5792496	5794300	1	1
3R	11401770	11401935	1	1
X	12567399	12568071	-1	1
2L	9714318	9714972	-1	1
3L	14998214	14999110	-1	1
2L	2095173	2109819	-1	1
2R	2428271	2433793	-1	1
3L	10593065	10593361	1	1
3R	29862941	29863052	1	1
3R	14368126	14368293	-1	1
mitochondrion_genome	10132	15107	1	1
3R	20438209	20449445	-1	1
3L	17527421	17527483	-1	1
2R	21987926	21987984	-1	1
2R	6753289	6754242	1	1
2R	13831129	13833010	1	1
3R	6457431	6457493	-1	1
X	9587100	9587945	1	1
X	13701354	13718129	-1	1
2L	1010638	1013443	-1	1
X	14233041	14233105	-1	1
2L	19512981	19513044	-1	1
3R	23982098	23982199	1	1
2R	14163312	14164482	-1	1
3L	17400991	17401103	-1	1
3L	18746374	18781760	1	1
4	930117	930512	-1	1
3L	1313913	1318120	1	1
3L	1773527	1773578	-1	1
4	1127212	1128926	1	1
3R	26455705	26455788	-1	1
X	4698663	4699616	1	1
2L	9293456	9295347	1	1
3R	29457768	29461813	1	1
2R	10826541	10826898	1	1
2R	8134513	8135002	-1	1
2L	9787577	9789367	-1	1
2L	16328281	16328863	-1	1
3L	753405	758733	1	1
3L	4074318	4074433	-1	1
X	4485370	4510824	1	1
3R	22639911	22652040	1	1
2R	22412647	22413127	-1	1
3R	14891082	14892208	1	1
2R	13829747	13832932	1	1
3R	18248561	18250211	1	1
2R	10833202	10833808	1	1
3L	267392	268220	1	1
3L	6090248	6090337	1	1
3L	1664022	1664532	-1	1
3L	8433372	8438479	-1	1
3R	5484660	5484730	1	1
X	19639341	19640406	1	1
3L	13522091	13533274	-1	1
3R	23983798	23984290	1	1
3R	5806269	5806998	1	1
2R	13822126	13822582	-1	1
X	12732401	12742319	-1	1
3R	27392846	27395009	-1	1
3R	23981003	23984428	1	1
3R	19459546	19460038	1	1
X	608515	611205	-1	1
3L	8438751	8459931	-1	1
4	252712	252824	-1	1
3R	22468616	22469232	1	1
2R	1429729	1440940	-1	1
3L	17061841	17103425	-1	1
2L	10923280	10923593	-1	1
3L	4612890	4625210	-1	1
X	1443032	1443143	1	1
2R	16182035	16184938	1	1
2R	8931267	8931331	1	1
3R	26879572	26880219	1	1
2L	9496256	9503593	1	1
3R	15964098	15964165	1	1
mitochondrion_genome	12026	12086	-1	1
3R	25856224	25856562	1	1
3L	1654589	1655562	-1	1
3L	2554945	2555548	-1	1
X	3341501	3342453	1	1
3L	3087169	3088055	1	1
2L	12045710	12045779	-1	1
X	15883134	15883194	-1	1
3R	28832428	28832547	-1	1
3L	12851723	12852616	1	1
2R	810400	812536	1	1
3R	16565425	16565537	1	1
3L	973943	974138	1	1
2R	8172427	8172481	1	1
X	16382558	16382625	-1	1
3L	9370817	9370904	-1	1
3R	24222475	24222536	1	1
2R	21605725	21606314	-1	1
2R	21606361	21606468	-1	1
3R	18958775	18977318	1	1
2L	6646948	6648085	-1	1
3L	13995579	13996423	1	1
X	8276330	8323480	1	1
3R	18420181	18421269	-1	1
2R	24770399	24775197	-1	1
3L	10327295	10347277	1	1
2R	18140903	18146009	1	1
2R	18496869	18497705	-1	1
3R	15304001	15304578	1	1
2R	23905382	23905459	-1	1
2R	24088879	24088942	1	1
3L	10640527	10640821	-1	1
mitochondrion_genome	9266	13097	-1	1
2R	6156369	6156930	-1	1
X	5140562	5167812	1	1
3R	17320025	17320096	-1	1
3R	21300472	21301582	1	1
3R	25268213	25269923	-1	1
2R	10095397	10096247	1	1
2L	7382059	7382122	1	1
4	1279561	1279625	1	1
2L	12456761	12536756	-1	1
3R	31216778	31216899	-1	1
3R	330290	484419	1	1
2L	6001270	6001669	1	1
3R	8433211	8435696	-1	1
4	554272	557443	-1	1
X	6974125	6974290	-1	1
3L	9973002	9973094	1	1
X	5404094	5405100	1	1
X	14804950	14825129	-1	1
3R	11534775	11535583	-1	1
3R	23983922	23984297	1	1
2R	14125206	14139789	-1	1
3R	4855013	4855067	1	1
X	10630116	10642884	1	1
2L	2134968	2135038	1	1
3R	28832658	28833081	-1	1
3R	23977210	23982367	1	1
3R	5812675	5812917	1	1
2L	6925666	6931244	1	1
3L	5739335	5739444	1	1
X	15862847	15863188	1	1
3R	4297584	4301483	1	1
X	13996560	13998736	1	1
X	17928425	17944971	-1	1
3R	29171489	29173692	-1	1
3R	24695877	24708881	1	1
X	19720020	19720240	1	1
X	4935567	4936190	-1	1
2L	9709138	9709499	-1	1
2R	17276064	17295835	1	1
2L	189777	191001	1	1
2L	3028309	3028366	-1	1
X	15731630	15746496	1	1
X	5792678	5794405	1	1
3L	20278871	20279688	-1	1
X	9174798	9177082	1	1
2L	3264322	3265064	-1	1
2L	3264323	3265065	-1	1
2L	13371579	13371974	-1	1
3R	15486274	15486328	1	1
3R	16483207	16483263	-1	1
2L	22981972	22992393	1	1
2R	16611195	16619128	1	1
X	12948482	12948629	1	1
2L	12169658	12170425	1	1
3R	30082428	30083149	1	1
X	13985818	13985967	-1	1
2R	14354479	14354536	1	1
3L	185304	185367	1	1
2L	10402483	10402544	1	1
X	6360502	6360957	1	1
X	13996524	13998095	1	1
2R	9396560	9397877	-1	1
3R	5151848	5153523	1	1
3R	23983707	23984369	1	1
X	8060159	8061208	-1	1
Y	461	516	-1	1
X	10793492	10793730	-1	1
3L	4182199	4184803	-1	1
3L	19869308	19869368	-1	1
2L	21616574	21617280	-1	1
X	17932099	17993561	-1	1
X	1690809	1690873	-1	1
2L	5166744	5167047	1	1
3L	19639603	19639848	-1	1
3L	11184420	11202215	-1	1
2L	2947436	2947609	1	1
X	18005554	18005803	-1	1
3L	7758944	7759009	1	1
X	1894781	1894841	-1	1
X	1370664	1371231	1	1
3R	29201328	29201384	1	1
2R	9396540	9397920	-1	1
3L	4429995	4433214	1	1
3L	13798506	13803105	-1	1
3R	11375839	11376322	1	1
2L	16168472	16169362	1	1
4	463685	464192	-1	1
X	10619423	10619966	-1	1
2R	2783457	2784344	1	1
3L	4367993	4368310	-1	1
4	999410	1001325	1	1
3L	5658826	5659520	1	1
3R	25474317	25475468	1	1
3L	17400817	17401065	-1	1
3R	14275369	14276306	-1	1
3L	5740344	5744339	1	1
3R	17073848	17074044	1	1
3R	13672817	13673098	-1	1
2R	10113652	10114917	1	1
2R	25258535	25258708	1	1
3R	23245760	23248594	1	1
3R	20205069	20206066	1	1
2L	9877279	9885726	-1	1
2R	24030207	24030269	1	1
X	6695992	6697024	-1	1
2R	22226547	22226625	-1	1
X	9555480	9585471	1	1
3L	6902518	6952582	-1	1
2R	4728552	4728807	-1	1
2R	10147413	10147485	-1	1
3L	25481047	25670674	-1	1
3L	1941255	1941316	1	1
X	7023095	7031835	-1	1
3L	8283214	8283276	-1	1
3L	26010355	26013543	-1	1
X	16301479	16301858	1	1
3L	23012822	23012880	1	1
3L	6952100	6952719	-1	1
2R	3204920	3220189	1	1
3R	17904761	17908971	-1	1
2R	16626345	16626583	-1	1
3L	11198340	11202644	-1	1
X	8902248	8903346	1	1
4	928152	929822	-1	1
X	3676455	3686044	1	1
2R	3070420	3072724	1	1
3R	17896618	17915055	-1	1
2R	13832359	13833314	1	1
X	3189606	3256366	1	1
3L	2772638	2773247	-1	1
3L	2773305	2773399	-1	1
2R	16185752	16185812	-1	1
3R	11824952	11838166	-1	1
3R	11838231	11858687	-1	1
3L	17068059	17072549	-1	1
3L	5161326	5163123	-1	1
3R	21771149	21771210	1	1
3R	4800679	4801213	-1	1
2R	8163811	8163937	-1	1
X	18172739	18172958	1	1
2R	5121841	5121983	-1	1
X	23020143	23022860	1	1
2L	21297812	21301454	-1	1
X	11052357	11052410	-1	1
3R	8817720	8820129	-1	1
2L	6929343	6931037	1	1
3R	10853590	10853647	-1	1
3R	25902293	25905873	-1	1
3L	23038276	23038354	1	1
2R	10095386	10096276	1	1
X	5903078	5904202	1	1
X	17937718	18060130	-1	1
2R	17377287	17377368	1	1
3R	23983775	23984349	1	1
X	18889874	18890067	-1	1
3L	236756	239055	-1	1
3L	12206461	12220456	-1	1
X	13929176	13967270	-1	1
3L	9973362	9973781	1	1
3R	31612689	31613260	1	1
X	16455806	16458529	-1	1
3R	28146942	28147500	1	1
3R	9361871	9362057	1	1
3L	10220874	10225179	-1	1
X	16458505	16476915	-1	1
2R	15311968	15312033	1	1
2L	10205152	10206914	-1	1
3L	13664752	13666386	-1	1
2L	3095619	3105743	-1	1
X	11422517	11430526	-1	1
2L	11811500	11811594	-1	1
3R	26455586	26455667	-1	1
mitochondrion_genome	4620	13555	1	1
X	20256033	20256776	1	1
3R	12446315	12446376	1	1
3R	3623276	3626910	1	1
mitochondrion_genome	14599	14784	-1	1
4	331802	331915	1	1
X	12635841	12653131	1	1
3L	7975684	7975758	-1	1
X	8423063	8423184	1	1
2R	16106281	16106530	1	1
2R	8678869	8678928	1	1
2R	7942889	7947605	-1	1
3R	20973640	20975139	1	1
2L	189473	189900	1	1
2L	2229576	2229638	1	1
X	8691004	8691065	1	1
3L	11449428	11454127	1	1
3R	5608158	5608450	-1	1
4	1145342	1146049	-1	1
3L	17272285	17272367	1	1
2R	7480263	7481984	-1	1
2R	8731613	8731681	-1	1
2L	13483543	13483807	1	1
3R	8369103	8382680	-1	1
2R	7954312	7955313	-1	1
3L	22801742	22832026	-1	1
3R	27562983	27563328	-1	1
3L	19931382	19931982	1	1
2R	15935990	15938214	-1	1
3R	20798410	20804675	1	1
3R	20804705	20805947	1	1
2R	21502480	21510867	-1	1
4	1233838	1234431	1	1
X	1044902	1044971	1	1
4	1270869	1270925	1	1
X	19573229	19573291	-1	1
3R	8474513	8477419	-1	1
2R	22880043	22880133	1	1
3L	4403896	4403951	1	1
2R	2968651	3094681	1	1
2R	10095942	10096202	1	1
3L	5797826	5799553	-1	1
3R	21974418	21996929	1	1
2R	2785939	2787762	1	1
2L	20083016	20083828	-1	1
X	20007805	20008830	-1	1
3L	9149282	9178432	-1	1
2R	15525330	15525390	-1	1
3L	7370302	7370550	1	1
3L	22067517	22070207	-1	1
3L	17309063	17309495	1	1
X	11429869	11471794	1	1
2R	2917140	2919575	1	1
2L	8322242	8322309	1	1
2R	23183968	23191428	-1	1
4	650313	656489	-1	1
X	9172026	9176935	1	1
2R	12276835	12276905	1	1
X	9473229	9499818	-1	1
3R	23849130	23859029	1	1
3L	277450	278178	1	1
2R	10741187	10741244	-1	1
3R	7064770	7064878	-1	1
3R	11335086	11335241	1	1
3R	21785756	21820744	-1	1
2R	22801872	22801996	1	1
3L	11709403	11710494	1	1
2L	5161254	5161399	1	1
2R	9167320	9167378	1	1
Y	132628	200806	1	1
2L	22131700	22132118	1	1
X	4658410	4659788	-1	1
2R	11972462	11975982	1	1
3R	30237588	30237643	-1	1
3L	20516133	20518968	-1	1
2R	4016825	4018093	1	1
3L	4251841	4254128	-1	1
2L	23512799	23512874	1	1
X	16527421	16533059	-1	1
X	1234277	1234754	-1	1
3L	14753967	14754085	-1	1
X	5087383	5089212	1	1
X	1439407	1442443	1	1
2R	4547055	4564434	1	1
2R	7725790	7725868	-1	1
3R	31597745	31610913	-1	1
3L	16052557	16052892	1	1
3L	2895060	2897244	1	1
3R	7094946	7108136	-1	1
3L	269777	270235	1	1
3L	15928929	15946908	-1	1
X	4698649	4699616	1	1
3R	4734854	4735165	-1	1
2R	10156595	10157891	-1	1
3R	21302498	21302861	1	1
X	10235940	10255307	-1	1
2R	10511830	10513620	-1	1
X	22996121	23004429	-1	1
3R	9734206	9739434	-1	1
3R	4301146	4301218	1	1
3L	4090867	4092690	1	1
X	15902333	15903644	1	1
3R	9804899	9806011	-1	1
mitochondrion_genome	12874	13391	-1	1
mitochondrion_genome	9214	13113	-1	1
2R	5611211	5612994	1	1
X	15956297	15956351	-1	1
2R	10357995	10365155	-1	1
3R	21304521	21308411	1	1
2R	8479476	8479853	-1	1
2L	15940418	15962147	-1	1
3L	14002302	14003173	1	1
X	5334473	5340358	1	1
3L	8181684	8181751	1	1
2R	12931543	12931602	-1	1
X	23253279	23253422	1	1
3R	11766510	11767496	-1	1
X	3720051	3721376	1	1
3R	29060541	29060601	-1	1
3R	21306918	21308865	1	1
X	10727007	10743803	-1	1
2R	14946165	14953340	-1	1
3R	22013557	22013754	1	1
2R	18495066	18514941	1	1
3R	21313137	21314114	1	1
3R	24058804	24058855	1	1
2L	411719	411782	-1	1
3R	4939683	4939872	1	1
3L	3040097	3042106	1	1
X	6699995	6700053	1	1
X	3523820	3523922	1	1
X	3762621	3788887	1	1
2L	5486349	5496596	-1	1
2R	21291106	21291247	-1	1
3L	4288341	4352967	1	1
3R	29913024	29913145	-1	1
2L	9443598	9443648	1	1
3R	26963521	26964118	-1	1
2R	11581399	11583015	-1	1
3L	9462044	9463085	1	1
2L	21627548	21628468	1	1
3R	31155068	31158238	1	1
2L	10449516	10449579	1	1
3R	13995039	14006406	-1	1
3L	2566376	2566434	-1	1
3L	7014813	7052200	1	1
3R	31935379	31937270	-1	1
2R	14038804	14058573	1	1
2R	10897529	10897722	-1	1
X	21073086	21073139	-1	1
3L	12143686	12144373	-1	1
3R	29131826	29132126	1	1
2R	9427374	9431971	1	1
2R	22797173	22797518	-1	1
X	5793692	5794436	1	1
X	12909181	12909248	-1	1
mitochondrion_genome	12943	13030	-1	1
2L	18181043	18182932	-1	1
3R	26254440	26254863	-1	1
3L	11822891	11823935	1	1
3L	17061773	17064382	-1	1
3L	22820132	22827244	-1	1
2L	20056033	20056141	1	1
3L	1140578	1141231	-1	1
X	10255410	10257236	-1	1
3L	9455315	9462216	1	1
3L	12694354	12696500	1	1
2L	9339804	9339866	1	1
3L	6496482	6523030	1	1
X	5417375	5420452	-1	1
X	1673215	1673903	-1	1
3L	17980137	17992908	-1	1
X	11963903	11975523	-1	1
3R	8806580	8806633	1	1
3R	18546243	18546458	-1	1
X	7323446	7323520	-1	1
2L	11806158	11808782	-1	1
3L	3715067	3715323	-1	1
X	1628028	1635443	1	1
2R	16788631	16791320	1	1
2L	19514782	19514963	-1	1
2L	10975972	10976058	-1	1
3L	269572	270150	1	1
3L	8197444	8197522	-1	1
2L	9709141	9709384	-1	1
X	9473267	9499874	-1	1
X	21816803	21826160	-1	1
3L	9698418	9769333	1	1
X	2109535	2114140	1	1
3R	31595075	31595429	-1	1
2L	5172752	5174671	1	1
3R	30664571	30665842	1	1
X	15989303	15989377	-1	1
X	10256020	10260725	-1	1
2L	8112011	8116504	1	1
X	11055128	11057599	-1	1
2L	1134853	1140298	1	1
3R	17909497	17909547	-1	1
3L	1593463	1600193	1	1
2L	2405058	2405502	1	1
X	17641016	17641571	-1	1
X	290597	294713	-1	1
3R	21299391	21303168	1	1
3L	26010346	26013543	-1	1
4	649613	649699	-1	1
X	2271442	2271586	-1	1
3R	9004452	9004509	1	1
3R	30593636	30593705	-1	1
2R	15409613	15409998	1	1
X	5389818	5392869	1	1
3R	23994182	23994246	1	1
3L	4578870	4579447	-1	1
2R	8907897	8907950	1	1
X	10842706	10842785	1	1
X	10254308	10254720	-1	1
3L	3714952	3716452	-1	1
3R	30445844	30448495	-1	1
3L	19891532	19893742	-1	1
2R	11304693	11304751	1	1
4	553420	557443	-1	1
3L	16369079	16369148	1	1
2R	1369084	1369151	-1	1
2R	2959028	2959317	1	1
3L	7511290	7517115	1	1
X	576888	578036	1	1
3R	7266189	7266796	1	1
3R	25856202	25856562	1	1
2L	16032592	16034188	1	1
3L	9121540	9146919	-1	1
3R	15381329	15381496	1	1
2R	14866076	14867484	-1	1
2L	831627	831714	1	1
4	1130587	1131193	1	1
X	22458781	22509812	1	1
X	4236683	4262354	-1	1
3L	25109910	25109964	-1	1
2R	11138499	11138710	1	1
3R	25349764	25350967	-1	1
3L	3088314	3088488	1	1
X	6668592	6671940	-1	1
2R	24066284	24067163	-1	1
2L	5170651	5173993	1	1
X	2706371	2706815	-1	1
3L	3746012	3746665	-1	1
3L	17400720	17400836	-1	1
X	11291819	11293498	-1	1
3L	5909465	5909679	1	1
X	1470098	1470157	1	1
3R	21309496	21324243	1	1
3L	17494380	17499215	-1	1
X	9175412	9184162	1	1
2L	15091035	15091099	1	1
4	650176	653891	-1	1
3R	29444611	29444832	1	1
X	13384379	13384566	-1	1
2R	15265838	15265945	-1	1
4	378203	378396	-1	1
2R	19399094	19411189	-1	1
3R	4281931	4282077	1	1
2L	6822004	6822251	1	1
X	5073703	5080708	-1	1
3L	7120751	7120819	1	1
Y	1761703	1765433	1	1
4	189249	190003	1	1
3L	2587818	2588805	1	1
X	9674639	9690879	-1	1
3L	11057953	11058015	1	1
X	11429464	11430047	1	1
2L	17675815	17708034	-1	1
mitochondrion_genome	12860	12912	-1	1
X	4841191	4841691	1	1
4	1193008	1193560	-1	1
3L	3817712	3818343	1	1
2L	7195363	7196824	-1	1
X	10239898	10240681	-1	1
X	11822230	11822316	1	1
X	12938726	12946769	1	1
2R	11895152	11895384	1	1
3R	14732830	14733451	-1	1
3L	9895197	9895552	-1	1
2L	14935015	14935887	-1	1
3R	9163629	9362003	-1	1
2R	24060750	24060813	-1	1
2R	23905371	23906060	-1	1
2R	10448633	10460903	-1	1
3L	13537858	13664797	-1	1
3L	1654727	1655254	-1	1
X	3478204	3478261	-1	1
3R	19095022	19095397	1	1
3L	2780960	2782053	1	1
3L	5749116	5749509	1	1
3L	5749126	5749511	1	1
X	16522154	16533059	-1	1
X	4698387	4699572	1	1
3L	4074216	4074501	-1	1
2R	14624231	14624413	1	1
3L	21436010	21436073	1	1
X	18820556	18826554	1	1
2L	9491458	9494426	-1	1
2L	18713151	18713306	-1	1
2R	9143237	9143759	-1	1
X	13824215	13824288	1	1
Y	2929290	2929348	-1	1
4	100187	149715	1	1
3L	2673711	2678538	-1	1
2L	13631185	13633394	1	1
2L	7827836	7832407	1	1
3R	4288084	4295129	1	1
X	14687273	14687547	-1	1
X	9331479	9332454	-1	1
X	22693256	22740542	1	1
X	16338145	16508852	1	1
3R	9487204	9493474	-1	1
3L	23093879	23094684	1	1
3L	8441914	8442019	-1	1
2R	12488695	12488762	-1	1
3R	19245672	19245737	-1	1
X	5838613	5840744	1	1
3R	8817772	8818692	-1	1
3R	4297548	4436118	1	1
X	23009632	23012071	1	1
2L	2755144	2756008	1	1
3R	11395874	11401158	1	1
3L	17526939	17527108	-1	1
2R	10049905	10049960	-1	1
X	12789161	12789340	-1	1
2L	8083522	8089394	1	1
2R	10108257	10109581	1	1
3R	10320831	10321155	-1	1
3L	20012418	20012476	1	1
3R	21620531	21620606	-1	1
2R	9345729	9346002	-1	1
X	576912	578376	1	1
X	19866190	19866793	1	1
X	1440269	1452162	1	1
3R	23255509	23256922	-1	1
X	7838852	7839718	1	1
3L	1967503	1969600	1	1
3L	13869224	13871609	-1	1
X	5791075	5791133	-1	1
2L	2739298	2739362	1	1
2R	19606568	19628535	-1	1
2R	1073846	1088299	1	1
3R	17909553	17915014	-1	1
3R	6363069	6366033	-1	1
X	13655205	13655303	1	1
2L	6321909	6321971	1	1
3R	26663697	26666782	-1	1
2L	22939306	22939361	1	1
2L	9717764	9717870	-1	1
3R	12402482	12402538	1	1
X	72002	99286	1	1
3R	9259957	9260026	1	1
3R	18221875	18221934	-1	1
X	4127230	4129602	1	1
2R	4408033	4458023	-1	1
3L	11774846	11775485	-1	1
2L	13017662	13017829	-1	1
3L	12137694	12137892	-1	1
3R	30010647	30011787	-1	1
3R	18959550	18977294	1	1
2L	3322512	3322691	1	1
X	9165921	9188188	1	1
2L	9879578	9885932	-1	1
2L	9164662	9165212	1	1
2R	10107741	10109649	1	1
2L	5172429	5174552	1	1
3R	29172231	29173237	-1	1
3L	17122744	17124644	-1	1
3R	30554655	30556562	-1	1
4	1127163	1127224	1	1
3R	5622458	5622630	-1	1
3R	14732851	14733405	-1	1
3L	13551869	13584192	-1	1
2R	15189779	15190166	1	1
X	8547664	8547738	1	1
3L	11250641	11251374	-1	1
3L	27220042	27329119	1	1
X	1371775	1371915	1	1
X	8179277	8276312	1	1
3R	17920008	17920473	1	1
2L	9684126	9684761	-1	1
3L	22295474	22340458	-1	1
2L	14040637	14042110	1	1
3L	12137300	12137353	1	1
3L	15493278	15494958	-1	1
X	21374909	21375396	1	1
4	316510	319449	1	1
2R	12269259	12269326	1	1
3R	24258326	24258385	-1	1
2L	8088454	8089357	1	1
2L	1012702	1013316	-1	1
3R	19459635	19460190	1	1
2L	4228124	4228178	1	1
2L	2772451	2781027	-1	1
2L	8492104	8492173	-1	1
2R	16859250	16859313	-1	1
4	41286	42218	-1	1
3L	1496073	1496619	1	1
X	16568277	16586925	1	1
2R	8830578	8830873	-1	1
2R	1072440	1074272	1	1
X	575838	578184	1	1
2R	4788346	4788400	-1	1
2R	12147197	12147335	-1	1
X	12203912	12204139	1	1
3R	30517145	30518275	-1	1
2R	7814790	7814871	-1	1
4	939118	940174	1	1
3R	20440174	20449445	-1	1
2R	5846757	5847026	1	1
X	11622062	11623753	1	1
X	90116	108462	1	1
2R	7547293	7547365	1	1
2L	1837225	1857961	1	1
3R	11400700	11400773	1	1
X	3340605	3343482	1	1
3L	17400540	17401086	-1	1
2L	5272759	5275053	-1	1
3L	9717679	9737433	1	1
2L	11248384	11254762	1	1
3R	17909211	17916281	-1	1
2R	14277685	14298789	1	1
3L	1312029	1312749	-1	1
X	10870742	10870792	-1	1
X	20010624	20011130	-1	1
2L	5177139	5177463	1	1
X	17935285	17935808	-1	1
3L	5360019	5363090	-1	1
X	4698603	4699615	1	1
3R	13759784	13759844	1	1
3R	23984136	23984394	1	1
X	5334473	5395390	1	1
2R	24770413	24771268	-1	1
3R	27236541	27236821	-1	1
2L	3655586	3656708	-1	1
2R	16321514	16321570	-1	1
X	4323590	4324160	1	1
2R	8124550	8124610	-1	1
3L	9508507	9508565	-1	1
X	1046561	1046636	1	1
X	9127114	9133940	-1	1
3L	20315465	20316265	1	1
3L	24537578	24543451	1	1
3R	24064738	24102110	-1	1
2R	13415326	13420249	-1	1
X	21369910	21372719	1	1
4	1188624	1188874	-1	1
3L	16142129	16148408	-1	1
X	7075330	7076997	-1	1
3R	3738672	3750819	-1	1
3L	4824162	4825328	1	1
3L	20817535	20817597	-1	1
2R	8330298	8363245	1	1
X	2637084	2641125	1	1
3L	17634547	17643363	-1	1
2R	8078105	8078418	1	1
4	876455	876517	-1	1
3R	4301182	4301248	1	1
X	5903955	5904157	1	1
2R	7563932	7564115	1	1
3L	1661297	1661394	-1	1
3R	4299809	4301317	1	1
4	469331	471014	1	1
3R	9131418	9157114	-1	1
2R	2257604	2308554	-1	1
X	2951987	2973471	-1	1
3L	7854261	7855247	-1	1
2L	8377173	8377225	1	1
3R	12449600	12456132	1	1
3L	12132977	12133029	1	1
3L	7854412	7855430	-1	1
X	12947545	12950258	1	1
3R	20894480	20894589	-1	1
4	205011	205741	-1	1
X	5414985	5417074	-1	1
3R	11168674	11168894	-1	1
3R	11431339	11431409	-1	1
2R	23911552	23911677	1	1
4	391545	393862	-1	1
3R	15346741	15346794	1	1
2L	12142856	12144711	1	1
X	16455192	16455397	-1	1
4	451490	451902	1	1
2R	24567440	24567492	1	1
3L	17063409	17065356	-1	1
3L	980192	980951	1	1
3L	21270711	21270962	-1	1
3R	23983600	23983670	1	1
2R	14932341	14932402	-1	1
3R	26455718	26456092	-1	1
mitochondrion_genome	12922	13052	-1	1
3L	17068059	17074193	1	1
2R	18118165	18118406	-1	1
3L	21025549	21027178	-1	1
3R	13760027	13760087	1	1
3L	11069137	11069506	-1	1
3L	11069577	11069648	-1	1
X	14256758	14258337	1	1
3R	21303775	21304053	1	1
3L	19136789	19138890	-1	1
X	19196718	19197804	-1	1
3R	18227823	18228567	1	1
3R	8817720	8819168	-1	1
2L	3373692	3373811	-1	1
2R	4547055	4578319	1	1
X	11610414	11610477	-1	1
2L	21392682	21393340	1	1
3L	8272935	8273176	1	1
2R	4599413	4745656	1	1
2R	16325243	16325311	-1	1
2R	18140955	18141488	1	1
2R	7717284	7717743	-1	1
X	15862863	15863097	1	1
X	15760158	15760240	-1	1
X	3762858	3767675	1	1
3R	21309260	21309538	1	1
2R	18182733	18183519	-1	1
4	805301	968819	-1	1
3R	11789022	11789074	1	1
X	13996524	13998095	-1	1
mitochondrion_genome	2868	11410	1	1
3L	17401145	17401195	-1	1
X	16486906	16487883	-1	1
2L	11123258	11123312	-1	1
2R	17220104	17275545	1	1
3R	17807979	17808036	-1	1
3R	8819173	8820258	-1	1
3R	19459526	19459789	1	1
3L	19280390	19280516	-1	1
3L	17951326	18060695	-1	1
2L	8083733	8090915	1	1
3L	18929990	18930065	-1	1
2L	10178478	10179452	-1	1
X	17641007	17641072	-1	1
3R	9734291	9734587	-1	1
2L	1151977	1155013	-1	1
X	14275407	14275468	1	1
3L	17400605	17401197	-1	1
2R	10810192	10810251	-1	1
X	12927256	13096441	1	1
X	9629898	9629963	-1	1
2R	16627093	16627546	-1	1
3R	7270293	7270645	1	1
3R	11372294	11401128	1	1
X	11424455	11428529	1	1
2R	21605837	21606686	-1	1
3L	9684501	9688971	-1	1
3R	16437339	16437793	-1	1
3L	4379597	4380314	-1	1
3L	9957941	9958790	1	1
3L	9958850	9961836	1	1
X	722394	728551	1	1
3R	16579148	16583564	-1	1
3R	11622150	11622207	-1	1
X	5903595	5904232	1	1
2R	21511921	21516127	1	1
2R	24066296	24067972	-1	1
2L	5029811	5030137	1	1
X	1915702	1916542	1	1
3R	9526145	9526214	1	1
3R	21299613	21299699	1	1
Y	132458	200741	1	1
3L	5156205	5156767	-1	1
3R	10766778	10766952	-1	1
3R	25014987	25015041	1	1
2R	10108677	10109649	1	1
mitochondrion_genome	13062	13523	-1	1
2L	8945535	8950978	-1	1
2L	19958765	19959267	1	1
3R	4325490	4325697	1	1
2R	928127	950632	-1	1
3R	23921981	23922697	-1	1
3R	29229578	29230325	1	1
3L	11154820	11155446	1	1
3R	26425020	26425077	-1	1
X	4322681	4323041	1	1
3R	29861935	29862199	1	1
3R	29862247	29863133	1	1
3R	13022436	13022996	1	1
3R	22605571	22606828	1	1
3L	11115581	11115717	-1	1
3R	22483987	22486770	1	1
2R	22797138	22797450	-1	1
X	11817230	11817904	1	1
X	1879559	1879656	-1	1
2R	10117869	10118032	-1	1
3L	2938793	2944154	1	1
3R	17909464	17909585	-1	1
3L	12118627	12118688	1	1
2L	4966683	4967065	-1	1
X	5187420	5250775	1	1
2L	23512960	23513041	1	1
3R	7095516	7095580	-1	1
2L	2143850	2143920	-1	1
3L	17061821	17065221	-1	1
3R	19029948	19030009	-1	1
X	17966971	17967142	-1	1
X	2673104	2673175	-1	1
2L	4828262	4828386	1	1
3L	8187194	8187479	1	1
3R	9723499	9723561	1	1
2L	1012664	1013474	-1	1
2L	21257049	21257103	1	1
2R	11217353	11223699	1	1
2L	16009148	16013953	1	1
3R	23262847	23264659	-1	1
3R	26783888	26783951	-1	1
X	15882592	15883009	-1	1
X	15883036	15883092	-1	1
3R	10582942	10583781	-1	1
2R	15322742	15323449	1	1
3R	21302813	21303088	1	1
3L	23331016	23334364	1	1
2L	8111630	8114637	1	1
X	5365291	5388062	1	1
2R	7957716	7957769	1	1
2R	12055127	12055974	1	1
3R	5181484	5181548	-1	1
3L	9714624	9715747	1	1
3R	15215091	15215335	-1	1
X	11384613	11384800	1	1
X	10478970	10479473	1	1
3L	8577039	8577852	1	1
3L	20769686	20769745	1	1
3R	18167795	18169484	1	1
3R	31597787	31609534	-1	1
2L	5165796	5174719	1	1
2R	12267735	12268300	1	1
2R	13953204	13953503	-1	1
X	10967851	10968123	-1	1
2R	18118308	18118480	-1	1
2L	15063609	15064899	-1	1
X	10752496	10753213	-1	1
4	1035418	1035970	-1	1
3R	31433889	31453311	1	1
3R	25914500	25914559	1	1
3R	20802552	20805950	1	1
X	11800146	11800770	1	1
3L	4097805	4098026	-1	1
2R	16041529	16046526	1	1
3R	9070748	9234555	-1	1
2R	24050298	24050363	1	1
3R	8817678	8819157	-1	1
3R	21819124	21819654	-1	1
3L	20280148	20294761	-1	1
2R	16142295	16142354	1	1
2L	9711635	9714169	-1	1
3R	11388477	11391501	-1	1
X	5518387	5518545	1	1
3R	18716187	18716830	1	1
3L	25610762	25610921	-1	1
2R	12750276	12750338	1	1
3L	7916874	7925992	-1	1
2R	9993939	9994337	-1	1
3R	8822126	8822406	1	1
3R	13154621	13155555	-1	1
3L	1655842	1656190	-1	1
X	17865611	17886884	-1	1
X	10226022	10226515	1	1
3R	24343344	24343471	1	1
3R	14760257	14761562	1	1
2L	1010082	1011612	-1	1
X	5071137	5081486	-1	1
2L	823869	824109	1	1
2R	18971764	18971829	-1	1
X	12947023	12947744	1	1
2R	14768371	14768537	-1	1
3R	31750592	31750771	1	1
3L	19614394	19614524	-1	1
3L	8241538	8248558	1	1
2L	12455838	12456656	-1	1
3R	21302882	21303160	1	1
2L	1011542	1012890	-1	1
3L	13537997	13538366	-1	1
3R	17327367	17331018	-1	1
3L	5156501	5159753	-1	1
X	5903628	5904565	1	1
3L	16842877	16842967	1	1
3L	9154013	9154241	-1	1
X	5380979	5403790	1	1
3R	23233710	23233808	-1	1
3L	23033271	23038012	1	1
X	11901280	11901349	-1	1
2R	2495267	2497019	-1	1
3L	9401607	9401774	-1	1
X	16469031	16476162	-1	1
3R	13643210	13644359	-1	1
X	3481363	3482254	-1	1
3R	10248970	10249064	1	1
3R	11339707	11371313	1	1
3R	21355558	21375060	-1	1
X	4929974	4930033	-1	1
3R	18015500	18016816	1	1
2R	13452027	13452322	1	1
X	11429567	11430091	1	1
3L	5272820	5272908	-1	1
3R	8866026	8867272	-1	1
X	17665531	17668869	1	1
2R	24696332	24698924	-1	1
2R	15189618	15190191	1	1
mitochondrion_genome	867	10775	1	1
X	3859458	3862658	-1	1
3R	23238454	23238809	-1	1
3R	23627461	23635278	1	1
2L	21382053	21390096	1	1
3R	11635631	11635701	-1	1
2R	4761974	4769154	1	1
3L	12515269	12519976	1	1
3R	13761768	13762701	1	1
X	5673541	5795486	1	1
2R	24664684	24664854	1	1
X	8096533	8098675	-1	1
3R	10223855	10224231	-1	1
X	9780631	9781842	1	1
2R	10125470	10137460	1	1
3L	12185702	12186100	-1	1
2R	12627392	12627598	1	1
3L	3087643	3087699	1	1
X	1412923	1413418	1	1
3L	22961304	22962455	1	1
X	15325526	15325587	1	1
3R	12561807	12562733	-1	1
X	5332779	5334023	1	1
X	9188374	9245865	1	1
2R	13843712	13843774	-1	1
X	8100607	8102579	-1	1
3R	30385825	30387539	-1	1
2R	2735127	2736963	1	1
X	12308078	12308152	1	1
2L	3026975	3027038	-1	1
3L	22789967	22792405	-1	1
3L	7353679	7356207	-1	1
3R	5272173	5273563	-1	1
3R	17909478	17915117	-1	1
2L	16984819	16986015	1	1
3R	24343322	24343388	1	1
X	16969295	16970997	-1	1
3R	26980703	26981514	1	1
mitochondrion_genome	13012	13153	-1	1
2L	21710694	21711081	1	1
3L	17100540	17102197	-1	1
3L	9130071	9130547	-1	1
4	99520	102802	1	1
2L	10961743	10962248	-1	1
2R	18131046	18131136	-1	1
2R	18131190	18131282	-1	1
2L	16000626	16041329	1	1
3R	21303037	21313470	1	1
2R	14566011	14579353	1	1
2L	1653158	1653560	1	1
2L	19514860	19514931	1	1
3R	19463682	19464458	1	1
3R	20539917	20539975	-1	1
2L	10847548	10847771	-1	1
2L	16906514	16906577	1	1
3L	5157145	5158498	-1	1
X	11434815	11435383	1	1
3L	5798855	5798961	-1	1
3R	4363643	4365949	1	1
X	4484092	4527182	1	1
3L	17400534	17400937	-1	1
2R	23922328	23922392	1	1
2L	16704704	16704799	-1	1
3L	9146875	9146964	-1	1
X	16561525	16562620	-1	1
X	10914897	10915599	1	1
3L	9145909	9148377	-1	1
2R	8378811	8378942	1	1
3R	4280431	4282674	1	1
3R	27629513	27629570	1	1
X	2012402	2014342	1	1
2L	4323362	4323701	1	1
3L	7841094	7848547	-1	1
3L	10349425	10350315	1	1
X	575967	577913	1	1
X	5792627	5792702	1	1
X	13464461	13593096	1	1
2R	24691502	24691784	-1	1
2R	18340506	18347360	-1	1
2L	2772654	2785293	-1	1
3R	20974685	20975233	1	1
3R	26867096	26868696	1	1
3L	236428	236863	-1	1
3R	22149423	22159972	1	1
3L	12137092	12137142	1	1
3R	22483411	22483764	1	1
3R	17872956	17876874	-1	1
X	12686979	12714578	-1	1
3L	9842664	9843232	-1	1
3R	29738330	29739737	-1	1
X	9354173	9354967	-1	1
X	7899814	7899994	-1	1
3R	20401307	20403013	-1	1
X	2025388	2027126	-1	1
2R	4718647	4718729	-1	1
X	21370875	21370983	1	1
2R	7674825	7674895	1	1
4	1145104	1146463	-1	1
X	23292013	23438914	1	1
3R	27580326	27581994	-1	1
X	1413588	1413839	1	1
3R	21306624	21306901	1	1
4	972139	978207	-1	1
3R	30435262	30436493	-1	1
3L	9646515	9646589	-1	1
3L	12804812	12804960	-1	1
X	7337857	7340304	1	1
2R	19171376	19172179	1	1
X	19768115	19768393	1	1
4	204793	205669	-1	1
3L	12415234	12417480	-1	1
X	15886036	15886535	-1	1
3L	9169584	9170936	-1	1
2R	7885650	7885737	-1	1
2R	12620800	12623095	1	1
3L	1650853	1650913	1	1
3R	18799417	18805468	-1	1
2L	7063390	7063542	1	1
3R	10613509	10613747	-1	1
3R	17675534	17676087	-1	1
X	17943935	17951718	-1	1
mitochondrion_genome	2670	2729	1	1
3L	9108192	9112162	-1	1
2L	7827872	7832429	1	1
2L	2058126	2096185	1	1
X	9110562	9110822	1	1
X	12291846	12295190	1	1
X	2041387	2041461	-1	1
X	93113	111959	-1	1
2L	9809403	9815803	1	1
2R	5805455	5846593	1	1
2L	2868879	2874158	-1	1
2L	6073174	6073237	1	1
3R	31216785	31217119	-1	1
3R	18702624	18705277	1	1
X	1015350	1015469	-1	1
X	11429921	11465924	1	1
X	11795785	11800825	1	1
3R	13637899	13640327	-1	1
3R	9358459	9359248	1	1
3L	19567013	19568427	-1	1
2R	21129441	21129504	1	1
3L	2873374	2877232	-1	1
2R	6625729	6625838	-1	1
3L	9409433	9409520	-1	1
3R	23983896	23984414	1	1
3L	21539961	21540538	1	1
2L	20072734	20073639	1	1
2R	13228444	13229155	-1	1
2R	2832952	2849752	1	1
2R	25268625	25275137	-1	1
2L	7796877	7798526	-1	1
3L	14220386	14225431	1	1
2R	21129426	21129487	1	1
3L	9049318	9057543	-1	1
3R	10785632	10786266	1	1
X	13734739	13735942	-1	1
3R	12301086	12301683	1	1
2L	1012328	1013251	-1	1
4	783938	786192	-1	1
3L	5679598	5685533	1	1
3L	2895095	2897244	1	1
X	13784260	13785780	1	1
3R	29103351	29108801	1	1
X	5334183	5334350	1	1
X	16463498	16475898	-1	1
2R	4322628	4458023	-1	1
2L	20856357	20856418	1	1
2L	5011731	5011949	1	1
2L	21380362	21382065	1	1
2L	9910227	9910286	-1	1
2R	12274030	12278772	1	1
3L	15995846	16003899	-1	1
3L	5158779	5168107	-1	1
2R	21605829	21606049	-1	1
X	8174215	8174547	-1	1
X	8174568	8174823	-1	1
2L	5164630	5205386	1	1
X	23241161	23242889	1	1
2L	16250230	16264611	-1	1
3R	20896112	20897225	-1	1
mitochondrion_genome	5896	19060	1	1
3L	3901771	3902527	-1	1
3R	24946640	24946884	1	1
X	16626795	16626861	-1	1
2R	22628558	22631514	1	1
X	3949173	3949522	-1	1
2L	9177524	9245820	1	1
3L	19994344	19994551	1	1
2L	5184717	5205373	1	1
X	3859554	3862140	-1	1
X	11562458	11562519	1	1
2L	2772441	2780775	-1	1
X	17926396	17929005	-1	1
3L	1884249	1884323	-1	1
X	1044211	1044268	1	1
3R	22080713	22081807	1	1
2R	6085032	6085086	1	1
X	15945241	15945594	1	1
X	15870489	15871361	1	1
X	9555211	9586165	1	1
2L	3175376	3185328	-1	1
3R	7294452	7295704	-1	1
2L	13991714	13992937	-1	1
2L	21174262	21174779	-1	1
3R	21302855	21303133	1	1
3L	9154689	9169240	-1	1
2L	18599924	18600019	-1	1
3R	27243764	27243823	-1	1
3L	7827229	7827968	-1	1
2L	10841826	10847794	-1	1
X	9184962	9186619	1	1
3R	8391401	8392002	-1	1
3R	19095615	19095958	1	1
2R	19518864	19522174	-1	1
X	3955186	3955290	1	1
3L	5748467	5749297	1	1
2L	17410776	17413076	1	1
2R	14616762	14616843	-1	1
3R	24343443	24343514	1	1
2R	5148435	5148493	1	1
3L	12517060	12517428	1	1
X	15299219	15318803	1	1
X	12230074	12272305	1	1
mitochondrion_genome	5115	13921	1	1
3L	2945609	2957613	1	1
2L	10314006	10314064	-1	1
3R	25335529	25335603	1	1
2L	4773558	4793638	-1	1
3L	7812256	7815553	-1	1
2R	5641937	5643662	-1	1
3R	17479893	17480211	-1	1
2R	8824077	8825907	1	1
2L	13954858	13955265	1	1
3R	17654675	17660647	1	1
mitochondrion_genome	5967	13099	-1	1
X	16839226	16839717	-1	1
3R	4297595	4301439	1	1
2L	20175058	20175704	-1	1
3R	12856363	12856457	1	1
2R	2083180	2233164	-1	1
3R	24521321	24522237	1	1
2L	13828349	13829375	-1	1
X	1872907	1872973	-1	1
2L	6911853	6911949	-1	1
X	5792621	5792762	1	1
3R	24104970	24105136	-1	1
X	15200600	15200658	-1	1
4	310806	313007	-1	1
2R	23878959	23879624	1	1
2L	12817345	12817620	-1	1
X	5904111	5904655	1	1
X	11831122	11831332	1	1
3R	2462970	2463139	1	1
2L	1152042	1153623	-1	1
2R	20255572	20255628	-1	1
2L	1010052	1011554	-1	1
3L	17400534	17401238	-1	1
X	19614952	19615024	1	1
X	18135340	18136442	-1	1
2R	23676478	23676806	1	1
X	1624708	1635832	1	1
2R	7968424	7968574	-1	1
3R	7269853	7270566	1	1
3L	10302065	10304409	-1	1
3R	28840826	28844560	-1	1
3L	15830756	15831016	1	1
3R	12467777	12477469	-1	1
3L	12504653	12504719	1	1
4	275985	276291	-1	1
X	16459598	16463991	-1	1
3L	1575493	1575610	1	1
3R	5595483	5597006	-1	1
3R	11393582	11402971	1	1
2R	7832571	7833677	1	1
3R	21303607	21308418	1	1
3L	13798506	13803079	-1	1
3R	30450234	30453067	-1	1
4	1128544	1129435	1	1
3R	13383943	13384893	1	1
X	6870308	6880638	1	1
3R	17795640	17795701	1	1
X	3935180	3935260	-1	1
2R	5339844	5340284	-1	1
3R	21306640	21307474	1	1
X	5086136	5089342	1	1
3R	15957177	15957311	1	1
2R	1995362	1995419	-1	1
X	3891754	3891806	-1	1
3R	22469608	22474015	1	1
X	11817297	11831188	1	1
3R	29928122	29928181	1	1
3R	23984095	23984359	1	1
3R	21819767	21820647	-1	1
3L	8441719	8442207	-1	1
3L	436614	436674	-1	1
4	1010099	1011639	-1	1
2R	25269031	25269226	1	1
X	15401014	15401262	-1	1
2R	13914338	13945676	-1	1
3R	27565398	27566506	-1	1
2L	1725121	1725175	-1	1
2L	9796797	9807424	-1	1
2R	20560754	20560814	-1	1
2R	17688683	17690825	1	1
2L	16172837	16172981	1	1
3R	25054540	25054607	-1	1
3R	18909431	18910248	1	1
3R	24104963	24105128	-1	1
3R	20330335	20330798	1	1
X	18130442	18132154	-1	1
2R	10515023	10532707	-1	1
2R	9521283	9522111	1	1
X	13655455	13657702	1	1
2R	23070889	23070965	1	1
3L	5739017	5739106	-1	1
2R	13330955	13336952	-1	1
2R	25012178	25012633	1	1
X	17962252	17966623	-1	1
2L	13483547	13483810	1	1
3R	9418203	9419704	1	1
3R	9418139	9451039	1	1
2R	9291941	9292008	1	1
X	10235986	10237128	-1	1
X	18864203	18880179	1	1
X	531877	575497	1	1
2L	17809403	17810823	-1	1
3R	31177509	31178203	1	1
mitochondrion_genome	13651	13864	-1	1
3R	4786384	4801542	-1	1
X	23282588	23432318	-1	1
X	4364844	4364932	1	1
2L	8030840	8032060	1	1
X	18936770	18953526	1	1
3R	31060465	31061077	-1	1
3R	8243165	8243222	-1	1
2R	12259459	12260004	1	1
3L	14540145	14540375	1	1
2L	18599949	18600252	-1	1
X	11928159	11928233	-1	1
3L	5674722	5674790	1	1
2L	5984947	5985046	1	1
2R	10094747	10095065	1	1
2R	25091724	25094282	-1	1
2L	5166022	5173748	1	1
2L	5725229	5741470	1	1
3R	4086375	4086518	1	1
2R	8066759	8067126	-1	1
X	9071439	9071572	-1	1
3R	11395880	11401160	1	1
X	2115144	2115372	1	1
X	10782301	10782380	1	1
3L	17061906	17063351	-1	1
2R	22801802	22802044	1	1
X	18648457	18648516	1	1
3R	4295701	4299790	1	1
2R	16925038	16925673	1	1
2R	8474112	8516240	-1	1
3R	15150469	15151868	1	1
3R	22352876	22355692	1	1
2L	12489894	12490250	-1	1
3R	9081023	9213760	-1	1
3R	23260042	23260102	1	1
3R	23260162	23260221	1	1
2L	5985273	5985327	1	1
X	8049395	8051043	-1	1
2R	2892774	2964873	1	1
3R	9538225	9542852	-1	1
2R	16140574	16140634	1	1
3R	25918602	25918672	1	1
2L	7405294	7408917	-1	1
3R	20964001	20975086	1	1
2R	17898380	17901708	1	1
3L	17823746	17824153	1	1
3R	9488716	9492213	-1	1
3L	8055366	8055979	1	1
3R	25111058	25111109	-1	1
3R	15266371	15266577	1	1
3R	11224258	11224779	1	1
X	14342065	14349607	-1	1
3L	9653604	9653723	1	1
2L	15093037	15093419	1	1
3R	16339316	16341911	-1	1
X	9337238	9337698	-1	1
3R	24067710	24102044	-1	1
3L	5424288	5442478	1	1
3R	22545471	22545685	-1	1
X	11712367	11712769	-1	1
2R	16500206	16504210	1	1
2R	10112959	10113016	1	1
2L	4309299	4310336	1	1
4	181971	182035	1	1
3L	17068059	17072553	-1	1
2R	24190964	24191027	1	1
3L	2942988	2943335	1	1
2R	15489899	15496967	-1	1
2R	10024448	10025604	-1	1
2L	10432801	10444818	1	1
2L	9682488	9683302	-1	1
2L	4840642	4840695	1	1
2R	10095569	10096165	1	1
2R	16399422	16420281	1	1
2R	8011312	8011401	-1	1
2L	6677958	6679594	-1	1
3L	21078636	21078708	-1	1
2R	10722263	10722831	-1	1
3R	5322746	5336570	-1	1
3L	23019613	23020656	1	1
2R	16894700	16895171	-1	1
2L	20926865	20926921	-1	1
2R	18384081	18384150	1	1
2R	15453798	15456435	1	1
2L	94893	94989	1	1
3R	23963467	23965624	1	1
2R	23991231	23991809	1	1
2R	22881921	22882402	1	1
2L	10409358	10409442	1	1
2R	10024436	10025829	-1	1
3R	28321280	28321373	-1	1
3R	23983919	23984290	1	1
X	14839723	14840261	1	1
3R	21817451	21817818	-1	1
X	8531773	8553897	1	1
2R	13831338	13833480	1	1
3R	4744666	4748791	-1	1
X	4698652	4701949	1	1
3L	3993125	3993746	1	1
2R	14496341	14496407	1	1
2L	9787488	9789675	-1	1
3L	10506526	10590533	1	1
2L	1012622	1047938	-1	1
2L	10233830	10234293	1	1
mitochondrion_genome	13030	13415	-1	1
3L	8414283	8414345	1	1
X	18886640	18887505	1	1
3R	23980002	23980126	1	1
2L	10918167	10918856	-1	1
2R	19456976	19459795	-1	1
3R	22543999	22544052	-1	1
3R	21324566	21324887	1	1
X	11817302	11827938	1	1
X	19851154	19851853	-1	1
2L	4314616	4318594	1	1
mitochondrion_genome	12950	13174	-1	1
2L	21172399	21172460	1	1
2L	210823	214273	-1	1
3R	11401443	11406903	1	1
X	17661116	17668957	1	1
3R	4297790	4301328	1	1
X	3176686	3189222	1	1
2L	16168793	16169342	1	1
2R	15858011	15859211	-1	1
X	6104245	6104487	-1	1
3L	13466889	13466944	-1	1
3L	20005490	20006519	1	1
X	21693000	21747381	-1	1
2R	13502092	13502760	-1	1
4	369965	370049	1	1
X	21037922	21038887	1	1
X	13050411	13059208	1	1
3R	23983579	23983670	1	1
3L	5158541	5276319	-1	1
3L	15162838	15162987	-1	1
3R	24156373	24156434	-1	1
3R	13385100	13385158	1	1
X	5229567	5272355	1	1
3R	27109305	27109451	-1	1
3R	18248426	18250065	1	1
3R	23268295	23268384	-1	1
2R	17275551	17378555	1	1
3R	21785978	21805066	-1	1
2L	21578530	21578731	-1	1
3R	17152687	17153012	1	1
3R	9719398	9719477	-1	1
2R	16924791	16925619	1	1
2L	19586902	19613184	1	1
X	9110189	9110618	1	1
X	22445043	22445128	1	1
2L	10848469	10848544	1	1
4	174969	178778	-1	1
3L	20192300	20197482	-1	1
4	210681	212628	1	1
3R	24065619	24105445	-1	1
2R	14630332	14630388	1	1
3R	27156395	27157324	1	1
3L	1586905	1600106	1	1
X	1929712	1929773	1	1
3L	15904651	15904707	-1	1
X	479510	479630	1	1
2R	7832897	7833482	1	1
3R	21308270	21308461	1	1
3R	23965838	23982293	1	1
3R	30435466	30436218	-1	1
3L	4590588	4590638	1	1
2R	9537198	9538092	1	1
2L	13354782	13354863	-1	1
3R	18931362	18976138	1	1
3R	10891040	10891094	-1	1
2R	21208828	21209470	1	1
3L	360690	360749	-1	1
3R	31670765	31672136	-1	1
3L	3813054	3813117	1	1
2R	2770337	2844677	1	1
X	5792678	5794358	1	1
2R	14744193	14745198	-1	1
2R	10613871	10613943	-1	1
3L	7045356	7046334	1	1
2R	24905190	24905247	-1	1
2L	9554269	9555284	-1	1
X	6232452	6234826	1	1
2L	5177787	5179731	1	1
3L	5156226	5272407	-1	1
3R	7691631	7691713	1	1
3L	8470380	8470431	1	1
3L	2634006	2637068	1	1
2L	9682486	9684014	-1	1
X	3935357	3935730	-1	1
3L	10182541	10186023	-1	1
3L	9179196	9181790	-1	1
3L	7375347	7375405	-1	1
3R	14574483	14574548	-1	1
X	13704023	13706148	1	1
4	446464	446676	1	1
3L	9730641	9730733	-1	1
X	23282096	23456041	-1	1
3L	7686625	7686854	-1	1
2L	7568974	7576245	-1	1
3L	13228730	13278435	1	1
2L	9805496	9815072	-1	1
X	18879340	18880185	1	1
4	1233636	1241459	1	1
3R	23984135	23984446	1	1
X	15989301	15989384	-1	1
2L	5548351	5548584	1	1
2L	12435424	12437813	1	1
3R	18011361	18013413	1	1
2L	16079937	16080001	1	1
X	12942602	12945462	1	1
3L	18617512	18617611	-1	1
2L	6324119	6325173	1	1
2R	21223983	21234325	1	1
3R	9441289	9450890	1	1
3R	8562887	8562943	1	1
X	14214711	14217351	1	1
3L	20810929	20810989	1	1
3R	22609084	22609146	-1	1
3R	11785414	11785483	-1	1
2L	10413220	10413325	-1	1
2L	20810374	20813156	1	1
2L	6923906	6927171	1	1
2R	13422726	13425513	-1	1
2R	17798146	17841612	1	1
X	21693668	21704673	-1	1
X	1041540	1045939	1	1
3R	21303109	21307411	1	1
3R	21307501	21313983	1	1
Y	124468	200813	1	1
3L	4430119	4432969	1	1
2R	8107036	8113567	1	1
3R	14265555	14265624	-1	1
3R	6003099	6003673	-1	1
4	211823	212628	1	1
3R	29037151	29037598	-1	1
2R	18445500	18445552	-1	1
3R	21303850	21304128	1	1
2R	23708488	23708635	1	1
3R	21015441	21015595	1	1
2L	18536991	18537166	1	1
3L	9698690	9699950	1	1
X	22995789	22996057	-1	1
2L	5524848	5525615	1	1
3L	19814251	19814307	-1	1
X	12868410	12869470	-1	1
3L	24297777	24299102	1	1
2R	5234777	5241896	-1	1
2L	15092642	15093419	1	1
2L	9717688	9743298	-1	1
3L	24210139	24253793	-1	1
X	17870423	17870486	-1	1
3R	18419447	18421298	-1	1
3L	8564096	8564157	1	1
X	6191529	6192464	-1	1
2R	24097019	24097072	-1	1
X	12654122	12657372	1	1
3L	7667549	7679996	-1	1
X	8275502	8275746	1	1
3L	19994693	19995747	1	1
X	14460413	14502974	1	1
3L	3907968	3908117	-1	1
3R	21777166	21777230	1	1
3R	19761351	19761584	1	1
X	6672118	6673898	-1	1
3L	23031129	23031454	1	1
3L	25969272	25969437	-1	1
3L	22960969	22961534	1	1
3L	17400410	17401224	-1	1
X	15886216	15887013	-1	1
X	3289662	3289858	1	1
3R	21156412	21157438	1	1
2R	9351491	9351542	-1	1
X	3891768	3894075	-1	1
3R	7639255	7639411	-1	1
X	7665922	7666005	1	1
X	16469069	16472755	-1	1
X	5165594	5174897	1	1
3R	13398969	13399073	-1	1
2L	21380479	21381081	1	1
X	7608624	7608830	1	1
3R	9268886	9268942	1	1
2R	2428342	2433859	-1	1
2R	13991367	14059033	1	1
X	3246686	3293600	1	1
3R	21188112	21188171	1	1
3R	11393668	11394010	1	1
3L	5909546	5909709	1	1
3R	25988617	25993433	1	1
3L	2820692	2872659	-1	1
X	19525827	19526510	1	1
2R	23846636	23846773	1	1
3L	14753472	14753631	1	1
3R	17944601	17947092	1	1
3R	14277543	14279093	-1	1
3L	18753444	18754314	-1	1
3R	7071862	7071916	1	1
3L	197290	197348	-1	1
X	16069498	16069564	1	1
3L	4003965	4004136	1	1
2L	20690457	20713599	-1	1
3L	3071582	3073081	1	1
3L	1863171	1863402	-1	1
3L	18600577	18600639	-1	1
2R	12687080	12687597	1	1
3L	27153597	27156010	1	1
3R	24401350	24401409	-1	1
X	8874069	8898184	-1	1
2R	13004384	13005765	1	1
X	5517845	5518044	1	1
2R	8475945	8476476	-1	1
2R	12274532	12278452	1	1
X	13069553	13069645	1	1
3R	9592186	9621519	1	1
3R	24001126	24003416	-1	1
3R	25125640	25145555	1	1
3L	21773556	21773677	1	1
X	2182711	2182780	1	1
X	13985310	13985411	-1	1
3R	744237	745471	-1	1
4	118780	118838	-1	1
2R	326940	348382	1	1
X	17397560	17422444	-1	1
3L	6949618	6981584	-1	1
3R	18718309	18718864	1	1
3L	12505478	12505607	1	1
3L	16405026	16405097	-1	1
3L	9146014	9177386	-1	1
X	12679711	12744523	-1	1
X	4658428	4666563	-1	1
3L	9799173	9808531	1	1
X	12919127	12924149	1	1
X	17661130	17668971	1	1
3R	30309249	30342559	1	1
X	13746694	13754880	-1	1
3L	925232	932604	1	1
3L	6198328	6198521	1	1
2R	9573701	9573787	-1	1
2L	5985298	5985535	1	1
3R	14329276	14329639	1	1
3R	5569783	5569842	1	1
2L	3762565	3762618	1	1
X	11944353	11949868	-1	1
mitochondrion_genome	14610	14755	-1	1
3L	13867578	13868928	-1	1
3L	17804986	17806052	-1	1
X	5251615	5254554	1	1
2R	21144909	21145617	1	1
3R	31768162	31770283	1	1
2L	1653354	1653423	1	1
3L	17401030	17401097	-1	1
3R	24104948	24105475	-1	1
3R	23983961	23984271	1	1
X	9573118	9573185	-1	1
2R	16624236	16624331	1	1
X	12731821	12743987	-1	1
2L	2782840	2783041	1	1
X	18352746	18354814	-1	1
X	16389878	16389946	-1	1
3L	12206267	12220690	-1	1
3R	4281916	4282674	1	1
3L	11709436	11709499	1	1
X	16796194	16796305	1	1
2L	2756165	2756245	1	1
3L	21183361	21184032	-1	1
2R	24766084	24766150	1	1
X	13867067	13985352	-1	1
2L	6203319	6203411	1	1
3R	18714703	18714775	1	1
2R	17216822	17275584	1	1
2R	16763341	16764138	-1	1
3L	20833087	20835931	1	1
3R	12403525	12404619	-1	1
2R	21333847	21334374	1	1
X	3779861	3845828	1	1
X	17553324	17560829	-1	1
3L	9865399	9866314	1	1
3L	3210655	3210713	1	1
X	12204365	12229666	1	1
2R	19448747	19451433	-1	1
2R	5295061	5295116	1	1
2L	9797002	9818537	-1	1
3R	17716935	17718247	-1	1
X	9166329	9177165	1	1
3R	4402748	4402808	-1	1
X	686873	691382	1	1
3R	31837182	31837770	1	1
3R	31739710	31739777	1	1
3L	5651401	5747497	1	1
2R	3514829	3517264	1	1
3R	6443226	6443439	1	1
X	9165924	9179378	1	1
3R	11245494	11246270	1	1
2R	22372346	22372777	-1	1
X	18167834	18200655	1	1
3R	12705982	12706048	-1	1
3R	20806073	20808155	1	1
2L	20687067	20687250	-1	1
X	2091451	2091518	1	1
3L	7706380	7706461	-1	1
X	5834481	5836041	1	1
3L	1655152	1655254	-1	1
3L	1618618	1620428	1	1
2R	8237900	8240260	1	1
X	2020977	2022459	1	1
X	23281195	23433764	-1	1
3L	9049080	9050325	-1	1
3R	11334963	11395988	1	1
3R	6188173	6195020	1	1
2L	2756384	2757335	1	1
4	369745	369810	1	1
2L	829972	830145	1	1
3R	15866988	15867300	1	1
2R	10204122	10205560	-1	1
3R	11787949	11788022	1	1
X	9184950	9186826	1	1
2L	4295393	4314342	1	1
3R	19898195	19898253	1	1
X	10255477	10257906	-1	1
2R	6010769	6010932	1	1
2L	6123231	6124317	1	1
3R	22477161	22479710	1	1
3R	31848796	31850695	-1	1
X	5793992	5794273	1	1
3R	16275066	16301989	1	1
3R	21302519	21302881	1	1
X	14996511	14996634	1	1
X	11232726	11236629	-1	1
3L	7930746	7931232	-1	1
2L	1012738	1013301	-1	1
3R	22688401	22688453	-1	1
X	18390335	18405642	1	1
3R	14006377	14026878	-1	1
4	471492	472485	-1	1
3L	27281543	27364366	1	1
X	11763824	11763906	-1	1
2R	9045057	9045268	-1	1
2L	10343487	10343956	-1	1
3R	8818998	8820248	-1	1
3R	27938919	27938977	1	1
2L	4882493	4882889	1	1
3L	5676949	5703925	1	1
3L	5749277	5749374	1	1
3L	5576942	5577151	-1	1
3R	29724440	29724496	-1	1
2R	19557648	19557750	-1	1
3R	22657080	22658021	1	1
2L	7976823	7984127	-1	1
3R	5575926	5577036	1	1
2R	4462370	4469459	-1	1
2L	6179627	6209133	1	1
3L	9130079	9130330	-1	1
2L	10388308	10392177	1	1
3R	9487204	9489898	-1	1
X	14227951	14228188	-1	1
3L	9154243	9154889	-1	1
2R	21433796	21437016	-1	1
3R	26916153	26920628	1	1
3L	4090503	4090964	1	1
X	19344151	19344905	-1	1
3R	4243060	4243122	-1	1
3R	11335714	11392933	1	1
X	5338750	5339948	-1	1
2L	21097543	21098584	1	1
3R	16447135	16450148	-1	1
Y	132458	200736	1	1
2L	2323792	2357863	1	1
X	5756062	5758795	1	1
X	12686836	12686986	-1	1
2R	24905178	24905247	1	1
3L	16787832	16788096	-1	1
2L	7883829	7883911	-1	1
2R	15425646	15451589	1	1
2R	17798145	17847125	1	1
3R	13133094	13155509	-1	1
3L	25984020	25989269	-1	1
2R	24608085	24608143	1	1
3R	9214266	9217987	-1	1
2R	13046923	13049325	-1	1
X	13063538	13078876	1	1
2L	4970785	4971083	-1	1
2L	9437814	9463112	1	1
3L	21609650	21609719	1	1
2R	9351194	9351441	-1	1
3L	282659	286598	1	1
3R	15986788	15993120	1	1
X	13309046	13335776	-1	1
3R	13450929	13452218	1	1
X	15863166	15863804	1	1
X	2015061	2022589	1	1
3L	3924623	3925323	-1	1
X	9626433	9627326	-1	1
2R	7241341	7243218	1	1
2R	15727927	15732068	1	1
X	4332841	4348866	1	1
X	2269705	2270408	-1	1
X	5378522	5378630	1	1
3R	29202315	29202382	-1	1
2R	21921593	21929402	1	1
2L	13501125	13503596	-1	1
2R	13415241	13421594	-1	1
3R	9838731	9838987	1	1
3R	27924644	27924734	1	1
3R	11230315	11230368	-1	1
3R	13122047	13154611	-1	1
2L	18449923	18452798	-1	1
3R	21115433	21116000	1	1
X	5015527	5072308	-1	1
3R	21309081	21309914	1	1
2L	15552815	15554510	1	1
3L	11604543	11605310	1	1
3L	18800755	18801155	-1	1
2R	14163360	14164329	-1	1
3L	17401127	17401197	-1	1
X	5087715	5089342	1	1
2L	10733709	10733773	-1	1
3L	6792599	6793512	1	1
3R	27603488	27606769	-1	1
X	9172973	9177914	1	1
3R	11335563	11400824	1	1
4	926662	929822	1	1
3R	9551869	9552023	1	1
2R	7042688	7043846	1	1
3R	222032	377228	1	1
X	21305744	21306335	1	1
2L	6612641	6612781	1	1
2R	12673340	12673899	-1	1
2R	12673929	12676125	-1	1
3R	6411217	6423401	1	1
X	4120629	4120853	1	1
X	9165889	9177031	1	1
3R	16282180	16302644	1	1
3L	8351860	8352203	1	1
3L	12830649	12830737	-1	1
3R	15363316	15363377	-1	1
2L	16168649	16169393	1	1
2R	9289176	9290078	-1	1
3L	5666037	5667822	1	1
3R	9418001	9432514	1	1
2L	6569590	6570143	-1	1
3L	3376948	3376999	1	1
3L	3825607	3825695	1	1
2R	4595373	4608882	1	1
X	11429814	11429985	1	1
2R	9110870	9111357	1	1
3R	23963465	23965622	1	1
2R	24158921	24158974	-1	1
2R	8868123	8868182	1	1
3L	2944379	2959135	1	1
3L	13880608	13882672	-1	1
3R	18800956	18848911	-1	1
X	13935244	13935644	-1	1
2L	4460134	4460204	-1	1
4	446232	447101	1	1
2R	18278460	18279166	-1	1
2L	2756379	2757160	1	1
3L	9177751	9178350	-1	1
3L	17400508	17401097	-1	1
3R	29913603	29914194	1	1
3R	4466844	4467294	-1	1
2R	10820220	10820282	1	1
2R	4561688	4562845	1	1
2R	19456459	19456875	1	1
X	17932654	17949831	-1	1
3R	11880083	11880721	-1	1
2R	14946338	14948070	-1	1
2R	8963539	8963590	-1	1
2L	2747166	2747529	-1	1
2L	4228294	4228376	1	1
2R	10024528	10025829	-1	1
3R	14279542	14280746	-1	1
2R	15119372	15127800	1	1
3L	6742050	6743026	-1	1
3L	21544269	21544326	-1	1
3L	5743043	5749371	1	1
2R	12167162	12167501	-1	1
2R	23910841	23911391	1	1
2L	21214648	21220260	-1	1
2R	10101098	10108223	1	1
2L	21382104	21390172	1	1
3R	18959550	18977289	1	1
X	13381653	13382495	-1	1
X	12569193	12572046	-1	1
2L	18080087	18080147	1	1
4	1243951	1244018	1	1
3L	6763172	6952671	-1	1
2L	2232189	2232257	-1	1
3L	3839965	3840289	1	1
X	5251502	5254577	1	1
3R	24031032	24031333	-1	1
3R	7906098	7906181	-1	1
3R	31600604	31600674	1	1
3L	25792431	25808737	-1	1
3R	27437168	27593017	1	1
3R	10244058	10250692	1	1
2R	13993527	13993627	-1	1
2L	12517186	12536275	-1	1
X	3656818	3662160	1	1
2R	8729815	8730302	-1	1
2L	21705603	21710278	1	1
2R	25269328	25269408	1	1
X	20011565	20026705	-1	1
X	11579156	11579349	1	1
2R	9272708	9274649	-1	1
2R	6152551	6156158	-1	1
3L	4035328	4035385	1	1
2R	20310184	20310250	-1	1
3R	24687906	24691460	1	1
X	13269959	13270247	-1	1
2L	5166079	5166986	1	1
3R	18217593	18217652	1	1
X	9684152	9685550	-1	1
X	12919126	12924140	1	1
3R	12856188	12856243	-1	1
2R	18166988	18167045	-1	1
3L	20315469	20316275	1	1
2R	10433466	10433542	1	1
3L	17063477	17235916	-1	1
3L	19608669	19608732	-1	1
X	15083042	15083257	1	1
3L	27293161	27332050	1	1
3L	4219346	4222191	1	1
3R	14557723	14558161	-1	1
X	16455767	16463610	-1	1
2L	4455739	4456114	-1	1
2L	5988517	5988584	1	1
3R	10589297	10613381	-1	1
2L	11803665	11803785	-1	1
X	5794356	5794454	1	1
X	574879	574942	1	1
3R	21308107	21308386	1	1
X	20062204	20062320	-1	1
3R	20481631	20484054	-1	1
3R	18355934	18360623	-1	1
3L	25237226	25303603	-1	1
X	11145865	11145943	-1	1
2L	9291821	9295347	1	1
2L	2493297	2495374	1	1
X	10075071	10075144	1	1
3R	21804961	21807599	-1	1
2R	14563086	14563259	1	1
2L	13419618	13420132	1	1
2L	15645525	15647146	-1	1
4	925687	925768	-1	1
3L	8248836	8281569	1	1
3L	14072262	14072382	1	1
3L	5573830	5574940	1	1
3L	5574967	5576838	1	1
2L	6798356	6798477	1	1
3L	5156479	5158131	-1	1
2R	9351174	9351464	-1	1
2L	1856996	1858322	1	1
3R	20009959	20011492	1	1
3L	9177957	9181809	-1	1
2L	7991260	7991358	-1	1
2R	9654931	9655297	-1	1
3L	8647903	8647970	-1	1
X	1832060	1843692	1	1
2L	1856955	1858151	1	1
2L	1180450	1180513	1	1
X	5883997	5884216	-1	1
2R	23958220	23958332	1	1
X	17149068	17150435	1	1
4	85729	94843	1	1
3R	26183965	26184045	1	1
X	8097543	8097613	-1	1
4	1050863	1051429	-1	1
3R	8794092	8796705	-1	1
4	680835	680935	1	1
2R	17797264	17797328	1	1
3R	9449409	9478766	1	1
2R	23946772	23946839	1	1
2L	9870521	9877102	1	1
3R	2462958	2463127	1	1
2R	24050730	24050792	1	1
X	8178839	8179214	1	1
2R	6607979	6608030	-1	1
3L	13664187	13666015	-1	1
2L	1012161	1013301	-1	1
2R	10515014	10532707	-1	1
2L	7831646	7832444	1	1
3R	17900611	17904164	-1	1
X	10781036	10781588	-1	1
Y	124395	200758	1	1
X	1216692	1234108	-1	1
3L	13867566	13868919	-1	1
2L	21673963	21675620	-1	1
3L	23663417	23710456	-1	1
X	22540489	22540760	1	1
3R	9714921	9715290	-1	1
4	1192765	1196199	-1	1
3L	19891449	19897836	-1	1
3R	24820462	24820690	1	1
3L	6934367	6934486	1	1
3L	1668222	1668596	-1	1
3L	5811919	5812065	1	1
2R	14237505	14237575	-1	1
2R	9400086	9400267	-1	1
3R	22515175	22516623	1	1
2L	6774299	6778217	1	1
3R	4440324	4440393	1	1
2L	1012319	1012516	-1	1
3R	4301132	4301256	1	1
3L	15575490	15575554	1	1
2L	7195491	7196578	-1	1
3L	3738637	3758407	-1	1
2L	21129083	21130005	1	1
3R	16261927	16261991	-1	1
X	10235547	10237326	-1	1
3L	6083354	6087217	1	1
2R	19408594	19409620	-1	1
3R	21783566	21805005	-1	1
2L	14345506	14345590	1	1
3L	951134	967248	1	1
X	16455712	16483266	-1	1
X	10259489	10260784	-1	1
3R	21309140	21309696	1	1
2R	22797175	22797526	-1	1
2R	15278044	15278130	-1	1
3L	22717081	22717194	-1	1
X	16459579	16459745	-1	1
3R	13013137	13023840	1	1
3R	21308087	21308351	1	1
3L	5746687	5747751	1	1
3R	4415887	4418566	-1	1
2R	2085859	2157948	1	1
3R	21307517	21307795	1	1
2L	1012617	1046997	-1	1
2L	22166988	22167050	-1	1
3R	28519989	28520051	-1	1
3R	21299908	21303600	1	1
3R	20894505	20894571	-1	1
3R	21310141	21313659	1	1
3L	13867443	13870938	-1	1
3L	10580330	10581842	1	1
3L	4419664	4419991	1	1
X	6251992	6252415	1	1
2R	24698892	24726954	-1	1
X	17729398	17732033	1	1
3R	11397540	11407514	1	1
X	76128	85304	1	1
3L	9178014	9178290	-1	1
X	10712205	10712314	-1	1
3R	25891903	25892932	1	1
3L	7831828	7832856	-1	1
3L	19551308	19551365	-1	1
X	6531192	6532085	-1	1
2L	9294481	9295212	1	1
2R	5657301	5657358	1	1
3L	21215113	21215373	1	1
2R	23878714	23880637	1	1
2L	6054555	6059392	1	1
2R	12851745	12856133	-1	1
3L	4320962	4321065	1	1
X	16251056	16317875	-1	1
3R	9544748	9546798	-1	1
3L	15830459	15830579	1	1
4	1007500	1009958	-1	1
3R	7872583	7885854	-1	1
3R	19459728	19459785	1	1
2R	394457	395216	1	1
3L	3942954	3943347	1	1
3R	20974157	20975933	1	1
2L	2756345	2770924	1	1
2R	10524771	10528171	-1	1
2L	3039204	3039268	-1	1
3L	12518225	12518438	1	1
X	13852670	13985833	-1	1
2L	9127467	9134820	1	1
X	10728087	10737209	-1	1
3R	22517046	22517156	1	1
X	20775563	20776094	-1	1
2R	12273926	12274897	1	1
3L	5766471	5766919	1	1
X	11622186	11622313	1	1
X	13967807	13985839	-1	1
3R	12095409	12096288	1	1
2R	23944904	23944960	-1	1
3R	21307512	21307790	1	1
3R	21300346	21303204	1	1
2L	2359419	2359943	-1	1
2R	8118852	8118914	-1	1
3L	9781111	9785736	1	1
2L	13376976	13377039	-1	1
3L	21423678	21424113	1	1
3R	18908752	18910266	1	1
3L	1882326	1882471	-1	1
2R	21087045	21088053	1	1
3L	6951203	6951267	1	1
X	10781322	10782647	-1	1
X	10782681	10786806	-1	1
2L	4828064	4828798	1	1
3L	9499215	9505132	-1	1
2R	13841892	13842772	-1	1
3R	23983909	23984461	1	1
3R	20398628	20399358	-1	1
X	2672799	2869990	1	1
2L	14617275	14653032	1	1
X	10805632	10806469	-1	1
X	9163291	9164169	1	1
3R	31745591	31745770	1	1
X	13852673	13985836	-1	1
4	962348	962401	1	1
3R	18573127	18573192	1	1
2R	16198339	16198485	1	1
2L	4186518	4186646	-1	1
3R	9783960	9784168	-1	1
3R	25127859	25127984	-1	1
3R	4447955	4453122	-1	1
3L	16585050	16585947	1	1
3L	5161218	5184570	-1	1
3R	18255813	18255872	-1	1
2L	4314616	4318577	-1	1
3R	21310577	21314024	1	1
3R	17920210	17920442	1	1
3R	30176885	30176944	-1	1
3L	19904817	19905511	-1	1
3R	21783485	21789244	-1	1
3R	13385056	13385161	1	1
X	4698663	4701949	1	1
2R	9427845	9433938	1	1
2R	14383424	14383482	1	1
2R	23467619	23467693	1	1
X	5838159	5840735	1	1
3L	24210143	24253793	1	1
3L	20992892	21025161	-1	1
3R	14733017	14733206	-1	1
3R	21308493	21309604	1	1
X	13048076	13108507	1	1
2R	12273930	12276283	1	1
2L	9292171	9295212	1	1
X	16560895	16564052	-1	1
2L	21382058	21390161	1	1
3R	9778184	9778777	1	1
3L	23033061	23033160	1	1
3R	15936046	15960770	1	1
3L	3139645	3139751	-1	1
2R	9719231	9719466	-1	1
3R	21311124	21314573	1	1
X	17924867	17929236	-1	1
3R	6006103	6008037	-1	1
X	5839646	5840640	1	1
2L	9294351	9295367	1	1
X	6819094	6819156	-1	1
3L	11129558	11134292	1	1
3R	12421459	12421721	-1	1
2L	15088431	15090899	1	1
3R	27395146	27396444	-1	1
3L	1553866	1555398	1	1
4	329402	330271	-1	1
2L	6652630	6652753	1	1
3L	17400500	17401089	-1	1
2R	24565985	24566041	1	1
3R	13764388	13764530	1	1
3R	17476708	17476895	-1	1
3L	9177543	9178380	-1	1
2L	23512908	23513041	1	1
3R	25074286	25074359	-1	1
2R	15425409	15425582	1	1
2R	14296993	14297139	1	1
3R	24682400	24687187	1	1
3L	18061084	18061643	-1	1
3L	7812395	7813131	-1	1
X	22803532	22803604	1	1
2L	5951820	5951877	1	1
X	15861487	15861566	1	1
3R	19652868	19652951	-1	1
2L	5799340	5799824	-1	1
3R	9152030	9155145	-1	1
3L	19160686	19169844	-1	1
3R	27561765	27568279	-1	1
3R	10194020	10222252	1	1
3R	16513021	16513208	1	1
3L	22271763	22272369	1	1
X	6257472	6274973	-1	1
4	1225602	1225955	-1	1
3L	8248641	8282075	1	1
2L	18027002	18033764	1	1
2L	18033785	18051461	1	1
3R	25678900	25678973	1	1
3L	5929697	5930005	1	1
2R	19172525	19172712	1	1
X	7645835	7666123	1	1
3R	17909559	17916438	-1	1
3R	13373352	13373595	-1	1
3R	8715669	8715739	-1	1
3L	8562475	8562533	1	1
X	21338958	21339037	1	1
X	9163399	9164169	1	1
3L	999014	999079	-1	1
3L	22794511	22832907	-1	1
3R	19411954	19412321	1	1
X	3788239	3788920	1	1
3L	7814738	7825734	-1	1
3R	12778422	12782833	-1	1
X	10244780	10244853	-1	1
3R	18010151	18013554	1	1
3L	8194405	8194472	1	1
mitochondrion_genome	13013	13103	-1	1
3R	6710774	6710830	-1	1
3R	15373406	15374160	1	1
2L	22536379	22536621	-1	1
X	9165868	9184050	1	1
X	13881421	13881986	-1	1
X	19483605	19483684	1	1
3R	21304974	21306640	1	1
3R	29110536	29110689	-1	1
3R	18750885	18750944	-1	1
3R	21309037	21309869	1	1
X	13779133	13779283	1	1
2R	11579683	11590454	-1	1
3R	23963212	23965805	1	1
3R	3576197	3599170	1	1
2R	23834608	23834736	1	1
2R	18520661	18520718	1	1
X	2634018	2678868	1	1
2L	9291700	9294879	1	1
X	13657176	13657882	1	1
2R	13419401	13419464	-1	1
2L	9823510	9825286	-1	1
2L	6646948	6647998	-1	1
2R	11381563	11382028	-1	1
3R	30166911	30166982	-1	1
4	578396	627459	1	1
2L	415447	415512	1	1
3L	5747376	5747621	1	1
3L	2772641	2773251	-1	1
2L	16352269	16352437	-1	1
2L	10361362	10361422	-1	1
2R	17275758	17290384	1	1
Y	124398	200844	1	1
mitochondrion_genome	13007	13118	-1	1
3L	16354931	16355100	-1	1
3R	13670833	13670907	-1	1
3R	25350006	25417943	-1	1
X	2060845	2061045	-1	1
X	12832341	12860834	-1	1
2L	2772643	2779175	-1	1
3R	4319891	4321845	1	1
3L	9643548	9660642	-1	1
3L	20834155	20836035	1	1
3L	11628137	11628343	1	1
X	10304008	10304260	-1	1
2L	16186188	16190011	1	1
X	17994577	17997626	-1	1
3R	9523249	9524000	1	1
3R	23983736	23984353	1	1
3R	22010313	22010971	1	1
2R	11295854	11297262	-1	1
2R	24185052	24185239	1	1
3R	28519644	28520182	-1	1
3L	9156634	9156932	-1	1
3R	31601049	31601112	-1	1
X	9473267	9550434	-1	1
2L	7037875	7045343	1	1
2L	5951178	5954756	1	1
3L	18755505	18755656	-1	1
X	11932197	11932295	-1	1
3R	12547705	12548043	-1	1
3L	11133025	11133095	1	1
3R	29181873	29194803	-1	1
3R	11336510	11338867	1	1
X	5254669	5274551	1	1
Y	132628	200741	1	1
X	5904345	5904571	1	1
3L	23128320	23131734	1	1
3L	2895287	2897244	1	1
3L	5731637	5734466	1	1
3R	21850711	21851499	-1	1
3L	14633383	14644685	1	1
3R	23983894	23984468	1	1
3L	13867460	13867513	-1	1
X	10357364	10357647	-1	1
2L	1012438	1016270	-1	1
3R	8520550	8520604	1	1
3R	25516350	25517410	1	1
2R	9286349	9286415	-1	1
X	13813064	13861416	1	1
X	3176807	3177332	1	1
3R	4414021	4418070	-1	1
2L	9802459	9815063	-1	1
X	1014853	1016659	-1	1
3R	25484264	25485312	1	1
3L	9663791	9663862	-1	1
2R	23555348	23555718	-1	1
3L	9352544	9352602	-1	1
X	5341539	5401091	1	1
2L	10847822	10848325	-1	1
4	447236	449924	1	1
2L	1175524	1175579	1	1
X	12637646	12637707	1	1
3L	9153995	9158246	-1	1
3R	19402383	19402469	-1	1
3R	26236397	26255260	-1	1
3R	21310294	21332907	1	1
2L	7647510	7648747	-1	1
3L	2956106	2956166	1	1
X	4841441	4869496	-1	1
X	4362632	4365164	1	1
X	10781914	10782634	-1	1
X	17935147	18062907	-1	1
X	3464136	3481435	-1	1
3R	28324878	28325489	1	1
2L	18860556	18864201	-1	1
4	43158	43231	1	1
3R	18947356	18959641	1	1
3R	14732817	14733379	-1	1
3L	8255002	8255353	-1	1
2L	5437102	5444890	-1	1
3R	13233125	13237129	-1	1
2L	8740139	8740189	-1	1
3L	13524075	13524232	-1	1
3R	9629251	9630153	-1	1
2L	9294555	9295527	1	1
2R	16765088	16765833	-1	1
2R	1869431	2053024	-1	1
4	865403	866144	-1	1
3L	5518720	5519601	-1	1
2L	18864524	18865470	-1	1
X	5648178	5648441	-1	1
4	1145101	1145208	-1	1
3R	31137504	31137560	1	1
2L	9292240	9293015	1	1
X	12159076	12181084	1	1
3L	12830657	12830745	-1	1
2L	5177182	5178154	1	1
X	10921783	10921834	1	1
3R	9928989	9929427	1	1
2R	11666452	11667582	1	1
3R	26912620	26912697	-1	1
2L	6054714	6056884	1	1
X	16358207	16358811	1	1
2L	21382163	21390381	1	1
2R	10336469	10336607	-1	1
3R	8818915	8820351	-1	1
4	1050863	1053498	-1	1
3L	268460	268781	1	1
X	13670012	13670129	1	1
3R	19643646	19644281	-1	1
3R	10613505	10613697	-1	1
2L	13394438	13394504	-1	1
X	6854114	6863201	-1	1
3L	7700325	7700389	-1	1
X	20230597	20232117	-1	1
X	14686896	14688226	-1	1
2R	14856818	14857304	1	1
2R	10024448	10025850	-1	1
3R	20979121	20981171	1	1
3R	29114156	29114429	1	1
2L	23173801	23173871	1	1
X	18170104	18201406	1	1
2R	19122614	19122672	-1	1
X	19610918	19611374	1	1
3R	15935787	15957652	1	1
3L	6943102	6944460	1	1
X	16527486	16533059	-1	1
3L	5665116	5747591	1	1
2L	1595828	1595892	-1	1
2R	14861281	14862319	-1	1
3R	24837058	24839612	1	1
X	9780705	9781816	1	1
X	3319231	3357746	1	1
3L	6781169	6783130	-1	1
2L	12457803	12536920	-1	1
2R	21143844	21145617	1	1
2R	2917199	2918412	1	1
X	5073694	5080701	-1	1
2L	1010068	1011600	-1	1
3L	15848744	15860025	-1	1
X	15893044	15903790	1	1
3R	21305528	21306640	1	1
3L	21524748	21526812	1	1
2L	7796672	7798581	-1	1
2L	7798624	7799309	-1	1
3R	4209493	4237919	1	1
3L	9145821	9145892	-1	1
3R	24585927	24590572	1	1
Y	132628	200825	1	1
2R	13809670	13809801	1	1
X	7922346	7923145	-1	1
X	22693000	22717303	1	1
mitochondrion_genome	5419	17405	1	1
3L	22290256	22290313	1	1
3R	18712499	18718862	1	1
3L	9057498	9149539	-1	1
3R	14654912	14655077	-1	1
3R	31810941	31811000	-1	1
3L	19891344	19896798	-1	1
2R	8947928	8948219	-1	1
2L	4957947	4958008	1	1
3R	10133588	10134380	-1	1
X	3882563	3882706	1	1
2L	13223933	13223991	1	1
4	1037591	1037646	1	1
2L	11987388	11987696	-1	1
X	17953347	18039085	-1	1
3R	6376052	6376108	-1	1
2R	10444675	10445034	1	1
X	9184955	9188272	1	1
X	1774223	1775606	1	1
2R	10105811	10107605	1	1
3L	27988703	28012537	-1	1
4	514398	515702	1	1
X	15482538	15483199	-1	1
X	13967793	14010629	-1	1
2L	1619915	1647742	-1	1
3L	8348690	8348749	1	1
3R	15944720	15953374	1	1
3R	15409190	15412121	1	1
2R	24110101	24110159	-1	1
3R	7184130	7186612	-1	1
X	9506648	9506823	-1	1
2L	22301806	22311865	1	1
3R	11918370	11947364	1	1
X	3860431	3862115	-1	1
3R	26675631	26677315	-1	1
X	12941182	12948714	-1	1
3R	20637823	20637879	1	1
2R	17352306	17361980	-1	1
2R	24194935	24195001	1	1
3R	26870373	26871926	-1	1
X	6716448	6717948	1	1
3R	28322465	28322799	-1	1
2L	7033218	7034199	1	1
3R	14733016	14733205	-1	1
2R	24321596	24389787	-1	1
2R	16925246	16926532	1	1
3R	20438209	20449330	-1	1
2R	23554852	23554916	1	1
X	9147278	9147570	1	1
3R	31594848	31595239	-1	1
2L	19186656	19186719	1	1
2R	19426219	19426630	1	1
3L	6959084	6959140	1	1
X	1442777	1442999	1	1
X	13261424	13261505	1	1
3L	20771604	20771727	1	1
X	9525196	9555009	1	1
3R	5536653	5536714	1	1
3R	20026942	20027052	-1	1
3R	4301132	4301242	1	1
3R	6390307	6390389	-1	1
4	1195681	1195741	-1	1
2R	12670646	12671106	-1	1
3L	1635370	1636814	-1	1
3L	5746539	5747827	1	1
X	16626136	16636796	-1	1
3L	20372290	20372348	-1	1
2L	5768399	5768976	-1	1
3R	12396764	12403502	-1	1
X	3133715	3294196	1	1
X	20062282	20062340	-1	1
3R	7861209	7866808	-1	1
2L	5910772	5910831	1	1
X	6677882	6678000	-1	1
3R	8941423	8942092	1	1
3R	27953086	27953140	-1	1
3R	21305863	21355564	1	1
X	13271590	13276435	1	1
2R	19832608	19832705	1	1
mitochondrion_genome	6685	6781	-1	1
3L	8269846	8270456	1	1
3L	5672710	5749444	1	1
X	3176410	3189855	1	1
2R	5362756	5362830	-1	1
3R	5267403	5267462	1	1
3L	13995663	13996455	1	1
3L	16539403	16541922	-1	1
3L	11134010	11135785	-1	1
X	11830816	11831603	1	1
2L	5174250	5174574	1	1
2L	8942656	8942827	-1	1
3L	22833800	22833961	-1	1
3L	306770	306829	-1	1
2L	19614521	19647000	1	1
2R	9096996	9097242	1	1
2R	16643657	16644746	1	1
3R	13365210	13368761	1	1
X	2111140	2111205	-1	1
3R	9778719	9778777	-1	1
3L	10635686	10635748	-1	1
mitochondrion_genome	13013	13155	-1	1
3L	16407360	16411002	-1	1
3L	3051774	3051973	1	1
4	915463	920358	-1	1
2R	10723119	10728656	-1	1
2R	19445980	19446080	-1	1
3L	17425613	17426139	1	1
3R	4325496	4325697	1	1
2R	7756452	7758408	-1	1
2L	16977051	16984610	1	1
2R	9095630	9096383	1	1
X	10235459	10238419	-1	1
X	23030854	23032520	1	1
3R	9342408	9359267	1	1
2L	13305838	13307935	1	1
3R	13640284	13640414	-1	1
2R	16764375	16765561	-1	1
2L	5174290	5174614	1	1
2R	9507883	9541442	1	1
3R	25113220	25116167	-1	1
2R	10105995	10106689	1	1
3R	18248517	18250207	1	1
3L	17063417	17065365	-1	1
3R	15265691	15265927	1	1
2R	7921048	7921111	-1	1
X	5243999	5244101	1	1
3L	2941289	2959711	1	1
X	5642027	5642934	-1	1
3R	5375163	5376240	1	1
2R	8348295	8387756	1	1
2L	2780473	2780843	-1	1
X	16638537	16638699	1	1
3R	15241885	15241943	-1	1
3R	14367497	14372547	-1	1
X	1413748	1413844	1	1
3R	16638998	16639745	1	1
X	5793548	5794436	1	1
3R	31737240	31737316	1	1
4	1173031	1173084	-1	1
2L	3721730	3723189	1	1
2R	11444628	11444696	1	1
X	10618714	10619661	-1	1
2L	1843001	1858169	1	1
3R	11819905	11820085	1	1
3L	10338218	10370141	1	1
3L	16004075	16004349	1	1
2R	5859266	5860669	1	1
3R	21307134	21307412	1	1
3L	4379599	4380190	-1	1
3R	9238305	9238365	-1	1
X	12913803	12914856	-1	1
X	16637928	16638233	1	1
X	17639771	17641424	-1	1
3R	29173995	29176555	-1	1
2R	10109288	10109559	1	1
2L	16723513	16723678	-1	1
2L	23173182	23173370	1	1
2L	7216866	7217550	-1	1
2L	2957265	2960690	-1	1
3R	16352032	16352089	-1	1
2R	14163323	14164471	-1	1
3R	18909466	18910257	1	1
2R	13748557	13749166	1	1
3R	8823077	8823261	-1	1
2R	16924822	16926324	1	1
X	6655773	6657607	1	1
3L	17400637	17400756	-1	1
X	11792981	11801474	1	1
2L	8429493	8429602	1	1
2R	5859408	5860456	1	1
3L	11254639	11262877	1	1
X	17966587	17966682	-1	1
X	9354187	9354966	-1	1
X	10244624	10249837	-1	1
X	12128609	12147368	1	1
3R	9874774	9875309	1	1
3L	11134468	11136561	1	1
2R	5652071	5652499	-1	1
X	18535425	18566696	1	1
3L	23654209	23685046	-1	1
3R	5153683	5153754	1	1
2R	24523946	24525918	-1	1
X	15834372	15835081	-1	1
X	19887833	19893806	1	1
2L	8713127	8713279	-1	1
X	13860739	13866191	-1	1
4	204575	204640	-1	1
2R	24901056	24904281	1	1
X	6234278	6234762	1	1
3R	13237279	13238057	-1	1
2R	16751593	16752358	-1	1
3L	3899492	3901544	-1	1
3R	23982125	23982526	1	1
4	855569	855686	-1	1
3L	7668398	7686177	-1	1
3L	5930086	5936881	1	1
X	13953843	13961338	-1	1
3R	13635939	13642515	-1	1
3R	5558302	5558367	-1	1
3R	4301174	4301248	1	1
X	17076996	17077132	-1	1
4	1145398	1146114	-1	1
2L	2779309	2782386	-1	1
2R	21025604	21025879	1	1
X	1014934	1016662	-1	1
3R	5084037	5086266	-1	1
3L	14068747	14068808	1	1
3R	31216388	31216536	-1	1
3L	1639979	1640735	1	1
2L	7428217	7428281	1	1
2L	22124217	22124787	1	1
3L	11488188	11495177	1	1
2R	23878953	23880451	1	1
3R	25116041	25116112	-1	1
3R	31217045	31217911	-1	1
3R	12999023	13008203	1	1
2L	13506684	13508621	-1	1
X	2674873	2675519	1	1
X	12018913	12020076	1	1
2R	21510202	21510867	-1	1
2R	10463180	10481643	1	1
2L	6459648	6459716	-1	1
3R	22611200	22611252	-1	1
X	11161719	11161783	1	1
3R	16512999	16513209	1	1
3R	4335730	4335786	-1	1
3L	5685927	5692469	-1	1
3L	12811887	12811950	1	1
3R	29725174	29725238	1	1
2L	4947853	4948122	1	1
3L	3040362	3042110	1	1
X	2677724	2679477	1	1
2R	4461927	4470982	-1	1
3L	9461239	9463026	1	1
3L	7930764	7931755	-1	1
3R	8756213	8767334	-1	1
3R	25293852	25293908	-1	1
3R	8128585	8129069	1	1
mitochondrion_genome	2165	2753	1	1
mitochondrion_genome	2741	14587	1	1
3R	24343201	24345036	1	1
2L	1725260	1727663	-1	1
3R	9238744	9239775	-1	1
3R	1325748	1329822	-1	1
3R	6361814	6367771	-1	1
3L	18641858	18643890	1	1
3L	10895665	10895720	-1	1
2L	175448	183761	1	1
2R	10335414	10336328	-1	1
2L	10248136	10248197	-1	1
X	647138	647202	-1	1
X	9000241	9000682	1	1
X	1033408	1040987	1	1
2L	11816454	11896548	-1	1
2L	9340641	9340700	1	1
X	7074847	7090402	-1	1
2R	7920909	7921431	1	1
3R	7269620	7270724	1	1
3R	31161711	31161911	1	1
2R	13186156	13186273	-1	1
3L	5674051	5749382	1	1
2R	8808236	8963163	-1	1
3R	20973739	20973811	-1	1
3R	21303167	21306856	1	1
2R	16461139	16586447	1	1
X	2115110	2115436	1	1
2L	4196780	4197965	-1	1
X	12837814	12852434	-1	1
3R	26532608	26534586	-1	1
X	18039593	18060071	1	1
3R	11741494	11741564	-1	1
X	10781048	10781532	-1	1
X	9554929	9555063	1	1
2R	19519100	19631478	-1	1
2R	14173925	14174100	1	1
3R	22953469	22955752	1	1
3L	1632369	1636818	-1	1
X	11579533	11579670	1	1
3R	17893413	17900462	-1	1
2L	21213167	21213223	-1	1
3R	11430903	11431227	-1	1
2L	5802713	5802772	1	1
X	8150945	8151253	-1	1
2R	4412940	4426616	-1	1
2L	9293347	9295445	1	1
3R	19412765	19414437	1	1
3L	17533850	17534351	1	1
2R	4700010	4711201	-1	1
3R	18095977	18135319	1	1
3L	3593547	3594651	1	1
2R	6626996	6627458	-1	1
3R	21307809	21310814	1	1
3L	25421382	25421436	-1	1
X	6742257	6743058	1	1
2R	2817698	2825180	1	1
X	5642027	5642916	-1	1
X	9175398	9177360	1	1
2L	8493853	8506635	-1	1
X	1891580	1891771	-1	1
3R	29993668	29993946	-1	1
2L	9877968	9886019	-1	1
2L	10221446	10221514	1	1
X	13858415	13985374	-1	1
2L	7033914	7034024	1	1
3L	17401030	17441407	-1	1
X	9170223	9170304	1	1
2R	24892143	24892284	1	1
3L	853406	853469	-1	1
2R	22508791	22513680	-1	1
2L	5167346	5167649	1	1
3L	5748523	5749399	1	1
2R	21190794	21192231	1	1
3L	5818026	5818109	-1	1
4	211823	211880	1	1
3L	19340823	19350586	-1	1
3L	13522065	13666533	-1	1
3R	22233403	22238935	1	1
3L	4429672	4433924	1	1
3R	9726765	9730411	-1	1
2R	22643431	22643492	1	1
2L	5172676	5174671	1	1
3R	13646139	13646915	1	1
X	16527900	16528465	-1	1
3R	9987846	9988820	1	1
X	5385776	5387120	1	1
X	10781148	10781285	-1	1
2L	5039741	5039809	1	1
3L	4429716	4429895	1	1
3L	17400534	17401095	-1	1
3R	5335008	5336154	-1	1
2R	19437754	19437955	1	1
2R	16641313	16642052	1	1
X	1675699	1676992	-1	1
3L	22833265	22841287	-1	1
2R	3877304	3897983	-1	1
3R	8391401	8392014	-1	1
2L	12171397	12171448	-1	1
3R	16186639	16186712	-1	1
2L	13670598	13671415	1	1
3R	9364035	9364094	1	1
X	9115909	9115971	1	1
2L	5071299	5071662	1	1
X	575851	578183	1	1
X	4133072	4134512	-1	1
3R	20030341	20034073	1	1
3R	21299391	21300034	1	1
2R	9396540	9397280	-1	1
2L	9908035	9908094	-1	1
3R	23354721	23354785	1	1
X	52694	93223	1	1
3R	20974306	20975810	1	1
2L	16743571	16743760	-1	1
4	471500	472486	-1	1
3L	9049130	9050326	-1	1
2L	5043384	5044323	1	1
3R	24013629	24030494	-1	1
3R	11394034	11394976	1	1
X	16356888	16358444	-1	1
3R	21355090	21355758	-1	1
2R	16108801	16109655	-1	1
3R	11396359	11400814	1	1
3L	3721567	3722156	-1	1
3L	599627	599688	-1	1
2R	22391209	22391270	-1	1
3L	17291548	17293923	1	1
X	5838168	5840742	1	1
2L	13803963	13807327	1	1
3R	17901088	17901153	-1	1
2R	10208853	10208921	-1	1
X	18846693	18847903	-1	1
X	15320462	15320520	1	1
3L	6759434	6759941	-1	1
2L	13973849	13973916	-1	1
2L	9556399	9566541	-1	1
2L	19918586	19925383	1	1
2L	5171257	5175289	1	1
X	4698607	4701949	1	1
X	13777301	13779183	1	1
2L	21725446	21727006	1	1
2R	14936491	14936547	1	1
3L	20351856	20351937	1	1
3L	4079495	4082403	-1	1
3R	21115448	21116000	1	1
X	14585580	14585892	-1	1
X	12938734	12941862	1	1
3R	21299700	21299977	1	1
mitochondrion_genome	6708	8089	-1	1
X	17862201	17862274	1	1
4	1280803	1291055	1	1
2R	21395046	21399175	-1	1
2L	4439516	4440699	-1	1
2R	11790564	11814171	1	1
X	8056138	8056610	-1	1
2R	12086992	12094144	1	1
3R	15238012	15238070	1	1
3L	21447008	21447081	1	1
3L	10516178	10517962	1	1
2R	14526868	14526925	1	1
2R	11853358	11854382	1	1
3R	22785363	22793786	1	1
3R	24854501	24854716	1	1
X	10057312	10057455	-1	1
2R	8964006	8964359	-1	1
2L	283548	283654	-1	1
3L	16410764	16411407	1	1
3L	2869590	2869941	-1	1
X	14265702	14265789	-1	1
3R	5531142	5531202	1	1
2R	13415326	13420336	-1	1
3R	30177551	30177619	-1	1
3R	15112190	15131608	-1	1
X	9171487	9213040	1	1
4	85934	87044	1	1
2R	19523904	19529562	-1	1
X	15901691	15905798	1	1
2R	6768315	6768369	-1	1
X	492939	493002	-1	1
3L	16386495	16386561	1	1
X	3178514	3186122	1	1
3R	11396451	11400809	1	1
3R	9441666	9444011	1	1
3R	23962513	24063833	1	1
3L	11523001	11527289	-1	1
2R	10117192	10117271	1	1
3L	3221532	3221629	-1	1
2L	5741827	5748165	1	1
3L	21025265	21025703	-1	1
2R	6625634	6626584	-1	1
2L	9615401	9615633	1	1
3R	21307273	21308386	1	1
3L	4374042	4379421	-1	1
3L	1198705	1198999	1	1
2R	21502170	21516916	1	1
2L	5012449	5012505	-1	1
X	66171	79875	1	1
3R	11395880	11401163	1	1
2L	1980428	1980552	-1	1
3R	21300362	21306362	1	1
2L	7719924	7721102	-1	1
2L	20648122	20648353	1	1
2L	5161494	5175295	1	1
3R	5151602	5151703	1	1
X	12477700	12478216	1	1
3R	21783473	21805066	-1	1
2L	22948719	22948840	1	1
X	6349379	6349435	-1	1
X	9172684	9177158	1	1
2L	6095154	6095238	1	1
X	11291	22182	-1	1
2L	12045677	12046090	-1	1
3L	23032202	23032978	1	1
3L	17401147	17401197	-1	1
X	4699155	4699512	1	1
3R	21783617	21786287	-1	1
X	8138152	8138579	-1	1
3R	21299916	21303885	1	1
X	23253351	23256641	1	1
X	510788	518384	-1	1
2R	10095545	10096070	1	1
2L	2757334	2757839	1	1
3R	11394140	11394272	1	1
2R	3499830	3615988	1	1
X	9177048	9177775	1	1
3R	17233548	17238913	-1	1
X	5081826	5082128	-1	1
3R	23380482	23380536	-1	1
2L	14890288	14908968	-1	1
3L	11121407	11121563	1	1
2L	8526595	8547826	1	1
3L	2557728	2557793	-1	1
3L	2948014	2948479	1	1
3R	7886169	7886541	-1	1
3L	16715512	16715573	1	1
X	8060159	8060608	-1	1
3R	24946640	24946976	1	1
3R	21308662	21308940	1	1
3L	20755132	20755184	-1	1
3L	7680689	7680918	-1	1
3R	24343301	24343435	1	1
3R	10507612	10508332	-1	1
3L	3840489	3840966	1	1
3R	13135883	13138003	-1	1
3R	11392700	11395953	1	1
X	16696218	16696497	1	1
2R	8624831	8625021	1	1
2L	2763875	2764149	-1	1
X	23278541	23441304	-1	1
2R	25268606	25286882	-1	1
X	5792621	5792792	1	1
X	5186825	5208015	1	1
3L	21425420	21432855	-1	1
X	20792543	20792605	-1	1
X	15317483	15317613	1	1
3L	16120809	16121170	1	1
2L	5211430	5234995	1	1
X	1647092	1673942	1	1
2R	8364028	8365205	1	1
2L	10290284	10290351	1	1
3L	8209963	8210469	-1	1
2L	12056433	12056499	1	1
2R	12153222	12153444	1	1
2L	7723838	7723897	-1	1
3R	5610624	5612070	-1	1
2R	12199997	12200214	-1	1
3R	18682714	18682789	1	1
2R	929289	949871	-1	1
3R	27942484	27942585	1	1
3L	12121420	12124890	-1	1
X	17009274	17012877	-1	1
X	9176917	9183249	1	1
3L	21343098	21343576	-1	1
2R	21087045	21087110	1	1
2R	18641194	18641465	-1	1
3L	5691434	5691571	1	1
3L	7812799	7813987	-1	1
X	6875713	6875935	1	1
2L	21380362	21390209	1	1
2R	4134428	4149763	1	1
3L	16504447	16504760	-1	1
X	2173080	2173234	1	1
3R	24788264	24790012	1	1
3R	16046614	16046669	-1	1
3L	6095913	6095984	1	1
X	11817230	11817924	1	1
3R	24104971	24105136	-1	1
2R	15380882	15381413	1	1
2R	21652708	21653373	1	1
X	16462980	16469212	-1	1
3L	27969072	27969736	-1	1
2R	10111576	10112617	1	1
3L	19797259	19797328	1	1
X	20795165	20923423	-1	1
2R	12275490	12276453	1	1
3L	17040782	17063014	-1	1
4	1192571	1195898	-1	1
X	1373622	1374799	1	1
X	22536995	22537256	-1	1
3R	17730242	17730303	1	1
3R	17730369	17730432	1	1
3R	4280357	4297908	1	1
3R	17944287	17947194	1	1
3R	4408004	4408059	-1	1
3L	2895519	2897244	1	1
3R	13658298	13658462	-1	1
3R	29047968	29048932	1	1
3L	8126955	8127011	1	1
X	2341049	2341178	1	1
mitochondrion_genome	2891	2947	1	1
X	20026896	20027751	-1	1
3R	30881843	30884843	-1	1
2R	4297251	4297358	-1	1
4	1192803	1196165	-1	1
3R	12428975	12429037	-1	1
2L	8543868	8544289	1	1
3L	3087798	3088280	1	1
2R	19241786	19242174	1	1
X	19275529	19276477	-1	1
3R	20205609	20205679	1	1
2L	7455132	7455201	-1	1
2R	15424828	15426035	1	1
X	23016944	23018210	1	1
4	319668	329218	1	1
3L	10351017	10353136	1	1
3L	24074657	24075049	1	1
3R	8731374	8731442	-1	1
3R	6001258	6005020	-1	1
X	21361572	21362705	-1	1
3R	5077904	5086299	-1	1
2R	24891693	24892402	1	1
3L	4575223	4590736	1	1
2L	16314709	16314770	-1	1
X	5165423	5214849	1	1
X	19616341	19616609	1	1
X	622359	622434	1	1
3R	29046673	29048917	1	1
3L	19086205	19086395	-1	1
2L	3730793	3745429	-1	1
3R	21308121	21308399	1	1
2L	6528192	6528268	-1	1
X	19618346	19618405	-1	1
3L	17067188	17147712	-1	1
3R	9778197	9778680	1	1
3R	27165576	27207706	-1	1
4	136174	136879	1	1
X	17422540	17423240	-1	1
mitochondrion_genome	2669	2728	1	1
X	5792627	5792709	1	1
2R	18834397	18834476	-1	1
mitochondrion_genome	11145	13031	-1	1
3L	4542820	4553362	1	1
2R	24092699	24092759	-1	1
3R	7141547	7141834	1	1
3L	9670050	9670111	-1	1
X	19740450	19842681	1	1
3R	19415780	19457426	1	1
X	6359128	6361266	1	1
3R	23981549	23984446	1	1
2L	16722139	16722470	1	1
3L	1577057	1600193	1	1
2R	12166711	12167103	-1	1
2R	2846447	2846508	-1	1
3R	30022225	30022390	1	1
2R	17370227	17370540	1	1
3L	7854274	7855256	-1	1
3L	17065585	17077282	-1	1
2L	12100936	12101057	-1	1
2R	15189234	15190015	1	1
3L	12137678	12137905	-1	1
3R	20438185	20449235	-1	1
2R	18691053	18692041	1	1
3R	30133270	30133583	-1	1
X	5909538	5909613	1	1
3R	24067702	24102046	-1	1
3R	15956972	15957216	1	1
2R	12324588	12324658	-1	1
3R	31617273	31617349	1	1
X	1442733	1442844	1	1
X	6807649	6808812	1	1
4	553742	557443	-1	1
3L	19998238	19998867	-1	1
X	17149097	17150503	1	1
3L	16585814	16585921	1	1
2R	13831219	13833095	1	1
2R	21181586	21181645	1	1
X	13265768	13265838	-1	1
X	16566075	16568197	-1	1
3L	9474268	9474329	1	1
3L	4434553	4435313	1	1
X	17935147	17938555	-1	1
3R	9358518	9359267	1	1
3L	9509995	9510102	-1	1
X	11817824	11831066	1	1
3L	21059072	21063512	1	1
3L	1630508	1637052	-1	1
3R	9643597	9649050	1	1
3L	1876856	1876913	-1	1
2R	9875960	9876016	1	1
X	5082240	5083001	-1	1
3R	11371405	11402896	1	1
2R	4131445	4132632	1	1
3L	4074184	4074820	-1	1
3L	1198487	1199011	1	1
X	21346541	21347287	-1	1
3L	25120986	25121618	1	1
3R	6560335	6566661	-1	1
2L	5533523	5533579	1	1
2R	8624297	8625099	1	1
mitochondrion_genome	6123	8805	1	1
2R	11224815	11226162	1	1
3L	11525514	11525580	-1	1
2R	2126284	2261829	-1	1
mitochondrion_genome	13018	13157	-1	1
X	22433067	22433139	-1	1
2R	947073	949392	-1	1
2R	21502279	21516833	1	1
X	18155530	18170359	1	1
X	3859276	3859406	-1	1
2R	7792125	7793162	-1	1
3R	9988783	9988856	1	1
3L	22833350	22833504	-1	1
3L	3609387	3610211	1	1
3L	10895665	10895722	-1	1
2R	14140794	14198602	-1	1
3R	25262114	25262184	-1	1
3R	31178067	31204073	1	1
X	10842345	10842661	1	1
3L	1632396	1636962	-1	1
3R	17909517	17915019	-1	1
3L	15143711	15143797	-1	1
2L	9757017	9877210	-1	1
2L	457339	457400	1	1
3L	19997162	19997452	1	1
X	6229791	6229849	1	1
2R	6834927	6835493	1	1
X	16071178	16071238	-1	1
2L	2391030	2391081	-1	1
3L	4182365	4182711	-1	1
3L	5425108	5429163	1	1
3L	4074311	4075050	-1	1
3R	14236739	14236802	-1	1
2R	9047850	9047914	-1	1
2R	24159086	24159145	1	1
3R	21306640	21307752	1	1
X	13379681	13391916	1	1
2R	12465031	12465451	1	1
3L	5746999	5749588	1	1
X	12289176	12291660	1	1
2R	24522025	24522798	-1	1
3R	12444138	12444799	-1	1
4	462502	463055	1	1
X	10627890	10631389	1	1
X	6115763	6118118	-1	1
3R	17909553	17916173	-1	1
3R	30047644	30047707	1	1
X	17639771	17640535	-1	1
3R	17896653	17915078	-1	1
X	10710920	10712653	1	1
3R	21302841	21303948	1	1
X	11957662	11957795	-1	1
3R	19643559	19644281	-1	1
2R	21502480	21507295	1	1
X	6603391	6605180	1	1
X	13785953	13801679	1	1
2R	10381169	10381394	-1	1
X	4869555	4894618	1	1
X	3126789	3209661	1	1
2R	3499830	3624638	1	1
X	15879667	15879740	-1	1
2L	186124	186193	-1	1
X	13380739	13381488	-1	1
X	5792540	5792852	1	1
3L	5738364	5738416	1	1
2R	16760715	16761406	-1	1
2R	16761448	16761668	-1	1
3L	3717399	3718196	-1	1
3L	8604915	8606621	1	1
3R	27156389	27157318	1	1
2L	831084	831177	1	1
3L	16853953	16854020	1	1
X	16075111	16075666	-1	1
X	6696783	6696860	-1	1
2R	10885379	10885471	1	1
2R	10885533	10885590	1	1
3L	19061936	19062003	-1	1
3R	11591310	11592340	-1	1
2L	4457480	4458016	-1	1
2R	13220361	13220871	1	1
2R	21025161	21025341	1	1
X	11931674	11932602	-1	1
X	6233185	6266151	1	1
3L	21036353	21037262	-1	1
3R	10591460	10593551	-1	1
2L	13775048	13775255	-1	1
3L	20371725	20375826	-1	1
2R	17679641	17679712	-1	1
3L	7979681	7980400	1	1
X	136734	137256	1	1
2R	16291719	16291774	1	1
3L	5747166	5747239	1	1
2L	1012341	1013387	-1	1
3R	11328446	11329148	1	1
4	877195	878851	1	1
2L	750767	752712	1	1
2R	6153587	6155813	-1	1
X	5176502	5177567	1	1
2L	8302333	8302524	-1	1
X	4133072	4134508	-1	1
2L	1555747	1556540	1	1
X	9354185	9354979	-1	1
3R	17733786	17734291	1	1
3R	17734378	17738681	1	1
X	11430964	11431255	-1	1
2R	21141855	21142002	-1	1
X	3672564	3675254	1	1
2R	9351237	9351287	-1	1
mitochondrion_genome	6596	7811	-1	1
2R	6626169	6626382	-1	1
3R	14353896	14367656	-1	1
3R	26045828	26046733	1	1
X	3588410	3625279	1	1
3R	5593942	5594345	1	1
2L	13498169	13499631	1	1
3R	19088301	19094443	-1	1
3R	16227677	16232407	1	1
3L	2633730	2641756	1	1
2L	9968011	9968136	1	1
3R	17875948	17877067	-1	1
X	6191529	6192461	-1	1
3R	31216182	31217119	-1	1
3R	15213401	15213466	1	1
2R	5860570	5860633	1	1
2R	7559631	7559691	1	1
X	13196511	13196597	-1	1
2R	21667657	21668317	-1	1
2L	8193836	8194484	-1	1
3L	25351623	25351751	-1	1
3R	17875315	17880606	-1	1
3R	14368711	14369544	-1	1
2R	10463209	10463967	1	1
2L	3160149	3160203	-1	1
3L	17062354	17065454	-1	1
3R	10784924	10785403	1	1
2R	24970201	24970253	1	1
3L	18112384	18112450	1	1
3L	4074204	4074489	-1	1
2L	21224336	21390214	1	1
3R	20894654	20894868	-1	1
2R	1292634	1298137	-1	1
3R	18976024	18978087	1	1
3L	11786640	11787058	-1	1
3L	11787111	11787179	-1	1
X	22468400	22468837	1	1
3R	5228191	5228277	-1	1
X	5793634	5794476	1	1
X	8272622	8272693	-1	1
X	11236821	11246747	-1	1
2L	8564074	8621697	1	1
2L	5074326	5074390	-1	1
2R	24959954	24960047	-1	1
3R	20537464	20538453	-1	1
2R	4322636	4322763	-1	1
3L	3226222	3226275	1	1
2L	18233572	18233631	-1	1
3L	837946	838049	1	1
3R	4295215	4295655	1	1
3L	17400527	17401074	-1	1
2R	19523766	19524043	-1	1
3R	8817840	8818175	-1	1
2L	9870378	9877207	-1	1
4	93274	94423	-1	1
X	1775479	1775699	1	1
2L	216574	216632	-1	1
3R	23262773	23268140	-1	1
3R	23794230	23794292	1	1
3R	8713771	8714146	1	1
2L	3095606	3105731	-1	1
2L	7525706	7529482	-1	1
3R	21792147	21817101	-1	1
3L	4953108	4955826	-1	1
4	999498	1001410	1	1
2R	24087717	24087776	1	1
3R	21309510	21309787	1	1
3R	9449749	9451024	1	1
X	19598734	19598873	1	1
X	2624983	2633413	1	1
X	613149	615418	-1	1
X	10057730	10059691	-1	1
2R	17536779	17538867	1	1
3R	20291087	20293602	1	1
4	1037570	1037646	-1	1
2L	10847501	10847679	-1	1
3R	14746349	14746407	-1	1
X	4357118	4362109	1	1
2R	24891700	24892284	1	1
2R	18134096	18134407	1	1
3R	19234557	19234615	-1	1
3R	23983905	23984290	1	1
3R	9354695	9359262	1	1
4	1192603	1195903	-1	1
X	16455806	16527487	-1	1
X	1451794	1451903	1	1
3L	23738037	23740161	1	1
2L	16505949	16506008	1	1
X	20538600	20540705	1	1
2L	21100646	21100711	-1	1
3L	11524488	11524628	-1	1
3L	7331337	7331393	1	1
2R	8722819	8723006	-1	1
2R	18096059	18096282	1	1
2L	228282	229930	-1	1
3R	9874737	9875149	1	1
3R	10582501	10584642	-1	1
2L	15075880	15087040	-1	1
2R	15189851	15189988	1	1
2R	22340638	22340693	-1	1
3L	2585739	2586037	-1	1
3R	8248809	8250205	1	1
2R	12259459	12259973	1	1
X	22480899	22481915	-1	1
2R	4727735	4727789	-1	1
3L	269325	270152	1	1
3R	9417994	9439352	1	1
2L	13550522	13550799	1	1
3R	25321465	25321523	-1	1
2L	21382143	21390348	1	1
2L	818644	818704	-1	1
3R	31216402	31216695	-1	1
3L	19572877	19572999	-1	1
2R	13958921	13959283	-1	1
X	8574408	8575351	1	1
X	8575410	8588262	1	1
3L	10182883	10185782	-1	1
3R	18248782	18250250	1	1
3R	4676460	4678576	1	1
2L	5172962	5173204	1	1
3L	8269124	8269709	1	1
3R	11221933	11222175	-1	1
X	20870675	20916835	-1	1
X	2015179	2022573	1	1
2R	9370379	9370442	-1	1
3L	5692258	5692371	1	1
3R	27580326	27581073	-1	1
2R	13831228	13833283	1	1
3L	13867566	13870538	-1	1
2R	14000418	14001299	-1	1
X	13968039	13986003	-1	1
3R	21783425	21804533	-1	1
2R	21118579	21120547	1	1
3R	26555652	26566361	1	1
2R	8347639	8348156	1	1
2R	1378553	1378672	1	1
3L	543278	547482	1	1
2R	13830884	13830974	1	1
2L	21028682	21051774	-1	1
X	11817824	11831239	1	1
2L	13498142	13499654	1	1
2L	9067696	9070832	-1	1
X	8406587	8406795	-1	1
3L	4255296	4255551	1	1
Y	132489	200746	1	1
3L	10859678	10859799	1	1
2L	9515745	9515812	1	1
3R	22899510	22914965	1	1
3L	24074719	24074993	1	1
3R	8649420	8649478	-1	1
3L	8934141	8934405	-1	1
3L	10858099	10874647	1	1
2R	24952255	24952312	1	1
2R	12276926	12277025	1	1
3R	24151997	24152094	-1	1
3R	24152142	24152241	-1	1
3R	19214073	19215154	1	1
X	1412029	1413418	1	1
X	12936586	12950077	-1	1
X	12998240	12998601	1	1
2R	15423096	15424259	1	1
2R	24696224	24727110	-1	1
X	19307786	19327386	-1	1
2L	1012317	1012516	-1	1
3R	5522712	5522764	-1	1
3R	30038970	30039062	-1	1
2L	13000923	13000989	-1	1
2R	10127549	10137289	1	1
2R	19090549	19090757	1	1
2R	9135695	9136989	-1	1
X	15967231	15971379	1	1
2R	9885138	9885200	-1	1
2R	21691001	21691072	-1	1
3R	18248363	18248981	1	1
2R	14981322	14991459	1	1
X	17711120	17720587	1	1
2L	9877630	9886049	-1	1
3R	22018097	22018624	-1	1
3R	20808748	20810500	1	1
2R	12031793	12031858	1	1
3R	29104046	29104150	1	1
3R	11048948	11050086	1	1
3L	3370458	3373147	-1	1
X	13590114	13590471	1	1
3R	4320369	4321845	1	1
2R	15015513	15022883	1	1
2R	9511200	9520925	1	1
X	16002713	16002886	-1	1
2L	5170954	5173993	1	1
2L	9802438	9807310	-1	1
3R	9418001	9440681	1	1
2L	10961746	10962254	-1	1
2R	24559565	24560331	-1	1
2L	6483625	6483760	1	1
3R	9786395	9787032	1	1
X	6651914	6652042	1	1
2R	5858559	5858624	1	1
3L	3197979	3198097	-1	1
2L	13372254	13372308	-1	1
3R	20957972	20974583	1	1
3L	11233274	11233334	-1	1
2L	21390256	21394911	1	1
2R	24031089	24031621	-1	1
2L	5010267	5010453	-1	1
4	133714	134671	1	1
3R	21085104	21085162	-1	1
3R	11401761	11403628	1	1
2R	17266054	17275410	1	1
3R	7694631	7713639	1	1
X	8209961	8231108	1	1
X	9152802	9153371	-1	1
2L	19030992	19032043	-1	1
3L	17063416	17065363	-1	1
X	9929733	9930355	-1	1
2R	10722941	10723027	-1	1
X	18160941	18172712	1	1
3L	11496080	11496940	1	1
4	817102	827621	-1	1
X	6875864	6875935	1	1
X	11817076	11817236	1	1
3R	24854642	24854990	-1	1
2L	1012294	1012951	-1	1
3R	28832658	28833078	-1	1
2R	18523354	18525248	1	1
X	5918788	5919054	1	1
X	10627896	10631389	1	1
3R	8059528	8061534	1	1
X	18794563	18794613	-1	1
3R	21302454	21302819	1	1
2L	18845922	18852954	1	1
X	3507877	3512470	-1	1
X	10699527	10700673	1	1
3R	21104810	21104882	1	1
2L	7977136	7984057	-1	1
3L	17401143	17401224	-1	1
X	6266874	6267004	-1	1
3R	20894614	20896259	-1	1
X	10309646	10318418	-1	1
2R	10108243	10109420	1	1
3R	15277730	15277786	-1	1
2R	5651897	5651983	-1	1
2R	22404461	22407044	1	1
X	17934668	17942576	-1	1
3L	1307742	1307804	1	1
3L	23032202	23033494	1	1
2L	5167674	5168817	1	1
3R	22545784	22546712	-1	1
3L	19994904	19995443	1	1
X	6042895	6042952	-1	1
3L	10635048	10635116	-1	1
X	1774223	1778370	1	1
3R	21813774	21814011	-1	1
3L	21446024	21446198	1	1
3R	20534530	20534610	-1	1
2L	17788625	17789083	-1	1
2R	15189059	15189168	1	1
X	13866992	13881472	-1	1
X	3198394	3198589	1	1
2R	12636991	12637054	1	1
3R	9446677	9448614	1	1
X	519243	522986	1	1
3L	17533777	17546498	1	1
X	16528120	16528538	-1	1
X	23253085	23256618	1	1
X	11398184	11398246	1	1
2R	22072895	22072962	-1	1
3L	21622649	21622725	-1	1
3R	26869545	26869696	-1	1
X	10244624	10249776	-1	1
2L	1717816	1717878	-1	1
2R	24057907	24058484	1	1
3R	10133588	10134068	-1	1
3R	21297737	21298241	1	1
2L	21382121	21390231	1	1
3L	23093738	23095114	-1	1
2L	12456994	12483214	-1	1
2R	24697144	24725738	-1	1
3L	5161326	5201240	-1	1
X	17068919	17076998	-1	1
4	1149214	1165262	1	1
3R	21223195	21223257	1	1
2L	16187841	16189025	1	1
3R	19901811	19902841	-1	1
2L	18950207	18950761	1	1
X	10336113	10336165	1	1
X	13381661	13382796	-1	1
2R	10107712	10109517	1	1
3R	11370344	11371170	1	1
X	16370623	16404282	1	1
3L	17059438	17061343	-1	1
X	7689997	7694786	-1	1
3R	22583930	22583988	-1	1
X	12570325	12570815	-1	1
X	15860323	15861116	1	1
3R	11392686	11395953	1	1
2L	5524712	5525707	1	1
3R	11335098	11371458	1	1
3R	13688234	13688347	1	1
3L	21423513	21424256	1	1
X	9186035	9186899	1	1
Y	124271	200767	1	1
2R	21424013	21424357	-1	1
X	5881322	5881386	1	1
2R	2916687	2919844	1	1
X	19966072	19966183	1	1
3R	5268465	5273631	-1	1
3L	2962484	2962557	1	1
3R	5602927	5602986	1	1
X	12020055	12020594	1	1
2L	9294645	9295492	1	1
3L	23108869	23283335	1	1
2R	22518664	22522758	-1	1
3L	7682290	7682518	-1	1
mitochondrion_genome	8285	8359	-1	1
3R	21309127	21309941	1	1
X	575976	577997	1	1
3L	3459336	3459779	-1	1
2L	12298750	12298814	1	1
Y	3537307	3653342	1	1
2L	13828228	13829557	-1	1
3R	31594864	31595255	-1	1
X	12654169	12655171	-1	1
3R	8820244	8820312	-1	1
4	1188630	1188881	-1	1
X	12788966	12790260	-1	1
2L	5176257	5176581	1	1
3L	5743076	5744090	1	1
2R	20560295	20560353	-1	1
3R	10702840	10702906	1	1
X	5627959	5628081	-1	1
3R	17909517	17915014	-1	1
3L	15851506	15893891	-1	1
3L	15865841	15867266	-1	1
3R	20791864	20791937	1	1
2R	20141757	20144507	1	1
3R	22174728	22277637	1	1
2R	2062489	2065206	-1	1
2R	23947341	23947616	-1	1
2R	14946172	14953352	-1	1
2R	439013	495144	1	1
2L	10418339	10418405	1	1
3R	5625673	5625741	1	1
2R	9388019	9389273	-1	1
3R	8719589	8719804	1	1
X	11701128	11703290	1	1
2L	3149280	3159494	-1	1
2L	9886015	9886190	-1	1
3L	16649012	16649119	-1	1
3L	19994904	19995445	1	1
3R	31390199	31390298	1	1
3R	25029573	25033409	-1	1
X	12092084	12092143	1	1
3R	18846067	18847787	-1	1
2R	21307100	21307168	1	1
2L	22535064	22535617	1	1
3R	24259250	24263041	-1	1
X	9172872	9186621	1	1
X	11569287	11569886	-1	1
3R	4301076	4301250	1	1
3R	17951439	17951759	1	1
2L	9870424	9877178	-1	1
3L	13522364	13522932	-1	1
X	5903983	5904298	1	1
4	1043522	1045156	-1	1
X	10238437	10239142	-1	1
3L	4074409	4074811	-1	1
3R	9793922	9793990	1	1
4	714513	717127	1	1
2L	19401094	19410615	-1	1
3L	6096156	6096206	1	1
X	10501757	10505147	-1	1
2R	16292725	16292783	-1	1
3L	9145821	9150791	-1	1
3R	29834623	29834746	-1	1
X	15725315	15725377	1	1
2R	9228436	9228913	-1	1
3R	9784761	9785752	1	1
2L	21158481	21158535	-1	1
2L	20648071	20648302	1	1
3L	2802035	2802122	-1	1
3L	16673425	16673482	-1	1
3R	9558369	9558428	-1	1
2R	12274022	12274510	1	1
2R	24185768	24185988	1	1
Y	132458	200765	1	1
X	20764272	20765562	-1	1
X	22981693	22994756	-1	1
3R	20975866	20975970	1	1
2L	9684365	9684867	-1	1
2R	22103777	22105786	1	1
3L	25520686	25668246	-1	1
X	573931	575628	1	1
2R	24400341	24400408	-1	1
3R	693057	728765	1	1
3L	4091756	4092395	1	1
4	787027	787081	-1	1
X	5791005	5791372	-1	1
3R	9577367	9577608	-1	1
2L	10400463	10403071	1	1
2L	10832497	10837280	-1	1
3R	11431069	11431306	-1	1
2L	14615648	14617246	1	1
2L	6580511	6586501	-1	1
2R	17347791	17347887	1	1
2R	14762797	14762919	-1	1
3R	18330983	18334061	-1	1
2R	15679754	15679911	-1	1
2L	8403654	8404005	1	1
mitochondrion_genome	2332	11336	1	1
3R	27640887	27641016	-1	1
2L	13384795	13384984	1	1
3L	15903076	15924560	-1	1
X	11369006	11369113	1	1
3R	10864909	10868800	1	1
3L	5917032	5917107	1	1
3R	4301132	4301346	1	1
X	13383352	13384296	-1	1
2L	5767242	5767472	-1	1
2L	11807040	11807239	-1	1
X	3256212	3256287	1	1
3R	25605506	25606694	1	1
2R	6695196	6695291	-1	1
X	1481962	1482215	-1	1
2R	18155349	18155411	-1	1
2R	24876825	24881079	1	1
3R	15373910	15374095	1	1
2L	21273772	21273828	1	1
3R	12607685	12607739	1	1
3R	11788581	11788642	1	1
3R	19767900	19769291	1	1
4	611439	611513	1	1
3L	22790197	22796000	-1	1
3R	27651679	27656206	-1	1
X	11429174	11429239	-1	1
3R	24317842	24317896	1	1
2L	13669386	13669545	1	1
2R	4749514	4754500	-1	1
3R	21302861	21304892	1	1
2L	17709622	17711220	-1	1
3L	4956884	4963117	-1	1
2R	21184138	21192154	1	1
2L	23312545	23313406	-1	1
mitochondrion_genome	13008	13443	-1	1
2L	2951927	2953363	1	1
4	216113	216168	1	1
3R	4295701	4296148	1	1
3R	4301154	4301236	1	1
2R	24695757	24696265	-1	1
X	12704183	12731519	-1	1
3R	9629223	9629825	-1	1
X	11296724	11296946	1	1
2L	22332773	22332828	-1	1
2R	7569654	7569710	1	1
2R	11644417	11644485	-1	1
3R	22720018	22720079	-1	1
2L	456224	456289	1	1
3R	21603574	21606498	-1	1
3R	1297393	1454572	1	1
2R	9996122	9996336	-1	1
X	17077718	17077778	-1	1
3R	23983267	23984485	-1	1
2L	13208361	13208421	-1	1
3R	21303331	21304528	1	1
3L	20257386	20258455	1	1
3R	22020723	22020825	-1	1
X	5794288	5794476	1	1
3L	19802841	19802898	1	1
4	1279840	1288124	-1	1
mitochondrion_genome	13001	13210	-1	1
2L	22948723	22948845	1	1
3L	3825831	3828301	1	1
3L	3088139	3088192	1	1
X	12917633	12919075	1	1
4	562037	562190	1	1
2L	9678813	9678869	-1	1
3L	321361	321915	-1	1
X	11429684	11429925	1	1
2L	7185075	7185138	1	1
2R	15515905	15531135	-1	1
2R	24891700	24892217	1	1
3R	21088048	21088116	-1	1
3L	144084	145193	1	1
3R	24489271	24490830	1	1
X	18155439	18170453	1	1
2L	21633424	21633491	1	1
2R	23906529	23906615	-1	1
3R	27679431	27679501	1	1
3R	27679581	27679991	1	1
3L	7366861	7367049	-1	1
2L	12098063	12098356	1	1
X	13167242	13167361	-1	1
3R	10613516	10613872	-1	1
3R	20300153	20300217	-1	1
2R	18635080	18636044	-1	1
3R	23227827	23230260	-1	1
2L	956335	956404	1	1
2R	11380601	11381524	-1	1
X	9440117	9471999	-1	1
2L	4079765	4079826	1	1
2L	1855798	1856430	1	1
2R	3940948	3941621	-1	1
3L	8972313	8974037	-1	1
3L	8974072	8974134	-1	1
2L	1009763	1013333	-1	1
2R	1441392	1442769	1	1
2R	23905392	23905466	-1	1
3R	26944201	26944268	1	1
3R	21299596	21299683	1	1
3R	11583557	11583701	1	1
3L	5745153	5749485	1	1
3R	28085831	28090192	1	1
3R	23983894	23984413	1	1
2L	9727578	9732955	-1	1
3L	305539	309613	-1	1
X	8132347	8133624	1	1
3R	11393927	11394966	1	1
X	13875936	13881967	-1	1
X	5794362	5794455	1	1
4	66739	66840	1	1
3L	22732743	22732920	1	1
X	3710249	3719348	-1	1
3L	20016576	20024192	1	1
3L	9103240	9103599	-1	1
3R	20965381	20974044	1	1
3L	22961475	22961534	1	1
3L	17401137	17401248	-1	1
X	2442551	2443875	-1	1
2R	8953418	8954734	1	1
X	5334480	5356090	1	1
2L	20714147	20714399	-1	1
2R	8000938	8001686	-1	1
2R	10496450	10496698	-1	1
3R	18013915	18017964	1	1
X	7899931	7901298	-1	1
4	96123	97822	1	1
2L	20740304	20748125	1	1
2L	5173345	5174641	1	1
3R	21306472	21309808	1	1
3L	4074216	4085749	-1	1
3L	20002222	20002279	1	1
3L	17400705	17401165	-1	1
2R	14063914	14063978	-1	1
2L	6058682	6058757	1	1
X	503466	578237	1	1
2R	18547136	18547304	1	1
2R	16924797	16926346	1	1
2L	1652962	1656768	1	1
3L	5363048	5363566	-1	1
3R	13132809	13154721	-1	1
3R	21117488	21117619	1	1
X	5793590	5794358	1	1
X	1293017	1293080	-1	1
X	17944194	17951435	-1	1
2R	13192620	13197194	-1	1
4	409802	427656	1	1
3R	9432558	9440862	1	1
3L	17400534	17401030	-1	1
2L	12142834	12144711	1	1
3L	5665604	5749382	1	1
3L	7156316	7156894	-1	1
3R	3462694	3523414	-1	1
3L	13902230	13902894	-1	1
X	9249430	9249827	1	1
3L	991895	993617	1	1
2R	5608727	5609743	1	1
2R	5608739	5609757	1	1
3L	25978151	26008061	-1	1
Y	2817832	2852096	-1	1
3R	30913326	30929992	1	1
X	17503412	17506341	-1	1
2L	21382111	21390348	1	1
2L	416711	416789	-1	1
3R	21310569	21314016	1	1
3L	8972628	8972685	-1	1
3R	31595131	31596132	-1	1
2R	7822236	7822302	-1	1
3L	230546	230644	1	1
3R	11751479	11752888	-1	1
X	6531178	6532152	-1	1
X	9175407	9189125	1	1
3R	30423984	30424101	1	1
3R	5293161	5293219	-1	1
X	12203885	12204139	1	1
4	948177	948311	1	1
3L	19617986	19618280	1	1
X	17927183	17928471	-1	1
3R	21303053	21309808	1	1
X	13380705	13382010	-1	1
X	19869566	19869696	1	1
3R	18275149	18282732	1	1
3L	16355348	16355809	-1	1
3L	20881811	20884347	-1	1
3L	10585540	10587073	1	1
2R	10094850	10098250	1	1
2L	15034017	15034590	1	1
3L	3962670	3964756	-1	1
X	15031069	15031178	1	1
2L	4943749	4943803	1	1
3L	13522086	13535330	-1	1
X	6880227	6880550	1	1
X	16147210	16148742	-1	1
X	15386302	15387614	-1	1
X	12019008	12019997	1	1
2L	10264599	10264947	1	1
2R	10469886	10469946	-1	1
3L	24157187	24157685	1	1
X	18794712	18794856	-1	1
X	17639802	17640553	-1	1
2R	4462395	4469481	-1	1
3L	20169064	20184890	-1	1
2R	13729513	13729603	-1	1
3L	17400978	17401085	-1	1
3R	11277842	11278272	-1	1
3L	17143110	17143533	-1	1
2R	24666812	24666869	-1	1
3R	5586874	5587343	-1	1
2R	16609401	16618804	1	1
2L	8044779	8044847	1	1
2R	2515806	2515866	-1	1
X	575575	577991	1	1
2R	13518856	13518977	-1	1
3L	22866035	22867192	1	1
3L	9683729	9684243	-1	1
3R	20974332	20975966	1	1
2R	17717615	17719206	-1	1
2R	22085760	22087893	1	1
3L	14769957	14770012	-1	1
X	1398885	1400478	1	1
3L	2781131	2781194	1	1
3L	2807616	2837649	-1	1
2L	8044072	8044362	-1	1
3L	22065136	22065238	1	1
3L	4090143	4090279	1	1
2R	9291281	9291337	1	1
2L	22535064	22536537	-1	1
X	1992802	1992858	-1	1
2L	5165603	5177746	1	1
2L	5166766	5175289	1	1
X	4482385	4482520	1	1
3R	14112840	14112913	-1	1
3R	9341977	9358831	1	1
3L	16163973	16164082	-1	1
2R	14296826	14298547	1	1
4	904758	904813	1	1
2L	21070045	21071269	-1	1
X	11944022	11948628	-1	1
X	16561059	16565362	-1	1
3R	10865645	10866529	-1	1
X	10461298	10489827	1	1
2R	11304152	11304208	1	1
X	4931716	4932294	-1	1
3R	9536124	9538114	-1	1
X	12535272	12535558	-1	1
3R	21302303	21302668	1	1
3L	5658291	5659538	-1	1
3L	3459737	3460172	-1	1
3L	4432272	4432330	1	1
2L	9535909	9535995	1	1
3L	5648238	5648303	1	1
X	11809561	11809786	-1	1
2R	15936244	15938214	-1	1
2L	14923080	14932514	-1	1
3R	20973944	20974518	1	1
3L	16539341	16543165	-1	1
3R	20752575	20753509	1	1
2L	2781249	2781622	-1	1
3L	22833800	22840695	-1	1
3R	4960023	4960894	-1	1
X	18371570	18377795	1	1
3R	23848910	23848966	1	1
2R	13954645	13954917	1	1
X	8979353	8999380	1	1
X	95554	107822	-1	1
2R	13580559	13580857	-1	1
2R	2788480	2789541	1	1
3R	713723	715148	1	1
2R	23386046	23386117	1	1
X	12938734	12942054	1	1
2L	7831873	7832533	1	1
2R	22375273	22375384	1	1
2R	5977469	5977987	-1	1
3L	13880601	13881102	-1	1
2R	16641697	16642052	1	1
3L	2872290	2877572	-1	1
X	3258799	3342828	1	1
3R	14733017	14733209	-1	1
X	1440711	1445412	1	1
2R	23863008	23864108	-1	1
X	16638543	16638683	1	1
X	22496862	22497227	1	1
X	8060098	8061264	-1	1
2L	18473497	18474119	-1	1
X	13736220	13736562	-1	1
3R	26697962	26698261	-1	1
3L	11998997	12000273	-1	1
X	1624336	1650007	1	1
X	5175319	5177567	1	1
X	11435482	11438958	-1	1
2R	13988884	13988943	-1	1
3R	28085827	28090189	1	1
2R	22797112	22797426	-1	1
3R	22026043	22027217	-1	1
3R	20974211	20975230	1	1
3L	575282	581029	1	1
2L	12014928	12014991	-1	1
2L	2192849	2192975	-1	1
3L	3401238	3402085	-1	1
X	2269740	2270699	-1	1
2L	6047781	6047900	-1	1
3R	8822147	8822584	1	1
Y	124275	132452	1	1
2R	16029426	16029491	1	1
3L	8810935	8811006	1	1
3L	19600045	19600107	1	1
2L	159820	160009	-1	1
3L	22749843	22784317	1	1
2R	4185377	4258473	-1	1
3R	21785982	21786511	-1	1
2R	9396546	9397920	-1	1
3R	6380620	6380686	-1	1
X	12910960	12911024	1	1
2R	21688391	21688459	-1	1
3R	5559575	5559672	-1	1
3R	27608570	27615293	1	1
2L	19345071	19357228	-1	1
mitochondrion_genome	12979	13408	-1	1
X	20506215	20508199	-1	1
X	12868515	12869435	-1	1
2R	22614722	22614912	1	1
3R	21318464	21320399	-1	1
2L	7157315	7246318	-1	1
4	442111	442180	-1	1
2R	15990674	15990859	-1	1
2R	2119245	2126191	-1	1
X	3720323	3721376	-1	1
3R	9678964	9679177	1	1
2L	8322703	8322774	1	1
2R	9229277	9229598	-1	1
3L	7243635	7243694	-1	1
X	5765596	5772122	1	1
2R	24401809	24402561	1	1
2L	19207896	19207964	1	1
3L	19998396	20000121	-1	1
X	14580733	14581790	1	1
2R	16430003	16431517	1	1
X	3187862	3189222	1	1
3L	17649733	17649815	-1	1
3L	4196308	4196362	1	1
3L	8558347	8573860	1	1
2R	11615864	11626945	1	1
X	17926334	17927550	-1	1
2R	18408325	18408395	1	1
3L	10033425	10036646	1	1
X	2254619	2255143	-1	1
X	16956420	16956496	-1	1
3R	8245876	8248346	1	1
2L	4865445	4874944	1	1
2R	24544091	24545427	1	1
X	8432108	8432930	1	1
3R	31226077	31226141	1	1
2R	21625606	21625665	1	1
2R	10340203	10388134	-1	1
2L	12242424	12242482	1	1
X	2450371	2478603	1	1
3L	19441869	19441939	-1	1
3R	19230949	19231602	-1	1
2R	16184486	16184574	1	1
3R	13373352	13373859	-1	1
X	15405849	15406116	-1	1
3L	13798342	13803062	-1	1
2L	5177539	5179799	1	1
2L	13550585	13551142	1	1
3R	22617804	22617874	1	1
2L	9796960	9885985	-1	1
3L	5657986	5671903	1	1
2R	10461202	10461303	1	1
3R	5151729	5153606	1	1
3R	31787739	31787802	1	1
4	416825	419730	-1	1
3L	14032898	14032957	1	1
X	11790996	11791061	1	1
3R	7889672	7891028	-1	1
2R	18718557	18718712	-1	1
2L	1174988	1175047	1	1
2R	2793293	2924246	1	1
3R	25135459	25135526	1	1
X	10619502	10619966	-1	1
2R	24568165	24570270	-1	1
4	94616	99406	1	1
2L	8044072	8044362	1	1
X	22458799	22509836	1	1
3R	9449175	9457485	1	1
2R	17207938	17208095	1	1
2R	12588036	12597923	-1	1
3R	13039834	13039897	1	1
X	5792407	5794351	1	1
X	7608567	7609164	1	1
3R	5669072	5669140	-1	1
3L	4179631	4363406	-1	1
3R	21297469	21298338	1	1
3L	9714624	9715744	1	1
2L	5165701	5172713	1	1
3R	32054358	32054424	1	1
3R	691880	702324	1	1
2R	9401149	9402409	1	1
3R	20973976	20974374	1	1
4	1023681	1026786	-1	1
X	7079368	7084599	-1	1
X	3289835	3290930	1	1
2R	22407326	22407455	1	1
2L	6332123	6332235	1	1
3L	1140749	1141282	-1	1
2R	17527316	17527376	1	1
X	17928662	17929513	-1	1
3R	6381606	6381682	-1	1
2R	24072962	24073028	1	1
X	12021279	12021338	1	1
X	12021396	12022566	1	1
3L	5566347	5566482	1	1
3L	6109289	6109398	-1	1
2R	5183627	5184124	-1	1
3R	24191760	24191815	-1	1
3R	11371404	11402896	1	1
X	20522042	20522264	-1	1
X	10699359	10700609	1	1
2L	7028421	7028490	1	1
3L	5777900	5777958	-1	1
3L	3129860	3129926	-1	1
3L	3171107	3171164	-1	1
2R	16180111	16181981	1	1
3R	11882988	11883049	1	1
X	11827018	11834713	1	1
3L	5566351	5566483	1	1
3R	725691	736776	1	1
3R	22612234	22612293	-1	1
3L	4578120	4583077	1	1
3R	29136369	29137658	1	1
3R	21789588	21789662	-1	1
3L	15494659	15494760	1	1
3L	9105277	9105742	-1	1
3R	8128531	8129559	1	1
2L	21382097	21392580	1	1
3R	24345649	24345782	-1	1
X	16455678	16463634	-1	1
2L	12439391	12440939	1	1
X	10208295	10210008	1	1
X	15403904	15407575	-1	1
X	4190732	4203191	-1	1
4	1277593	1282547	-1	1
3R	26462114	26466585	1	1
3R	13224761	13224834	-1	1
2R	23675709	23675778	1	1
3R	6407078	6407478	1	1
X	17929317	17941423	-1	1
2L	16249522	16257552	-1	1
3R	21299806	21300362	1	1
X	14801423	14824789	-1	1
4	1035410	1036118	-1	1
2L	16704330	16705048	-1	1
4	889896	891405	-1	1
2R	13946324	13947936	-1	1
2L	14616592	14617199	1	1
2R	8124672	8124848	1	1
3R	24343044	24343103	1	1
2L	8493093	8493744	-1	1
2L	14616902	14616972	1	1
2R	22722905	22723937	-1	1
X	17865340	17878438	-1	1
2L	3074284	3095601	1	1
2R	11305080	11305138	1	1
X	12564692	12565015	-1	1
3R	15393499	15399113	1	1
3R	16296777	16296836	1	1
3L	19589253	19589813	-1	1
2R	6863290	6863348	-1	1
3L	25816968	25843725	-1	1
3R	8865300	8881264	-1	1
3R	9420048	9432573	1	1
3L	12517734	12520752	1	1
3L	2941625	2947802	1	1
3R	5670573	5673490	1	1
2L	1981584	1981642	1	1
3L	16139839	16164072	-1	1
3R	9694787	9694869	-1	1
3R	4204163	4204213	1	1
X	10851642	10851705	1	1
2R	16570379	16570620	-1	1
X	13321370	13351423	1	1
mitochondrion_genome	11762	13524	-1	1
X	13383357	13383453	-1	1
X	89583	89651	-1	1
2L	9736852	9736952	1	1
X	5082240	5082417	-1	1
2L	22157056	22158513	1	1
X	3699788	3699933	1	1
3L	3195234	3196976	1	1
2L	9391585	9391690	1	1
2R	24030730	24031142	-1	1
2R	9509052	9524222	1	1
X	3258799	3324186	1	1
2L	10411962	10412023	-1	1
2R	17442353	17503857	1	1
X	499451	499519	1	1
X	6555020	6583945	1	1
2R	6026849	6026915	-1	1
3R	10881804	10881903	-1	1
3R	16273331	16274419	1	1
3L	5155978	5160225	-1	1
2L	2229814	2229878	1	1
2R	22797079	22797340	-1	1
2R	22700735	22700878	-1	1
2R	17440755	17440817	1	1
2L	7773659	7774201	1	1
3R	15373014	15374147	1	1
3R	5624521	5624890	1	1
2R	19629071	19631037	1	1
2R	20665464	20665545	-1	1
2R	12652917	12655511	1	1
3R	24709662	24711055	1	1
3L	8576969	8578201	1	1
3R	4381530	4381879	1	1
3R	11396319	11402773	1	1
3L	27972937	27973011	-1	1
2L	7864776	7864921	-1	1
3R	29681065	29681127	1	1
2R	14768371	14769278	-1	1
2R	6696930	6697416	1	1
2R	13554682	13555027	1	1
2L	15645790	15646657	-1	1
3R	10581677	10584035	-1	1
3R	13709615	13709672	-1	1
3R	12368576	12369203	-1	1
3R	22652559	22656874	1	1
3R	9535980	9538071	-1	1
2L	7124549	7130074	-1	1
2R	24608555	24608746	1	1
2L	14091115	14092894	1	1
X	13860824	13985979	-1	1
2R	9109007	9109071	-1	1
4	1121867	1122828	-1	1
3L	236907	239055	-1	1
X	11888515	11888572	1	1
3R	27573273	27573927	1	1
2R	9401149	9402409	-1	1
2L	11151621	11151928	-1	1
3L	16575348	16575717	1	1
2L	9879029	9896264	-1	1
4	1035272	1043043	-1	1
3L	5729698	5849036	1	1
3R	24105111	24105370	-1	1
4	653052	653870	-1	1
3R	13021842	13023805	1	1
3L	7974183	7974301	-1	1
X	10627896	10630189	1	1
3L	236502	236554	-1	1
3L	9145813	9153697	-1	1
3L	7854392	7856632	-1	1
2R	23910784	23924962	1	1
3L	24723187	24723243	-1	1
3R	14882197	14882411	-1	1
3R	17909544	17916427	-1	1
2R	15542278	15542365	1	1
2R	10642215	10642277	-1	1
3R	6357341	6357875	1	1
X	3693631	3701149	1	1
2L	14617272	14652601	1	1
X	11830676	11831239	1	1
2R	10822246	10822302	1	1
2R	14793558	14793623	-1	1
3L	16616566	16622174	-1	1
X	3289704	3289879	1	1
2L	8218680	8218854	-1	1
2L	8218872	8219116	-1	1
X	17938505	17952677	-1	1
X	2271569	2272332	-1	1
X	15895516	15902193	1	1
X	18389670	18389732	-1	1
2R	13832418	13833199	1	1
3L	11134479	11136570	1	1
3L	3036662	3036729	1	1
3R	14367500	14369398	-1	1
Y	132457	200735	1	1
3R	19459991	19460217	1	1
2R	17524585	17524704	-1	1
3R	5239198	5239492	-1	1
3L	22792763	22793347	-1	1
3R	5958536	5959259	-1	1
2L	19999374	20016820	-1	1
3L	9461560	9461888	1	1
4	1192784	1193560	-1	1
2R	16345183	16345667	1	1
3L	4136560	4136862	-1	1
3R	15266353	15266481	1	1
2L	4318987	4321109	1	1
2L	5328380	5328570	-1	1
3R	23808030	23818227	-1	1
2R	10480543	10481090	1	1
3L	22565353	22637514	-1	1
3R	8822384	8822469	1	1
X	620556	620939	-1	1
3R	16626217	16631609	1	1
2R	20324225	20324293	1	1
2L	10430383	10430439	-1	1
3L	1500109	1500214	-1	1
3L	8269775	8282265	1	1
3L	5160490	5277897	-1	1
4	387550	389864	-1	1
X	1941057	1941124	1	1
X	6191529	6192497	-1	1
2R	12119080	12119152	-1	1
X	5838165	5840744	1	1
3L	20218158	20336938	-1	1
2R	16001904	16006759	1	1
3R	22070948	22071333	1	1
2L	11805201	11805308	-1	1
3R	26254440	26254876	-1	1
4	482566	482629	1	1
2R	16858765	16858827	1	1
2L	10222136	10222260	1	1
X	1628024	1635439	1	1
3L	4435535	4435662	1	1
2L	3506757	3507189	-1	1
4	1060654	1060741	-1	1
3L	9440271	9440680	-1	1
X	22496314	22496380	1	1
2L	4439645	4441158	-1	1
X	14686823	14691814	-1	1
2L	17385496	17385561	1	1
2L	5177673	5178321	1	1
2L	13684549	13687521	-1	1
3R	18164777	18164832	1	1
3L	4223675	4223726	1	1
X	11423153	11432917	-1	1
X	10791252	10793986	-1	1
X	15482538	15483182	-1	1
X	16784909	16792584	1	1
3L	5276364	5277614	-1	1
2L	15257587	15257799	-1	1
3L	5155892	5161262	-1	1
X	5839634	5840628	1	1
3L	8284005	8284069	-1	1
X	8248769	8249725	-1	1
3L	3036516	3040075	1	1
2R	2732609	2734912	1	1
3L	4429594	4433020	1	1
3R	11399467	11400750	1	1
3L	7663325	7666166	-1	1
2L	16704332	16705308	-1	1
3R	10581835	10613415	-1	1
4	694417	695857	-1	1
2R	19495404	19495461	-1	1
2R	10279429	10285617	1	1
3R	11371344	11402785	1	1
X	10907650	10917969	1	1
3R	19459537	19460029	1	1
X	12571974	12572166	-1	1
3R	20862436	20862498	-1	1
3R	13021643	13024824	1	1
3R	22016205	22016532	-1	1
3L	10587897	10588660	1	1
2R	10757545	10759863	-1	1
Y	132491	200832	1	1
X	2110836	2110950	1	1
2R	15882936	15884335	-1	1
3R	21850689	21855982	-1	1
2L	420696	458823	1	1
3L	4575539	4575602	1	1
2R	19177574	19177819	1	1
3R	20963747	20974345	1	1
3R	11336725	11338237	1	1
X	7936125	7936592	1	1
3R	9119601	9133706	-1	1
X	5086728	5087449	1	1
3R	31574987	31575045	1	1
3L	22366825	22406892	-1	1
3R	13031012	13031082	1	1
2R	2734899	2735030	1	1
3R	11391674	11391918	1	1
X	3860530	3995047	-1	1
3R	8817693	8818689	-1	1
2L	11925729	11928543	-1	1
2L	10308402	10308548	-1	1
4	314958	316393	1	1
3R	11680590	11680645	-1	1
3L	5773345	5776154	1	1
X	6360479	6361203	1	1
3R	13664664	13666770	1	1
3R	10511158	10613757	-1	1
3R	21821024	21821744	-1	1
X	8366096	8366595	-1	1
2L	9684275	9697359	-1	1
3L	19567019	19568438	-1	1
2R	9934378	9940745	-1	1
3L	5159774	5160172	-1	1
2L	16177395	16177678	1	1
3L	8248609	8280845	1	1
3R	9943895	9962602	1	1
3L	3839955	3842173	1	1
X	11971973	11972046	-1	1
2R	9442856	9444673	-1	1
3R	26041951	26042881	1	1
X	5792237	5794297	1	1
X	20301952	20315772	-1	1
3L	13798156	13803062	-1	1
2L	1718904	1723882	-1	1
X	4921780	4923174	-1	1
3R	11393917	11401101	1	1
3L	5749288	5749390	1	1
2R	13157437	13157496	-1	1
X	9174801	9177085	1	1
X	5793670	5794517	1	1
3R	9432501	9454731	1	1
3L	9071688	9071746	-1	1
2L	18156802	18156855	1	1
2R	20320687	20321678	1	1
X	10255411	10257235	-1	1
X	8915341	9071457	-1	1
3L	5657978	5669460	1	1
X	15340992	15343597	-1	1
mitochondrion_genome	13036	13107	-1	1
2L	20749389	20749528	1	1
3L	5161330	5168278	-1	1
3L	9103729	9123671	-1	1
3R	9986834	9986897	1	1
X	5073826	5074789	-1	1
2L	9067696	9070950	-1	1
4	671544	680440	1	1
2L	8363885	8363960	-1	1
3R	31598607	31598782	-1	1
X	13384337	13384388	-1	1
3R	11395495	11400796	1	1
3L	8481829	8490934	1	1
2R	6710460	6711523	1	1
X	17924496	18060068	-1	1
2L	2002921	2005561	-1	1
2L	13394584	13394672	-1	1
3R	31055542	31055608	-1	1
X	576842	578203	1	1
3L	4828187	4828243	1	1
2R	14215530	14216076	-1	1
X	9152896	9156610	-1	1
2R	1595949	1596085	1	1
2R	12758291	12759509	1	1
2R	22801000	22801687	1	1
3L	4090759	4134259	1	1
X	5839623	5840713	1	1
3R	15328994	15329083	-1	1
X	3334945	3357733	1	1
3R	27933499	27933563	-1	1
2L	13483730	13488339	1	1
3R	14891295	14892235	1	1
3R	9192485	9192897	-1	1
3L	3229193	3229253	-1	1
3R	24052257	24053404	1	1
3L	13522096	13666590	-1	1
X	20155760	20156972	-1	1
3R	21771840	21771902	-1	1
3L	1540958	1541656	1	1
3R	29155766	29156603	1	1
2R	16047923	16047984	1	1
4	907470	909005	1	1
X	19735874	19740322	1	1
3L	1654501	1655782	-1	1
3R	31826501	31827810	1	1
3R	23983270	23984315	1	1
3R	13968893	13969170	-1	1
X	12203997	12204147	1	1
X	15064602	15159767	1	1
X	15406740	15409212	-1	1
mitochondrion_genome	13011	13230	-1	1
2L	16704555	16704923	-1	1
2R	19425147	19426034	1	1
3R	12624905	12624966	1	1
3R	19236148	19261621	-1	1
2L	21155682	21155744	-1	1
3L	19575060	19584322	-1	1
2L	14963350	14971614	-1	1
2L	17308024	17308082	-1	1
3L	7683617	7683845	-1	1
3L	21174963	21207280	1	1
3R	6411226	6423417	1	1
3L	4580933	4582480	1	1
3R	30385744	30385897	-1	1
2R	4599409	4745652	1	1
2R	13496259	13501942	-1	1
3R	16071503	16072689	-1	1
X	3862037	3862509	-1	1
X	2717960	2719246	-1	1
3R	12095301	12096101	1	1
X	10049581	10050529	1	1
X	17869817	17869893	-1	1
3R	21783476	21805073	-1	1
2L	1012392	1047976	-1	1
3R	11987377	11988658	-1	1
3R	27640790	27641128	-1	1
2L	18859076	18859137	-1	1
3L	13664875	13666741	-1	1
3R	11399718	11404370	1	1
2R	2246549	2247830	-1	1
X	23431677	23457326	1	1
X	13204151	13205281	-1	1
X	13381911	13384296	-1	1
3R	7290043	7290247	-1	1
2R	12269368	12273776	1	1
3R	25306702	25306758	-1	1
3R	21134506	21134569	1	1
X	5088292	5089342	1	1
2R	14739466	14741134	-1	1
3R	24343022	24343369	1	1
X	13384307	13384367	-1	1
3R	23983587	23983670	1	1
3L	20446820	20446880	1	1
3R	12931785	12933341	-1	1
2L	13384023	13384987	1	1
2L	2772645	2779178	-1	1
X	7942445	7942509	-1	1
X	15106108	15107979	1	1
3L	14539785	14540320	1	1
2L	2788111	2791782	-1	1
2R	20236782	20239039	1	1
3L	8441719	8441975	-1	1
3L	22583363	22615708	-1	1
2R	9998347	9998415	-1	1
3R	29473441	29474732	1	1
2L	1652986	1653331	1	1
4	583361	583608	1	1
2R	18043422	18043514	-1	1
X	19699172	19699686	1	1
2L	9621418	9621479	-1	1
2R	24557700	24558030	1	1
X	16075112	16075674	-1	1
X	16554657	16555498	-1	1
2R	8679135	8680012	-1	1
X	5793340	5794345	1	1
3R	23767871	23768009	1	1
3R	6391226	6391305	-1	1
X	1930587	1938105	1	1
2L	8180030	8181984	1	1
3L	7041132	7043466	1	1
4	1131959	1135768	1	1
3L	19548316	19548377	-1	1
3R	3493242	3520797	-1	1
3R	4282310	4282674	1	1
2R	13818842	13819428	1	1
2L	147455	147511	-1	1
3L	17059139	17060281	-1	1
2L	10847597	10850798	-1	1
X	23241161	23242978	1	1
X	23243026	23243266	1	1
X	15863214	15863804	1	1
2R	8239422	8239642	1	1
3R	16312112	16312173	-1	1
X	18813994	18819776	1	1
3L	6944643	6948485	1	1
2L	9157516	9165403	-1	1
3R	22469919	22482393	1	1
2L	22163107	22165007	1	1
3R	19731159	19752516	1	1
3R	30507604	30507659	1	1
2L	2407860	2410344	1	1
X	11697752	11698299	1	1
2L	7037436	7037763	1	1
4	190062	193424	-1	1
2R	19312715	19312785	-1	1
3R	8817742	8820147	-1	1
3R	21308147	21308425	1	1
3R	19212483	19212559	1	1
3L	8307733	8307794	-1	1
3R	9432243	9442051	1	1
3L	17071064	17147768	-1	1
3L	11252780	11255631	1	1
3L	16064318	16066023	-1	1
3R	12215954	12216638	-1	1
3L	9105904	9106186	-1	1
2L	1176044	1176101	1	1
X	17701777	17702201	-1	1
3R	8817720	8820130	-1	1
3L	11059421	11059497	1	1
2L	21389055	21390082	1	1
2L	9787482	9789675	-1	1
X	18886996	18887053	1	1
mitochondrion_genome	5955	11388	1	1
2L	3757956	3758043	1	1
X	7608666	7678173	1	1
2R	16894700	16894849	-1	1
X	19704150	19704253	1	1
2R	22854742	22855511	1	1
X	5901003	5904586	1	1
X	13985270	13985756	-1	1
3L	269325	270200	1	1
2R	19177574	19177819	-1	1
3R	28324650	28324810	1	1
2L	5176083	5177086	1	1
2L	2772654	2779191	-1	1
2R	17647749	17647817	-1	1
2L	22125119	22130099	-1	1
X	15482538	15483182	1	1
3L	1635460	1635534	1	1
2L	5174234	5174558	1	1
3R	31216422	31216627	-1	1
2R	13945460	13945673	-1	1
2L	21641605	21643170	1	1
3L	22843122	22843214	1	1
3R	19872002	19874201	-1	1
2R	21125003	21125063	-1	1
2R	2825180	2829692	1	1
2L	9888547	9888667	1	1
X	3770469	3770773	1	1
2L	1010698	1012298	-1	1
3R	30528497	30530132	-1	1
X	15936435	15936799	-1	1
2L	13394464	13394521	-1	1
2R	10107754	10107969	1	1
2L	1651884	1653494	1	1
X	18155691	18172858	1	1
4	446286	446631	1	1
X	17865431	17867939	-1	1
X	11817824	11833170	1	1
3R	4737739	4739572	-1	1
X	13360853	13361214	1	1
3L	7853749	7855517	-1	1
3L	20169064	20184763	-1	1
3R	15956905	15957655	1	1
2R	14300368	14300425	-1	1
4	649624	649702	-1	1
X	1673225	1675509	-1	1
X	1675567	1677258	-1	1
3L	22399731	22583003	-1	1
3L	7235302	7235431	1	1
X	3786506	3789693	1	1
3R	20806062	20808155	1	1
3R	24068065	24101296	-1	1
X	17962252	17963080	-1	1
3R	21356705	21356811	-1	1
2R	16328651	16329417	-1	1
3L	11524686	11542134	-1	1
3R	23233201	23233262	-1	1
3R	22600477	22600545	1	1
X	20254940	20257081	-1	1
3L	16374665	16374860	-1	1
3R	25169704	25170602	-1	1
X	11373878	11429903	1	1
X	13865967	13985812	-1	1
3R	26055809	26055867	-1	1
X	21382969	21383030	-1	1
3R	9487204	9487886	-1	1
2L	1011548	1012890	-1	1
3L	4188835	4189676	1	1
3R	21303010	21337435	1	1
X	5641562	5641893	-1	1
X	1447590	1452064	1	1
3L	11184209	11184389	1	1
3L	11184420	11196567	1	1
4	692844	693381	-1	1
2L	9135385	9154659	1	1
2R	15270444	15270631	-1	1
3R	23983901	23984351	1	1
X	18155640	18158891	1	1
2L	9067998	9068421	-1	1
2L	4392902	4393042	-1	1
3R	21785785	21786548	-1	1
4	83508	84179	1	1
4	478075	478538	-1	1
3L	27080104	27082713	-1	1
2R	12529827	12548499	1	1
X	9184834	9188255	1	1
4	1138205	1138461	-1	1
2R	22404461	22407044	-1	1
2R	8125176	8125783	-1	1
3R	17915165	17916314	-1	1
3R	27666246	27676881	1	1
3R	30517684	30517758	-1	1
X	21301979	21302157	-1	1
3L	4379688	4380372	-1	1
3R	13019978	13021593	1	1
3L	19794151	19798774	1	1
3R	5335060	5349640	-1	1
3R	11751494	11752903	-1	1
2R	7464419	7464842	1	1
3R	21348862	21349096	-1	1
X	6233201	6234841	1	1
X	3173542	3173693	-1	1
X	10629361	10677185	1	1
3R	28544477	28544579	-1	1
3R	18198790	18199207	-1	1
3R	4295176	4295227	1	1
X	12918800	12941765	1	1
3R	30165057	30165652	-1	1
3L	8433214	8441286	-1	1
3R	28089664	28090760	1	1
3R	24356284	24356623	-1	1
X	7091193	7096850	-1	1
X	2788613	2789238	-1	1
3R	20747304	20747364	1	1
3R	15956988	15957090	1	1
X	15872825	15875481	1	1
X	17605183	17605238	1	1
3R	27768170	27768622	-1	1
3L	7341884	7391268	1	1
X	16560917	16565151	-1	1
X	17924418	17933964	-1	1
2R	10095399	10096249	1	1
2R	2487669	2497098	-1	1
3R	18113866	18113929	1	1
X	16794633	16795265	1	1
2L	18609963	18610029	-1	1
3R	31595056	31595559	-1	1
X	16823207	16823587	1	1
3R	3627253	3630924	1	1
2L	7414232	7414292	1	1
X	7281207	7285928	-1	1
3R	20895434	20895784	-1	1
Y	132515	200825	1	1
2L	2375077	2375497	1	1
3L	22802421	22824533	-1	1
3R	30577559	30578117	1	1
2L	5762150	5762292	1	1
X	4922889	4923429	-1	1
2R	10024203	10025850	1	1
2R	11444761	11445368	1	1
2R	2053283	2053400	-1	1
Y	132630	200734	1	1
2R	17690249	17690769	1	1
3R	19756122	19760265	1	1
3R	19760335	19760395	1	1
X	7935956	7936448	1	1
3R	24248040	24250054	1	1
3R	23252837	23252892	-1	1
X	14828032	14829132	-1	1
3R	15301687	15303153	1	1
X	17938704	17966348	1	1
X	576873	577936	1	1
X	4368143	4368814	1	1
X	13381575	13383353	-1	1
2R	7242134	7243257	1	1
3L	2253693	2253777	1	1
X	13576928	13591045	1	1
X	13576930	13591047	1	1
X	8053252	8054108	-1	1
3R	15957018	15957652	1	1
X	11218577	11218674	-1	1
X	18864271	18880595	1	1
2L	6568438	6572169	-1	1
2R	13813118	13819445	1	1
3L	9730096	9730312	1	1
2L	15646560	15646925	-1	1
3R	18573530	18586273	1	1
3R	24706305	24706537	1	1
X	5627833	5628135	-1	1
2R	10254277	10254337	1	1
Y	132511	200727	1	1
X	8410216	8410277	1	1
2L	2718750	2719168	1	1
2R	24891693	24892217	1	1
3L	9044194	9048863	-1	1
2R	4620224	4620722	1	1
2R	25271899	25272008	1	1
2R	25272063	25283003	1	1
2L	7100556	7107141	-1	1
3R	8646282	8648676	-1	1
3L	17379429	17401091	-1	1
2R	18691017	18692041	1	1
3L	17400579	17400774	-1	1
3L	9369315	9369546	1	1
2R	10533969	10542905	-1	1
2L	10457963	10458448	1	1
3L	19931822	19932757	1	1
2R	15323566	15324273	1	1
2R	16307455	16307513	1	1
2L	21212582	21212676	-1	1
X	17875120	17886545	-1	1
2L	8219299	8219362	-1	1
X	20498596	20498690	-1	1
2R	12088379	12088686	-1	1
2L	6486112	6486172	1	1
3L	5753235	5756205	1	1
2L	5241507	5271266	-1	1
3R	31595213	31595554	-1	1
X	2492421	2492988	-1	1
X	14206043	14208237	1	1
3L	2536219	2540977	-1	1
3R	5359288	5359348	-1	1
2L	18993951	18994448	-1	1
X	19740683	19740845	-1	1
3L	543278	547482	-1	1
2R	19568515	19628846	-1	1
2L	20650563	20650632	1	1
X	13985731	14044719	-1	1
X	14799585	14799950	-1	1
3L	10338204	10352295	1	1
2R	11280623	11280782	-1	1
mitochondrion_genome	5615	6868	1	1
X	12686994	12731301	-1	1
3R	31634910	31635855	1	1
3L	3171618	3171721	1	1
2R	6749326	6756062	1	1
3R	4282835	4284226	-1	1
3R	20894521	20894643	-1	1
2L	11110669	11112341	-1	1
2R	9504495	9550131	1	1
2R	5297623	5311674	1	1
2R	2915816	3038472	-1	1
2R	17717228	17717465	-1	1
3R	22731400	22731609	1	1
X	571001	575433	1	1
3R	14570763	14574571	-1	1
3L	16040066	16040438	-1	1
2R	3943142	3943429	-1	1
3L	11488451	11495234	1	1
2L	10341933	10342156	1	1
mitochondrion_genome	13006	13223	-1	1
3L	11655151	11655606	-1	1
2L	2780424	2782636	-1	1
2L	4393434	4393502	-1	1
4	129443	129753	-1	1
3R	18931317	18977413	1	1
X	9586129	9589575	1	1
3L	6754494	6754745	-1	1
2R	9424461	9424539	1	1
mitochondrion_genome	12860	13372	-1	1
2L	13991059	13991642	-1	1
3L	224886	224973	1	1
3R	5660304	5660365	1	1
X	8595183	8595248	1	1
X	18354814	18354873	-1	1
X	6602563	6652902	1	1
3L	8282047	8284327	1	1
3R	17909418	17915031	-1	1
3R	12011123	12011183	1	1
2L	3139880	3144526	-1	1
3R	22473817	22477265	1	1
X	11711470	11713595	-1	1
2L	7135878	7157125	-1	1
X	11368477	11369093	1	1
3L	7668149	7669116	-1	1
3R	26879574	26880229	1	1
3R	9445394	9447813	1	1
3R	4258603	4266012	-1	1
2R	23733035	23733495	1	1
X	15964795	15964927	-1	1
X	15965000	15965071	-1	1
3L	7245590	7245979	-1	1
mitochondrion_genome	4180	4291	1	1
X	19529602	19529674	1	1
3R	30278346	30314460	1	1
2L	18128409	18129588	1	1
3R	30017985	30018266	-1	1
3L	4625329	4625937	-1	1
X	5794356	5794415	1	1
Y	124355	200767	1	1
2L	9167439	9177125	1	1
X	15962656	15962764	-1	1
3R	5151627	5153523	1	1
2L	22550802	22557406	1	1
3L	5156217	5156517	-1	1
3L	9413771	9414210	-1	1
3L	1933932	1935694	-1	1
X	1780826	1781718	1	1
3L	8042706	8054145	1	1
2R	20255139	20255201	-1	1
2R	17566995	17567053	-1	1
2R	5418048	5420627	1	1
3R	18355960	18360518	-1	1
3R	15291526	15295113	1	1
X	16003296	16003377	-1	1
2R	10107762	10109203	1	1
2R	24027873	24027974	-1	1
2L	5040888	5041388	-1	1
2L	18320731	18333385	1	1
X	19573465	19575358	-1	1
2L	18599922	18600017	-1	1
X	9667151	9668503	-1	1
3R	23983915	23984440	1	1
2R	12274891	12276416	1	1
X	12942181	12946407	1	1
X	15960913	15961986	-1	1
X	8038663	8038994	-1	1
3L	9461845	9461944	-1	1
3R	3586289	3586517	-1	1
3R	21308116	21308394	1	1
3L	8450353	8472518	1	1
3R	27580326	27580800	-1	1
2R	12169671	12169725	1	1
2L	17369210	17371883	-1	1
3L	1500044	1500910	-1	1
3R	9770660	9771418	-1	1
2L	9291425	9295409	1	1
3L	25803786	25805258	-1	1
3R	19874528	19875398	-1	1
2L	8384541	8384700	1	1
X	17506903	17526767	-1	1
3R	16197299	16197372	1	1
mitochondrion_genome	5427	17409	1	1
3R	9269226	9269294	1	1
3L	11709411	11710506	1	1
3R	21308464	21309854	1	1
3L	8433372	8434047	-1	1
2R	16757164	16757233	-1	1
3L	5695502	5730070	1	1
2R	24571708	24571772	1	1
3L	19172039	19185668	-1	1
2R	12608179	12609229	1	1
X	11384604	11384789	1	1
2L	16050273	16050386	1	1
3L	1652265	1652332	-1	1
X	16606009	16607933	1	1
2L	10205132	10206900	-1	1
2R	17580477	17580916	-1	1
X	1409562	1410100	1	1
3L	4676515	4680665	-1	1
mitochondrion_genome	13009	13216	-1	1
3R	4301136	4301256	1	1
2L	11984951	11985007	-1	1
X	5401027	5403565	1	1
X	9163698	9165682	1	1
3L	5658291	5664964	1	1
2L	1652891	1653295	1	1
2R	16644864	16644922	1	1
2R	24766898	24766949	-1	1
2L	8545234	8563739	-1	1
X	11579125	11579366	1	1
3R	24105238	24105662	-1	1
2R	10031215	10031284	-1	1
3L	16661091	16661215	-1	1
3L	23081728	23093553	1	1
4	395323	395578	-1	1
2R	9993939	9994516	-1	1
3L	5756434	5756497	1	1
X	5073003	5073346	-1	1
3L	24165291	24296458	1	1
X	9166460	9166535	-1	1
X	16823782	16826166	1	1
X	13211299	13211549	-1	1
4	647847	647916	1	1
X	11831091	11831188	1	1
3R	18015231	18017840	1	1
2R	14230965	14234169	-1	1
2L	21725446	21727006	-1	1
2L	13302888	13309758	-1	1
2R	10107660	10109387	1	1
X	5612580	5651314	1	1
X	15755853	15756148	-1	1
3R	9267437	9267489	1	1
3R	11591308	11593633	-1	1
X	16074965	16078027	-1	1
X	11052236	11052319	-1	1
2R	8347839	8349966	1	1
2L	5171199	5173131	1	1
2R	7579248	7579310	1	1
2L	10275388	10275449	-1	1
3L	4762172	4762487	-1	1
3R	4406881	4413002	1	1
3L	24080049	24088161	1	1
2L	7032840	7034765	1	1
4	454049	454597	1	1
4	99525	102805	1	1
3R	21783582	21785580	-1	1
2R	12585184	12585255	-1	1
4	907913	908980	1	1
3R	22018717	22018780	-1	1
3R	22018828	22018992	-1	1
2R	9332668	9333496	-1	1
3R	28088612	28088703	1	1
2R	8615250	8615407	1	1
3R	17674769	17675199	-1	1
X	8925697	8967878	1	1
2L	10989591	10989656	1	1
2R	12297198	12297266	1	1
3L	10182541	10185979	-1	1
2L	6647153	6649030	-1	1
X	15795102	15795876	-1	1
2L	6196776	6196849	1	1
X	10215200	10215254	-1	1
3L	7854392	7854742	-1	1
2R	11695025	11695125	1	1
2R	17007059	17007133	1	1
X	9166332	9177169	1	1
2L	5545973	5546296	1	1
3R	26461975	26466585	-1	1
2L	9515937	9515995	1	1
2R	22189052	22189114	1	1
4	379390	383265	-1	1
mitochondrion_genome	3345	3492	1	1
3R	9542925	9543379	1	1
3L	19061601	19061741	-1	1
3L	7156411	7156894	-1	1
3R	7748024	7749040	-1	1
3L	19880197	19880258	1	1
3L	3954763	3957459	-1	1
2L	10319714	10319847	-1	1
3R	15242800	15244360	1	1
2L	5652181	5658391	-1	1
X	17642238	17642303	-1	1
X	12569549	12571635	-1	1
3L	13638404	13638464	-1	1
3L	22832939	22833333	-1	1
3L	13638566	13777913	-1	1
2L	21637017	21797396	1	1
3R	4365895	4365949	1	1
3R	13382259	13383464	1	1
3L	21195647	21195792	1	1
3R	12446856	12446925	1	1
2L	4719982	4720341	1	1
X	1373635	1374799	1	1
3L	4319123	4319199	1	1
X	10699352	10699522	1	1
2R	8948036	8948236	-1	1
3R	24103431	24105448	-1	1
3L	20834146	20835898	1	1
2R	14163360	14164327	-1	1
X	11483253	11504841	1	1
3R	26832413	26832594	1	1
2R	23389419	23389481	-1	1
2R	8903197	8903432	1	1
3R	8817953	8818292	-1	1
3L	7329326	7329480	1	1
2R	1340093	1344503	-1	1
X	13585828	13585894	-1	1
3R	7270242	7270566	1	1
Y	132628	200803	1	1
3R	26869371	26870059	-1	1
X	6276275	6276519	-1	1
3L	17488333	17501445	1	1
mitochondrion_genome	11639	15234	1	1
3L	19997214	19997575	1	1
2L	15228033	15228132	1	1
mitochondrion_genome	12994	13206	-1	1
3R	13661593	13661702	1	1
X	23083044	23083309	1	1
3L	7166602	7166663	-1	1
2L	18677473	18678839	-1	1
2R	21516860	21517109	1	1
3L	17063424	17065373	-1	1
3L	24437562	24444155	-1	1
3R	11795757	11795816	-1	1
3R	15951748	15955164	1	1
2R	14505483	14505551	1	1
3R	8658845	8660165	-1	1
3R	20296126	20296200	1	1
2L	7832499	7832605	1	1
X	13381654	13382497	-1	1
2L	13363645	13363790	-1	1
2L	12817860	12818140	-1	1
2R	2847633	2885546	1	1
3L	11992169	11993039	-1	1
3L	17400534	17401029	-1	1
2R	7931956	7932008	-1	1
3R	791880	795256	1	1
3R	25647267	25647337	1	1
2R	9351272	9351414	-1	1
2L	13486930	13487987	1	1
X	23283461	23431498	-1	1
2R	5669904	5669989	1	1
3R	20206531	20249211	1	1
2L	21382131	21390328	1	1
3L	2955847	2955912	1	1
3L	10858687	10874479	1	1
2R	21060995	21061363	1	1
2R	9540337	9540791	1	1
3R	17919879	17920160	1	1
3L	19891461	19892320	-1	1
2R	18630569	18630629	-1	1
2L	18690594	18690660	1	1
3L	5360251	5362657	1	1
4	95003	99406	1	1
2L	4694992	4705478	1	1
X	19622667	19622729	-1	1
2R	22797179	22797524	-1	1
3L	14798776	14799746	1	1
3R	5336467	5349625	-1	1
2L	16423380	16423678	-1	1
X	15115926	15116222	1	1
X	11369008	11369113	1	1
3L	12650699	12650753	-1	1
3R	21302841	21303256	1	1
2R	14276429	14277188	1	1
3R	18931388	18937528	1	1
2R	19161133	19161194	1	1
2R	12271257	12277005	1	1
3L	9177537	9178317	-1	1
3L	6018151	6018403	1	1
3L	6943005	6943071	1	1
3L	15157428	15157486	-1	1
2L	14344124	14344183	1	1
2L	6647153	6647921	-1	1
X	6679891	6681640	1	1
3L	23584957	23656667	1	1
2L	475861	476073	1	1
2R	24375767	24375827	1	1
3R	16103216	16103652	1	1
X	13862369	13864271	-1	1
2L	7849590	7850306	-1	1
2R	12277565	12277914	1	1
4	308290	308374	1	1
3R	24675023	24686804	-1	1
3R	15961006	15961393	1	1
2L	2985178	2985240	-1	1
2L	2581601	2582174	-1	1
X	16710078	16710145	1	1
2R	18154370	18155074	-1	1
2R	18836348	18836416	1	1
3R	29109293	29112245	-1	1
3R	29112314	29112411	-1	1
2L	2747080	2748450	-1	1
X	16463265	16483294	-1	1
2R	12167210	12173043	-1	1
3R	5356530	5356600	1	1
3L	6943102	6944383	1	1
X	15803899	15805057	1	1
X	18039659	18040280	-1	1
3R	11012345	11012441	1	1
X	17847420	17847482	1	1
X	519243	521292	1	1
2R	16858469	16859302	1	1
2L	19511739	19511797	-1	1
X	11794093	11801290	1	1
2L	9387891	9389829	1	1
X	2626926	2633031	1	1
3R	5652785	5653182	-1	1
3L	23150330	23150453	1	1
2L	11166144	11166690	-1	1
4	952078	952138	-1	1
4	862263	864179	-1	1
2R	1441605	1442769	1	1
2R	13580544	13580836	-1	1
3L	17040602	17041694	-1	1
3L	16063174	16063543	1	1
3L	6496602	6505083	1	1
3L	629303	629741	1	1
2R	15879853	15879922	-1	1
3L	16843257	16844452	1	1
3R	5858393	5858807	-1	1
2R	10107594	10108349	1	1
3L	9146785	9149885	-1	1
3R	21308103	21308381	1	1
X	11724976	11728835	-1	1
2L	17573630	17575461	-1	1
3R	20974058	20975072	1	1
X	11384974	11387111	1	1
3L	8976400	8976458	1	1
3L	16139829	16164066	-1	1
3L	5170441	5201065	-1	1
3R	11328335	11329314	1	1
2R	7607537	7613789	1	1
X	11290346	11297311	-1	1
3L	20834127	20835917	1	1
2R	9577379	9577682	-1	1
2L	6121944	6122005	-1	1
4	190062	193545	-1	1
2L	1052496	1052566	-1	1
X	5176442	5177567	1	1
X	15978121	15980723	-1	1
2L	13420581	13496116	1	1
X	22982246	22982310	-1	1
2R	17391752	17392289	1	1
3L	4371909	4379494	-1	1
2R	24696337	24698007	-1	1
3R	15957848	15960347	1	1
X	7608875	7671534	1	1
3L	16724574	16753031	1	1
3R	5665616	5667262	-1	1
3R	29738315	29739722	1	1
2R	16623646	16623776	1	1
2L	9910433	9910489	-1	1
2L	13394491	13394664	-1	1
X	575971	578006	1	1
3R	16146068	16146191	-1	1
3L	7033965	7034503	1	1
3L	7034539	7034635	1	1
3R	11438687	11439885	-1	1
3R	13015088	13019342	1	1
3R	28889359	28889766	1	1
X	17553306	17553722	-1	1
X	14797523	14798868	-1	1
3L	7059850	7082092	-1	1
2L	9338522	9338588	1	1
2R	12274026	12278768	1	1
X	15954723	15956234	-1	1
3R	16146360	16146423	-1	1
3R	30446504	30446564	-1	1
2R	19442730	19443363	1	1
2R	24670787	24670848	1	1
4	1181438	1181590	-1	1
3L	16052581	16052862	1	1
X	53511	62495	-1	1
3R	18248372	18250211	1	1
3L	8889870	8889938	1	1
3R	11044225	11045245	1	1
3R	10816938	10816996	1	1
3R	29598281	29599068	1	1
3R	19652507	19653212	-1	1
3R	23732574	23732627	-1	1
2L	5171188	5174197	1	1
3R	30878213	30878318	-1	1
3L	20263715	20264128	1	1
3R	8315364	8315422	-1	1
2R	21404727	21406716	-1	1
2L	18854753	18854999	1	1
3R	4300859	4301114	1	1
3R	24343363	24343490	1	1
2L	9067707	9070900	-1	1
2R	12618902	12623344	1	1
X	12637186	12637261	1	1
X	12637325	12637438	1	1
mitochondrion_genome	1989	2844	1	1
2R	12557776	12558871	1	1
3R	11751470	11752879	-1	1
2L	2763622	2785950	-1	1
X	16301752	16301813	1	1
X	17068766	17069054	-1	1
3L	3723873	3741996	-1	1
2L	21389080	21390052	-1	1
Y	132561	200844	1	1
X	10238451	10255017	-1	1
3R	29064476	29108639	1	1
4	652585	652646	-1	1
2L	11806158	11809141	-1	1
X	13860801	13862254	-1	1
X	3859499	3862635	-1	1
2R	9309268	9313603	-1	1
3L	13537872	13538998	-1	1
3R	9262260	9262338	1	1
2L	8174699	8175176	1	1
X	9848977	9849032	1	1
3R	30877998	30878209	-1	1
2R	22936279	22936503	-1	1
X	13804422	13805452	1	1
X	13805476	13806532	1	1
3R	23936646	23937423	-1	1
2L	20028330	20045055	1	1
3R	28518790	28519172	1	1
2R	14179670	14180422	1	1
2R	13889070	13890724	-1	1
3L	9474268	9474329	-1	1
X	3914252	3929567	-1	1
3R	30165169	30165652	-1	1
X	16455592	16462181	-1	1
X	9179013	9179303	1	1
3R	21305084	21309808	1	1
X	11795187	11798709	1	1
3R	30361087	30371938	1	1
X	23253351	23256729	1	1
3R	21949399	21949640	1	1
2R	5661289	5661359	-1	1
4	1124332	1124768	1	1
X	17934643	17942563	-1	1
3L	19141646	19232512	-1	1
3L	17400485	17401074	-1	1
2L	9896391	9897015	-1	1
X	21600882	21601231	-1	1
X	19272135	19273124	1	1
2R	15937880	15938447	-1	1
3R	30389443	30389697	1	1
3L	24085605	24131196	1	1
3L	9124228	9125065	-1	1
X	17405647	17414025	-1	1
3R	21296972	21310546	1	1
3L	19232573	19234805	1	1
3L	11992226	11992786	-1	1
3R	25050601	25050737	1	1
X	18861768	18861833	-1	1
X	11424286	11430099	1	1
3R	7092547	7092611	-1	1
X	12732401	12732654	-1	1
2L	23512885	23513041	1	1
3R	20894695	20896250	-1	1
3L	7117537	7117933	-1	1
3R	14890903	14890962	1	1
2L	1012314	1012516	-1	1
3R	5593442	5594376	1	1
X	13256244	13262106	1	1
X	6718358	6770307	1	1
X	4138903	4154707	-1	1
X	5086136	5089707	1	1
3R	14367497	14369398	-1	1
3R	21097435	21121335	-1	1
3R	4413007	4413241	-1	1
3L	1575501	1575615	1	1
3R	31216383	31216656	-1	1
3R	4428624	4428975	-1	1
3L	21568177	21568411	-1	1
2L	19120074	19120251	-1	1
3R	17674721	17675233	-1	1
X	9184958	9186826	1	1
3L	13874015	13886080	-1	1
3L	7682685	7682913	-1	1
3R	18165708	18166099	-1	1
X	3859564	3862153	-1	1
X	11456488	11456655	-1	1
3R	18249674	18291747	1	1
2L	957669	958016	1	1
2R	2830466	2830528	1	1
3L	5673135	5748420	1	1
X	1866997	1868343	-1	1
X	21037995	21038729	1	1
3L	19340579	19342114	-1	1
2L	1011596	1012850	-1	1
3L	16259343	16259409	-1	1
2R	2790039	2790290	1	1
2L	5171257	5173345	1	1
2L	13547403	13548982	-1	1
2R	12274020	12276419	1	1
X	5790989	5791160	-1	1
2L	11803899	11809236	-1	1
2L	16245856	16247037	-1	1
2L	2772476	2772551	-1	1
3L	7167727	7167848	-1	1
2L	5799273	5800044	-1	1
3R	29091958	29092143	1	1
3L	1657940	1658093	-1	1
3R	11335623	11338237	1	1
4	1033219	1033272	1	1
2R	24970418	24970472	1	1
3L	17640054	17643363	-1	1
X	7965750	7967764	-1	1
X	11579237	11579349	1	1
2R	14993728	15010284	-1	1
2R	17568954	17572097	1	1
3R	21302789	21303064	1	1
2R	22662864	22662934	1	1
X	4699544	4764915	1	1
3R	11228422	11228498	-1	1
3R	23959594	23960898	1	1
2L	16954297	16955930	-1	1
3L	17063283	17236031	-1	1
X	11374161	11409495	1	1
3R	27565388	27566496	-1	1
X	15989303	15989379	-1	1
X	5400439	5403758	1	1
X	2269705	2270528	-1	1
2R	23675989	23677048	1	1
2R	20641812	20642436	1	1
2L	2229394	2229457	1	1
3R	21307157	21307435	1	1
3R	5083865	5085686	-1	1
X	13863916	13985819	-1	1
2L	7787768	7787834	-1	1
3R	5667760	5668844	-1	1
2L	18211275	18275719	-1	1
3R	27287532	27287867	-1	1
2L	21137107	21137515	-1	1
3R	10172725	10172786	-1	1
3R	25867412	25868668	1	1
X	4091524	4106602	1	1
2R	14279631	14281484	1	1
X	10618997	10619970	-1	1
X	12942299	12945796	1	1
2L	14528044	14528419	-1	1
X	4110566	4126160	1	1
2R	10108244	10151588	1	1
2R	3898227	3900797	-1	1
X	5836156	5836730	-1	1
3R	9342492	9354422	-1	1
X	4933686	4934281	-1	1
2R	16894700	16895087	-1	1
3L	12291223	12291554	-1	1
3R	21784096	21784226	-1	1
2L	11803899	11804224	-1	1
mitochondrion_genome	13019	13374	-1	1
3R	18122430	18133472	1	1
X	9181733	9187996	1	1
2R	14276429	14276979	1	1
2R	4442578	4458023	-1	1
X	20020510	20027696	-1	1
X	8399470	8400561	1	1
3L	19481712	19482057	-1	1
X	8276310	8279581	1	1
X	8465246	8465513	1	1
2R	10484825	10485277	-1	1
2R	21625816	21625938	1	1
2L	8107591	8107748	1	1
2L	9293242	9294928	1	1
X	4117237	4117964	1	1
2R	10335162	10335264	-1	1
3L	7529396	7681054	-1	1
3R	23982610	23984443	-1	1
3R	11376303	11404681	1	1
X	12785664	12787771	-1	1
3L	9180211	9181621	-1	1
3R	21301582	21301860	1	1
X	15003816	15006565	1	1
2L	15646558	15646923	-1	1
3R	5202854	5203050	-1	1
2R	9528628	9528971	1	1
X	11057801	11058365	1	1
3L	1330950	1331042	1	1
2R	21189122	21192252	1	1
2L	22131700	22132233	1	1
X	5082240	5082882	-1	1
3R	19215737	19217787	-1	1
2R	24967087	24967147	-1	1
X	15085721	15085788	-1	1
2R	24966154	24967147	-1	1
X	1647556	1648968	1	1
3L	5739017	5739106	1	1
3L	7682869	7683554	-1	1
3L	21875335	21932549	1	1
3R	9418236	9418324	1	1
4	999484	1001396	1	1
X	3373724	3374940	-1	1
X	5518430	5518499	1	1
3R	18226872	18228510	1	1
2R	14300105	14343073	1	1
2L	19600932	19610847	1	1
2R	12277893	12278508	1	1
2R	14231965	14232725	1	1
3L	19279634	19279698	1	1
3L	17063894	17063965	-1	1
3L	5806256	5806315	-1	1
3L	7668398	7670271	-1	1
X	8037934	8040687	-1	1
3L	11609189	11609286	-1	1
3R	21111856	21113946	1	1
3L	6253864	6256547	-1	1
2L	21036585	21050849	-1	1
X	16463516	16527490	-1	1
4	671190	680440	1	1
X	16455703	16456623	-1	1
X	16281114	16285050	1	1
2R	24664961	24665371	1	1
2R	17006508	17006789	1	1
3R	24872412	24872654	-1	1
2R	14848712	14852203	-1	1
X	12832097	12869347	-1	1
2R	2935028	2937012	1	1
2L	15059578	15059751	-1	1
X	8099069	8099141	-1	1
2R	13841250	13841599	1	1
3R	17041926	17042301	-1	1
2L	1016077	1016139	1	1
2L	11810810	11811758	-1	1
2L	10178478	10180217	-1	1
3L	9342012	9348065	1	1
2L	8663475	8663940	1	1
X	11428701	11429981	1	1
3L	18798865	18800479	-1	1
3L	2786661	2787785	-1	1
X	9173028	9173104	-1	1
2R	927571	949871	-1	1
3L	8536511	8537404	1	1
2R	17692265	17717667	-1	1
X	287042	287329	-1	1
X	7911194	7911252	1	1
4	1134410	1134872	1	1
3L	17640054	17641026	-1	1
3R	26861934	26861991	-1	1
X	21042081	21042145	1	1
4	618632	618693	1	1
3L	4181202	4181255	-1	1
X	2186941	2187148	1	1
3R	28089341	28089595	1	1
3R	21807735	21808283	-1	1
X	20888849	20893784	-1	1
2L	19120026	19120241	-1	1
3L	20206552	20212704	-1	1
3R	20975761	20975904	1	1
2L	2770192	2770259	1	1
2L	9339804	9339866	-1	1
3R	18969709	18969769	1	1
3L	893600	893836	1	1
2L	17167620	17167809	1	1
2R	21690735	21690828	-1	1
2L	12065394	12065454	-1	1
X	1379373	1379731	-1	1
2R	23548917	23633007	1	1
2R	10222004	10222058	-1	1
X	6079022	6079709	-1	1
X	15865704	15865798	1	1
3R	25126874	25126935	1	1
3R	20958111	20974554	1	1
3R	21305084	21305360	1	1
X	3700799	3703390	1	1
3R	29992013	29992083	-1	1
X	10241737	10242834	-1	1
3L	21319309	21319399	1	1
2L	15253880	15254676	1	1
2L	9870375	9877192	-1	1
3L	15870808	15879108	-1	1
2L	20336405	20336470	1	1
2R	20645583	20645653	-1	1
3R	26580627	26580696	1	1
2R	24991273	24991625	-1	1
2R	9044914	9059487	-1	1
X	5221438	5223919	1	1
Y	132496	200746	1	1
2L	21115093	21116260	1	1
X	10406701	10406762	-1	1
3R	3619669	3627304	1	1
X	938446	939268	1	1
X	19646338	19646827	1	1
2L	9294318	9295367	1	1
3R	18227802	18228567	1	1
2R	16029661	16029803	1	1
X	1893729	1894095	-1	1
3R	29103541	29108801	1	1
3R	5710237	5710294	1	1
Y	124280	132451	1	1
3R	11588503	11588560	-1	1
3L	14052838	14052897	-1	1
2R	12274948	12320968	1	1
3R	9778709	9778801	1	1
4	671237	680440	1	1
2R	7657299	7657412	1	1
3L	3058754	3059565	-1	1
X	1295937	1309859	-1	1
3R	3573150	3602040	1	1
2R	23945081	23945696	1	1
3L	13869457	13870988	-1	1
3L	6737673	6738704	-1	1
X	1412031	1413418	1	1
3L	4414458	4417820	1	1
2R	24879804	24880839	1	1
2L	21087052	21087113	-1	1
X	13861431	13875744	-1	1
3L	6111657	6122512	1	1
3R	4319891	4319954	1	1
2R	2986109	2986188	1	1
2R	10107663	10109346	1	1
2R	10109393	10109649	1	1
3L	18748890	18749344	1	1
2L	21382089	21390163	1	1
3L	16622672	16624319	-1	1
3L	16403159	16405060	-1	1
3L	16230325	16230382	1	1
3L	4582344	4582554	1	1
3L	3924478	3925559	-1	1
3R	4301174	4301256	1	1
3L	6114354	6115955	1	1
2R	15277778	15277887	-1	1
2R	17868809	17871329	-1	1
3R	17909517	17915016	-1	1
2R	5187934	5188007	-1	1
X	12917613	12946402	1	1
3R	15170702	15180208	-1	1
3L	5269744	5279366	-1	1
2R	7322398	7322560	-1	1
X	9559015	9559073	-1	1
2L	19896344	19901966	1	1
3L	9105215	9107003	-1	1
X	6359172	6361019	1	1
3R	13385294	13388847	1	1
3L	20383501	20383553	-1	1
4	1277596	1295026	1	1
3R	26171456	26183800	-1	1
2R	2495024	2522431	-1	1
2R	21145714	21204029	1	1
X	15865006	15865859	1	1
X	19518686	19521766	-1	1
2R	953793	955163	1	1
3L	1631394	1631916	1	1
2L	21132982	21134551	1	1
2R	5863707	5863859	1	1
3R	12623899	12624545	-1	1
3R	20907154	20907933	1	1
3R	16314151	16314365	-1	1
3L	9140789	9140851	1	1
3R	31217047	31217913	-1	1
2R	22175318	22175376	-1	1
X	13591769	13592979	1	1
2R	13832359	13833321	1	1
3R	13637143	13642299	-1	1
2R	11641805	11651281	-1	1
3R	30951248	30952627	-1	1
3R	12999101	12999441	1	1
X	9469763	9498344	-1	1
X	530810	578144	1	1
X	18204139	18216806	1	1
3R	23983950	23984290	1	1
X	1016734	1026514	-1	1
3L	351715	355753	1	1
X	11034927	11057597	-1	1
X	16761010	16764485	-1	1
3L	5671148	5672140	-1	1
3R	586296	677740	1	1
3L	3128207	3129283	-1	1
3R	25381233	25382244	-1	1
2R	23387613	23387672	1	1
3L	17126002	17147405	-1	1
3L	13798156	13798254	-1	1
X	11815540	11815640	-1	1
X	9665467	9683677	-1	1
X	12907245	12907309	1	1
X	10463154	10466687	-1	1
2L	13551667	13558800	1	1
2L	13558833	13594256	1	1
X	9186484	9189260	1	1
3R	18192640	18199151	-1	1
3L	16384114	16385820	-1	1
X	12230074	12272314	1	1
X	5174578	5174637	1	1
X	18170592	18225916	-1	1
3R	15936138	15959495	1	1
3L	9150792	9177936	-1	1
4	201384	201441	-1	1
3R	8675518	8675573	1	1
3R	8817689	8819168	-1	1
3L	7654100	7654253	-1	1
3L	11112534	11112767	-1	1
3L	4552864	4553362	1	1
3R	25482384	25482704	-1	1
X	18883512	18948757	-1	1
3R	11371457	11404370	1	1
X	11817155	11837072	1	1
X	9171322	9171659	1	1
X	13741144	13741684	1	1
X	3482121	3482230	-1	1
3L	2786667	2787790	-1	1
3L	4429716	4430791	1	1
3L	17068884	17069677	-1	1
4	254343	255419	1	1
3R	27151907	27154216	1	1
X	23282293	23432658	1	1
2R	19427619	19427677	1	1
2L	8189979	8230067	1	1
3R	7088151	7088531	1	1
3L	21724501	21726878	-1	1
X	11370086	11373817	1	1
3L	25682427	25712644	-1	1
3L	1019628	1022678	-1	1
4	395323	395766	-1	1
X	5396723	5403798	1	1
3R	11390683	11391054	1	1
2L	2981397	2981615	-1	1
2L	14616592	14617052	1	1
3L	7690713	7690941	-1	1
Y	132529	200825	1	1
3L	16799955	16805827	1	1
3L	17400579	17401097	-1	1
3R	9629271	9630444	-1	1
2L	9548159	9548895	-1	1
3R	28610520	28610602	-1	1
3R	28324878	28325589	-1	1
3R	22484996	22486005	1	1
2R	1521560	1526782	1	1
2R	17573715	17573784	1	1
2L	5973324	5973408	-1	1
X	21628755	21628848	-1	1
2L	9293583	9295354	1	1
X	21036638	21037897	1	1
3L	17400880	17401043	-1	1
3R	5575376	5575436	1	1
2L	5761268	5762178	1	1
3L	22833477	22833702	-1	1
4	583253	583789	1	1
3R	21307474	21309421	1	1
3R	28284047	28284108	1	1
mitochondrion_genome	9682	13614	-1	1
X	15758318	15760641	-1	1
2L	10007465	10007584	1	1
3L	3311828	3311886	1	1
X	22995915	23004488	-1	1
4	1051049	1053498	-1	1
2L	1012466	1013273	-1	1
2R	9432179	9432235	1	1
2R	11852911	11854382	1	1
2L	9744921	9746434	-1	1
2L	20797843	20797945	1	1
2R	16619690	16621325	1	1
3L	5695485	5747309	1	1
2R	17376296	17377910	1	1
3R	7191819	7198625	1	1
X	9612449	9618092	1	1
3L	7529187	7529708	1	1
3L	21189973	21192903	-1	1
3R	29107435	29108489	1	1
2L	10063655	10063713	1	1
X	6104410	6106265	-1	1
2R	13623402	13623477	1	1
2R	11174166	11177845	1	1
X	12128632	12175745	1	1
2L	7825797	7826830	-1	1
X	8559364	8559426	-1	1
2R	23910508	23911391	1	1
2L	5768464	5768605	-1	1
4	92067	92133	1	1
3L	7666177	7666294	-1	1
3R	9354674	9358943	1	1
X	503454	578225	1	1
X	10781630	10782040	-1	1
X	5792611	5792723	1	1
X	8248839	8248904	-1	1
X	2646872	2659148	1	1
X	12941908	12947529	1	1
X	17927100	17927158	-1	1
X	17933325	17937813	-1	1
4	1272318	1272377	-1	1
4	1066147	1066530	1	1
2R	14768371	14768891	1	1
2L	9787570	9788179	-1	1
3L	10222102	10223868	-1	1
Y	132483	200697	1	1
3L	1341862	1341928	-1	1
2R	4727954	4728433	-1	1
3L	10506709	10515885	1	1
X	1217756	1233978	-1	1
3L	19254458	19254740	-1	1
3R	31216398	31216731	-1	1
3L	19595074	19598310	-1	1
2R	22350101	22360471	1	1
3R	12629641	12629842	1	1
X	9187771	9187833	1	1
3R	23995031	23995186	1	1
3R	24064924	24105453	-1	1
X	4325519	4364648	1	1
3L	17018425	17018485	1	1
2R	8902734	8904528	1	1
2R	16183734	16184839	1	1
X	12651599	12653024	1	1
3R	21310091	21314398	1	1
2R	13145775	13146264	-1	1
3L	9049157	9106425	-1	1
2R	7834824	7836481	-1	1
3R	14733035	14733227	-1	1
2R	11691413	11691500	1	1
2L	3042726	3042836	1	1
X	15181499	15183999	1	1
2R	24891872	24892287	1	1
2R	8963288	8963828	-1	1
2L	8112011	8114654	1	1
3R	24061267	24061323	1	1
2L	8134774	8134842	-1	1
3L	14757331	14757842	-1	1
2L	3360929	3360996	-1	1
3L	19868646	19868724	-1	1
2R	17686045	17686107	1	1
3L	25620898	25705676	-1	1
X	11698598	11699323	1	1
3R	7531214	7532631	1	1
2L	5884628	5885051	1	1
3L	11112452	11112691	-1	1
3R	29039365	29041096	1	1
3R	21303131	21304430	1	1
4	919861	920358	-1	1
X	9510665	9550434	-1	1
2R	9994143	9996220	-1	1
X	17870658	17872619	-1	1
2R	14940075	14940158	1	1
X	5251170	5262338	1	1
2L	8668028	8699439	-1	1
3R	31216781	31217111	-1	1
3R	30821058	30824278	1	1
2L	9341523	9341771	1	1
X	17015225	17018239	-1	1
2L	4114512	4114588	1	1
X	11931228	11931946	1	1
X	8424710	8424837	1	1
X	21366864	21367395	-1	1
X	9179367	9179615	1	1
3R	6386134	6387570	1	1
X	16477758	16479807	-1	1
X	17073198	17073263	-1	1
3R	9359069	9359121	1	1
3R	28603143	28605573	1	1
4	69980	94530	1	1
4	315184	316672	1	1
2L	750927	752731	1	1
3L	22293158	22293633	-1	1
3R	10226620	10229235	1	1
2L	9871337	9896452	-1	1
2R	4423638	4423890	-1	1
3L	1330048	1330131	1	1
X	19875889	19893806	1	1
3L	19548610	19548664	-1	1
3R	5652784	5653166	-1	1
2L	6790232	6790582	-1	1
3R	16636365	16636429	1	1
3R	21972660	21974324	1	1
2R	3182520	3214685	1	1
X	16956430	16956502	-1	1
2R	9530207	9530900	1	1
3R	15956934	15961416	1	1
2L	7049999	7050066	-1	1
X	246307	246656	1	1
2R	24961748	24964572	-1	1
2R	24052170	24052395	1	1
3L	9146188	9177286	-1	1
2R	21667667	21668650	-1	1
3R	12561763	12595395	-1	1
2R	13581337	13581494	-1	1
2R	24186877	24188357	1	1
X	17994563	17995574	-1	1
X	759686	759755	1	1
3R	30206593	30206650	-1	1
3R	18908568	18910269	1	1
3L	3133339	3139751	-1	1
3R	10783031	10783086	-1	1
2R	4692011	4700957	-1	1
2R	10095545	10096056	1	1
3L	7980700	8050051	1	1
2L	9176462	9177125	1	1
2L	2973369	2973429	1	1
2L	6057879	6059335	1	1
3L	18616446	18616727	-1	1
X	5792597	5792702	1	1
3R	15801542	15801838	1	1
3R	8817724	8820181	-1	1
mitochondrion_genome	13052	13762	-1	1
X	1044322	1045846	1	1
2R	4750392	4751488	1	1
X	12333605	12334840	1	1
3L	12785535	12804786	-1	1
2R	4732155	4732212	1	1
3R	11591308	11591995	1	1
3L	19340639	19342632	-1	1
2R	23911869	23912188	1	1
X	13383624	13384361	-1	1
2L	19753688	19753747	-1	1
3R	9131442	9136297	-1	1
3R	20975931	20976052	1	1
3R	23608482	23608719	-1	1
3L	10308366	10313258	1	1
3R	16984618	16987529	-1	1
2L	5164888	5205409	1	1
3R	28603060	28605510	1	1
3R	11626416	11626476	1	1
3R	15856583	15856638	-1	1
3R	4659894	4660239	1	1
2L	9381319	9381384	-1	1
X	18792109	18849835	1	1
2R	8682534	8682600	1	1
X	13259072	13262189	1	1
2R	17373162	17373818	-1	1
X	22837371	22837421	1	1
2R	22466804	22471458	1	1
2L	145911	147349	-1	1
3R	4496133	4496476	1	1
X	16802470	16802557	-1	1
3R	9778206	9778777	1	1
3R	21299680	21308461	1	1
3L	17430060	17430117	-1	1
3L	7249629	7250288	-1	1
X	16463417	16463583	-1	1
Y	9090	9195	-1	1
3L	269446	270167	1	1
3L	5193789	5251625	-1	1
X	8277469	8367117	-1	1
2L	1140723	1140814	1	1
3L	3608731	3610349	1	1
3L	9504591	9505031	-1	1
3L	1658038	1658110	-1	1
2R	16106172	16106229	1	1
3L	16485622	16491510	1	1
3R	16579148	16582686	-1	1
3L	1657929	1658049	-1	1
3L	1657927	1658047	-1	1
2L	8594514	8601516	1	1
3L	20305760	20305822	1	1
X	5794030	5794288	1	1
2L	10345856	10347366	1	1
3L	4074107	4074829	-1	1
2R	13415245	13421597	-1	1
2L	11108808	11108866	1	1
X	13967699	13985572	-1	1
X	15784597	15784665	-1	1
2L	21688553	21700672	1	1
3R	15291004	15291061	1	1
2R	7172869	7175465	1	1
3L	16626617	16626743	1	1
3L	986045	987209	1	1
2R	12624493	12624563	1	1
3L	11690313	11690897	-1	1
2R	16329124	16329317	-1	1
3R	20205080	20206066	1	1
2R	2942584	2942818	1	1
3L	17059336	17060631	-1	1
2R	22561171	22561899	-1	1
3L	22794609	22796369	-1	1
X	11579125	11579645	1	1
2L	7483628	7492185	-1	1
2L	4321970	4323723	1	1
2L	3629792	3654845	-1	1
X	20491013	20491256	-1	1
2R	9865228	9865290	-1	1
X	9195222	9195551	-1	1
X	531194	531346	1	1
2L	6929712	6930988	1	1
2L	5166712	5167016	1	1
X	1491259	1491356	-1	1
X	11455192	11455282	1	1
3R	29490957	29491011	-1	1
3R	13244400	13245810	-1	1
2R	15189234	15189337	1	1
2R	21184455	21184518	1	1
X	5794542	5797647	1	1
X	6884103	6886586	1	1
X	2696858	2696916	-1	1
2L	20423481	20424275	-1	1
2L	12809631	12810192	-1	1
2R	15422897	15422970	1	1
2L	9291278	9295453	1	1
2R	9432426	9434378	1	1
2R	17698134	17698204	-1	1
2L	1012314	1046843	-1	1
3L	11992222	11992782	-1	1
3L	9510159	9510465	1	1
2R	10814215	10814283	-1	1
2R	21204261	21212870	-1	1
3L	20993900	21025377	-1	1
3L	24697	24752	1	1
2R	14944524	14945590	-1	1
X	12917684	12941862	1	1
X	18879332	18880476	1	1
X	15405828	15406615	-1	1
3L	15584440	15584640	1	1
3L	15584691	15585282	1	1
X	3481345	3481838	-1	1
2L	293081	293157	1	1
3R	4102121	4102176	1	1
2R	13531620	13532661	1	1
2L	4823157	4828901	1	1
X	3256198	3258614	1	1
X	15947743	15948060	-1	1
2L	12438842	12438902	1	1
2L	9903535	9907248	-1	1
X	10259489	10261046	-1	1
2R	8904038	8904630	1	1
2R	22176556	22177159	1	1
2R	14252773	14253081	-1	1
X	17572054	17575632	-1	1
2R	9913734	9916188	-1	1
2R	15526596	15526716	-1	1
3L	8198484	8198542	-1	1
X	19327760	19328128	-1	1
X	1786564	1786619	1	1
3R	30575753	30578776	1	1
3R	31745276	31745884	-1	1
4	551381	551991	-1	1
X	19876212	19899012	1	1
3L	1573765	1573994	1	1
3R	13689854	13689913	1	1
3R	21302138	21303885	1	1
X	6277156	6277384	-1	1
3R	5593186	5593247	-1	1
3R	14645189	14645296	-1	1
Y	132538	200844	1	1
X	5250275	5250423	-1	1
3L	8526507	8537303	1	1
4	879726	891417	-1	1
X	3787258	3787334	1	1
3R	4314285	4321845	1	1
mitochondrion_genome	5419	17398	1	1
3R	8817742	8818589	-1	1
3L	12143768	12144400	-1	1
3R	12094962	12096049	1	1
3L	3714903	3717367	-1	1
2R	15312529	15312861	1	1
2L	19765992	19766311	-1	1
2R	17701415	17701596	1	1
3L	15146955	15147064	1	1
3R	8938889	8939669	1	1
X	575825	578183	1	1
3L	2600960	2601021	1	1
3R	24156140	24156245	-1	1
3R	21301966	21302241	1	1
X	576559	577997	1	1
X	7841817	7842369	1	1
X	62017	62380	1	1
4	1193622	1193708	-1	1
X	17935193	17939205	-1	1
3L	17400991	17401102	-1	1
3R	21309673	21311663	1	1
mitochondrion_genome	9945	13001	-1	1
2R	15156216	15180513	1	1
X	10344368	10345350	1	1
3R	16274268	16304482	1	1
2R	1072440	1075009	1	1
X	649085	650075	-1	1
X	16795722	16796655	1	1
3R	4950753	4952453	-1	1
X	3305090	3331383	1	1
3L	5182307	5192960	-1	1
2R	17574268	17574331	1	1
3L	23264365	23269404	1	1
X	17104256	17162898	1	1
2L	4318709	4318907	-1	1
X	9152680	9153916	-1	1
2R	560565	583641	1	1
2R	24695614	24696308	-1	1
3R	31599013	31599186	-1	1
3L	13638566	13783421	-1	1
3R	10613801	10614165	-1	1
X	9147284	9147573	1	1
2L	16743571	16743760	1	1
X	16038090	16038963	1	1
2R	13895308	13897548	-1	1
2L	22165761	22165957	1	1
2L	5167372	5174309	1	1
2L	13462201	13483908	1	1
3R	9417994	9419783	1	1
2L	15171540	15178044	-1	1
3R	7804979	7805410	-1	1
3L	2277865	2307247	-1	1
3R	13122341	13122512	-1	1
3R	7303355	7304536	-1	1
2R	22112140	22112210	-1	1
3L	4074259	4075092	-1	1
2R	15324152	15324202	1	1
3L	25443926	25484191	-1	1
3R	23979623	23981726	1	1
3R	21618928	21619006	-1	1
X	16082485	16091362	-1	1
X	7841817	7842365	1	1
2L	8826287	8829671	1	1
3R	21306918	21307474	1	1
2L	5985127	5985386	1	1
2L	9870454	9877208	-1	1
3L	11252761	11255709	1	1
2L	6568556	6570949	-1	1
3L	5728643	5731440	1	1
3R	9261681	9262072	1	1
X	17729396	17732031	1	1
3R	14273851	14273915	-1	1
X	5393705	5434839	1	1
3L	5672688	5748420	1	1
3L	13534759	13535224	-1	1
X	14211444	14211933	-1	1
2L	6681391	6681464	-1	1
X	20799658	20802644	-1	1
3L	23583995	23584941	1	1
X	14459516	14462114	1	1
3R	8307841	8307896	-1	1
3R	23983906	23984422	1	1
3R	4932384	4940191	1	1
X	10781037	10781576	-1	1
2R	20272035	20274233	-1	1
2L	10403470	10405000	-1	1
3R	14824963	14825076	-1	1
3L	255716	255814	-1	1
3R	23662694	23669279	-1	1
3L	7358616	7358691	-1	1
2L	9797804	9877220	-1	1
3R	28325597	28325681	-1	1
X	9780752	9781720	1	1
X	5643450	5647732	-1	1
X	20230597	20232117	1	1
2R	6625732	6625841	-1	1
3R	9432840	9439142	1	1
X	16498370	16498445	-1	1
3R	31216431	31217119	-1	1
2L	18607091	18607154	1	1
2L	17647375	17650037	-1	1
3L	8280410	8280520	1	1
mitochondrion_genome	11495	11619	1	1
3L	2927885	2936110	-1	1
3R	21310352	21313804	1	1
3L	3941771	3941864	-1	1
2L	12455844	12456447	-1	1
2L	6126844	6126902	-1	1
2R	12607998	12608056	1	1
3L	16716170	16716231	1	1
3L	9105017	9106374	-1	1
2R	1523337	1526782	-1	1
3L	17058569	17065466	-1	1
mitochondrion_genome	4609	6308	1	1
X	11406336	11409480	1	1
2L	237118	238612	-1	1
3L	7674014	7674242	-1	1
2R	3164977	3165044	1	1
2L	21382081	21390348	1	1
X	7418964	7419774	-1	1
2L	4823236	4825608	1	1
mitochondrion_genome	12900	13044	-1	1
3L	4430139	4433199	1	1
2R	2990504	3014479	-1	1
2R	15189450	15190108	1	1
2R	8476660	8479324	-1	1
3L	5929773	5930002	1	1
3R	14732843	14740454	-1	1
2R	930623	932446	-1	1
2L	18978770	18986672	-1	1
3R	4280369	4282674	1	1
3L	17400665	17401035	-1	1
3R	24334370	24334433	1	1
3R	4301136	4301202	1	1
3L	11057708	11057766	-1	1
2R	4817747	4820886	1	1
3L	7812315	7855517	-1	1
X	12656686	12657223	1	1
2R	17537016	17538808	1	1
2R	16986751	16991154	1	1
3R	18908451	18908506	1	1
3L	5744029	5744268	1	1
2L	5044471	5046305	1	1
3R	11952766	11952827	1	1
X	5382683	5382738	1	1
3R	19643320	19643514	-1	1
3R	19415760	19460077	1	1
2L	6754041	6755281	1	1
4	1035460	1036418	-1	1
3L	4074953	4075212	-1	1
X	19386361	19386579	1	1
X	9164255	9165630	1	1
3R	24659968	24660156	1	1
3L	5807258	5810638	-1	1
2R	23837485	23839643	1	1
3L	1564281	1565722	-1	1
2R	17594005	17599850	1	1
X	8399178	8409994	1	1
2L	6930936	6931306	1	1
2R	7938816	7938900	-1	1
3R	13642756	13642829	1	1
X	3781735	3789516	1	1
3R	15957182	15957311	1	1
2R	15324372	15324440	1	1
3R	13224803	13225766	-1	1
X	12128609	12162087	1	1
4	501858	503810	1	1
2R	12277121	12278700	1	1
3L	3051796	3051983	1	1
2L	10248915	10249095	-1	1
X	11973485	11975746	-1	1
X	14322796	14334735	1	1
X	20062365	20062654	-1	1
3R	27933315	27933373	-1	1
3R	4391059	4391111	1	1
3R	7836519	7859785	-1	1
X	21037989	21038875	1	1
2R	1515777	1515890	-1	1
X	14826873	14827503	-1	1
4	1244077	1244128	1	1
2L	16039829	16040186	1	1
3L	12519071	12519144	1	1
3R	26254519	26254938	-1	1
X	22996106	22996201	-1	1
3R	29723531	29724018	1	1
3L	17677575	17682833	1	1
X	1892120	1894508	-1	1
3R	9568520	9568582	1	1
2R	19478866	19482952	1	1
3L	5362425	5362492	1	1
X	5236092	5236296	1	1
3L	1527614	1527674	-1	1
3L	26560281	26566696	1	1
2L	1009851	1013344	-1	1
3R	23981750	23984428	1	1
X	8756688	8805540	-1	1
X	2250348	2250675	-1	1
3L	10154973	10156353	-1	1
X	10735827	10743064	-1	1
2R	10721497	10723524	-1	1
X	16328580	16328851	-1	1
3R	31934011	31935174	-1	1
3L	17802786	17961399	-1	1
3L	5155879	5160728	-1	1
X	5838125	5839437	1	1
3R	26532423	26534724	-1	1
X	4691790	4700756	1	1
2L	10994022	10994326	1	1
2L	9292213	9293027	1	1
3L	4367737	4371620	-1	1
4	1232059	1232622	1	1
3R	18226509	18228476	1	1
X	17941574	17941791	-1	1
2R	12734082	12759687	-1	1
3R	26042725	26042857	1	1
3L	269776	270111	1	1
2L	8083612	8116051	1	1
2L	20827546	20827600	1	1
3R	29154861	29157041	1	1
3L	5716280	5717538	-1	1
X	13746849	13750316	1	1
2R	21669692	21669755	-1	1
2L	11002955	11003029	-1	1
2R	14233130	14233188	-1	1
3L	7812395	7816142	-1	1
X	5904191	5904535	1	1
4	558270	560095	1	1
X	16792735	16794289	1	1
2L	4454827	4454888	1	1
X	16469036	16476166	-1	1
4	1258104	1260282	-1	1
2R	18407356	18407572	1	1
X	17953347	17993414	-1	1
3L	19651232	19651471	-1	1
3L	12417088	12417153	-1	1
3R	28924859	28924925	1	1
3R	9448703	9453026	1	1
X	510809	516783	-1	1
3L	5156337	5156783	-1	1
3R	31594996	31595438	-1	1
X	5758902	5759257	1	1
X	23283465	23431498	-1	1
2R	4600088	4608359	1	1
2R	18819766	18820196	1	1
3L	1499880	1501351	-1	1
2R	21096148	21096328	-1	1
X	16129016	16146864	-1	1
3R	23075917	23076000	1	1
X	7693576	7693628	-1	1
3R	7903028	7903361	-1	1
2R	488493	488562	1	1
3R	7855278	7855385	1	1
3R	16148375	16148435	1	1
X	15976561	15976632	1	1
2L	7999170	7999249	1	1
X	6274841	6274905	1	1
3L	20015002	20015058	1	1
2L	2684064	2684508	1	1
2L	21380344	21390216	1	1
2L	9294078	9294701	1	1
X	6679958	6680298	1	1
3L	22561057	22583003	-1	1
3R	1346679	1347046	1	1
X	23217117	23242930	1	1
2R	1264494	1264548	1	1
2R	11854966	11860722	1	1
2R	12871013	12871128	1	1
2L	4318987	4321093	1	1
3L	15017213	15017270	-1	1
4	671167	671247	1	1
3R	15957719	15961873	1	1
X	2094419	2095010	-1	1
3R	9585687	9585749	1	1
3R	22021521	22021584	-1	1
2R	17208057	17275545	1	1
X	18170185	18170278	1	1
X	7909538	7909878	-1	1
2R	2049721	2214696	1	1
2R	19398344	19424846	-1	1
2L	10224532	10225504	-1	1
2L	21267306	21392211	-1	1
X	12657222	12657450	1	1
3R	9070813	9157700	-1	1
2R	21654124	21657740	1	1
mitochondrion_genome	6765	11398	1	1
2R	12167928	12167994	-1	1
2L	22534937	22535000	-1	1
2L	2961491	2968360	1	1
X	11338790	11339214	-1	1
3L	9730096	9730877	1	1
3L	13522496	13522679	-1	1
2L	16685942	16690902	1	1
X	20720985	20751049	1	1
X	22464020	22468112	1	1
3L	18561420	18565718	1	1
4	887341	890219	-1	1
3L	9727477	9728861	1	1
3R	5656572	5656633	-1	1
3L	17914704	17927792	-1	1
X	5904139	5923545	1	1
X	19836755	19848067	1	1
3L	7035242	7038117	1	1
3L	21046339	21046428	-1	1
X	11817132	11821215	1	1
X	16455539	16457191	-1	1
X	18944091	18949338	1	1
mitochondrion_genome	6681	6765	-1	1
3L	5160305	5168265	-1	1
2R	10831533	10831614	1	1
Y	124386	132468	1	1
X	17992814	18039085	-1	1
X	12567359	12571950	-1	1
X	3339332	3446761	1	1
X	16080706	16080804	-1	1
2L	18852995	18854652	1	1
2R	13554453	13555348	1	1
2R	12621236	12623159	1	1
2L	9787469	9789582	-1	1
2L	10452766	10454735	-1	1
Y	200771	200825	1	1
X	9588204	9588496	1	1
X	657146	657557	1	1
3R	18251094	18256634	1	1
2R	15402292	15453422	1	1
2L	9292169	9295347	1	1
3L	3777088	3777763	-1	1
3R	8665843	8665898	1	1
2R	9847639	9847697	-1	1
3R	21298422	21298492	1	1
2L	13372239	13372308	-1	1
2L	7648199	7648255	-1	1
X	18861768	18861836	-1	1
3R	19459728	19459794	1	1
2R	17795433	17797054	1	1
3L	5159789	5160438	-1	1
X	8440295	8440361	1	1
3R	23984130	23984440	1	1
X	5673269	5673329	1	1
2L	17470305	17474872	-1	1
2R	9187364	9191759	-1	1
3L	13487008	13487563	1	1
3R	26701605	26701948	-1	1
2L	1062214	1076835	-1	1
3R	8646294	8647629	-1	1
2R	15267463	15267842	-1	1
2L	8449098	8449159	-1	1
4	1024858	1119435	-1	1
X	1457301	1459794	-1	1
2L	5947263	5948407	1	1
X	19614144	19614213	1	1
3R	31742367	31743117	1	1
3R	23983899	23984359	1	1
3R	4284344	4297806	1	1
2R	9118673	9118739	1	1
3L	5160347	5184286	-1	1
3R	4301158	4301240	1	1
2R	21987183	21987896	-1	1
3R	30165174	30165656	-1	1
3R	12095296	12096059	1	1
3L	4430473	4430705	1	1
X	1292258	1292321	-1	1
3R	21309157	21309713	1	1
3L	17063466	17064008	-1	1
2R	19518027	19530496	-1	1
3R	10222441	10224114	1	1
3R	29680600	29680759	-1	1
2R	2990724	3014701	-1	1
2R	12273948	12278165	1	1
2R	6978598	6985412	-1	1
2R	13179919	13184451	-1	1
3L	24927164	24927224	1	1
X	9165942	9177462	1	1
3L	9581487	9581546	1	1
X	1448784	1448847	1	1
3R	31599034	31599297	-1	1
3R	23963467	23965618	1	1
2L	11830177	11832607	-1	1
2R	4261861	4261931	1	1
3R	20975275	20976121	1	1
2R	21513562	21514209	1	1
3R	13368835	13369197	1	1
X	13321629	13321797	1	1
2R	12870979	12871355	1	1
X	1673352	1691472	-1	1
2L	13485250	13488299	1	1
3L	11059334	11059420	1	1
3L	8106950	8108639	1	1
2L	9294382	9295347	1	1
3L	8953049	8953678	-1	1
3L	9049175	9065872	-1	1
X	6854114	6863200	-1	1
2R	8239524	8239650	1	1
3R	21364993	21365138	-1	1
3R	5759765	5759929	-1	1
2L	21393098	21393179	1	1
3L	5692066	5695422	1	1
X	5903195	5904551	1	1
X	9506668	9506877	-1	1
X	13618189	13618990	1	1
2R	9189009	9189067	-1	1
2L	17840266	17847151	-1	1
3L	4130644	4131121	-1	1
3R	11402638	11402819	1	1
4	1130086	1170682	1	1
2R	3249890	3252701	1	1
3L	7813027	7855488	-1	1
X	15010356	15014142	-1	1
2L	1139068	1139124	1	1
2L	6721597	6721650	-1	1
X	9472658	9495976	-1	1
3R	12590668	12593831	-1	1
2L	6060615	6060668	1	1
X	15626233	15633183	-1	1
3L	15817174	15817232	1	1
2R	22741027	22796935	-1	1
2L	956793	956860	1	1
3R	23355786	23355863	-1	1
2L	3146313	3146394	-1	1
2R	13497534	13497613	-1	1
3R	24168422	24168474	-1	1
3L	22870151	22871924	-1	1
3L	1198491	1199020	1	1
2L	4966587	4967056	-1	1
3R	10112814	10117609	1	1
3R	10117659	10119177	1	1
3L	915810	950947	-1	1
3L	9147979	9148283	-1	1
3L	17593515	17597705	-1	1
4	855481	862089	-1	1
X	6118284	6123389	-1	1
3R	27093770	27093826	1	1
X	1409459	1413438	1	1
3R	14625346	14626026	1	1
3R	19499815	19503639	1	1
3R	5272985	5275293	-1	1
3R	9715165	9715224	1	1
3L	5747487	5747627	1	1
2R	6654061	6654117	1	1
2L	832962	833091	1	1
Y	2834829	2834895	-1	1
2L	21133774	21134284	1	1
2L	9209483	9287759	1	1
3R	4713252	4714099	-1	1
3R	17893919	17894157	-1	1
2R	12274000	12276296	1	1
3L	291113	298959	1	1
X	16302206	16303087	1	1
2R	7538617	7539498	-1	1
3L	13522091	13533275	-1	1
3L	21724688	21726736	-1	1
3R	22481914	22482429	1	1
2R	1112385	1112447	1	1
2R	7678627	7678693	-1	1
3L	9864803	9865058	1	1
3R	25653216	25654193	-1	1
2R	14163431	14163890	-1	1
X	12128511	12128715	1	1
2L	19493828	19497851	1	1
2L	20917121	20917274	-1	1
3L	15995067	15995135	-1	1
3R	29154674	29154736	1	1
3L	21875326	21888634	1	1
3R	20752376	20752495	1	1
3R	18248394	18248445	1	1
Y	1160670	1220756	1	1
3R	13698039	13698091	-1	1
3R	24676084	24679191	1	1
3L	20028810	20028872	-1	1
2L	21237421	21238281	1	1
3R	20741104	20756616	1	1
3R	23982091	23982452	1	1
2R	6914824	6920035	1	1
2R	14953691	14961386	-1	1
2L	12065394	12066669	1	1
3R	5356042	5356562	1	1
3R	31881872	31959035	-1	1
X	16669225	16670057	-1	1
3L	654478	654536	1	1
3R	9360699	9362619	1	1
2R	13832449	13833095	1	1
3R	31852809	31857879	-1	1
X	8898848	9071419	-1	1
3R	14569321	14569440	-1	1
X	12938726	12941847	1	1
3R	10118443	10118514	1	1
3R	4788870	4788933	-1	1
3L	4090544	4091123	1	1
3R	20974084	20974340	1	1
2L	6179700	6190439	1	1
Y	753415	789465	1	1
3R	22072042	22074449	1	1
3L	1872471	1872582	-1	1
X	15902333	15903637	1	1
X	16437174	16438341	1	1
3L	211220	211292	-1	1
X	578092	578237	1	1
3R	20907362	20907933	1	1
2L	3989878	3991634	-1	1
3R	26059055	26059235	-1	1
4	108909	109473	1	1
3R	9293911	9294014	-1	1
2L	20610160	20614658	1	1
3R	31975966	31979523	-1	1
3R	21995868	22014134	1	1
3R	4927290	4937930	1	1
2L	7216866	7217529	-1	1
3L	16412803	16415272	1	1
3L	8935204	8935265	-1	1
2R	5657238	5661772	-1	1
2R	11219713	11220464	-1	1
2R	10393316	10393374	-1	1
2R	14276380	14279152	1	1
3R	21303417	21309894	1	1
X	21365260	21369692	1	1
2R	4462348	4469437	-1	1
2R	22017445	22018723	-1	1
3L	9177658	9178192	-1	1
2L	2745217	2745272	1	1
3L	3545346	3545799	1	1
2R	12450237	12451975	1	1
3L	18086962	18087037	-1	1
3L	21554181	21554381	-1	1
X	2634179	2634827	1	1
3R	9543448	9544842	1	1
X	22457039	22457427	1	1
X	7065927	7066038	-1	1
3L	17400573	17401074	-1	1
X	13801774	13801902	1	1
3R	26946647	26946701	1	1
3R	8678642	8678740	1	1
2L	823832	824159	1	1
2R	13518660	13519941	-1	1
3L	5161528	5170264	-1	1
3R	21785681	21786472	-1	1
3R	5541239	5541329	-1	1
X	15886531	15887095	-1	1
3R	30423640	30423710	-1	1
X	5839673	5840746	1	1
3R	30517429	30518111	-1	1
2R	2920262	2924271	1	1
2L	3423149	3426486	-1	1
2R	6756858	6756920	-1	1
3R	11766470	11767677	-1	1
2R	12879223	12879448	-1	1
2L	3809567	3810405	1	1
3L	3051778	3051968	1	1
3L	22267788	22269353	1	1
2R	19473741	19473805	1	1
2L	5172339	5173475	1	1
mitochondrion_genome	13015	13101	-1	1
mitochondrion_genome	13017	13103	-1	1
3L	8248651	8282281	1	1
2L	9760054	9760121	1	1
2L	10051154	10171749	-1	1
2L	9293916	9295445	1	1
2L	3056925	3059605	-1	1
2R	9524922	9538610	1	1
X	6123338	6127214	-1	1
3R	5652798	5653179	-1	1
Y	132543	200768	1	1
3L	9049180	9057543	-1	1
3R	3741845	3746696	-1	1
3L	17400533	17400887	-1	1
X	7943228	7945896	-1	1
3L	2665447	2667866	-1	1
mitochondrion_genome	12185	13053	-1	1
3L	17400540	17400894	-1	1
2R	16858469	16859300	1	1
3L	12795631	12795972	1	1
X	12788970	12832222	-1	1
3R	11393451	11406615	1	1
3L	17400983	17401074	-1	1
3L	1500098	1500200	-1	1
3L	10593685	10593788	1	1
2L	8545234	8555047	1	1
3R	22471996	22472061	-1	1
3R	15961236	15961966	1	1
X	8492031	8509456	1	1
2R	14291944	14299852	1	1
X	17711120	17718932	1	1
2R	10837333	10837523	-1	1
2R	1516660	1521336	1	1
X	19686094	19687138	1	1
X	9008192	9013224	1	1
4	132678	133186	1	1
3L	17527154	17529663	-1	1
X	16550466	16552328	-1	1
X	17134671	17134745	1	1
2L	9234658	9235102	1	1
2L	7384796	7385477	-1	1
2L	7443833	7443894	1	1
2R	2495024	2565119	-1	1
2R	13181217	13183150	-1	1
2L	3871870	3872173	-1	1
3R	10227221	10227715	1	1
2R	5699354	5699415	1	1
2R	13916489	13945679	-1	1
2R	7545282	7545666	1	1
2L	13550294	13550985	1	1
3L	2517826	2517907	-1	1
X	15410189	15420092	-1	1
3L	7145529	7145591	1	1
3R	20290584	20290962	1	1
3L	22833502	22835160	-1	1
3R	11890046	11890143	1	1
2L	1698243	1700438	1	1
3R	5761718	5762172	-1	1
3R	9358968	9359275	1	1
4	461640	479687	-1	1
2L	6742741	6755425	1	1
2L	5530846	5532057	-1	1
3L	2963231	2963296	1	1
2L	21717494	21717561	1	1
X	9165919	9188178	1	1
X	18137047	18137576	-1	1
X	6115762	6235022	-1	1
3R	17966530	18013428	1	1
X	12655247	12657363	1	1
X	13727350	13727862	-1	1
X	8178890	8239332	1	1
3R	24820533	24820709	1	1
3R	20823511	20823565	-1	1
3L	15137989	15138062	-1	1
3R	7730682	7836495	1	1
2R	14045073	14089457	1	1
X	611342	611411	-1	1
3R	18929883	18929997	1	1
2R	22756312	22756537	-1	1
X	13383302	13383493	-1	1
3L	5695477	5747309	1	1
X	17937859	17951101	-1	1
2R	12274622	12274924	1	1
3L	1577064	1593022	1	1
2R	7321650	7322383	-1	1
3R	9875083	9916166	1	1
3R	15954804	15955178	1	1
3L	17985752	17992908	-1	1
2L	13389135	13449505	1	1
2L	254398	271629	1	1
3L	4417877	4417930	1	1
2R	22801177	22801347	1	1
3R	17909461	17909579	-1	1
2L	21380720	21390220	1	1
3R	23978212	23978950	1	1
3R	29500514	29500719	-1	1
2L	1607802	1608903	1	1
X	10909123	10912506	1	1
2R	8963210	8963330	-1	1
2R	22665785	22665847	1	1
3L	3198867	3198993	-1	1
X	11796177	11796988	1	1
3L	14985366	14987582	1	1
3L	19820011	19828317	1	1
2L	19514690	19515981	-1	1
3L	17116908	17147243	-1	1
3L	17054557	17055323	1	1
2L	9291831	9295209	1	1
2R	23358768	23358833	1	1
3L	307457	307512	-1	1
3R	21309210	21337435	1	1
2R	18755159	18756953	1	1
X	16295119	16295223	1	1
2L	6822010	6822257	1	1
X	3476937	3478247	-1	1
2L	14848978	14849039	1	1
3L	16413796	16413861	1	1
X	5086870	5089342	1	1
X	11830468	11830969	1	1
3R	3745103	3745212	1	1
2L	6678757	6678912	-1	1
X	11272064	11272781	-1	1
2R	15037657	15037783	1	1
2R	17375951	17379115	1	1
2R	10526975	10527066	-1	1
X	1217839	1234103	-1	1
3R	12008279	12009036	-1	1
X	12566437	12566808	-1	1
2R	18880129	18902866	1	1
2L	21742699	21742776	-1	1
X	13199483	13199539	-1	1
3L	10659669	10660783	-1	1
2R	13502092	13502691	-1	1
2L	21575016	21576487	1	1
3R	31934011	31935179	-1	1
3R	21309546	21309823	1	1
2L	6956220	6956618	-1	1
2R	953793	994324	1	1
3R	7192971	7193593	1	1
2L	20576275	20583686	1	1
X	10324671	10325440	-1	1
2R	12573552	12574945	1	1
X	13381755	13382800	-1	1
X	19262594	19263133	1	1
2R	9449234	9450844	1	1
3R	11753023	11753941	-1	1
3R	23960561	23962051	1	1
2L	10247904	10248547	-1	1
3R	18714641	18718808	1	1
4	789676	792148	1	1
2R	19307553	19308372	-1	1
2R	13456474	13456536	-1	1
X	12938818	12945559	1	1
3L	4325384	4326984	-1	1
2R	9432883	9433161	1	1
2R	15425667	15447546	1	1
X	6360667	6361038	1	1
2R	12166763	12167059	-1	1
2L	17647999	17650045	-1	1
2R	10153602	10153808	-1	1
X	15735489	15735622	1	1
2L	6925882	6925935	-1	1
2L	3475462	3476497	-1	1
3R	24343288	24343388	1	1
3R	12111034	12111088	1	1
2L	20917143	20918639	-1	1
2L	9292389	9295538	1	1
3R	30216676	30216745	1	1
2L	10205103	10205213	-1	1
3L	17067379	17074193	-1	1
3R	9448792	9450170	1	1
Y	124361	200775	1	1
3R	24560318	24560382	-1	1
X	13763112	13767787	1	1
4	1145424	1146242	-1	1
2L	117760	117820	-1	1
X	10255587	10257697	-1	1
2R	16925264	16926346	1	1
X	15788037	15788088	1	1
X	576811	578876	1	1
3L	6949679	6950120	-1	1
3R	29738330	29739737	1	1
X	8495461	8509585	1	1
X	19299771	19327927	-1	1
X	4430681	4430850	1	1
2L	3021675	3021737	-1	1
3R	15359517	15361631	-1	1
3L	11629505	11629581	-1	1
2R	16764375	16772258	-1	1
3L	18459877	18459936	-1	1
X	2254523	2258010	-1	1
2R	7717191	7718471	-1	1
2R	12153579	12153645	1	1
2R	24891728	24892217	1	1
X	10114672	10119407	-1	1
2L	10403478	10405009	-1	1
3R	20973348	20973506	-1	1
2L	10452753	10454724	-1	1
X	1217851	1234112	-1	1
3R	24046492	24047819	-1	1
3L	4821970	4822023	-1	1
X	10921615	10923243	1	1
3R	9432840	9439346	1	1
3R	21300437	21302103	1	1
3R	12754791	12777747	-1	1
3L	22833454	22833755	-1	1
X	20433948	20445372	1	1
X	576906	578088	1	1
2R	13966970	13967030	-1	1
3R	7864678	7864796	-1	1
2L	4822739	4828891	1	1
3L	24748495	24757361	1	1
X	9165924	9179078	1	1
3R	21302745	21303302	1	1
X	22495978	22496042	1	1
3R	24169055	24169131	-1	1
Y	132537	200808	1	1
2R	21698181	21698384	-1	1
3L	7329173	7329237	1	1
2R	9994373	9996050	-1	1
X	3857735	3858449	-1	1
3R	8718156	8719954	1	1
2R	24883020	24883077	-1	1
X	11433418	11434500	-1	1
3L	7999653	7999712	-1	1
3R	21309566	21309843	1	1
3R	17967292	17967355	1	1
3L	3818136	3818221	1	1
X	6872922	6875935	1	1
2L	10847938	10848245	-1	1
X	3178511	3186123	1	1
2L	16314859	16322960	-1	1
3R	20974127	20974713	1	1
2L	189735	190020	1	1
mitochondrion_genome	13087	15923	-1	1
2L	4966025	4966197	1	1
2R	22172434	22172497	1	1
2R	17788601	17789179	-1	1
2R	12406118	12406176	1	1
2R	9291936	9292004	1	1
3L	21025549	21025830	-1	1
2R	6662437	6667823	1	1
3R	25684335	25687858	-1	1
2L	9973778	9980844	-1	1
2L	7649084	7649304	-1	1
X	8275440	8276087	1	1
X	8880401	8891562	-1	1
2L	1604886	1606390	1	1
3L	6090455	6090796	1	1
X	13383373	13383469	-1	1
2R	20620751	20620817	1	1
X	10510588	10519348	-1	1
X	15061899	15063838	1	1
2L	1012346	1013368	-1	1
2R	2732609	2734912	-1	1
3R	11401874	11402311	1	1
2R	6032282	6032347	-1	1
3L	1632399	1636814	-1	1
3L	20263713	20264128	1	1
2L	23512799	23512867	1	1
3R	14368126	14368292	-1	1
3L	5807077	5807134	-1	1
2R	20979244	20979615	-1	1
3R	9487204	9490067	-1	1
2L	21221457	21223810	1	1
3L	20834151	20836015	1	1
4	990503	1005807	1	1
3L	22833420	22833481	-1	1
2R	10837157	10837308	-1	1
2L	10334813	10335781	1	1
2R	14301996	14302054	-1	1
3R	15372218	15372395	-1	1
2L	5165685	5173234	1	1
X	1575722	1604926	1	1
2R	14276347	14276438	1	1
2L	10975950	10976274	-1	1
2L	21221464	21223815	1	1
X	18186469	18192331	-1	1
2L	10255271	10255652	-1	1
3R	17413474	17413531	1	1
2L	3108862	3124015	-1	1
2R	23927182	23929314	-1	1
2L	12142852	12145070	1	1
2R	24637479	24638467	-1	1
3R	9751498	9751555	-1	1
2L	19610663	19625439	1	1
X	2634026	2634836	1	1
3L	9690417	9693757	-1	1
2L	19796824	19807345	1	1
3R	21099223	21099290	-1	1
2L	18107837	18121223	-1	1
3R	25352155	25355126	-1	1
X	12656463	12657375	1	1
3L	16791525	16791581	-1	1
2L	6922827	6923784	-1	1
X	10255433	10255493	-1	1
2L	16973322	16976794	1	1
3L	24085823	24131196	1	1
2L	5985116	5985409	1	1
2R	2487646	2497102	-1	1
3R	22281904	22284878	1	1
2R	4578443	4578528	1	1
3L	5731637	5734439	1	1
2R	21017878	21024888	1	1
2R	24774814	24774908	1	1
4	136778	136879	1	1
2R	8072239	8072363	1	1
3L	18751318	18755327	-1	1
X	6104353	6106259	-1	1
3R	27580326	27581207	-1	1
3R	21366762	21366974	1	1
3R	27945341	27947194	-1	1
X	16093168	16093395	-1	1
3R	4301086	4301218	1	1
X	10244606	10249963	-1	1
2L	9798127	9798196	-1	1
X	287527	289041	-1	1
2L	5071346	5071695	1	1
X	1637335	1643068	1	1
3L	22792544	22801591	-1	1
X	3176697	3189534	1	1
X	18158911	18177709	1	1
3R	4299935	4301402	1	1
2R	14763075	14763831	-1	1
X	5085763	5089245	1	1
3R	23983950	23984305	1	1
2L	9521496	9523163	1	1
2R	24696229	24696394	-1	1
3L	17400486	17401019	-1	1
2R	11757975	11759120	1	1
2L	1937374	1937441	1	1
3L	13522247	13524740	-1	1
2R	24120255	24120712	1	1
3L	19891477	19896798	-1	1
2R	21686606	21686670	-1	1
X	20444769	20498504	1	1
3L	7267236	7267849	-1	1
X	5793766	5794520	1	1
2L	5042891	5042984	-1	1
3R	19731132	19733487	1	1
X	576640	578144	1	1
X	17952774	17993823	-1	1
2R	4297251	4297383	-1	1
X	16469079	16472763	-1	1
3L	17114779	17147267	-1	1
2R	21149946	21150009	-1	1
2L	8113762	8116227	1	1
X	10348864	10356374	-1	1
2L	13170785	13171313	-1	1
3L	1630465	1631496	-1	1
X	10870765	10871004	-1	1
3R	28146868	28147432	1	1
X	2501738	2521534	-1	1
X	11967149	11976721	-1	1
mitochondrion_genome	2165	2844	1	1
3R	28921270	28921359	-1	1
X	8237942	8238007	1	1
3L	8434371	8437790	-1	1
2L	19809551	19809822	1	1
mitochondrion_genome	4620	5372	1	1
2R	10104991	10105991	1	1
3L	12374547	12376001	1	1
3R	16058545	16058604	1	1
3R	5334984	5349842	-1	1
3R	30048456	30048579	1	1
3L	20848515	20851413	-1	1
3R	19458084	19458398	1	1
3R	25066859	25066940	-1	1
2L	7827868	7832547	1	1
4	871164	871395	-1	1
X	12582859	12583026	-1	1
X	5082453	5084046	-1	1
X	12015582	12040879	1	1
3L	9123777	9124790	-1	1
X	4671201	4680072	-1	1
3L	10568606	10573450	1	1
2R	7041731	7042086	1	1
2R	23960081	23960139	1	1
2L	5051443	5051668	-1	1
3R	9218106	9218199	-1	1
2L	1012701	1046829	-1	1
X	15083337	15083488	1	1
3R	21301194	21305252	1	1
X	22487292	22507520	1	1
X	6352482	6358902	1	1
X	12938750	12946654	1	1
3R	30390221	30390313	1	1
2R	24894607	24900844	1	1
X	16792579	16796491	1	1
X	11931446	11935450	-1	1
X	11935513	11977017	-1	1
2L	10728269	10728352	1	1
3L	9267168	9268890	1	1
3L	5155900	5159903	-1	1
2R	8730689	8730749	-1	1
3R	22389449	22389665	-1	1
2R	11285273	11285332	-1	1
2L	16168613	16169518	1	1
2R	19436824	19447316	-1	1
3L	27391054	27420679	1	1
2L	13828249	13828635	-1	1
X	15788958	15790247	1	1
2L	19425977	19426206	-1	1
2R	5857306	5857368	1	1
4	1234800	1234867	1	1
3R	18010151	18013524	1	1
3R	9448344	9450261	1	1
3L	16843379	16843510	1	1
2L	1731817	1731880	-1	1
2R	12154488	12154790	-1	1
X	5089691	5127477	1	1
2L	6483605	6483707	1	1
2R	2047900	2053024	-1	1
2L	226509	227372	-1	1
X	13092487	13093160	1	1
X	10645833	10700994	1	1
X	2634283	2641233	1	1
3R	11370293	11371313	-1	1
X	15954878	15954971	-1	1
3R	32052978	32053246	1	1
X	15938336	15938758	-1	1
2R	14086274	14139867	-1	1
3R	13229589	13237142	-1	1
2L	5327677	5327748	1	1
2R	12275130	12275315	1	1
3R	28697210	28697271	1	1
4	271848	271915	1	1
3R	10760543	10760604	1	1
3R	24557028	24559891	-1	1
2R	10370479	10370601	-1	1
X	1642482	1645337	1	1
3R	23983898	23984283	1	1
X	22468400	22468775	1	1
2L	11163938	11164720	-1	1
2L	11164756	11165585	-1	1
3L	3221982	3222788	-1	1
3R	22727183	22727316	1	1
X	13381660	13382497	-1	1
X	1876046	1876276	1	1
X	6360632	6361151	1	1
2L	5071356	5071609	-1	1
2L	21051418	21051774	-1	1
X	1661113	1664549	1	1
3L	9150813	9177357	-1	1
2L	4822928	4828789	1	1
3L	8136970	8137031	-1	1
2L	20750541	20750734	1	1
X	11429882	11430099	1	1
2R	12277916	12278481	1	1
3R	21309280	21309835	1	1
3R	18177049	18178606	1	1
3L	1295029	1295435	1	1
3R	19569272	19585241	1	1
3R	9543416	9546523	-1	1
2R	11869946	11870009	-1	1
3L	7156375	7156570	-1	1
X	21368126	21369692	1	1
2L	19120026	19120255	-1	1
3L	6197113	6197383	1	1
2R	13827217	13829640	1	1
3R	22358629	22359525	1	1
3R	28239805	28240257	1	1
3R	27834458	27885591	-1	1
2L	20917121	20918639	-1	1
3L	20812671	20812726	1	1
2R	947923	951470	-1	1
3L	6546353	6547249	1	1
X	11328193	11328261	1	1
3R	21309525	21309802	1	1
X	16455554	16463536	-1	1
X	12850811	12866812	-1	1
2L	1012550	1013268	-1	1
2L	293573	294013	-1	1
X	5757930	5759079	1	1
3L	9975845	10003584	-1	1
3R	23808476	23814093	-1	1
X	4698391	4699611	1	1
2L	126228	128800	-1	1
3R	29118385	29139598	1	1
X	6873013	6904975	1	1
X	14841020	14903256	1	1
Y	2900422	2907773	-1	1
3L	9141509	9141872	1	1
X	3859634	3862089	-1	1
X	10921610	10923234	1	1
3R	31774220	31774276	1	1
2L	10346512	10346573	1	1
2R	10850417	10853533	-1	1
3L	9103195	9105204	-1	1
2R	13528387	13531414	-1	1
3R	23963551	23965800	1	1
2R	22641106	22641354	-1	1
X	16555110	16556738	-1	1
3R	7088153	7088533	1	1
2R	15587052	15653346	1	1
X	5793805	5794520	1	1
3L	13522107	13538366	-1	1
3L	13854344	13854397	1	1
3L	1778750	1778895	-1	1
2R	5967560	5967640	-1	1
2R	14276407	14277188	1	1
Y	918331	936271	1	1
X	5082138	5084171	-1	1
2R	2733120	2743738	1	1
3R	9418430	9534763	1	1
2L	4308427	4308776	1	1
3L	9098109	9098541	-1	1
3L	16371176	16371523	-1	1
2R	13580979	13581174	-1	1
2R	2866336	2868478	1	1
2R	947920	951257	-1	1
2L	9706747	9708145	1	1
2R	9587700	9587777	1	1
3L	8938976	8954243	-1	1
X	16564092	16564190	-1	1
3R	20025926	20025986	1	1
2L	17602147	17602206	1	1
3L	4023217	4023276	-1	1
3R	21306750	21308418	1	1
2L	16354989	16355088	-1	1
2L	7814401	7814576	1	1
3R	31216370	31216693	-1	1
3L	5664392	5665177	1	1
X	11429921	11443540	1	1
2R	14277378	14300025	1	1
X	9152829	9153983	-1	1
3L	5257076	5272378	-1	1
X	9027416	9156165	1	1
X	9337055	9355098	-1	1
X	13985276	13985744	-1	1
X	13652770	13663462	-1	1
3L	20297523	20304308	-1	1
2L	11280516	11280617	1	1
3L	12735922	12736135	1	1
3R	19898412	19898475	1	1
3L	6944770	6946264	1	1
X	15947743	15957023	-1	1
2R	11442563	11451586	1	1
3R	6406936	6407478	1	1
3R	20378823	20380913	-1	1
3L	5141243	5141306	-1	1
mitochondrion_genome	8297	8406	-1	1
3R	17966988	18015906	1	1
3R	5593886	5594378	1	1
3L	11998621	12002636	-1	1
X	13746668	13754848	-1	1
X	13746662	13754835	-1	1
3R	27291018	27291433	1	1
2R	13055357	13079411	-1	1
2R	9587675	9587859	1	1
2R	15190050	15190232	1	1
Y	124294	200758	1	1
3L	5193815	5271506	-1	1
X	5414106	5417238	-1	1
X	17751294	17751639	1	1
4	191387	193344	-1	1
mitochondrion_genome	867	1251	1	1
3L	20816834	20832846	1	1
3R	4319857	4321845	1	1
3R	20438224	20449341	-1	1
2R	6038447	6038508	-1	1
2R	21022134	21023065	1	1
2R	12062838	12166913	-1	1
2R	20309151	20313336	-1	1
2R	6626174	6626376	-1	1
2R	9374598	9387782	-1	1
3L	13939566	13940670	1	1
X	15926229	15926332	1	1
2R	19530675	19532199	-1	1
X	5757931	5759080	1	1
3L	2322749	2323300	1	1
3R	8941190	8942079	1	1
4	1278905	1279010	1	1
3R	21973823	21975079	1	1
3L	1351472	1351529	1	1
3R	4737128	4737183	-1	1
3R	13641318	13642107	-1	1
3R	4948865	4952495	-1	1
2L	6754994	6755075	1	1
3L	1332561	1333282	-1	1
4	1131594	1131701	1	1
3R	15150469	15151865	1	1
3R	17634988	17652868	-1	1
Y	132458	200748	1	1
2R	11442664	11442746	1	1
3L	1306542	1309263	-1	1
3L	1637270	1637704	-1	1
2L	17464556	17472097	-1	1
X	12567453	12568158	-1	1
2R	7566884	7567146	1	1
2L	2747063	2748432	-1	1
2R	13202953	13203018	-1	1
3L	4575635	4590270	1	1
2R	7742671	7742873	-1	1
3L	5210222	5210313	-1	1
3L	20017682	20017744	1	1
X	21384113	21393880	1	1
2R	13841969	13846049	-1	1
X	4890414	4891564	1	1
X	9550520	9550611	-1	1
2L	9967639	9968140	1	1
3R	5667389	5667761	-1	1
3L	22751249	22751528	1	1
2L	2755772	2756008	1	1
3R	18299464	18299774	1	1
mitochondrion_genome	12993	13433	-1	1
3L	827691	833306	-1	1
X	19272142	19273130	1	1
3R	5510444	5510497	-1	1
3R	20960826	20963725	1	1
3L	10896410	10896469	-1	1
2R	7566351	7566513	-1	1
X	16317835	16318057	-1	1
2L	1012432	1012980	-1	1
3R	23579174	23610837	1	1
X	19725636	19725714	1	1
3R	22509795	22516971	1	1
3R	19511207	19530553	1	1
3R	15959744	15959826	1	1
2L	5167024	5168084	1	1
Y	132543	200789	1	1
X	3786284	3786476	1	1
2R	10107678	10108223	1	1
2L	156349	156423	1	1
2L	8244328	8245237	-1	1
X	19332132	19333654	-1	1
3R	4598769	4598843	-1	1
3R	13021842	13023850	1	1
3L	16064000	16064230	1	1
3R	24343340	24343472	1	1
2R	7154201	7154399	-1	1
X	14955618	14955865	1	1
3R	20806581	20806639	1	1
3L	21014969	21023397	-1	1
2L	21380607	21382019	1	1
3L	21025549	21027233	-1	1
2R	5847210	5859379	1	1
X	19621665	19621777	-1	1
4	1174098	1174159	-1	1
3R	26869371	26871960	-1	1
2L	8543875	8544345	1	1
2L	1008446	1011335	-1	1
3R	8819881	8822968	-1	1
3L	14847486	14847563	1	1
X	11424455	11428529	-1	1
3L	302302	302360	1	1
2L	12142874	12145070	1	1
3R	12519073	12519166	-1	1
2R	1523337	1527005	-1	1
2R	10095386	10095541	1	1
3R	7862101	7862237	-1	1
3R	791877	795255	1	1
2R	23905392	23905469	-1	1
3L	132252	145573	1	1
2L	7832346	7832501	1	1
3L	2512473	2512532	-1	1
3R	28921550	28921615	1	1
3L	5156201	5272723	-1	1
2L	6059154	6059518	1	1
2R	14230959	14234163	-1	1
X	22681018	22681209	1	1
3R	15076300	15076919	-1	1
3R	24134947	24135007	1	1
3R	20737185	20737260	1	1
3L	8953032	8953678	-1	1
3R	16315247	16330920	-1	1
3R	16330957	16337845	-1	1
2L	7035305	7037415	1	1
2R	12244160	12257271	-1	1
4	1001317	1024897	1	1
3R	10613353	10615571	-1	1
2L	1014010	1016942	1	1
3L	12132885	12133656	1	1
3R	22265048	22297704	1	1
4	69395	69836	1	1
2R	3938886	3943429	-1	1
X	8365571	8366849	-1	1
2L	21381665	21391488	1	1
X	6332140	6332632	1	1
2R	21646436	21657740	1	1
3L	1731521	1731589	-1	1
3R	26870131	26870193	-1	1
3R	9524954	9525020	1	1
X	17924724	17929444	-1	1
3R	19457273	19457881	1	1
3R	21787909	21787983	-1	1
2R	9505469	9508927	1	1
2L	5172415	5173131	1	1
X	21035831	21036399	1	1
3R	23807503	23820520	1	1
3L	20771865	20772605	-1	1
2L	811022	811089	1	1
3R	15318537	15319409	-1	1
3R	26060262	26060937	1	1
3L	8311227	8311647	-1	1
X	9187947	9188432	1	1
3L	7034704	7034972	1	1
3R	17388385	17388443	1	1
3R	1749751	1944279	-1	1
3L	13995572	13996336	1	1
X	12868410	12868605	-1	1
2L	5166333	5173475	1	1
2L	7526624	7549076	-1	1
2R	8421564	8428087	1	1
X	5839556	5840602	1	1
2L	9825342	9825613	-1	1
3R	16001407	16001752	1	1
X	2642094	2645376	1	1
3L	1660227	1660651	-1	1
3R	11375243	11375913	1	1
3R	26461647	26466585	1	1
3R	31576097	31576742	-1	1
2R	21144917	21145617	1	1
3L	10827593	10830163	-1	1
3L	22833082	22833369	-1	1
3L	15586595	15587005	-1	1
2R	14944566	14951781	-1	1
4	904758	904816	1	1
2L	4828551	4828771	1	1
3L	17691559	17783340	1	1
X	11429858	11429939	1	1
3L	2628454	2678534	-1	1
3L	12586294	12589519	1	1
3R	611275	747709	1	1
X	5073916	5082114	-1	1
3R	17872746	17909198	-1	1
X	576150	578114	1	1
2L	22550964	22551472	1	1
3R	18919606	18934180	1	1
3L	7853759	7870604	-1	1
3L	984059	984137	1	1
X	20155753	20156965	-1	1
X	10777005	10783575	-1	1
X	13746713	13754892	-1	1
2L	21070247	21071303	-1	1
X	13763150	13765115	1	1
mitochondrion_genome	12943	13097	-1	1
X	11456706	11456864	1	1
X	21346749	21503815	1	1
3R	31787724	31787802	1	1
2L	2753407	2756021	1	1
3R	25993485	25994567	1	1
Y	2644377	2653499	1	1
X	9163488	9165682	1	1
3L	16866355	16866406	1	1
3L	16866353	16866406	1	1
2R	10100508	10104256	1	1
3L	13798506	13802925	-1	1
3R	20205069	20206198	1	1
X	8715157	8715222	1	1
2L	2989737	2989824	1	1
2R	13487910	13487974	-1	1
3R	25356079	25356224	-1	1
X	11125293	11126631	1	1
2R	9539016	9539227	-1	1
4	452667	453751	1	1
2L	10989537	10993983	1	1
3L	10516296	10517736	1	1
2R	10094979	10095049	-1	1
3L	5664262	5664964	1	1
3R	31841129	31844230	1	1
3R	20975822	20975915	1	1
3L	2897398	2947258	1	1
3L	2897390	2947250	1	1
2L	11584691	11586382	1	1
2R	19447469	19447760	-1	1
3R	5614877	5615765	1	1
3L	11722419	11722472	1	1
4	449969	450242	1	1
3L	21270722	21270986	-1	1
X	13860841	13985979	-1	1
3R	17899729	17900773	-1	1
3R	15866568	15869173	-1	1
3R	19243879	19243930	-1	1
2R	22298382	22298554	-1	1
2L	1724915	1725088	-1	1
2L	1170364	1170430	1	1
2R	1072501	1076431	1	1
2R	6712659	6712769	1	1
3L	240117	240177	-1	1
2R	7921933	7924819	-1	1
3R	4296503	4297488	1	1
2R	19229115	19229424	1	1
2R	18390715	18391542	-1	1
X	6846076	6847762	1	1
2R	12275496	12276396	1	1
3L	11603628	11604446	1	1
3R	11399006	11401771	1	1
4	1145342	1146041	-1	1
3L	12526386	12526442	-1	1
3R	3735447	3744836	-1	1
3R	23975982	23982367	1	1
X	12529412	12546935	-1	1
3R	15202766	15302784	1	1
X	3479033	3479128	-1	1
2L	21382109	21390348	1	1
3R	9360697	9362619	1	1
2L	22534948	22535007	-1	1
2L	5034982	5035064	1	1
X	9242626	9242695	1	1
3R	10707787	10707858	-1	1
X	6854114	6863199	-1	1
3R	20779258	20779373	1	1
X	12656686	12657284	1	1
X	12656686	12657287	1	1
3R	17678179	17682402	-1	1
X	8915339	9071457	-1	1
3R	16000060	16001189	1	1
3R	26944979	26945032	1	1
4	1145470	1145998	-1	1
mitochondrion_genome	9707	13069	-1	1
2R	20534865	20535066	1	1
2R	9531477	9541410	1	1
X	19301724	19301800	-1	1
X	13859063	13985740	-1	1
X	16095394	16095458	1	1
3L	7667549	7669334	-1	1
3R	11401438	11402621	1	1
3L	9145814	9153697	-1	1
X	12942329	12945858	1	1
2L	9292231	9293011	1	1
2L	9293715	9294843	1	1
3R	24343347	24343468	1	1
3R	13696347	13696827	-1	1
X	10255591	10257472	-1	1
3L	13040561	13040771	1	1
X	17285810	17286207	-1	1
X	22451696	22454394	-1	1
3R	27029907	27030653	1	1
3L	9177957	9181811	-1	1
X	11162013	11162086	1	1
2R	2798906	2802675	1	1
2L	22938843	22938904	1	1
X	11290264	11293237	-1	1
X	18005567	18005816	-1	1
2R	17563710	17564043	1	1
3L	21839535	21839666	-1	1
3R	27230445	27230568	-1	1
X	15986684	15986738	-1	1
X	9505028	9506171	-1	1
2R	12450596	12450726	1	1
2R	9580367	9580452	1	1
2R	13482085	13483155	-1	1
3R	20401821	20402781	-1	1
3R	5414660	5416705	1	1
X	16694372	16694614	-1	1
3R	26455647	26455733	-1	1
X	6678617	6679826	1	1
2R	13185176	13189561	-1	1
3L	17354044	17354106	1	1
2L	9831430	9832137	-1	1
2R	2052870	2052950	-1	1
X	3478321	3482156	-1	1
3L	8048444	8049869	1	1
3L	3989962	3993752	1	1
3R	19634303	19637546	-1	1
2R	22931281	22931515	1	1
X	11290264	11293326	-1	1
2R	23689389	23690447	1	1
3R	4613351	4615933	1	1
2L	21758360	21758442	-1	1
2L	17703974	17708034	-1	1
2R	13222558	13227916	1	1
2L	9176381	9177376	1	1
3R	5345015	5345074	-1	1
3R	29863985	29868577	-1	1
X	19329645	19343805	-1	1
3R	7190797	7191132	1	1
3L	5664448	5664882	1	1
2R	2428332	2433854	-1	1
X	18535425	18547826	1	1
2R	3239064	3239114	1	1
3L	24975548	24975610	-1	1
2L	336547	337016	1	1
3R	22517020	22519900	1	1
2R	18708189	18708262	-1	1
X	11155254	11162819	1	1
3L	8281847	8282312	1	1
2R	20699271	20725806	1	1
3R	23983890	23984320	1	1
2R	7467518	7473790	-1	1
2L	1010674	1011350	-1	1
3L	4580564	4592205	1	1
3L	9130333	9130555	-1	1
3R	21309268	21309823	1	1
3R	21299790	21303204	1	1
mitochondrion_genome	12997	13560	-1	1
X	11368479	11369095	1	1
X	5793688	5794357	1	1
2R	7398470	7406206	-1	1
3R	30595627	30600124	-1	1
X	12954584	12957218	1	1
3R	21308073	21309742	1	1
2R	17051165	17051822	1	1
3L	22267632	22267721	-1	1
2L	11806158	11807958	-1	1
2L	9877261	9885726	-1	1
X	17925099	17925201	-1	1
2L	9549666	9550204	-1	1
X	11982489	11983055	-1	1
2L	8543812	8544298	1	1
3R	26054636	26055183	-1	1
2R	15677754	15677812	-1	1
3R	16433450	16434598	1	1
2L	22131448	22131503	1	1
X	2484760	2486927	-1	1
X	16455270	16462847	-1	1
X	8093993	8094482	-1	1
2R	24053575	24053636	-1	1
2R	16706280	16730899	-1	1
3R	11788725	11789145	1	1
2R	20621982	20622514	-1	1
2R	17581094	17581215	-1	1
3R	24160863	24160926	-1	1
3R	20798480	20805947	1	1
3L	17401113	17401259	-1	1
3R	21302201	21302476	1	1
3L	9399894	9401346	-1	1
3R	14327184	14327253	1	1
2L	4439836	4441158	-1	1
3L	8093338	8098346	1	1
4	411517	518849	1	1
3R	4301132	4301236	1	1
X	21050826	21051126	-1	1
2R	9189221	9191276	-1	1
2R	4787245	4787905	-1	1
X	7976471	8150967	-1	1
2R	7040275	7042110	1	1
3R	14034292	14034930	1	1
2L	19053152	19053358	1	1
X	12633032	12633568	1	1
3L	19544773	19544847	-1	1
X	14360414	14364198	1	1
2R	23960720	23961478	1	1
3R	21310495	21313944	1	1
3L	3818921	3829419	1	1
3L	16049510	16049584	1	1
3L	3073479	3083733	1	1
2L	5069220	5070097	1	1
X	16532619	16533059	-1	1
2R	24613447	24613508	1	1
2R	9309268	9310123	-1	1
3L	1500313	1501351	-1	1
Y	124410	200697	1	1
X	6123344	6143351	-1	1
X	10464104	10474046	-1	1
X	18213118	18213230	-1	1
2R	12625092	12625270	1	1
3R	29075027	29085854	1	1
3R	10076919	10080150	-1	1
3L	13848769	13848830	1	1
X	12919138	12947502	1	1
3L	4430142	4433211	1	1
2R	3901331	3933157	-1	1
X	18199149	18199774	1	1
2L	6924936	6925333	1	1
2L	23177335	23177416	1	1
3L	19086125	19086182	-1	1
2L	12456708	12504099	-1	1
3L	13538002	13538373	-1	1
2R	18338723	18356258	-1	1
2L	8159870	8159932	1	1
X	15403869	15407403	-1	1
3L	15819260	15826087	-1	1
2L	5151328	5151615	1	1
3R	23973142	23973208	1	1
2L	8509384	8509465	-1	1
3L	5742512	5749610	1	1
3R	14556145	14557512	-1	1
3R	10391260	10391350	1	1
4	1232603	1233048	1	1
X	11816924	11817750	1	1
3L	12137674	12137879	-1	1
3R	23607566	23616238	-1	1
2R	2863861	2868379	1	1
X	10766339	10767153	-1	1
2L	11162526	11162984	-1	1
3R	16056792	16057552	-1	1
3L	12155791	12155855	1	1
3R	23983895	23984374	1	1
3R	14619591	14620432	-1	1
2R	9540336	9540792	1	1
3R	21310522	21313972	1	1
2L	14364606	14364682	1	1
2L	14919271	14921938	-1	1
2R	7718484	7718712	-1	1
X	11814882	11815170	-1	1
2R	24917578	24917648	1	1
3L	5744285	5747825	1	1
X	8424656	8424740	1	1
2L	6378063	6378236	-1	1
X	11503399	11503644	1	1
3L	17400616	17400997	-1	1
2L	8209816	8210745	-1	1
2R	14149954	14150226	-1	1
3L	19841806	19841864	1	1
2L	13394464	13394532	-1	1
3R	18175530	18175603	1	1
X	8301895	8306645	-1	1
X	5199600	5211824	1	1
3L	4563897	4577917	1	1
3L	4987822	5045392	-1	1
X	13203922	13203994	-1	1
2R	10107666	10109347	1	1
3R	18317483	18317615	-1	1
X	18026936	18026995	1	1
3R	10707787	10707847	-1	1
3R	5221706	5222821	-1	1
2L	8036577	8037090	1	1
3L	5272599	5272922	-1	1
3R	19627854	19628239	1	1
3R	1691259	1755420	1	1
3R	29681297	29681846	1	1
3R	3627270	3629022	1	1
3L	2689939	2697696	1	1
3R	27672808	27672869	1	1
2R	10099086	10099146	-1	1
2R	8678869	8678928	-1	1
2R	10107854	10107969	1	1
3L	302523	302585	1	1
2L	3367720	3372779	-1	1
3R	21308493	21309881	1	1
2R	18722988	18723193	1	1
3R	28319483	28322344	-1	1
3L	4074315	4074501	-1	1
4	1315145	1315197	1	1
4	1315224	1315289	1	1
X	12639468	12642544	1	1
2L	3016866	3016926	-1	1
2R	9969855	9969919	1	1
2R	16790267	16790739	1	1
3R	11765329	11767466	-1	1
2R	4272685	4273266	1	1
3R	31597787	31599230	-1	1
2R	17276064	17332576	1	1
3R	24696127	24702088	1	1
3R	24702163	24703021	1	1
2R	16924801	16926346	1	1
2L	11095878	11095953	-1	1
3R	28473336	28474425	1	1
2L	8543827	8544277	1	1
2L	19031242	19031296	-1	1
3L	1657630	1658128	-1	1
2L	10966410	10968438	-1	1
2R	6945118	6945174	-1	1
3L	11817221	11818639	-1	1
2L	5154513	5158897	1	1
2R	14276392	14277379	1	1
X	22460764	22461262	1	1
2L	1010402	1013337	-1	1
3L	11112849	11113574	1	1
2R	18161876	18161952	1	1
2R	17669633	17669687	1	1
3L	10638495	10638566	1	1
2R	14297689	14297747	1	1
3L	21025195	21025414	-1	1
3R	13374371	13374447	-1	1
2R	14760645	14760900	-1	1
3L	2897366	2947251	1	1
3R	19731280	19752529	-1	1
2L	1012410	1012509	-1	1
X	628642	628751	-1	1
2L	1146303	1147059	1	1
3L	7123791	7123846	-1	1
3R	11334412	11334579	1	1
X	7090505	7098001	-1	1
X	11852999	11853055	-1	1
2R	16184286	16184745	1	1
2R	10794485	10798340	-1	1
2R	23548476	23548538	1	1
3R	10585539	10613678	-1	1
X	11365240	11365970	-1	1
X	15539927	15553841	-1	1
3R	21366339	21366450	1	1
3R	22727230	22727290	1	1
3R	17872814	17882472	-1	1
X	3709997	3710069	-1	1
3L	3073321	3088539	1	1
3L	16415181	16415267	1	1
3L	3051787	3051983	1	1
X	576958	578006	1	1
3R	13020202	13020854	1	1
X	13381044	13381482	-1	1
2R	7319592	7320297	-1	1
3L	12753422	12753533	-1	1
2L	5170954	5173345	1	1
3R	16503167	16512964	1	1
X	16082976	16089261	-1	1
3R	31739865	31740317	1	1
X	18506354	18506416	-1	1
3R	22616016	22616074	1	1
3L	19599409	19601122	1	1
Y	1597626	1597691	-1	1
2L	21334386	21334574	-1	1
X	6115602	6137153	-1	1
X	12635772	12653345	1	1
2R	19462932	19464342	1	1
3R	24105094	24105437	-1	1
X	16528120	16530784	-1	1
3R	25036332	25036393	1	1
X	13781734	13781810	1	1
X	16455661	16463617	-1	1
2R	12177684	12178470	-1	1
3L	5436633	5437713	1	1
X	7021545	7022526	-1	1
3R	11242477	11242810	-1	1
3R	18801599	18806211	-1	1
2R	9587707	9587777	-1	1
X	11831272	11831323	1	1
X	17924521	17938011	-1	1
3R	21266421	21266471	-1	1
3L	4937687	4939004	-1	1
2L	20753623	20754431	1	1
2L	13285641	13285695	-1	1
3R	14279147	14286282	-1	1
3R	4298126	4300527	1	1
2L	9338756	9338818	-1	1
X	10464554	10464914	-1	1
3L	19869429	19870381	-1	1
3R	21949450	21949528	1	1
3R	21309253	21309808	1	1
2L	9291246	9293186	1	1
2R	13829320	13829640	1	1
3R	19929363	19929722	-1	1
3R	24636245	24636421	-1	1
3R	11334963	11335562	1	1
2R	22797182	22798231	-1	1
X	13985748	13985821	-1	1
X	5400517	5403770	1	1
3L	15868058	15868559	-1	1
3L	3907957	3908095	-1	1
X	9524836	9530644	-1	1
X	3860224	3861753	-1	1
X	15707065	15707129	-1	1
2R	16140438	16140500	-1	1
2L	3989801	3990127	-1	1
X	5518398	5518550	1	1
3L	8647646	8647708	-1	1
2L	5171506	5183249	1	1
2L	18906377	18906466	1	1
3L	14763263	14763754	1	1
X	23283274	23431754	-1	1
3R	11233571	11233922	-1	1
3L	8189970	8190072	1	1
3R	22481917	22482429	1	1
2R	14276429	14278698	1	1
2L	6110225	6113030	-1	1
2L	16826423	16826483	1	1
3R	11756493	11759554	-1	1
X	17924837	17993498	-1	1
3L	15509882	15509937	1	1
3L	7682540	7683453	-1	1
3R	31936062	31937270	-1	1
3R	7184355	7184524	-1	1
3L	8558647	8561359	1	1
2L	10233562	10233757	1	1
2L	420484	469167	1	1
2R	22186095	22186517	1	1
2L	2742799	2742995	1	1
4	613796	613914	1	1
X	9152680	9153896	-1	1
2R	8903481	8904650	1	1
2L	3031894	3032010	1	1
2R	11587026	11587097	-1	1
2R	13580557	13580857	-1	1
2L	1140558	1141038	1	1
2R	18136269	18139329	1	1
3L	1091249	1101218	-1	1
X	18813690	18830129	1	1
2L	21341046	21342824	1	1
3R	25221266	25221327	1	1
2R	6749390	6752632	1	1
3R	7073126	7073182	-1	1
3R	21785952	21820948	-1	1
3L	4076559	4076622	-1	1
2L	1651335	1653272	1	1
3L	17902117	17907232	-1	1
2R	24994317	24994407	-1	1
2L	1010570	1013451	-1	1
2R	9402235	9402409	-1	1
X	531654	578091	1	1
4	959931	962401	1	1
3L	144283	144979	1	1
2L	5641953	5645456	-1	1
2R	14150963	14151020	-1	1
3R	31929623	31931058	-1	1
X	13967811	13985964	-1	1
X	6743149	6744196	-1	1
3R	30165163	30165646	-1	1
2L	1935684	1935739	1	1
3L	2941625	2942566	1	1
3L	12007401	12007616	1	1
2R	12274310	12276283	1	1
X	20888849	20893785	-1	1
2L	13775186	13775255	-1	1
2L	14041737	14061038	1	1
X	18883778	18883893	1	1
X	8275418	8276063	1	1
4	1290933	1291060	1	1
3R	27561812	27564522	-1	1
2R	19473180	19473440	1	1
X	2016155	2022345	1	1
3R	27563878	27565183	-1	1
X	4457166	4474022	1	1
2R	13895308	13896257	-1	1
3R	14732830	14732915	-1	1
2L	9699938	9700000	1	1
3R	7853628	7855393	1	1
2L	5044493	5046308	1	1
3R	22472554	22472609	1	1
X	11935513	11977439	-1	1
X	16439763	16439827	-1	1
3R	4301136	4301220	1	1
3L	9717070	9717427	1	1
3L	14034326	14034752	1	1
2R	24212602	24213123	-1	1
2L	2742847	2742995	1	1
3R	24343273	24343342	1	1
3L	5811321	5811386	1	1
2R	22876097	22880871	1	1
X	13328892	13342029	1	1
2L	12222338	12240868	1	1
3L	14792071	14800886	1	1
2L	2380038	2380131	1	1
X	3956246	3956307	-1	1
3L	5155863	5160185	-1	1
3R	6711936	6739538	-1	1
3R	19459535	19460026	1	1
3L	9695128	9695196	-1	1
3R	25718615	25719966	-1	1
4	450510	451190	1	1
mitochondrion_genome	12943	13172	-1	1
3L	17060363	17063370	-1	1
X	18813752	18826223	1	1
2L	11163390	11163453	-1	1
X	17068858	17075477	-1	1
3L	16403152	16405055	-1	1
X	7674637	7678145	1	1
X	17926070	17926188	-1	1
3L	261747	261978	-1	1
3R	8822936	8823278	-1	1
3R	23830330	23845351	1	1
3L	22239336	22242348	1	1
2L	6568620	6570772	-1	1
3L	1630699	1637035	-1	1
3L	17668445	17668808	-1	1
2L	10925511	10961086	-1	1
X	3693659	3700746	1	1
3L	27293014	27293081	1	1
3R	15897710	15897775	-1	1
3R	11395993	11396238	1	1
3L	9123823	9125167	-1	1
3L	16523321	16528461	-1	1
3L	8450223	8450341	1	1
2L	13003716	13004041	-1	1
3L	1537439	1537616	1	1
X	18781640	18786347	-1	1
3L	5742338	5744457	1	1
X	6112121	6112421	-1	1
3R	13378286	13378402	-1	1
3R	20974420	20976064	1	1
3R	18248842	18250266	1	1
3R	26663697	26666782	1	1
3L	18058047	18060769	-1	1
2L	10622837	10623128	1	1
3L	22833800	22841192	-1	1
2L	8260637	8260698	-1	1
mitochondrion_genome	1308	6681	-1	1
3R	21310704	21314147	1	1
3R	31933992	31934993	-1	1
X	6817946	6818006	1	1
3L	255905	256214	-1	1
3L	12628408	12633329	1	1
3L	5272823	5272911	-1	1
X	14459513	14462111	1	1
X	289273	290253	-1	1
3R	9418139	9419739	1	1
3L	16680948	16681238	-1	1
X	16788343	16788567	1	1
3L	6949687	6950129	-1	1
3R	18851377	18851430	-1	1
X	3949602	3953007	-1	1
2R	17873980	17874934	1	1
3L	17393559	17400944	-1	1
X	3341077	3341507	1	1
X	20772792	20773152	-1	1
3R	25098714	25098775	1	1
2L	6721132	6721188	-1	1
2R	16108808	16109219	-1	1
2L	9787502	9789367	-1	1
2R	15542059	15542260	1	1
2L	541643	541709	-1	1
2L	2772434	2793418	-1	1
3L	17059484	17061164	-1	1
3L	17064000	17147458	-1	1
X	11579125	11579439	1	1
X	8037917	8040671	-1	1
2R	8948473	8951012	-1	1
2R	15236506	15241197	-1	1
3L	5665394	5665465	1	1
3L	20435203	20435648	-1	1
X	10618997	10620189	-1	1
X	9165884	9176883	1	1
4	666933	668420	1	1
X	5794366	5794476	1	1
X	10238453	10255019	-1	1
X	16478057	16480887	-1	1
2R	9575533	9575588	-1	1
3R	4310359	4310414	-1	1
2R	14038898	14058589	1	1
3L	5747532	5749485	1	1
3R	16268871	16268937	-1	1
3R	20974067	20974524	1	1
X	11707081	11709577	-1	1
2R	18561169	18610681	-1	1
3L	17202309	17203042	-1	1
X	9152776	9153920	-1	1
3L	24736748	24788334	1	1
4	320045	328165	1	1
2R	21014156	21014210	1	1
3L	15000130	15000200	1	1
3L	4291817	4291875	-1	1
X	10244332	10250192	-1	1
2R	17471624	17471694	1	1
3R	21309112	21309668	1	1
3R	16577043	16577321	1	1
3R	727785	749932	1	1
3R	18015582	18017840	1	1
X	10650603	10677709	1	1
X	10677756	10699257	1	1
X	11830789	11831128	1	1
3R	9806175	9806238	-1	1
2L	21380601	21382042	1	1
2L	2772441	2798557	-1	1
X	6259235	6259312	1	1
2R	13179897	13184608	-1	1
2R	16625437	16625789	-1	1
2R	7563932	7564120	1	1
X	11432595	11453942	-1	1
X	2181656	2182684	1	1
3R	17082868	17082977	1	1
X	1481946	1482016	-1	1
3R	31599013	31599108	-1	1
3L	9113488	9130555	-1	1
3L	4580331	4582632	1	1
3L	22832703	22833348	-1	1
mitochondrion_genome	13030	13755	-1	1
3R	12812070	12813773	-1	1
2L	6000600	6000664	1	1
2L	19510731	19510787	-1	1
X	8517681	8531697	1	1
2L	13782946	13782997	-1	1
2L	20882465	20903016	-1	1
2L	15094236	15094924	1	1
X	12128511	12128622	1	1
3R	23666202	23668219	-1	1
2L	18211299	18215464	-1	1
3R	14741814	14781259	1	1
3L	17400586	17401224	-1	1
X	15066300	15066364	-1	1
4	903283	903337	-1	1
2L	3080888	3080994	-1	1
2L	9742595	9743133	-1	1
X	18186353	18226270	1	1
X	17397548	17422440	-1	1
3R	5862974	5864480	-1	1
3R	13643210	13645753	-1	1
3L	3506141	3510812	1	1
3R	4094457	4095775	-1	1
2L	21135433	21136206	-1	1
3R	24394233	24397477	-1	1
2L	9684177	9697381	-1	1
X	13655460	13655528	1	1
2R	13169079	13170523	1	1
3L	21935505	21938340	1	1
2R	16925038	16926341	1	1
X	13847194	13866075	-1	1
X	10764094	10764170	-1	1
X	3341084	3341514	1	1
2L	7032781	7034837	1	1
X	12128609	12147365	1	1
2L	22158388	22158513	1	1
X	18796295	18797331	-1	1
3L	5163704	5163834	1	1
2L	10390758	10392350	1	1
2L	16719977	16722374	1	1
2L	5127058	5139359	1	1
2R	16942155	16942223	1	1
2L	251442	251527	-1	1
X	16527384	16527705	-1	1
2L	9797850	9797912	-1	1
3L	4643727	4644044	-1	1
3R	11392540	11401032	1	1
3R	25053646	25053926	-1	1
3L	3223415	3223475	1	1
X	5142108	5148648	1	1
X	10348842	10356353	-1	1
2L	19717455	19719703	1	1
3R	11371366	11402885	1	1
X	15485493	15486498	1	1
2R	7652354	7654478	-1	1
3R	23997851	24000641	-1	1
3R	10159577	10160278	-1	1
3L	17953578	17954099	-1	1
3L	9146116	9150311	-1	1
3L	182750	182883	-1	1
3R	12462727	12462856	-1	1
2L	13386688	13386866	-1	1
2L	22124029	22124090	1	1
mitochondrion_genome	13005	15109	1	1
X	18060549	18062827	-1	1
X	12686814	12687064	-1	1
3L	17246033	17263838	1	1
2L	21381712	21401911	1	1
3L	3073303	3088623	1	1
3R	4297915	4311448	1	1
X	14956073	15007407	1	1
3L	1574590	1574647	1	1
3R	30877716	30878240	-1	1
3R	8869563	8925047	-1	1
2R	12485854	12485914	1	1
3R	18015498	18016816	1	1
3R	13836743	13837378	-1	1
2R	22797173	22797524	-1	1
X	14971799	14986273	-1	1
X	5142028	5142234	1	1
X	5760821	5761169	-1	1
3L	269685	269979	1	1
3L	6192710	6192776	-1	1
2L	1011623	1012063	-1	1
X	6774110	6774183	-1	1
3L	11707572	11708408	-1	1
4	249728	249790	-1	1
2L	19714990	19715761	1	1
X	16969348	16970185	-1	1
X	252804	253069	1	1
X	495118	495482	1	1
3R	18399797	18400096	1	1
X	1624400	1649175	1	1
3L	27149176	27150461	1	1
2L	5171257	5173669	1	1
2R	22455469	22460068	1	1
3R	10133687	10133906	-1	1
3R	21337825	21341887	-1	1
2R	8902704	8904650	1	1
3R	7846299	7846366	1	1
3L	5691685	5691864	1	1
3R	24064869	24104787	-1	1
2L	9291326	9295325	1	1
2R	9096736	9097242	1	1
mitochondrion_genome	6602	6661	-1	1
X	14815006	14835919	1	1
3R	18705719	18705882	1	1
3L	12738402	12738460	1	1
2R	19229570	19243505	1	1
3L	5149299	5149353	1	1
X	22504995	22507517	1	1
X	19719233	19719776	1	1
3R	24805586	24806463	-1	1
3L	5638505	5639255	-1	1
2L	10277926	10278250	-1	1
3L	23748061	23748282	1	1
X	11280794	11280851	-1	1
3R	30208162	30208321	-1	1
3R	29598437	29599056	1	1
2L	10438790	10438965	1	1
2R	24243544	24244610	1	1
2R	12049328	12050012	1	1
2R	24024290	24025661	1	1
2R	13179899	13184610	-1	1
3R	19095075	19095397	1	1
3L	16792587	16792649	-1	1
2L	13771997	13773583	1	1
2R	24090659	24091823	1	1
X	2038850	2041004	-1	1
2L	6928856	6931807	1	1
X	10781885	10782365	-1	1
2R	23987555	23987618	-1	1
2R	16632197	16632263	-1	1
2L	1008444	1010475	-1	1
3L	9048985	9049168	-1	1
3L	24724266	24757712	1	1
2R	16764375	16765390	-1	1
X	15177742	15177802	1	1
X	14996707	14997934	1	1
3L	5156217	5158194	-1	1
2L	14971581	14971999	-1	1
2R	23665545	23680547	1	1
X	12572205	12572424	-1	1
X	23280876	23291001	-1	1
2L	9787453	9787615	-1	1
X	9174798	9177085	1	1
2R	10037772	10038180	1	1
X	13812997	13850732	1	1
3L	17059459	17061087	-1	1
X	6366670	6370821	1	1
2L	1012192	1046845	-1	1
3L	23150205	23150264	1	1
X	14228440	14228504	-1	1
3L	19258365	19258538	-1	1
3L	1577041	1592816	1	1
2R	14039960	14040126	1	1
3L	578473	581073	1	1
X	4530602	4531297	1	1
3L	4327918	4336269	-1	1
3L	4336320	4338067	-1	1
X	20466869	20484629	1	1
3R	8249900	8249955	1	1
3L	7059095	7059145	-1	1
2L	16232235	16235620	1	1
3L	4289111	4291055	1	1
2L	1836780	1837019	1	1
3L	3714982	3745864	-1	1
3R	18909211	18910201	1	1
3L	16986683	16987883	-1	1
3R	2378121	2384538	1	1
2R	5127657	5128973	1	1
3L	16539546	16543165	-1	1
2L	1010016	1014031	-1	1
X	1604789	1664118	-1	1
2L	1284891	1285304	1	1
3R	26784094	26784160	-1	1
2L	20088119	20089447	1	1
X	4077016	4103079	-1	1
X	9168722	9177656	1	1
3R	17899760	17900384	-1	1
3L	17823746	17828562	1	1
2R	7815728	7822143	-1	1
3R	21304208	21304571	1	1
3R	10413780	10413838	1	1
3R	28604053	28605709	1	1
X	9165903	9171557	1	1
3R	21298992	21299102	1	1
3R	12423862	12424119	-1	1
3R	15277901	15277961	-1	1
3R	26455779	26455920	-1	1
3L	6122467	6122732	1	1
2R	24699220	24726940	-1	1
3L	5811784	5811909	1	1
X	8409663	8410350	-1	1
X	4364427	4405080	1	1
2R	23698673	23698884	1	1
3R	9360069	9367221	1	1
X	15769091	15769160	1	1
3L	20992892	21025205	-1	1
3R	19463916	19464500	1	1
3R	20957795	20957941	1	1
X	6642883	6643210	1	1
2R	2770711	2830708	-1	1
2L	1612679	1612765	-1	1
2L	8412319	8412678	-1	1
2R	9806565	9806620	-1	1
3R	31579886	31579953	-1	1
3L	18090387	18090448	-1	1
3L	17058864	17062350	-1	1
3R	11953680	11953844	1	1
2R	13580534	13580831	-1	1
2R	4662043	4856350	1	1
2R	14297836	14297897	1	1
2R	2522731	2565119	-1	1
3R	9778908	9779049	1	1
2L	19409704	19409769	-1	1
2L	1974449	1975265	1	1
3L	20469985	20470928	-1	1
2R	7655038	7655113	-1	1
3R	28088360	28090287	1	1
X	9071990	9078337	-1	1
2R	10759916	10794125	-1	1
3L	5658100	5749292	1	1
3R	5759757	5759923	-1	1
2L	9390949	9391144	1	1
3R	21302840	21306952	1	1
3R	19459729	19459795	1	1
2L	6928750	6931459	1	1
3L	22824132	22824372	-1	1
2L	2217097	2217215	-1	1
X	1774230	1787933	1	1
3L	19340782	19342459	-1	1
2L	5177625	5177949	1	1
3R	29232099	29232165	1	1
3R	13675745	13675803	1	1
X	19624463	19624528	1	1
2L	13879707	13891300	1	1
2R	25233547	25233623	1	1
3R	17058705	17064716	1	1
3R	22729285	22729353	1	1
2R	9892534	9892588	1	1
3L	20515384	20515444	-1	1
X	9021522	9025966	1	1
4	446190	446631	1	1
2L	18836090	18836154	-1	1
2L	7187642	7189485	-1	1
2R	13007619	13007726	1	1
2L	7054987	7055909	1	1
X	15991105	15991477	-1	1
mitochondrion_genome	9203	13073	-1	1
3R	10866977	10868439	1	1
3R	7270275	7270668	1	1
2R	6698673	6699164	1	1
Y	2967257	3007639	1	1
X	13271590	13276435	-1	1
3L	13867608	13868744	-1	1
2R	21393800	21393946	-1	1
X	9152657	9153903	-1	1
3L	17401030	17401109	-1	1
3L	7689665	7690121	1	1
2R	17867238	17871377	-1	1
X	19699169	19699680	1	1
2L	21627349	21629709	-1	1
X	23430800	23430984	1	1
3L	24161180	24167763	1	1
X	3100049	3162093	1	1
3L	1934215	1934272	-1	1
3R	9547371	9551766	-1	1
2L	11109298	11109356	1	1
3R	31975566	32015504	-1	1
X	3778152	3780400	1	1
3L	17968054	18058419	-1	1
X	22981018	22995830	-1	1
3R	24343328	24343410	1	1
X	21851858	22007305	-1	1
3L	15810465	15812689	-1	1
2R	15142507	15144324	1	1
3L	1779188	1785432	-1	1
X	9147284	9147576	1	1
X	3172988	3173045	-1	1
2R	10100877	10100928	1	1
2R	6828506	6829564	1	1
X	11830816	11831438	1	1
X	6116901	6146082	-1	1
3R	17897712	17899993	-1	1
2R	5127524	5128973	1	1
Y	132496	200722	1	1
3R	19731147	19731259	1	1
X	5877548	5877606	-1	1
3R	26567368	26580937	1	1
2L	16973245	16973448	1	1
4	1046701	1047002	-1	1
X	1435491	1436323	1	1
2L	9339557	9339620	1	1
2R	2732609	2735042	1	1
3L	1851957	1861478	-1	1
X	11432314	11432372	-1	1
2L	16308080	16309167	1	1
3R	6005127	6007831	-1	1
X	11405424	11405560	1	1
X	18155637	18160375	1	1
2R	24695268	24696004	-1	1
X	7608730	7608944	1	1
3L	21612781	21612844	1	1
3R	9263014	9263075	-1	1
X	17283592	17286465	-1	1
2L	23176921	23176984	1	1
2L	18128377	18129661	1	1
X	576843	578203	1	1
2L	833723	850309	-1	1
3R	19416111	19458579	1	1
2R	13812171	13813043	1	1
3R	18712463	18718860	1	1
X	16551117	16563868	-1	1
3L	17078199	17084108	1	1
mitochondrion_genome	6420	13108	-1	1
3R	21297080	21298603	1	1
3L	15957066	15957139	1	1
X	3100056	3102189	1	1
2R	16011839	16011955	1	1
2L	7197823	7203939	-1	1
3L	11524504	11527190	-1	1
3R	9418250	9419681	1	1
3R	4713243	4713435	-1	1
3L	7384982	7385050	1	1
3R	27650238	27650797	-1	1
2L	7098408	7099783	-1	1
X	4950190	4950471	1	1
3R	8756213	8767359	-1	1
4	892950	893248	-1	1
2L	5165796	5179579	1	1
3L	22833284	22833495	-1	1
X	15886183	15887038	-1	1
4	921200	925083	-1	1
3L	20237911	20239863	-1	1
3R	24677336	24687187	-1	1
3R	5273063	5273137	-1	1
2R	1595034	1596269	1	1
3R	8817756	8820649	-1	1
X	13860715	13866007	-1	1
3L	10592174	10592423	1	1
3L	6950360	6955377	-1	1
3L	5658291	5665177	1	1
3R	21807735	21808610	-1	1
2R	17668511	17668637	1	1
3L	22868331	22869093	-1	1
2L	12045875	12046032	-1	1
3L	13524093	13524222	-1	1
2R	23386828	23386995	1	1
3L	4074945	4075206	-1	1
X	628477	628747	-1	1
2L	11625814	11626185	1	1
X	3951746	3951829	1	1
2L	21670482	21670535	-1	1
X	10618987	10619966	-1	1
3R	9741545	9742665	1	1
3R	18909640	18910271	1	1
X	5793590	5794362	1	1
3L	11488375	11495057	1	1
X	1217851	1234111	-1	1
3L	7804708	7805071	-1	1
X	23253600	23430984	1	1
2L	2402295	2404727	1	1
X	6220125	6222268	1	1
3R	23983917	24004231	1	1
3L	22833335	22833492	-1	1
2R	7329852	7329917	-1	1
X	8410690	8423184	1	1
X	6013828	6013901	1	1
3L	6121662	6122772	1	1
3L	7240778	7240855	-1	1
3L	13522091	13535330	-1	1
2L	9447048	9460505	1	1
3L	4910863	4912157	1	1
3L	1661291	1661393	-1	1
3R	8832945	8833975	-1	1
3R	20309667	20309904	1	1
2L	5171257	5174965	1	1
2L	346235	347322	1	1
3L	4418114	4420047	1	1
3R	11223531	11223858	-1	1
X	15715248	15715306	-1	1
X	3674095	3726691	1	1
2R	10275848	10279299	1	1
X	1880624	1880683	1	1
3L	12411739	12412011	-1	1
3R	11336512	11338869	1	1
X	21342751	21346104	1	1
2L	5172406	5174179	1	1
4	1121623	1122828	-1	1
3R	9708676	9708736	-1	1
X	10255488	10257249	-1	1
2R	8102907	8102970	-1	1
3L	17953486	17961553	-1	1
X	15860323	15860989	1	1
2L	12658074	12660252	1	1
2R	15456816	15460873	1	1
2R	9350984	9351441	-1	1
3R	23983935	23984386	1	1
3L	3221593	3221895	-1	1
2L	21643253	21643764	1	1
3L	13541588	13541722	-1	1
X	6140920	6223275	-1	1
2L	5045462	5045822	1	1
3R	27066032	27066099	-1	1
2L	9787557	9789502	-1	1
2L	22538731	22538819	1	1
2L	19691198	19701224	1	1
2R	7326785	7329289	-1	1
3R	10215190	10215532	1	1
3L	17466251	17466663	1	1
3R	24343349	24343443	1	1
2R	14068912	14069217	-1	1
2R	16789119	16789184	1	1
X	16064110	16065402	1	1
2R	14198782	14198988	-1	1
2L	1010050	1011532	-1	1
3R	21225031	21225098	1	1
3L	277756	278146	1	1
2L	9955961	9956054	1	1
2L	20927092	20927157	-1	1
3L	1496889	1496944	-1	1
2R	9994288	9995998	-1	1
2L	1010391	1012044	-1	1
3R	21807819	21813888	-1	1
3L	5161602	5162456	1	1
3R	7843833	7845052	1	1
3L	17952475	18060889	-1	1
X	1480874	1481008	1	1
2R	23393481	23396429	1	1
2L	20993378	21051686	-1	1
3R	23075402	23075634	-1	1
2L	4822997	4828795	1	1
X	5388934	5389115	1	1
2L	108680	113014	1	1
3L	5798417	5810855	-1	1
2L	3707455	3707516	-1	1
3L	11817183	11818626	-1	1
3R	7868753	7870232	-1	1
2L	9571125	9726145	-1	1
X	2115171	2115490	1	1
2L	16249707	16250081	1	1
X	11931917	11935847	-1	1
3L	6949687	6950131	-1	1
2L	7786425	7786701	-1	1
2L	5070300	5070353	1	1
3R	8247431	8247486	1	1
3R	24675801	24708753	1	1
3L	1945382	1945437	-1	1
X	7903997	7905519	-1	1
3R	14860068	14873168	-1	1
2L	12100934	12101055	-1	1
3R	24866185	24866314	1	1
2L	19568045	19569023	-1	1
X	9070363	9071534	-1	1
3L	10720805	10729305	-1	1
3L	11524443	11524582	-1	1
3L	17400460	17401028	-1	1
X	6771660	6771737	-1	1
2R	10721623	10723645	-1	1
3R	17889558	17890205	-1	1
3R	29797777	29797842	-1	1
3R	11401626	11406654	1	1
X	9555024	9555096	1	1
4	333970	336232	-1	1
3L	3958405	3964491	-1	1
X	10151973	10345127	1	1
2L	4821074	4828899	1	1
X	12333415	12333570	1	1
2R	19312636	19313018	-1	1
3L	22244802	22245288	1	1
X	19487068	19487132	-1	1
2L	9801406	9801784	-1	1
X	23012371	23013123	-1	1
2R	13831265	13832628	1	1
4	464717	464950	-1	1
3R	7845283	7845386	1	1
2L	10428457	10428607	1	1
3R	20310639	20318977	1	1
2R	22423243	22423299	1	1
X	18371361	18377557	1	1
3L	14792094	14799705	1	1
X	4340021	4340087	-1	1
X	17143772	17146852	-1	1
3R	11393979	11400814	1	1
2L	19057760	19058442	1	1
3R	8031084	8031146	-1	1
X	5081821	5082134	-1	1
4	108373	108441	1	1
X	8248814	8249703	-1	1
4	861388	861793	-1	1
3R	4295648	4297842	1	1
3L	19999451	19999572	-1	1
3L	22076342	22076416	1	1
X	2024051	2024464	1	1
2L	2772594	2785560	-1	1
2R	6626217	6626769	-1	1
3L	27296165	27296919	1	1
3L	6089152	6089210	1	1
2R	7677735	7678570	-1	1
3R	13996257	14025401	-1	1
2L	9291271	9295440	1	1
X	9025777	9025998	1	1
2L	3929504	3929775	-1	1
3R	19880044	19880116	-1	1
3R	21302989	21355600	1	1
3L	13462294	13462358	1	1
2R	7241552	7243253	1	1
2L	13485258	13488361	1	1
3R	25867460	25868144	1	1
X	11804459	11804897	1	1
2L	9292008	9295492	1	1
3L	15819440	15825865	-1	1
3R	26183829	26184764	1	1
2R	10461967	10462573	1	1
2R	16924791	16926358	1	1
2L	9714072	9719911	-1	1
3L	20012801	20012865	1	1
2R	23665888	23665951	1	1
3L	4074337	4074813	-1	1
X	4110555	4122039	1	1
3L	9145812	9153697	-1	1
2R	18167737	18168208	1	1
2L	5166290	5166593	1	1
2R	5662169	5662227	-1	1
X	4704880	4705075	1	1
X	16797037	16799206	-1	1
3R	578645	580558	1	1
3R	9454736	9595023	1	1
3R	16274759	16301320	1	1
3R	17875061	17900462	1	1
3L	22792492	22794476	-1	1
X	3373620	3387379	1	1
2L	5204593	5205104	1	1
3R	25646744	25647337	1	1
3L	10664149	10664265	1	1
3R	23983899	23984355	1	1
X	17285943	17286644	-1	1
2L	10210168	10210221	-1	1
2R	13206992	13207062	1	1
3R	9331257	9331320	-1	1
3L	3221393	3221467	-1	1
X	6367649	6367719	1	1
X	9551262	9551698	-1	1
4	94191	94423	1	1
X	11219505	11220965	-1	1
X	16338096	16469045	1	1
mitochondrion_genome	2553	5092	1	1
2R	10814963	10815029	1	1
X	9506674	9506882	-1	1
3L	12177582	12199024	-1	1
2L	13483604	13491084	1	1
2R	12153532	12153959	1	1
3R	4299811	4301317	1	1
2L	20737447	20737515	1	1
3R	19754322	19760265	1	1
4	560301	560372	1	1
X	12938971	12941944	1	1
3L	14789483	14797249	1	1
X	12908183	12909033	-1	1
2R	16170077	16170137	-1	1
4	990503	992066	1	1
2R	10108244	10109660	1	1
3R	20023850	20023915	1	1
2R	10722351	10722615	-1	1
2R	16027057	16027135	1	1
3R	28047643	28090084	1	1
3L	4431817	4433196	1	1
2R	20276405	20276467	-1	1
2L	21171829	21171895	1	1
3L	11524440	11524582	-1	1
mitochondrion_genome	5419	17404	1	1
3R	21807657	21808617	-1	1
3R	27057122	27057383	1	1
3R	10582619	10584781	-1	1
3L	20847512	20847565	-1	1
X	8293906	8295439	1	1
X	6630838	6800313	1	1
3R	31775503	31775559	-1	1
2L	457417	458523	1	1
3R	6345637	6345771	-1	1
2R	16016265	16016331	1	1
X	13883183	13928063	-1	1
3R	12373181	12373564	1	1
2R	16754153	16755887	-1	1
2L	8655982	8656361	1	1
3R	29740968	29741029	1	1
X	13663799	13664374	1	1
X	7996413	7997095	1	1
3R	8942306	8942364	1	1
X	12159073	12181084	1	1
X	2014576	2022443	1	1
2L	10197592	10204752	-1	1
3R	19139080	19140954	-1	1
4	894969	895292	-1	1
X	6665687	6666850	1	1
3R	24854505	24854720	1	1
X	11816926	11831035	1	1
3L	5747587	5748360	1	1
2R	19164176	19165040	1	1
X	12917757	12950035	1	1
2R	15203902	15204702	1	1
2L	9684261	9685007	-1	1
Y	132541	200751	1	1
3R	28616169	28634376	-1	1
X	15954723	15956235	-1	1
X	17822351	17822427	1	1
3L	12412457	12413448	-1	1
3L	10693507	10693706	1	1
2L	7656102	7656189	-1	1
3R	28331028	28333709	-1	1
2L	20874178	20874274	1	1
2L	21665284	21669989	-1	1
3R	25742526	25744684	1	1
X	4929981	4938015	-1	1
X	14825844	14825962	-1	1
2R	10135825	10137153	1	1
2R	13832319	13833265	1	1
3L	4430012	4433167	1	1
3R	29500894	29500951	-1	1
3R	25856974	25865863	1	1
2R	24400719	24400782	-1	1
X	12774034	12776020	-1	1
3R	21306697	21307529	1	1
3R	20974130	20974779	1	1
X	6255945	6257027	1	1
2R	23968509	23968566	-1	1
2R	13827340	13829640	1	1
2L	1008634	1009832	-1	1
X	15861737	15863630	1	1
3R	23961566	23980263	-1	1
3R	24659676	24660062	1	1
3R	5811376	5813193	1	1
2L	8321484	8322022	-1	1
3L	9974966	9975471	1	1
3R	18714649	18718585	1	1
3L	24726293	24734036	1	1
2R	10095920	10096152	1	1
X	9158193	9158266	1	1
X	13996403	13999604	1	1
2R	24692421	24692675	-1	1
3R	16299518	16304821	1	1
2L	1182105	1182170	-1	1
3R	9467441	9468629	-1	1
2L	9291251	9293180	1	1
3R	5892332	5892702	-1	1
2L	19758944	19759002	1	1
2R	22073068	22073212	-1	1
3R	11623727	11623786	1	1
2L	19196380	19196596	1	1
2R	14257364	14257421	1	1
3R	8378329	8384868	-1	1
3R	29317512	29317836	-1	1
3R	31776383	31776445	1	1
2R	9302221	9302608	1	1
3L	12472638	12472707	1	1
2R	22854863	22855445	1	1
3L	9438829	9438890	-1	1
3R	18165110	18165174	1	1
2L	16183576	16183630	1	1
3L	4089209	4090990	1	1
3R	21307488	21309713	1	1
3R	21303930	21304295	1	1
2R	17091524	17091810	-1	1
2L	21754146	21754924	-1	1
2L	2961494	2968360	1	1
2R	18834119	18834311	1	1
X	4668821	4668904	-1	1
4	538605	538659	1	1
3R	27646526	27647565	-1	1
3L	17400472	17400527	-1	1
2L	141610	141671	-1	1
3R	16632994	16639734	1	1
2R	14292183	14292244	1	1
3R	18014483	18018647	1	1
3R	24742958	24743163	1	1
2L	14365238	14365629	1	1
2L	2960840	2960895	1	1
3L	11074012	11074116	-1	1
X	4953424	4953493	1	1
3R	23981080	23984369	1	1
3L	13651597	13666386	-1	1
3R	19459722	19459801	1	1
2R	14785911	14787447	-1	1
2R	14787521	14793502	-1	1
3L	9504597	9505035	-1	1
3L	11488166	11496535	1	1
2L	5177604	5177902	1	1
4	1129445	1130137	1	1
3L	3860424	3860636	1	1
2R	20995301	20995835	1	1
2L	6927878	6931248	1	1
2R	7467299	7474066	-1	1
2R	19473555	19473613	1	1
3R	14215596	14215849	1	1
2R	8950792	8950911	-1	1
2L	17475812	17477161	-1	1
2L	1725263	1727669	-1	1
2L	17711410	17714306	-1	1
2L	5769687	5769748	-1	1
2L	8321471	8321521	-1	1
X	9684152	9685661	-1	1
3R	4932591	4932730	-1	1
3R	24102522	24103494	1	1
3L	9146014	9152053	-1	1
4	204793	206034	-1	1
2R	25075723	25077174	-1	1
2L	6577590	6577653	-1	1
2R	10419464	10419527	1	1
2L	4853017	4854398	1	1
3R	11373953	11405337	1	1
2R	9351194	9351462	-1	1
2R	23878587	23880674	1	1
2R	14926455	14946272	-1	1
X	2173187	2173345	1	1
3R	21302778	21303331	1	1
3R	21571021	21603394	-1	1
2R	5066464	5066528	-1	1
3L	2923604	2941545	1	1
3R	15266143	15266311	1	1
3R	14830695	14859309	-1	1
X	11800232	11801315	1	1
3R	8368453	8444339	-1	1
3R	4078971	4079221	1	1
X	16459579	16463545	-1	1
2R	20985406	20985465	-1	1
2R	16924984	16925705	1	1
3R	7146086	7148413	-1	1
2R	16628779	16632799	-1	1
X	20157412	20159788	-1	1
3L	22358389	22518461	-1	1
3R	4301136	4301216	1	1
X	13729024	13729084	-1	1
3R	10783772	10783834	-1	1
3R	17872846	17915016	-1	1
3R	3499919	3672433	1	1
3L	17067255	17077618	-1	1
4	1034406	1034806	1	1
2R	16751598	16752521	-1	1
X	8551915	8557450	1	1
3R	7472598	7472719	-1	1
3L	9145799	9145870	-1	1
X	9093815	9094952	-1	1
X	9095009	9095066	-1	1
3R	21299253	21302947	1	1
2L	18083190	18083254	1	1
3L	13522087	13666551	-1	1
3R	8940862	8940922	1	1
2L	5985181	5985341	1	1
3R	11729958	11730079	1	1
3R	27640262	27643459	-1	1
X	12785676	12790106	-1	1
3R	9234665	9237520	-1	1
X	16458415	16472458	-1	1
3L	2579521	2585605	-1	1
2L	7034911	7035075	1	1
3R	5270529	5270910	-1	1
3L	19996929	19997400	1	1
3L	8577308	8578417	1	1
X	13035209	13046904	1	1
2R	15288248	15291828	-1	1
3R	22727314	22728707	1	1
X	12654028	12657409	1	1
X	2634253	2634788	1	1
X	13985288	13988662	-1	1
X	576624	578033	1	1
2R	12321651	12321712	1	1
X	8246450	8247886	1	1
X	5793670	5794469	1	1
3L	17052879	17052955	1	1
X	20443179	20443389	1	1
3L	16130284	16130506	1	1
2L	6678748	6680354	-1	1
3R	18248442	18270208	1	1
X	17639839	17642508	-1	1
3L	10858130	10874660	1	1
3R	18355934	18360468	-1	1
X	4698600	4699607	1	1
3L	1596019	1596111	1	1
2L	1701373	1702951	1	1
2R	5717499	5717555	-1	1
2R	16611198	16619130	1	1
3R	11396493	11400807	1	1
3L	18998446	18998508	-1	1
X	14460413	14562695	1	1
3L	14798450	14798565	1	1
2R	19447601	19448318	-1	1
X	10407545	10409609	1	1
3R	22371243	22372469	1	1
X	2478882	2506393	-1	1
3L	3372851	3372970	-1	1
2R	24940004	24940072	-1	1
2L	8008892	8008948	-1	1
3R	21785763	21820919	-1	1
X	15886407	15887013	-1	1
X	8294250	8294398	1	1
2R	13829747	13832939	1	1
X	23283284	23290766	-1	1
4	213045	215132	1	1
3L	21728393	21728451	-1	1
3R	13224734	13228333	-1	1
3R	26586175	26589908	1	1
3L	9151164	9160892	-1	1
3L	22961363	22961534	1	1
3L	4577953	4578760	1	1
X	15482538	15483199	1	1
3L	5193815	5201065	-1	1
X	11800248	11801327	1	1
2R	10024621	10025850	-1	1
3R	21270531	21270587	1	1
3L	11182644	11183634	-1	1
X	6259725	6266407	1	1
3L	3073127	3073180	-1	1
3R	19769618	19771155	1	1
X	21086407	21093368	-1	1
X	13381776	13382657	-1	1
2R	7363766	7368388	-1	1
3R	20537464	20539221	-1	1
X	12832341	12850307	-1	1
3L	1867615	1868023	1	1
2L	11529600	11530134	-1	1
X	9495943	9502873	-1	1
3L	5762201	5762464	-1	1
3L	10182876	10186085	-1	1
X	5251730	5254423	1	1
X	5251469	5307266	1	1
2L	5174239	5174563	1	1
2R	9567801	9578347	-1	1
3R	14125969	14126096	1	1
2R	10232124	10234037	-1	1
2L	9291859	9295297	1	1
X	687859	722259	1	1
2R	25104828	25104900	1	1
2R	15200597	15200657	-1	1
2L	5172128	5173552	1	1
3L	7979071	7979190	1	1
3R	25519730	25561690	1	1
3R	18435571	18435643	-1	1
3L	2655611	2655860	-1	1
2R	16894626	16894895	-1	1
X	9666253	9667572	-1	1
3L	16781586	16781664	1	1
3R	19244965	19245030	-1	1
3L	21845250	21845337	1	1
3L	16632280	16632413	-1	1
2R	5855683	5857171	1	1
2R	22172951	22173007	-1	1
3L	17400508	17401219	-1	1
3R	16273082	16274419	1	1
2R	19520978	19549233	-1	1
3R	11370293	11371317	1	1
X	2081017	2093773	1	1
2L	72978	94679	1	1
2R	9100130	9100189	1	1
2R	9100238	9103048	1	1
3L	27387335	27395633	1	1
3R	9497573	9497632	-1	1
X	6696739	6696790	-1	1
3L	7837967	7844830	-1	1
3L	15094349	15094469	-1	1
X	53244	53879	1	1
X	11834263	11944381	1	1
4	558169	560095	1	1
2R	1511506	1513849	1	1
3R	19459581	19460233	1	1
3R	29862306	29862785	1	1
2L	6680707	6680947	-1	1
2L	6680999	6681065	-1	1
2L	8200961	8201017	-1	1
2R	15425667	15427260	1	1
3L	15066979	15067502	1	1
3R	13970205	13970278	-1	1
2R	23848800	23850571	-1	1
2L	740015	740357	-1	1
3R	21308549	21311650	1	1
3R	21301922	21302241	1	1
mitochondrion_genome	4809	5140	1	1
2L	13897362	13897426	1	1
3L	17401241	17401294	-1	1
3R	15388877	15400213	1	1
X	7418964	7419774	1	1
3R	25481563	25482288	-1	1
3L	14745882	14745955	1	1
X	1409482	1409698	1	1
X	9473223	9499813	-1	1
2L	9709188	9709627	-1	1
3R	27155719	27155778	1	1
3R	24066410	24066534	-1	1
2L	11987495	11987696	-1	1
X	23262665	23270799	-1	1
X	8175236	8175302	-1	1
2L	9291741	9295058	1	1
2L	18370839	18370948	1	1
X	13021201	13157441	-1	1
3R	11222730	11223395	1	1
3R	12981388	12983735	-1	1
3L	3988581	3992034	1	1
3R	8397763	8397966	-1	1
X	155558	168187	1	1
2R	9119048	9120300	1	1
3R	9420048	9440681	1	1
2L	10436190	10436249	1	1
3R	21302745	21306440	1	1
3L	19888105	19888232	-1	1
2L	18215704	18215761	-1	1
2R	9566431	9578835	-1	1
X	11413659	11414502	-1	1
3R	19416088	19457311	1	1
2R	11646320	11648346	-1	1
X	12787032	12787799	-1	1
3L	9617442	9617779	1	1
3R	26703823	26713511	-1	1
X	4413746	4428198	1	1
2R	20236969	20237027	1	1
X	12011934	12011994	1	1
3L	1024408	1024466	-1	1
2L	3725902	3726679	1	1
3R	13664672	13666782	1	1
2L	1010980	1011155	-1	1
X	16295119	16295223	-1	1
3R	22069228	22070807	1	1
3L	9868936	9868999	-1	1
3R	16573394	16573533	-1	1
2L	20798515	20813156	-1	1
2L	10388300	10392088	1	1
X	10852200	10852268	1	1
X	13625408	13657062	1	1
3R	4258612	4266021	-1	1
3L	22077162	22077317	1	1
X	12988864	13019549	1	1
3L	12206275	12206592	-1	1
X	11111412	11111475	1	1
3L	1198573	1199026	1	1
3R	27769941	27905713	-1	1
X	7839776	7840270	1	1
3R	25210813	25210871	1	1
X	19329612	19348058	-1	1
3L	4078818	4078926	1	1
3R	9988912	9989483	1	1
X	10463229	10464752	-1	1
2L	11987153	11987736	-1	1
3R	23103453	23207370	-1	1
2R	14680173	14683549	-1	1
2L	6776992	6778217	1	1
2R	9370518	9371565	-1	1
3L	1573769	1575054	1	1
3L	22751356	22751517	1	1
2R	6910101	6910752	1	1
3R	22782159	22784373	1	1
X	843175	893222	1	1
X	9332176	9334262	-1	1
3R	20808926	20810348	1	1
X	15752601	15757984	-1	1
3R	23262857	23264668	-1	1
3R	15982511	15982580	1	1
2L	9291461	9291694	1	1
2L	17827884	17843534	-1	1
3L	1054775	1219941	-1	1
3R	9907431	9926440	1	1
X	6528636	6599730	-1	1
3L	7640207	7640404	-1	1
X	3341178	3357743	1	1
2L	9807958	9809222	1	1
X	8424638	8424722	1	1
3L	17066803	17147546	-1	1
X	5085994	5089342	1	1
3L	3379572	3379623	1	1
X	5793241	5794520	1	1
3R	24554405	24554465	1	1
3R	30000967	30001025	1	1
3R	10002695	10002753	-1	1
3R	9542010	9546798	-1	1
3R	25494421	25495117	-1	1
2R	24781934	24782019	-1	1
X	11936844	11938921	1	1
2L	10224806	10225739	-1	1
X	23214174	23291821	1	1
2R	18523049	18523200	1	1
2R	12468850	12468912	1	1
2L	9292938	9295202	1	1
2L	16445990	16446061	1	1
2R	7789713	7789773	1	1
3R	9989073	9995271	1	1
X	13384356	13384410	-1	1
3R	24692317	24694957	1	1
X	22657660	22740542	1	1
3L	16231589	16231840	-1	1
2R	16641313	16641384	1	1
X	2558968	2599070	1	1
3R	31740380	31742723	1	1
3R	13373339	13373819	-1	1
Y	124433	200844	1	1
3L	10512575	10516667	1	1
3L	5750362	5750555	-1	1
2L	10393988	10394395	-1	1
X	1891120	1891193	1	1
2L	21380360	21393232	1	1
3R	15057230	15071913	-1	1
X	8519887	8531568	1	1
2L	420147	420292	-1	1
2R	8729755	8734031	-1	1
2R	16940222	16940901	1	1
2R	24696584	24697166	-1	1
X	4699100	4700348	1	1
X	558756	577877	1	1
2L	11803837	11806048	-1	1
3L	17065537	17147862	-1	1
2R	2804820	2864487	1	1
2R	14382471	14382695	1	1
2R	20698672	20698750	1	1
3L	17400530	17401076	-1	1
4	472046	482112	-1	1
X	15322828	15322899	1	1
X	15892658	15892828	1	1
X	18380931	18380991	1	1
3R	7804971	7805407	-1	1
Y	132628	200815	1	1
2L	18238429	18241928	-1	1
3R	15259687	15262547	1	1
2R	8948040	8950989	-1	1
2R	9592476	9592589	1	1
2L	13284715	13284773	-1	1
3L	5793308	5793360	-1	1
X	9183453	9184504	1	1
3R	25375063	25375440	-1	1
3L	1635238	1635301	1	1
3L	17541404	17543764	1	1
2L	15552802	15554722	1	1
2R	18156166	18157973	-1	1
X	22460809	22461194	1	1
X	4699935	4701729	1	1
X	15860334	15861152	1	1
3L	8953049	8953184	-1	1
4	123423	123781	-1	1
X	16469209	16476155	-1	1
2L	21666005	21666059	-1	1
3R	12781388	12782437	-1	1
2R	25255037	25256612	1	1
X	19571705	19571775	-1	1
3R	15890455	15895705	-1	1
3L	11252370	11255353	1	1
2R	17700704	17700901	1	1
X	13733836	13734643	-1	1
3L	19911532	19912137	1	1
2L	2781981	2798575	-1	1
X	1859509	1861636	-1	1
2L	1012399	1046938	-1	1
2R	12274264	12278365	1	1
2R	24047685	24047926	-1	1
3L	13867824	13871038	-1	1
3R	3735825	3744836	1	1
X	13642199	13645178	1	1
2L	21382077	21390224	1	1
X	12589168	12589256	-1	1
2L	8322948	8324959	-1	1
3R	8089858	8089916	1	1
3R	8089952	8090006	1	1
3L	13054740	13172466	1	1
2L	4822473	4822975	1	1
2L	10257123	10257395	-1	1
X	8179233	8186876	1	1
X	5914404	5914581	-1	1
3L	22870151	22871460	-1	1
X	8365579	8366857	-1	1
3R	5812661	5980842	1	1
4	428049	429437	1	1
2R	3182520	3220189	1	1
2L	9066761	9070600	-1	1
4	1278685	1295025	-1	1
2L	12656683	12657245	1	1
2L	17373518	17373579	-1	1
3L	13902240	13902894	-1	1
3L	4090106	4090588	1	1
X	5171061	5173374	1	1
2R	21278826	21279799	1	1
2R	22123475	22123536	1	1
X	23201013	23216958	-1	1
X	12917811	12918577	1	1
3L	543278	576911	1	1
3L	15834188	15834818	-1	1
3R	17346135	17365770	-1	1
2L	18129294	18129763	1	1
2L	17567363	17574067	1	1
3R	10232105	10237116	-1	1
2L	16168558	16169487	1	1
3R	12434782	12435458	1	1
X	11974340	11975746	-1	1
3R	5475402	5475463	1	1
3L	8546876	8555731	1	1
2L	7386649	7387975	1	1
2R	2816905	2832411	1	1
2L	21382104	21390147	1	1
2R	8729694	8734163	-1	1
3L	21553594	21554025	-1	1
2R	9208017	9208083	1	1
X	8249643	8249703	-1	1
X	11437138	11437204	-1	1
3L	15560822	15560991	-1	1
2R	9587632	9587817	1	1
Y	124375	132451	1	1
3L	3071298	3073081	1	1
3L	23228781	23230006	1	1
2L	18627577	18628223	1	1
3L	17952475	18060805	-1	1
2L	10378865	10378923	1	1
X	15003821	15006571	1	1
X	6665374	6665439	1	1
X	8247767	8247963	1	1
X	21075523	21075592	1	1
X	19469473	19469917	1	1
X	9165922	9184162	1	1
2L	12492021	12504540	-1	1
2R	17585942	17586001	-1	1
3R	24554642	24554702	1	1
X	16286997	16437467	1	1
2L	10264601	10264945	1	1
3L	6943903	6944282	1	1
2L	12407080	12407154	-1	1
2R	22608619	22608684	1	1
X	6868660	6880450	1	1
2L	19499094	19499146	1	1
3L	13522211	13524652	-1	1
3R	25036537	25036623	-1	1
3R	15295247	15295427	1	1
2R	15563683	15563743	-1	1
X	764923	765084	-1	1
2R	21223921	21234700	-1	1
3L	23211011	23287308	1	1
3L	9164746	9166153	1	1
2L	2756144	2756245	1	1
3R	10765199	10765250	1	1
3R	21310551	21313994	1	1
4	1248678	1248753	1	1
X	3893382	3911329	-1	1
2R	2064927	2068274	-1	1
2L	21382110	21390348	1	1
X	5792250	5794308	1	1
3R	18247568	18250126	1	1
4	1137957	1138173	-1	1
2L	4386706	4386764	-1	1
3L	12741950	12742573	1	1
3R	17606566	17606627	1	1
2L	21380667	21382019	1	1
2R	13580558	13592915	-1	1
3R	15383691	15385076	1	1
X	4700363	4701739	1	1
3R	22010314	22010971	1	1
2L	294373	294441	1	1
2R	6503689	6598432	1	1
2R	23386318	23386389	-1	1
2R	10462461	10513569	1	1
X	9355176	9355987	-1	1
2L	1854309	1855364	1	1
X	17929340	17932568	-1	1
3L	323169	323240	-1	1
2R	10596220	10609229	1	1
3R	14803744	14803815	1	1
3R	22472373	22472437	1	1
X	2610183	2610246	-1	1
3R	20049879	20055728	-1	1
2R	8919467	8919524	-1	1
3R	8817840	8818362	-1	1
3R	31770163	31770218	-1	1
X	7609235	7609365	1	1
3R	9778135	9778777	1	1
X	18131330	18132011	-1	1
2L	5168663	5172921	1	1
X	15947585	15972813	-1	1
X	7899835	7900883	-1	1
2L	6179515	6209234	1	1
2R	13591879	13592894	-1	1
3R	31851537	31936764	-1	1
3R	11224496	11224775	1	1
3L	2655643	2656904	-1	1
2L	10763092	10763857	1	1
mitochondrion_genome	12864	13181	-1	1
2L	16321682	16322026	1	1
3L	9049176	9057543	-1	1
3L	11488006	11496850	1	1
4	480239	480302	1	1
3R	30435364	30436053	-1	1
X	6292669	6292735	1	1
2L	13366741	13366805	1	1
2L	334258	335415	1	1
2L	21382223	21391630	1	1
X	11368626	11368803	1	1
2R	18956127	18956257	1	1
3R	10330002	10330968	-1	1
4	1145440	1146470	-1	1
2R	7985452	7989516	1	1
X	9181841	9184122	1	1
2L	1012371	1013216	-1	1
3R	9293813	9293917	-1	1
4	320045	328169	-1	1
4	553217	554023	-1	1
X	12788975	12832227	-1	1
3R	15961432	15961865	1	1
3L	21033052	21033116	1	1
2R	1080442	1096420	1	1
3L	12745926	12745981	1	1
X	3256318	3258508	1	1
X	21250229	21258837	-1	1
3L	21059179	21063946	1	1
3R	15957177	15959320	1	1
X	10519778	10555203	-1	1
3L	9352828	9352882	-1	1
3R	4079251	4080907	1	1
3R	21354007	21375060	-1	1
X	9155802	9156267	1	1
2L	6926054	6926730	1	1
3L	22799449	22799941	-1	1
2L	15765209	15765273	1	1
3R	5858131	5858213	-1	1
3R	4986887	5010953	-1	1
3R	8820968	8822469	1	1
2L	17647654	17648520	-1	1
X	5877099	5878205	-1	1
3R	8819264	8820613	-1	1
2L	10841617	10841838	-1	1
X	13364873	13364931	1	1
2L	20740259	20750846	1	1
3R	21275298	21275378	-1	1
2R	23391674	23391741	-1	1
X	5793732	5794263	1	1
3R	11393460	11406625	1	1
X	18186514	18187415	1	1
2R	6812084	6812781	1	1
3R	10103748	10104289	-1	1
2R	6627104	6627470	-1	1
2L	19896324	19901966	1	1
3L	187318	189864	-1	1
3R	14804219	14830556	-1	1
X	10735823	10743059	-1	1
2R	15199560	15199635	-1	1
3R	20403161	20403224	-1	1
4	887321	893375	-1	1
3L	13855691	13855751	1	1
X	15958591	15960807	-1	1
2L	8083588	8089185	1	1
X	7608605	7608811	1	1
3R	23920217	23920341	-1	1
Y	1417052	1418027	-1	1
3R	28319665	28326098	-1	1
2L	12477167	12516484	-1	1
X	5073916	5076130	-1	1
3L	9178177	9182088	-1	1
3R	18430965	18432564	-1	1
2L	12040024	12045593	-1	1
2R	953648	963228	1	1
2L	10961368	10963226	-1	1
2R	16089039	16089092	-1	1
2L	12817695	12818524	-1	1
2L	16347614	16362608	-1	1
3R	20582907	20582971	-1	1
X	11932202	11932299	-1	1
X	9554705	9554916	1	1
3L	13038659	13038729	1	1
3R	24105374	24105437	-1	1
3R	13703571	13703627	-1	1
3R	15399227	15399356	1	1
X	4691845	4698297	-1	1
2L	15091230	15091295	1	1
2R	18635075	18636043	-1	1
3L	17401030	17441399	-1	1
3L	508800	539899	-1	1
X	4688594	4691637	1	1
2L	10394945	10396215	-1	1
4	1115405	1118797	-1	1
3R	4447955	4453192	-1	1
3R	31597909	31598995	-1	1
2R	21014394	21014453	1	1
3L	15955537	15956096	1	1
2R	10126761	10137480	1	1
3L	8070051	8070952	1	1
2R	24024270	24025642	1	1
2R	22221376	22221432	-1	1
2L	14357914	14358172	1	1
2R	3002694	3002754	1	1
3L	16122465	16122524	1	1
X	21357188	21357257	1	1
2R	13829778	13832520	1	1
2R	8919464	8919524	-1	1
X	12731997	12742067	-1	1
3R	30033217	30033281	1	1
3R	30877740	30878283	-1	1
3L	8967725	8968039	1	1
3R	8817709	8818806	-1	1
4	1077830	1077886	-1	1
2L	15117068	15117140	1	1
3L	6952014	6952354	-1	1
3R	11393562	11394965	1	1
3L	13537964	13538392	-1	1
3L	15147403	15150812	1	1
3L	12740661	12740722	1	1
3L	19685907	19685958	-1	1
2L	1012466	1013316	-1	1
X	5881871	5881935	1	1
3R	10511087	10511260	-1	1
2R	21717020	21717098	-1	1
2R	8948043	8950993	-1	1
X	4627427	4631421	-1	1
3R	10613509	10613699	-1	1
2L	9711716	9716811	-1	1
3L	3723873	3758407	-1	1
2R	1342918	1344155	-1	1
3R	23291654	23291717	-1	1
2R	7580170	7580229	1	1
3R	6560414	6592884	-1	1
2R	1591018	1593915	1	1
2R	12758970	12759307	1	1
2R	20534942	20535265	1	1
X	14322654	14322721	1	1
3L	10516305	10517743	1	1
3L	2927774	2936856	1	1
X	246710	253666	1	1
2R	14151927	14152846	-1	1
2R	9614973	9615363	-1	1
3R	23983898	23984334	1	1
2L	12043661	12045044	-1	1
X	13089902	13090189	-1	1
2L	20874433	20875638	-1	1
3R	29913026	29913145	-1	1
3L	8463238	8463301	1	1
X	12474522	12498232	1	1
2L	9293641	9295307	1	1
3R	5687370	5697027	-1	1
3L	5691873	5747775	1	1
2L	9294602	9295106	1	1
3R	24343319	24343495	1	1
2R	22881262	22882608	-1	1
3L	269355	270136	1	1
2R	7156689	7156838	-1	1
2R	10558132	10558227	1	1
3R	14306344	14306414	-1	1
3R	5174178	5174265	-1	1
2R	21096201	21097141	-1	1
3L	11114720	11116181	-1	1
3R	5593888	5594142	1	1
2L	10506446	10506543	-1	1
3L	18671435	18671490	-1	1
2R	23689307	23690442	1	1
3R	24690773	24692138	1	1
2R	2050152	2053024	-1	1
X	8171627	8173079	-1	1
2L	20355748	20355806	1	1
2R	21944691	21946106	1	1
2L	10841903	10842105	-1	1
3R	21303195	21311662	1	1
3L	7164514	7164730	-1	1
2R	12273948	12274174	1	1
2L	9622309	9622366	1	1
2L	18706740	18706797	1	1
3R	19095813	19095938	1	1
2R	15472514	15482359	-1	1
3L	23273099	23378197	1	1
2L	5182996	5205414	1	1
3R	20806499	20808324	1	1
2R	21485001	21485064	1	1
2R	18524621	18525079	1	1
3R	6431126	6431410	-1	1
X	576850	578190	1	1
mitochondrion_genome	8244	13035	-1	1
3R	12366307	12367987	-1	1
3L	14002380	14003193	1	1
3R	29865400	29868644	1	1
X	12649868	12649993	1	1
3L	4540231	4540295	-1	1
4	612362	613421	1	1
3L	17438199	17457241	1	1
X	17148761	17149834	-1	1
X	16481500	16482626	1	1
2L	4321563	4323050	1	1
3R	5414532	5453283	1	1
X	13675998	13841503	1	1
3R	21302138	21302413	1	1
2L	8826077	8826165	1	1
X	11981177	11983059	-1	1
2R	7656101	7656156	1	1
2L	6646948	6648898	-1	1
3R	25352127	25472725	-1	1
2R	16180946	16181981	1	1
2L	4442421	4442478	1	1
2R	9505469	9507863	1	1
X	22657660	22692949	1	1
2L	7797733	7798163	-1	1
3R	17873060	17915048	-1	1
X	13846957	13872232	-1	1
X	15343502	15343711	-1	1
2R	24714392	24714471	-1	1
3L	1311380	1311639	1	1
X	19135739	19135793	-1	1
2L	9293304	9295492	1	1
3L	22786328	22787304	1	1
4	556882	557105	1	1
X	13709558	13709829	1	1
2R	18415287	18415345	1	1
X	22982832	22984596	-1	1
3R	26806426	26826576	1	1
3L	1492808	1492876	-1	1
X	5794356	5794486	1	1
3L	24191047	24204184	1	1
2R	25255073	25259121	1	1
Y	124361	200725	1	1
X	18786543	18786599	1	1
3L	19790255	19793495	-1	1
3R	20792556	20797144	1	1
2R	22535806	22535870	-1	1
2R	24696191	24696241	-1	1
2L	10344744	10345471	1	1
2L	20418459	20418945	1	1
3L	5156020	5159552	-1	1
3R	13021643	13024800	1	1
X	13496207	13499798	1	1
X	9007182	9071504	-1	1
3R	29091978	29092141	1	1
3R	28531580	28539919	-1	1
2L	823857	824142	1	1
2R	4728552	4728779	-1	1
2L	18141251	18141744	-1	1
2R	16138885	16140330	1	1
3R	6000547	6000794	-1	1
X	6082905	6083338	-1	1
X	23241153	23242971	1	1
X	17926012	17938583	-1	1
2R	16765642	16765961	-1	1
3R	7269671	7270668	1	1
3R	4446823	4447701	-1	1
X	3860308	3860585	-1	1
3L	13798411	13803212	-1	1
3L	21120919	21129257	-1	1
X	15993774	15993965	1	1
3L	11245187	11245251	1	1
3R	26195834	26210113	1	1
3R	23263481	23264673	-1	1
2L	22939088	22939154	1	1
X	5238268	5239426	1	1
3L	3333693	3333745	-1	1
2L	9870424	9877987	-1	1
3R	31933998	31935057	-1	1
3L	9150765	9163423	1	1
3R	14623420	14623487	-1	1
3R	24199588	24199883	-1	1
3R	24101672	24102098	-1	1
3L	8304401	8305022	1	1
2L	20917121	20918529	-1	1
3L	8255475	8255560	1	1
2R	18119862	18122731	-1	1
3L	7312307	7312367	-1	1
2L	8543873	8544345	1	1
3R	11399726	11401149	1	1
X	2260468	2260647	-1	1
X	8915340	9071457	-1	1
2R	9446512	9449086	1	1
3R	19643504	19644299	-1	1
2L	9615382	9615615	1	1
X	5794143	5794293	1	1
3R	22413458	22413520	1	1
2L	6926716	6931820	1	1
3R	21303775	21304418	1	1
2R	4745421	4745682	1	1
X	11817004	11817236	1	1
X	17639846	17640026	-1	1
3R	21305873	21308654	1	1
X	19580076	19598941	1	1
3R	17896529	17904947	-1	1
3L	5161804	5162456	-1	1
X	3726820	3730165	1	1
3R	21308561	21311662	1	1
X	2693098	2693156	-1	1
2R	24883613	24883674	1	1
X	17639816	17641901	-1	1
2R	13714874	13718378	1	1
2R	13841998	13843141	-1	1
2R	5117301	5117456	-1	1
4	1038438	1045156	-1	1
3R	16298551	16299591	1	1
X	4727563	4727623	1	1
X	13083099	13085596	-1	1
2R	10493650	10530911	-1	1
2L	6616153	6616214	1	1
3R	20974505	20975256	1	1
2R	13260895	13262643	1	1
X	15947603	15947940	-1	1
X	575963	576580	1	1
2R	10272081	10279299	1	1
2R	6808527	6808583	1	1
2R	15189363	15189959	1	1
3L	19632823	19633131	-1	1
3L	12633946	12644802	1	1
X	6360633	6361151	1	1
3L	12759043	12759101	1	1
3R	5607467	5612834	-1	1
2L	7870474	7871171	-1	1
2R	23689132	23689193	1	1
2L	3449978	3450185	1	1
Y	2985009	3160869	1	1
3L	1630705	1631394	-1	1
3R	9929651	9991187	1	1
Y	2982512	3156328	-1	1
3R	28050307	28090579	1	1
3R	21805191	21807599	-1	1
2R	24049248	24049423	1	1
X	2173593	2178548	1	1
2R	8650259	8665074	1	1
3L	2631917	2631983	1	1
X	571693	578902	1	1
X	4698663	4699622	1	1
3R	31595122	31595559	-1	1
2R	13106491	13110769	1	1
3R	11593767	11619704	-1	1
3L	22832939	22833345	-1	1
X	4109825	4109897	1	1
4	104189	104304	1	1
2R	22421739	22421794	1	1
X	7934933	7935175	1	1
3R	18405620	18405762	1	1
2R	22820479	22820669	1	1
2R	14299059	14299487	1	1
2L	4822551	4828884	1	1
3L	22291164	22291229	1	1
X	289305	290791	1	1
4	921005	926052	-1	1
3R	11947748	11948837	-1	1
3L	6547602	6548687	1	1
2L	21635036	21635092	1	1
X	8875861	8876573	1	1
4	960039	962401	1	1
3R	6361815	6367775	-1	1
2R	6728374	6728591	-1	1
X	16317828	16318055	-1	1
3R	29686213	29686682	-1	1
2L	21382131	21390342	1	1
X	10922229	10922793	-1	1
2R	15323921	15324776	1	1
3R	18651920	18652060	-1	1
X	11424104	11430000	1	1
3R	20974027	20976093	1	1
2L	2780405	2780465	-1	1
X	9667460	9668169	-1	1
2L	12407735	12409456	-1	1
2R	20634369	20634431	-1	1
3R	20390814	20398527	-1	1
2L	21391653	21393082	1	1
2L	1857737	1858157	1	1
2R	18143614	18145047	1	1
mitochondrion_genome	13062	17261	-1	1
X	15354459	15354536	-1	1
X	19329688	19343997	-1	1
X	17640945	17641146	-1	1
X	19964072	19964782	1	1
X	9152906	9154111	-1	1
2R	8729741	8732823	-1	1
3R	21785763	21804981	-1	1
3L	6125448	6131412	1	1
2R	1893661	2018648	1	1
X	5744700	5746382	-1	1
2L	13501375	13501671	-1	1
2R	2776678	2920173	1	1
3R	4749590	4750794	1	1
2L	10841694	10847762	-1	1
2L	16723898	16724058	-1	1
X	10255473	10259240	-1	1
2R	7792369	7792666	-1	1
3R	29173995	29174934	-1	1
3L	6232201	6232264	-1	1
3L	9429090	9429228	-1	1
3R	14898069	14898127	-1	1
3R	23983913	23985004	1	1
3L	5760802	5760860	1	1
3L	7749248	7803196	-1	1
X	5238268	5243377	1	1
3R	20801645	20810500	1	1
mitochondrion_genome	13953	16115	-1	1
2L	8492641	8506762	-1	1
2R	10500316	10506113	-1	1
X	5883997	5884216	1	1
3R	27638540	27638623	1	1
3L	15879257	15879320	-1	1
3R	11623546	11623601	1	1
3R	863484	863752	-1	1
X	19629814	19629874	-1	1
3L	2313095	2313254	-1	1
3L	6943102	6943394	1	1
2L	2226578	2230958	1	1
3L	4419929	4438118	1	1
3L	15493582	15493940	-1	1
X	3740205	3767675	1	1
3R	6361817	6367778	-1	1
X	5125767	5141586	-1	1
2L	5312371	5312449	-1	1
X	16278548	16280886	1	1
2L	9257207	9291056	1	1
3R	19415780	19457899	1	1
X	2265486	2265548	-1	1
3R	20752376	20753509	-1	1
X	4698387	4699570	1	1
2L	13973852	13973924	-1	1
3R	26912444	26912505	-1	1
2L	7223698	7234527	-1	1
3R	10406112	10406171	-1	1
2R	16048430	16048493	1	1
2L	8042126	8042440	1	1
2R	24770516	24770578	-1	1
X	23283236	23457219	-1	1
3R	20974106	20974329	1	1
X	13013772	13017299	1	1
3R	15936048	15954944	1	1
2R	13814016	13814077	1	1
2R	15936357	15938239	-1	1
2R	24212530	24214959	-1	1
2L	7864716	7865539	-1	1
3R	11634082	11634375	-1	1
2R	17378258	17379292	1	1
2R	296959	397972	-1	1
3L	4577788	4581910	1	1
3R	14129275	14129334	1	1
3L	10516163	10517812	1	1
2R	24059053	24059252	1	1
3L	8507982	8508040	-1	1
X	17641023	17641083	-1	1
2R	6029860	6032098	-1	1
X	11931308	11974536	-1	1
3L	4090903	4090976	1	1
X	2334871	2367154	-1	1
X	2584050	2584116	-1	1
2R	10095927	10096157	1	1
3L	1574095	1574548	1	1
2R	11694582	11694655	1	1
2R	15572758	15572813	1	1
2L	1651888	1653498	1	1
2L	4828508	4828628	1	1
2R	18757523	18758031	-1	1
3R	11398225	11402807	1	1
3R	24064923	24066307	-1	1
2L	19584553	19584630	1	1
3L	7352099	7352235	1	1
3R	9010543	9010622	-1	1
2L	7216866	7217551	-1	1
2L	9272560	9291694	1	1
X	19730145	19748085	1	1
4	936930	938332	1	1
3L	4076671	4085623	-1	1
3R	28845771	28870098	1	1
X	13875018	13876117	-1	1
X	21075923	21076041	1	1
3L	5219059	5219133	-1	1
X	14461839	14503205	1	1
2R	11450681	11450788	1	1
3R	9750092	9750148	1	1
2L	12714921	12717570	-1	1
4	190062	193825	-1	1
X	6233202	6234841	1	1
3R	11402125	11407322	1	1
2L	12171925	12172117	1	1
3R	3864722	3867567	1	1
X	5236174	5254751	1	1
2R	12276746	12276810	1	1
3R	21303296	21304128	1	1
3R	13028885	13029919	-1	1
3R	4434187	4434655	1	1
X	5334495	5368033	1	1
2L	20532772	20533231	-1	1
2L	14616716	14617227	1	1
3R	20896058	20896239	-1	1
2R	23839532	23839733	1	1
X	19353651	19362967	1	1
3R	19217923	19218482	-1	1
3R	22017081	22017705	-1	1
2R	21605833	21606686	-1	1
X	7665877	7666254	1	1
2L	8304578	8304844	1	1
2R	21086726	21086790	-1	1
3L	6755173	6755420	-1	1
2R	19518002	19523234	-1	1
X	15828486	15834308	-1	1
2R	10108812	10109324	1	1
2R	7931556	7931611	-1	1
3L	24035501	24035566	1	1
2R	10446231	10447339	1	1
3L	4092384	4092506	1	1
2R	13719216	13725546	1	1
2R	10024298	10025850	1	1
X	16560902	16562233	-1	1
3R	21309195	21408318	1	1
X	16070585	16073486	-1	1
3R	18299530	18299699	1	1
2R	24880571	24880705	1	1
3R	21204417	21204527	-1	1
4	1277593	1278436	1	1
2L	22940014	22940073	1	1
2R	23878918	23880518	1	1
3R	16077342	16077403	-1	1
X	21749127	21919965	-1	1
3R	4301313	4301402	1	1
2R	2719762	2924161	1	1
2L	10256128	10262763	-1	1
2R	19629071	19631199	-1	1
2R	13977850	13978942	-1	1
X	15861731	15863622	1	1
3L	5747372	5747863	1	1
X	5744675	5747102	-1	1
3R	5790825	5790884	-1	1
X	2741497	2741589	-1	1
3R	9432840	9444011	1	1
3R	14644959	14645091	-1	1
4	99525	102810	1	1
X	6267946	6268107	1	1
X	576156	578119	1	1
3L	9105331	9106394	-1	1
2L	21257258	21257746	1	1
2L	21257808	21259531	1	1
X	2070389	2071710	1	1
3L	13798506	13803217	-1	1
X	3477818	3477938	-1	1
3L	17626398	17626493	1	1
3R	8823991	8824229	1	1
2L	5330520	5335717	-1	1
3L	20298146	20298204	-1	1
3R	16187300	16196031	1	1
2R	21188526	21192210	1	1
3R	14625842	14626026	1	1
3L	5743061	5745824	1	1
3L	24927164	24927227	1	1
3R	30133057	30133121	-1	1
Y	2928938	2929080	-1	1
3R	10003252	10003374	-1	1
2R	19031326	19069056	-1	1
2L	8543467	8543555	1	1
2L	8826070	8829615	1	1
2R	14198784	14199014	-1	1
X	12832353	12868228	-1	1
2R	18723303	18737945	1	1
X	1643028	1645800	1	1
X	8028436	8038979	-1	1
3L	9688166	9688862	-1	1
3R	15935552	15957650	1	1
3L	17466055	17466583	1	1
2R	13183213	13184777	-1	1
3L	13870804	13872503	-1	1
3R	21310094	21314402	1	1
X	6295475	6298648	1	1
2R	18526040	18526174	1	1
X	16276520	16276597	1	1
2R	25029495	25029771	1	1
X	10779573	10781973	-1	1
X	13661346	13663788	1	1
3R	5583119	5583828	-1	1
3R	11752985	11753405	-1	1
2R	21653096	21701535	1	1
X	18864203	18882764	1	1
3L	9547478	9547640	1	1
2R	9563406	9563474	1	1
3R	11591327	11592367	-1	1
3R	20797854	20798291	1	1
2L	16896114	16916980	1	1
3R	24821726	24821794	-1	1
3R	25246034	25246169	-1	1
2L	9491993	9492445	-1	1
3L	5691777	5691849	1	1
3R	30496871	30497084	-1	1
3R	11335260	11335562	1	1
X	15860251	15861140	1	1
3R	24528255	24528334	1	1
3R	9465547	9466416	-1	1
X	1481967	1482308	-1	1
2R	926572	927046	-1	1
3L	10531093	10580956	1	1
3R	26455851	26456092	-1	1
3R	9723800	9723860	-1	1
3R	10972820	10993187	1	1
X	12197256	12273935	1	1
3R	5652535	5653205	-1	1
X	9182100	9183195	1	1
3R	13698282	13699068	-1	1
3R	26662243	26681482	-1	1
2L	10007485	10007685	1	1
3R	31745344	31745394	-1	1
X	2111889	2115432	1	1
3R	24518605	24520526	1	1
2L	21261953	21262013	1	1
2L	5652107	5652161	-1	1
2L	3720905	3720968	1	1
2L	20079567	20079636	1	1
X	9472661	9500095	-1	1
3R	17896611	17915047	-1	1
3L	236508	239055	-1	1
2R	4016833	4018098	1	1
3R	5643778	5644163	-1	1
2L	5799412	5799751	-1	1
3L	225915	225967	1	1
2L	8543716	8544544	-1	1
3L	2091130	2091248	-1	1
3L	5738164	5738226	1	1
X	13828254	13828642	-1	1
2R	16011156	16011219	-1	1
3R	30518058	30518307	-1	1
3L	1438002	1499729	-1	1
2R	9426930	9434548	1	1
3R	23983948	23984290	1	1
3R	29673510	29673571	-1	1
2R	16871441	16871511	1	1
2L	2216960	2217013	-1	1
X	8187077	8194646	1	1
mitochondrion_genome	2843	8132	1	1
2L	19465336	19509238	-1	1
3R	20319711	20319769	1	1
2R	21482093	21482204	1	1
2R	7714500	7716997	-1	1
3R	26254444	26254883	-1	1
3L	1758655	1758716	1	1
X	11830974	11831112	1	1
2R	19629071	19630203	-1	1
3R	13689539	13689598	1	1
2R	16941493	16941574	1	1
3L	20151891	20152201	-1	1
3R	23605856	23606619	-1	1
X	7898515	7899735	-1	1
X	8037890	8038815	-1	1
X	13985572	13990470	-1	1
X	16710314	16710778	1	1
2R	9432514	9434389	1	1
3L	22833266	22833481	-1	1
X	19347930	19354124	-1	1
3R	9358517	9359267	1	1
X	15010850	15014072	-1	1
3L	15503819	15504469	-1	1
3L	12342364	12342428	-1	1
3R	4304073	4304404	1	1
3L	11496002	11496922	1	1
2L	16247173	16250077	-1	1
X	4478295	4478354	1	1
2R	22926930	22931863	1	1
X	18371554	18377787	1	1
2L	240574	241040	-1	1
4	313643	313699	-1	1
2R	6752785	6752843	1	1
2L	8083463	8089185	1	1
3L	13534053	13535871	-1	1
X	21422395	21440638	-1	1
4	329177	351586	-1	1
2R	18120665	18120728	-1	1
2R	9772432	9772541	-1	1
3R	18197121	18197274	-1	1
3R	4221318	4221780	-1	1
3L	6182387	6182810	-1	1
2R	2917757	2952932	1	1
3R	20974000	20974501	1	1
2L	7674798	7675012	-1	1
3L	5424315	5425081	1	1
X	3373570	3385524	1	1
3L	16010163	16011280	-1	1
3L	6949921	6950108	-1	1
X	10452493	10454458	-1	1
X	1372268	1372461	1	1
2R	8136541	8137067	-1	1
2L	7568979	7575734	-1	1
3R	6364789	6364998	-1	1
3R	13735624	13744784	1	1
X	16123311	16128894	-1	1
3L	3608730	3610351	1	1
3L	5156416	5164139	-1	1
2R	16107503	16108113	-1	1
3L	2983043	2983160	1	1
3R	26870131	26870189	1	1
3R	9445188	9445255	1	1
3R	24695116	24695341	1	1
3R	14177665	14214552	-1	1
2R	18432776	18437575	-1	1
2R	1212745	1212836	1	1
3R	24785915	24785973	-1	1
3R	20824773	20825017	-1	1
2L	20788642	20788722	1	1
3R	8817720	8818818	-1	1
X	615513	619292	-1	1
X	5744700	5744800	-1	1
X	3256454	3258713	1	1
3L	6259911	6259981	-1	1
2L	21095413	21099037	-1	1
X	18845634	18849922	1	1
3L	3909040	3909221	-1	1
X	14799166	14799281	-1	1
2L	4459208	4459266	1	1
2R	14739457	14739697	-1	1
2R	15140096	15140378	1	1
3R	14791253	14792018	1	1
2L	6483636	6483862	1	1
X	19598074	19598149	1	1
2L	18993992	18994137	-1	1
2R	15469810	15470768	1	1
2R	11578524	11584422	-1	1
3L	8973402	8973461	-1	1
2L	7481585	7481643	-1	1
3L	17401127	17401207	-1	1
X	11900077	11900170	-1	1
X	18367351	18560397	1	1
X	15886353	15887013	-1	1
2R	23548927	23615426	1	1
2L	3359971	3360222	-1	1
2L	6681219	6681279	-1	1
3R	13019815	13019896	1	1
3R	26915909	26916503	1	1
2L	3871200	3871265	1	1
3L	11226802	11227314	1	1
3L	2823588	2823797	-1	1
2R	8010061	8011928	-1	1
3L	20319567	20319625	1	1
3L	434166	434867	-1	1
3L	19816821	19816871	-1	1
3R	23250541	23250600	-1	1
X	11900033	11900421	-1	1
2L	16887177	16887299	-1	1
3L	8462027	8463074	1	1
2R	24399184	24399850	-1	1
2L	6928554	6931936	1	1
2R	14164137	14164191	-1	1
2L	1012385	1012444	-1	1
2L	2188359	2188533	1	1
3L	270190	270254	1	1
2L	15906806	15906864	-1	1
2L	159543	162631	1	1
X	8181518	8191812	1	1
2R	15165101	15180513	1	1
3L	2377932	2415391	1	1
3R	20958146	20959596	1	1
3R	14792133	14793443	1	1
3R	22419759	22419817	-1	1
2R	7805018	7806226	-1	1
2R	2050220	2051782	-1	1
X	11582474	11582533	-1	1
3R	5274895	5274966	-1	1
X	18130788	18132323	-1	1
2R	24767072	24767369	-1	1
3L	8926193	8926696	1	1
2R	15993718	15994657	-1	1
2L	8123436	8123692	-1	1
3L	1834105	1834289	-1	1
X	16278123	16278177	-1	1
2L	19928997	19929203	1	1
3R	9487683	9493317	-1	1
3R	15956308	15959320	1	1
2L	4439685	4441158	-1	1
3R	24064924	24103172	-1	1
2R	24699510	24726773	-1	1
Y	132488	200760	1	1
X	6116789	6116840	-1	1
2L	9810849	9811172	-1	1
3R	30010576	30011770	-1	1
X	576168	577926	1	1
X	9666045	9683462	-1	1
3R	30484753	30485227	1	1
X	20476101	20476165	-1	1
X	4325562	4363332	1	1
3R	9547371	9549292	-1	1
X	12208284	12211205	1	1
2L	5985181	5985348	1	1
2L	6923864	6925306	1	1
2L	20813755	20813965	1	1
2R	22333751	22337730	-1	1
2R	24891838	24894084	1	1
2R	18497408	18497842	-1	1
2L	22550957	22551466	1	1
3L	24162786	24163045	1	1
2L	5170954	5171863	1	1
3R	20823505	20823556	-1	1
2R	13337349	13361951	-1	1
2L	21679403	21679484	1	1
3R	9467441	9467991	-1	1
X	11935509	11977013	-1	1
3L	13902333	13902894	-1	1
3R	31231193	31313694	1	1
3L	22295582	22295734	-1	1
X	8517635	8531697	1	1
3R	17057560	17069702	1	1
X	16286412	16286804	1	1
3R	28463807	28464079	1	1
2L	20813755	20813881	1	1
2L	12262191	12303974	1	1
3R	25291965	25292028	-1	1
2R	7393783	7393848	-1	1
3L	21411579	21419607	1	1
X	15888460	15889672	-1	1
3L	20996088	20996149	-1	1
3R	13223086	13258374	-1	1
X	6123338	6124209	-1	1
2L	15063111	15065377	-1	1
3R	23983924	23984305	1	1
3R	24046492	24046938	-1	1
2R	17912880	17914089	1	1
3L	24208970	24226087	1	1
3L	8198806	8203217	1	1
X	19687173	19699204	1	1
3L	3232240	3232298	-1	1
3R	10285015	10286409	1	1
2R	7833263	7833661	1	1
2R	16974125	16976479	1	1
3R	11337763	11338237	1	1
3L	11215815	11216586	1	1
3L	6951957	6952470	-1	1
2L	13550421	13551089	1	1
3R	9946781	9992612	1	1
3L	4074150	4074835	-1	1
X	13336039	13336102	-1	1
3R	12778422	12783063	-1	1
X	5903078	5904582	1	1
3L	17638372	17642654	-1	1
X	23280164	23291709	1	1
3R	10589492	10590449	-1	1
2R	24570110	24570172	-1	1
3R	7269597	7270740	1	1
2L	6789859	6790484	-1	1
2L	9241270	9241376	1	1
X	18813758	18826228	1	1
3R	10613482	10614092	-1	1
3R	30068421	30082180	1	1
3L	5161218	5161554	-1	1
3R	31935776	31936958	-1	1
3L	20303116	20303174	1	1
3R	4734695	4735033	-1	1
3R	24880747	24880806	1	1
3R	22389588	22389783	1	1
3R	11401671	11407454	1	1
X	5340445	5340876	1	1
3L	7862367	7867241	-1	1
2R	20424657	20429404	1	1
2L	4842692	4843339	-1	1
3L	23327438	23327494	-1	1
X	7739124	7739807	1	1
2R	16325049	16325804	-1	1
3L	19281755	19292238	-1	1
3R	15399345	15399836	1	1
2L	4944865	4944927	-1	1
2L	15271144	15271834	-1	1
3R	31813827	31817819	1	1
X	20394889	20411490	1	1
X	11933889	11934005	-1	1
2L	1010844	1011275	-1	1
X	11033312	11057598	-1	1
3R	27550708	27550873	-1	1
3R	12455105	12456020	1	1
2R	9895486	9898375	1	1
2L	12425484	12425539	1	1
3R	28732483	28733201	1	1
X	10214726	10224051	1	1
2R	24455848	24483040	-1	1
2L	9256697	9256757	1	1
2L	21391893	21393346	1	1
3R	30774759	30776243	1	1
X	16071901	16073027	-1	1
3R	27157228	27157346	1	1
3R	17885326	17885604	-1	1
X	19646888	19646962	1	1
2R	13944810	13953216	-1	1
3R	19643595	19643738	-1	1
X	6846530	6846625	1	1
2R	14230311	14231034	-1	1
X	10701122	10702682	1	1
2R	11380586	11381262	-1	1
3L	19903243	19909422	-1	1
3R	30208174	30208327	-1	1
3R	22723260	22723322	-1	1
3L	11186497	11187250	-1	1
2L	21382053	21390281	1	1
3R	15856323	15856383	-1	1
2R	24695619	24698142	-1	1
2R	7377715	7381471	-1	1
3R	30517434	30517536	-1	1
3L	4114435	4114780	-1	1
3R	4304145	4304308	1	1
2R	16328915	16329417	-1	1
3L	24031320	24072161	1	1
3R	25683384	25683473	-1	1
X	11430743	11445926	-1	1
X	18027361	18027419	1	1
2R	16101782	16101838	-1	1
2L	4280026	4304526	-1	1
3L	529376	539899	-1	1
3L	4126932	4126989	-1	1
3R	20974284	20975135	1	1
3R	5569472	5569575	1	1
2R	13187909	13189561	-1	1
X	12686924	12690473	-1	1
2R	12885152	12886639	1	1
2R	22108781	22108851	-1	1
X	9184341	9186655	1	1
X	5673135	5673217	-1	1
3R	8034881	8034940	1	1
X	10309666	10318441	-1	1
X	14236442	14236507	-1	1
3R	19149184	19149240	1	1
X	18495291	18495902	-1	1
2L	21388772	21392690	1	1
3R	22026237	22026834	-1	1
2R	17207818	17377413	1	1
2R	3901909	3904010	-1	1
X	2236828	2236940	1	1
2R	21021522	21023065	1	1
X	15892915	15904196	1	1
4	948173	948307	1	1
3R	19088301	19093752	-1	1
2R	23910758	23924850	1	1
X	16561509	16568223	-1	1
X	7953652	7967968	1	1
3L	8469683	8470154	1	1
3R	11393910	11400800	1	1
X	11052336	11052448	-1	1
X	5904139	5909606	1	1
3R	11335585	11403384	1	1
3L	21680233	21680300	1	1
3L	12341047	12351198	-1	1
3L	22913640	22923376	1	1
3R	22544240	22544348	-1	1
3L	21614624	21614680	-1	1
2R	3122430	3186458	1	1
X	9185741	9186612	1	1
3L	15894454	15898035	-1	1
2R	14163311	14164341	-1	1
X	16560922	16565156	-1	1
2L	15271144	15271323	-1	1
2L	15063605	15064893	-1	1
3L	5663659	5664225	1	1
X	17937787	17938570	-1	1
X	12569285	12572113	-1	1
3R	20973994	20974374	1	1
4	129443	129728	-1	1
3L	8274670	8275505	1	1
2L	10842274	10842381	-1	1
2R	24555572	24556284	1	1
2L	9787356	9789830	-1	1
2R	16015035	16015092	-1	1
3L	12795325	12795458	1	1
X	576221	577911	1	1
3L	9145815	9145892	-1	1
3R	19086961	19087035	-1	1
3R	27939999	27940176	1	1
X	15483421	15485122	-1	1
4	460060	464383	-1	1
2R	13944691	13945416	-1	1
2L	7806524	7806657	-1	1
3R	18958832	18977294	1	1
2L	6125989	6126655	-1	1
X	22500854	22502781	1	1
3R	30011608	30011669	-1	1
3R	16997831	16998164	1	1
3R	18248385	18248674	1	1
3R	30010140	30010254	1	1
3L	2368426	2368630	1	1
3R	23605872	23606635	-1	1
2R	13831231	13832287	1	1
2R	10101178	10104256	1	1
3R	11396864	11406607	1	1
2L	199744	199903	1	1
X	11091163	11091972	1	1
X	16544926	16545013	-1	1
X	16545061	16546912	-1	1
2R	13808854	13808944	1	1
2R	17051165	17053269	1	1
3R	17068901	17068970	1	1
3R	20253127	20253506	1	1
X	18133187	18133248	1	1
2L	9802694	9803648	-1	1
2L	10976016	10976247	-1	1
3R	21302882	21303714	1	1
3L	13521967	13523803	-1	1
3L	23007708	23010850	1	1
X	3173533	3173677	-1	1
2L	7033928	7034031	1	1
X	11090978	11091051	1	1
3L	14017882	14017946	1	1
X	5237437	5237522	1	1
2R	10279428	10285616	1	1
3L	20840402	20840473	-1	1
2L	5972324	5973508	-1	1
3R	29106134	29108636	1	1
X	22667694	22668351	1	1
3L	209714	209784	-1	1
X	1349078	1349144	-1	1
mitochondrion_genome	12185	13054	-1	1
4	254605	254718	1	1
3R	11019869	11023468	1	1
3L	20844485	20860381	-1	1
2R	22685910	22686851	-1	1
3R	27563030	27563130	-1	1
3L	20293461	20304113	-1	1
2R	6213328	6213469	-1	1
3R	30012062	30014815	-1	1
X	2173234	2173394	1	1
2R	20623718	20623775	1	1
X	8240885	8240939	1	1
3R	23963224	23965791	1	1
2R	20653406	20653540	-1	1
2R	17016510	17018315	-1	1
4	187921	187997	-1	1
3L	19891497	19892578	-1	1
X	11144250	11144324	1	1
3R	27418734	27418785	-1	1
3R	24319158	24319409	1	1
2L	163002	190026	1	1
3L	1631688	1631750	-1	1
X	15989130	15989392	-1	1
2R	7322719	7322776	-1	1
3R	9010603	9011067	-1	1
3R	31597921	31599001	-1	1
3R	9336720	9336779	1	1
3R	9437119	9439142	1	1
2R	14278942	14299525	1	1
2L	6123235	6124322	1	1
X	15188889	15189458	1	1
3R	31935776	31937892	-1	1
X	5186746	5199180	1	1
2L	15939997	15962251	-1	1
X	17073612	17075953	-1	1
3L	5668142	5668700	1	1
2R	22644985	22645086	-1	1
3R	11403519	11403654	1	1
3R	11947693	11948837	-1	1
3R	21309737	21310016	1	1
2L	12437353	12457201	-1	1
2L	2772639	2779172	-1	1
2R	14179932	14180422	-1	1
2L	16009372	16009626	1	1
3L	8941116	8953144	-1	1
3L	11488595	11495017	1	1
3R	15270116	15270185	1	1
3R	4298586	4301463	1	1
2L	7575865	7575930	-1	1
X	19517454	19517532	1	1
3L	1492464	1492646	-1	1
3L	11733810	11736573	-1	1
2L	16237446	16237510	1	1
3L	9159816	9162500	-1	1
X	18130766	18132274	-1	1
2L	4314616	4315769	1	1
3L	5685932	5691871	1	1
2R	9530207	9532346	1	1
X	10309666	10318300	-1	1
3R	21306956	21310016	1	1
2R	22346360	22346648	-1	1
3R	19413107	19415638	1	1
2L	18547045	18562710	-1	1
X	3944176	3944966	1	1
2L	9292238	9293014	1	1
3R	23983910	23984353	1	1
X	10922798	10938162	1	1
2R	2963249	2968024	1	1
2R	19431563	19431627	-1	1
3L	23748374	23748424	1	1
3L	16405777	16493636	-1	1
3R	4301154	4301242	1	1
3L	7240778	7240855	1	1
2R	12273899	12278718	1	1
3L	6949674	6950120	-1	1
X	13693015	13701097	-1	1
2L	7825971	7826113	-1	1
2L	2756175	2756717	1	1
3R	24806620	24806686	-1	1
2R	23879758	23880750	1	1
3R	13432934	13433065	-1	1
3R	15332829	15333013	-1	1
3L	10689844	10690441	1	1
3R	27948902	27948984	1	1
3L	20473970	20474032	1	1
X	8179326	8240415	1	1
3L	19595056	19598175	-1	1
2L	6923890	6926994	1	1
2L	1012328	1013581	-1	1
3R	5601863	5601914	1	1
2L	16173249	16173319	1	1
2L	16727489	16727630	-1	1
X	3860746	3862527	-1	1
2R	10033552	10033757	1	1
3L	21845248	21845338	1	1
2R	10425052	10425266	1	1
2R	7396974	7398281	-1	1
3R	18227902	18227960	-1	1
3L	12738704	12738772	1	1
X	1680132	1690193	-1	1
3R	4651894	4651983	1	1
2L	19049236	19049287	1	1
X	1662846	1662993	1	1
3R	4281931	4282674	1	1
X	8494546	8509456	1	1
X	8502115	8502306	1	1
2R	2795400	2802603	1	1
2L	21382090	21390224	1	1
3L	1626951	1628050	-1	1
3L	7832791	7867472	-1	1
X	7646980	7660406	1	1
X	5917576	5924372	1	1
3L	7367006	7367376	-1	1
X	3340943	3343487	1	1
X	1409554	1410075	1	1
2R	5307347	5307410	1	1
2R	18118099	18119347	-1	1
3R	26961746	26962253	-1	1
3R	19219341	19219405	-1	1
4	175640	175699	1	1
3L	18902412	18949859	1	1
X	3477148	3477738	-1	1
2L	1010068	1083392	-1	1
X	13985292	13985867	-1	1
2R	18688356	18692041	1	1
X	9152808	9153371	-1	1
X	10779410	10781810	-1	1
X	17554084	17560829	-1	1
3R	9629158	9630495	-1	1
2L	2869551	2870689	-1	1
2R	24959959	24960051	-1	1
2R	12916065	12917995	1	1
X	19327322	19366287	-1	1
X	1786301	1787939	1	1
3L	5362756	5383521	1	1
2R	16623523	16623580	1	1
2R	642364	673574	1	1
X	16459637	16460897	-1	1
2R	6084391	6084508	-1	1
X	5837887	5840564	1	1
3R	13390296	13391865	-1	1
X	13013771	13017297	1	1
2L	10225966	10226665	-1	1
X	5793981	5794263	1	1
3R	13457667	13457735	1	1
3L	15106069	15108616	1	1
2R	19520222	19520816	-1	1
2R	13841806	13843551	-1	1
2L	11852222	11852378	1	1
2R	11869758	11869819	-1	1
3L	20314924	20315192	1	1
X	8431690	8431966	1	1
2R	4322645	4470892	-1	1
X	16527900	16532394	-1	1
2R	13554267	13554387	1	1
3R	26867783	26868356	1	1
3R	21115425	21115870	1	1
3R	13671098	13671164	1	1
3R	25518438	25519261	1	1
X	13657165	13664457	-1	1
X	10171018	10171849	1	1
3R	21309514	21309791	1	1
X	5166041	5173252	1	1
2L	1012533	1034135	-1	1
