chrom	donor	acceptor	strand	count
2R	12269436	12273766	1	9481
2L	21389080	21390052	1	4630
3R	11215625	11215693	-1	3633
3R	29863197	29863415	1	3471
2R	4187693	4187760	-1	3377
3R	30206722	30208093	-1	3311
2L	22535064	22535617	-1	3268
3L	23093879	23094684	-1	3264
2L	10410052	10410241	1	3254
2L	9968248	9968317	1	2874
2R	16570385	16570626	-1	2836
2R	9587707	9587777	1	2727
3L	3221284	3221467	-1	2576
2R	12199590	12199834	-1	2558
2L	19959692	19959751	1	2538
2R	10106453	10107467	1	2536
2L	4457510	4457740	-1	2383
2L	2756171	2756245	1	2370
3R	8340090	8340428	-1	2288
2R	22854859	22855445	1	2219
X	9554929	9554996	1	1987
2L	2753661	2756008	1	1921
3R	8823070	8823261	-1	1917
2L	6558592	6558939	1	1890
3R	20822892	20823132	1	1823
3L	9510159	9510465	-1	1773
3L	8601843	8602103	1	1772
3R	15955022	15955087	1	1746
3L	1632455	1635186	-1	1691
3R	14626230	14626294	1	1666
2R	7042148	7042580	1	1624
2R	19443099	19443313	1	1559
2R	5603762	5603900	-1	1530
3L	268961	269097	1	1418
2R	24060994	24061150	1	1319
3R	15266371	15266433	1	1317
3R	25246382	25246448	-1	1294
X	17143772	17144618	-1	1274
2L	2579427	2579483	-1	1272
3R	26255432	26256933	-1	1244
3R	4957224	4957290	-1	1212
3L	17426080	17426139	1	1191
2R	24903789	24903881	-1	1168
2L	4457290	4457375	-1	1134
2R	22607049	22607755	1	1132
2L	3467063	3467133	1	1117
2R	24062302	24062388	-1	1111
2L	5327677	5327744	1	1091
3L	23339681	23341457	1	1071
2L	155785	155858	1	1051
2R	21293875	21294054	1	1049
4	1047391	1047453	-1	973
2R	21293790	21293850	1	971
3L	12137779	12137838	-1	958
3R	19412765	19415633	1	946
2R	24030844	24030970	-1	944
3R	15955206	15957591	1	931
3R	20822574	20822802	1	915
2L	8042126	8042440	-1	885
2R	10897418	10897472	-1	883
X	10213772	10214099	1	876
2R	1344382	1344451	-1	872
X	15138914	15138979	-1	853
3L	1635238	1635301	-1	831
2R	24665184	24665237	1	828
2L	13370565	13370624	-1	827
3L	17475595	17475651	1	802
3R	9778719	9778777	1	798
X	5794143	5794204	1	791
3R	5465732	5465800	-1	766
2R	5604013	5604244	-1	759
3L	19995503	19995629	1	758
3R	11339707	11370248	1	744
2R	24047322	24047505	-1	733
2L	2579568	2579619	-1	730
3R	22372383	22372469	1	726
2L	19587087	19600858	1	693
2L	5071356	5071609	1	690
3R	31935392	31935666	-1	648
3R	22727492	22728843	1	643
2R	10049905	10049960	1	623
3L	21539168	21539244	-1	618
X	15902333	15903790	1	616
2L	14963360	14971543	-1	603
X	1410122	1413418	1	603
3L	24210139	24253793	1	602
2L	5327287	5327503	1	602
2R	10094979	10095049	1	600
2R	12259459	12260040	1	600
3R	11370293	11371313	1	599
3R	11335623	11339658	1	589
3L	4371905	4379421	-1	583
3R	15836287	15836355	-1	575
3R	22899611	22914951	1	575
3L	27267919	27268092	1	562
3R	11591308	11591995	-1	562
2R	16326065	16326135	-1	556
X	17144717	17145016	-1	555
2R	21698305	21698388	-1	551
2L	6061124	6061187	-1	550
3R	29378025	29382956	1	549
2R	10049645	10049753	1	546
2L	10255015	10255078	-1	541
3L	13043338	13043574	1	538
3R	8819264	8819928	-1	536
3R	22029149	22029216	1	533
2R	16764375	16765328	-1	533
2R	23386046	23386117	-1	527
3R	19218032	19218159	-1	526
4	1192653	1192706	-1	526
3L	22801742	22831937	-1	525
2R	21294162	21294231	1	522
3R	29222482	29222546	-1	516
3L	13798506	13803062	-1	506
3R	23355570	23355634	-1	503
3R	4295287	4295568	1	503
2L	15749852	15750550	-1	499
2L	23312655	23312719	-1	498
X	10460997	10461082	1	498
3R	4284407	4295120	1	495
2R	24905190	24905247	1	491
2L	5099674	5099737	-1	490
3R	8822667	8822724	1	487
2L	11803675	11803785	-1	487
3R	5596123	5596861	-1	486
2L	11803899	11806048	-1	483
3L	21575611	21575670	1	483
4	281893	281948	-1	474
3R	18706107	18712425	1	470
2L	1612989	1613044	-1	469
3L	25120986	25121044	1	467
2L	5045926	5046147	1	465
3L	13664875	13666386	-1	463
3L	18869812	18869877	1	462
2L	21388843	21388914	1	462
3R	11592013	11592367	-1	459
3L	1661166	1661227	-1	448
2R	3933464	3938552	-1	445
2R	16994354	16994411	1	444
3L	1660858	1661109	-1	444
3L	24161180	24210021	1	442
2R	17867254	17867326	-1	438
2R	1515837	1515890	-1	437
2L	19008544	19008949	-1	436
3L	8307381	8307794	-1	434
2R	21025756	21025816	1	428
X	628687	628751	-1	428
X	7935440	7935499	1	427
2L	5985221	5985339	1	425
2R	4187880	4187946	-1	423
2L	3145250	3145305	-1	418
2R	24903590	24903698	-1	414
X	15084266	15084353	-1	410
2R	926683	926735	-1	410
4	354562	354680	-1	401
4	1124894	1124950	1	399
2R	14623732	14623920	1	392
2L	10247774	10247852	-1	391
2R	24665030	24665093	1	391
2R	14623979	14624157	1	390
4	249736	249790	-1	385
4	247229	249557	-1	375
X	8925697	8999380	1	374
X	15848005	15848886	-1	373
X	17633109	17633263	1	368
3L	17066841	17067137	-1	361
3L	22801742	22824041	-1	360
2R	12264918	12269193	1	359
X	12832341	12868228	-1	356
3R	13133094	13154368	-1	355
3L	24079559	24131196	1	352
X	15176000	15177693	1	350
3R	31935776	31936690	-1	350
3R	5466028	5466153	-1	341
2R	13158847	13159017	1	340
X	12016722	12016779	1	339
2R	18614425	18614482	-1	337
3R	19094586	19094642	-1	335
X	19492998	19493057	1	335
3L	24131238	24161131	1	335
2R	21658481	21658540	1	332
2L	7831660	7831734	1	332
3L	15162134	15162257	1	330
2R	19067541	19089854	1	329
2R	24065111	24065183	1	321
2R	24061993	24062198	-1	319
3L	19924208	19924292	1	319
2R	21690475	21690638	-1	317
3R	3750540	3752167	1	316
2R	14172684	14172747	1	316
X	5673135	5673217	1	311
2L	2856176	2856247	1	310
2R	23924756	23924818	1	310
2L	8322242	8322309	-1	310
2R	13159104	13159534	1	309
2L	11225885	11235275	1	306
3L	23339370	23339430	1	306
4	1195791	1195842	-1	305
3L	10693507	10693706	-1	304
X	11144483	11144614	1	302
3L	7372520	7372581	1	301
2L	8107439	8107748	1	300
3R	9234665	9236810	-1	300
4	1006010	1006066	1	298
X	16286613	16286676	1	297
3L	17425518	17425579	1	297
X	10460849	10460920	1	295
3R	25682292	25682356	1	293
4	85934	87017	1	292
3L	12143686	12143745	-1	291
X	12020139	12020535	1	290
4	1230119	1230306	-1	289
X	10258965	10259191	-1	288
2R	23880355	23880431	1	287
3R	23759924	23759985	-1	286
2R	24059134	24059196	1	285
3R	19643679	19643738	-1	285
4	1047576	1047635	-1	283
2L	2787169	2792195	-1	282
3L	13016519	13016587	1	282
3R	9446498	9447629	1	281
3R	19731280	19752529	1	280
X	12776799	12776869	-1	279
3L	1331171	1331280	1	273
X	15902118	15902190	1	272
3L	5668885	5668964	1	272
3L	16671843	16672454	-1	271
2R	22801371	22801483	1	269
X	18169785	18169989	1	268
X	11091858	11091921	1	266
X	1411979	1413418	1	263
4	1141368	1143449	-1	263
3L	2373068	2373129	-1	261
3R	18929565	18931144	1	261
4	1129731	1130025	1	255
2R	18523042	18523194	1	254
4	1192771	1193560	-1	253
3L	17425641	17425910	1	252
4	154966	155027	-1	251
3L	9429115	9429174	-1	250
3L	24258637	24297681	1	247
3R	17073568	17073628	1	246
3L	20315304	20315398	1	245
3L	25933411	25961360	-1	243
X	13746849	13750316	-1	243
3L	1577132	1592744	1	243
2L	3145449	3145528	-1	243
3L	17475136	17475410	1	242
2L	4944417	4944475	-1	241
3R	29149507	29149569	1	238
2L	2856569	2856631	1	237
2R	14234207	14234268	-1	237
2L	2856306	2856377	1	236
X	6772724	6772787	1	236
2R	22664122	22664175	1	235
2R	3190805	3190861	1	234
2R	18522721	18522973	1	233
X	13383624	13384300	-1	233
X	6677576	6677652	-1	233
3L	12137945	12138016	-1	232
4	282029	282436	-1	230
2R	8951893	8952002	1	230
3R	6659181	6659242	1	230
3L	2541404	2554058	-1	229
3R	4282835	4284226	1	229
2L	2787163	2792195	-1	229
3R	9487204	9493396	-1	228
2R	10897588	10897664	-1	228
3R	5553046	5553271	-1	228
4	310018	310079	1	224
X	5671017	5671081	-1	222
X	11703449	11703509	1	222
3L	20771609	20771668	1	221
2R	24559133	24559455	-1	220
X	6275171	6276228	-1	215
X	8330142	8365490	-1	215
2R	18168139	18168208	1	215
2L	19514860	19514931	-1	214
4	280240	280325	-1	213
2R	24044751	24044814	-1	212
X	15989477	15989854	-1	212
2L	10264890	10264947	1	211
X	1876912	1876969	-1	211
2R	16016265	16016331	-1	210
3L	9108074	9108132	-1	210
2R	4516320	4516378	-1	210
X	9163291	9165682	1	210
2R	14624221	14624403	1	208
X	14582356	14582499	-1	208
4	1057573	1057633	-1	207
3R	24839490	24839612	1	207
2R	14215703	14215951	-1	207
3L	9684459	9684522	-1	206
X	14837754	14837814	-1	206
2R	16326274	16326333	-1	206
X	20917474	20923298	-1	205
3L	13356853	13357008	1	204
3L	23339477	23339534	1	203
X	1468383	1468447	1	202
3L	11200329	11200398	1	202
2L	5520701	5521136	1	201
2L	10342234	10342289	1	201
X	20491395	20509366	-1	201
4	1045249	1047264	-1	200
X	10255591	10257668	-1	199
2R	14623470	14623687	1	198
3R	3623706	3626910	1	195
3R	25040149	25040212	1	194
2R	4727735	4727794	-1	193
3R	17073339	17073502	1	193
4	442390	442864	-1	192
3L	18869647	18869707	1	191
2R	9793406	9806459	-1	191
3R	21807735	21808617	-1	190
X	6511179	6523732	-1	189
3L	9823640	9823711	-1	189
3R	19029948	19030009	1	189
4	85800	85853	1	189
2L	16001255	16013953	1	186
3L	24074311	24079465	1	186
2L	21627758	21627842	-1	185
2R	4727954	4728009	-1	185
3R	25246668	25247433	-1	183
3L	1330965	1331280	1	183
X	10255591	10256112	-1	182
3R	16503172	16512964	1	181
2R	11653084	11678206	-1	181
3R	10044755	10044813	-1	180
3R	9515020	9515073	-1	178
3L	1876782	1876848	-1	178
2L	9870521	9877102	-1	178
3L	24253922	24258492	1	177
2R	20264433	20264493	1	177
2R	14514457	14514804	1	176
2L	18271928	18275463	-1	175
3L	25120819	25120894	1	175
3R	17915165	17916139	-1	175
2R	24905382	24905437	1	174
3L	3717408	3718196	-1	174
X	15849017	15849136	-1	174
X	13784277	13785707	1	174
3L	21517791	21517846	1	171
2R	16196573	16196692	1	170
2R	9135706	9135765	-1	170
2R	10105826	10105941	1	169
3R	12432223	12432287	1	169
3L	23748717	23748772	1	169
2L	10266314	10266380	1	168
X	6672180	6672262	-1	167
3L	12746831	12746898	-1	166
X	9163399	9165682	1	166
X	11571109	11571169	1	165
2R	19445380	19445928	-1	164
2R	21650793	21652437	1	164
2R	24875273	24875338	-1	164
X	2008069	2008129	-1	164
3L	16405171	16405326	-1	163
2L	159820	160009	1	162
2R	14234343	14234443	-1	162
2R	18155343	18155405	-1	161
X	16885802	16885967	-1	161
X	10765536	10765605	-1	161
X	10255591	10258878	-1	160
2R	6756482	6756543	-1	160
2R	16014046	16014114	-1	160
2R	9096736	9096926	1	159
3R	23959389	23959456	1	158
2L	12057148	12057215	1	158
X	11435482	11435549	-1	156
X	13968074	13985214	-1	156
2L	2772654	2779185	-1	156
X	18813799	18819776	1	156
X	4700450	4700741	1	155
X	6605280	6630705	1	155
2L	19600932	19611304	1	154
2R	9096439	9096671	1	154
3R	18668803	18668872	1	153
3L	13023867	13024370	1	153
X	22995915	23004612	-1	153
3R	26257133	26257225	-1	152
3L	11200199	11200253	1	152
X	5086202	5089342	1	152
2R	21511969	21512093	1	150
3L	16672545	16673057	-1	149
X	8060159	8060877	-1	149
3L	22833800	22835169	-1	149
2L	4392989	4393042	-1	148
3L	3894115	3894169	1	146
2R	23866386	23866440	1	146
3L	17849017	17849080	1	146
2L	5519157	5519212	-1	146
3R	15957177	15957591	1	145
2L	10224893	10224958	-1	145
X	6602728	6605180	1	145
3R	5335061	5349468	-1	144
2R	4427998	4458023	-1	144
2R	22606641	22606934	1	144
3R	30807668	30807734	1	144
X	15989951	15991083	-1	144
2R	4408033	4427936	-1	143
3R	7889439	7889509	-1	143
3L	17067379	17067993	-1	142
2L	1651713	1652775	1	142
X	6276297	6276370	-1	141
2L	20648014	20648189	1	140
3R	5255620	5255682	-1	140
3L	23094847	23094906	-1	140
2R	16196603	16196692	1	140
2L	20093247	20093318	-1	140
3L	3223928	3224314	1	140
2L	14616908	14616978	1	139
X	9159849	9159907	-1	139
2R	14756714	14756794	1	139
3R	24947155	24947263	1	138
2R	16444123	16444669	1	138
X	16294041	16294115	-1	137
2R	4547055	4560361	1	136
2R	10049900	10049960	1	135
3L	12137296	12137353	1	135
2L	17409794	17409856	-1	134
2L	4459208	4459266	-1	133
3L	23716321	23716373	1	133
X	4332841	4349004	1	133
3R	16436299	16436361	-1	133
X	8096835	8096901	-1	133
3L	12200639	12200712	-1	133
2R	16924791	16926346	1	132
X	19342358	19342419	-1	132
2R	11444628	11444684	1	131
3L	25798743	25843725	-1	131
2L	15750652	15750722	-1	131
3L	6971354	6971426	1	131
3R	25516350	25519261	1	130
3R	13636305	13636366	-1	130
3R	24659955	24660011	1	130
2R	24158531	24158592	-1	129
3L	4255731	4255800	1	129
3R	17909656	17914954	-1	129
4	251526	252055	-1	129
2L	4975101	4975153	1	128
2R	16994217	16994282	1	128
X	16528120	16533059	-1	128
2L	2792372	2792482	-1	128
3R	25868788	25869538	1	128
3R	8341658	8341716	1	127
3R	15264956	15265019	1	126
3R	18248152	18248215	1	126
2L	8995747	8995804	-1	126
2R	13580558	13580857	-1	125
4	352591	354351	-1	124
3L	3825751	3828388	1	124
3R	13710154	13710309	-1	123
X	12939243	12941720	1	123
3R	24675319	24675633	1	122
2L	7885805	7885877	1	121
2R	18658649	18658708	-1	121
3L	17641256	17643363	-1	121
3L	4429716	4432386	1	120
3L	20028060	20028115	-1	120
X	6289722	6289785	-1	120
4	1124699	1124768	1	120
X	12019942	12020007	1	119
3R	25048791	25049272	1	119
3L	1637270	1637723	-1	119
2R	23378178	23382615	-1	119
X	15756237	15757856	-1	118
2L	9889770	9889877	1	118
2R	18446951	18447018	1	118
2L	21263124	21263648	1	117
2R	12757232	12757298	-1	117
2L	5539645	5539707	-1	116
X	11434815	11435383	-1	116
2R	16925746	16926346	1	116
3L	1861677	1862061	-1	115
2R	20672270	20672340	1	115
3R	9678977	9679043	1	115
3R	29490754	29490810	-1	114
3L	5811980	5812065	1	114
2R	10736996	10737060	1	114
3L	10481946	10506070	1	114
2R	5699989	5700043	1	114
3L	9107696	9107956	-1	114
2R	24066178	24066261	-1	114
X	575351	575471	1	113
2R	17572524	17572652	-1	113
2R	4350768	4351118	-1	113
2R	13969603	13969672	1	112
3R	22583524	22583595	-1	112
2R	12200040	12200116	-1	112
3L	13787057	13798024	-1	112
3R	24814635	24814698	1	112
X	11976507	11976604	-1	112
3R	15303223	15308031	1	112
3R	21018075	21018130	1	111
4	320039	328162	1	111
2R	16925038	16926346	1	111
2R	8900841	8900893	-1	111
3L	19232573	19234805	-1	110
X	11369800	11373817	1	110
2L	11833374	11835090	-1	110
3R	19647132	19647213	-1	110
3L	19816282	19816346	-1	110
2R	24559565	24559623	-1	110
X	12776950	12777077	-1	110
3L	3471857	3471927	-1	109
3L	7529187	7532672	1	109
2L	13462201	13483447	1	109
2R	18145275	18145342	1	109
3L	7641028	7641086	-1	108
2L	10341933	10342150	1	108
3R	12475825	12477406	-1	108
3R	31217178	31217740	-1	107
2L	6557985	6558418	1	106
X	14322916	14324738	1	106
2L	23067084	23067145	-1	105
3R	30180652	30180802	1	105
2R	23386318	23386397	-1	105
3L	27332347	27350220	1	105
3L	16590295	16590352	-1	104
2R	11100115	11105907	-1	104
X	20255082	20255132	-1	104
2L	10745710	10745782	-1	104
3L	19997220	19997292	1	104
2L	12690556	12690619	-1	103
3R	30003415	30003480	1	103
3L	27421015	27441599	1	102
3R	18730524	18730730	1	102
2L	21382331	21384455	1	102
3R	22583642	22583699	-1	102
2L	6949533	6949591	-1	102
X	6672336	6672620	-1	102
X	4691845	4698297	1	101
3R	15793152	15793210	1	101
2R	13518140	13518538	-1	100
3R	22487720	22487781	1	100
3L	17620358	17620419	-1	100
3R	25682432	25683058	1	100
2R	13220456	13220766	1	99
2R	2053619	2118977	-1	99
2R	9096992	9097242	1	99
2L	10264634	10264764	1	99
3R	5356129	5356425	1	99
2L	6125756	6125824	1	99
3R	13381504	13381563	-1	99
3L	268701	268781	1	99
3R	30045625	30045687	-1	98
3L	2872751	2878533	-1	98
3L	24728509	24734036	1	98
2R	24970549	24970605	1	98
X	15896305	15896366	1	98
4	280538	281724	-1	98
2R	11444761	11446133	1	97
2L	6122191	6122264	1	97
X	16794924	16795195	1	97
2L	5984943	5985026	1	97
X	16286450	16286565	1	97
3L	541960	542017	1	96
2R	7455232	7455302	-1	96
3R	15222451	15222508	-1	96
3R	13402771	13402839	-1	95
3L	12187112	12187173	1	95
3L	2689939	2697696	-1	95
3L	13017350	13017404	-1	95
3R	30003905	30003990	-1	95
3R	29685348	29685410	1	95
3R	5602931	5602990	1	94
3R	12705504	12705566	1	94
3L	11629505	11629581	1	94
3R	4737379	4737473	-1	94
2R	23548387	23548538	1	94
3R	29934752	29934811	-1	94
3R	23959211	23959280	1	94
X	4323156	4332796	1	93
2L	8162064	8162123	-1	93
2L	8713020	8713089	-1	92
3R	19413107	19415633	1	92
X	15175552	15175811	1	91
2R	14172523	14172584	1	91
3L	9113488	9123616	-1	90
3R	25683384	25683473	1	90
3L	17844895	17845754	-1	90
2R	16007026	16007087	-1	90
3R	25887020	25887111	1	90
3L	27156172	27157810	1	89
2L	8083522	8089185	1	89
3L	9141509	9141787	1	89
3R	11564372	11564440	-1	89
2R	17220104	17275410	1	89
2R	9841350	9841408	-1	89
3L	9108192	9112634	-1	89
2L	7064198	7064253	1	88
3R	4957443	4957501	-1	88
2L	20648249	20648420	1	88
3R	11338993	11339658	1	88
4	564663	565410	1	88
3R	16573401	16573533	-1	88
2R	24036915	24036975	-1	88
2R	11443113	11444540	1	87
2L	14042235	14060958	1	87
X	16640031	16640093	-1	87
3L	3072617	3073081	1	87
4	1140902	1140960	-1	86
4	177993	178778	-1	86
3R	24291153	24291512	1	86
3R	4430169	4430228	-1	86
2R	24940014	24940072	-1	86
X	7287847	7287911	1	86
3R	17346135	17365766	-1	86
4	1140001	1140487	-1	86
2L	10745572	10745635	-1	86
3L	20833870	20834002	1	86
3R	20752376	20753509	1	85
X	1681494	1681573	-1	85
2R	11279126	11279191	-1	85
3R	14512404	14512464	1	85
3L	16610830	16610892	-1	84
3L	11620666	11621214	-1	84
3R	23983734	23984305	1	84
3R	30419024	30419094	-1	84
2L	10264886	10264947	1	84
2R	5604412	5604468	-1	84
2R	14234343	14234693	-1	84
3R	5651803	5652381	1	84
X	11456488	11456655	1	83
3R	3735447	3744836	1	83
3L	27988703	28012381	-1	83
3L	1035957	1036032	1	83
2R	23544554	23544625	1	82
2R	4757749	4757802	1	82
3L	25924457	25933196	-1	82
2R	14757179	14757241	-1	82
3L	21280790	21280851	-1	82
3R	18165050	18165174	1	82
X	13385596	13385661	1	82
2L	1166923	1166983	1	82
2L	21261958	21262013	1	81
X	4533344	4533525	1	81
2L	8083637	8089185	1	81
3R	12561805	12595395	-1	81
2L	21380362	21382019	1	81
2R	4322716	4322776	-1	81
2R	11652072	11652140	1	80
2R	14230839	14230895	-1	80
3R	25679481	25679593	-1	80
2R	7673984	7674044	-1	80
2L	2360570	2360633	-1	80
3L	7975688	7975762	-1	80
3R	28928110	28969331	-1	80
2L	9698234	9699115	-1	79
2L	17475843	17475910	-1	79
4	892841	892894	-1	79
2R	9846906	9847073	-1	79
2L	5058677	5058786	-1	79
3L	20295993	20296085	-1	79
2L	9878026	9885726	-1	79
3R	23983911	23984369	1	79
X	9249702	9249773	1	79
X	4360552	4360616	1	79
3R	24291043	24291104	1	79
4	1117906	1117968	-1	79
3R	9487204	9493011	-1	79
3L	11624781	11624851	-1	79
3L	20771865	20772605	1	79
3R	31744939	31745001	1	78
2L	11211964	11225694	1	78
2R	23444384	23456183	1	77
3R	28603699	28605462	1	77
2L	4978708	4978776	-1	77
X	2705926	2705994	1	77
2R	14623246	14623417	1	77
2L	8107881	8109816	1	77
3R	24717713	24717796	1	77
2R	9096203	9096383	1	77
2L	10241781	10241846	1	77
3R	9418001	9419783	1	77
3R	21805176	21807599	-1	76
3R	4284407	4295129	1	76
2L	16249707	16250081	-1	76
3R	5593186	5593247	1	76
X	4360706	4361966	1	76
X	5819203	5834351	1	76
3R	18664998	18665068	1	76
2R	9433065	9433130	1	75
2R	24066314	24067163	-1	75
2L	10296111	10296172	-1	75
X	16527900	16533059	-1	75
2L	21157648	21157711	-1	75
3R	8822126	8822469	1	74
2R	10101098	10104256	1	74
2R	7044404	7044460	1	74
2L	5044690	5045822	1	73
2R	11294786	11295494	-1	73
2R	17702599	17702779	1	73
2R	17266212	17275410	1	73
X	10382511	10382582	1	73
2L	4994278	4994339	-1	73
2R	17702842	17703021	1	73
3R	4365891	4365949	1	72
3R	20750355	20752346	1	72
X	17939955	17940720	-1	72
2R	1596129	1596188	1	72
3R	8819264	8820312	-1	72
2R	24064872	24064993	1	72
2L	10308476	10308548	-1	72
2R	16761808	16761870	-1	72
3L	9510159	9510282	-1	72
X	9112093	9112163	1	72
2L	8107174	8107238	1	72
X	6485528	6511133	-1	72
2L	18215847	18246025	-1	71
3R	24520088	24520343	1	71
2R	15858011	15858190	-1	71
2R	12633970	12634036	1	71
3R	5564341	5564406	-1	71
3R	14035279	14035444	-1	71
X	8874112	8874189	-1	70
2R	23905542	23905605	-1	70
2R	4720211	4722147	-1	70
X	762992	764302	-1	70
3L	20881811	20884990	-1	70
3L	4224852	4224927	-1	70
2L	11003239	11003511	-1	70
X	3720323	3721376	1	70
X	17878517	17886404	-1	70
3L	24734188	24740905	1	70
3L	19994736	19994808	1	70
3R	25856974	25866996	1	70
4	1047730	1047823	-1	70
3R	11591308	11592367	-1	69
2R	4458518	4470770	-1	69
2L	5055541	5055631	1	69
3L	1499880	1500245	-1	69
2L	6069490	6069559	1	69
4	87167	94423	1	69
2R	12436663	12436719	1	68
2R	8428147	8428284	1	68
2L	2312180	2323383	1	68
3R	9783960	9784224	-1	68
3R	11337066	11339658	1	68
X	3481345	3482026	-1	68
X	10870845	10870904	-1	68
2R	12038612	12038677	1	68
3R	18248152	18248233	1	68
X	21037995	21038746	1	68
X	21036638	21038746	1	68
3R	21603574	21618727	-1	68
3R	11379290	11388392	-1	68
3L	9107711	9107956	-1	67
3L	11620666	11620923	-1	67
2L	21385398	21388503	1	67
2L	10328411	10328472	-1	67
3L	11563101	11563303	1	67
2L	6122411	6122698	1	67
2R	10107861	10107969	1	66
X	8721110	8721234	1	66
2R	17546167	17546240	1	66
4	1050610	1053498	-1	66
X	9355179	9356212	-1	66
3R	21267146	21267226	-1	66
2L	8306841	8306906	-1	66
2R	20255139	20255197	-1	66
2R	5604517	5604583	-1	66
X	7011757	7011818	1	66
3L	2263295	2263356	1	66
2R	19629071	19631037	-1	66
2L	5973675	5976611	-1	66
3R	8000664	8000724	1	65
2L	21263787	21273324	1	65
2L	13367068	13367131	1	65
2R	2495024	2521441	-1	65
3R	12547705	12547911	-1	65
2R	6674728	6674781	1	65
3L	10664169	10664228	1	65
2R	24116062	24116118	1	65
3R	7145582	7151051	1	65
2R	20645583	20645653	1	65
3L	2372464	2372526	1	65
3L	9107376	9107619	-1	65
3R	11430572	11430627	1	65
3R	22359761	22359837	1	64
2R	3182520	3190636	1	64
2R	7822486	7822549	-1	64
2R	8141821	8141891	-1	64
2L	18951347	18951407	-1	64
3R	8675518	8675573	-1	64
3L	21628136	21628193	1	64
2R	6756637	6756713	-1	64
3L	22865825	22865878	1	64
2L	2975080	2975151	-1	63
2L	9894133	9894331	-1	63
3R	5357284	5357355	-1	63
3R	8798047	8799462	-1	63
X	15850429	15850546	-1	63
2L	22257903	22257960	1	63
3L	25969628	25977967	-1	63
2R	22129931	22129991	1	63
2L	14040466	14041321	1	63
X	2074972	2075038	-1	63
3L	19806633	19806686	1	63
3L	17065709	17066625	-1	62
3R	23983946	23984290	1	62
X	2635032	2641125	1	62
3L	14998119	14998180	-1	62
2L	19047826	19047914	1	62
2R	18614604	18614665	-1	62
3R	9234665	9236606	-1	62
2L	14357938	14358006	1	62
3L	16414957	16415021	1	62
3R	17041706	17041763	1	62
X	4546825	4547386	-1	61
X	1680109	1681400	-1	61
2L	10269709	10269763	1	61
2R	18277856	18277930	1	61
4	560584	560718	1	61
X	6038566	6038876	1	61
2L	2785673	2787054	-1	61
3L	27083594	27083724	-1	61
3L	9135902	9136301	-1	61
4	1130184	1130383	1	61
3L	21828005	21828071	-1	61
3R	27680596	27680653	-1	60
3R	20580491	20580553	1	60
X	2172706	2172806	1	60
2L	18080087	18080147	1	60
X	15888269	15888344	-1	60
X	6870992	6872716	1	60
X	1879351	1879412	-1	59
3L	11817317	11817389	-1	59
3R	20850944	20851031	1	59
3R	29741370	29741768	1	59
4	353979	354351	-1	59
2R	16099016	16099079	1	59
X	11893356	11893590	1	59
3L	17128972	17147107	-1	59
X	20315950	20329163	-1	59
2L	2768227	2768286	1	59
2R	7467051	7467483	-1	59
2L	18246108	18270988	-1	59
2R	8963556	8963615	-1	59
3R	5667951	5668010	-1	59
2L	10214056	10214125	-1	59
2R	17456716	17456784	1	58
X	8408325	8408388	-1	58
3R	21132945	21133000	-1	58
3L	10593700	10593800	1	58
2L	10402563	10402631	1	58
2L	10269551	10269613	1	58
2L	14040637	14041321	1	58
X	18390117	18390180	1	58
2L	16247187	16247253	-1	58
3L	7329364	7329429	1	58
3R	21364646	21364714	-1	58
3R	9063341	9063406	-1	57
2R	5757826	5757911	1	57
2L	10266111	10266198	1	57
3R	11239628	11239896	1	57
3R	13031270	13031335	1	57
2R	10365262	10381104	-1	57
3L	16126276	16126342	-1	57
2L	8364126	8364188	-1	57
3L	13537997	13538246	-1	57
2L	3041398	3041453	1	57
3R	16340763	16340822	-1	57
3R	13021308	13021420	1	56
4	189249	189998	-1	56
2L	16328350	16328412	-1	56
2L	6122411	6122978	1	56
2R	10461226	10461290	1	56
X	11091628	11091725	1	56
3L	9113488	9129897	-1	56
2R	16924978	16926346	1	56
2R	10886153	10886211	1	56
3R	7859052	7859216	-1	56
2L	18987989	18988057	1	56
2R	24599498	24599617	-1	56
2L	6490374	6490439	-1	56
2L	10976162	10976251	-1	56
4	427712	429497	1	56
2R	12607051	12607124	1	56
2L	5520546	5520619	1	56
3L	7793768	7800767	1	56
3R	25024744	25024800	-1	55
2R	12590746	12590915	1	55
X	15735322	15735389	1	55
3L	27420842	27420901	1	55
X	16286135	16287158	-1	55
X	575363	575471	1	55
3L	3221710	3221882	-1	55
2R	12517589	12517641	-1	55
2R	11986963	11987027	-1	55
3R	18197121	18199207	-1	55
X	10213486	10213560	1	55
3L	5168303	5170187	-1	55
2R	24939855	24939906	-1	55
2R	6809357	6809424	-1	55
X	10186739	10188139	1	54
3L	21845258	21845346	1	54
3R	11329957	11339658	1	54
2R	23946521	23946601	1	54
3R	10408876	10408939	-1	54
2L	9797193	9797679	-1	54
2R	21025604	21025661	1	54
3R	9234665	9237615	-1	54
3R	24049365	24049419	-1	54
2R	15566968	15567029	-1	54
2L	10210168	10210225	-1	54
3R	24452634	24456435	-1	54
2R	24052750	24052802	1	53
4	872226	873214	-1	53
2L	17410031	17410088	-1	53
3R	5607593	5607684	-1	53
3L	19588772	19588831	1	53
2R	19398806	19399026	-1	53
X	5176789	5186903	1	53
X	3256212	3258611	1	53
2L	3723257	3723636	1	52
X	13738911	13738986	1	52
X	4930066	4937975	-1	52
3R	31935776	31937270	-1	52
2R	21652564	21652913	1	52
X	15850711	15851088	-1	51
3R	9786321	9786377	1	51
2R	23061781	23061846	-1	51
2R	11279279	11279339	-1	51
3R	3523948	3584980	-1	51
2L	10988983	10989049	1	51
2R	18718557	18718712	1	51
2R	12655398	12655462	1	51
2R	21151085	21153885	-1	51
X	13335874	13335960	-1	51
3L	268460	268563	1	51
X	2250388	2250444	-1	50
2L	4994445	4994508	-1	50
X	15928173	15928232	1	50
3L	9413318	9413391	1	50
3R	6566878	6592884	-1	50
2L	13812358	13812479	1	50
2L	110484	110755	1	50
3L	24167812	24210021	1	50
2R	24891920	24892287	1	50
4	212730	212791	1	50
X	16362055	16363358	1	50
2R	2495024	2522393	-1	49
2R	10805514	10805575	-1	49
3L	13859749	13859806	1	49
X	4658537	4659735	-1	49
X	10814094	10822392	-1	49
2R	11358272	11358336	-1	49
3R	7806771	7806912	-1	49
3R	14733635	14733700	-1	49
2R	7393790	7393848	-1	49
2L	420147	420292	1	49
2L	20083016	20084578	-1	49
4	564663	565407	1	49
3L	21830733	21830790	-1	48
2L	8042614	8042823	-1	48
3R	15959549	15959742	1	48
2L	9791695	9791755	1	48
3L	1632455	1633058	-1	48
2L	16250159	16257076	-1	48
X	13750456	13750586	-1	48
X	16447699	16447772	-1	48
3R	15955206	15956865	1	48
2L	9272608	9291056	1	48
3R	30054347	30054410	1	48
2R	9351174	9351409	-1	48
X	8060159	8060903	-1	48
2L	13386037	13386099	-1	48
4	1059837	1060413	-1	48
3R	7067730	7067788	1	48
X	16365643	16371314	1	48
3R	24814493	24814553	1	48
X	11615447	11615518	-1	48
2L	8107881	8110481	1	48
3L	5424288	5429163	1	47
2L	21388670	21388732	1	47
2L	21638117	21638230	1	47
3L	22865961	22867400	1	47
3R	25048604	25048665	1	47
3L	12744747	12744809	1	47
X	6531432	6531835	-1	47
2L	19032382	19032435	-1	47
4	352591	353943	-1	47
2L	16309931	16310000	-1	47
3L	19994952	19995374	1	47
2R	18477024	18496747	-1	47
4	1229516	1229580	-1	47
3L	25120797	25120894	1	47
2L	9894402	9894576	-1	46
2R	16105798	16105860	1	46
X	14322916	14324735	1	46
X	14240521	14240588	-1	46
2L	19607082	19610610	1	46
3L	16819305	16819368	1	46
2L	16973698	16976490	1	46
4	565516	565601	1	46
X	928486	928550	1	46
X	4321868	4321931	-1	46
3R	23984106	23984367	1	46
2L	8054594	8054657	-1	46
2R	9351174	9351441	-1	46
3R	4737253	4737314	-1	45
X	13688572	13701097	-1	45
2R	10067373	10067438	-1	45
3R	25109470	25109528	-1	45
2R	4379156	4407981	-1	45
3R	30435600	30435657	-1	45
3L	16405429	16405502	-1	45
3L	3071190	3073081	1	45
2L	8307069	8307147	-1	45
3R	15301074	15303153	1	45
2R	7931225	7931285	-1	45
3R	21972462	21975155	1	45
3R	11232269	11232341	1	45
2R	9143001	9143059	-1	44
X	13564334	13575902	1	44
2R	21658110	21658346	1	44
3R	15936341	15951602	1	44
3L	12746237	12746297	1	44
2R	19236844	19236942	1	44
3L	5658291	5659429	1	44
2R	12199112	12199313	-1	44
2L	5212151	5212213	1	44
3R	11333554	11339658	1	44
2R	10121754	10121815	-1	44
4	464741	464797	-1	44
X	18028006	18028076	1	44
X	16521814	16522065	-1	44
2R	16105183	16105717	1	44
3R	23983941	23984283	1	44
X	10258018	10258878	-1	44
3L	5918166	5918360	-1	44
2L	8428068	8430281	1	44
2L	13019730	13019798	-1	44
3L	20351731	20351899	1	44
3R	13021317	13021420	1	44
2L	4840984	4841163	1	44
3R	16482048	16482104	-1	43
2L	8365329	8365389	1	43
2R	17003791	17003851	-1	43
2L	3758920	3758981	1	43
X	18169568	18169696	1	43
3R	3867427	3867500	1	43
3R	10851489	10851549	1	43
4	94616	94837	1	43
3R	31935392	31936690	-1	43
2R	17717750	17719174	-1	43
3R	4295701	4297488	1	43
3L	11723132	11727874	1	43
2R	17518696	17518753	1	43
3R	18197121	18198702	-1	43
2R	4235939	4235995	-1	43
3R	9786449	9786585	1	43
3R	23072729	23073864	-1	42
X	3683450	3692953	1	42
2L	9878026	9885932	-1	42
3R	13661860	13662161	1	42
2R	4563082	4564434	1	42
2R	6627675	6627732	-1	42
3L	20028186	20028245	-1	42
2R	9285539	9285603	-1	42
X	21345953	21346322	1	42
3R	20559837	20559898	-1	42
4	82747	85712	1	42
3R	9778197	9778619	1	42
3R	9506200	9506258	-1	42
2R	16857053	16857633	1	42
2L	10203033	10203384	-1	42
3L	9867745	9868254	1	42
3L	23326761	23327494	-1	42
2L	21384596	21385278	1	42
2R	17702370	17702547	1	42
2R	12574978	12575042	1	42
2L	10329932	10329992	-1	42
2L	5548710	5549444	1	42
2R	18155492	18155892	-1	42
X	2008290	2008351	-1	42
3L	2963452	2963560	1	42
X	17145133	17146798	-1	41
2R	1264842	1265171	1	41
X	1682782	1682863	-1	41
2R	10737292	10737357	1	41
X	5250575	5250729	1	41
3R	24529504	24529563	1	41
2R	13948111	13948177	-1	41
2L	6646948	6647747	-1	41
3R	14512828	14512883	-1	41
2L	15940083	15962001	-1	41
4	1230119	1230447	-1	41
3L	4429503	4429566	1	41
3L	11100388	11100447	1	41
3R	11624661	11624718	1	41
2L	3031894	3031954	1	41
2L	23312889	23312948	-1	41
X	18908375	18908884	1	41
2R	13497152	13497368	-1	40
X	8275209	8275268	1	40
X	10159057	10186521	1	40
3R	29597347	29597419	1	40
2L	12713587	12713650	-1	40
3R	13636526	13636971	-1	40
3R	21878078	21878233	-1	40
3R	12561805	12595561	-1	40
2L	5652181	5658395	-1	40
3R	18590428	18590521	1	40
3L	27332109	27332169	1	40
2R	4336584	4350549	-1	40
2R	7151853	7151919	-1	40
2R	23191605	23203517	-1	40
3L	16586388	16586441	-1	40
2R	21170239	21170301	-1	40
3L	12785414	12785471	-1	40
3R	20797474	20797536	1	40
X	1682929	1683097	-1	40
3R	6531784	6531946	-1	40
3L	4089215	4090039	1	40
2L	2360394	2360456	-1	40
3L	21635770	21635987	1	40
2L	19516034	19516441	-1	40
4	1057754	1057807	-1	40
2L	19603914	19604846	-1	40
2R	2246007	2261829	-1	40
X	9606554	9606620	-1	40
3L	4407385	4417820	1	40
4	1245524	1245577	1	39
3R	16644384	16644548	1	39
3L	5361989	5362103	1	39
3R	20204979	20206198	1	39
2R	23950570	23952153	1	39
3L	3924475	3925463	-1	39
3R	17150178	17150239	1	39
3R	16999593	16999650	-1	39
2L	10976306	10976362	-1	39
X	8060159	8061264	-1	39
4	460142	460203	-1	39
3R	9792758	9792813	1	39
3L	9785181	9785242	1	39
4	480239	480302	-1	39
3R	21821024	21822483	-1	39
3L	11200064	11200131	1	39
2R	3933464	3935732	-1	39
3L	1617622	1617707	-1	39
2L	1717230	1717598	-1	39
2L	19033931	19033989	-1	39
4	564480	564541	1	38
4	302324	302386	-1	38
2L	13639797	13639860	-1	38
3R	17073184	17073238	1	38
3R	29457642	29461813	1	38
3L	22869247	22869346	-1	38
X	14828032	14829136	-1	38
2L	1139764	1139832	1	38
X	11818017	11823283	1	38
3R	21865962	21866025	1	38
3R	14034326	14034380	1	38
X	15893151	15894693	1	38
3R	18248152	18248218	1	38
3R	6361912	6362005	-1	38
3R	5489274	5489367	1	38
X	16365514	16365587	1	38
2R	10532895	10533118	-1	38
2L	5099914	5100010	-1	38
3L	17044156	17044218	1	38
2L	10341164	10341226	1	38
2L	1177192	1177256	1	38
X	15299584	15305829	1	38
3L	1779311	1779385	-1	38
2R	15456560	15456660	1	37
X	12989240	13030757	1	37
4	1043525	1045156	-1	37
3R	27568592	27580157	-1	37
X	482434	482518	1	37
3L	9151113	9151254	-1	37
2R	23880061	23880154	1	37
3L	3088120	3088192	1	37
X	625106	625166	-1	37
3R	9439706	9440681	1	37
2L	7783049	7783299	1	37
2L	15006261	15006318	1	37
3R	10784924	10786158	1	37
2L	18211299	18215765	-1	37
3L	274808	274867	1	37
2R	7465270	7465331	-1	37
2L	14040395	14041321	1	37
3L	7424157	7445167	1	37
2L	10007504	10007567	1	37
2R	21061207	21061267	1	37
4	915554	915617	-1	36
3R	5667389	5667693	-1	36
3R	26048436	26048498	1	36
3R	18918626	18919423	1	36
3L	9070648	9070705	-1	36
X	1412035	1413418	1	36
3R	31622823	31633571	1	36
X	4322035	4322091	-1	36
3L	25874385	25924296	-1	36
2R	16931279	16932464	1	36
2R	9095959	9096150	1	36
2R	14173304	14173369	-1	36
2R	14234560	14234693	-1	36
2R	16570849	16570917	-1	36
X	17822351	17822427	-1	36
3R	20481631	20483977	-1	36
2R	4728125	4728180	-1	36
3R	14279542	14286209	-1	36
3L	9106518	9107342	-1	36
3L	20515624	20515725	-1	36
3R	13154750	13155509	-1	36
X	22657660	22692941	1	36
3L	18667794	18667847	1	36
4	1195597	1195660	-1	36
4	178881	178937	-1	35
X	12203979	12204139	1	35
2R	9433229	9434354	1	35
2R	10561955	10562026	1	35
2L	10332675	10332739	1	35
3R	4221318	4221756	-1	35
3R	21302413	21302778	1	35
X	3100319	3113168	1	35
X	15805178	15805558	1	35
2L	10485528	10485594	1	35
2L	20055110	20055176	1	35
3L	22961676	23002053	1	35
3R	24634927	24634987	-1	35
3R	8943144	8943205	-1	35
3R	25700027	25700997	-1	35
2R	18119964	18120024	-1	35
2R	17217076	17220055	1	35
X	4154757	4203191	-1	35
3R	31253299	31253355	1	35
2R	24574216	24574284	1	35
3R	16471070	16471129	1	35
3L	17799553	17801892	-1	35
2R	4829494	4829547	1	35
2L	10981429	10981487	1	35
3R	15358808	15359066	1	35
3R	5336636	5349468	-1	34
2R	9400069	9400257	-1	34
3R	23759296	23759358	1	34
3R	29315880	29315945	-1	34
2L	20648480	20648785	1	34
X	16287240	16287958	-1	34
X	19621651	19621777	-1	34
2L	13370764	13370842	-1	34
2R	11278982	11279046	-1	34
2L	1984144	1984206	1	34
2L	6719075	6719137	1	34
3L	7312231	7312740	-1	34
2R	14946091	14946150	-1	34
3R	17439234	17439296	-1	34
2R	10533969	10541345	-1	34
3L	1632455	1634505	-1	34
4	1037423	1037476	-1	34
2L	15065457	15066937	-1	34
3R	8242577	8242680	-1	33
3L	7931791	7932038	-1	33
2R	11381595	11381663	-1	33
3L	21879942	21907346	1	33
X	15896075	15896147	1	33
X	11373090	11373817	1	33
3L	11692360	11692422	1	33
2L	6954328	6954393	1	33
3R	23984101	23984362	1	33
2R	18708535	18708587	-1	33
2L	19587528	19600858	1	33
2R	18636272	18636340	-1	33
3R	12403594	12403651	-1	33
2L	9177631	9191615	1	33
4	1143566	1143627	-1	33
2R	17703065	17703244	1	33
3R	5376101	5376157	1	33
3R	24163161	24163218	-1	33
3L	12753345	12753405	-1	33
2R	9581418	9581486	1	33
2L	6646948	6647921	-1	33
4	1193655	1193708	-1	33
2L	2747253	2747311	-1	33
3R	21308155	21308433	1	33
2R	21461360	21480091	-1	33
2L	7647267	7648747	-1	33
2R	16986751	16994160	1	33
X	2148844	2149221	-1	33
3L	15161100	15161165	-1	33
3R	3585511	3586866	-1	32
2L	12713376	12713443	-1	32
3R	5489091	5489144	1	32
2L	8403661	8404005	1	32
2R	15140096	15140471	1	32
2R	19399094	19407841	-1	32
2R	12169196	12169725	1	32
3R	27635105	27635166	-1	32
3R	23678165	23678238	1	32
3R	23607050	23607525	-1	32
2L	5327351	5327503	1	32
2R	9351174	9351462	-1	32
3L	8441719	8442333	-1	32
3L	18870561	18870614	1	32
2L	824138	824191	1	32
2L	21124192	21124287	1	32
2L	21628210	21629667	-1	32
2L	1180927	1180995	1	32
2R	3933464	3942934	-1	32
3L	20024288	20024349	1	32
3L	709495	709557	-1	32
3L	5136011	5136078	-1	32
3R	9342492	9354422	1	32
3R	20438136	20449445	-1	31
2L	7196858	7203939	-1	31
3R	28047722	28049319	1	31
3R	25742013	25742154	-1	31
2R	5604651	5604710	-1	31
2R	9841476	9841540	-1	31
3R	15792911	15793042	1	31
3L	5439472	5439531	1	31
2R	20605852	20606444	1	31
2R	18708366	18708422	-1	31
2R	18133113	18133871	-1	31
3R	3469479	3523414	-1	31
3R	24519882	24519940	1	31
2L	14040222	14041321	1	31
3R	12703813	12703876	1	31
2L	10343588	10343644	-1	31
2L	9889571	9889632	1	31
3L	24161180	24253793	1	31
2L	8213530	8213781	1	31
2L	5051571	5051637	-1	31
3L	27146575	27146628	1	31
3L	20304644	20304701	-1	31
3L	28012484	28012537	-1	31
3R	5625131	5625514	1	31
X	19329721	19329790	-1	31
2L	20788116	20788403	1	31
3R	9358177	9358256	1	31
2L	9893873	9894064	-1	31
2R	10532120	10532181	-1	31
X	15297937	15305829	1	31
X	14322916	14355463	1	31
X	11290264	11293498	-1	31
X	6686649	6686713	1	31
3L	16845890	16847161	1	31
2L	1170554	1170611	1	31
3R	4078533	4081369	1	31
2R	23859618	23859690	-1	31
2R	24609037	24609090	1	30
3R	4240715	4240878	1	30
3L	22866031	22867111	1	30
2R	1265532	1266192	1	30
2R	9142656	9142717	-1	30
2R	6633949	6634011	-1	30
4	273917	275580	-1	30
2R	18447612	18449472	-1	30
3L	17044660	17044713	-1	30
2R	9321211	9350672	-1	30
X	7903336	7903398	1	30
3R	4957239	4957290	-1	30
3R	11217566	11217624	1	30
2R	18430886	18431173	-1	30
2L	19008544	19008724	-1	30
3L	9510652	9511056	-1	30
3L	19265444	19266594	1	30
X	11290264	11293127	-1	30
X	18381774	18381864	-1	30
2R	15566592	15566803	-1	30
3L	24131238	24167763	1	30
2R	21278576	21278692	1	30
2R	23985696	23985763	-1	30
2L	8210104	8210353	-1	30
2R	21012279	21012335	1	30
X	12203985	12204139	1	30
X	16361047	16361114	1	30
4	116631	116686	-1	30
3R	11994756	11994964	-1	30
2R	5832378	5846593	1	30
X	8712113	8712183	1	30
2R	5657310	5657372	-1	30
X	3720514	3721376	1	30
3R	25682046	25682105	1	30
3R	18900706	18900760	1	30
3L	21194957	21195034	-1	30
3R	11591308	11592360	-1	30
4	452891	452972	1	29
3L	11606199	11606257	-1	29
2R	13827410	13829640	1	29
2R	15145091	15145179	-1	29
3L	20860427	20881630	-1	29
3L	21216324	21216477	-1	29
3R	11218037	11218106	-1	29
3R	12996625	12996682	1	29
3L	1724226	1730525	-1	29
X	15340992	15341086	-1	29
3L	18798856	18800108	-1	29
X	12732401	12741449	-1	29
3L	20527281	20527593	1	29
2R	4187848	4187946	-1	29
3L	21197638	21197760	-1	29
X	19353654	19362967	1	29
4	855841	860307	-1	29
2L	11806158	11809126	-1	29
3L	3072842	3073081	1	29
X	1866496	1866563	1	29
2L	10918019	10918114	-1	29
3R	23578799	23578879	1	29
4	1230421	1230498	-1	29
3L	16616566	16621841	-1	29
3R	24489801	24490818	1	29
2R	15677435	15677489	-1	29
3L	19589343	19589403	-1	29
3L	22867855	22867907	-1	29
3R	18979162	18979224	-1	29
2R	21021318	21021501	1	29
2R	7467317	7467483	-1	28
X	10480025	10480084	1	28
2R	9587229	9587447	1	28
3L	11817317	11818088	-1	28
2R	9586232	9586290	-1	28
3R	24343040	24343103	1	28
X	17910010	17910078	1	28
2L	19065270	19069444	1	28
3L	23211161	23216063	1	28
3R	10613801	10638624	-1	28
X	3911880	3929567	-1	28
4	560412	560471	1	28
2R	22887249	22887307	1	28
3R	16273331	16274152	1	28
3L	7854190	7855279	-1	28
2L	10766131	10766191	-1	28
X	5309707	5310132	1	28
2R	20255349	20255408	-1	28
3L	2235579	2235829	-1	28
3R	11680590	11680645	1	28
2L	1174131	1174197	1	28
2L	9164849	9165020	1	28
2R	16326431	16326493	-1	28
4	1127416	1128489	1	28
3R	5793577	5793641	-1	28
X	11057801	11058365	-1	28
X	14206467	14206597	-1	28
X	15888497	15889302	-1	28
3L	8647646	8647708	-1	28
4	1248837	1250771	1	28
X	5553506	5559410	-1	28
3R	4292270	4295120	1	28
X	18040384	18059735	-1	28
3L	17037031	17037084	-1	28
2R	19237064	19237328	1	28
X	16784632	16784746	1	28
3R	21019015	21019445	1	28
2R	17428944	17429003	1	28
2L	566625	566680	-1	28
X	12203997	12204139	1	28
3L	15879397	15893620	-1	27
3R	11228422	11228490	-1	27
3L	9720566	9720626	-1	27
3R	20749831	20750225	1	27
2L	3989801	3991548	-1	27
3R	11215970	11216259	-1	27
X	1880947	1881020	1	27
2R	4030298	4049078	1	27
2L	13550421	13551142	1	27
2R	24781961	24782019	-1	27
3L	3148688	3149628	1	27
X	13381044	13384300	-1	27
2L	7429685	7429743	1	27
2L	10485791	10485855	-1	27
3R	3585314	3585369	-1	27
3L	14562284	14562377	1	27
4	1181282	1181368	-1	27
X	12204410	12229666	1	27
2L	10222144	10222202	1	27
3R	24104964	24105130	-1	27
3L	835331	835387	1	27
3R	24250676	24250733	-1	27
3R	18191046	18191109	1	27
4	504139	515582	1	27
3L	9139003	9139093	1	27
X	16310308	16310379	-1	27
Y	2422839	2489273	-1	27
3L	8196884	8197142	-1	27
3R	25291690	25291748	-1	27
3L	708929	708991	-1	27
3R	14569366	14569424	-1	27
3L	709614	709738	-1	27
3R	15362538	15362588	1	27
X	19344595	19344905	-1	27
3R	12693762	12693830	1	27
3R	947571	1025040	1	27
3R	18253213	18253275	-1	27
2R	21021522	21021886	1	27
3R	27645411	27646041	-1	26
2L	2793588	2793648	-1	26
2L	10404551	10404611	-1	26
2R	12885312	12886369	1	26
2L	18387318	18392245	1	26
3R	13662232	13662297	1	26
3R	6381606	6381682	1	26
2L	108810	110406	1	26
X	3632056	3645304	-1	26
3L	3941305	3941372	-1	26
3L	1351790	1351853	1	26
X	942797	943302	-1	26
2R	9059549	9059853	-1	26
3L	9553537	9575651	1	26
4	1243951	1244014	1	26
3R	8730102	8730367	-1	26
3R	28342215	28342280	1	26
3R	5734433	5734502	1	26
3R	29993814	29993873	-1	26
3L	1661593	1663920	-1	26
3L	5424276	5429163	1	26
4	1175124	1181048	-1	26
3R	21017875	21017942	1	26
X	5754357	5754437	-1	26
3L	15812898	15813246	-1	26
2L	7032840	7032904	1	26
2L	6490223	6490288	-1	26
X	20917474	20923272	-1	26
3L	16492104	16492171	-1	25
3L	3515935	3516529	1	25
2L	4295622	4299068	1	25
3R	13011749	13019342	1	25
2L	6525821	6525883	1	25
X	4114930	4115002	-1	25
2R	12759344	12759399	1	25
3R	4486892	4486948	1	25
3L	7063151	7077182	-1	25
3L	27140243	27146395	1	25
3L	23126401	23126717	1	25
2R	15211069	15211577	-1	25
3L	2665382	2665911	-1	25
3L	314318	318991	-1	25
3L	16040066	16046485	-1	25
3L	11184420	11196567	-1	25
X	10258961	10259191	-1	25
X	18137051	18137576	-1	25
2R	20549562	20549632	-1	25
3L	8599767	8599831	-1	25
2R	24176832	24176893	1	25
2R	22994828	22994885	-1	25
3R	30038956	30039062	-1	25
4	873572	873635	-1	25
3R	24187415	24187473	1	25
2R	7508821	7508875	-1	25
3R	9354855	9354925	1	25
3R	17674824	17674889	-1	25
2R	11387316	11387372	-1	25
2R	24691713	24691776	-1	25
3R	9487110	9493011	-1	25
2R	6810136	6810201	-1	25
2R	1072440	1076635	1	25
3R	20823740	20823803	-1	25
X	11795187	11795601	1	25
3R	14367500	14369390	-1	25
3R	16632769	16633328	1	25
3L	21421528	21424454	-1	25
2R	20329198	20329264	1	25
3L	15870808	15879320	-1	25
2R	16432901	16433019	1	25
X	20234903	20235288	-1	24
3L	6943102	6944432	1	24
2L	2772654	2779187	-1	24
X	17906338	17906653	-1	24
2L	13019927	13020231	-1	24
3R	4292073	4295129	1	24
2R	24161215	24161279	1	24
2R	22887249	22887310	1	24
2R	16204382	16204442	-1	24
3L	20004364	20004417	1	24
X	4930066	4930999	-1	24
2L	8304988	8305052	1	24
X	8408447	8408519	-1	24
3R	29316170	29316237	-1	24
3R	17899729	17900384	-1	24
X	19494652	19494727	-1	24
3R	19218339	19218402	-1	24
2R	15573392	15573450	-1	24
3R	18573530	18586279	1	24
X	11435667	11435729	-1	24
2R	18821284	18821490	1	24
2R	8911371	8911426	-1	24
3L	21306199	21315303	-1	24
4	1243653	1243719	1	24
3R	24055416	24055589	-1	24
X	15421629	15440517	-1	24
2L	20827158	20827497	1	24
2R	2499041	2508133	-1	24
2R	14365172	14365227	1	24
2L	21380479	21382019	1	24
3R	18900590	18900672	1	24
3L	21845236	21875297	1	24
3R	29050433	29050497	1	24
2R	14276527	14277281	1	24
X	13335874	13335956	-1	24
3L	5766717	5766776	1	24
3R	30045787	30046134	-1	24
3L	8304969	8305022	1	24
2L	21154580	21154646	-1	24
2R	5805455	5832347	1	24
4	395323	395520	-1	24
3R	7889672	7901384	-1	24
2L	21380729	21382019	1	24
3L	1330291	1330863	1	24
X	16389328	16389396	-1	24
3L	22864926	22865771	1	24
3L	13356644	13356727	1	24
2L	824138	824219	1	24
3L	9429326	9429695	-1	23
X	22693000	22740542	1	23
3L	7035882	7038005	1	23
3R	21308150	21308428	1	23
2R	8729880	8730064	-1	23
3L	9400034	9400097	-1	23
3L	20833658	20833730	1	23
2R	23061595	23061683	-1	23
3L	7640065	7640125	-1	23
2R	5204140	5204194	-1	23
3R	27957620	27957672	-1	23
X	11144250	11144320	1	23
X	4704518	4704588	1	23
4	1196092	1196165	-1	23
3R	24318122	24318215	1	23
2R	13827038	13829640	1	23
2L	3175399	3183316	-1	23
2L	13001505	13001560	-1	23
3L	21025549	21027388	-1	23
2R	5662554	5662619	-1	23
2R	5647825	5652499	-1	23
3L	17434457	17436324	1	23
2R	6075001	6075064	-1	23
2L	14094293	14094351	1	23
3R	15965020	15965074	-1	23
4	560821	564361	1	23
2L	9890323	9890386	-1	23
2L	10225433	10225504	-1	23
4	1233511	1234679	1	23
2R	17425413	17425470	1	23
2L	18987871	18987936	1	23
3L	23319003	23319061	-1	23
3R	25685501	25685567	-1	23
3R	21302778	21303607	1	23
2R	17871662	17871905	-1	23
3L	19927270	19927571	-1	23
3L	5170441	5184215	-1	23
X	11149852	11149925	1	23
3R	13672817	13674146	-1	23
2L	16263181	16263262	1	23
3L	257057	257130	-1	23
2L	18442158	18442234	-1	23
2L	3460076	3460133	1	23
2R	24060750	24060813	1	23
3R	27165371	27165432	-1	23
2R	21658110	21658351	1	23
2L	10438813	10438882	1	23
2L	14040379	14041321	1	23
3R	11246394	11246458	1	23
2L	2772646	2779175	-1	23
3R	8756213	8767674	-1	23
3L	20351522	20351583	1	23
3L	6025338	6025418	1	23
2R	7010046	7010103	-1	23
X	16331726	16331809	-1	23
3R	21357759	21358005	-1	23
2L	8198549	8198613	1	23
3R	567269	682458	1	23
X	3672040	3683353	1	23
X	11974340	11976403	-1	23
2L	10338117	10338232	1	23
3L	3328184	3328251	1	23
2L	7831026	7831469	1	22
3R	25700027	25701309	-1	22
2R	926903	926972	-1	22
3L	6490904	6490970	1	22
3L	21726938	21728287	-1	22
3L	21619618	21619674	1	22
X	628879	629382	-1	22
3L	12771316	12771372	-1	22
3L	1198487	1198555	1	22
2R	12922811	12922879	1	22
2R	16183538	16183603	1	22
X	15755993	15756079	-1	22
2L	8211503	8211559	1	22
2R	16753538	16753599	-1	22
3R	4240525	4240589	1	22
3L	21531574	21531758	-1	22
3L	27420842	27441599	1	22
3L	23327646	23328714	-1	22
3R	22408881	22408940	-1	22
2R	6698386	6698446	1	22
2L	2798837	2799909	-1	22
2R	21087859	21087938	1	22
2L	6426906	6445114	-1	22
2L	15940083	15962009	-1	22
2L	20054737	20054879	1	22
3L	9359417	9359476	1	22
3L	19816532	19816593	-1	22
X	11722409	11722534	1	22
X	16451560	16451919	1	22
3L	17436378	17436513	1	22
2R	17591964	17592028	-1	22
4	1143869	1143985	-1	22
X	12918014	12918577	1	22
3R	9399941	9399997	-1	22
X	16710078	16710204	1	22
3L	7639960	7640016	-1	22
2R	12574838	12574894	1	22
2R	11221630	11221784	1	22
2R	24871246	24871299	1	22
3L	5900609	5900673	1	22
3L	7163507	7163752	-1	22
2L	10137560	10178041	-1	22
3R	13647201	13647383	1	22
2R	20586410	20586615	-1	22
3L	4261306	4261362	1	22
3L	5923293	5923356	1	22
X	13095334	13095445	1	22
3R	23514146	23514209	-1	22
2R	22414283	22414408	-1	22
3R	5221326	5221392	1	22
X	20167816	20167882	1	21
X	5176463	5177567	1	21
2L	5177400	5177724	1	21
X	3338817	3338970	1	21
2R	9480133	9490610	1	21
3R	21308095	21308373	1	21
2R	3938886	3942934	-1	21
3R	21069020	21070724	1	21
2L	13209846	13209911	1	21
2R	24668681	24668737	-1	21
3R	18399951	18400011	1	21
3L	11621423	11621483	-1	21
2R	24067255	24067465	-1	21
3L	21540201	21540269	1	21
4	624664	624772	-1	21
2R	19470813	19470872	1	21
3L	826886	826946	-1	21
3L	17400644	17400763	-1	21
3L	16125784	16125846	1	21
2L	8545234	8563739	1	21
3R	28890101	28900824	1	21
3R	8823070	8823268	-1	21
2R	24966042	24966106	-1	21
X	8060159	8060917	-1	21
3L	5607466	5607552	-1	21
2R	4673224	4673277	1	21
3R	20973739	20973811	1	21
X	12850811	12868228	-1	21
2L	7034694	7034765	1	21
3L	21025549	21027296	-1	21
3L	9112788	9113046	-1	21
3R	24290888	24290945	1	21
3L	6624697	6626421	1	21
2L	4854729	4865148	1	21
2R	12590340	12590439	1	21
2L	8083458	8089185	1	21
2L	21381833	21381899	1	21
3R	10877824	10877882	1	21
X	11062269	11062331	-1	21
3R	15222646	15222703	-1	21
2L	159824	162592	1	21
2R	16924787	16926346	1	21
3R	9402774	9402843	-1	21
3L	7239986	7240044	1	21
2L	11816707	11817353	-1	21
3R	4750887	4750949	1	21
2L	20754366	20754431	1	21
2L	19432064	19432124	1	21
2L	10178478	10179437	-1	21
X	17953157	17953223	-1	21
2L	1182105	1182170	1	21
2R	10099851	10104256	1	21
2R	20275928	20275986	1	21
2L	20969524	20993233	-1	21
2L	7568979	7576245	-1	21
X	8418427	8423184	1	21
X	4544177	4544234	1	21
3L	1330291	1331042	1	21
3R	24064331	24106825	-1	21
3L	9429728	9429792	-1	20
4	1049247	1050298	-1	20
3R	4328018	4328137	-1	20
2R	21021134	21021191	1	20
3L	17068059	17074193	-1	20
X	3481370	3482026	-1	20
X	14324859	14355463	1	20
X	19363022	19410159	1	20
3R	31633613	31658579	1	20
2R	8167453	8167514	1	20
X	10255587	10256112	-1	20
3L	11692567	11692618	1	20
2R	23947341	23947616	-1	20
2L	3723765	3725656	1	20
3R	11217696	11217752	1	20
2R	24701210	24714471	-1	20
X	4688673	4691597	1	20
2R	1266053	1266192	1	20
3L	2599833	2599897	1	20
3R	24058800	24058855	1	20
3R	5226979	5227324	1	20
3L	8521673	8521732	-1	20
2L	11806158	11808014	-1	20
3R	11232125	11232194	1	20
2R	15216879	15216942	1	20
3L	15493331	15493469	-1	20
2R	19532375	19532436	-1	20
X	21346750	21346957	-1	20
4	302527	305016	-1	20
2L	8369031	8369716	1	20
3R	30518574	30519608	-1	20
X	8518399	8531525	1	20
2L	10259691	10260254	-1	20
3R	17675012	17675075	-1	20
3R	9420048	9432029	1	20
2L	6646948	6649030	-1	20
2L	9176381	9177125	1	20
4	1117215	1117851	-1	20
2R	15993130	15993187	1	20
3R	11416421	11416480	-1	20
3R	24653040	24653098	1	20
3L	21875326	21907346	1	20
2L	2782840	2783041	-1	20
X	9355179	9356001	-1	20
2L	7033019	7035075	1	20
3L	8241195	8248558	1	20
3R	13657126	13658462	-1	20
3R	15363098	15363152	-1	20
X	15095029	15095087	1	20
X	15894767	15894835	1	20
2R	14752743	14752946	1	20
X	10629361	10630189	1	20
2R	7702884	7702941	1	20
3R	9790461	9790526	-1	20
3L	19542469	19542535	-1	20
2R	6151997	6152069	-1	20
3R	28324878	28325489	-1	20
3L	1637273	1637723	-1	20
2L	10429660	10429715	1	20
2R	18288389	18289535	-1	20
X	12203879	12204139	1	20
2R	8892996	8893062	1	20
3L	11621104	11621214	-1	20
3R	23818612	23818981	-1	20
3R	17967829	17977356	1	20
3R	19032026	19032089	1	20
3R	23963224	23965800	1	20
3R	31599349	31600389	-1	20
2R	11100115	11116040	-1	20
2R	12924348	12924422	1	20
3R	11409149	11409210	-1	20
3R	20850628	20850855	1	19
X	4427540	4428198	1	19
X	12731907	12742319	-1	19
3R	23983916	23984440	1	19
3L	8415661	8415716	1	19
2L	10482787	10482845	1	19
2L	5071158	5071227	1	19
X	20776249	20792355	-1	19
3R	20331049	20331481	1	19
2L	16247385	16248602	-1	19
X	10848246	10848365	1	19
3L	19588614	19588680	1	19
3L	17065709	17067137	-1	19
3R	7192971	7198328	1	19
2L	19545102	19545157	1	19
4	860382	860440	-1	19
2L	12693657	12693720	1	19
3R	20580322	20580390	1	19
2R	24135368	24135430	-1	19
3R	12705282	12705344	1	19
3L	20713301	20713484	-1	19
2R	19407913	19407975	-1	19
2R	5327792	5327848	1	19
3L	11184209	11184389	-1	19
2R	24599700	24599767	-1	19
3L	1657930	1658050	-1	19
2L	4842348	4843540	-1	19
2L	10403557	10403730	-1	19
2R	12594069	12606915	1	19
X	18225525	18225648	-1	19
3L	21333495	21333896	1	19
X	258081	258142	1	19
3L	20519895	20519954	-1	19
3R	25024150	25024217	1	19
3L	20515787	20515861	-1	19
3L	9415297	9415408	-1	19
X	8517421	8531697	1	19
2L	10965720	10965792	-1	19
2R	7467634	7467691	-1	19
2L	17739714	17751939	-1	19
3L	7294920	7311929	-1	19
3R	23983955	23984306	1	19
3R	7248402	7248457	-1	19
3L	6737287	6737353	-1	19
2L	19145845	19166085	1	19
2R	13853116	13853181	-1	19
3R	10255430	10260818	-1	19
3L	4327171	4327233	-1	19
X	9152657	9153900	-1	19
3R	23249683	23249741	-1	19
2L	19009138	19009205	-1	19
3L	6957285	6957352	-1	19
3R	23996706	23996766	1	19
4	366763	369507	1	19
X	12731907	12732352	-1	19
X	3952222	3952767	1	18
3L	3743773	3745828	-1	18
X	16993546	16993675	-1	18
X	9164255	9165682	1	18
3R	25064797	25064861	-1	18
2L	21356683	21356740	1	18
3L	3460099	3460172	-1	18
X	18155595	18161013	1	18
2R	15339076	15339138	1	18
2L	15037986	15038054	-1	18
3L	16353616	16353680	-1	18
3R	5652798	5653175	-1	18
2R	23922857	23922922	1	18
2L	8713204	8713264	-1	18
X	19600562	19600636	-1	18
2R	12612885	12613567	1	18
3R	19241711	19242525	-1	18
2R	6810340	6810399	-1	18
3L	3943295	3943347	1	18
2L	12432205	12432309	-1	18
3L	25978151	26013543	-1	18
3L	1666035	1666090	1	18
3L	6943007	6944432	1	18
2L	10840797	10840867	-1	18
2R	14157147	14157207	-1	18
3L	4287978	4288034	1	18
3R	25887232	25887298	1	18
X	12912074	12912583	1	18
3R	5335061	5335895	-1	18
2R	16016460	16016525	-1	18
3L	19896848	19896912	-1	18
X	10348860	10356369	-1	18
3R	16611055	16611108	1	18
3L	3904622	3904684	1	18
3L	16226359	16226587	-1	18
3L	201759	201817	1	18
2R	13453031	13453089	1	18
2R	24028125	24028614	-1	18
2R	17081850	17087223	-1	18
3R	11408327	11408386	1	18
3R	20590771	20590829	1	18
3L	25961541	25969034	-1	18
2L	21633306	21633374	1	18
4	155148	155765	-1	18
3R	30593421	30593489	-1	18
3R	27287720	27287785	-1	18
3L	23325957	23326688	-1	18
2R	21692375	21692432	1	18
X	18155733	18161013	1	18
3R	16645947	16646020	-1	18
3L	11062229	11062291	-1	18
2L	21662632	21662689	1	18
3R	24761329	24761390	-1	18
3R	10891392	10891514	-1	18
4	132288	133186	1	18
2R	21512178	21513517	1	18
3L	20169064	20184963	-1	18
3R	21621697	21622812	-1	18
4	282739	302242	-1	17
2R	23356671	23356856	-1	17
X	5085890	5089342	1	17
2R	7957960	7958018	1	17
2R	12425075	12425129	1	17
3L	11062390	11062456	-1	17
3R	29594345	29597241	1	17
3L	7916881	7925999	-1	17
2R	10116826	10117234	1	17
3R	30518574	30519647	-1	17
3R	17006694	17006750	1	17
X	16522154	16527277	-1	17
3L	9459595	9459654	-1	17
X	19344151	19347638	-1	17
2L	12272085	12278837	1	17
3R	23983728	23984303	1	17
3L	19611208	19611325	-1	17
3R	10853590	10853651	-1	17
2R	24785684	24785742	-1	17
3R	11621454	11621515	1	17
2L	9727257	9732955	-1	17
3R	23983734	23984290	1	17
X	3256515	3258611	1	17
2L	20079473	20084578	-1	17
X	13204151	13206712	-1	17
4	320045	328167	1	17
2R	18277682	18277751	1	17
3R	9361866	9362053	1	17
3R	21308092	21308370	1	17
2L	21122390	21124135	1	17
2L	11076862	11076927	-1	17
4	665306	665951	1	17
3R	14733884	14734387	-1	17
3L	16231417	16231474	-1	17
3L	4558053	4563797	1	17
2L	1974992	1975061	1	17
3L	11069307	11069368	-1	17
2L	9937511	9937658	-1	17
3R	11593767	11604142	-1	17
3R	19240839	19241654	-1	17
4	781670	783174	-1	17
3R	22729760	22729817	1	17
2R	9608018	9608077	1	17
3L	12771142	12771206	-1	17
2L	101915	101979	1	17
2R	10099739	10104256	1	17
2L	101620	101876	1	17
3L	23007500	23007559	1	17
2L	19600765	19603813	-1	17
2L	17887149	17901809	-1	17
3L	22914300	22923362	1	17
4	915719	915837	-1	17
3R	9295552	9295686	-1	17
X	17668664	17668751	1	17
X	6276459	6276532	-1	17
3R	18978584	18978644	-1	17
3L	10663918	10664075	1	17
3R	24818351	24818411	1	17
2L	10997426	10997493	1	17
2R	7156725	7156791	-1	17
3L	20839341	20839398	-1	17
3R	13642428	13642512	-1	17
3R	11239434	11239511	1	17
2L	2579797	2579860	-1	17
4	133232	133588	1	17
2R	2053292	2053345	-1	16
2L	2793909	2798486	-1	16
3L	19601148	19601210	1	16
3R	3864561	3864613	1	16
3R	8941833	8941901	1	16
X	6600511	6605180	1	16
3R	31745591	31745770	-1	16
2L	7034274	7034484	1	16
2R	17053419	17053485	1	16
3R	29723589	29723847	1	16
X	18887213	18887300	1	16
3R	23983810	23984305	1	16
3R	4486689	4486821	1	16
2R	16263537	16263603	-1	16
4	611656	611727	1	16
3L	11111689	11111745	1	16
3R	21308088	21308366	1	16
2R	21154167	21154715	-1	16
X	18155591	18161013	1	16
3R	18251279	18251344	1	16
3L	6754458	6755073	-1	16
3R	23355786	23355981	-1	16
2R	25077307	25077370	-1	16
3L	3911915	3913626	-1	16
3R	19412571	19415633	1	16
X	9507263	9510160	-1	16
2R	24092263	24092342	-1	16
2R	24785684	24785736	-1	16
2R	15145272	15145383	-1	16
3R	4298586	4299790	1	16
X	5082240	5084573	-1	16
3L	2941625	2944023	1	16
X	5177618	5186903	1	16
2L	10256507	10257395	-1	16
3R	20736930	20736985	1	16
3R	14791253	14793443	1	16
3R	18214599	18214666	1	16
2L	1501037	1501097	-1	16
X	10309666	10318418	-1	16
3L	20372020	20372080	-1	16
3R	30496871	30497084	-1	16
2L	8041699	8041759	1	16
2R	23946262	23946447	1	16
3R	1342318	1454572	1	16
2L	6659319	6659379	1	16
3R	18950604	18958362	1	16
2L	1170957	1171030	-1	16
2R	11149512	11149601	-1	16
X	4541552	4541907	1	16
4	211983	212628	1	16
4	94616	97822	1	16
3R	13663052	13663455	1	16
3L	258764	258823	1	16
X	15989269	15989392	-1	16
X	21061918	21062348	1	16
2L	19702035	19702146	1	16
2R	7815717	7822136	-1	16
X	15929798	15929854	-1	16
X	18168493	18169489	1	16
X	2712023	2712093	-1	16
2R	4458098	4458154	-1	16
2L	6907134	6907232	-1	16
3L	6075958	6076023	1	16
3R	5939939	5958825	-1	16
2R	21096270	21096327	-1	16
X	15758318	15760125	-1	16
2L	6587144	6600611	-1	16
X	15702186	15702264	-1	16
2L	1179070	1179127	1	16
2L	12714547	12714649	-1	16
3R	12624905	12624966	-1	16
4	478084	478538	-1	16
2R	17702126	17702315	1	16
3R	22782159	22784467	1	16
2L	823570	823637	1	16
2L	13550294	13551142	1	16
3R	31134669	31137402	1	16
2R	11651225	11651324	-1	16
2L	9685203	9696191	-1	16
3R	8655907	8655987	-1	16
X	15800574	15800639	1	16
X	8902812	8903202	1	16
2R	17573034	17573103	1	16
3R	20822274	20822418	1	16
3L	4188775	4189676	1	16
X	16447963	16448031	-1	16
2L	21637787	21637958	1	16
3R	19874287	19874345	-1	16
3R	15278444	15278502	-1	16
3L	257202	257553	-1	16
3R	19240839	19242525	-1	16
4	783246	783302	-1	15
2L	11076865	11076927	-1	15
3R	21807735	21808489	-1	15
3L	11062824	11062903	-1	15
3R	12563120	12593483	-1	15
3R	16636811	16636986	1	15
2R	19308516	19308573	-1	15
X	10709037	10709088	1	15
4	892950	893505	-1	15
2R	7656416	7656472	1	15
3R	21307584	21308418	1	15
2R	24891838	24892284	1	15
X	17962252	17966348	-1	15
X	8691552	8691611	1	15
3L	5161602	5162456	-1	15
2L	338119	339207	1	15
3R	6364726	6365004	-1	15
2L	7028667	7028727	1	15
2L	19896324	19901933	1	15
3R	13389760	13390048	-1	15
3R	18661249	18661312	-1	15
2L	16731578	16731643	-1	15
3R	21308159	21308437	1	15
3L	20768529	20768593	-1	15
2R	8142029	8142099	-1	15
4	252171	252824	-1	15
3R	25352193	25354149	-1	15
2R	19443240	19443313	1	15
2L	14088862	14089108	1	15
X	8410690	8418351	1	15
3L	508800	514612	-1	15
3L	202430	202489	-1	15
2L	7195641	7195703	-1	15
3L	16844863	16844920	-1	15
2R	19574067	19574144	-1	15
3R	9269884	9269944	1	15
X	4841441	4869496	-1	15
2L	10282280	10282345	-1	15
2R	11447364	11447527	1	15
4	855636	855686	-1	15
2L	10229956	10231283	-1	15
2L	12094712	12094769	1	15
3R	15792974	15793042	1	15
3R	30177390	30177454	1	15
X	11795009	11795105	1	15
3R	29934090	29934239	1	15
3R	15300823	15301011	1	15
2L	11803899	11809126	-1	15
2R	4786884	4786966	1	15
3L	12534005	12534063	1	15
X	4450802	4450877	1	15
X	571001	571131	1	15
2L	21223128	21223192	1	15
2R	17429661	17429720	-1	15
X	20792545	20792605	-1	15
3R	29597474	29598164	1	15
3L	4379597	4379931	-1	15
2R	12103313	12103528	-1	15
3R	20438136	20449235	-1	15
3L	12852717	12852781	1	15
X	15341163	15341222	-1	15
3L	20844549	20845929	-1	15
3L	1599915	1599979	1	15
3R	31750587	31750645	1	15
3R	7472848	7473261	-1	15
3R	25984220	25984275	1	15
3R	19987657	20006235	-1	15
2R	23924550	23924616	1	15
3L	20810929	20810981	1	15
3R	17909507	17915010	-1	15
X	10407106	10407166	1	15
3L	17844715	17844780	-1	15
2L	4796220	4796287	1	15
3R	23696686	23696752	-1	15
2R	6627215	6627312	-1	15
3R	10159332	10159396	-1	15
3L	15510232	15510605	1	15
2L	21124374	21124440	1	15
3L	9337661	9337726	1	15
3R	10037891	10041972	-1	15
3R	12424517	12424611	-1	15
2R	11305296	11305351	1	15
3L	23748061	23748140	1	15
3R	27568206	27568279	-1	15
3L	1564281	1568197	-1	15
4	190062	191309	-1	15
2R	20589668	20595557	1	15
4	668575	669130	1	15
3R	16482214	16482280	-1	15
3R	25039957	25040022	1	15
3L	24537617	24542410	1	15
4	944254	944306	1	15
2L	10178478	10180107	-1	15
3R	8388801	8389977	-1	15
3R	26581023	26582665	1	15
2R	10461032	10461096	1	15
3R	19643839	19644206	-1	15
3R	25130789	25130847	1	15
3R	16632531	16632608	1	15
3R	29801867	29801928	-1	15
3R	15347626	15347690	1	15
2R	8597848	8598113	-1	14
3L	12753614	12753676	-1	14
3L	3051766	3051968	1	14
4	361007	362304	1	14
X	1468186	1468251	1	14
X	575090	575168	1	14
3R	16636577	16636775	1	14
3R	4365542	4365702	1	14
2L	20576270	20583686	1	14
2L	13351395	13351458	-1	14
X	13831101	13831168	-1	14
2R	11361283	11361515	1	14
3L	226257	230780	1	14
3R	21354695	21354974	-1	14
2R	12753354	12753428	-1	14
X	7285785	7285914	-1	14
2R	4351219	4378369	-1	14
3L	21614013	21614065	-1	14
2R	13531620	13532661	-1	14
2L	9889406	9889460	1	14
3R	4281872	4282674	1	14
2L	7184204	7184615	1	14
2L	10440506	10440561	1	14
3R	22355828	22355949	1	14
3R	5855352	5855753	-1	14
X	12572627	12572772	-1	14
X	13586093	13589922	1	14
3R	19454266	19457120	1	14
3R	20797278	20797345	1	14
X	16801588	16801654	1	14
3L	3817722	3817784	1	14
3L	19988346	19988401	-1	14
2R	18728019	18728081	-1	14
3R	8000504	8000586	1	14
3L	8930740	8930800	1	14
3R	20252822	20253627	1	14
X	13701354	13707596	-1	14
4	65522	66000	-1	14
2L	4393200	4393262	-1	14
3L	19817168	19817231	-1	14
2R	16764375	16765833	-1	14
2L	1113766	1113826	1	14
2L	292661	292717	1	14
3R	12950328	12950408	-1	14
2L	2400966	2401107	1	14
2R	1265294	1266192	1	14
3R	29201909	29201970	-1	14
2R	9089445	9089508	1	14
2L	19179984	19180042	-1	14
2R	14276429	14277281	1	14
3L	16964979	16967382	1	14
3R	18248152	18248221	1	14
3L	3897092	3897148	1	14
2R	6214752	6233266	1	14
3R	28341460	28342185	1	14
3R	24059004	24059062	1	14
3R	23983916	23984367	1	14
X	9164335	9165682	1	14
X	17701166	17701306	-1	14
3R	8823302	8823353	-1	14
4	1129489	1129566	1	14
3L	27137237	27140119	1	14
3R	22026391	22026448	-1	14
3R	11224248	11224491	1	14
4	480692	480776	-1	14
3R	5591831	5591929	1	14
X	18791245	18791301	1	14
3R	30485393	30485454	1	14
3R	19200707	19200778	1	14
2R	16706280	16716154	-1	14
2R	16716212	16730899	-1	14
2R	2495024	2553783	-1	14
3R	24192318	24192377	-1	14
2R	13580547	13580844	-1	14
3R	8006149	8006217	-1	14
3L	1660227	1661109	-1	14
3R	4670851	4680229	1	14
2R	19564513	19574003	-1	14
3L	2689933	2697696	-1	14
2R	16045391	16045451	1	14
X	16527971	16533059	-1	14
3L	16064000	16064227	1	14
X	10929267	10929392	1	14
3R	10853397	10853452	1	14
3L	827002	827182	-1	14
3L	8961457	8961517	-1	14
2R	14234343	14234396	-1	14
4	427604	427667	1	14
3L	9799927	9800000	1	14
3R	1467259	1588295	1	14
2L	2772654	2779189	-1	14
X	15896473	15897102	1	14
X	14234763	14234825	-1	14
X	624345	624407	1	14
3L	8130080	8131481	1	14
2L	475852	475916	1	14
X	11979765	11979839	-1	14
2R	16327161	16333034	-1	14
2L	11583103	11590748	1	14
2R	20977246	20977317	1	14
3L	12291242	12291300	-1	14
3L	23748717	23748776	1	13
X	3708919	3709836	-1	13
3R	11950785	11950858	1	13
2R	5979638	5980043	-1	13
X	15928931	15929173	-1	13
3R	15951851	15954158	1	13
2L	10225150	10225279	-1	13
3R	3850236	3864292	1	13
2R	16924797	16926346	1	13
3R	18247903	18247971	1	13
X	571353	571427	1	13
3L	1795733	1795793	1	13
2R	5328029	5329010	1	13
2L	18384894	18387287	1	13
3L	321364	321915	-1	13
3R	30176586	30176643	-1	13
3R	23983905	23984428	1	13
X	3256212	3258614	1	13
3R	23984148	23984440	1	13
X	11976825	11976889	-1	13
2R	18430022	18430081	1	13
X	21036638	21037610	1	13
X	15958591	15961986	-1	13
2R	22887794	22887850	-1	13
3L	17236063	17237832	-1	13
3L	25977	26030	1	13
3R	22372168	22372226	1	13
2R	4607321	4608359	1	13
3L	226247	230767	1	13
4	1230421	1230502	-1	13
2R	5294713	5294797	1	13
2R	10104831	10104941	1	13
3R	5656572	5656799	-1	13
3L	18747719	18747776	-1	13
2R	25283027	25283085	1	13
3L	15523465	15523833	-1	13
2R	5242063	5242385	-1	13
3R	23983931	23984305	1	13
X	18186502	18192331	1	13
2R	1595985	1596036	1	13
3R	27566148	27566207	-1	13
3R	8823802	8823985	-1	13
2R	24785261	24785312	1	13
3L	7804708	7808997	-1	13
2R	23992859	23992928	-1	13
2R	18306136	18355500	-1	13
2R	18660125	18660195	-1	13
X	11369709	11373817	1	13
2L	6680115	6680175	-1	13
4	179035	179092	-1	13
2L	10256507	10257778	-1	13
2R	14514216	14514283	1	13
3L	19232573	19235014	-1	13
3R	14625816	14626026	1	13
3R	15344351	15344413	-1	13
2R	6963096	6970893	-1	13
2R	18634942	18636143	-1	13
3R	12462177	12462235	1	13
3L	12498688	12498749	-1	13
4	549622	549714	-1	13
2L	18120073	18123349	1	13
2R	11646320	11650815	-1	13
2R	8172772	8173173	-1	13
4	137168	137223	1	13
2L	9891074	9891133	1	13
3L	4578870	4579447	1	13
3R	9487204	9493523	-1	13
2R	14944059	14944139	1	13
2L	10420346	10420401	1	13
X	12019759	12019825	1	13
2R	18688369	18692041	1	13
X	18381100	18381162	1	13
3L	14746914	14746978	1	13
X	2584549	2584667	-1	13
2R	17775436	17775493	-1	13
2R	5662377	5662456	-1	13
3R	4330249	4331547	-1	13
X	15991383	15991822	-1	13
X	13986075	13988545	-1	13
2R	4322939	4336377	-1	13
X	22995915	22996057	-1	13
2L	6474652	6474708	-1	13
4	501858	503851	1	13
2R	10105826	10106289	1	13
3R	4638410	4638544	-1	13
2L	10264265	10264552	1	13
3L	5761119	5761174	1	13
3R	4660400	4670797	1	13
2R	4692011	4692079	-1	13
3L	750228	752272	1	13
4	97976	99406	1	13
2L	20903560	20916905	-1	13
3R	20033627	20034042	1	13
X	5353005	5355947	1	13
2R	8125210	8125267	-1	13
3R	8994461	8994527	1	13
2L	8088454	8089185	1	13
3L	1659991	1660197	-1	13
3L	5664448	5664964	1	13
X	16601199	16601376	1	13
4	1037741	1038359	1	13
3R	17006913	17007083	1	13
3L	9415467	9417652	-1	13
3L	18619208	18619377	-1	13
3L	3043847	3043905	1	13
3R	20792556	20795139	1	13
X	11597109	11597175	1	13
3R	23249964	23250023	-1	13
2L	9940569	9940629	1	13
4	395323	395649	-1	13
2R	24044920	24044992	-1	13
4	1280857	1280916	1	13
3L	277756	278178	1	13
X	5634426	5636222	-1	13
X	2269705	2270699	-1	13
3R	27065323	27065803	-1	13
3L	21823053	21823111	1	13
X	6269245	6269314	1	13
2R	22071708	22071766	-1	13
2R	14946418	14946477	-1	13
3L	12137092	12137159	1	12
3R	20575622	20576146	-1	12
3R	6382270	6382328	1	12
3R	21865748	21865815	1	12
3R	7244472	7244528	-1	12
X	6268973	6269125	1	12
2R	20587745	20595557	1	12
X	22995915	23004429	-1	12
3R	17070776	17070845	-1	12
X	10708835	10708896	1	12
3R	21300472	21302138	1	12
X	1637140	1637284	1	12
2R	18688742	18692041	1	12
3L	17073791	17074193	-1	12
2L	2360802	2360972	-1	12
3R	4737128	4737181	-1	12
X	8119293	8119355	-1	12
X	1512358	1512413	-1	12
X	9154241	9154380	-1	12
2R	18132942	18133004	-1	12
2L	9877261	9885932	-1	12
3R	28084617	28085405	1	12
3L	2689939	2711352	-1	12
X	9163286	9165682	1	12
3L	21289547	21289606	1	12
X	4203487	4205900	-1	12
2L	5044489	5046304	1	12
2R	1515837	1515895	-1	12
3R	23983729	23984283	1	12
2R	23922579	23922641	1	12
3R	19763751	19764249	1	12
X	15786630	15786794	1	12
X	19347734	19347836	-1	12
2L	10254326	10254385	1	12
2R	21511061	21511123	1	12
3R	24317842	24317896	-1	12
3L	27147696	27156010	1	12
2R	15221824	15221899	1	12
X	12566837	12568289	-1	12
3R	6532052	6532636	-1	12
3L	7352734	7353343	1	12
3R	24818439	24818586	1	12
X	23473471	23535023	-1	12
X	61334	61395	-1	12
2L	7429516	7429582	1	12
2R	11387491	11387545	-1	12
3R	10044250	10044304	1	12
2R	18431358	18431416	-1	12
2L	930424	950492	1	12
2R	8963721	8963777	-1	12
X	7009664	7009774	-1	12
2R	25255938	25256158	1	12
X	15139115	15139252	-1	12
X	12639076	12639154	1	12
X	15828503	15828563	-1	12
2L	6110225	6113030	1	12
2R	24892079	24892284	1	12
3L	1501893	1502467	-1	12
X	8490016	8509456	1	12
X	6524795	6524866	1	12
3R	13969331	13969397	-1	12
2R	16103775	16105033	1	12
3L	709024	709080	-1	12
2R	14276407	14277281	1	12
3L	3171107	3171164	1	12
3R	9213847	9213977	-1	12
3L	16232324	16232380	1	12
4	263341	264352	1	12
2L	8377794	8377847	1	12
3L	19836046	19836121	1	12
3R	21777314	21777378	-1	12
2R	15531396	15532122	-1	12
3R	31748087	31749207	1	12
3R	28084617	28085426	1	12
2L	4031556	4032423	1	12
3R	12465715	12511225	1	12
3R	15954684	15954747	1	12
2R	13829866	13830551	1	12
4	1131959	1133875	1	12
3L	6755124	6755420	-1	12
3L	23319178	23319234	-1	12
3L	9094207	9094569	1	12
2R	16198947	16199007	1	12
3L	4124853	4124919	-1	12
X	6223512	6223585	-1	12
2R	24892549	24894084	1	12
3R	24137204	24137276	1	12
X	2075140	2075207	-1	12
3L	20313885	20314608	-1	12
2R	16421733	16422680	1	12
2R	24871646	24871709	-1	12
3R	31598953	31599281	-1	12
3L	17074277	17074353	-1	12
X	7893491	7893750	-1	12
2L	7033019	7034199	1	12
3L	22869472	22869665	-1	12
2R	9970409	9970474	1	12
2R	13825158	13825211	1	12
3R	20798410	20805947	1	12
X	3256318	3258611	1	12
3L	24741001	24748408	1	12
X	13297652	13297747	1	12
3L	10590391	10590521	1	12
2L	21380827	21382019	1	12
3R	18355934	18360518	-1	12
2R	9996622	9997704	-1	12
X	23281236	23433722	-1	12
2R	20243110	20243173	-1	12
3R	13669697	13670645	1	12
3R	27967202	27967269	-1	12
X	22468001	22468112	1	12
3L	11519015	11519079	-1	12
3R	31354615	31355611	1	12
2L	7184204	7184608	1	12
3R	8728567	8728626	-1	12
3R	7071862	7071916	-1	12
X	10072389	10072570	-1	12
2L	2753661	2756008	-1	11
2R	4238463	4238523	-1	11
3L	21570136	21570257	1	11
3R	4292073	4295120	1	11
2R	16925285	16926346	1	11
3R	23997209	23997267	1	11
3L	5140778	5140840	-1	11
2R	14623005	14623189	1	11
3R	27272197	27272841	-1	11
2R	25255791	25257385	1	11
2L	7237791	7248829	-1	11
2R	7937144	7937204	-1	11
3R	30800964	30806288	-1	11
2R	6627211	6627309	-1	11
2L	12222338	12240868	1	11
2L	13386691	13386757	-1	11
2L	6646948	6647951	-1	11
3R	24109589	24109656	1	11
2L	20064573	20064625	-1	11
Y	3004630	3019154	1	11
4	427712	429643	1	11
X	12476269	12476337	1	11
3R	11233127	11233217	-1	11
2L	155430	155567	1	11
2R	6924487	6924553	1	11
3R	12435203	12435262	1	11
2R	2495024	2520579	-1	11
3L	21195131	21195186	-1	11
2R	23845941	23846128	1	11
2R	927571	929051	-1	11
2L	11984663	11984725	-1	11
2R	9090022	9090083	-1	11
2L	16843395	16843513	-1	11
3L	14984121	14984211	1	11
3L	21213492	21213844	1	11
2L	8029734	8029816	1	11
3L	16844139	16844207	1	11
3R	24674882	24675167	1	11
2L	8524685	8524743	1	11
2L	8083898	8089185	1	11
4	1050393	1050455	-1	11
3R	25067079	25067133	-1	11
3L	1659991	1661109	-1	11
3R	12399209	12399272	-1	11
2L	21122394	21124135	1	11
3L	1568310	1568418	-1	11
3R	25067332	25067385	-1	11
2R	18658857	18658920	-1	11
4	671167	680440	1	11
2R	15938268	15938447	-1	11
X	20509468	20510519	-1	11
3L	27293272	27331994	1	11
2L	21105009	21114594	1	11
3R	14734419	14737420	-1	11
2L	21139943	21140009	-1	11
2L	5947333	5948407	1	11
2L	19929355	19950407	1	11
3L	9749767	9750053	-1	11
3L	11629513	11630467	1	11
3R	6658428	6659003	1	11
2R	24888762	24888822	-1	11
3L	4575759	4577917	1	11
4	1018710	1018770	-1	11
2R	12639991	12640052	1	11
X	12919710	12941720	1	11
X	16640241	16640306	-1	11
2R	24891920	24892284	1	11
3L	25708979	25709037	1	11
2L	6445230	6445287	-1	11
3R	23514324	23514377	-1	11
3L	7854190	7855209	-1	11
2R	14410419	14410725	-1	11
2R	6692237	6692293	1	11
4	930024	930080	-1	11
3R	23983905	23984369	1	11
4	184796	185827	-1	11
2L	2890917	2945030	1	11
2R	10091997	10093144	1	11
2R	24052589	24052655	1	11
3L	11196876	11197239	-1	11
3R	13229771	13232679	-1	11
2R	16986637	16986705	1	11
4	250244	251315	-1	11
3L	2632122	2633538	1	11
3L	12472974	12473185	1	11
3R	14035552	14035621	-1	11
2L	2372771	2372830	-1	11
3R	28813552	28813618	1	11
3R	27261941	27262116	-1	11
2L	7661775	7662789	-1	11
2L	9877973	9885726	-1	11
4	671617	680440	1	11
3L	20833658	20833733	1	11
2L	2214885	2215014	1	11
3R	14315151	14315360	1	11
2R	17208188	17220055	1	11
2R	23975084	23975140	1	11
2L	20919393	20919451	-1	11
2R	19290457	19290518	1	11
X	11608641	11608703	-1	11
2R	17867560	17868287	-1	11
X	11368988	11373817	1	11
2R	15221981	15222044	1	11
2R	9580748	9580818	1	11
X	4533198	4533261	1	11
X	1668745	1668808	-1	11
3L	6077346	6078919	1	11
2R	21212479	21212546	1	11
4	181517	181569	-1	11
3L	18887747	18890190	-1	11
2R	7152064	7152258	-1	10
X	11369804	11373817	1	10
3R	11237341	11237400	1	10
X	1901014	1901065	-1	10
3L	23095212	23095275	-1	10
X	11698598	11703290	1	10
X	1774223	1775699	1	10
3R	12847194	12847954	-1	10
X	13385397	13385500	1	10
3R	15970093	15970155	-1	10
3R	20578793	20578914	-1	10
3L	11196876	11197501	-1	10
3R	27109059	27109127	-1	10
4	416825	419586	-1	10
3R	9420048	9432032	1	10
3R	13374016	13374079	-1	10
4	1135485	1135539	1	10
2L	310606	317743	1	10
2R	15180711	15188756	1	10
3L	27293014	27293076	1	10
2R	12579357	12579415	-1	10
X	13084571	13085596	-1	10
2R	22663875	22663989	1	10
2R	4236178	4236237	-1	10
2R	4754671	4756171	1	10
2R	24966154	24967051	-1	10
4	452745	452803	1	10
2L	22247722	22247796	-1	10
3R	25431982	25472482	-1	10
2L	2877390	2877611	-1	10
3L	998292	998351	-1	10
X	17075990	17076925	-1	10
2L	11077067	11077123	-1	10
2R	18167523	18167658	1	10
3L	1635460	1635534	-1	10
2R	8910585	8910644	1	10
X	15860323	15861152	1	10
2L	2095178	2109819	-1	10
3L	1500389	1501799	-1	10
2R	15540641	15540700	-1	10
4	873927	873994	-1	10
X	17950765	17951192	-1	10
2R	13843337	13843540	-1	10
2L	12429741	12429798	1	10
X	12939250	12941720	1	10
2L	6063772	6063826	-1	10
X	8140918	8141636	-1	10
3L	16774367	16774430	1	10
3L	4540654	4540713	-1	10
3R	8752399	8752514	1	10
4	1015621	1016376	-1	10
2R	17548963	17549069	1	10
X	2637554	2641125	1	10
X	13383624	13384300	1	10
2R	18902913	18913443	1	10
3L	8995566	8997579	-1	10
2R	6755118	6755185	1	10
3L	17528621	17528909	-1	10
2L	18370839	18370948	-1	10
3R	4249018	4249191	-1	10
3R	23983911	23984362	1	10
4	611807	612082	1	10
3L	20713878	20715553	-1	10
3R	23959594	23960478	1	10
3R	27952925	27952993	-1	10
3L	8523898	8523953	-1	10
2L	6067236	6067289	1	10
2R	21293790	21294054	1	10
3R	31935776	31936823	-1	10
3L	8622359	8622411	-1	10
4	133236	133588	1	10
3R	25276061	25276126	-1	10
3R	5151287	5153523	1	10
3R	31171633	31177252	1	10
3L	24726293	24728297	1	10
2R	14234829	14234890	-1	10
2R	7971183	7971244	-1	10
3R	14026945	14031573	-1	10
3L	11494957	11495017	1	10
4	320041	328162	1	10
3R	9295744	9326688	-1	10
2R	6833688	6833755	1	10
2R	24025368	24025432	1	10
2R	18728182	18728262	-1	10
2L	18833245	18833305	1	10
3L	27350322	27380953	1	10
3R	4190013	4190077	-1	10
X	7289265	7289506	-1	10
3R	21185585	21202452	1	10
3R	27641495	27643815	-1	10
X	7287641	7287709	1	10
2L	4032770	4046469	1	10
2L	19134277	19145794	1	10
3R	21949403	21949640	1	10
4	1196263	1196320	-1	10
2R	18688512	18692041	1	10
3L	11063124	11063187	-1	10
2R	16925706	16926346	1	10
2R	16762444	16762512	-1	10
X	20772774	20773152	-1	10
3L	19996969	19997031	1	10
3L	10874265	10874336	1	10
2L	11284119	11284186	1	10
2R	8615250	8615903	1	10
2L	449171	449230	-1	10
3L	5807077	5807134	-1	10
3L	9459117	9459183	1	10
4	211795	211854	1	10
2L	21632706	21633266	1	10
2R	24727160	24736614	-1	10
2R	24904901	24904970	1	10
3R	10973350	10992905	1	10
2L	10011553	10011607	1	10
2R	16341422	16341481	-1	10
3R	24624156	24624475	-1	10
3R	21626851	21632133	-1	10
3R	6008307	6008551	-1	10
3L	22867319	22867400	1	10
3R	12462803	12462856	-1	10
2R	13225625	13225691	1	10
X	15063984	15064049	1	10
2L	2770401	2770460	1	10
3L	16006874	16006933	-1	10
2R	16634904	16637648	-1	10
3R	28324650	28324810	-1	10
3L	6634661	6634728	1	10
3L	16417730	16417789	-1	10
2R	20605620	20605682	1	10
3L	9411744	9411817	1	10
3R	29490957	29491015	-1	10
3R	25135249	25135308	1	9
3R	21973399	21975155	1	9
2L	9727257	9732916	-1	9
3R	4750055	4750794	1	9
3L	22269727	22269789	1	9
2L	476016	476078	1	9
2R	3901331	3918151	-1	9
3R	30572851	30572925	1	9
3L	20296285	20296344	-1	9
2L	20422412	20422469	1	9
2R	14619171	14619234	1	9
4	443155	443213	-1	9
3L	6496482	6505083	1	9
3L	6505120	6523030	1	9
4	1040079	1043468	-1	9
2L	10329136	10329196	-1	9
2L	23166880	23174062	-1	9
2R	12618551	12619064	1	9
4	1248491	1248547	1	9
3R	3735167	3735269	1	9
3L	12851154	12852427	1	9
3R	4094457	4095775	1	9
3L	13047172	13047235	1	9
2R	4700584	4700644	-1	9
3R	16637112	16638623	1	9
2R	16859250	16859313	1	9
3R	28813815	28813881	1	9
3L	17434334	17434394	1	9
X	3949373	3949481	1	9
2L	17657234	17657313	-1	9
X	16527975	16533059	-1	9
2L	2581839	2581898	-1	9
2R	14672386	14672654	-1	9
2L	17410178	17410252	-1	9
3R	8796937	8797324	-1	9
3L	21845236	21907346	1	9
3R	29724440	29724496	-1	9
2L	10966622	10968134	-1	9
X	4915523	4915586	-1	9
X	12868410	12869497	-1	9
2R	17580477	17580916	-1	9
3R	18022673	18022730	1	9
3R	10877648	10877702	1	9
2L	14209118	14217027	-1	9
3R	9420048	9440681	1	9
2R	8165049	8165107	1	9
2L	6967386	6967508	-1	9
2R	20586730	20586804	-1	9
2R	19408056	19408124	-1	9
3L	18955116	18955208	1	9
3L	27083594	27083737	-1	9
3L	327080	327135	-1	9
2R	16778685	16778740	1	9
2L	20647789	20647964	1	9
2L	15029732	15029790	1	9
3L	22823972	22824041	-1	9
X	11622358	11623753	1	9
2L	7999168	7999249	1	9
2R	23944741	23944807	1	9
2L	566439	566498	-1	9
2L	11175292	11199594	-1	9
2R	8011582	8011643	-1	9
X	8515613	8515723	1	9
3L	8601416	8601648	1	9
X	21036471	21036539	1	9
4	427712	429437	1	9
2R	9780257	9793183	-1	9
3L	5739727	5740104	1	9
X	9024419	9024624	1	9
2R	13187909	13189561	-1	9
X	4349713	4353467	1	9
3L	21569894	21569957	1	9
3R	9355084	9357984	1	9
3R	21803390	21817101	-1	9
3R	29659394	29659792	-1	9
3R	29597909	29598164	1	9
3R	27957745	27957807	-1	9
2L	2886579	2889674	1	9
2R	20587745	20589617	1	9
3R	23983897	23984353	1	9
2L	7220678	7220742	-1	9
2R	16753701	16753766	-1	9
2L	13560452	13565220	1	9
2R	6920168	6920268	1	9
2R	6083885	6083941	-1	9
2R	16925038	16925705	1	9
3R	17813618	17836151	1	9
2L	21712967	21713028	1	9
4	1121623	1123223	-1	9
2R	10033704	10033757	1	9
3L	11683408	11683476	1	9
4	188524	188578	-1	9
3R	4735804	4737023	-1	9
X	8060159	8061376	-1	9
3L	9376565	9376680	-1	9
3R	4735558	4735642	-1	9
X	4360331	4360395	1	9
3R	24509640	24510141	-1	9
3L	3071308	3073081	1	9
3R	29137524	29137584	1	9
3R	4950405	4950467	-1	9
3R	10324699	10324758	-1	9
3L	9048957	9049152	-1	9
3L	5909597	5909664	1	9
X	16000586	16000668	-1	9
3R	25417965	25431917	-1	9
2L	10275630	10275697	-1	9
2R	24088544	24088604	1	9
3L	21059072	21063991	1	9
3R	18165896	18166026	-1	9
3R	23983910	23984347	1	9
2R	14179932	14180422	1	9
2R	16859001	16859061	1	9
3R	28603319	28603608	1	9
2L	16506853	16506929	1	9
2R	14276527	14279243	1	9
3R	26042265	26042995	1	9
X	22740621	22797279	1	9
X	22797306	22832404	1	9
2R	20645369	20645428	1	9
X	15886265	15887038	-1	9
2R	10104410	10104717	1	9
2R	9399869	9399948	-1	9
3R	21110558	21110616	1	9
2R	17701895	17702075	1	9
X	1691013	1691080	-1	9
2R	8011093	8011172	-1	9
3L	4022554	4022821	1	9
2R	17548535	17548886	1	9
2R	20476252	20477884	1	9
3R	13025045	13025389	1	9
X	9472658	9499874	-1	9
2R	4749387	4749446	1	9
2R	19443099	19443160	1	9
X	15929916	15929981	-1	9
4	250137	250190	-1	9
3R	9726190	9727990	-1	9
X	10309666	10318472	-1	9
2R	10515659	10515835	-1	9
3R	28325820	28326054	-1	9
2L	2876411	2876784	1	9
2R	10461444	10461513	1	9
2L	19046143	19046207	1	9
2L	9916981	9917040	1	9
3L	9411983	9412155	1	9
2L	8543716	8544544	1	9
3R	8031712	8031782	1	9
2R	10736749	10736893	1	9
2R	16609326	16618804	1	9
2R	1343986	1344058	-1	9
2L	851660	851718	-1	9
X	7905995	7906045	-1	9
3R	8128424	8128490	1	9
3R	14327128	14327253	1	9
3R	22389234	22389314	-1	9
2R	8464797	8464864	1	9
X	19576396	19576695	-1	9
X	13085752	13085825	-1	9
3R	21774366	21774427	-1	9
3R	8390011	8391287	-1	9
3L	21424657	21424718	-1	9
X	6699575	6700053	1	9
2L	11281781	11281840	1	9
3L	9130609	9134317	-1	9
4	1116599	1116660	-1	9
2L	1651430	1652775	1	9
2L	10313241	10313306	-1	9
2L	11590794	11606514	1	9
3R	21069020	21070278	1	9
X	16473828	16474447	-1	9
3R	23983910	23984440	1	9
3R	28148252	28158989	1	9
2R	21394736	21394878	-1	9
3L	7640207	7640270	-1	9
3L	13986169	13992976	-1	9
3R	7071218	7071273	1	9
2R	23968245	23968306	-1	9
3L	12852522	12852616	1	9
4	587094	587149	1	9
3R	20580193	20580249	1	9
4	1247239	1248303	1	9
3L	8126955	8127011	-1	9
2L	413655	414443	-1	9
2L	12040380	12040438	1	9
X	16082976	16091147	-1	9
X	3289846	3336805	1	9
X	3481345	3481954	-1	9
2L	9709560	9709622	-1	9
4	204793	205741	-1	9
2R	24891838	24892217	1	9
2R	4673063	4673114	1	9
2R	5362568	5362628	-1	9
2L	21381669	21382019	1	9
2L	6113114	6121774	1	9
2L	7648890	7648958	-1	9
X	4139318	4141771	-1	9
3L	4419664	4419740	1	9
X	3190577	3244735	1	8
3L	23095306	23095437	-1	8
3R	10865648	10866529	-1	8
3L	9801803	9801875	-1	8
2R	21293879	21294054	1	8
2R	5217436	5241896	-1	8
3R	9511682	9511740	-1	8
X	3688496	3692953	1	8
3R	8943401	8943465	-1	8
4	179212	179264	-1	8
2R	9095630	9095898	1	8
3R	25306702	25306762	-1	8
2R	6877123	6877221	-1	8
3L	20346175	20346244	-1	8
X	10407301	10407366	1	8
3L	16350953	16351120	-1	8
3R	27276504	27276570	1	8
X	1774223	1778612	1	8
3R	22174728	22232640	1	8
3L	1196656	1196937	1	8
3R	6566883	6592875	-1	8
3R	11654966	11655123	1	8
X	19334525	19340503	-1	8
2L	9809403	9815803	-1	8
3L	17400540	17400823	-1	8
X	20315950	20330118	-1	8
X	1400626	1413418	1	8
3L	4379581	4379931	-1	8
X	11290264	11293326	-1	8
3L	1633506	1635186	-1	8
3R	22134452	22142174	1	8
2R	13826482	13829640	1	8
2L	5985221	5985343	1	8
2L	8429463	8430281	1	8
3R	17909499	17915059	-1	8
2L	19959692	19959751	-1	8
3R	10161027	10161082	-1	8
3L	24724431	24725824	1	8
3R	24104964	24105185	-1	8
2L	10337597	10338019	1	8
4	427700	429497	1	8
2R	21128955	21129013	1	8
X	18039958	18040213	-1	8
X	12522727	12523518	-1	8
4	904656	904769	-1	8
2L	3869804	3869873	1	8
3L	4255296	4255610	1	8
X	6483924	6484001	-1	8
4	281988	282436	-1	8
2L	21627503	21627572	-1	8
X	11813468	11814697	-1	8
2L	19509085	19509142	-1	8
3L	22833502	22833692	-1	8
X	5319583	5319654	-1	8
3R	24555963	24556236	1	8
2L	14217070	14222017	-1	8
2R	6809512	6809570	-1	8
3R	19214904	19215140	1	8
2L	13050180	13059217	-1	8
3L	16766541	16773714	1	8
2R	18718995	18732555	1	8
3L	20769838	20769894	1	8
3L	3839362	3839424	1	8
3L	19544542	19544605	-1	8
4	1245684	1245752	1	8
3R	20963857	20963927	1	8
3L	16052151	16052755	1	8
X	3721648	3734477	1	8
3L	6739922	6740667	-1	8
3R	22544558	22544615	-1	8
3L	15969561	15969626	1	8
X	17843507	17843569	-1	8
3R	17836237	17851986	1	8
2L	16168649	16169518	1	8
X	16294314	16294388	-1	8
3L	185865	185926	1	8
2R	20671859	20672119	1	8
3R	16551966	16552361	1	8
4	1192649	1192706	-1	8
2L	21615041	21615103	-1	8
4	1174929	1174982	-1	8
2R	10146162	10146229	-1	8
4	1120048	1120106	-1	8
2R	17471796	17471855	1	8
3R	20978249	20978386	1	8
3L	15864121	15864602	-1	8
3R	23983909	23984359	1	8
2R	18846211	18846310	-1	8
3R	20026766	20026831	-1	8
X	8688903	8688962	-1	8
3R	11736444	11736503	1	8
3R	16350028	16350417	1	8
3R	5892772	5892851	-1	8
3R	23255624	23255701	-1	8
X	15758318	15760240	-1	8
4	1316431	1316494	1	8
4	872075	872127	-1	8
3L	3924478	3925463	-1	8
2L	9257207	9272466	1	8
2R	19396563	19396624	-1	8
4	694417	695697	-1	8
3R	9420048	9439346	1	8
X	3481370	3481954	-1	8
3L	20356281	20356345	1	8
2R	19601020	19628481	-1	8
X	13713142	13713201	1	8
X	13733442	13733496	-1	8
2R	14300368	14300425	-1	8
3L	16350432	16350493	-1	8
3R	14882805	14882897	-1	8
3R	14891877	14891951	1	8
3R	9487200	9493396	-1	8
3R	7083892	7083948	-1	8
2R	16571006	16571189	-1	8
X	7738800	7738901	1	8
2R	1212502	1212556	1	8
3L	14002302	14003193	1	8
2R	10648423	10648481	1	8
3R	24818701	24818803	1	8
2L	17875271	17887113	-1	8
3L	20737777	20738243	-1	8
3R	9487204	9493557	-1	8
3R	23983916	23984353	1	8
3L	4579520	4580077	1	8
2L	21701181	21701764	1	8
2R	19430153	19430214	1	8
2R	15211668	15211726	-1	8
2R	18460645	18460912	-1	8
2L	21263180	21263648	1	8
3L	6096152	6096206	1	8
X	15836675	15836738	1	8
2R	22995000	22995324	-1	8
2R	24941055	24941122	-1	8
2L	10420206	10420268	1	8
X	15929592	15929658	-1	8
2R	21150924	21150983	-1	8
2R	11441491	11441935	1	8
3R	9741969	9742200	1	8
3R	27262161	27262227	-1	8
2L	10256507	10256910	-1	8
2R	14622767	14622945	1	8
3R	25397563	25417938	-1	8
2L	10328741	10328804	-1	8
3L	12750740	12751307	1	8
2R	6627215	6627309	-1	8
X	11609714	11610202	-1	8
X	2637312	2641125	1	8
3R	31776383	31776445	1	8
2R	9606764	9606825	1	8
2L	21140491	21140569	-1	8
3L	5170441	5218950	-1	8
X	15875206	15875268	1	8
3R	10865627	10866529	-1	8
3L	10688781	10688926	1	8
3R	25044290	25044526	-1	8
2L	19792452	19792510	1	8
3L	827237	827423	-1	8
2L	23068145	23068200	-1	8
X	8249095	8249154	-1	8
X	61443	61557	-1	8
X	21383628	21383700	1	8
2L	2772644	2779175	-1	8
3R	31219049	31219536	-1	8
3R	15373014	15373386	1	8
2R	16931144	16931199	1	8
2L	16973312	16973448	1	8
3R	9695224	9695282	-1	8
2L	9406264	9414787	-1	8
3R	9487204	9493474	-1	8
X	530535	531627	1	8
3R	7870349	7871786	-1	8
X	15735175	15735247	1	8
3R	21223195	21223257	-1	8
3L	10638701	10639215	1	8
3R	13246655	13258303	-1	8
3R	24838198	24839313	1	8
X	5836891	5836975	1	8
3R	20029832	20029891	-1	8
2L	17590812	17590872	1	8
4	871655	871720	-1	8
2R	9289300	9289361	-1	8
X	7893417	7893750	-1	8
2R	16608335	16618804	1	8
3L	23100358	23102122	1	8
2L	2960987	2961218	1	8
2R	4117019	4122170	1	8
X	16360879	16360932	1	8
2R	20313862	20316451	-1	8
2R	13187909	13197677	-1	8
2R	24577300	24577366	1	8
3R	26649525	26650993	-1	8
3L	1294039	1294093	1	8
3R	28031426	28043586	1	8
3R	16204537	16204894	-1	8
2R	4695407	4695462	-1	8
2L	10408387	10408739	1	8
3R	19874511	19875398	-1	8
3R	15291526	15295113	1	8
3R	9522715	9523536	1	8
2L	5984625	5984719	1	8
3L	7051723	7051977	1	8
4	1226445	1226505	-1	8
3L	23007708	23010159	1	8
3L	5200367	5218950	-1	8
X	15851197	15851585	-1	8
2L	20754751	20754809	-1	8
2R	12436439	12436514	1	8
X	16289323	16291057	1	8
X	15892570	15892828	1	8
3R	25278711	25278773	-1	8
3R	21179391	21185548	1	8
3R	15799263	15799376	1	8
3R	17685351	17685413	1	8
3R	10675845	10675903	-1	8
3R	14277543	14279093	-1	8
2L	2215460	2215515	-1	8
4	472521	472578	-1	8
4	1115895	1115956	-1	8
2R	7496897	7496957	-1	8
3R	9562002	9562175	-1	8
4	1120802	1121459	-1	8
2L	337199	337938	1	8
2L	19031242	19031293	-1	8
2R	20996929	21001012	1	7
2L	2985586	2985641	-1	7
X	12917815	12918577	1	7
2L	6917163	6917341	-1	7
3L	7173555	7175425	-1	7
2L	16705790	16715771	-1	7
2R	16974125	16984266	1	7
2R	9148096	9148153	1	7
2L	8162238	8162311	-1	7
3R	9163629	9213760	-1	7
2L	14042235	14060961	1	7
X	6760347	6760414	1	7
X	8056138	8059867	-1	7
3R	15954235	15954583	1	7
2L	22125119	22126417	-1	7
3L	19923895	19923982	1	7
3R	23983928	23984369	1	7
X	3721648	3724428	1	7
2L	15032184	15032635	1	7
3L	11250641	11251739	-1	7
2L	10329263	10329322	-1	7
3L	11723126	11727873	1	7
3R	18515344	18545113	-1	7
4	1192771	1192956	-1	7
3L	9171091	9177094	-1	7
2R	19423798	19424823	-1	7
2R	13186923	13186981	-1	7
3R	5255939	5256248	-1	7
4	611807	613615	1	7
2R	6753504	6754702	1	7
3R	24059231	24059289	1	7
3L	17066815	17147557	-1	7
2L	6063231	6063283	1	7
3R	18907021	18907200	1	7
X	2705450	2705540	1	7
3R	12991683	12991744	-1	7
X	8060159	8061300	-1	7
2R	20624170	20624220	1	7
3R	23557874	23567515	1	7
3L	25636451	25670674	-1	7
3R	26879837	26880085	1	7
3L	26013569	26013709	-1	7
4	447036	447101	1	7
X	5086202	5089404	1	7
X	5176267	5177567	1	7
3L	4188885	4189676	1	7
2R	16634904	16637638	-1	7
2L	10482575	10482637	1	7
3L	9066460	9066566	-1	7
3R	28325820	28333709	-1	7
X	22657660	22740542	1	7
4	66050	66105	-1	7
3L	22877876	22877937	-1	7
3L	17803112	17803173	-1	7
2R	24066314	24066561	-1	7
3R	25262886	25262945	1	7
4	537761	538538	1	7
2R	16865330	16865394	-1	7
X	3664490	3664561	1	7
X	22996121	22996201	-1	7
2R	18167722	18167773	1	7
2R	949947	951127	-1	7
3L	217776	217855	1	7
2R	23947653	23948352	-1	7
4	75166	82638	1	7
2R	5090642	5091872	1	7
2L	10358438	10358502	-1	7
X	12196624	12197186	1	7
3R	30523330	30526243	-1	7
2L	4458058	4458289	-1	7
3R	16301352	16301805	1	7
3R	21376742	21376819	-1	7
3R	11336213	11339658	1	7
2L	2814757	2814807	-1	7
X	17077441	17077681	-1	7
X	2471195	2472952	-1	7
3L	9865399	9866314	1	7
2R	19217845	19218131	1	7
X	8176455	8176553	-1	7
2R	15567173	15567243	-1	7
3R	17967829	17989576	1	7
2R	15998253	15999805	1	7
3L	5691784	5695422	1	7
2R	23061782	23061847	-1	7
2R	10107854	10107967	1	7
3R	13658565	13658637	-1	7
2R	4236857	4236914	-1	7
2R	495330	495604	1	7
2L	6122854	6122978	1	7
3L	9665700	9667702	-1	7
3R	30099919	30104103	1	7
X	9324203	9324260	1	7
3R	18573526	18577567	1	7
2R	24892072	24892284	1	7
3R	10224043	10224151	-1	7
2R	22747026	22747136	-1	7
3L	22136810	22183786	1	7
3L	23329399	23329886	-1	7
2R	15189245	15190159	1	7
3L	16382158	16382382	-1	7
X	10267359	10276455	-1	7
X	15340992	15341139	-1	7
3L	6075689	6075761	1	7
3R	23983988	23984290	1	7
X	2151847	2151917	-1	7
X	14582694	14582757	-1	7
2L	10329411	10329475	-1	7
3R	4720105	4720224	-1	7
4	137333	137391	1	7
2L	17251616	17260350	-1	7
2R	24607522	24608935	1	7
3L	4405616	4405785	-1	7
2L	14040405	14041321	1	7
2L	141341	141396	-1	7
4	996750	997707	1	7
2L	2977531	2977587	1	7
2R	6655111	6655172	1	7
2L	10399536	10399595	1	7
X	2634026	2634827	1	7
3R	24254679	24254994	-1	7
3L	22865973	22867400	1	7
3R	16274173	16274419	1	7
2L	3516678	3516736	1	7
3R	24662523	24664364	1	7
3L	10636785	10636846	-1	7
3R	23679678	23679736	1	7
4	1037591	1037646	-1	7
2R	13957351	13957962	-1	7
3R	31216360	31216656	-1	7
2R	21698209	21698388	-1	7
2L	8161428	8161493	1	7
2L	16742443	16742626	-1	7
3L	4554693	4554755	-1	7
3L	3759259	3765506	-1	7
3R	21302840	21303809	1	7
3R	8648897	8648962	-1	7
3R	23983733	23984353	1	7
2R	11967780	11967837	-1	7
3R	30004158	30004304	-1	7
X	2739233	2739297	-1	7
3L	7341115	7341353	1	7
X	3700465	3700671	1	7
2L	10258174	10258235	-1	7
3L	7932143	7932301	-1	7
2R	7467317	7467474	-1	7
2L	5042891	5043078	-1	7
3L	267870	268220	1	7
2L	19043884	19043936	-1	7
2L	6121944	6122005	1	7
X	11368626	11368704	1	7
2R	19437582	19437955	1	7
3L	8307965	8308092	-1	7
3L	10574155	10574435	1	7
3L	10574489	10575319	1	7
3R	30003179	30003252	1	7
X	13773754	13773806	1	7
3L	10506564	10519612	1	7
X	9884869	9884938	1	7
3L	19804233	19804288	-1	7
3R	18679353	18679407	1	7
3R	8562316	8562412	-1	7
X	17952774	17952988	-1	7
2L	2745495	2745557	1	7
2L	13240910	13241504	1	7
2R	11688329	11688390	1	7
X	2966081	2973401	-1	7
X	9473267	9495674	-1	7
2R	16326220	16326643	-1	7
2R	24004610	24030645	-1	7
2R	25253762	25253820	1	7
3L	18933053	18945733	-1	7
3L	8047601	8049869	1	7
2R	11443113	11444684	1	7
X	9473267	9499886	-1	7
4	1078830	1082127	-1	7
X	4688318	4691637	1	7
3L	7640338	7640404	-1	7
X	4361109	4361966	1	7
3L	3056753	3056819	-1	7
3R	19761035	19763598	1	7
2R	4600088	4606764	1	7
X	14955550	14955865	1	7
3L	20001437	20001850	1	7
2R	16088366	16088452	-1	7
3R	17716935	17717956	-1	7
2R	9417572	9417633	1	7
X	4413812	4428198	1	7
3R	20438136	20449459	-1	7
4	427704	429497	1	7
3R	10045060	10045126	-1	7
3R	24104964	24105179	-1	7
3R	26210217	26229657	1	7
2R	13580546	13580843	-1	7
2R	7588972	7589267	-1	7
2L	8083687	8089185	1	7
X	3481370	3481838	-1	7
2R	24946333	24946383	1	7
3L	226257	230767	1	7
3L	17544185	17544256	1	7
X	15755563	15755819	-1	7
X	6681373	6681437	1	7
3R	12855768	12855825	-1	7
3R	4332478	4332992	-1	7
X	1411923	1413418	1	7
X	19342600	19342728	-1	7
X	19494837	19494900	-1	7
X	13733225	13733312	-1	7
3R	24189170	24189230	-1	7
2L	2783275	2785539	-1	7
3R	13691299	13691635	1	7
2R	18833785	18833965	-1	7
X	15572446	15572510	-1	7
2R	17670329	17670387	1	7
2R	10810758	10810823	-1	7
3R	12465695	12511227	1	7
2L	17476362	17476417	-1	7
2R	13826518	13829640	1	7
3L	8524075	8524134	-1	7
X	20235435	20235509	-1	7
3L	23746545	23747873	1	7
3R	17537295	17537356	-1	7
3L	6590836	6590894	1	7
2L	6678225	6679986	-1	7
3R	32052978	32053246	1	7
2R	19439593	19439653	1	7
3R	13261771	13262038	1	7
3R	22618030	22618084	1	7
3L	11629599	11630467	1	7
3R	29123490	29123801	1	7
2R	16423125	16423451	1	7
X	22765026	22797279	1	7
2R	23061776	23061840	-1	7
X	21054743	21060495	1	7
2L	2772654	2779183	-1	7
2L	10335925	10336022	1	7
2R	15165101	15180513	1	7
X	11360529	11360664	1	7
2R	25028485	25028542	1	7
3L	13798109	13798217	-1	7
3R	13374781	13377533	-1	7
3L	3899544	3899771	-1	7
X	5365448	5365589	1	7
2R	9883844	9883897	-1	7
3R	10678072	10678347	-1	7
X	10244627	10249963	-1	7
3R	9234665	9236914	-1	7
3L	27267919	27268202	1	7
3L	11196876	11197400	-1	7
3L	4262748	4262798	1	7
3L	23339681	23345843	1	7
3R	21972517	21975155	1	7
2R	23923030	23924416	1	7
3R	18668223	18668609	1	7
4	1234800	1241730	1	7
3L	3600226	3600312	1	7
3R	12984048	12984111	1	7
3L	12526386	12526589	-1	7
2L	1836653	1837019	1	7
2L	15765578	15765675	1	7
2L	8564297	8622103	1	7
X	1016709	1026514	-1	7
2R	16443758	16443908	1	7
3R	32049870	32051269	-1	7
2R	14216111	14216530	-1	7
X	22467866	22467922	1	7
2L	5071031	5071103	1	7
3R	22755269	22766611	1	7
2R	10116658	10116737	1	7
2R	16428823	16429331	1	7
X	22740621	22764988	1	7
2R	23389659	23389719	-1	7
2L	10848169	10848241	-1	7
2L	10275923	10275984	-1	7
X	15919687	15919744	1	7
X	17632912	17633263	1	7
2R	4726789	4726848	-1	6
4	1148888	1148989	1	6
3L	13798109	13803062	-1	6
3L	20713612	20713681	-1	6
3L	299017	300895	1	6
2R	18620775	18620839	-1	6
3L	4918690	4918759	1	6
2R	929293	949871	-1	6
2L	8369761	8369828	1	6
2R	13257043	13257123	1	6
2R	19530701	19532170	-1	6
3R	24110275	24110333	-1	6
3R	13662405	13662970	1	6
3R	13637079	13642299	-1	6
2R	14159057	14159133	1	6
3R	29490754	29490806	-1	6
3L	10639857	10639920	1	6
2R	1113726	1120625	1	6
X	15992662	15993472	-1	6
2R	5982709	5986572	1	6
2L	5652181	5658309	-1	6
2R	7483565	7483647	-1	6
2L	340856	342579	1	6
3R	25043823	25043881	-1	6
3R	8793368	8796705	-1	6
4	481142	481209	-1	6
3L	15813354	15813419	-1	6
2R	6221277	6233266	1	6
X	8408779	8409663	-1	6
2R	15453009	15456435	1	6
3L	7063151	7081875	-1	6
2R	16853741	16853809	1	6
X	13731623	13733085	-1	6
3R	9487110	9493396	-1	6
4	320045	328167	-1	6
3L	5567604	5567732	-1	6
3L	17400578	17400865	-1	6
3L	1198231	1198299	1	6
3R	9042785	9042852	-1	6
4	249978	250034	-1	6
3R	18973160	18973988	1	6
3R	17890596	17890661	-1	6
3R	23984099	23984360	1	6
2R	13221377	13221440	-1	6
3R	23983898	23984362	1	6
2L	11985772	11985833	-1	6
3R	11013429	11019668	1	6
3L	5997654	6018060	1	6
2L	10341766	10341822	1	6
X	3699487	3699684	1	6
2L	15064949	15065190	-1	6
3L	7980983	7994889	1	6
2R	1442707	1442769	1	6
3L	16131439	16131496	-1	6
3R	12411644	12411698	1	6
2L	9655770	9655851	1	6
3L	1499593	1499772	-1	6
2L	18079724	18079957	1	6
3R	27710537	27710614	1	6
2L	19047655	19047716	1	6
3R	5335061	5349744	-1	6
2R	14276429	14277139	1	6
2L	9176381	9177122	1	6
3R	23983935	23984306	1	6
3R	18180002	18180066	-1	6
2R	16422749	16423014	1	6
3R	29855044	29855953	-1	6
3R	25135077	25135150	1	6
2R	10049645	10049701	1	6
X	19340590	19341846	-1	6
3R	8817689	8819169	-1	6
3L	20476805	20484351	1	6
3R	8655907	8655978	-1	6
2R	18732585	18745266	1	6
3R	20252917	20253627	1	6
3L	12336847	12336910	1	6
2L	13372637	13372695	-1	6
2R	17008786	17008846	-1	6
3R	23983906	23984428	1	6
3L	6968397	6968509	-1	6
3R	13232843	13232961	-1	6
3L	7035316	7035744	1	6
3R	31945659	31959035	-1	6
2L	10438697	10438756	1	6
4	876240	876296	-1	6
X	15403629	15410832	-1	6
3R	23973555	23976166	1	6
3R	23049988	23050047	-1	6
X	11290298	11293498	-1	6
X	5333587	5334290	1	6
3R	8247652	8247709	1	6
X	5396295	5396473	1	6
2L	8083944	8089185	1	6
X	3706252	3708744	-1	6
3R	17054423	17054947	1	6
2L	8083878	8089185	1	6
3R	26967550	26969685	1	6
3R	4301156	4301238	1	6
2R	18688623	18692041	1	6
3L	12705327	12707375	1	6
X	5744700	5747102	-1	6
3L	19639609	19639852	-1	6
3L	27083594	27083646	-1	6
2R	21276607	21278395	1	6
3L	20424845	20424898	-1	6
2L	13462276	13483447	1	6
3R	14737484	14740380	-1	6
3R	11628237	11628295	1	6
2R	18636822	18636888	-1	6
3L	224184	224973	1	6
3L	22833454	22833692	-1	6
X	1930593	1938110	1	6
X	15084563	15084626	-1	6
2L	16168720	16169487	1	6
2L	20830797	20830861	1	6
2R	21512178	21514209	1	6
3L	19601977	19602042	1	6
3L	19602061	19602656	1	6
2L	251465	251527	-1	6
3L	9858064	9858338	-1	6
3L	9806573	9807720	1	6
X	18381970	18382040	-1	6
2R	21399314	21412311	-1	6
2R	22338946	22339046	-1	6
3R	9828796	9864969	-1	6
X	15989283	15989357	-1	6
2L	5203743	5204463	1	6
3R	29594164	29594227	1	6
2L	560038	560097	1	6
X	22832439	22866051	1	6
3R	21021305	21021405	-1	6
3R	4538690	4556696	-1	6
3R	20750758	20752346	1	6
3L	1501398	1501799	-1	6
X	9355179	9355987	-1	6
2R	10448633	10460903	1	6
X	14956130	14971099	1	6
2L	20925175	20925264	-1	6
2L	227548	228133	-1	6
3L	20769686	20769739	1	6
2R	21087413	21087781	1	6
2R	7921052	7921115	-1	6
3R	23983901	23984357	1	6
3R	21302840	21303255	1	6
3L	25109910	25109964	1	6
2L	9125941	9126881	1	6
2R	14853556	14853614	1	6
2R	18659931	18659986	-1	6
3R	15934315	15934375	1	6
3L	4918862	4919101	1	6
3L	10568606	10571049	1	6
3R	14572362	14572423	-1	6
3R	15951842	15954158	1	6
2R	24020941	24021003	-1	6
2R	18438276	18439735	-1	6
3R	23984193	23984362	1	6
3R	31749522	31749581	1	6
X	8055894	8055967	-1	6
3L	7385275	7385337	1	6
3R	11995169	11995372	-1	6
3L	5751601	5751846	-1	6
2L	18951538	18951698	-1	6
3R	13049642	13049711	-1	6
3R	25125775	25125834	-1	6
4	1145342	1146470	-1	6
X	20426908	20426965	-1	6
4	631895	632028	1	6
3L	16631431	16646810	-1	6
2L	3872948	3873019	-1	6
X	15935343	15935417	-1	6
2R	11370714	11370773	-1	6
X	6808342	6808812	1	6
2L	3453279	3453429	1	6
3R	31595086	31595438	-1	6
X	10814094	10822341	-1	6
2R	15938979	15939037	-1	6
3R	22792600	22792658	1	6
2L	17485229	17485302	1	6
2L	8383271	8383335	1	6
3L	11690109	11690226	-1	6
3R	23668468	23669587	-1	6
X	20045023	20062055	-1	6
2R	18821638	18821698	1	6
2L	16870162	16870504	1	6
3L	17078199	17084108	-1	6
4	1280671	1280761	1	6
2R	18821284	18821976	1	6
3L	21025549	21026040	-1	6
X	18326776	18327195	-1	6
3R	5782022	5785113	-1	6
2L	20917121	20918127	-1	6
4	1060635	1060741	-1	6
X	4869555	4894618	-1	6
X	19887897	19893806	1	6
3L	9575723	9581391	1	6
X	23100803	23100860	1	6
3L	3379797	3379864	1	6
3R	7872119	7885854	-1	6
3L	18819900	18820400	-1	6
X	5672523	5672998	1	6
X	4115215	4115320	-1	6
3R	1025082	1025142	1	6
4	1144114	1144966	-1	6
2R	5149157	5152789	1	6
3R	9582122	9583454	1	6
2L	560306	560370	1	6
3R	8756213	8767334	-1	6
X	13746849	13754830	-1	6
X	14227496	14227566	1	6
3R	16340947	16341229	-1	6
3R	23921781	23922896	-1	6
3R	9420048	9439321	1	6
2R	18445484	18445552	-1	6
2R	22410397	22410539	-1	6
2L	10482575	10482625	1	6
3L	27083594	27083739	-1	6
3R	30208426	30208490	-1	6
3L	8106950	8108639	1	6
3L	17400553	17400899	-1	6
3L	8210492	8210558	1	6
3R	19416389	19440703	1	6
3R	8008501	8008552	-1	6
3L	23741085	23746190	1	6
3R	4588238	4598469	-1	6
3R	21626851	21645516	-1	6
3R	9332626	9332683	-1	6
3R	9420048	9447629	1	6
3L	8983474	8983532	-1	6
2L	10404755	10404829	-1	6
2L	2401334	2401890	1	6
3R	31959128	31975448	-1	6
2L	21380601	21382019	1	6
2R	18164896	18164955	-1	6
X	20427740	20427800	-1	6
2R	4237724	4238019	-1	6
3R	13374209	13374279	-1	6
2R	18688551	18692041	1	6
4	1120607	1120659	-1	6
2R	3919121	3919185	-1	6
X	2014580	2022447	1	6
2R	19629071	19630484	-1	6
2L	6646948	6647754	-1	6
2L	10348197	10348660	-1	6
3R	29913371	29913441	-1	6
3R	25662487	25662634	1	6
X	15860251	15861152	1	6
X	15345764	15346098	1	6
3R	13709383	13709441	-1	6
3R	16274882	16274954	1	6
3L	7312231	7312942	-1	6
X	19706114	19706176	1	6
3L	7696879	7696938	-1	6
2L	11606545	11621188	1	6
4	1173031	1173084	-1	6
3L	10516163	10517962	1	6
2R	23968509	23968566	1	6
3R	21117545	21117596	1	6
2L	16168613	16169487	1	6
4	308290	308431	1	6
2L	216276	216345	-1	6
2R	12639771	12639830	1	6
3R	27156270	27156340	1	6
4	354967	355031	-1	6
3R	23983911	23984433	1	6
3R	13378286	13378402	-1	6
3R	5599045	5599116	-1	6
2L	10832097	10837280	-1	6
2L	1651412	1652775	1	6
2R	7044108	7044209	1	6
2R	16762697	16762753	-1	6
2L	1555206	1556540	1	6
3R	23983905	23984374	1	6
2L	4815858	4815916	-1	6
2R	9585672	9585731	1	6
3L	972403	973636	1	6
2L	20917121	20918799	-1	6
3L	9581714	9588240	1	6
3L	7529199	7532672	1	6
4	1057573	1057638	-1	6
3L	21025549	21027140	-1	6
X	13669745	13670129	1	6
3L	17084157	17128879	-1	6
2R	6081035	6081736	-1	6
2L	11009566	11009627	1	6
4	1144114	1146470	-1	6
2L	21382136	21390214	1	6
3L	7312231	7312889	-1	6
2L	16545439	16557879	1	6
3R	12215954	12216881	-1	6
2L	22540325	22540378	1	6
2R	6832932	6833615	1	6
3L	12852278	12852427	1	6
3L	17429304	17429377	-1	6
2R	15204176	15204235	1	6
2L	19513252	19513309	-1	6
3L	7816413	7816484	-1	6
2L	9952699	9952758	-1	6
3L	20715684	20716799	-1	6
2R	9959392	9959444	-1	6
2L	21617433	21617494	-1	6
4	1116080	1116326	-1	6
X	11794166	11794819	1	6
3L	1564281	1568418	-1	6
2L	16602086	16603824	1	6
3L	16064318	16066023	1	6
X	3571940	3572003	-1	6
3R	4737781	4739511	-1	6
2R	12880871	12880950	-1	6
4	258467	258528	1	6
2L	9437960	9447018	1	6
2L	2792677	2793175	-1	6
3R	8718372	8719804	1	6
2R	15992934	15992993	1	6
2R	19485921	19485983	-1	6
2R	18958436	18958593	1	6
2L	5031803	5031878	1	6
2L	8089737	8105692	1	6
2R	20595664	20595758	1	6
2R	5699680	5699737	1	6
2R	10094144	10094203	1	6
X	10328073	10328412	1	6
2R	2553878	2565119	-1	6
3L	21025549	21027186	-1	6
2R	10448384	10448472	1	6
2L	871577	871641	1	6
2R	6081416	6081736	-1	6
3R	22142224	22149367	1	6
2R	5610257	5611192	1	6
X	9152680	9153916	-1	6
3R	23983961	23984291	1	6
3R	31776197	31776249	1	6
3R	7805639	7806591	-1	6
3L	19806453	19806510	1	6
3R	22792001	22792390	1	6
X	2634026	2641590	1	6
3L	20846023	20846090	-1	6
2R	16428533	16428729	1	6
2R	11841763	11841846	1	6
4	475105	476963	-1	5
2R	1076762	1080331	1	5
X	15945329	15945397	1	5
3R	25044054	25044110	-1	5
3R	24062599	24062660	1	5
3L	3183145	3183200	1	5
3R	28820518	28820572	1	5
3L	5424315	5429163	1	5
2L	13462201	13483428	1	5
2L	10262850	10263037	-1	5
3L	8127299	8127352	-1	5
2R	10105068	10105702	1	5
2R	14253493	14253553	-1	5
2R	18641194	18641459	-1	5
3L	23331016	23334364	-1	5
3R	18331841	18333279	-1	5
4	134965	136879	1	5
3R	27788373	27788972	-1	5
2L	16990504	16991981	1	5
2L	9176662	9177122	1	5
X	22995915	22996201	-1	5
4	1043119	1043468	-1	5
2R	5307653	5316269	1	5
3R	15374969	15381163	1	5
X	5479156	5480833	1	5
2R	9189221	9191276	-1	5
2L	10398220	10398279	1	5
3L	19995570	19995629	1	5
2R	10519376	10532039	-1	5
2R	15324148	15324202	1	5
2L	15274391	15274620	-1	5
2R	8126870	8126924	-1	5
3L	4291624	4291687	-1	5
2L	1012730	1012913	-1	5
2R	8615477	8615903	1	5
2R	24608262	24608319	1	5
X	11058486	11059280	-1	5
3R	30278330	30278490	1	5
2L	1014975	1015035	-1	5
3L	4090143	4090273	1	5
3R	22081950	22082249	1	5
3R	21357365	21375060	-1	5
X	8090148	8093775	-1	5
4	855841	860335	-1	5
3R	23994603	23994664	1	5
3L	13798506	13803079	-1	5
X	13733637	13733707	-1	5
X	20420714	20420778	1	5
3L	15911653	15924288	-1	5
2L	13971682	13971741	1	5
3R	27261944	27262116	-1	5
3R	23983905	23984343	1	5
3L	12852529	12852616	1	5
2L	2793271	2793328	-1	5
X	14234895	14234959	-1	5
3L	3860762	3860891	1	5
2R	13942751	13942807	-1	5
X	5693292	5693361	-1	5
3R	15230028	15230097	1	5
X	198347	198434	1	5
2L	10766276	10766391	-1	5
X	15886353	15887038	-1	5
3R	22899981	22914951	1	5
3R	7082766	7082837	1	5
2L	1149587	1149651	-1	5
3R	19242670	19242722	-1	5
3R	15368848	15368906	-1	5
3R	7191492	7191557	1	5
2R	10723957	10724014	-1	5
2R	8919467	8919524	-1	5
3L	5138293	5138349	1	5
2R	18880129	18902866	1	5
3L	6259911	6259981	-1	5
3L	5255011	5271340	-1	5
2R	17781280	17781341	-1	5
2R	23912635	23912729	1	5
2L	14222082	14233648	-1	5
3R	25124116	25124590	1	5
3L	9899356	9899726	1	5
3L	20840668	20840726	-1	5
2R	348501	432220	1	5
2R	16427911	16428424	1	5
3L	19211512	19232324	-1	5
2R	16762034	16762188	-1	5
X	9110562	9110618	1	5
2R	16986212	16986581	1	5
4	613796	613937	1	5
4	892950	893455	-1	5
X	13265037	13265130	-1	5
X	12832341	12886601	-1	5
X	15936435	15937591	-1	5
3R	25518473	25519261	1	5
4	264671	264744	1	5
3L	20881719	20884990	-1	5
X	14824928	14825746	-1	5
2R	18356056	18357138	-1	5
3L	514706	539899	-1	5
4	615924	616005	1	5
X	11152128	11152238	1	5
3R	15372764	15372849	1	5
3L	1587123	1592744	1	5
2R	4427998	4458307	-1	5
X	12197256	12233276	1	5
2R	13225752	13225809	1	5
X	10479718	10479836	1	5
2R	22854530	22854647	1	5
3L	14801780	14801840	-1	5
3R	8823070	8823249	-1	5
2L	1170364	1170419	1	5
2L	21578530	21578731	-1	5
2R	18522444	18522517	1	5
3R	4297783	4297871	1	5
2R	19399094	19406020	-1	5
X	198550	198610	1	5
2L	3025192	3025257	1	5
X	93113	111959	-1	5
3L	3221982	3222927	-1	5
3L	16040066	16050458	-1	5
X	16445886	16446185	-1	5
2R	9840871	9840944	1	5
2L	21281338	21281396	1	5
2L	2772648	2779175	-1	5
3L	23715167	23715902	1	5
3L	9714400	9714506	1	5
2R	4458381	4458441	-1	5
2R	10562191	10580327	1	5
3L	15503243	15503308	1	5
2R	4560790	4562845	1	5
3L	12248547	12264621	-1	5
3R	26843263	26843445	-1	5
3R	21307584	21307862	1	5
3R	25518438	25519261	1	5
4	429591	429643	1	5
X	1015080	1015140	-1	5
3R	15186593	15186647	1	5
2L	17602704	17603116	1	5
3L	3071190	3071257	1	5
3R	4911086	4917397	1	5
X	6289926	6290055	-1	5
3L	5667943	5668006	1	5
2L	6490630	6490706	-1	5
2R	13826586	13829640	1	5
3R	23996280	23997112	1	5
2L	21756628	21757164	-1	5
2L	17190231	17190297	-1	5
3L	8287758	8287828	-1	5
3L	19587822	19587881	1	5
3R	23983905	23984356	1	5
3L	23325824	23325889	-1	5
3R	13450725	13452218	1	5
X	5636579	5637535	-1	5
3R	7847118	7847429	1	5
X	16798685	16798750	-1	5
3R	26050116	26050171	-1	5
X	15892252	15892828	1	5
3R	22729880	22729947	1	5
3R	31935776	31936658	-1	5
X	12639297	12640662	1	5
X	15871524	15871859	1	5
2L	1034191	1046810	-1	5
2R	4784183	4786697	1	5
2L	5759363	5759429	1	5
3L	24161180	24166284	1	5
2R	4378905	4378964	-1	5
2L	456898	456973	1	5
3L	19263525	19263840	-1	5
3R	20780828	20783433	1	5
X	20509468	20510623	-1	5
X	19344990	19347638	-1	5
3R	8767795	8768075	-1	5
2R	13073452	13079084	-1	5
3R	20581887	20583719	-1	5
3L	12752923	12752984	1	5
X	7281750	7281823	-1	5
3R	29996844	29996898	1	5
2L	18122589	18123349	1	5
3L	21573308	21573368	1	5
X	4413900	4428198	1	5
2R	9402235	9402409	-1	5
3R	29232099	29232165	1	5
2R	5092477	5092527	1	5
3R	19413107	19415638	1	5
3L	17401232	17401290	-1	5
4	885463	885760	-1	5
4	661981	663077	-1	5
2R	6081841	6081912	-1	5
3R	9432840	9439142	1	5
X	4698593	4699611	1	5
3L	21888693	21907346	1	5
2R	8895474	8895532	1	5
2L	6646948	6647708	-1	5
3R	5355943	5356003	1	5
3R	30517792	30518283	-1	5
2L	21174976	21175033	-1	5
2R	11444761	11445368	1	5
3L	19997379	19997510	1	5
3L	1634908	1635186	-1	5
X	2670104	2670174	1	5
3R	24062361	24062421	1	5
3L	2697927	2711352	-1	5
3R	16358789	16359135	-1	5
3L	14753472	14753631	-1	5
X	3481375	3482026	-1	5
2R	12614346	12615907	1	5
3R	31935392	31945622	-1	5
2R	24696249	24698870	-1	5
X	9152650	9153896	-1	5
2R	16420369	16421681	1	5
3R	31255970	31256038	1	5
2L	16247385	16247504	-1	5
2L	5946689	5947018	1	5
2L	1170364	1170430	1	5
3R	5580046	5580115	-1	5
3R	30177092	30177177	1	5
3L	7854190	7854742	-1	5
2R	8724465	8726615	1	5
3R	31617460	31617522	1	5
2R	9885302	9885361	-1	5
2R	9374598	9387782	-1	5
X	11293174	11293498	-1	5
2L	8210474	8210550	-1	5
3R	9487204	9493352	-1	5
3L	19999744	19999936	-1	5
X	52611	52674	-1	5
2L	9294328	9295488	1	5
X	19887414	19899012	1	5
3R	20319711	20319769	1	5
2R	19392579	19392639	-1	5
3R	11624492	11624550	1	5
4	467995	471014	1	5
X	15862874	15863108	1	5
3L	25874086	25874142	-1	5
2L	6054714	6056884	1	5
2R	24939843	24939906	-1	5
3R	22717342	22719871	-1	5
3L	2963227	2963296	1	5
2L	6646917	6647747	-1	5
3R	23983903	23984422	1	5
2R	15221566	15221728	1	5
2R	22919072	22919165	-1	5
2R	17792141	17792204	1	5
X	12652864	12652947	1	5
X	11369909	11373817	1	5
2L	2220259	2220320	1	5
3L	2258518	2258580	1	5
2L	22124217	22124782	1	5
3L	20002993	20003303	1	5
2L	20993378	21028637	-1	5
2L	19457407	19457476	1	5
3R	18931388	18937523	1	5
3L	12812617	12812680	1	5
2R	22855954	22856024	-1	5
2R	12612852	12613567	1	5
X	14797523	14798875	-1	5
3L	14212233	14213089	1	5
2R	8494378	8516247	-1	5
3R	11965487	11965545	-1	5
2R	24037141	24037201	-1	5
2L	13446712	13473806	1	5
3L	4351187	4363027	-1	5
2R	5360966	5361019	-1	5
X	17908714	17908808	1	5
3L	3913775	3913852	-1	5
2L	20650461	20650537	1	5
3L	14213204	14225431	1	5
X	13773979	13775433	1	5
2L	21380710	21382009	1	5
X	21299610	21300151	-1	5
2L	10257717	10257778	-1	5
3L	24131238	24210021	1	5
3L	5668142	5668691	1	5
4	189249	191309	-1	5
3R	27666000	27666064	1	5
2L	7059199	7060966	1	5
2R	18688912	18692041	1	5
3L	20523563	20523630	-1	5
3R	9728092	9728159	-1	5
2R	13000052	13000144	1	5
3R	6407775	6436725	1	5
X	22995839	23004612	-1	5
X	5837115	5837206	1	5
2L	9176662	9177125	1	5
3L	27381089	27441599	1	5
3L	236075	236139	-1	5
3L	21540083	21540153	1	5
X	7290678	7290789	-1	5
3L	20522820	20523203	-1	5
2R	23386046	23386117	1	5
2L	9967878	9967939	1	5
2R	24892079	24892217	1	5
2R	5204279	5210502	-1	5
3R	6365155	6365954	-1	5
2L	12407467	12407550	-1	5
2L	10178086	10178157	-1	5
3R	25518395	25519261	1	5
3R	22160094	22173932	1	5
3R	5791041	5791103	1	5
X	16794924	16795195	-1	5
4	320037	328162	1	5
2L	9877973	9885932	-1	5
2R	22668316	22668649	1	5
2R	13580549	13580846	-1	5
3R	8653478	8653546	1	5
3R	17684096	17684155	-1	5
X	10255587	10258878	-1	5
3L	25109605	25109660	1	5
2L	877872	877970	1	5
3L	10593680	10593787	1	5
2L	7057157	7057224	1	5
3L	15512737	15512796	1	5
2L	8543675	8544544	1	5
3R	31933899	31935322	-1	5
3R	19865298	19866414	1	5
3R	23963212	23965800	1	5
3L	3149570	3149628	1	5
X	6840057	6840114	-1	5
3R	24162684	24162740	1	5
4	93274	94423	1	5
2R	949947	951127	1	5
3L	6943180	6944432	1	5
3L	5162632	5162967	-1	5
3L	23093879	23094680	-1	5
2R	11305812	11305872	-1	5
X	2584396	2584463	-1	5
3R	31743838	31743893	1	5
3R	24718263	24718321	-1	5
3R	17498549	17504040	-1	5
2L	10804627	10804830	-1	5
X	9795062	9811788	1	5
4	275720	276291	-1	5
3L	1501407	1501799	-1	5
3L	3221388	3221467	-1	5
X	14233041	14233105	-1	5
2L	21684912	21688474	1	5
3L	9660806	9662943	-1	5
X	17286877	17286937	-1	5
2R	6631392	6631444	-1	5
3R	9487218	9493396	-1	5
X	15892600	15892828	1	5
2L	18838159	18838509	-1	5
X	11795187	11799993	1	5
2L	10257994	10258064	-1	5
3L	9130079	9130555	-1	5
3R	18733365	18733429	-1	5
3R	23983981	23984283	1	5
X	14408322	14425187	1	5
3R	3744983	3746949	-1	5
3R	4236805	4237625	1	5
3R	9542925	9546798	-1	5
3R	27232200	27232473	-1	5
X	1119786	1134185	-1	5
4	1230391	1230447	-1	5
X	11374511	11376842	1	5
3R	18919513	18920413	1	5
3R	21128494	21128552	1	5
2L	20788642	20788722	1	5
2R	8010546	8010771	-1	5
2L	3706792	3706922	-1	5
3L	12472833	12472926	1	5
3L	3072761	3073081	1	5
3L	2631917	2631977	1	5
3L	16318070	16318199	1	5
3R	20958168	20960726	1	5
3L	9417815	9418344	-1	5
3L	14219937	14225431	1	5
3R	20973990	20974485	1	5
X	15895592	15895662	1	5
2L	5043384	5045822	1	5
X	15804914	15805558	1	5
3R	16442349	16442403	-1	5
3R	15957182	15957591	1	5
3R	8359466	8359530	1	5
3R	23983929	23984305	1	5
3L	20169064	20182626	-1	5
X	8097074	8097162	-1	5
2R	13955045	13955215	1	5
3L	7778737	7778798	-1	5
2R	24762973	24763033	-1	5
4	469331	471014	1	5
X	10627776	10630189	1	5
2L	10225812	10225874	-1	5
2R	15990100	15990170	-1	5
2R	12687080	12687597	1	5
4	1034116	1034321	1	5
3R	20309631	20309904	1	5
2R	21010106	21010169	-1	5
2R	23946262	23946438	1	5
2R	24970418	24970470	1	5
X	20923614	20924978	-1	5
3L	9750300	9750892	-1	5
4	121957	122309	-1	5
2R	5657582	5657643	-1	5
3L	8521243	8521300	1	5
3L	9107156	9107342	-1	5
3L	14791961	14792028	1	5
3L	10182541	10185925	-1	5
X	5176789	5177567	1	5
X	9472661	9499874	-1	5
X	11970667	11971459	-1	5
3R	5416899	5437136	1	5
2R	24115847	24115908	1	5
3L	20523285	20523352	-1	5
X	10836630	10836693	-1	5
X	13773979	13775973	1	5
3R	25064117	25064178	1	5
3L	24030858	24035432	1	5
3L	8450458	8451775	1	5
X	12028040	12028424	-1	5
X	19618188	19618250	-1	5
3R	4598872	4599396	-1	5
3L	9048976	9049152	-1	5
X	5383647	5394053	1	5
3R	26195619	26210113	1	5
X	19353584	19362967	1	5
2R	12260189	12264743	1	5
3R	10851489	10851541	1	5
X	9355176	9356212	-1	5
2R	10569253	10569821	1	5
3R	23983919	23984283	1	5
2R	12655224	12655284	1	5
X	15325526	15325587	1	5
2R	5350822	5350880	1	5
3L	17400545	17400898	-1	5
3R	11335455	11339658	1	5
2L	11165679	11165745	-1	5
3R	1342318	1467146	1	5
3R	31254024	31254079	-1	5
2L	22125119	22128498	-1	5
2L	13967695	13967751	-1	5
3R	22364128	22364197	1	5
3R	22379605	22379666	1	5
3L	1658047	1658119	-1	5
X	14620889	14652143	-1	5
X	13813806	13813875	-1	5
X	3175659	3175934	1	5
3R	7865762	7870232	-1	5
4	680305	680440	1	5
3R	17875546	17877067	-1	5
3R	13969787	13969909	-1	5
2R	10810192	10810251	1	5
2R	12618312	12618781	1	5
3R	13056289	13056351	1	5
2L	7223698	7227104	-1	5
4	1046701	1047001	-1	4
X	19244658	19244719	1	4
4	190062	193673	-1	4
2L	284211	284748	-1	4
2L	14233579	14233648	-1	4
3R	5972316	5972370	-1	4
2L	18027002	18033764	1	4
X	13758307	13758360	1	4
2R	11808064	11809901	1	4
2R	17546987	17547409	-1	4
3L	23738185	23740161	1	4
2R	16635725	16637648	-1	4
2L	16481552	16483808	-1	4
3L	18107428	18107483	1	4
X	6760211	6760277	1	4
X	13048028	13050311	1	4
3R	31933888	31935322	-1	4
2L	10009537	10010737	1	4
2L	9292240	9293015	1	4
3R	7083587	7083690	-1	4
X	2637992	2641125	1	4
4	876455	876517	-1	4
2L	8363908	8363983	-1	4
3R	10044755	10044817	-1	4
4	1246197	1247102	1	4
3R	31597787	31601614	-1	4
2L	13386258	13386530	-1	4
3L	4188814	4189676	1	4
3R	3850236	3864296	1	4
3L	11649492	11649551	1	4
3R	14367497	14369398	-1	4
2L	1837407	1842899	1	4
3R	11396483	11400804	1	4
2R	11447209	11447270	1	4
2R	18425035	18425340	1	4
2L	18320731	18366754	1	4
3L	17037256	17037320	-1	4
2R	23684321	23684374	1	4
3L	10182541	10185979	-1	4
4	305179	305361	-1	4
2R	4564850	4565049	1	4
2R	8119255	8119323	-1	4
3L	23330090	23330698	-1	4
4	249652	249790	-1	4
X	5753696	5754331	1	4
3R	8649420	8649478	-1	4
3R	23983955	23984284	1	4
2R	11442849	11451480	1	4
3L	5584705	5584759	1	4
2R	13483905	13483973	-1	4
3R	21807735	21808289	-1	4
2R	7652354	7654478	-1	4
X	5818595	5819015	1	4
2L	20343948	20344655	1	4
3R	12095923	12096049	1	4
3L	20453963	20454152	1	4
3R	17399602	17402144	-1	4
3R	31935776	31959035	-1	4
X	5744700	5746772	-1	4
X	5086136	5089342	1	4
3L	20839466	20839524	-1	4
3L	19263906	19263981	-1	4
3L	19685892	19685958	-1	4
2R	12757435	12757499	-1	4
3L	9123777	9125167	-1	4
2L	10438240	10438301	1	4
2R	14757551	14757606	-1	4
X	16841871	16841937	-1	4
2R	23910824	23911391	1	4
2R	19467914	19468790	1	4
2L	21381669	21381899	1	4
2R	18496869	18497842	1	4
2R	3190463	3190636	1	4
X	9152657	9153902	-1	4
3R	9432840	9440681	1	4
3R	23081718	23081828	-1	4
X	8518399	8531697	1	4
2L	21680181	21680757	-1	4
3L	974301	974720	1	4
3R	20438209	20449235	-1	4
2R	14092502	14114216	-1	4
3L	3221284	3221467	1	4
3R	15412522	15412579	1	4
X	10309666	10318447	-1	4
3R	17899760	17900384	-1	4
2L	9256697	9272466	1	4
2L	13831884	13831938	-1	4
2R	16333188	16333278	-1	4
X	2180337	2180391	-1	4
X	11980158	11980763	-1	4
2R	9115661	9115719	1	4
3R	22149423	22173932	1	4
X	521697	522986	-1	4
3R	24196494	24196555	1	4
3L	24210139	24253796	1	4
2L	21122390	21122913	1	4
2L	6720943	6720997	-1	4
3R	30133449	30133510	-1	4
2R	8119469	8119548	-1	4
3L	17074389	17077622	-1	4
2R	12869084	12869150	-1	4
2R	20551723	20551782	-1	4
3R	29045719	29045870	1	4
3R	7068949	7069006	1	4
3R	18196973	18198702	-1	4
X	7985357	7985434	1	4
X	10814094	10814621	-1	4
3L	6943544	6944432	1	4
3R	22751367	22766611	1	4
X	12886670	12896718	-1	4
3R	25993485	25993665	1	4
3L	15823182	15823247	-1	4
2R	23708475	23708630	1	4
2L	16306624	16306694	-1	4
X	13662687	13662755	1	4
3R	13021115	13021176	1	4
2R	1113483	1113537	1	4
2L	21380362	21381899	1	4
3L	3743773	3746305	-1	4
2R	12878015	12878073	-1	4
3R	20579059	20579139	-1	4
2R	14866052	14867484	-1	4
2R	12517437	12518355	-1	4
2L	13979075	13979216	1	4
2L	4948560	4948898	-1	4
3R	20795275	20797144	1	4
2R	927298	927356	-1	4
3R	22409010	22409063	-1	4
2R	18836579	18836655	1	4
3L	7123651	7123706	-1	4
X	16528022	16533059	-1	4
2L	4943989	4944048	1	4
4	185917	185978	-1	4
X	10630538	10631638	1	4
3R	5294235	5294306	-1	4
3R	15897424	15897548	-1	4
3R	19088301	19093689	-1	4
X	15805178	15805285	1	4
2R	13580540	13580837	-1	4
2R	21012103	21012162	1	4
X	13576183	13576612	1	4
X	15584640	15584703	1	4
2L	8272307	8277234	-1	4
2R	25253441	25253581	1	4
2L	4874170	4874887	1	4
3L	15106069	15108616	1	4
3L	24035809	24035871	1	4
3R	22766727	22787006	1	4
3R	19242824	19242888	-1	4
3L	9376577	9376691	-1	4
2L	6273127	6278679	1	4
2L	10179520	10180107	-1	4
X	4427353	4428198	1	4
2R	22875117	22875429	1	4
3R	27418729	27418781	-1	4
X	10244624	10249776	-1	4
X	15760195	15760252	-1	4
2R	4378696	4378749	-1	4
3R	17915284	17916139	-1	4
2L	5947172	5947240	1	4
X	7322473	7322557	-1	4
3L	11822891	11823200	1	4
4	954864	954921	-1	4
4	943021	943103	1	4
3R	8822174	8822469	1	4
X	12633958	12635732	1	4
3L	7535468	7535543	1	4
4	99525	102805	1	4
2L	21028682	21051003	-1	4
X	4085876	4085940	1	4
3R	25110355	25110410	-1	4
X	15395192	15396399	-1	4
4	41286	42914	-1	4
3R	18969978	18970075	1	4
X	18167834	18168403	1	4
3R	11233325	11233402	-1	4
2R	22105575	22105646	1	4
3R	25984417	25984473	1	4
X	15905218	15905268	1	4
2L	306390	317743	1	4
2R	22606289	22606509	1	4
2R	17545938	17545994	1	4
X	5793675	5794415	1	4
3L	19298220	19298278	1	4
2L	9066761	9070832	-1	4
3L	15867620	15867983	-1	4
3R	24669880	24674411	1	4
3L	8886971	8887097	1	4
2R	14277056	14277281	1	4
X	19741203	19744262	-1	4
3L	9774490	9779446	-1	4
X	19519832	19519904	-1	4
2L	20028330	20045055	1	4
3L	17400534	17400823	-1	4
3R	16059376	16059461	1	4
2L	12040203	12040265	-1	4
3R	12402482	12402538	1	4
2L	2752841	2753372	1	4
4	885892	898393	-1	4
3R	23983950	23984305	1	4
4	564599	565410	1	4
X	15466477	15466543	1	4
X	12954584	12957156	1	4
4	569302	569975	-1	4
X	16296132	16296310	-1	4
3R	23279559	23280431	-1	4
4	1303756	1303874	1	4
3R	27255971	27256034	1	4
2R	14276407	14279243	1	4
3R	9575570	9575636	-1	4
3R	31226077	31226141	1	4
3R	5580306	5580382	-1	4
3L	27420811	27441599	1	4
3R	9418001	9439346	1	4
3L	198690	198762	-1	4
2R	4722326	4726624	-1	4
2L	8000033	8000108	-1	4
2R	8666795	8674647	1	4
2L	21632989	21633266	1	4
3R	16573394	16573533	-1	4
3R	30082322	30104103	1	4
X	5336598	5338061	-1	4
2R	21698601	21702677	-1	4
2L	2136645	2136731	1	4
2R	18497408	18497705	-1	4
X	12608866	12608935	1	4
4	601530	601757	-1	4
3L	7095401	7111064	1	4
4	1126942	1127002	1	4
3R	17803657	17803856	-1	4
2L	14040277	14041321	1	4
3R	21018075	21018133	1	4
2R	3918418	3918475	-1	4
3L	17128972	17164913	-1	4
2R	8953030	8953103	1	4
3L	7158515	7158579	1	4
4	69982	72321	1	4
3R	13658298	13658462	-1	4
2R	13442517	13442934	-1	4
3L	9376595	9377348	-1	4
3R	18275142	18281694	1	4
X	4930066	4930138	-1	4
X	17015225	17017772	-1	4
4	446752	446821	1	4
4	665306	665955	1	4
2L	10258398	10258549	-1	4
3L	5425284	5429163	1	4
X	15989951	15991822	-1	4
3R	11591310	11592350	-1	4
2L	21097279	21098584	1	4
X	15934775	15935295	-1	4
3L	10307133	10313115	1	4
2R	13840975	13841033	1	4
4	188370	188425	-1	4
X	18846360	18849880	1	4
2R	12259691	12260040	1	4
X	14931986	14932048	1	4
X	762992	763441	-1	4
2R	926673	926735	-1	4
2L	16168649	16169487	1	4
2R	12259466	12260040	1	4
3R	17795914	17795995	1	4
2R	17797862	17797925	1	4
2L	17401059	17401113	1	4
2R	2776485	2892118	1	4
3R	8520969	8521029	1	4
X	15976314	15976372	1	4
2L	18473329	18473396	-1	4
2R	3122085	3182392	1	4
X	10814016	10822394	-1	4
4	320035	328158	1	4
3L	3833789	3833976	1	4
3L	16352916	16352971	1	4
2R	7990868	7990928	1	4
2R	2119245	2261829	-1	4
2L	21381669	21381740	1	4
2L	21575114	21575965	1	4
4	1134073	1135094	1	4
3L	10182516	10185925	-1	4
3L	21635562	21635618	1	4
4	574429	575335	1	4
2L	20917121	20918232	-1	4
3L	274242	274595	1	4
3R	18007325	18008865	1	4
2R	21020242	21020993	1	4
4	1145101	1146470	-1	4
2R	24775801	24775859	-1	4
3L	827470	827646	-1	4
3L	1299201	1299319	1	4
2L	5075830	5077535	-1	4
3R	32053556	32053623	1	4
X	11494000	11522616	1	4
3R	14568600	14568664	-1	4
3R	20749659	20749741	1	4
4	262063	263206	1	4
2R	1516469	1516520	-1	4
3R	29318141	29318274	-1	4
X	5176463	5186903	1	4
2R	25255631	25257222	1	4
4	1230119	1230421	-1	4
3R	10613801	10638620	-1	4
X	5250013	5250078	1	4
2L	13207997	13208110	-1	4
3L	21915196	21915261	1	4
X	8517635	8531697	1	4
2L	21670482	21670535	-1	4
3L	19263019	19263084	-1	4
2R	19406089	19407841	-1	4
3L	11818188	11818254	-1	4
X	7908035	7908099	-1	4
3R	28342420	28342479	1	4
2R	10107732	10109450	1	4
2R	18614396	18614515	-1	4
X	13730437	13730496	1	4
2L	18448093	18448249	-1	4
3R	29934090	29934239	-1	4
3L	11795004	11795063	1	4
3R	27643974	27645225	-1	4
3L	17236063	17237880	-1	4
2R	22337913	22338801	-1	4
2R	18878641	18902866	1	4
3R	26799481	26826576	1	4
4	116629	116686	-1	4
3R	24572576	24576464	-1	4
3L	24166322	24166438	1	4
3R	22545784	22546712	-1	4
X	14581675	14581749	1	4
3L	1659363	1659846	-1	4
2R	13202953	13203018	-1	4
2L	1014717	1014777	-1	4
3R	25679159	25679214	1	4
mitochondrion_genome	11349	11410	1	4
3L	5800718	5805828	-1	4
2L	2579956	2580015	-1	4
X	22485636	22485943	1	4
2R	25255939	25256159	1	4
4	876790	876870	-1	4
2R	24891879	24892284	1	4
2L	14135136	14143584	1	4
2L	21616574	21617280	-1	4
3L	9123911	9125167	-1	4
2R	15540404	15540457	-1	4
3L	14207701	14212194	1	4
3R	26042813	26042995	1	4
3R	23983924	23984305	1	4
2L	9910433	9910489	-1	4
2R	19442741	19442801	1	4
2L	6572543	6574016	-1	4
3R	19458264	19458420	1	4
X	22995915	23004550	-1	4
X	4698663	4699622	1	4
X	19198144	19198231	-1	4
2L	4994717	4994787	-1	4
2L	7806923	7806990	-1	4
3L	16959217	16959285	1	4
3R	26963081	26963158	-1	4
X	13740113	13740678	1	4
3R	22470381	22482349	1	4
3L	13251212	13265180	1	4
4	585773	585840	1	4
3R	27165042	27165109	-1	4
2R	7443376	7443443	1	4
3L	14792461	14792661	1	4
3R	7094402	7094471	1	4
X	15485269	15485332	1	4
3L	7239794	7239883	1	4
2L	22579253	22579821	1	4
2L	10990784	10991059	1	4
2L	14041006	14041321	1	4
X	638721	638781	1	4
2L	296812	296977	1	4
4	1033219	1033272	1	4
4	583864	583936	1	4
3L	17434138	17434189	1	4
X	10782096	10782173	-1	4
3R	16274876	16274954	1	4
X	4076427	4077875	1	4
3L	3036662	3036729	1	4
2R	14237505	14237575	-1	4
3L	13016165	13016357	1	4
3R	17668996	17669056	1	4
2L	15017397	15021092	1	4
2R	21872695	21921517	1	4
4	1133048	1143449	-1	4
3R	14275369	14286209	-1	4
3R	10324410	10324466	-1	4
X	13986075	13986375	-1	4
X	15901917	15901978	1	4
2R	13223113	13225467	1	4
3L	5658291	5659520	1	4
2L	19736581	19736634	1	4
3R	5598343	5598944	-1	4
2R	1590884	1590940	1	4
3R	17006502	17006576	1	4
X	12128511	12128658	1	4
2L	5204904	5205104	1	4
3L	7804708	7805100	-1	4
3L	19897260	19897318	-1	4
X	6111824	6111928	-1	4
3R	835492	869486	1	4
3R	869549	895786	1	4
2R	4239157	4242089	-1	4
2L	2365729	2366275	1	4
X	15848348	15848886	-1	4
3R	18729545	18729609	1	4
3L	17077707	17078116	-1	4
3R	23081931	23082099	-1	4
3L	18086962	18087125	-1	4
2R	19398800	19399026	-1	4
X	18192564	18199124	1	4
X	12938994	12941959	1	4
X	9105332	9105397	-1	4
3R	30497250	30497313	-1	4
2L	9381764	9384640	-1	4
2R	23968089	23968153	-1	4
3R	12561805	12595855	-1	4
2L	16250159	16251241	-1	4
3R	23861506	23861577	-1	4
3L	13664875	13666376	-1	4
3R	27261944	27262227	-1	4
2L	4945081	4945192	-1	4
X	13167242	13167361	-1	4
3L	9164746	9166153	-1	4
2R	12613765	12613972	1	4
2L	6492857	6494938	1	4
2R	4728352	4728433	-1	4
3L	4540848	4540923	-1	4
2L	8084059	8089185	1	4
2R	24522072	24523230	-1	4
2R	12618141	12618204	1	4
3L	17847140	17849140	1	4
2R	24892143	24892233	1	4
2R	24385049	24389598	-1	4
X	8876753	8880292	-1	4
X	3574921	3632007	-1	4
2R	16040260	16040892	1	4
3R	14367497	14369390	-1	4
X	18521040	18547826	1	4
2R	10106445	10107461	1	4
3R	9790266	9790320	-1	4
X	13752028	13754830	-1	4
3R	31934011	31935004	-1	4
3L	3051778	3051968	1	4
X	10075628	10078486	-1	4
3R	8245876	8248346	1	4
3L	17729874	17730189	1	4
3R	11337633	11339658	1	4
X	17701777	17702201	-1	4
3L	322829	322893	-1	4
4	273917	275913	-1	4
X	10255587	10257668	-1	4
2L	9329778	9329931	1	4
3L	1660227	1660651	-1	4
2R	7390622	7390680	1	4
3R	5375925	5375987	1	4
3R	17673477	17673577	1	4
2R	15891281	15921639	-1	4
3L	9048961	9049158	-1	4
X	18354995	18355921	-1	4
3R	19886672	19886740	-1	4
2L	18845922	18852954	1	4
3R	24326896	24326957	1	4
X	12092071	12092143	1	4
4	874468	875203	-1	4
X	13446278	13453282	1	4
3R	9805019	9805100	-1	4
2L	3467067	3467133	1	4
3R	14879761	14879832	1	4
3L	7699374	7699486	-1	4
3L	11199929	11199982	1	4
2R	15368434	15368486	-1	4
2R	23077036	23077091	-1	4
2L	2772645	2779175	-1	4
X	6269466	6269531	1	4
X	11679290	11680844	1	4
3R	4713396	4713522	-1	4
4	1131594	1131701	1	4
2L	1836653	1837191	1	4
3L	21570504	21570556	1	4
X	12633958	12635732	-1	4
3R	23921781	23922574	-1	4
2R	18127716	18127851	-1	4
4	210681	211590	1	4
3R	5666962	5667098	-1	4
2R	9885513	9885573	-1	4
X	15989297	15989375	-1	4
3L	7913998	7914059	-1	4
3R	17477059	17477545	-1	4
3L	1632426	1636857	-1	4
X	6137962	6138024	-1	4
2R	7938816	7938900	1	4
X	11154666	11155034	1	4
2L	6655014	6655070	-1	4
2L	1836653	1837033	1	4
3R	23983901	23984339	1	4
3L	21025549	21026130	-1	4
2R	9371712	9372202	-1	4
3R	20958168	20963725	1	4
X	11681115	11681718	1	4
3R	18283358	18283415	-1	4
2R	21157298	21157917	-1	4
2R	13443129	13444428	-1	4
3R	11591308	11591501	-1	4
2R	5198107	5198468	-1	4
3L	20000061	20000121	-1	4
3R	18980303	18980370	-1	4
2R	13591879	13592894	-1	4
2L	12168370	12168428	1	4
2L	119376	119431	-1	4
2R	24691874	24691981	-1	4
3R	21791600	21791729	-1	4
3R	25684517	25685025	-1	4
3R	24814298	24814349	1	4
2L	9703179	9703268	-1	4
3R	28616169	28634376	-1	4
3L	7710970	7713138	-1	4
X	15965649	15966469	-1	4
4	903283	903337	-1	4
3R	18242910	18247433	1	4
2R	15936581	15938115	-1	4
2L	17864686	17875228	-1	4
X	15860251	15861116	1	4
3L	19816662	19816720	-1	4
2R	17851461	17855140	1	4
3L	21014965	21023393	-1	4
3L	19112520	19136442	-1	4
X	18137051	18137365	-1	4
X	10969298	10969392	-1	4
2R	16027572	16027665	-1	4
X	18785928	18786001	1	4
2R	21652564	21653219	1	4
3L	3036902	3037784	1	4
2L	2227282	2229266	1	4
2R	22410629	22410687	-1	4
3R	29741091	29741150	1	4
X	7838852	7839718	-1	4
3R	29597474	29597776	1	4
2R	14859200	14859256	-1	4
2R	19161594	19161660	1	4
3R	12981388	12983735	-1	4
3R	9342392	9359248	1	4
3L	11787111	11787179	-1	4
X	18137047	18137576	-1	4
3L	8444553	8449149	1	4
2R	24058692	24058932	1	4
2R	5669420	5669481	1	4
X	8768943	8785184	1	4
X	8174215	8174547	-1	4
X	5903983	5904225	1	4
2R	18758584	18758641	-1	4
4	349680	349730	-1	4
3L	17400540	17400894	-1	4
X	12777226	12783089	-1	4
2R	14584011	14584118	1	4
3R	23076215	23076828	-1	4
2L	19759505	19759583	1	4
X	8681829	8686695	1	4
3R	9487204	9493321	-1	4
3L	9146254	9148722	-1	4
3R	17688700	17718052	-1	4
3R	9256528	9256587	1	4
3R	27270374	27271143	-1	4
3R	14902891	14903212	-1	4
3L	22865697	22865771	1	4
4	121800	121853	-1	4
3L	14774692	14774758	-1	4
2L	12739189	12743980	1	4
3L	4284284	4284347	1	4
2R	17456574	17456637	1	4
4	351828	351884	-1	4
2R	9370518	9371565	-1	4
X	9163575	9165682	1	4
3R	18978569	18978644	-1	4
X	18039731	18040213	-1	4
3R	11592625	11593322	-1	4
3R	12139072	12156879	-1	4
2L	21380362	21382019	-1	4
2R	1076762	1076816	1	4
2L	4334440	4336450	1	4
2R	16974125	16979847	1	4
3R	27580326	27582002	-1	4
3R	3462694	3468909	-1	4
X	11400833	11402707	1	4
3L	14125250	14125390	-1	4
4	85934	87044	1	4
2R	24177287	24184718	1	4
2R	19027308	19028618	-1	4
2R	6038447	6040082	-1	4
2L	7977130	7984051	-1	4
3R	31216356	31216586	-1	4
3L	13023526	13023732	1	4
2R	7473613	7473722	-1	4
X	13295383	13295527	-1	4
X	1691134	1691207	-1	4
3R	6363231	6364162	-1	4
2L	20832466	20832665	1	4
3R	9234665	9237617	-1	4
2R	8930534	8930591	1	4
X	18892686	18892759	-1	4
X	15734434	15735580	1	4
3R	4751077	4759220	1	4
2R	18622589	18622645	1	4
X	61737	61797	-1	4
3R	23983919	23984290	1	4
2R	7053722	7053848	1	4
3L	15823990	15825471	-1	4
2L	923220	930065	1	4
2L	11128734	11128807	1	4
3R	18217593	18217652	1	4
2R	14963926	14964001	1	4
2L	19155794	19171590	1	4
3L	17401030	17441403	-1	4
3R	31221166	31227986	1	4
2L	10416637	10416691	1	4
4	116719	116820	-1	4
2R	1442559	1442634	1	4
2L	16342752	16342822	-1	4
4	210487	210558	1	4
2R	19399094	19406615	-1	4
2R	19406645	19407841	-1	4
4	1037591	1037646	1	4
2R	18458471	18460566	-1	4
2R	24967087	24967147	-1	4
2L	21263142	21263648	1	4
X	4349588	4349653	1	4
2L	13394800	13394865	-1	4
2L	4853017	4854398	1	4
3L	8047601	8048070	1	4
3L	5163976	5166935	-1	4
3R	12465649	12511241	1	4
2L	4459430	4459484	-1	4
3R	4324511	4324588	1	4
3L	10589517	10590327	1	4
3R	7871917	7872013	-1	4
2L	16173824	16174057	1	4
2R	23368033	23375321	-1	4
3L	16785484	16785584	-1	4
2R	16986006	16986071	1	4
3R	24191988	24192046	-1	4
X	6366233	6366633	1	4
3R	14557723	14557804	-1	4
4	1004619	1005807	1	4
3L	18819911	18820400	-1	4
2L	5068395	5069127	1	4
X	13090032	13090152	-1	4
3R	895894	947426	1	4
2R	7719307	7719376	-1	4
4	805311	968822	-1	4
3R	21949399	21949640	1	4
3R	11430275	11430339	1	4
3R	22742755	22742814	1	4
2L	17226474	17251509	-1	4
3R	14889410	14889470	-1	4
3L	12747204	12747275	-1	4
4	1296099	1296160	1	4
X	8041045	8041111	-1	4
X	13883365	13883459	-1	4
X	5081258	5081486	-1	4
3L	21267106	21267167	-1	4
X	8060159	8060751	-1	4
2R	6981686	6981743	-1	4
3R	9789882	9789954	-1	4
3L	21914833	21914893	1	4
2R	4787076	4787138	-1	4
2R	6627215	6627320	-1	4
2R	21060123	21060180	-1	4
3L	13638566	13664419	-1	4
X	10752496	10753213	-1	4
3L	17400579	17401097	-1	4
2L	3506757	3507189	-1	4
2R	927571	951127	-1	4
X	21603731	21604463	-1	4
X	3662279	3663456	1	4
3L	9371997	9378980	-1	4
2L	15030885	15032003	1	4
3R	5569472	5569575	1	4
3R	27567352	27567416	-1	4
2R	13207597	13207651	1	4
3R	24818850	24821097	1	4
2L	17594997	17600941	1	4
2R	12924352	12924422	1	4
4	1241898	1243477	1	4
3L	6739826	6739896	-1	4
3L	6401194	6449107	1	4
3L	12645212	12645272	1	4
3L	12645307	12645363	1	4
3R	6366288	6366348	-1	4
2R	8103462	8103523	-1	4
2L	6777735	6777796	1	4
2R	17700186	17700382	1	4
2R	12092908	12116599	-1	4
2R	6754982	6755045	1	4
3L	11668313	11668432	-1	4
2L	17476618	17476693	-1	4
3L	11059304	11059355	1	4
4	1130587	1131193	1	4
3R	24674570	24674770	1	4
3R	23983725	23984347	1	4
X	16081963	16082034	-1	4
2R	7859246	7860992	-1	4
2L	8355975	8356045	-1	4
3R	9568955	9569011	1	3
3L	1572119	1576069	1	3
3L	13798506	13803334	-1	3
3L	19601150	19601210	1	3
3R	21179205	21179268	1	3
3R	21343034	21348392	-1	3
X	8880401	8898184	-1	3
X	3173596	3173668	-1	3
3R	29458219	29461330	1	3
3L	4076878	4078750	-1	3
4	87167	89820	1	3
2L	20096804	20096866	-1	3
3R	7857295	7860496	-1	3
X	14311302	14311473	-1	3
3L	9113484	9123616	-1	3
3L	23013040	23013194	1	3
3R	4751077	4774908	1	3
3L	3833794	3833982	1	3
2R	12026986	12027042	-1	3
X	12610635	12610689	-1	3
3R	27272942	27273011	-1	3
3R	18195006	18196563	-1	3
4	478739	478800	-1	3
X	8875861	8876033	-1	3
X	8876060	8876573	-1	3
3R	31737240	31737316	1	3
3L	3951487	3951752	-1	3
3R	16298551	16299591	1	3
2L	10201843	10201973	1	3
2L	2960836	2960895	1	3
2R	16009717	16009773	-1	3
3R	13657581	13657973	-1	3
3R	7907820	7907884	1	3
2R	10107859	10107973	1	3
X	5672876	5672998	1	3
X	8096712	8098533	-1	3
2R	22408724	22408783	1	3
3R	17475006	17475080	-1	3
2R	21698137	21698388	-1	3
X	11486166	11486236	1	3
3L	2588476	2588714	1	3
3R	23044905	23044973	-1	3
X	12582859	12583026	-1	3
2R	16994354	16994429	1	3
3R	14733002	14733209	-1	3
2L	23166637	23166825	-1	3
2L	7864776	7864921	-1	3
3R	15300181	15300747	1	3
X	8272622	8272693	-1	3
2R	23883479	23883747	-1	3
3R	7190267	7190721	1	3
2L	9897132	9897473	-1	3
X	13585828	13585894	1	3
2R	9151356	9157773	1	3
3R	7088595	7088655	1	3
3L	15976042	15976099	1	3
3L	13603295	13614390	-1	3
X	5383380	5383542	1	3
3L	14762397	14763053	1	3
2R	12269329	12273766	1	3
X	52871	52947	-1	3
3R	7806771	7807582	-1	3
3R	23748681	23748745	1	3
3L	10516448	10517962	1	3
2R	7406131	7406206	-1	3
2L	21140157	21140217	-1	3
3R	8724383	8724451	1	3
2L	10312909	10312962	-1	3
3R	28418868	28442770	1	3
X	6678617	6678757	1	3
2R	8080960	8081031	-1	3
3R	4922825	4922947	1	3
2R	16762993	16763051	-1	3
3L	2508307	2510048	-1	3
2L	19569227	19571572	-1	3
3R	26255432	26256933	1	3
2L	7255646	7276334	-1	3
3R	4301086	4301260	1	3
X	20232165	20233423	-1	3
2L	6001270	6001669	1	3
2R	1072440	1075009	1	3
X	5754374	5754429	1	3
X	11405996	11406072	1	3
2R	10814963	10815029	1	3
X	3721648	3724578	1	3
2L	18013033	18026955	1	3
2R	16633775	16633859	-1	3
3R	5578371	5578438	1	3
2L	2772495	2780766	-1	3
2L	9914462	9914581	1	3
2R	16027734	16027884	-1	3
3R	11371350	11396122	1	3
3R	15792473	15802810	-1	3
X	12783590	12784462	-1	3
3L	23334741	23337875	-1	3
3R	23983960	23984312	1	3
3R	19829043	19836262	-1	3
2L	11852222	11852378	1	3
3R	21267741	21268771	-1	3
2R	10149441	10150856	-1	3
X	1512596	1512661	-1	3
3L	18908213	18908286	1	3
X	13781734	13781810	1	3
3R	9466632	9467354	-1	3
2R	7393962	7395431	-1	3
3L	1861677	1862206	-1	3
X	16461515	16462199	-1	3
3R	20204979	20206179	1	3
3R	21866255	21866662	1	3
2R	19217042	19217757	1	3
3L	20297499	20297564	-1	3
2R	22073905	22073967	-1	3
2R	14276527	14276711	1	3
X	11622385	11623753	1	3
X	12590485	12591931	1	3
2L	8322242	8322309	1	3
3L	2508574	2508639	-1	3
2R	8732406	8732465	-1	3
X	15138914	15138979	1	3
3R	15957920	15959320	1	3
2R	4756260	4756316	1	3
3R	9358518	9359267	1	3
X	21054743	21060492	1	3
3L	25798743	25816891	-1	3
3L	8602674	8602992	-1	3
3L	14984138	14984190	-1	3
2L	155971	156045	1	3
X	9674925	9676512	-1	3
3L	1198851	1199124	1	3
3L	21622053	21622114	-1	3
3L	2963044	2963122	1	3
3L	17476511	17476569	1	3
3R	24067626	24102779	-1	3
3R	6566887	6592880	-1	3
4	201659	203980	-1	3
2R	8948292	8948611	-1	3
X	15989285	15989364	-1	3
X	11622256	11622313	1	3
X	15468450	15468514	-1	3
Y	132630	200763	1	3
3L	3924475	3925559	-1	3
2L	14601799	14601851	-1	3
3L	3051783	3051983	1	3
2L	10201933	10201987	1	3
X	13331716	13331771	1	3
X	8090148	8091961	-1	3
X	12938989	12941959	1	3
3R	12476997	12477406	-1	3
X	10744361	10744500	-1	3
4	1295901	1295965	1	3
2L	10274106	10274165	-1	3
X	5617057	5617121	-1	3
X	22474546	22474637	1	3
3R	11591308	11593633	-1	3
X	21626253	21626313	-1	3
3R	23966703	23972448	1	3
4	451455	452618	1	3
3L	17544002	17544060	1	3
3L	8089013	8089072	-1	3
2L	2059984	2061810	-1	3
2R	4131980	4132037	1	3
3R	11218030	11218930	-1	3
3L	7840411	7848390	-1	3
4	1149214	1151284	1	3
X	9165912	9171563	1	3
X	21347934	21348002	-1	3
3R	25516289	25519261	1	3
2L	19031763	19031821	-1	3
3R	17042614	17042670	-1	3
3R	14093038	14093137	-1	3
3R	21266486	21267320	-1	3
X	16514185	16518805	-1	3
3L	9835283	9835339	-1	3
3R	4280823	4282674	1	3
4	450510	451190	1	3
3R	9358517	9359267	1	3
X	2642094	2645376	1	3
2R	946844	949392	-1	3
2R	8909412	8910487	1	3
3L	17400542	17400810	-1	3
3L	17400485	17401074	-1	3
4	270500	270560	-1	3
2R	22639854	22639931	-1	3
X	10054137	10054214	1	3
3R	14617835	14617894	1	3
X	15577197	15577615	-1	3
2R	12618141	12618443	1	3
2R	17697921	17697985	-1	3
4	137618	137715	1	3
2L	8492803	8492967	-1	3
3L	19185716	19199472	-1	3
2R	16327945	16329417	-1	3
3L	21317483	21317797	-1	3
2L	20969524	20985011	-1	3
X	16289323	16291941	1	3
3L	1626286	1626818	-1	3
3L	3232240	3232298	1	3
3L	4242091	4242144	1	3
3L	21174490	21174695	1	3
X	10781044	10781582	-1	3
3L	15830459	15830579	1	3
3L	3226540	3226877	-1	3
2L	14209118	14222017	-1	3
3R	18165569	18166026	-1	3
3L	25670852	25670919	-1	3
2L	5042891	5042961	-1	3
3L	7353980	7354042	-1	3
X	11290264	11293310	-1	3
3L	1492230	1492314	-1	3
3R	10602934	10605088	-1	3
X	18186440	18192331	1	3
2L	7414008	7414074	1	3
3R	23983941	23984265	1	3
X	12686949	12731070	-1	3
2R	11640282	11640450	-1	3
2R	11453283	11453393	1	3
2R	23684933	23684995	-1	3
X	12868410	12868571	-1	3
3L	9376542	9376959	-1	3
3R	8817751	8819213	-1	3
2L	15269205	15270905	-1	3
3L	7838860	7853183	-1	3
2R	18096059	18096282	1	3
4	1119018	1119937	-1	3
2L	10276113	10276392	-1	3
X	15965534	15965598	-1	3
3L	11196876	11197155	-1	3
2L	10007342	10007414	1	3
2R	24186022	24186222	1	3
2R	9850836	9850992	-1	3
2R	5979638	5979701	-1	3
X	4413746	4428198	1	3
X	15848005	15848298	-1	3
X	10259489	10261255	-1	3
4	1295824	1295879	1	3
4	992247	996512	1	3
2L	7385805	7385867	-1	3
2L	21107985	21108037	1	3
2L	20730653	20732972	-1	3
2L	22534948	22535010	-1	3
4	1230119	1230649	-1	3
3L	9473682	9473955	1	3
X	1783589	1783656	1	3
3L	22727478	22727532	-1	3
3R	16358612	16358683	-1	3
X	21426704	21431598	-1	3
2L	15927450	15939364	-1	3
2L	3889785	3893262	-1	3
2L	11143289	11143339	-1	3
2L	21635036	21635092	1	3
3R	31216388	31216656	-1	3
3L	14220418	14225431	1	3
2L	2856673	2856743	1	3
2L	10268081	10268601	1	3
2R	2053619	2119047	-1	3
2L	10440612	10444752	1	3
2R	1995362	1995419	-1	3
X	18167657	18167785	1	3
4	1078830	1080257	-1	3
3L	9411983	9413203	1	3
3L	293186	298959	1	3
2R	16531612	16531794	1	3
X	4533052	4533120	1	3
X	8330142	8365623	-1	3
3R	19440832	19454067	1	3
3L	19819581	19829133	1	3
2L	4994995	4999225	-1	3
3R	4951027	4951111	-1	3
3R	28608061	28608654	-1	3
3R	4401486	4401601	1	3
3R	11591308	11592353	-1	3
3R	26051533	26051587	-1	3
3R	18226938	18227705	1	3
3R	3623702	3626910	1	3
2L	21381933	21390348	1	3
3R	13662405	13662955	1	3
2R	24385049	24389594	-1	3
3R	21949407	21949640	1	3
2R	5217752	5222899	-1	3
X	15800038	15800096	1	3
X	16709913	16709985	1	3
3R	31844336	31844973	1	3
2L	6122191	6122345	1	3
2R	10107686	10109517	1	3
3L	8047448	8047507	1	3
2R	12653128	12653182	1	3
3R	31737601	31737659	1	3
2L	4843659	4843718	-1	3
3R	30180455	30180509	1	3
3L	2942656	2944023	1	3
2R	8102545	8102608	-1	3
3L	22961676	22969125	1	3
3L	3957068	3962309	-1	3
4	450317	450371	1	3
4	369745	369810	1	3
3R	28901023	28919492	1	3
2R	7570139	7570200	1	3
2R	10433724	10433787	1	3
2L	8401772	8401831	-1	3
2R	8104640	8104691	-1	3
3L	3962670	3964491	-1	3
2R	4672220	4672278	1	3
2L	22982594	22990754	1	3
3R	30462925	30465568	1	3
X	14828954	14829136	-1	3
3L	17400534	17401029	-1	3
3L	1499593	1501351	-1	3
2R	1080442	1105847	1	3
2R	22877007	22877075	1	3
3L	17401227	17401290	-1	3
2L	18320731	18333385	1	3
3L	20280148	20294761	-1	3
3L	16077283	16077723	1	3
3R	21777598	21777649	-1	3
2L	21711411	21712769	1	3
2R	12586073	12588716	-1	3
2L	21311033	21311193	1	3
2R	10468938	10469201	1	3
X	10244627	10250017	-1	3
X	7452300	7452374	1	3
X	15343178	15344351	-1	3
3R	23983903	23984359	1	3
3R	21309421	21309699	1	3
2L	20647789	20648198	1	3
X	13953227	13967270	-1	3
X	21370723	21370793	1	3
3L	21622823	21622891	-1	3
3L	15584869	15584923	1	3
X	5176789	5186892	1	3
3R	22742868	22742926	1	3
2R	5307353	5307414	1	3
3R	28970583	28972522	1	3
X	1637335	1647365	1	3
2R	23688711	23688933	1	3
2L	20877084	20877149	-1	3
3R	29474849	29476264	1	3
2L	14357930	14358097	1	3
2R	10437020	10437082	-1	3
3L	4913957	4917457	1	3
3R	26872261	26873860	-1	3
3R	18921286	18926591	1	3
X	13269959	13270247	-1	3
3R	14093184	14093273	-1	3
3R	14093309	14096596	-1	3
3L	17164955	17167015	-1	3
2R	6988266	6988571	1	3
3R	19852641	19853548	1	3
2L	20653797	20653856	-1	3
3R	13959925	13960284	1	3
3R	14367522	14369398	-1	3
3R	23983915	23984440	1	3
3R	13703571	13703627	-1	3
3R	10767098	10767163	-1	3
3R	20978249	20978458	1	3
2R	12092669	12092747	-1	3
2L	21661201	21661348	1	3
2R	23948398	23948489	-1	3
3L	1500098	1500206	-1	3
X	15306092	15306269	1	3
2L	6385835	6385903	-1	3
2L	8543868	8544337	1	3
2L	15266527	15266596	-1	3
4	1193860	1195428	-1	3
X	5794143	5794223	1	3
X	12203912	12204139	1	3
2L	22534948	22535007	-1	3
3L	20437876	20437940	1	3
3L	2597143	2597194	-1	3
3R	31778759	31779030	1	3
2L	10265951	10266007	1	3
X	11340498	11340607	-1	3
X	19699172	19699680	1	3
X	18861754	18861819	1	3
X	15343503	15343597	-1	3
2L	21108228	21114594	1	3
3R	7903594	7903656	-1	3
2L	3718486	3720875	1	3
2L	3720905	3720968	1	3
2R	12274238	12276959	1	3
3L	1632455	1633709	-1	3
2L	16685942	16690902	1	3
2R	8867534	8867598	1	3
3L	14985155	14987582	1	3
3L	7124959	7125025	-1	3
X	7281961	7282024	-1	3
2L	9877279	9885932	-1	3
2L	21105009	21108037	1	3
4	1232191	1233129	1	3
2R	16764375	16765390	-1	3
2R	23993054	23993115	-1	3
2L	20421118	20422145	1	3
2R	3122085	3190636	1	3
4	1165488	1165560	1	3
3L	15893962	15898599	-1	3
2L	9167439	9191615	1	3
3R	12593535	12595395	-1	3
3L	16355368	16355634	-1	3
3R	5541837	5541892	-1	3
X	3964353	3964417	-1	3
2L	16887678	16887793	-1	3
X	10578607	10584910	-1	3
X	5250275	5250423	1	3
2R	8012283	8012347	-1	3
X	15351959	15352334	-1	3
2R	12032826	12032889	1	3
X	13968074	13994304	-1	3
2L	16168619	16169487	1	3
4	1173204	1173806	-1	3
X	4429499	4450688	1	3
X	19616407	19616470	1	3
3L	2941625	2944023	-1	3
X	2250581	2250647	-1	3
3L	2895519	2897244	1	3
X	3246686	3254021	1	3
2R	10249828	10250879	-1	3
2L	13208361	13208421	1	3
3R	12095301	12096049	1	3
2R	2857142	2862878	1	3
2R	19243180	19243255	1	3
X	17554084	17560829	-1	3
2R	19435718	19435777	-1	3
3R	18463358	18513451	-1	3
3R	21297488	21298306	1	3
4	1145104	1145208	-1	3
2R	8930651	8930710	1	3
X	2587387	2587441	1	3
3R	25284836	25284906	1	3
2R	1727619	1727672	1	3
X	16797710	16797800	-1	3
2R	15269758	15270298	-1	3
2L	5976783	5979412	-1	3
3R	26661731	26662096	-1	3
3R	9265409	9265480	-1	3
3R	11995193	11995372	-1	3
3R	17534058	17534119	-1	3
3L	16354856	16355076	-1	3
X	19519326	19519951	-1	3
3L	20028379	20028646	-1	3
2L	21380479	21382003	1	3
3L	5691705	5691890	1	3
2L	10978298	10981575	1	3
3R	24317842	24317896	1	3
3L	14942512	14942715	1	3
3L	235515	235579	-1	3
3L	2896786	2897244	1	3
3R	24104964	24105172	-1	3
2L	5989692	5989955	-1	3
X	17643248	17643681	-1	3
3L	2556730	2556792	-1	3
3R	17800524	17800724	-1	3
3L	9353830	9353888	-1	3
3R	23983899	23984422	1	3
2R	10106445	10107458	1	3
3L	22833007	22833096	-1	3
3R	23983912	23984349	1	3
3L	6943825	6944432	1	3
3R	10215190	10215532	1	3
3R	23983924	23984290	1	3
X	11162455	11162516	1	3
X	15862233	15862572	1	3
3R	24818850	24819729	1	3
2L	13841036	13841096	-1	3
4	120213	120858	-1	3
2R	22934738	22936105	-1	3
X	6684462	6684518	1	3
X	5792636	5792777	1	3
3R	17919997	17920462	1	3
X	6484098	6484163	-1	3
3L	24028724	24030755	1	3
2R	15527718	15531135	-1	3
2R	15425667	15426035	1	3
2R	18356056	18357092	-1	3
2L	14600876	14601687	-1	3
3R	4640337	4641329	-1	3
3L	5929701	5930165	1	3
3L	24166459	24167763	1	3
X	6228880	6228948	1	3
3R	8817689	8818837	-1	3
3R	21104810	21104882	1	3
3R	5616313	5617348	-1	3
X	13784277	13785690	1	3
3R	6407092	6407478	1	3
3L	22841917	22841978	1	3
2L	22247400	22247469	-1	3
X	11894191	11894263	1	3
3R	21851877	21855400	-1	3
X	7706515	7707741	1	3
X	1447296	1447364	1	3
3R	26532423	26533103	-1	3
2R	15221824	15222044	1	3
X	8365576	8366854	-1	3
X	11290264	11293243	-1	3
2R	8011312	8011401	-1	3
2R	16926808	16931112	1	3
3R	31595602	31596048	-1	3
3R	24050981	24051690	1	3
2R	4322636	4322763	-1	3
3R	13643210	13645753	-1	3
2L	6920862	6922731	1	3
3R	27646244	27646336	-1	3
3R	24103251	24104467	-1	3
X	16452190	16453972	1	3
X	4531617	4533831	1	3
3L	9487356	9487425	-1	3
X	10842706	10842785	1	3
3R	19908610	19910893	1	3
2L	12484861	12504079	-1	3
2R	10822366	10822437	1	3
2L	1653041	1653512	1	3
X	21043682	21043881	1	3
X	6349386	6349442	-1	3
3R	11271581	11271777	-1	3
3R	20797677	20797747	1	3
2L	10210168	10210221	-1	3
X	5336706	5350468	-1	3
X	19523930	19523990	1	3
2L	10137560	10168904	-1	3
3L	3988556	3993816	1	3
2R	9864821	9864896	-1	3
3L	21342453	21342931	-1	3
3L	17531036	17538662	1	3
X	13590114	13590471	1	3
3L	5156232	5161211	-1	3
4	314958	316393	1	3
2R	21021522	21023065	1	3
3L	14628405	14628463	-1	3
2L	5171844	5172451	1	3
2L	9165843	9165943	-1	3
2R	11294786	11297262	-1	3
3R	7248592	7248650	-1	3
X	20426500	20426555	-1	3
X	7283869	7283941	-1	3
X	15897296	15898955	1	3
3R	24214777	24215960	-1	3
3L	22468278	22583003	-1	3
2R	23878959	23879624	1	3
2L	4318709	4318948	1	3
3R	21785763	21805059	-1	3
X	1482481	1482673	-1	3
3R	17909507	17915060	-1	3
3L	11250641	11250766	-1	3
X	9159077	9159140	1	3
2R	4029926	4049258	1	3
3L	3193608	3193820	1	3
3L	13114747	13115189	1	3
2L	16905390	16905491	1	3
3R	27952415	27952475	-1	3
X	15977317	15977423	1	3
2R	21293875	21294051	1	3
3R	25685703	25685768	-1	3
2L	1885319	1909669	1	3
X	15926229	15926332	1	3
4	1116457	1116515	-1	3
X	13861467	13985949	-1	3
3R	28820719	28820788	1	3
X	17072865	17072946	-1	3
3L	22869775	22869842	-1	3
3R	24356486	24356541	-1	3
3R	28602948	28603012	1	3
3R	17920110	17920393	1	3
2R	12578552	12579129	-1	3
X	4930066	4931058	-1	3
2L	7831909	7832503	1	3
3R	15381882	15383067	1	3
X	1309901	1316075	-1	3
X	4354024	4357040	1	3
3L	8436176	8436246	-1	3
3L	9091821	9091882	1	3
3L	9632171	9632233	-1	3
3R	25128662	25128733	1	3
3L	21383085	21411530	1	3
3R	10862956	10864637	1	3
2L	1360374	1360492	-1	3
X	15924159	15924217	1	3
2L	7662875	7674439	-1	3
3L	2962031	2962095	1	3
3R	31216340	31216603	-1	3
2R	18144898	18144967	1	3
2R	12168204	12174091	-1	3
X	9159077	9159137	1	3
4	85800	87017	1	3
X	15936249	15936319	-1	3
4	1149214	1150608	1	3
3L	15554223	15554290	1	3
3L	3714944	3743685	-1	3
2R	16858115	16858181	1	3
3R	25742316	25742392	-1	3
3L	9152269	9155026	-1	3
2R	8901523	8902137	1	3
X	1478827	1481109	1	3
3R	30068421	30082180	1	3
2R	5418048	5420627	1	3
2R	14869033	14870049	-1	3
3L	9413808	9415408	-1	3
X	11722184	11722251	1	3
2R	14926783	14927928	-1	3
X	13381890	13382561	-1	3
3R	5780173	5780235	1	3
3R	11335150	11335216	1	3
X	13261664	13261732	1	3
3R	23983946	23984305	1	3
3L	4828741	4828799	1	3
3R	15346777	15347748	1	3
2R	10805728	10808740	-1	3
3R	31413146	31418293	1	3
3L	4557710	4582632	1	3
3L	24542638	24542698	1	3
3R	31598946	31599274	-1	3
3L	11196876	11197505	-1	3
X	18859642	18859699	1	3
3L	2499624	2499691	-1	3
3L	17066843	17147427	-1	3
2L	20422237	20422302	1	3
4	85934	86983	1	3
2R	9536093	9536152	1	3
3R	16299690	16301245	1	3
2R	17207864	17208002	1	3
X	11793901	11793974	1	3
3R	24067626	24102793	-1	3
3L	6496482	6523030	1	3
2L	10839741	10839801	-1	3
3R	9354705	9359258	1	3
3R	23252837	23252892	1	3
2L	9391585	9391699	1	3
2R	9885981	9886931	-1	3
2L	7382059	7382122	1	3
3L	14010896	14010996	1	3
X	7920801	7920890	1	3
2R	15831514	15834683	-1	3
X	23253591	23256729	1	3
X	9152776	9153920	-1	3
X	1470340	1470402	1	3
3R	19416111	19459168	1	3
Y	1164719	1216738	-1	3
X	2094419	2095010	1	3
2R	9504484	9504667	1	3
3L	26013630	26013709	-1	3
3R	30573073	30577179	1	3
2L	19133352	19133409	-1	3
4	616182	618348	1	3
2R	14276843	14277026	1	3
2L	1997959	1998232	-1	3
3R	11329957	11339658	-1	3
3L	8525705	8530560	1	3
2R	12274332	12276283	1	3
2R	13581020	13591211	-1	3
X	8330142	8371800	-1	3
3L	12336718	12336779	1	3
2R	10613871	10613943	-1	3
3R	31769649	31769708	-1	3
2R	14926783	14927476	-1	3
2R	13991557	13991978	1	3
2R	8012881	8013072	-1	3
3R	12563120	12595395	-1	3
3L	1578997	1592744	1	3
2L	9292200	9293025	1	3
X	13047014	13047862	1	3
2R	14135545	14140501	-1	3
3L	20770293	20770343	-1	3
2L	21062609	21069355	-1	3
2L	4321765	4323655	1	3
2L	450879	452577	-1	3
2R	929293	949871	1	3
2L	8084345	8089185	1	3
3L	3893915	3893978	1	3
3R	26861692	26861770	-1	3
2R	17220104	17274427	1	3
2R	17274475	17275410	1	3
2R	12200040	12200428	-1	3
2L	12311094	12312376	1	3
X	3784442	3784528	1	3
3L	8280689	8280760	1	3
X	138706	138770	1	3
2L	6049633	6050074	1	3
3R	32043882	32043939	1	3
3R	13021444	13021530	1	3
3R	12477043	12477333	-1	3
3R	14006020	14026878	-1	3
X	11290264	11293237	-1	3
4	447236	450242	1	3
3R	28340739	28341372	1	3
3R	26258042	26261336	-1	3
3R	10166235	10167249	-1	3
3L	14790073	14790676	1	3
2L	6777595	6777657	1	3
2R	11678894	11679270	-1	3
X	15733554	15733711	-1	3
2L	16169907	16170259	1	3
3L	15834452	15834734	-1	3
X	10432835	10452157	-1	3
X	11816927	11830963	1	3
3L	27279423	27279481	1	3
3R	27646526	27647565	-1	3
3L	9050360	9057543	-1	3
2R	8909021	8909077	1	3
2R	23888403	23888481	1	3
2R	8169441	8169504	1	3
X	8876753	8880292	1	3
3R	10618684	10638624	-1	3
3L	23278463	23283733	1	3
3L	22969183	23002053	1	3
3L	1967140	1967200	-1	3
3R	17652969	17653287	-1	3
X	11066931	11067776	1	3
3R	9487204	9493370	-1	3
2L	21684340	21684546	1	3
X	14794153	14794215	-1	3
4	943674	943734	1	3
2R	16011156	16011219	-1	3
2R	20644719	20644779	1	3
3L	18929990	18930065	-1	3
3R	31595023	31596150	-1	3
3L	3186297	3186349	1	3
3L	10883084	10883139	1	3
3R	5371916	5371978	1	3
2L	1981833	1981886	1	3
2L	10408387	10409711	1	3
3L	16413979	16414038	1	3
2R	22639481	22639537	-1	3
X	9179336	9186603	1	3
3R	5335061	5335714	-1	3
3L	15095186	15095274	1	3
3R	18730641	18730730	1	3
X	477932	478013	1	3
3L	24028724	24028811	1	3
3R	29245319	29245383	-1	3
3R	31866437	31873834	-1	3
3L	14030421	14030807	-1	3
3R	29860636	29860707	-1	3
3L	23334741	23337875	1	3
X	8096835	8096955	-1	3
2R	18615473	18615570	1	3
2R	17208188	17275410	1	3
3L	17654901	17655218	1	3
X	15752473	15752541	-1	3
X	16295315	16296047	-1	3
3R	11337763	11339658	1	3
X	17868167	17868982	-1	3
2R	12667995	12669887	-1	3
X	3256198	3258611	1	3
X	16969122	16970293	-1	3
2R	22172951	22173007	-1	3
3L	5742296	5747834	1	3
3R	11400990	11402764	1	3
2L	7183987	7184043	1	3
X	4323156	4325348	1	3
3R	16434229	16434285	1	3
3L	4262748	4262806	1	3
3R	23983960	23984290	1	3
3R	9487204	9489898	-1	3
3L	10500830	10506070	1	3
X	15847142	15847203	1	3
3R	7748194	7748254	-1	3
X	20062365	20062659	-1	3
3R	8881340	8930716	-1	3
2L	1359111	1359172	-1	3
3L	7163180	7163752	-1	3
3R	11789022	11789086	1	3
3L	8082456	8093059	1	3
3L	19992043	19993265	1	3
3R	15414975	15415104	1	3
2R	13814582	13814644	1	3
2L	1017769	1019268	-1	3
3L	19888476	19888538	-1	3
2L	10968584	10968692	-1	3
2R	17565325	17565388	1	3
2L	21381833	21382019	1	3
3L	4090741	4091102	1	3
X	10701122	10701804	1	3
2L	11076856	11076927	-1	3
3R	9706827	9706892	-1	3
3R	19766648	19767526	1	3
3R	9332868	9332930	-1	3
2R	20539814	20539965	-1	3
3R	21155072	21155233	1	3
3L	22468134	22468194	-1	3
2R	9972444	9972501	1	3
3R	8673310	8673378	1	3
2R	19574327	19600882	-1	3
3R	10083853	10089061	1	3
3R	21972641	21975155	1	3
X	16082976	16089261	-1	3
X	13048028	13059208	1	3
2R	6632141	6632324	-1	3
3R	17909468	17915010	-1	3
2L	3322757	3322816	1	3
3L	2689933	2711352	-1	3
3R	8823077	8823261	-1	3
2R	1516168	1516222	-1	3
3R	9516168	9521053	1	3
X	13198976	13199048	-1	3
2R	14972757	14977240	1	3
2L	11094636	11094763	1	3
3L	9784892	9784952	1	3
3L	9371721	9372041	-1	3
3R	3462694	3523414	-1	3
3R	9418001	9440677	1	3
2R	12935110	12935166	-1	3
4	1303917	1303990	1	3
2R	12264918	12269193	-1	3
2L	19896329	19901933	1	3
3R	23963212	23965805	1	3
3R	8628794	8629895	1	3
2L	5043384	5044307	1	3
3L	22340642	22406892	-1	3
2L	9682533	9698039	-1	3
X	4698671	4701947	1	3
3L	6943102	6944441	1	3
X	19479754	19479814	-1	3
X	6602334	6605180	1	3
2L	20859902	20860682	1	3
3R	3865461	3866007	1	3
2R	24532542	24532598	1	3
3R	20438209	20449459	-1	3
3R	24104980	24105437	-1	3
2R	23929432	23929500	-1	3
3L	3893674	3894208	1	3
2L	7196858	7203935	-1	3
3R	26532562	26534686	-1	3
X	2634026	2634836	1	3
3R	23983922	23984290	1	3
3R	31216388	31216686	-1	3
3L	5664448	5665177	1	3
3R	29115687	29115748	1	3
3R	13390296	13391865	-1	3
3R	12446562	12446623	1	3
2R	13158847	13159017	-1	3
2R	14258370	14258432	1	3
3R	9647142	9648983	1	3
3L	148842	148895	1	3
2R	18688551	18691950	1	3
2L	13462162	13483447	1	3
2R	5117803	5120763	-1	3
2R	17696873	17697832	-1	3
3L	9695128	9695196	-1	3
2L	17170077	17170137	1	3
2R	23698530	23698595	1	3
3R	24814639	24814698	1	3
3R	24691613	24691778	1	3
3L	225141	225726	1	3
X	20171066	20171130	1	3
3L	12768353	12768511	1	3
3L	1723706	1723770	-1	3
3R	31216383	31216683	-1	3
2R	15156216	15180513	1	3
3R	24346761	24346817	-1	3
2L	339442	340710	1	3
3L	17236063	17237824	-1	3
3R	5294856	5295641	-1	3
3L	17400565	17400817	-1	3
3R	24255506	24255562	-1	3
3L	9178780	9182047	-1	3
3L	10575412	10576421	1	3
3L	7078580	7081875	-1	3
2L	12312466	12312526	1	3
3L	15864740	15865758	-1	3
3L	21623758	21625471	-1	3
2R	24243544	24244610	1	3
X	1016247	1016521	-1	3
4	887232	887286	-1	3
3L	5740208	5746468	1	3
3R	9063341	9064653	-1	3
3R	24815257	24815319	-1	3
3L	1658465	1658520	-1	3
X	21376667	21379588	1	3
2L	7384992	7385050	-1	3
3L	8125039	8125093	-1	3
3R	30517695	30518223	-1	3
2L	6678225	6678912	-1	3
3L	571674	571742	1	3
X	9152675	9153912	-1	3
2L	13684549	13687521	-1	3
2R	24891700	24892217	1	3
X	13381911	13384379	-1	3
3L	7656204	7662471	-1	3
2R	17081850	17085728	-1	3
3R	7496875	7497053	-1	3
X	13986075	13990470	-1	3
3L	9689449	9694233	-1	3
3R	4301136	4301232	1	3
3L	951134	967248	1	3
2R	13422037	13422099	-1	3
3R	1025615	1138730	1	3
4	72863	75068	1	3
2L	5769514	5769574	-1	3
3R	4298599	4301402	1	3
3L	17066809	17147551	-1	3
X	17822560	17822625	-1	3
2R	17220104	17265418	1	3
2R	4712046	4712101	-1	3
X	2265817	2265877	-1	3
3R	8340772	8340913	-1	3
X	14322940	14324673	1	3
3L	6948110	6948278	1	3
2L	3326364	3326431	1	3
2R	6988266	6988583	1	3
4	313643	313699	-1	3
3R	5757082	5757144	-1	3
3R	7886169	7886536	-1	3
3R	32010676	32011040	-1	3
3L	4338183	4363027	-1	3
3L	4429716	4429954	1	3
3R	9434423	9439349	1	3
2R	11852907	11853348	-1	3
3R	17809800	17809858	-1	3
X	6327731	6327797	1	3
X	10309749	10318418	-1	3
2L	23176289	23176374	1	3
2R	16029661	16029803	1	3
3L	21938255	21938320	1	3
3L	9730641	9730733	1	3
3L	17400534	17400865	-1	3
X	18535289	18572558	1	3
3L	3828789	3828949	1	3
3L	17400542	17400894	-1	3
3R	4295287	4295548	1	3
3L	16066830	16080759	1	3
2R	6773787	6792316	-1	3
X	15321372	15321861	1	3
3R	20750355	20750688	1	3
2R	17060802	17060858	-1	3
2L	6025951	6031293	-1	3
3L	9177631	9177688	-1	3
2L	8427808	8428013	1	3
X	18039731	18040202	-1	3
2L	1047023	1047956	-1	3
3R	20310639	20315839	1	3
3R	24192124	24192191	-1	3
3L	7979681	7980400	1	3
3R	28682591	28686242	1	3
2L	20740313	20748129	1	3
4	138311	138374	1	3
2R	22747278	22747367	-1	3
3R	5558302	5558367	-1	3
2R	23912835	23912897	1	3
3L	12118912	12118972	1	3
3R	12563120	12573398	-1	3
2R	16763134	16763198	-1	3
X	15973604	15973665	1	3
3L	4075539	4075596	-1	3
X	17699937	17700848	-1	3
3R	18937641	18943053	1	3
3R	18943116	18947291	1	3
3R	12432002	12432067	1	3
X	16382166	16382224	-1	3
2L	1139386	1139483	1	3
2R	14622295	14622478	1	3
3R	21309576	21309851	1	3
3L	7323869	7323924	-1	3
2L	6646948	6647799	-1	3
2R	19407922	19407975	-1	3
2L	5523615	5523672	1	3
X	9331479	9332454	-1	3
2R	2495024	2515645	-1	3
3R	31933996	31934997	-1	3
2R	16647106	16650813	1	3
2L	18687127	18687187	-1	3
2L	21382104	21390147	1	3
2R	9059549	9059606	-1	3
4	1174098	1174159	-1	3
2R	14869849	14869919	-1	3
2L	10965911	10965993	-1	3
2R	1075209	1076436	1	3
3L	12527733	12527802	-1	3
3L	20351731	20352807	1	3
4	251526	252824	-1	3
3L	11564835	11572405	1	3
3R	20839691	20839742	1	3
3R	5226996	5227324	1	3
2R	22801802	22802035	1	3
3R	31216379	31216677	-1	3
X	14240785	14240852	-1	3
X	10846200	10846267	-1	3
3R	23983935	23984374	1	3
3R	24633500	24633558	1	3
3L	12756095	12756405	1	3
3L	1330291	1330866	1	3
2R	8631014	8631072	-1	3
3L	541964	542017	1	3
3R	24922030	24922085	1	3
3L	7972886	7972946	-1	3
X	7739136	7739807	1	3
2L	8338489	8338580	1	3
3R	4401724	4401785	1	3
X	22995915	23003915	-1	3
2R	7099013	7105548	1	3
3L	3717408	3722156	-1	3
3R	29864827	29864889	-1	3
X	18039958	18040202	-1	3
X	52722	52811	-1	3
2L	1015257	1015315	-1	3
4	478869	480035	-1	3
2R	16291056	16291124	-1	3
2R	14961507	14961568	-1	3
X	18155743	18161013	1	3
X	16935722	16936504	1	3
3L	12851723	12852232	1	3
2L	12094482	12094548	1	3
3R	8862994	8863482	-1	3
2R	10108244	10109407	1	3
X	7903160	7903216	1	3
2L	10376554	10376766	1	3
3R	23983979	23984283	1	3
3R	30425628	30425705	-1	3
X	1636913	1637000	1	3
3R	17944287	17947194	1	3
X	12633032	12633918	-1	3
4	1037741	1038359	-1	3
2R	13718518	13719086	1	3
3R	10076919	10077117	-1	3
2R	14114297	14139789	-1	3
3R	3623706	3626209	1	3
4	1128656	1129435	1	3
3R	23983900	23984422	1	3
2L	13897362	13897426	1	3
3L	5669083	5670852	1	3
3R	28084617	28086887	1	3
3L	5247844	5248195	-1	3
X	13762831	13767787	1	3
X	5546946	5553455	-1	3
2L	8826076	8826165	1	3
3L	4369738	4369826	-1	3
X	8559364	8559426	-1	3
3R	23076977	23081349	-1	3
3L	16539403	16543165	-1	3
3R	30878324	30879719	-1	3
2L	12278920	12282514	1	3
2R	15732969	15735091	1	3
2L	13217294	13217361	-1	3
2L	21382140	21390231	1	3
2L	16168720	16169518	1	3
2R	24047997	24048066	-1	3
3L	5798855	5798961	-1	3
3R	15346770	15347748	1	3
2R	10810192	10810251	-1	3
3R	9439827	9440201	1	3
2L	17752203	17754202	-1	3
3R	15232474	15232529	-1	3
2L	13289091	13289176	1	3
3L	2896788	2897244	1	3
4	1227500	1228653	-1	3
3R	21972464	21975155	1	3
3R	11816758	11818006	-1	3
3R	26045664	26045729	1	3
3L	17401133	17401213	-1	3
3L	4430686	4433051	1	3
2L	10255271	10255721	-1	3
3L	7179868	7180138	-1	3
X	12475998	12476153	1	3
2R	14993429	14993512	-1	3
3L	256594	256649	-1	3
3R	5858393	5858825	-1	3
3R	27568592	27582002	-1	3
2R	22699735	22699802	-1	3
3L	16843731	16843792	1	3
2L	3160149	3160203	-1	3
X	22994004	22994484	-1	3
3R	21111467	21111655	1	3
3L	8271612	8272253	1	3
2R	14793558	14793623	-1	3
3L	2956437	2957331	1	3
2R	24383620	24383924	-1	3
3L	5756434	5756497	1	3
3R	25271288	25271346	1	3
3L	16077810	16080759	1	3
3R	29674167	29674229	-1	3
3L	6613822	6615898	1	3
2L	4828064	4828798	1	3
3R	30385734	30387504	-1	3
3R	11215625	11215693	1	3
3R	24065000	24104636	-1	3
2L	8322948	8324959	-1	3
3R	6437035	6437184	1	3
3L	12249654	12249709	1	3
3L	13873015	13873072	-1	3
X	13206830	13211100	-1	3
2L	10296369	10296424	-1	3
3L	20834146	20835898	1	3
2L	20917121	20918094	-1	3
X	16527784	16533059	-1	3
2R	1072046	1072251	1	3
3R	16573691	16573755	-1	3
X	3478550	3478611	-1	3
3R	16447006	16453272	-1	3
2R	22641106	22641354	-1	3
3L	18060275	18060422	-1	3
X	531877	560606	1	3
2L	21380250	21382019	1	3
2R	24891879	24892217	1	3
2R	24523901	24524090	-1	3
2R	22414510	22414570	-1	3
3R	21645544	21660216	-1	3
X	7421211	7421273	1	3
3R	21351887	21375060	-1	3
2L	15029914	15029985	1	3
3L	13608847	13638517	-1	3
3R	28889885	28890005	1	3
3R	24128440	24128499	-1	3
2L	8107001	8107066	1	3
4	1131959	1132085	1	3
X	13776381	13776676	1	3
X	1409777	1413573	1	3
3L	19924367	19924422	1	3
X	16291092	16291941	1	3
3L	7312231	7312471	-1	3
X	13295625	13295689	-1	3
2R	6632141	6632995	-1	3
3R	20411205	20437681	-1	3
3L	13541588	13541722	-1	3
4	249633	249790	-1	3
3L	5777900	5777958	-1	3
2L	21388627	21392493	1	3
2L	11997704	11997768	1	3
2R	13195699	13196103	-1	3
2R	6712797	6714789	1	3
2R	21715618	21715692	1	3
X	21442726	21457376	-1	3
3R	5546401	5546456	-1	3
3L	21845236	21862795	1	3
2R	18773336	18773398	1	3
2R	15138937	15140514	1	3
2L	303469	305142	1	3
3L	1333633	1333689	-1	3
2R	13440329	13440392	-1	3
3R	7886169	7886596	-1	3
X	12230371	12233276	1	3
3R	6005127	6008037	-1	3
X	13159198	13159266	-1	3
3L	13995579	13996423	1	3
2R	19564513	19573988	-1	3
X	1234280	1236445	-1	3
3R	30445849	30448501	-1	3
X	12016428	12016941	1	3
2R	5604509	5604575	-1	3
X	7092171	7098001	-1	3
2L	2866742	2866814	1	3
X	5427956	5428021	1	3
3R	14615798	14615857	1	3
4	584932	584990	1	3
2L	5984870	5985424	1	3
2R	24243707	24244610	-1	3
2R	13841318	13841381	1	3
3L	11196876	11197153	-1	3
3R	26041902	26042995	1	3
3L	17400542	17400819	-1	3
3L	17677575	17682939	1	3
X	22458261	22463539	1	3
3R	23983931	23984290	1	3
3R	20300413	20300635	1	3
3R	13012334	13019342	1	3
2L	6499820	6515262	1	3
3R	17909510	17915010	-1	3
3L	16350648	16350710	-1	3
3L	17560435	17576105	-1	3
3L	17400542	17400896	-1	3
3L	4125080	4125136	-1	3
3R	17054363	17055052	1	3
X	15755156	15755215	-1	3
3R	2515153	2532798	1	3
3R	19653564	19653625	-1	3
X	15402956	15403584	-1	3
2R	8143075	8156055	-1	3
3R	27942134	27942435	1	3
X	19782509	19782854	-1	3
3L	11158827	11158920	1	3
2R	16102950	16103611	1	3
3R	8313471	8313531	-1	3
3L	19568717	19569661	-1	3
2R	22800950	22801694	1	3
3R	14567007	14567165	-1	3
2R	5212468	5217345	-1	3
X	9152680	9153971	-1	3
X	11290264	11291603	-1	3
3L	11196876	11197149	-1	3
X	10765803	10767981	-1	3
2R	4030298	4116600	1	3
3L	1315613	1315679	1	3
4	137753	137807	1	3
3L	17527281	17527336	-1	3
2L	823149	824109	1	3
3L	20789172	20790136	-1	3
3L	2897430	2923556	1	3
3R	26224798	26255304	-1	3
3R	8819970	8820201	-1	3
X	16278548	16280886	1	3
3R	21302840	21309455	1	3
2R	14276527	14278698	1	3
X	22996362	23003543	-1	3
3L	4435090	4435175	1	3
2L	8088716	8089185	1	3
X	11975862	11976403	-1	3
2L	5042891	5042984	-1	3
X	2442733	2443734	-1	3
3R	11818138	11818573	-1	3
3R	31216379	31216685	-1	3
3R	8128684	8128994	1	3
X	3689546	3692953	1	3
3R	14733035	14733227	-1	3
3R	24633371	24633433	1	3
3L	8048444	8049869	1	3
3R	13012173	13019342	1	3
X	14828032	14828661	-1	3
3R	17915165	17916152	-1	3
2R	18523708	18524233	1	3
2R	22828607	22828663	1	3
3L	7655483	7668534	-1	3
3L	17400527	17400881	-1	3
3L	5664448	5664874	1	3
X	11608500	11608553	-1	3
3R	9400498	9400549	-1	3
3L	15133595	15133662	-1	3
X	7899781	7899835	-1	3
X	16289159	16289226	1	3
2L	15093684	15094679	1	3
3R	5592039	5592568	1	3
3R	10585461	10613407	-1	3
2R	2261771	2261829	-1	3
2L	15026838	15029589	1	3
2R	11295550	11295692	-1	3
2R	18094100	18094165	-1	3
2R	9059144	9059255	-1	3
X	22866943	22867739	1	3
2R	9470165	9471276	1	3
X	3710249	3719363	1	3
2L	18475274	18475336	-1	3
3L	16611299	16611363	-1	3
2R	16260872	16260948	-1	3
2R	24947687	24947748	-1	3
2R	23893419	23893475	-1	3
3R	20797854	20798315	1	3
X	16528053	16533059	-1	3
X	8051530	8051695	-1	3
2L	19007978	19008033	1	3
3L	250614	250671	-1	3
4	66739	66840	-1	3
3R	23983935	23984388	1	3
3R	5564341	5564412	-1	3
3L	3129071	3142982	-1	3
3R	9455718	9455781	-1	3
X	9963665	9963725	-1	3
2R	17700434	17700635	1	3
3L	4371905	4373820	-1	3
2L	17476097	17476159	-1	3
3R	6355181	6355266	1	3
3R	31216378	31216656	-1	3
X	633839	633902	-1	3
2L	1718492	1718696	-1	3
X	11360536	11360671	1	3
2R	9351174	9351542	-1	3
X	5666799	5667210	1	3
2L	20576273	20583689	1	3
X	16452431	16452712	1	3
3R	9778120	9778688	1	3
2L	412659	413396	-1	3
4	43158	43231	1	3
2L	13423346	13435286	1	3
3L	14753967	14754085	-1	3
3R	4405420	4405480	1	3
3R	23983909	23984440	1	3
3L	1500313	1501351	-1	3
3R	5239198	5239492	-1	3
X	5838624	5839102	1	3
X	20792739	20805827	-1	3
3L	25978151	26010107	-1	3
2L	13002538	13002623	-1	3
2R	9102898	9102957	1	3
2R	19176744	19176941	1	3
X	17657538	17660989	1	3
3R	6589652	6592884	-1	3
X	15919386	15919529	1	3
4	1083274	1084614	-1	3
2R	3919359	3933157	-1	3
3L	10884660	10884734	-1	3
3L	15867487	15867555	-1	3
X	287042	287329	-1	3
3R	30038130	30038191	-1	3
3L	2253987	2256606	1	3
2R	8948318	8948559	-1	3
2L	14040214	14041321	1	3
2R	16986755	16994160	1	3
2R	1442978	1443029	1	3
X	3481345	3481838	-1	3
X	8477196	8477268	-1	3
3R	27275635	27277219	1	3
3R	28928110	28962255	-1	2
2R	14276407	14277188	1	2
3L	19817004	19817060	-1	2
3R	19416232	19457712	1	2
2L	4840814	4840884	1	2
3R	24552657	24553234	1	2
2L	10804897	10805619	-1	2
X	9152820	9153891	-1	2
X	4086251	4087054	1	2
3R	15369014	15369066	-1	2
3L	3899544	3901595	-1	2
X	7090036	7090134	-1	2
2R	16856304	16856806	1	2
3L	7367985	7368890	-1	2
X	20857483	20916835	-1	2
3L	580889	581135	1	2
X	18931001	18936607	1	2
2L	18033785	18051461	1	2
2L	21382131	21390214	1	2
3R	15696186	15696259	1	2
2L	9935424	9935486	-1	2
4	429874	431394	1	2
2R	16921738	16926346	1	2
3L	21609887	21611143	1	2
2R	8926299	8926749	1	2
3L	2377932	2434626	1	2
2L	10837123	10837280	-1	2
3L	11252808	11255077	1	2
X	13814887	13821925	-1	2
X	11439107	11453796	-1	2
3L	1499808	1501270	-1	2
3R	6363231	6365004	-1	2
X	5794023	5794279	1	2
3L	1295013	1295473	1	2
2L	9884562	9885726	-1	2
2R	13831385	13833122	1	2
X	15892582	15892828	1	2
2L	7455137	7455201	-1	2
X	17944156	17947327	-1	2
3L	7699386	7699486	-1	2
3R	22729540	22729610	1	2
3R	14888735	14888795	1	2
3R	16274367	16274467	1	2
X	21300436	21305530	1	2
3R	5377812	5377881	1	2
2L	23176921	23176984	1	2
X	2589507	2595726	1	2
3R	30067263	30067324	1	2
2R	16924941	16926330	1	2
2L	5769945	5770014	-1	2
2R	6797413	6798770	-1	2
2R	23912467	23912532	1	2
X	11710216	11710506	-1	2
X	2014573	2022443	1	2
3R	12699336	12703639	1	2
3R	12627576	12627640	-1	2
X	479946	480030	1	2
X	127596	128921	-1	2
3L	4554693	4558409	-1	2
3R	29864137	29864195	-1	2
X	5794296	5794351	1	2
3R	15295247	15296591	1	2
3L	22833800	22834727	-1	2
3R	11581840	11583314	1	2
2L	10428083	10428434	1	2
3R	20401307	20403013	-1	2
2L	5045484	5045822	1	2
2L	19044318	19044370	-1	2
X	15084269	15084356	-1	2
3R	24048821	24048910	1	2
2R	6626114	6627464	-1	2
2L	21380479	21381899	1	2
3R	5593962	5594358	1	2
2R	16635725	16637638	-1	2
2L	1135606	1140705	1	2
3R	20974312	20975230	1	2
3L	22961475	22961534	1	2
3L	6591418	6591479	1	2
3R	29417126	29419308	1	2
3R	16053344	16053403	1	2
3L	20023393	20023451	1	2
3R	30084900	30086315	1	2
4	425763	429497	1	2
3R	27652535	27654959	-1	2
3R	20958040	20974374	1	2
X	15325201	15325275	1	2
2R	4563059	4565102	1	2
X	15862866	15863100	1	2
3R	23983956	23984305	1	2
2R	2177656	2264981	1	2
X	11616686	11619683	1	2
X	2717784	2717882	-1	2
3L	15135221	15135606	-1	2
3R	16440552	16440608	-1	2
3R	12842322	12842602	-1	2
X	13271590	13276435	-1	2
2L	2753514	2756041	1	2
3R	20390431	20390758	-1	2
3L	21553594	21554025	-1	2
2R	13456253	13456316	-1	2
2L	11077239	11081154	-1	2
2L	10313028	10313084	-1	2
2R	21224007	21236392	-1	2
3R	7767507	7767598	1	2
X	15824277	15824335	1	2
2R	21606194	21606468	-1	2
2R	23385786	23385934	-1	2
X	4658537	4659779	-1	2
3R	8767795	8768120	-1	2
2R	22187796	22187852	1	2
2L	12142856	12145070	1	2
2L	19047048	19047152	1	2
3R	25683384	25683473	-1	2
3L	22801742	22823536	-1	2
3L	8931115	8931862	1	2
2L	6617365	6617425	-1	2
3R	5597027	5597446	-1	2
2L	7811773	7814576	1	2
2R	20641119	20641181	1	2
X	6104377	6105979	-1	2
2R	13415616	13416575	-1	2
3R	29316366	29316720	-1	2
3R	30826027	30826718	1	2
3L	6947916	6948525	1	2
2L	19753688	19753747	-1	2
3R	11211021	11211076	1	2
3L	6943102	6944460	1	2
3L	20256639	20260862	1	2
3L	4022288	4022346	1	2
X	9152802	9153971	-1	2
X	3709997	3710069	-1	2
3L	19888479	19888538	1	2
3R	25677467	25677528	-1	2
2L	7831925	7833249	1	2
2R	24991273	24991565	-1	2
X	15861708	15863178	1	2
X	5903983	5904234	1	2
3L	5811919	5812065	1	2
2R	5087081	5088195	-1	2
3L	1575492	1575608	1	2
3R	21785831	21820798	-1	2
X	3949086	3953817	1	2
2R	8732619	8732676	-1	2
3L	20313885	20314608	1	2
3R	29104449	29104504	1	2
3R	18226567	18226730	1	2
2R	15267463	15267806	-1	2
3L	11129430	11134544	1	2
2L	4323420	4323535	1	2
X	11368974	11369151	1	2
3R	15956927	15957591	1	2
X	23280164	23291709	1	2
3R	25134881	25134947	1	2
X	10629361	10631389	1	2
3L	16066110	16066613	1	2
3L	9150821	9169792	-1	2
3R	23962358	23962427	1	2
2R	1343986	1344062	-1	2
2L	18211299	18215464	-1	2
3L	9151092	9177353	-1	2
2R	22797079	22797307	-1	2
3R	28049496	28088653	1	2
2L	2407376	2407471	1	2
X	9196979	9197053	-1	2
3R	9876224	9892640	1	2
2R	8427800	8427993	1	2
X	9163913	9165682	1	2
3R	11405780	11406625	1	2
3L	24725847	24734064	1	2
2L	13669386	13669545	1	2
X	15828650	15828716	-1	2
X	16527900	16528465	-1	2
3R	20581045	20581113	-1	2
3L	14231326	14231927	1	2
3L	8601843	8602103	-1	2
3R	12561805	12595567	-1	2
3R	28601196	28602772	1	2
3L	12416480	12416540	-1	2
X	10309646	10318447	-1	2
4	1040414	1040589	-1	2
2L	23173801	23174406	1	2
3R	27227942	27228068	-1	2
3L	4563897	4577917	1	2
3R	24265111	24266373	1	2
2L	318121	325678	1	2
2L	5203743	5204451	1	2
2L	21381893	21390191	1	2
2R	18718557	18718680	1	2
3R	11947638	11948837	-1	2
4	1245928	1245990	1	2
2L	22124029	22124090	1	2
4	460067	463055	-1	2
3L	10500898	10506070	1	2
2R	23879749	23880490	1	2
3R	23983725	23984283	1	2
2R	6625307	6627270	-1	2
X	5794347	5794476	1	2
X	22503741	22504229	1	2
2R	1866304	1866363	-1	2
3L	13522087	13523839	-1	2
X	13157854	13157914	-1	2
3R	10330002	10330968	-1	2
X	16789718	16789773	-1	2
2R	2743190	2743322	1	2
3R	13374371	13374447	-1	2
3L	2653413	2655070	1	2
3R	5652784	5653166	-1	2
2L	8490186	8490241	1	2
3L	4435431	4435837	1	2
3L	11682223	11682301	-1	2
4	686536	690385	1	2
3R	20403161	20403224	-1	2
X	13199483	13199539	-1	2
3R	23958799	23959032	1	2
2R	10107695	10108223	1	2
X	8716947	8717087	-1	2
3R	10133679	10134213	-1	2
2R	16089893	16098128	-1	2
X	12475841	12475915	1	2
3R	17801931	17801987	-1	2
3R	5892990	5903716	-1	2
3L	21921328	21925180	1	2
3R	659321	728525	1	2
3L	311286	311382	-1	2
2R	9309502	9309866	-1	2
2L	21286426	21286489	-1	2
2L	1014485	1014550	-1	2
3R	23984095	23984359	1	2
3L	14763115	14763204	1	2
2L	5985298	5985365	1	2
2R	2864360	2866313	1	2
X	13784157	13785880	1	2
2R	20551826	20551893	-1	2
3L	3516829	3533812	1	2
X	5071235	5081916	-1	2
3L	7827074	7827520	-1	2
X	6591006	6591446	1	2
2R	7533731	7535332	1	2
2R	11444628	11444696	1	2
2L	159818	160009	1	2
2L	3911337	3914728	-1	2
3L	9151061	9161266	-1	2
X	5792630	5792709	1	2
2L	5955724	5955781	-1	2
X	15626233	15632809	-1	2
3R	9737279	9737345	-1	2
3R	9726176	9727990	-1	2
2R	24401809	24402561	-1	2
2R	12655097	12655149	1	2
X	17927100	17927158	-1	2
3R	8811231	8820258	-1	2
2R	10533969	10534850	-1	2
2L	11163099	11163222	-1	2
2R	18519453	18520428	1	2
3R	23921970	23922896	-1	2
2R	23914332	23921965	1	2
3R	10613912	10639089	-1	2
2R	12274055	12278641	1	2
2R	1369084	1369151	-1	2
2R	1369206	1429677	-1	2
3L	267392	268220	1	2
3L	12405161	12412011	-1	2
X	6090843	6091117	-1	2
2L	3758677	3758738	1	2
2R	15462865	15463600	1	2
2R	10096175	10096270	1	2
3R	4288974	4295120	1	2
3R	14367500	14369398	-1	2
2L	21380479	21382065	1	2
2R	19398800	19399022	-1	2
3R	8817742	8818599	-1	2
2R	7467051	7467221	-1	2
2L	4457488	4457761	-1	2
X	18093458	18093511	1	2
4	258457	258528	1	2
2R	7545493	7545758	1	2
3R	14057025	14057741	1	2
3R	19754644	19758716	1	2
4	190062	191309	1	2
X	15836398	15836525	1	2
2L	9622309	9622366	1	2
X	14841020	14885698	1	2
2R	5857306	5857368	1	2
3L	9130031	9130555	-1	2
3R	31237450	31237968	-1	2
4	281893	282436	-1	2
2R	22561143	22561899	-1	2
3L	18642364	18652909	1	2
3R	23984137	23984428	1	2
2R	20560295	20560353	-1	2
X	3256198	3258614	1	2
X	1252097	1259959	-1	2
3R	8820069	8820312	-1	2
2L	19758944	19759002	1	2
3L	8113606	8113669	-1	2
2L	16685988	16690902	1	2
2R	12168204	12170924	-1	2
3L	22749993	22777111	1	2
3L	7529187	7529708	1	2
3R	15346875	15347766	1	2
4	1149214	1149975	1	2
3L	9177610	9178192	-1	2
2R	6626996	6627740	-1	2
3R	24104964	24105209	-1	2
3R	9741143	9741199	1	2
2L	10247696	10249218	-1	2
2L	10249260	10250281	-1	2
3R	14899411	14899515	1	2
3R	13639337	13639437	-1	2
2L	5068228	5068296	1	2
X	2241760	2241828	-1	2
3R	29222770	29223243	-1	2
X	6223219	6223340	-1	2
3R	4314285	4315013	1	2
2L	1743541	1743634	1	2
2L	11210726	11211768	1	2
3L	10685249	10689149	1	2
2R	11280696	11280774	-1	2
2L	20917121	20918639	-1	2
3R	17678179	17682457	-1	2
X	2646872	2659148	1	2
4	319668	329224	1	2
4	1050863	1053199	-1	2
2L	9805190	9805308	-1	2
2R	13447329	13448997	-1	2
3R	5657933	5658141	-1	2
3R	11335504	11335562	1	2
3L	19285414	19291480	-1	2
X	15794202	15794267	-1	2
3L	1632419	1636983	-1	2
2L	21684147	21684546	1	2
2R	14762797	14762919	-1	2
3L	3813361	3813451	1	2
3R	21309616	21309894	1	2
3R	13012020	13015108	1	2
2R	11174806	11190340	1	2
3R	20608554	20608632	1	2
2R	8088897	8088956	1	2
3L	12797857	12804355	-1	2
2L	10733474	10734033	-1	2
X	12654169	12655171	-1	2
3L	11690982	11691040	-1	2
2L	163002	175361	1	2
3R	11378190	11391529	1	2
X	13203945	13211166	-1	2
3L	8241883	8248558	1	2
2R	17016517	17016962	-1	2
2R	11068477	11099532	-1	2
3R	13970630	13970952	-1	2
3R	26532423	26534724	-1	2
3L	16491719	16496444	1	2
2L	23068102	23068200	-1	2
3R	25856974	25865863	1	2
2L	22156816	22158513	1	2
2L	1711410	1711682	1	2
2L	22538569	22538627	1	2
X	3724872	3734477	1	2
2R	6168369	6168756	-1	2
3R	24221617	24221793	-1	2
3L	6169928	6170117	-1	2
2L	9683984	9684043	-1	2
2R	18632987	18633054	-1	2
3L	1174608	1176981	-1	2
X	14955440	14955865	1	2
3R	16625343	16625969	1	2
3L	3072678	3073081	1	2
3R	9418001	9419807	1	2
3R	9259957	9260026	1	2
2L	132149	134451	1	2
2R	4029945	4030002	1	2
3R	11592013	11592367	1	2
3R	27942134	27942588	1	2
X	13379371	13379433	1	2
2L	9789733	9789791	-1	2
X	16528120	16532650	-1	2
X	16786505	16786565	-1	2
2L	10439889	10439945	1	2
3L	11817207	11817453	-1	2
3R	23983900	23984353	1	2
3L	4074231	4074471	-1	2
X	19151960	19153028	-1	2
2L	20055987	20056238	1	2
2R	9998803	9999425	-1	2
3L	20384859	20388669	1	2
3L	22468278	22570366	-1	2
3R	15414793	15415827	1	2
4	129443	129682	-1	2
3R	31216393	31216656	-1	2
2R	1076878	1080331	1	2
3L	9108192	9112162	-1	2
3R	28605578	28605628	1	2
X	1681756	1681808	-1	2
3R	30423640	30423710	-1	2
3R	29113450	29113994	1	2
3R	28148252	28202168	1	2
2L	10847879	10848303	-1	2
2L	3016866	3016926	-1	2
3L	12519071	12519144	1	2
X	11713689	11713755	-1	2
2R	14768371	14769278	-1	2
X	18466603	18548919	1	2
3L	8181940	8182830	1	2
3L	23227548	23238837	1	2
3R	22720018	22720079	-1	2
3L	20853410	20853600	-1	2
2L	10444786	10445161	1	2
3L	17400407	17401097	-1	2
3R	791886	795263	1	2
3R	25135459	25135526	1	2
3R	13659771	13659824	-1	2
2L	10399689	10399768	1	2
3R	17877199	17877259	-1	2
3L	5425672	5429163	1	2
2L	7676346	7676579	1	2
2R	12870983	12871139	1	2
X	8060098	8060903	-1	2
3R	9487204	9493153	-1	2
2R	24194935	24195001	1	2
2R	22108781	22108851	-1	2
3R	6455195	6455258	-1	2
3L	16386957	16387021	1	2
3L	21634197	21634262	1	2
2L	21382079	21390258	1	2
3L	3458841	3458948	-1	2
3L	19994736	19994812	1	2
3L	4284991	4285053	1	2
3R	9783960	9784168	-1	2
3R	31818119	31833397	1	2
X	11973485	11974224	-1	2
3L	5644633	5644735	1	2
X	16544924	16545011	-1	2
X	23283465	23431498	-1	2
X	9812157	9832492	1	2
2R	10515127	10533865	-1	2
X	11430678	11431663	-1	2
2L	10398393	10398444	1	2
3L	4189071	4189676	1	2
4	560821	563712	1	2
X	5389812	5392863	1	2
3R	18227776	18228607	1	2
3R	26042935	26042995	1	2
X	8248754	8249026	-1	2
3L	12396740	12396793	1	2
3R	5336073	5349468	-1	2
3L	17061742	17065199	-1	2
X	3176697	3189534	1	2
2L	10431889	10431944	1	2
3L	11099677	11099743	1	2
3L	17400656	17400771	-1	2
X	8275484	8276183	1	2
2R	23708488	23708630	1	2
2L	19807586	19857670	1	2
2R	23946772	23946839	1	2
2R	23878752	23880608	1	2
4	447236	449924	1	2
4	132372	133186	1	2
3R	21269685	21269745	-1	2
X	16528120	16530784	-1	2
3L	14220386	14225431	1	2
2R	21022134	21023065	1	2
3R	23983576	23983674	1	2
X	13758748	13758893	-1	2
2R	22123475	22123536	1	2
3L	9137890	9138582	1	2
2L	6040865	6040924	1	2
2L	5044476	5046304	1	2
2R	11452592	11453393	1	2
3R	21309637	21309914	1	2
3L	3071612	3088654	1	2
2R	17538623	17538694	1	2
3L	25237226	25303603	-1	2
2L	11803665	11803785	-1	2
3R	21785756	21805042	-1	2
3L	7156316	7156378	-1	2
2R	14276407	14276979	1	2
3L	9178171	9178297	-1	2
X	6350055	6350122	1	2
4	133714	133795	1	2
3L	5679188	5685533	1	2
2L	8545234	8555047	1	2
3L	8601038	8601314	1	2
3R	25439871	25472482	-1	2
3R	23983921	23985017	1	2
3R	7974866	7975128	-1	2
3R	20438224	20449235	-1	2
3R	14031125	14031263	1	2
2R	13947747	13953224	-1	2
X	11370756	11373817	1	2
X	10452577	10454458	-1	2
3L	19585685	19585749	-1	2
X	11977045	11977462	-1	2
3L	24153251	24161131	1	2
2L	21170753	21172732	1	2
3R	24061792	24061857	1	2
2R	24671040	24671098	1	2
2R	18124928	18125555	-1	2
X	622147	622207	1	2
2R	10108867	10109537	1	2
3R	15246359	15246446	1	2
3L	11097873	11098000	-1	2
3L	317657	317720	1	2
X	5839549	5840592	1	2
3L	8047162	8047246	1	2
mitochondrion_genome	2878	10771	1	2
3R	23082166	23112207	-1	2
X	10471539	10471618	-1	2
X	1683261	1684453	-1	2
3R	8817478	8820308	-1	2
3R	8649048	8649279	-1	2
2L	12690436	12690710	-1	2
3R	11628053	11628126	1	2
3R	17899805	17900384	-1	2
2L	17401582	17402375	1	2
3R	23983921	23984362	1	2
3R	24060945	24061011	1	2
X	9152700	9153877	-1	2
2R	13844217	13845666	-1	2
3L	20840402	20840473	-1	2
2R	9592476	9592589	1	2
X	8421656	8423184	1	2
X	12918750	12945895	1	2
2L	6491376	6491435	1	2
3L	27428113	27441599	1	2
3R	13383762	13385158	1	2
2R	16182674	16182737	1	2
X	1513649	1514483	-1	2
X	6091569	6091633	1	2
X	1411927	1413418	1	2
X	2008462	2008514	-1	2
X	18159669	18159729	-1	2
2R	6974229	6974291	-1	2
3R	25886499	25886566	1	2
3L	16049510	16049584	1	2
3R	11023620	11023673	1	2
3R	11395501	11401306	1	2
2L	1010058	1011615	-1	2
2L	13609988	13610056	1	2
4	435934	436601	-1	2
3R	20966040	20966398	1	2
3L	9376582	9377330	-1	2
3L	9863263	9863321	-1	2
3R	19874287	19874345	1	2
2L	7786425	7786990	-1	2
3R	23983930	23984305	1	2
3R	14732823	14733380	-1	2
4	177504	177578	-1	2
X	13701209	13707625	-1	2
3R	27953086	27953144	-1	2
3L	14017628	14017693	1	2
2R	19473165	19473440	1	2
3L	3600492	3607502	1	2
3R	14367497	14372547	-1	2
2R	18821284	18821493	1	2
3L	21573134	21573190	1	2
3R	15270116	15270185	1	2
X	9024138	9024261	1	2
3R	30507604	30507659	1	2
2L	9797853	9797912	-1	2
2L	9870276	9877901	-1	2
3L	269965	270030	1	2
2R	5669667	5669730	1	2
3L	23127252	23127313	1	2
2R	14245685	14245759	1	2
2R	18821119	18821184	1	2
3R	26699449	26699503	-1	2
2R	22346710	22360254	-1	2
2R	22360289	22372777	-1	2
2R	24961504	24961606	-1	2
X	15972674	15972813	-1	2
2R	23910206	23910469	1	2
3R	18958836	18977303	1	2
3L	3717377	3742922	-1	2
3R	28928110	28962260	-1	2
3R	12352545	12352614	-1	2
3R	12465702	12511193	1	2
3L	9097859	9130200	-1	2
2L	6060615	6060668	1	2
3R	29994740	29994793	-1	2
2L	6682684	6682746	-1	2
X	12652125	12652241	1	2
3L	15947580	15952102	-1	2
3R	25516241	25519261	1	2
3R	22727240	22728843	1	2
3R	11397643	11400824	1	2
2R	7931556	7931611	-1	2
3L	18665998	18666970	1	2
2L	15552769	15554510	1	2
X	8060159	8060880	-1	2
3L	1661593	1661707	-1	2
3R	13019642	13021476	1	2
3R	4798166	4798254	-1	2
3R	9432840	9439346	1	2
3L	22998767	23002053	1	2
3L	4037388	4037447	1	2
2L	8415887	8426874	1	2
2R	15939258	15939910	-1	2
X	11290264	11293185	-1	2
3R	7861730	7862919	-1	2
2L	228282	230538	-1	2
4	634654	635174	1	2
2R	11445416	11446133	1	2
2L	18272478	18275547	-1	2
2L	3759155	3759669	1	2
3R	10585530	10613294	-1	2
2R	21184606	21192147	1	2
3R	24513823	24513880	-1	2
3L	10765955	10768880	1	2
3R	8153402	8160963	-1	2
2R	2753116	2892118	1	2
X	15343674	15343733	-1	2
X	3734543	3761945	1	2
2R	12878711	12879052	-1	2
X	13068596	13068659	1	2
2R	18755722	18755780	1	2
3R	12421386	12421958	-1	2
3R	23983901	23984434	1	2
X	19699169	19699680	1	2
3R	23983941	23984228	1	2
2L	21707922	21710146	1	2
2R	10794485	10798247	-1	2
2L	163002	183761	1	2
X	5402562	5403588	1	2
2L	21381663	21391484	1	2
4	275843	275913	-1	2
4	462329	462388	-1	2
X	13986075	13986279	-1	2
3R	28049735	28088644	1	2
X	4103188	4103472	-1	2
3L	5748486	5749305	1	2
3L	5163704	5163834	-1	2
3R	20534530	20534610	-1	2
3R	23782389	23789928	1	2
3R	23696877	23696940	-1	2
3R	5488308	5488532	1	2
2R	14235188	14235286	-1	2
X	5086136	5089390	1	2
2L	9911772	9912125	-1	2
X	15886265	15887013	-1	2
4	885892	886965	-1	2
X	16365643	16366904	1	2
X	5793678	5794423	1	2
3R	22899505	22914963	1	2
2L	4977686	4977748	1	2
3L	7266835	7266897	-1	2
X	10255591	10257724	-1	2
X	13706327	13709405	1	2
3L	23207020	23210852	1	2
X	9177530	9189129	1	2
2L	2857577	2859625	1	2
2R	19349912	19356208	-1	2
X	16839226	16839717	-1	2
2R	20595815	20597548	1	2
2R	10461922	10462558	1	2
3L	21302515	21302593	-1	2
X	18813780	18820386	1	2
X	5760821	5761169	-1	2
2L	13535027	13546911	-1	2
3L	5750362	5750555	-1	2
2R	2954046	2968133	1	2
2L	10768577	10768644	-1	2
2L	16400527	16404486	-1	2
X	129418	132807	1	2
X	20230618	20232117	1	2
3R	23983941	23984312	1	2
4	189249	190003	-1	2
3R	8817735	8820146	-1	2
4	1006234	1006309	-1	2
3R	6851185	6851246	1	2
2R	8012003	8012060	-1	2
3R	20299011	20299081	1	2
X	115831	115925	-1	2
2R	6084008	6084508	-1	2
2R	9969553	9969741	1	2
2R	8010003	8010230	-1	2
2R	22537327	22540437	-1	2
2R	23987555	23987618	-1	2
2R	19212277	19216421	1	2
2R	20598526	20598599	1	2
3L	9151874	9155026	-1	2
X	18864635	18880333	1	2
3R	25221266	25221327	1	2
3L	1664022	1664090	-1	2
2R	9113333	9113395	-1	2
3R	26962452	26962540	-1	2
3R	24828463	24828560	-1	2
2R	5805251	5846593	1	2
2R	18913495	18938550	1	2
3R	9547371	9549292	-1	2
3R	24650590	24650650	1	2
X	13090032	13090234	-1	2
3L	9064518	9065708	-1	2
4	855569	855686	-1	2
X	15860323	15861116	1	2
3L	5691735	5695339	1	2
X	3720655	3721376	1	2
X	5333587	5334273	1	2
X	18501818	18505025	-1	2
X	15483501	15484256	1	2
3L	9150817	9169789	-1	2
2L	8942453	8942509	-1	2
2R	7792223	7793162	-1	2
3R	23848910	23848966	1	2
2L	5176491	5177139	1	2
3L	20323059	20323121	-1	2
3L	17236063	17237895	-1	2
3L	20164431	20168476	-1	2
2R	11453295	11453393	1	2
X	273393	273461	-1	2
3R	19230429	19230485	1	2
3L	7051422	7051486	1	2
3R	27095980	27096035	-1	2
2L	4299178	4299263	1	2
3L	5658173	5659429	1	2
2R	24891838	24892287	1	2
3R	31595033	31596084	-1	2
2R	15935990	15938214	-1	2
4	368519	369507	1	2
2L	6646948	6648898	-1	2
2L	6303344	6303758	1	2
2R	16325318	16325415	-1	2
2L	21312209	21318127	1	2
X	3481345	3482026	1	2
3L	3907965	3908100	-1	2
2R	17050176	17050233	1	2
3R	14120229	14120285	-1	2
3L	236428	239055	-1	2
2R	16858765	16858827	1	2
X	18864613	18879467	1	2
2R	11445416	11447156	1	2
X	19342358	19342426	-1	2
X	11962104	11962230	-1	2
3R	22473440	22473638	1	2
3L	23002444	23007328	1	2
X	22980963	22995625	-1	2
2R	15994397	15994462	-1	2
3R	16102960	16103031	1	2
2R	18445141	18445212	1	2
3L	7853754	7854031	-1	2
2R	23913027	23913086	1	2
3R	21819767	21820647	-1	2
4	1262094	1262412	1	2
3L	1317786	1317849	1	2
3R	22755269	22787006	1	2
2L	10856099	10856163	-1	2
2R	6813754	6815060	1	2
X	10781238	10781889	-1	2
2R	3943139	3943196	-1	2
3L	19025636	19044304	-1	2
2L	21137689	21137757	-1	2
X	6684670	6686914	1	2
2L	3373928	3373984	-1	2
3R	18757566	18757628	-1	2
2L	17647299	17647775	-1	2
3R	21308134	21308412	1	2
3R	15936223	15954910	1	2
3L	15096359	15097430	1	2
3L	5607684	5607806	-1	2
2L	12404178	12407185	-1	2
2R	24020322	24020384	-1	2
2R	24559565	24560361	-1	2
2L	22125119	22130099	-1	2
3R	31216367	31219023	-1	2
2L	7135880	7157129	-1	2
3R	19459735	19459801	1	2
3L	208318	208372	-1	2
2R	23975730	23975865	-1	2
3L	15879257	15879320	-1	2
3R	21306961	21307517	1	2
X	13297448	13297527	1	2
4	281860	281948	-1	2
3R	14034100	14034162	1	2
3L	21447416	21447834	1	2
3R	24104898	24105142	-1	2
2L	10481710	10481763	1	2
2R	18641573	18641635	-1	2
3L	8110655	8110730	1	2
X	7608699	7611708	1	2
2R	2553878	2564444	-1	2
2R	15426060	15469715	1	2
3R	31741604	31742800	1	2
X	19703198	19703403	-1	2
3L	967538	972244	1	2
X	12919127	12924149	1	2
X	10309742	10318418	-1	2
X	17625659	17626940	-1	2
2R	19237442	19238152	1	2
2R	24121835	24121910	1	2
2R	21090215	21090270	-1	2
3L	3054481	3054540	1	2
3L	22824129	22824369	-1	2
2L	10481285	10481348	1	2
2R	24880598	24880809	1	2
4	1230415	1230498	-1	2
2R	7526307	7526820	-1	2
X	1234280	1234754	-1	2
X	3707492	3708744	-1	2
3R	6393912	6405378	-1	2
2R	16639202	16639328	1	2
3R	24802513	24802571	-1	2
3R	11816545	11816612	-1	2
2L	14408797	14408921	-1	2
3L	13264677	13264812	1	2
2R	8681386	8681451	1	2
2R	6935109	6935423	-1	2
3R	21297281	21298241	1	2
2L	21304932	21308288	-1	2
X	13746662	13754847	-1	2
X	13384354	13384409	-1	2
2L	9291413	9291520	1	2
X	4699550	4753541	1	2
2L	14243142	14243224	1	2
2R	24786705	24786769	-1	2
X	13463698	13469222	-1	2
3R	8474513	8477419	-1	2
X	12656597	12657363	1	2
4	186841	187997	-1	2
2R	4427998	4442470	-1	2
X	8874112	8875789	-1	2
3R	25040876	25042645	-1	2
3R	25042682	25043226	-1	2
3L	7781051	7803269	-1	2
3R	11950355	11950427	1	2
3R	17909635	17915010	-1	2
3R	20823868	20823935	-1	2
3R	30883918	30883976	-1	2
3R	23514327	23514377	-1	2
3R	24946640	24946884	1	2
X	2733137	2734180	1	2
2L	23162140	23162212	-1	2
3L	7558156	7558222	-1	2
2R	21144137	21144201	1	2
2R	12581940	12582289	-1	2
4	89891	90678	1	2
2R	10108244	10109660	1	2
X	15989110	15989438	-1	2
4	429478	429643	1	2
X	15926504	15926572	1	2
3R	18513599	18514733	-1	2
3R	19856903	19856960	-1	2
3R	29041794	29041867	1	2
X	11429772	11429882	1	2
X	2688340	2688400	1	2
3R	9432423	9448614	1	2
3R	23963224	23965805	1	2
X	18060549	18062827	-1	2
3R	22369566	22370778	1	2
2R	6963065	6971183	-1	2
3L	8130557	8130621	1	2
X	17700119	17702586	-1	2
3R	23983903	23984428	1	2
2R	17696742	17696801	-1	2
2R	22037717	22039356	-1	2
2L	20826971	20827032	1	2
2R	23708488	23708635	1	2
3L	13798342	13803062	-1	2
3R	5587452	5587521	-1	2
4	787210	787452	-1	2
X	16565731	16566825	-1	2
2L	2029317	2030565	1	2
X	5794356	5794415	1	2
X	16794379	16794450	1	2
X	13295097	13295158	-1	2
3R	13635939	13642400	-1	2
X	16274502	16274564	-1	2
X	23098116	23098280	1	2
3R	24662564	24664364	1	2
2R	24527046	24527106	1	2
X	13746648	13754835	-1	2
3L	1795997	1796178	1	2
2R	16925038	16925619	1	2
2L	14088609	14088723	1	2
2R	1926864	1995173	-1	2
3R	23983922	23984297	1	2
4	87167	94113	1	2
X	15914095	15914156	1	2
2L	5146704	5146993	1	2
X	13383366	13383502	-1	2
2L	15064440	15064495	-1	2
2L	11109508	11110159	1	2
2L	20093661	20093724	-1	2
X	13352061	13380711	-1	2
3R	27561878	27562712	-1	2
2R	15203902	15203961	1	2
3L	19888615	19910043	-1	2
4	369297	369507	1	2
X	5794376	5794430	1	2
mitochondrion_genome	6460	11768	-1	2
3L	5424565	5429138	1	2
3L	13238715	13251154	1	2
3L	2541404	2553810	-1	2
2L	4032770	4056254	1	2
2R	18412085	18412148	-1	2
4	1166368	1166666	1	2
X	22995915	23003704	-1	2
3L	12122155	12122676	-1	2
2L	11002955	11003029	-1	2
X	15860323	15861140	1	2
2R	22340638	22340693	-1	2
2L	13547400	13548982	-1	2
2L	411719	411782	-1	2
4	655436	656216	-1	2
2L	1012629	1014022	-1	2
X	9111144	9111387	1	2
3R	20850636	20851202	1	2
3R	20026942	20027052	-1	2
3L	3552865	3578289	1	2
2R	13832532	13833321	1	2
3R	8243165	8243222	-1	2
3L	13902216	13902645	-1	2
2L	12045806	12046018	-1	2
2L	4318978	4321130	1	2
3R	14858948	14859279	-1	2
3R	23981100	23985000	1	2
X	3689588	3692953	1	2
3L	7762852	7762912	1	2
2R	9229277	9229598	-1	2
X	3699274	3699339	1	2
3R	7196394	7198328	1	2
3R	27423261	27436190	-1	2
3R	30390344	30390445	1	2
4	189249	189998	1	2
3R	20652785	20653151	-1	2
3R	21804961	21807599	-1	2
3R	5575926	5577036	1	2
3R	19414623	19415633	1	2
2R	17011549	17011614	-1	2
2L	8373915	8373984	1	2
2R	24174196	24174260	-1	2
2R	2493908	2495043	-1	2
2L	10337073	10337141	1	2
3L	3714990	3746039	-1	2
2L	21618111	21618496	-1	2
2R	8075791	8075860	1	2
3L	8940512	8940594	-1	2
3L	21845236	21907351	1	2
3L	25844108	25873860	-1	2
X	15875206	15875307	1	2
2R	6633906	6635150	-1	2
3L	21925272	21926469	1	2
3R	9432840	9445044	1	2
2L	12977910	12977977	1	2
3L	21915010	21915114	1	2
3R	24046492	24047961	-1	2
3R	5202854	5203050	-1	2
2L	10970881	10970957	1	2
3L	8469683	8470154	1	2
2L	21380366	21382019	1	2
4	705274	707492	1	2
X	17015225	17018126	-1	2
3R	24101613	24104607	-1	2
3L	3056923	3056993	-1	2
2L	4322937	4323493	1	2
2L	9176767	9177125	1	2
3L	16079727	16080759	1	2
3L	22833800	22840695	-1	2
X	15338705	15338837	1	2
3R	26961546	26962237	-1	2
3R	17811805	17813531	1	2
3R	26916563	26924634	1	2
2R	7041674	7042086	1	2
4	654799	655061	-1	2
2R	4547055	4552556	1	2
3L	4575610	4575671	1	2
X	19741166	19744262	-1	2
X	15884375	15884443	-1	2
3L	11252626	11254624	1	2
3R	8242847	8242918	-1	2
3L	21532032	21532339	-1	2
X	16328563	16329294	-1	2
2L	21638369	21639241	1	2
3R	17774489	17775969	-1	2
2R	23390249	23390305	-1	2
X	15989303	15989379	-1	2
2R	11592176	11615579	-1	2
X	15758330	15760125	-1	2
3R	5357487	5357602	-1	2
3R	9234665	9237432	-1	2
3R	7194459	7198328	1	2
3R	31601352	31601416	-1	2
3R	23983955	23984198	1	2
3R	5273549	5336022	-1	2
3L	24927164	24927236	1	2
2L	13462216	13462354	1	2
2L	15271144	15271203	-1	2
3R	15266371	15266445	1	2
3R	13384998	13385104	1	2
3R	7603986	7605111	-1	2
3R	15936341	15946451	1	2
3L	11817233	11821834	-1	2
2L	7034274	7035075	1	2
2R	24664680	24664854	1	2
2R	22662864	22662934	1	2
3R	8360247	8360301	-1	2
X	16969348	16970185	-1	2
2L	2356932	2357690	1	2
2L	10399713	10399768	1	2
2R	20277339	20277397	-1	2
3L	1502515	1502570	-1	2
2R	2924116	2924172	1	2
2R	13841998	13842782	-1	2
2R	16145579	16145643	1	2
3L	15581295	15581354	1	2
2R	20896771	20902028	-1	2
3R	22544695	22544758	-1	2
4	560887	562908	1	2
3L	9400185	9400419	-1	2
2R	21605834	21606046	-1	2
3L	17534563	17538662	1	2
3L	12137300	12137353	1	2
2R	24891693	24892179	1	2
X	16311432	16311488	-1	2
2R	8133076	8133141	1	2
X	5340512	5340915	1	2
3L	4130644	4131121	-1	2
2L	19049365	19049422	1	2
3L	1500042	1500896	-1	2
X	531722	575555	1	2
2L	18443071	18443153	-1	2
2R	13826482	13829538	1	2
X	19331369	19331488	-1	2
X	273388	273470	-1	2
3L	17400573	17400810	-1	2
3L	12504653	12504719	1	2
3L	24074570	24075141	1	2
X	4427864	4434964	1	2
X	20441291	20441402	1	2
2L	12094112	12094178	-1	2
3R	9557583	9557710	-1	2
2R	12882533	12882742	1	2
3R	14623420	14623487	-1	2
X	9472658	9499886	-1	2
4	601936	603312	-1	2
2L	21627124	21627535	-1	2
X	10348860	10356372	-1	2
2L	4123479	4123538	1	2
2L	10988112	10988919	1	2
X	19621651	19622203	-1	2
2L	10224763	10225693	-1	2
4	305179	305732	-1	2
3R	13661433	13661702	1	2
3R	16351231	16351878	-1	2
2R	1105982	1113198	1	2
2R	10425191	10425254	1	2
X	13624729	13625059	1	2
3R	19413000	19415638	1	2
2L	15906490	15906549	-1	2
3R	7191930	7191995	1	2
3R	11406239	11406539	1	2
3L	1654512	1656305	-1	2
2L	22584683	22584742	1	2
2L	11803899	11808014	-1	2
2L	8084296	8089185	1	2
2L	8375734	8375946	-1	2
2L	13714312	13717021	-1	2
2R	18168139	18168230	1	2
3R	16447135	16450967	-1	2
2R	24715200	24725339	-1	2
X	18791082	18791146	1	2
2L	11800323	11802371	-1	2
2R	16326910	16326974	-1	2
3L	23272514	23273529	1	2
2R	6627922	6632027	-1	2
2L	22247382	22247469	-1	2
X	1409709	1410100	1	2
2R	11442540	11442746	1	2
3L	20434713	20434781	1	2
3L	3073285	3088656	1	2
3L	8949281	8949657	-1	2
2L	10201529	10201599	1	2
3L	3990521	3991088	1	2
2L	826512	826908	1	2
3R	11339707	11370248	-1	2
2L	18942959	18943277	-1	2
2R	9503846	9505004	1	2
3L	20352174	20352363	1	2
3R	4301136	4301234	1	2
3L	12517060	12517428	1	2
2R	12028656	12028717	1	2
X	11290264	11292825	-1	2
3L	5929768	5930005	1	2
3L	5676749	5676812	-1	2
mitochondrion_genome	13023	13161	-1	2
3R	14644876	14649010	-1	2
2R	12529827	12541825	1	2
3L	2632467	2633538	1	2
3L	1632429	1636866	-1	2
3L	19069623	19069682	-1	2
X	4428229	4455621	1	2
3R	11621146	11621208	1	2
3L	3903808	3904850	1	2
X	2173096	2173258	1	2
2R	1265646	1266192	1	2
3R	18577585	18590117	1	2
2R	8903813	8904528	1	2
3L	13602477	13608393	-1	2
3R	22027781	22028020	1	2
3L	9864803	9865058	1	2
4	297940	300604	-1	2
X	12636900	12637051	1	2
3L	8432488	8441320	-1	2
2L	11614102	11615543	1	2
3R	7605469	7638824	-1	2
X	8060098	8060877	-1	2
3L	14075814	14075876	1	2
3L	3149161	3149628	1	2
2L	5723575	5723638	1	2
3L	23099724	23102122	1	2
3L	269572	270150	1	2
2L	9938511	9938565	-1	2
3R	27568206	27568279	1	2
X	18889187	18892367	-1	2
3R	31595002	31595569	-1	2
4	123893	129322	-1	2
2R	16633011	16633081	-1	2
2R	10801677	10801972	1	2
3L	15851899	15852139	-1	2
2R	16099020	16099079	1	2
2R	439013	495144	1	2
3R	20539336	20539400	-1	2
2R	18630277	18630338	-1	2
2R	6618742	6618803	1	2
2R	9297513	9299304	1	2
X	5087627	5211854	1	2
2R	24991273	24991810	-1	2
3L	11609189	11609286	-1	2
2R	14276224	14277281	1	2
3R	9432604	9441996	1	2
2R	14926898	14927928	-1	2
X	3258879	3279947	1	2
3R	20792250	20792314	1	2
3R	17909468	17909589	-1	2
2L	17188216	17189587	-1	2
3L	27146884	27146945	1	2
3L	3759259	3765605	-1	2
3L	17425507	17425579	1	2
3R	23983909	23984374	1	2
X	14444528	14459722	1	2
2L	20028330	20044862	1	2
2L	21011481	21028637	-1	2
3R	31587937	31587997	1	2
3L	3119735	3119799	-1	2
3L	14760905	14760967	-1	2
2R	22645148	22645947	-1	2
X	5793890	5794387	1	2
4	692844	693381	-1	2
3L	1637273	1637559	-1	2
X	2261855	2261951	-1	2
3L	22071556	22071652	-1	2
3R	24489367	24489599	1	2
3R	11335645	11402774	1	2
X	12988984	13078959	1	2
X	5096327	5103832	1	2
4	1145104	1146208	-1	2
2R	15566545	15569179	-1	2
2L	6726304	6726373	1	2
2R	19229115	19229424	1	2
X	11369800	11373809	1	2
2R	12259459	12259973	1	2
3L	19996781	19996850	1	2
3L	17063991	17065002	-1	2
3L	9179196	9181790	-1	2
2R	18620956	18621039	-1	2
2L	201062	201127	1	2
3R	31969786	31975448	-1	2
2L	19896324	19901966	1	2
3R	9487130	9493011	-1	2
3L	3221593	3221895	-1	2
3L	14538422	14538729	1	2
2L	17197087	17251509	-1	2
2L	12105122	12105176	1	2
2R	17689816	17689874	1	2
X	20252598	20253066	1	2
X	8409365	8410277	1	2
3R	5235729	5235843	1	2
2R	10640450	10640514	1	2
3R	21366339	21366450	1	2
2L	2029757	2029836	1	2
3R	23983904	23984485	1	2
2R	7742671	7742873	-1	2
2R	16386751	16398829	1	2
2R	6695832	6695892	-1	2
X	4930066	4936013	-1	2
X	5794341	5794423	1	2
X	2066107	2071710	1	2
2L	19446027	19446097	1	2
X	11369928	11373817	1	2
3R	10108912	10108976	-1	2
2L	8670007	8671701	1	2
2L	18611709	18611769	-1	2
2R	14277507	14299553	1	2
3R	8814678	8815371	-1	2
X	18860943	18861046	1	2
X	15176122	15177693	1	2
3L	21641363	21641974	1	2
3L	16070931	16071109	1	2
3R	12462464	12463578	-1	2
3L	9401607	9402280	-1	2
2L	7831877	7832618	1	2
3L	3322843	3322910	-1	2
X	8874402	8874512	-1	2
3L	3186900	3186963	1	2
2R	7666947	7667004	1	2
X	6284891	6284974	-1	2
2L	16176803	16176865	1	2
3R	7694631	7713639	1	2
3R	4598769	4599396	-1	2
X	15860251	15861224	1	2
3R	21785763	21804540	-1	2
X	12919381	12942269	1	2
3R	30133112	30133627	-1	2
3R	17921470	17937522	1	2
2R	17217076	17275410	1	2
3L	1637270	1637674	-1	2
2R	11888511	11888575	-1	2
2R	8920557	8920620	-1	2
3L	3071385	3073081	1	2
3L	4429716	4430581	1	2
2R	6697576	6698049	1	2
3R	18248384	18250211	1	2
X	15755287	15755347	-1	2
2R	19176742	19177289	1	2
3L	17061752	17065170	-1	2
3L	19575060	19584311	-1	2
3R	15844765	15844822	-1	2
X	4698642	4699611	1	2
3R	24488612	24488781	1	2
3R	21068778	21068838	1	2
X	13409750	13409814	-1	2
2R	16610296	16618804	1	2
3R	11604240	11604586	-1	2
3R	18023381	18023435	1	2
2R	16204755	16204825	-1	2
2L	2772560	2780830	-1	2
2L	7831909	7832644	1	2
X	19836755	19848067	1	2
3L	17426671	17426728	-1	2
X	9152668	9153912	-1	2
3R	31935438	31936834	-1	2
4	576326	576979	1	2
2L	21311848	21319203	1	2
X	8517421	8531575	1	2
3L	9143324	9143527	-1	2
2L	4992993	4994198	-1	2
3L	1599915	1599979	-1	2
2R	6625401	6627093	-1	2
3R	4413368	4413436	-1	2
2L	6743030	6753940	1	2
2R	12264918	12273766	1	2
2L	20917221	20918103	-1	2
3L	4430094	4435637	1	2
X	5086893	5089494	1	2
2L	3714509	3716614	1	2
2L	7649084	7649304	-1	2
X	3952042	3952108	1	2
3R	27696832	27696889	-1	2
2L	16246023	16246319	-1	2
3R	24104779	24105450	-1	2
2L	21388843	21390218	1	2
3R	30000967	30001025	1	2
X	9684590	9684692	-1	2
3R	20204979	20206066	1	2
3L	2536219	2540977	1	2
3L	270110	270183	1	2
3L	5161088	5184469	-1	2
3R	24703054	24703118	1	2
X	13625404	13657062	1	2
2R	4565125	4565199	1	2
2R	9994578	9995778	-1	2
X	3178514	3186122	1	2
3R	23250202	23250257	-1	2
2R	4515598	4515815	-1	2
2L	2793265	2793328	-1	2
X	5082240	5082522	-1	2
2L	9903631	9906177	-1	2
3R	22486075	22486875	1	2
2L	6491376	6491435	-1	2
2L	6491506	6491568	-1	2
2L	1613424	1613983	1	2
3R	23994785	23995318	1	2
3R	9943588	9943677	1	2
3R	21784201	21785363	-1	2
3L	18749480	18749548	1	2
X	254922	254984	1	2
2L	15092486	15092550	1	2
3L	21420858	21420918	-1	2
4	1023681	1026770	1	2
3R	9627910	9627971	1	2
2R	14514085	14514153	1	2
3L	915810	950947	-1	2
3R	28603699	28604061	1	2
3L	5669083	5672055	1	2
3R	4309838	4309944	-1	2
2R	18688549	18692041	1	2
2L	11987388	11987472	-1	2
2L	11987495	11987696	-1	2
3L	17400888	17401023	-1	2
3L	9376571	9376843	-1	2
4	907909	908985	1	2
2L	5165636	5173475	1	2
2L	8083588	8089185	1	2
3L	9105247	9113328	-1	2
X	5903990	5904292	1	2
X	18861764	18861833	-1	2
2L	9291859	9295541	1	2
3L	9357343	9371508	-1	2
X	16685412	16685508	-1	2
3L	25890567	25924296	-1	2
2L	8384541	8384700	1	2
2R	22409718	22410170	-1	2
3L	6943102	6944383	1	2
3R	24048931	24049050	1	2
3L	16052175	16052755	1	2
2R	22801707	22802009	1	2
2L	10229127	10229185	-1	2
3R	28463807	28464079	1	2
X	273393	273470	-1	2
2R	18154976	18155211	-1	2
X	9152657	9153901	-1	2
2L	20648122	20648353	1	2
2L	9176658	9177125	1	2
X	11260227	11283054	-1	2
2L	18442439	18442505	-1	2
X	11901280	11901349	-1	2
2L	10248723	10248785	-1	2
2R	23976088	23976148	-1	2
X	7926700	7926765	-1	2
3L	27083594	27083724	1	2
3L	10587688	10587843	1	2
X	17769616	17776097	1	2
3L	7312231	7312708	-1	2
3R	29317970	29318069	-1	2
X	15402956	15410832	-1	2
2L	19493383	19493666	1	2
2L	10432179	10432242	1	2
3L	21837724	21837777	-1	2
2R	17672210	17672330	-1	2
X	9440117	9471999	-1	2
3R	20798410	20799639	1	2
2R	17781488	17781770	-1	2
3R	21306707	21307541	1	2
3L	7933235	7935378	-1	2
2R	16426999	16427758	1	2
3R	25303657	25303709	1	2
X	4698663	4699619	1	2
2R	16641693	16642052	1	2
3R	22729285	22729353	-1	2
3R	11394100	11394417	1	2
2R	12624087	12624149	1	2
2R	9284130	9284959	-1	2
3R	27935994	27936062	-1	2
3R	20974930	20975256	1	2
X	9089599	9090488	-1	2
X	6531219	6532072	-1	2
X	15989307	15989381	-1	2
2R	24047322	24047581	-1	2
3L	9351851	9351918	-1	2
2R	24665152	24665259	1	2
3R	20310639	20318977	1	2
3R	8727972	8728031	1	2
3R	22391864	22391920	1	2
2R	10439971	10443740	-1	2
2R	23689307	23689369	1	2
3R	8646323	8648474	-1	2
3L	15870808	15879108	-1	2
3R	19095664	19095934	1	2
2R	24532644	24535401	1	2
3R	20309690	20309904	1	2
X	16458511	16463040	-1	2
3L	8827864	8890349	1	2
2R	10090800	10091757	1	2
X	10871466	10871529	1	2
2R	23912322	23912384	1	2
3L	4322608	4322751	-1	2
4	1048559	1049187	-1	2
2L	11110740	11112331	-1	2
2R	21025604	21025877	1	2
3R	23983894	23984362	1	2
2R	23368425	23368482	1	2
3R	16579148	16583564	-1	2
3L	19889452	19896798	-1	2
2L	1716565	1724333	-1	2
2L	17464126	17464190	-1	2
2L	10847563	10847730	-1	2
2R	9056633	9059255	-1	2
2L	9702123	9706640	1	2
X	7285783	7285914	-1	2
2L	9968049	9968191	1	2
3L	25798743	25873860	-1	2
2R	18120665	18120728	-1	2
2R	11580863	11580949	-1	2
3R	13637884	13642249	-1	2
3L	23093879	23094684	1	2
2R	23924095	23924416	1	2
3R	29738330	29739737	-1	2
X	9152680	9153365	-1	2
3R	28087227	28090119	1	2
3L	17400534	17400940	-1	2
2R	13810364	13810479	1	2
2L	449321	449435	-1	2
2R	9089225	9089291	1	2
X	4353614	4353944	1	2
3R	21267558	21267620	-1	2
X	17143733	17146852	-1	2
3R	31595080	31595434	-1	2
2R	24158921	24158974	1	2
4	1033685	1034321	1	2
3R	9358459	9359291	1	2
3R	1191976	1342196	1	2
3R	20975955	20976045	1	2
X	15852740	15853143	-1	2
3L	13537759	13664689	-1	2
3R	26043567	26048896	1	2
2L	155640	155959	1	2
X	9165887	9184125	1	2
2R	2872621	2937016	1	2
X	17143772	17146798	-1	2
3L	9374501	9374672	1	2
X	12656153	12656334	1	2
X	16444443	16444876	1	2
2L	5908636	5908690	1	2
2L	8647401	8667372	1	2
3L	12169149	12174754	-1	2
2R	15119372	15127800	1	2
2R	12659066	12659124	1	2
X	9473267	9499874	-1	2
2R	15382414	15383403	1	2
3R	27230445	27230568	-1	2
3L	9716246	9716438	1	2
2R	10489428	10532039	-1	2
3L	20773859	20776683	1	2
3L	26008178	26010107	-1	2
3R	31217945	31218943	-1	2
X	13746683	13754871	-1	2
3R	14610108	14615729	1	2
X	9172367	9177189	1	2
X	20923611	20924978	-1	2
3R	22085866	22086233	-1	2
3R	25110686	25110743	-1	2
X	16532731	16582239	-1	2
2L	9684275	9697904	-1	2
2R	1369206	1378490	-1	2
2L	2226002	2226059	-1	2
3R	5735098	5735159	-1	2
4	1181282	1181590	-1	2
X	20234361	20234775	-1	2
3L	5560682	5560746	-1	2
2L	10308754	10308813	-1	2
X	22534538	22534609	-1	2
3R	21267454	21267510	-1	2
X	13688572	13700872	-1	2
X	13967807	13967903	-1	2
3L	4379581	4380287	-1	2
X	16958615	16958677	-1	2
2R	12278216	12278623	1	2
3R	17916196	17916363	-1	2
2R	9530207	9532346	1	2
2L	11803899	11804224	-1	2
4	925949	926011	-1	2
4	1144114	1145208	-1	2
2R	20238005	20238259	1	2
3L	21623549	21623691	-1	2
X	13446765	13453282	1	2
X	13769555	13769811	1	2
2L	12040203	12040265	1	2
3R	19027438	19027825	1	2
3L	1019273	1022678	-1	2
3L	3743773	3745845	-1	2
X	3256318	3258614	1	2
2R	14276429	14276979	1	2
2R	1265946	1266162	1	2
X	9152682	9153891	-1	2
X	5793692	5794300	1	2
2L	13462276	13462330	1	2
2L	23038441	23064919	-1	2
X	252804	253069	1	2
X	9531172	9550434	-1	2
2R	16650498	16650964	1	2
2R	25000161	25002288	-1	2
3R	14277543	14286209	-1	2
3L	11760111	11765412	-1	2
X	9152668	9153909	-1	2
3L	10182541	10186035	-1	2
3R	7270092	7270645	1	2
3R	15055115	15057034	-1	2
X	4698663	4701019	1	2
3R	11335556	11400915	1	2
2L	12709310	12709375	-1	2
3R	22018717	22018780	-1	2
3L	20476814	20484355	1	2
3R	17539307	17539362	-1	2
3R	18406428	18406489	-1	2
3R	30024623	30025466	1	2
2R	9591301	9591365	1	2
2R	18154827	18155101	-1	2
3R	5593716	5594572	1	2
3R	10070924	10071106	1	2
3R	11329514	11329605	1	2
3R	21673057	21673306	-1	2
3R	26873556	26873860	-1	2
2L	5127058	5139359	1	2
X	16100350	16104804	-1	2
X	5793675	5794322	1	2
4	1165488	1165550	1	2
3R	8817410	8818674	-1	2
3L	7014396	7051998	1	2
2L	10269320	10269376	1	2
2L	1855798	1856430	1	2
2R	21921593	21929402	1	2
3L	5424377	5429163	1	2
2L	7786425	7786701	-1	2
2R	22873637	22873828	1	2
X	19961601	19963955	1	2
2R	16612574	16618804	1	2
3L	21907615	21927815	1	2
2R	2788138	2788200	-1	2
2L	19047542	19047929	1	2
3R	30808969	30826741	1	2
3L	2587514	2587751	1	2
2L	8088517	8089185	1	2
3L	838625	839250	1	2
2L	10431420	10431477	1	2
2R	17775231	17781067	-1	2
2R	23945825	23945898	1	2
X	10244624	10249963	-1	2
2L	2756165	2756245	1	2
2L	2961673	2961739	1	2
2R	14355906	14356599	-1	2
3L	3051794	3051983	1	2
2L	9292168	9295202	1	2
3R	4598872	4599685	-1	2
2L	5985197	5985355	1	2
2R	9997890	9998271	-1	2
3L	21421055	21421106	-1	2
2L	9292777	9295409	1	2
3R	27255664	27255726	1	2
2L	9854879	9869532	-1	2
3R	16644843	16644911	1	2
X	4698663	4699609	1	2
X	8293812	8295212	-1	2
2R	16429463	16429579	1	2
2R	14680173	14683549	-1	2
X	11430796	11432486	-1	2
2L	7444860	7444927	1	2
X	2110667	2110745	1	2
3R	9420048	9439295	1	2
3R	24425223	24425452	-1	2
3L	17400542	17400830	-1	2
3R	27923714	27924697	1	2
3L	23150330	23150453	1	2
3L	17401014	17401269	-1	2
3R	8247652	8250178	1	2
3L	19879480	19879536	1	2
4	503233	503851	1	2
3R	17504184	17505593	-1	2
3L	8508879	8508977	-1	2
3L	3899504	3899733	-1	2
X	8409308	8410277	1	2
3R	17909507	17915003	-1	2
3R	13695643	13695706	-1	2
2R	20734451	20745785	1	2
4	465550	465618	-1	2
3R	26701605	26701948	-1	2
X	11817824	11834301	1	2
3L	3145712	3145780	-1	2
2R	9510655	9510832	1	2
3R	4301164	4301248	1	2
X	631984	632044	1	2
3L	19998302	19999013	-1	2
3L	17401227	17401292	-1	2
X	8174223	8174816	-1	2
3R	16632295	16632362	1	2
3R	22782183	22784321	1	2
X	9684152	9685503	-1	2
3R	16297346	16298470	1	2
2L	10825837	10825949	-1	2
3L	21822886	21822941	1	2
3R	21785767	21807592	-1	2
3R	20319027	20319564	1	2
3R	11954315	11960758	-1	2
3L	10182516	10185979	-1	2
3R	11396353	11402791	1	2
2L	9493104	9494222	-1	2
2L	21382138	21390216	1	2
X	2641362	2641590	1	2
2L	23069262	23069892	1	2
2R	12506756	12506811	-1	2
2L	10007179	10007252	1	2
3L	15560818	15560985	-1	2
3R	12461951	12462009	1	2
2R	23689132	23689193	1	2
X	645914	645990	1	2
X	15795102	15796002	-1	2
3R	20254739	20254959	1	2
2R	19140907	19140958	1	2
X	5758989	5759585	1	2
3L	12155993	12156051	1	2
3R	31263574	31263627	1	2
X	6605532	6608501	1	2
4	634345	634410	1	2
3R	4702579	4704826	1	2
2L	21120415	21120479	1	2
2R	5615572	5616512	1	2
2L	4883588	4883646	1	2
3L	11709436	11710401	1	2
3R	17807979	17808036	-1	2
X	8908322	8916697	1	2
2L	11278979	11279626	1	2
2L	10331682	10331747	-1	2
3L	12116460	12116764	1	2
2L	75367	94176	1	2
X	5792397	5794410	1	2
X	13678754	13678855	-1	2
X	11398823	11400788	1	2
2L	13834661	13834722	-1	2
X	15299699	15305829	1	2
3L	19868865	19869103	-1	2
X	15761318	15762476	1	2
3L	21926621	21932642	1	2
3R	29173809	29178687	-1	2
X	6684675	6686917	1	2
3L	4136574	4136926	-1	2
3R	22515175	22515302	1	2
2L	8428066	8430279	1	2
X	7196724	7240529	1	2
3R	15295545	15299950	1	2
2R	4297251	4297358	-1	2
3R	7279901	7281742	-1	2
2R	16330399	16333034	-1	2
X	8408779	8409403	-1	2
2R	9096203	9096671	1	2
3R	30054480	30054544	1	2
2L	2772639	2779172	-1	2
3L	3051785	3051983	1	2
3R	24913582	24913827	-1	2
X	2642094	2669913	1	2
mitochondrion_genome	2630	2797	1	2
2R	6949981	6950041	1	2
X	9109695	9110822	1	2
3L	26008178	26013543	-1	2
3L	21161003	21171440	-1	2
2R	17471624	17471694	1	2
3L	241502	241564	-1	2
3R	15246386	15246438	1	2
3R	13017472	13019342	1	2
3L	3039819	3039927	1	2
3R	21785926	21820893	-1	2
2L	22576418	22576796	-1	2
3R	11754493	11764005	-1	2
2R	2909326	2937062	1	2
3L	9900697	9900761	1	2
X	1412170	1413418	1	2
X	19573465	19575358	-1	2
2L	16692125	16696585	1	2
3R	20975953	20976045	1	2
2R	23923394	23924002	1	2
2R	10104357	10108223	1	2
2R	17798146	17847125	1	2
2L	457563	458516	1	2
3R	13462896	13463979	1	2
3L	6790461	6794100	1	2
2R	5604517	5604583	1	2
X	19933730	19933788	-1	2
X	19933826	19933922	-1	2
X	11817922	11831269	1	2
3R	24061267	24061323	1	2
3R	9930546	9943481	1	2
2R	18474753	18475289	-1	2
3L	19999184	19999288	-1	2
X	13670060	13670129	1	2
3L	4363128	4363988	-1	2
X	2695226	2695393	-1	2
4	210676	212690	1	2
X	5794030	5794351	1	2
X	10381849	10382641	1	2
2R	11895340	11895571	1	2
4	632389	632448	1	2
2R	12199520	12199844	-1	2
2L	6646948	6647998	-1	2
3L	5561926	5562498	-1	2
3L	11254653	11255079	1	2
2L	5148883	5154248	1	2
3R	19871770	19871842	-1	2
2R	12260151	12273776	1	2
X	13701187	13701245	-1	2
3L	13584272	13602342	-1	2
X	9505028	9506171	-1	2
2R	23104094	23104150	-1	2
3L	3904286	3904506	1	2
3R	24319468	24319592	1	2
3L	22595911	22615708	-1	2
4	427611	427667	1	2
3L	5157389	5184753	-1	2
3L	25114668	25114724	1	2
X	6738004	6739490	-1	2
X	1399750	1400478	1	2
2L	12045477	12045584	-1	2
2R	12607715	12607916	1	2
2R	21502480	21510867	-1	2
4	281974	282436	-1	2
2R	16950481	16950541	-1	2
3L	9439052	9439150	-1	2
2L	1556916	1568012	1	2
4	261725	261777	1	2
2R	20255139	20255201	-1	2
3L	7312231	7312468	-1	2
3R	17909465	17909595	-1	2
2L	175448	183761	1	2
X	16707935	16708159	1	2
2L	20562763	20575469	1	2
3R	20779258	20779373	1	2
3R	30517185	30517330	-1	2
3R	5796059	5796429	1	2
3R	23983933	23984305	1	2
3R	15215091	15215339	-1	2
3L	4004342	4004516	1	2
2R	22423723	22423785	1	2
4	650179	652963	-1	2
2R	6210227	6210287	-1	2
2R	7936421	7936485	1	2
2L	133716	134009	1	2
3L	7979681	7980400	-1	2
2R	24771791	24771849	-1	2
3R	26861144	26861201	-1	2
X	10081872	10081933	-1	2
3R	9466632	9467980	-1	2
2R	2495024	2515643	-1	2
3R	23921710	23922896	-1	2
2R	15679755	15679916	-1	2
2L	4823236	4825608	1	2
3R	26699880	26699948	-1	2
3R	5781887	5785177	-1	2
X	4323588	4324160	1	2
3R	20974610	20975239	1	2
2L	8383262	8383326	1	2
2R	14622021	14622240	1	2
3L	7854248	7855241	-1	2
2R	19023684	19023862	-1	2
3L	17634547	17643363	-1	2
3R	14367500	14369544	-1	2
3L	7828713	7853183	-1	2
4	664341	664988	1	2
X	5794341	5794448	1	2
3R	10548655	10561909	-1	2
3L	486885	489953	-1	2
3L	8470188	8470285	1	2
3R	4295701	4296300	1	2
4	1224496	1229994	-1	2
2R	8000843	8001448	-1	2
X	11622062	11622313	1	2
X	3290292	3290930	1	2
3R	29457768	29461813	1	2
2R	18477024	18497705	-1	2
2R	23688711	23690442	1	2
2R	24993922	24994012	-1	2
3R	4301112	4301256	1	2
2R	12428843	12428910	-1	2
3R	4659826	4660239	1	2
3L	8415458	8415527	1	2
X	1775739	1778612	1	2
3L	10694727	10695024	-1	2
3R	9754339	9754397	-1	2
2R	23811725	23811795	-1	2
2L	10218890	10220693	-1	2
2R	19815631	19815689	1	2
2L	19612797	19613266	1	2
3L	7975688	7975758	-1	2
3R	19756122	19756976	1	2
3L	8269846	8270456	1	2
2R	12590748	12590915	1	2
2L	16169230	16169518	1	2
3R	19244965	19245030	-1	2
3L	27974141	27987738	-1	2
3L	9508134	9508220	-1	2
3L	11996964	11997025	-1	2
3R	10291457	10291573	1	2
3L	22832950	22833369	-1	2
3R	23692013	23692071	-1	2
X	647638	647703	1	2
2R	13416926	13417279	-1	2
X	5793683	5794351	1	2
2L	9292243	9293015	1	2
3R	4324812	4324873	1	2
2R	6625309	6626800	-1	2
3R	14617010	14617175	1	2
X	17909267	17910569	1	2
2R	9504565	9504655	1	2
2L	4845159	4845254	-1	2
2L	4968369	4968432	-1	2
3R	12752627	12754631	-1	2
X	9554929	9555063	1	2
2R	16984491	16984699	1	2
3L	853406	853469	1	2
X	1411950	1413418	1	2
3R	4284407	4285813	1	2
3R	18577585	18586279	1	2
3R	5273738	5335864	-1	2
3R	31746739	31746901	-1	2
2L	6666579	6667369	-1	2
3L	17040067	17040138	-1	2
X	12773635	12784702	-1	2
2R	326940	348382	1	2
X	8548526	8551750	1	2
2R	13506794	13509789	1	2
2L	12040380	12040438	-1	2
3L	3828957	3842139	1	2
X	14838762	14838818	-1	2
2R	6755566	6756109	1	2
2R	24727160	24736619	-1	2
2L	1651992	1653377	1	2
X	4428635	4428752	1	2
2L	10343739	10343819	-1	2
X	19631067	19632637	-1	2
2L	10416041	10416104	1	2
3R	31933961	31935160	-1	2
3R	9487093	9493011	-1	2
X	8238189	8238252	1	2
2R	8960214	8960277	1	2
2L	13394443	13394509	-1	2
4	335074	342922	-1	2
3R	9241083	9241147	-1	2
3R	21767526	21803944	-1	2
X	9148626	9148695	-1	2
3R	17320453	17320756	-1	2
2L	2407898	2410474	1	2
2R	18544064	18544120	1	2
4	548144	549259	-1	2
2R	7815728	7822143	-1	2
2L	19585916	19585983	1	2
X	13847099	13985374	-1	2
2R	22179992	22182471	1	2
2R	14622532	14622713	1	2
X	16082976	16087211	-1	2
2R	3182520	3245497	1	2
2L	9291835	9295438	1	2
3L	3746012	3746305	-1	2
3R	20033459	20033516	1	2
2R	8327909	8396121	1	2
3R	31935776	31935895	-1	2
X	12868154	12868228	-1	2
3L	1666368	1666554	-1	2
2L	6110688	6110869	1	2
2L	14040446	14041321	1	2
3L	12577615	12580486	1	2
3L	17649247	17653992	1	2
X	3337954	3338026	1	2
2L	9789616	9789675	-1	2
X	2554418	2572974	-1	2
3R	25272932	25272989	1	2
2L	10357436	10357492	1	2
3R	26270089	26274776	1	2
X	14691404	14691659	-1	2
3R	30177551	30177619	1	2
2R	13497534	13497613	-1	2
3R	20974885	20975230	1	2
3R	21355090	21375060	-1	2
3R	18199375	18199534	-1	2
2L	871275	871341	1	2
3L	1631783	1634740	-1	2
4	104529	107403	1	2
X	7906182	7906249	-1	2
2R	17867254	17867438	-1	2
X	4141955	4142050	-1	2
3R	5335061	5349830	-1	2
3L	8129791	8129852	1	2
2L	6061017	6061284	-1	2
X	12989077	13076894	1	2
3L	3738637	3741996	-1	2
X	628544	628600	-1	2
3L	24131238	24153152	1	2
3L	11128349	11128413	-1	2
X	19866380	19866793	-1	2
2R	23910508	23911391	1	2
3L	3158665	3158866	-1	2
2R	20749178	20750218	1	2
X	11793519	11793798	1	2
3L	5424166	5429163	1	2
2R	8079129	8079194	-1	2
2L	4227750	4228012	1	2
3R	17967010	18013542	1	2
3L	19371245	19372166	-1	2
3L	10182516	10186035	-1	2
X	3689483	3692953	1	2
3R	9016269	9016335	1	2
X	16483890	16486380	-1	2
2R	14865275	14865342	-1	2
3L	6947916	6948532	1	2
3R	11401943	11404240	1	2
2L	17409300	17409359	1	2
2R	16925285	16925705	1	2
3R	22678773	22678830	1	2
2R	12517775	12517837	-1	2
3R	29156044	29156302	1	2
3R	28084617	28085405	-1	2
2L	16891738	16891793	1	2
3R	24035030	24035264	-1	2
3R	24035327	24035614	-1	2
2R	10106453	10107467	-1	2
2L	8427094	8427158	1	2
3R	11688642	11688707	-1	2
3L	16077125	16077192	1	2
2L	17809403	17810823	-1	2
2R	14981824	14989553	1	2
3R	21353238	21375060	-1	2
2L	9256815	9256893	1	2
3R	29133962	29134557	1	2
X	21851612	21853793	-1	2
X	2115198	2115316	1	2
2R	5860436	5860690	1	2
2R	20468423	20468799	1	2
2R	10025247	10025850	-1	2
2L	10264819	10265013	1	2
3L	16542080	16543165	-1	2
3R	25605155	25606724	1	2
3L	13538002	13538373	-1	2
2R	20320689	20321678	1	2
X	4702592	4702824	-1	2
3R	23890828	23890884	-1	2
3R	9234665	9237272	-1	2
2L	5543608	5545406	1	2
3R	20802552	20805947	1	2
3L	5160305	5184229	-1	2
2L	18607091	18607154	1	2
X	15862806	15863090	1	2
2R	12409425	12409475	1	2
2L	19587377	19600858	1	2
2R	9432179	9432235	1	2
X	12713315	12713661	-1	2
3R	1455092	1467146	1	2
3L	24074549	24075146	1	2
3R	6561677	6566135	-1	2
2R	17008537	17008597	-1	2
X	19572426	19572497	-1	2
3R	8011235	8011295	-1	2
3L	4558309	4563190	1	2
3R	23983939	23984315	1	2
3R	26532423	26535159	-1	2
2L	1726656	1727646	-1	2
X	11369508	11369574	-1	2
3L	9728620	9728713	1	2
3R	5368686	5368744	1	2
X	7698978	7699048	1	2
2L	1139068	1139124	1	2
3L	4090371	4090588	1	2
4	939118	940174	1	2
X	268708	273922	-1	2
2R	23944904	23944960	1	2
2R	8119621	8122257	-1	2
3L	19820002	19828317	1	2
3L	20515384	20515444	-1	2
3R	23768330	23768457	1	2
3L	11252697	11255901	1	2
3L	6754494	6754745	-1	2
2R	6625394	6627470	-1	2
3R	26453242	26453569	1	2
2L	19896268	19901966	1	2
3R	17966988	18013515	1	2
3R	15246363	15246442	1	2
2R	16764553	16765328	-1	2
2L	4314616	4318594	1	2
X	2951942	2965180	-1	2
3R	31091563	31091686	-1	2
2L	21176377	21176509	-1	2
3R	9927167	9929313	1	2
X	1386363	1389601	1	2
2L	10216451	10216510	-1	2
2L	10412365	10412425	-1	2
3R	21297490	21298308	1	2
3R	4413007	4413241	-1	2
X	5403031	5403742	1	2
2L	21666378	21668106	-1	2
2R	23848800	23850571	-1	2
2L	6726541	6726599	1	2
3R	8817733	8819131	-1	2
X	14827951	14831791	-1	2
3L	3133419	3139598	-1	2
3R	21807735	21808307	-1	2
3R	24232975	24235817	1	2
2R	23992575	23992635	-1	2
2R	10445625	10448199	1	2
X	11161719	11161783	1	2
3R	17909517	17915016	-1	2
3L	13411368	13411442	-1	2
2R	16032435	16036485	1	2
3L	10862070	10866497	1	2
X	13713360	13713424	1	2
X	10245152	10248392	-1	2
X	3749095	3762387	1	2
X	14971799	14986273	1	2
X	5794341	5794455	1	2
3L	18460070	18460224	1	2
3L	20881811	20885037	-1	2
3L	11196876	11197291	-1	2
3L	1518421	1523090	1	2
3L	3717373	3743324	-1	2
3L	12472833	12473185	1	2
2R	23865774	23866187	1	2
3R	20438224	20449445	-1	2
3R	13642428	13643044	-1	2
3L	17400534	17401074	-1	2
2L	6646948	6647794	-1	2
2L	15252795	15253234	1	2
2R	24664457	24664516	1	2
X	15895922	15906231	1	2
X	8216361	8216702	1	2
2L	10377389	10377797	1	2
3L	21341516	21341575	-1	2
3R	5454923	5455302	1	2
3R	5455370	5455451	1	2
3R	31799374	31799439	1	2
3L	12745926	12745981	1	2
3L	20842350	20842403	1	2
3R	29149455	29149708	1	2
2R	12273928	12277100	1	2
2R	24047362	24047505	-1	2
2R	12569406	12569461	-1	2
2R	24022921	24023785	1	2
2R	13158963	13159017	1	2
3R	9634476	9634537	-1	2
2L	1974676	1975277	1	2
X	5793206	5794300	1	2
3R	20974692	20975239	1	2
3R	23983955	23984305	1	2
3R	5255743	5255873	-1	2
3R	27418981	27436190	-1	2
2L	1711331	1711669	1	2
2R	14277171	14279288	1	2
3L	9179982	9180569	1	2
3L	4432523	4432904	1	2
X	13285384	13285521	-1	2
X	13985736	14040155	-1	2
3L	8307381	8307593	-1	2
3R	7087909	7088670	1	2
3L	10662047	10662916	1	2
3R	8823070	8823436	-1	2
2R	17207918	17208002	1	2
3R	18095633	18095730	1	2
3R	13114241	13135747	1	2
4	1124332	1124436	1	2
X	13784229	13785707	1	2
3R	12628985	12629222	1	2
X	13050411	13059208	1	2
3R	19178201	19178882	-1	2
3R	22712475	22712805	-1	2
2L	5973408	5973526	-1	2
2R	9370379	9370442	-1	2
3R	8735444	8735509	1	2
2R	12183578	12183639	1	2
3L	5750364	5750551	-1	2
3L	23216108	23227438	1	2
2R	13148891	13148953	-1	2
3R	23983898	23984422	1	2
3R	25875240	25875659	-1	2
2R	9505469	9507863	1	2
3R	17920320	17920476	1	2
2L	1016077	1016139	-1	2
X	3720397	3720471	1	2
X	5792597	5792709	1	2
3L	9894952	9895476	-1	2
2R	4599729	4609260	1	2
3L	16414222	16414284	1	2
X	11225218	11225866	-1	2
3R	11638233	11638330	1	2
2R	15936584	15938115	-1	2
X	10077369	10078486	-1	2
2L	19896268	19901933	1	2
3L	4173277	4173338	1	2
2R	18689250	18692041	1	2
X	8905445	8905537	1	2
3L	23102262	23103074	1	2
3R	7497366	7504514	-1	2
2R	23967463	23967516	-1	2
3R	18007132	18007262	1	2
2R	7020584	7020637	1	2
3L	3892990	3893533	1	2
2R	5202064	5203752	-1	2
X	9667195	9684073	-1	2
X	11829039	11833359	1	2
3R	21303053	21303331	1	2
4	1115898	1115956	-1	2
3R	17071570	17071632	-1	2
2R	9897691	9898375	1	2
3L	22136722	22244695	1	2
3R	24371022	24371197	-1	2
X	16452356	16452869	1	2
3R	24346987	24347081	-1	2
3L	14840412	14840463	1	2
3L	21437	21821	-1	2
2L	16168516	16169487	1	2
X	14274017	14274204	1	2
3R	9445394	9447813	1	2
3R	6359311	6359382	1	2
3R	15076466	15077036	-1	2
3R	5754448	5754509	-1	2
X	1373635	1374797	1	2
3R	14124863	14124925	-1	2
3R	4295635	4301300	1	2
3R	12465761	12511103	-1	2
2L	17902774	17902853	-1	2
4	1166853	1169167	1	2
X	1474010	1474675	-1	2
3L	3057765	3057829	-1	2
2L	21311018	21311193	1	2
4	883082	883143	-1	2
3R	29735656	29735714	-1	2
2L	1359271	1359332	-1	2
X	18640198	18640266	-1	2
3R	22018828	22018992	-1	2
2R	18708189	18708262	-1	2
2R	24727160	24736504	-1	2
2R	14987884	14988333	-1	2
3R	8817724	8820370	-1	2
3L	22076137	22076248	1	2
3R	30010843	30011450	-1	2
2L	7824481	7824580	1	2
3L	13664752	13666386	-1	2
2R	15216861	15216942	1	2
X	5167007	5174631	1	2
3L	1318048	1318115	1	2
X	23283521	23431439	1	2
2L	9294186	9295392	1	2
2L	6678934	6679986	-1	2
X	10256811	10260900	1	2
3R	4303181	4304406	1	2
3R	31936716	31937270	-1	2
3L	17400567	17400810	-1	2
X	15870499	15875385	1	2
3L	5983886	5983951	-1	2
3L	17437544	17437607	1	2
3R	23983899	23984355	1	2
3L	3312750	3312815	1	2
2R	24059283	24059339	1	2
2L	8545084	8669143	1	2
2R	13808862	13808951	1	2
2R	16564025	16564983	-1	2
3L	23019098	23019155	1	2
3R	11329147	11400796	1	2
3L	19802841	19802898	1	2
2L	1555747	1556540	1	2
X	12411311	12411365	-1	2
2L	20095940	20096003	1	2
2R	12607036	12611860	1	2
2L	3730793	3745429	-1	2
2R	8948370	8948517	-1	2
2L	5043017	5043078	-1	2
4	1052515	1053195	-1	2
3L	5503694	5503858	-1	2
3R	24788280	24790117	1	2
X	10229508	10229583	1	2
X	6603391	6605180	1	2
3R	23983911	23984549	1	2
2R	19629071	19630203	-1	2
3R	16577043	16577321	-1	2
3L	17730342	17738639	1	2
3L	10689568	10690457	1	2
X	22995789	23004612	-1	2
2R	9096992	9097062	1	2
3R	11337066	11338237	1	2
3R	29064613	29085854	1	2
4	465316	466501	-1	2
3L	11785116	11787058	-1	2
X	15300623	15305829	1	2
3R	20838262	20838325	1	2
2L	13383665	13383737	1	2
X	15967231	15972205	1	2
2R	23191605	23203567	-1	2
3R	5669158	5669290	-1	2
3R	3627018	3627536	1	2
3R	24104974	24105130	-1	2
X	11817285	11837351	1	2
3L	25978392	25985762	-1	2
2R	8930381	8930434	1	2
X	10244627	10249776	-1	2
2L	1170973	1171030	-1	2
4	1296021	1296076	1	2
3R	17920026	17920485	1	2
3L	11494733	11494846	1	2
X	13336380	13337505	-1	2
X	13337540	13337607	-1	2
3R	10299059	10299634	1	2
X	12250259	12258559	1	2
3L	3717377	3742979	-1	2
3R	11377216	11378035	1	2
2R	7674193	7674255	-1	2
2L	2095178	2109666	-1	2
2R	17015203	17015663	-1	2
3R	23983904	23984353	1	2
3R	23849130	23849188	1	2
3R	17541587	17541667	1	2
3R	9364535	9364592	1	2
2R	18820414	18821687	1	2
2R	12274238	12278617	1	2
2R	13215800	13215856	-1	2
2R	2053619	2116217	-1	2
3L	3907986	3908123	-1	2
3L	27420842	27420952	1	2
2R	24892079	24892157	1	2
2L	12362650	12385562	1	2
3R	13381498	13381557	-1	2
3R	17492180	17492436	-1	2
2L	19702026	19702327	1	2
2R	10790264	10794125	-1	2
X	4676573	4679265	-1	2
3R	24104967	24105193	-1	2
3R	19230921	19231976	-1	2
X	18813994	18819776	1	2
3R	28825702	28825765	-1	2
2R	7515907	7515968	1	2
3R	15264543	15264605	1	2
2R	5668452	5669727	1	2
4	553184	553258	-1	2
X	22536995	22537256	-1	2
X	13196976	13197038	-1	2
X	11406472	11407516	1	2
X	18039731	18040261	-1	2
X	11622186	11623753	1	2
X	15321894	15322652	1	2
3R	31741833	31741910	1	2
3L	6951994	6952534	-1	2
2R	21184455	21184518	1	2
2R	16924789	16926346	1	2
X	12731907	12742177	-1	2
2R	4693169	4693248	-1	2
X	15981673	15981739	-1	2
3L	9138698	9138773	1	2
3L	5156061	5272722	-1	2
2R	16938792	16938854	1	2
2R	21184143	21192147	1	2
X	16514185	16521626	-1	2
3R	9569588	9569649	-1	2
3L	18560705	18573742	1	2
X	4913784	4913846	1	2
3L	20992892	21025402	-1	2
3R	9778145	9778774	1	2
2L	10396983	10398035	1	2
3L	2962235	2962289	1	2
3L	13522579	13537067	-1	2
X	5177623	5186903	1	2
3R	9716451	9716517	-1	2
2L	8388196	8388587	1	2
3R	11400450	11400785	1	2
3R	22465676	22465737	1	2
3L	19199498	19211467	-1	2
X	9091178	9091410	1	2
3R	13636526	13642299	-1	2
3L	14053487	14053609	1	2
X	6277217	6277444	-1	2
3L	20844462	20845581	-1	2
2R	21412419	21416880	-1	2
3R	14733017	14733224	-1	2
2R	19447578	19448087	-1	2
2L	5211062	5211191	1	2
2R	4712776	4719770	-1	2
2L	6054490	6059415	1	2
3R	28319491	28319959	-1	2
X	11570777	11570867	1	2
2L	8320867	8321624	1	2
2L	6682871	6683726	-1	2
2R	10439632	10448199	1	2
2R	7048180	7048244	1	2
3R	21297081	21298409	1	2
2L	6379281	6380648	-1	2
2L	16313451	16314451	-1	2
3L	17070728	17235642	-1	2
2L	2401149	2410039	1	2
4	1140421	1140487	-1	2
X	19875889	19899012	1	2
3R	30507825	30507880	1	2
2R	8963288	8963850	-1	2
4	570177	570234	-1	2
2R	21872695	21878730	1	2
2L	1836784	1837019	1	2
3R	21306127	21307517	1	2
2R	13445139	13445547	-1	2
X	19655229	19655298	1	2
2R	9504484	9504672	1	2
3R	17920069	17920160	1	2
X	16423670	16426049	1	2
X	20443582	20447581	-1	2
X	19342945	19343118	-1	2
2R	8919464	8919524	-1	2
X	62916	62971	-1	2
3L	13042540	13043166	1	2
2R	12590746	12590915	-1	2
3R	17321505	17327233	-1	2
3L	17065558	17147751	-1	2
2L	18470929	18471154	1	2
2L	6875538	6897094	1	2
X	18392482	18392549	-1	2
4	549874	550754	-1	2
2L	325800	334393	1	2
X	5904033	5904555	1	2
3L	15504158	15504219	-1	2
3L	9474125	9474188	1	2
2L	3265175	3265643	-1	2
2R	14276429	14277188	1	2
2R	6952222	6959751	1	2
2R	2753466	2754394	1	2
4	280432	280497	-1	2
X	16626155	16636591	-1	2
3L	14792106	14799746	1	2
3L	14075460	14075710	1	2
3R	20315941	20318977	1	2
2L	7977136	7984057	-1	2
2R	13806719	13806797	1	2
2L	343730	344042	1	2
3L	3312403	3312515	1	2
3R	21135818	21135873	1	2
3L	984059	984137	1	2
3R	14033921	14033987	1	2
3L	8449970	8450233	1	2
3R	23983928	23984305	1	2
3L	1499880	1501351	-1	2
X	16527900	16532650	-1	2
3R	12465559	12508022	-1	2
3L	3310707	3310772	1	2
3R	5083883	5086257	-1	2
3R	23693148	23693335	-1	2
X	5176637	5176726	1	2
X	16082720	16091452	-1	2
X	15702416	15702509	-1	2
2L	2400351	2401107	1	2
3R	7859438	7862919	-1	2
2R	9889736	9891235	-1	2
3L	20522682	20523203	-1	2
3L	13023394	13023483	1	2
3R	21771837	21771902	-1	2
2R	20424657	20429404	1	2
2R	24383378	24383436	-1	2
2L	17373518	17373579	-1	2
3R	18217983	18218036	1	2
3R	16292835	16295669	1	2
2R	24604939	24604994	-1	2
2R	24573937	24573996	1	2
3L	9624373	9624425	1	2
3L	20108690	20108748	-1	2
X	17930816	17931687	-1	2
2R	13817610	13817888	1	2
3L	18928258	18930065	-1	2
2L	19512984	19513044	-1	2
4	472678	473147	-1	2
2L	19143849	19145794	1	2
2R	15292970	15293427	-1	2
3R	9419314	9419783	1	2
4	343061	348995	-1	2
X	12516729	12566453	-1	2
3L	17902117	17907232	-1	2
2R	16984785	16984842	1	2
2L	15908279	15939364	-1	2
2R	5092386	5094940	1	2
2R	16660267	16661255	1	2
2L	21681285	21681344	1	2
3L	23264171	23264221	1	2
3R	29685332	29685626	1	2
X	576915	578088	1	2
3L	8947890	8948883	-1	2
3R	21308147	21308425	1	2
X	13867158	13867367	-1	2
3R	31138446	31150394	1	2
X	19699173	19699680	1	2
3R	28083623	28084463	1	2
2R	16587512	16587604	-1	2
3R	24760718	24760790	-1	2
3R	21297145	21298276	1	2
3L	9374716	9374769	1	2
2R	16952054	16952152	1	2
3R	7886169	7886477	-1	2
2L	3989801	3990890	-1	2
2L	6069251	6069347	1	2
3L	21845251	21845342	1	2
X	9163399	9164169	1	2
2R	23359926	23359990	1	2
3L	5658186	5659429	1	2
X	15989110	15989392	-1	2
3R	4645077	4645181	-1	2
X	15318828	15318969	1	2
2L	18845494	18855015	1	2
3R	17920026	17920508	1	2
3L	2587891	2588084	1	2
3R	9472340	9472405	-1	2
2L	7059199	7060966	-1	2
2L	2772654	2779181	-1	2
3L	18890282	18890346	-1	2
3L	14754551	14756904	-1	2
3L	7144007	7144060	-1	2
3R	8826589	8826643	1	2
2R	5320616	5325804	1	2
2R	6668257	6668309	1	2
3L	3899544	3900455	-1	2
2L	10994022	10995844	1	2
2R	9042610	9042666	-1	2
3L	12835350	12842780	-1	2
X	10846428	10846492	-1	2
2R	21698200	21698384	-1	2
X	4909320	4909452	1	2
2L	16704542	16704818	-1	2
2L	122995	123081	-1	2
3L	16070571	16070833	1	2
2L	15117492	15117554	1	2
2R	13273767	13273853	-1	2
2L	8088454	8089394	1	2
3L	13538872	13538943	-1	2
2R	10087605	10090543	1	2
3L	7529875	7532672	1	2
3L	9351851	9351918	1	2
X	10255473	10257903	-1	2
X	6684071	6684128	1	2
3L	21554181	21554554	-1	2
2R	22614722	22619805	1	2
4	653052	653870	-1	2
3R	12933835	12934395	1	2
2R	24243883	24244610	1	2
X	13590103	13590474	1	2
3L	12697004	12705220	1	2
2L	20789424	20789586	-1	2
3R	8817720	8819168	-1	2
X	12941812	12942102	1	2
2L	11803899	11804377	-1	2
X	8064460	8064533	1	2
2L	10011909	10012400	1	2
3R	18248416	18248533	1	2
2R	14276429	14278698	1	2
2R	9432317	9434428	1	2
3L	12785607	12785672	-1	2
3L	9177625	9178682	-1	2
3L	3114733	3120272	-1	2
X	8275484	8276194	1	2
2R	6626230	6627411	-1	2
2R	19412695	19418557	-1	2
2R	16859575	16859633	1	2
2R	19179110	19179377	1	2
2R	24185528	24185715	1	2
2R	22880219	22880478	1	2
2R	7956972	7958036	1	2
2R	22797204	22797780	-1	2
X	4539604	4539664	-1	2
3R	27080083	27082564	1	2
X	12572228	12582821	-1	2
2R	24021320	24021376	-1	2
X	16459577	16463615	-1	2
X	1044590	1044650	1	2
3R	8303012	8303065	-1	2
2L	9890484	9890542	-1	2
3R	31933998	31934999	-1	2
2L	420696	458823	1	2
2L	21389080	21390052	-1	2
3L	17043918	17043974	1	2
4	1303122	1315396	-1	2
2R	24393204	24393488	-1	2
mitochondrion_genome	11041	11277	1	2
3R	8817735	8818578	-1	2
3R	27789113	27797384	-1	2
X	17035404	17035476	1	2
2R	5604412	5604468	1	2
2R	19588744	19600882	-1	2
X	18192564	18199124	-1	2
3R	29490754	29490814	-1	2
3R	26649461	26651324	-1	2
X	2673619	2674597	1	2
3L	21845252	21845343	1	2
2L	872081	872208	1	2
3L	9547478	9552902	1	2
3R	17909517	17915069	-1	2
2L	5042888	5042961	-1	2
3R	25282826	25282893	1	2
3R	23983902	23984353	1	2
2R	1429729	1440929	-1	2
3R	12475830	12477411	-1	2
2L	13385360	13385674	1	2
X	10781044	10781596	-1	2
3L	2579521	2585605	-1	2
3R	24675801	24682308	1	2
3R	4284407	4286009	1	2
2R	13415616	13415875	-1	2
2L	21662453	21662518	1	2
4	133714	134671	1	2
X	3912055	3929621	-1	2
2R	16641697	16642052	1	2
2L	10247897	10250281	-1	2
2R	20325538	20325596	1	2
2R	22939002	22940079	1	2
2R	18913495	18954978	1	2
3R	4085579	4093946	1	2
2R	7739080	7758230	-1	2
3R	14733029	14733209	-1	2
X	11802612	11803519	-1	2
3R	26042900	26042995	1	2
3R	12476995	12477406	-1	2
2R	19407905	19410307	-1	2
3L	19802957	19803219	1	2
3L	2895060	2897244	1	2
X	5165907	5174767	1	2
3R	27885659	27904971	-1	2
X	17945349	17949921	-1	2
3L	7690997	7691513	-1	2
4	1255999	1261952	1	2
3R	26867783	26868356	1	2
3R	30133133	30134119	-1	2
4	1316272	1316390	1	2
2R	8930198	8930259	1	2
2R	14253289	14253352	-1	2
3L	7640707	7640850	1	2
X	9071802	9071872	-1	2
2R	982020	987550	1	2
2L	8826093	8829126	1	2
3R	5569972	5570028	1	2
3L	5747503	5747747	1	2
X	9094349	9094411	-1	2
3R	7872122	7885854	-1	2
3L	17400536	17400819	-1	2
3L	1283813	1284788	1	2
3R	30577559	30578117	1	2
2R	16859398	16859453	1	2
2R	16765446	16765564	-1	2
3R	23983911	23984461	1	2
X	17935151	17936586	-1	2
3L	1666597	1666782	-1	2
2L	10234951	10235028	-1	2
2R	18688380	18692041	1	2
2R	13490872	13491435	-1	2
3L	21342137	21342194	-1	2
X	20923614	20926962	-1	2
3R	9439420	9447893	1	2
3L	6944770	6946264	1	2
3L	17400534	17400866	-1	2
3R	30278549	30278611	1	2
2R	24020698	24020755	-1	2
3R	16059685	16059739	1	2
4	259371	259447	1	2
3R	4396803	4396860	-1	2
3L	17922464	17922521	1	2
4	66739	66840	1	2
X	18390714	18392540	-1	2
3L	6055664	6055717	1	2
2R	20468881	20469466	1	2
3R	28075765	28078161	1	2
3L	3198432	3198752	-1	2
2L	18477039	18483894	-1	2
2R	23955997	23956053	1	2
X	15904782	15905299	1	2
2R	17699898	17700081	1	2
3R	19899139	19899558	-1	2
3R	11954412	11960636	-1	2
2R	19486105	19486169	-1	2
X	572071	572137	1	2
3R	31813827	31817819	1	2
X	12656694	12657400	1	2
2L	21122928	21124135	1	2
3R	23983935	23984291	1	2
3R	21770577	21771335	-1	2
2L	21070247	21070411	-1	2
X	11373143	11373817	1	2
3L	14761727	14761784	-1	2
X	9684152	9686639	-1	2
X	11817230	11817904	1	2
3R	5659636	5660208	1	2
3L	3959897	3961572	-1	2
3L	20449636	20450266	1	2
3L	17401147	17401197	-1	2
3R	30001459	30001512	1	2
2L	415447	415512	-1	2
3R	23979456	23979515	1	2
3R	13384580	13384670	1	2
X	10234700	10238254	-1	2
X	6878484	6878546	1	2
2L	18120078	18123349	1	2
2R	13862236	13862298	1	2
2L	21381789	21381899	1	2
3R	11625187	11625475	-1	2
3L	27279540	27292882	1	2
2L	1017642	1017711	-1	2
3R	18248394	18248459	1	2
2L	18128067	18128131	1	2
X	6229791	6229849	1	2
4	87167	90678	1	2
3L	10516178	10517962	1	2
2L	1079066	1079121	1	2
3L	9665700	9667702	1	2
X	4086053	4086170	1	2
X	289273	290253	-1	2
X	11689544	11692799	1	2
3R	23806996	23807190	-1	2
3L	5750362	5750551	-1	2
X	6126858	6128378	-1	2
2R	2487639	2497045	-1	2
3R	23983719	23984290	1	2
2R	10643477	10644651	-1	2
2R	19435550	19435608	-1	2
2L	9292809	9293180	1	2
3R	26861934	26861991	-1	2
2R	14458830	14460044	1	2
3R	19086961	19087035	-1	2
3R	9589783	9589883	-1	2
3R	23209421	23209608	-1	2
X	19740712	19740844	-1	2
2L	8543838	8544485	1	2
X	5794280	5794405	1	2
2R	5144859	5148201	1	2
X	16842224	16842333	-1	2
3L	9105221	9106379	-1	2
X	10304422	10323566	-1	2
X	11802604	11803833	-1	2
2R	10090800	10093144	1	2
2R	11367102	11368548	1	2
3L	13045596	13046217	1	2
X	15991383	15991893	-1	2
3R	18716443	18718612	1	2
X	15860251	15861058	1	2
3R	22517046	22517156	1	2
3L	17848288	17849167	1	2
2R	15338211	15338399	1	2
3L	281735	282087	1	2
3L	1285111	1287932	1	2
X	5907519	5907589	1	2
3R	17821959	17836151	1	2
3R	15277556	15277614	-1	2
3R	24699427	24703021	1	2
3R	13635813	13642545	-1	2
3L	4575597	4582649	1	2
X	16792617	16795360	1	2
X	15752334	15752393	-1	2
3R	21785978	21807613	-1	2
3L	19627385	19627444	-1	2
3L	13798506	13802925	-1	2
4	1140902	1140956	-1	2
3R	12414757	12414871	1	2
2R	22602669	22602726	-1	2
3L	213977	214032	1	2
3L	265642	265698	-1	2
3R	27292331	27292391	1	2
3R	10167462	10170192	-1	2
3L	8926795	8928016	1	2
3L	20771865	20772605	-1	2
2R	23061774	23061838	-1	2
3R	5939939	5959006	-1	2
3R	8817846	8819928	-1	2
4	558169	560095	1	2
2R	20309747	20309813	-1	2
2R	19530701	19532176	-1	2
3R	9786078	9786135	1	2
3L	15093325	15094248	-1	2
3R	8414239	8443393	-1	2
X	2180333	2180391	-1	2
3R	11752962	11754348	-1	2
2L	21663984	21665037	-1	2
2L	19519160	19520534	1	2
2L	22253922	22257653	1	2
X	6591764	6593361	1	2
3R	30385819	30385895	-1	2
2R	14352733	14353012	1	2
3R	5601863	5601914	1	2
3R	21309540	21309817	1	2
3R	8817689	8818817	-1	2
3L	13995684	13996393	1	2
X	7779061	7779119	1	2
3L	5606667	5606723	1	2
X	4357277	4357345	1	2
X	17930777	17945219	-1	2
3R	7889439	7902149	-1	2
2R	19179859	19211856	1	2
4	991051	1007801	1	2
2R	24243544	24244366	1	2
2L	1173830	1173884	1	2
3R	11215611	11215693	-1	2
2L	17461844	17462168	-1	2
3R	16344378	16344445	1	2
3R	17320453	17320773	-1	2
2R	9528634	9530090	1	2
3L	9377414	9377613	-1	2
3R	27665743	27665800	1	2
4	1195593	1195660	-1	2
3L	16539341	16543165	-1	2
X	19598724	19598890	1	2
X	19198450	19198517	-1	2
3R	8108379	8111077	1	2
3R	11593355	11593633	-1	2
3R	11540102	11542067	-1	2
2L	22534932	22535001	-1	2
3L	16350774	16350833	-1	2
3R	5593557	5594500	1	2
3R	10613801	10618656	-1	2
2L	1012076	1013260	-1	2
3L	17053286	17054298	1	2
3R	8444688	8477419	-1	2
2R	7400013	7406038	-1	2
2R	14989616	14989682	1	2
2L	21381200	21382019	1	2
2R	13439153	13439217	-1	2
3R	21115102	21115251	1	2
3R	12811778	12811950	-1	2
3R	30388903	30389199	1	2
X	2637309	2641125	1	2
X	17865101	17886687	-1	2
3R	11224744	11224802	1	2
3L	7353760	7353850	-1	2
2R	21086938	21087781	1	2
3R	31216360	31216603	-1	2
2R	11589941	11590003	-1	2
2L	21129083	21130005	1	2
3R	20253015	20253627	1	2
3R	11224239	11224719	1	2
3L	11201643	11201696	1	2
3R	27633206	27633262	1	2
2R	14764000	14764060	-1	2
3R	14683741	14696485	-1	2
X	5756210	5759555	1	2
3L	21447498	21447556	1	2
3L	13539362	13541489	-1	2
3L	14789214	14789319	1	2
X	20233474	20234328	-1	2
2L	18392136	18392245	1	2
3L	20868036	20881630	-1	2
3L	5750358	5750551	-1	2
2L	21273772	21273828	1	2
2L	13415777	13420132	1	2
3R	5569272	5569400	1	2
X	13784277	13784444	1	2
X	13285402	13285580	-1	2
3R	31217178	31217740	1	2
X	15883368	15883433	-1	2
2L	18320731	18347735	1	2
3L	21570655	21570720	1	2
3R	23074002	23075015	-1	2
3L	13415928	13415995	1	2
2L	8525090	8525597	1	2
3L	5276364	5277614	-1	2
2L	10229612	10229705	-1	2
2R	12260168	12273766	1	2
X	12686979	12688480	-1	2
3R	4750527	4750794	1	2
3R	9522892	9524202	1	2
2L	10337294	10337368	1	2
3R	26874017	26874071	-1	2
X	9355176	9356001	-1	2
2R	14237883	14237948	-1	2
3L	23319475	23325642	-1	2
2R	6084378	6084508	-1	2
3L	3051766	3051983	1	2
2L	10250116	10250223	1	2
3L	24167812	24253793	1	2
2L	5522468	5522524	-1	2
3R	16274886	16274954	1	2
2R	5728306	5728374	1	2
2R	22876288	22876350	1	2
X	9134508	9134577	-1	2
2L	8711638	8711701	-1	2
3R	11396706	11399457	1	2
3R	30208201	30208390	-1	2
3R	24401350	24401409	-1	2
2R	10358120	10364687	-1	2
X	11851465	11851557	-1	2
3L	17037874	17037931	-1	2
2R	6625301	6627264	-1	2
3L	10154973	10156353	-1	2
3L	12788629	12797683	-1	2
3R	15375009	15375075	1	2
3R	31433889	31453311	1	2
X	15937755	15938232	-1	2
3R	9234665	9237424	-1	2
X	16686770	16687160	1	2
3R	31383209	31384083	1	2
2L	5729078	5729253	1	2
3L	9870099	9870158	1	2
2R	13827681	13829640	1	2
2L	21381665	21391488	1	2
3R	4404640	4404701	1	2
X	13985739	13985797	-1	2
3R	18248372	18250211	1	2
3L	6617316	6617768	1	2
3L	2684689	2689489	-1	2
3L	19628344	19629265	-1	2
2R	8883400	8883472	1	2
2L	16356471	16356540	1	2
X	5086202	5089707	1	2
3R	24853540	24853603	1	2
3R	17920423	17920476	1	2
3L	3036804	3040075	1	2
3L	3943295	3943356	1	2
2L	8210667	8210730	-1	2
2L	14040399	14041321	1	2
X	10627890	10630189	1	2
X	16798959	16799182	-1	2
3R	24576519	24577177	-1	2
2L	19034151	19034205	-1	2
3L	18667580	18667648	1	2
3R	13663052	13665453	1	2
2R	5604517	5604710	-1	2
3R	20974162	20976045	1	2
3L	19804410	19804477	-1	2
2R	12274075	12277122	1	2
3L	20236414	20239948	-1	2
2R	13830719	13830778	1	2
3R	19854054	19854408	-1	2
3R	23983921	23984290	1	2
3L	7325883	7325959	1	2
2R	8902760	8904521	1	2
2L	1843698	1858337	1	2
3L	7749024	7749688	1	2
3L	1003654	1003728	-1	2
3R	20438156	20449235	-1	2
3R	24259250	24263041	-1	2
3L	9376592	9376760	-1	2
2L	19048125	19048461	1	2
3L	7285218	7294791	-1	2
2R	11694582	11694655	1	2
X	23014109	23014453	1	2
X	15485493	15486498	1	2
2R	9207851	9207914	-1	2
2L	1970398	1973064	-1	2
3R	17872781	17900462	-1	2
X	8249079	8249756	-1	2
3R	4680838	4697191	1	2
2R	9309493	9388080	-1	2
2L	4882493	4882865	1	2
2L	10064544	10064790	-1	2
3R	27158329	27159422	1	2
3R	19416233	19457713	1	1
2R	2770711	2830866	-1	1
2R	9517947	9522218	1	1
3R	16263622	16263730	-1	1
X	5770380	5790960	-1	1
2L	4992978	4993351	-1	1
X	11817310	11817922	1	1
2R	12758218	12759429	1	1
X	10072686	10072749	-1	1
3R	27261941	27262227	-1	1
3R	31741170	31741627	1	1
X	8518053	8531852	1	1
3L	23319475	23325642	1	1
2L	7853703	7854991	-1	1
X	18907860	18908256	1	1
3R	25614562	25620827	1	1
2L	12254143	12262793	-1	1
2L	18320455	18392426	1	1
2L	3515108	3516864	1	1
4	446516	446589	1	1
2R	14902404	14902511	-1	1
2R	13831338	13833480	1	1
X	19880437	19880505	1	1
2R	17012709	17013285	-1	1
3R	10784924	10785403	1	1
X	15862800	15863090	1	1
3R	21785805	21805121	-1	1
3R	20964519	20973917	1	1
3R	23230271	23248848	-1	1
2L	1011660	1011957	-1	1
3R	4101389	4101465	-1	1
X	16694372	16694618	-1	1
2R	16107594	16108156	-1	1
3R	13647509	13652419	1	1
X	13861484	13862274	-1	1
X	14323300	14323649	1	1
3R	27924443	27924656	1	1
3L	1649227	1651174	1	1
X	10357816	10358073	-1	1
X	15886407	15887013	-1	1
2L	11110922	11110980	-1	1
2L	189954	190044	1	1
3L	16575348	16575717	1	1
X	20771306	20828742	-1	1
X	15891551	15921632	1	1
2R	15568507	15568751	-1	1
2L	2753517	2756060	1	1
3R	14733047	14733224	-1	1
3L	9373322	9373390	1	1
3L	10151104	10154762	-1	1
2L	12455547	12456527	-1	1
3L	9048978	9049153	-1	1
2R	6884659	6884729	1	1
X	624019	624564	1	1
4	500420	502162	-1	1
X	12938971	12941941	1	1
3R	20561356	20572489	1	1
X	3762555	3788887	1	1
2L	7832763	7840154	1	1
X	18371068	18374935	1	1
4	579918	579980	1	1
Y	1417143	1417403	-1	1
3R	9400460	9401123	-1	1
X	16450180	16450314	1	1
2R	23927860	23933422	-1	1
3L	17530423	17530809	1	1
3L	17530843	17546041	1	1
3R	11368517	11370248	1	1
2L	8321484	8326585	-1	1
2R	13185176	13189561	-1	1
3R	23889508	23889623	-1	1
3R	30389333	30389697	1	1
3L	22866028	22867109	1	1
X	8517891	8519022	1	1
2R	16155252	16155455	1	1
2R	8075608	8075665	1	1
2R	22932307	22932364	-1	1
3R	17915116	17916139	-1	1
2L	18617725	18631743	1	1
2L	18631775	18649598	1	1
3R	31390199	31390589	1	1
3R	28146942	28147500	1	1
2L	6067809	6067866	-1	1
4	351210	351586	-1	1
2R	16319297	16319350	-1	1
2R	12572606	12572690	1	1
3L	3924478	3925559	-1	1
3R	22389449	22389665	-1	1
X	4699109	4699421	1	1
2L	18476914	18476976	-1	1
3L	11112849	11113574	1	1
X	19328808	19348101	-1	1
3R	13464400	13465707	-1	1
X	8559580	8559653	-1	1
2L	10341933	10342150	-1	1
X	1691358	1692439	-1	1
3R	31228297	31229378	1	1
2L	16309354	16309602	-1	1
3L	869602	869663	1	1
2R	12619437	12619762	1	1
2L	11801515	11801899	-1	1
3R	26876756	26879479	1	1
2L	1653836	1690117	1	1
3R	9295249	9327014	-1	1
3R	18248842	18250266	1	1
3L	9098002	9106683	-1	1
3L	8708891	8718944	-1	1
3R	13451702	13459630	1	1
3L	13772999	13777913	-1	1
3L	16359579	16359675	1	1
2L	21175225	21175280	-1	1
3R	27256174	27256233	1	1
X	3289695	3290930	1	1
2L	9870263	9886019	-1	1
3L	5680550	5680633	1	1
X	881789	884322	1	1
3R	24064910	24104592	-1	1
2R	6011338	6011403	1	1
3R	18195021	18195090	-1	1
X	10781307	10781433	-1	1
X	13875936	13881967	-1	1
2L	10857011	10857071	-1	1
2R	7822421	7823096	-1	1
X	5785101	5785167	1	1
X	3689437	3692953	1	1
2R	9766424	9806810	-1	1
4	864412	865348	-1	1
2L	823855	824103	1	1
2L	22128614	22128986	-1	1
X	9172521	9177677	1	1
3L	7816726	7817437	-1	1
3L	17400491	17401224	-1	1
2R	22800788	22801981	1	1
3L	4090857	4092680	1	1
3R	20253119	20253614	1	1
X	9152675	9153911	-1	1
3L	15855742	15870625	-1	1
3R	31216385	31218969	-1	1
2R	23902165	23902232	1	1
2L	6571231	6572196	-1	1
4	694417	695214	-1	1
3R	10127437	10127492	-1	1
3R	10127531	10133513	-1	1
X	19719114	19720019	1	1
2R	14982862	14985095	1	1
3R	5593874	5594458	1	1
X	9152680	9153965	-1	1
3L	1884249	1884323	-1	1
X	11562458	11562519	1	1
2L	738269	738321	-1	1
3L	20099180	20099243	-1	1
X	17505642	17506609	-1	1
2R	14277404	14278226	1	1
X	290597	303508	-1	1
3R	22032319	22032655	-1	1
X	15758318	15760425	-1	1
3L	4092369	4092491	1	1
3R	25063878	25063935	1	1
X	11276949	11277316	-1	1
3L	9382616	9382672	1	1
X	15403084	15407051	-1	1
3L	4076718	4076799	-1	1
2L	7049999	7050775	-1	1
3R	12980197	12980253	1	1
X	14360890	14362353	1	1
3L	5658186	5665177	1	1
3L	17400508	17401097	-1	1
2R	8903084	8904582	1	1
3R	9342343	9359190	1	1
X	4699560	4753541	1	1
2L	6617232	6617293	-1	1
X	8681959	8684404	1	1
3R	31090764	31091035	-1	1
X	20233444	20234775	-1	1
3L	3073280	3088583	1	1
X	5651908	5652175	-1	1
X	9109757	9110822	1	1
3R	5530720	5530775	1	1
2L	2756175	2756289	1	1
2R	13416607	13418987	-1	1
3R	27670938	27670994	1	1
3L	3083810	3084808	1	1
4	1050610	1053654	-1	1
3R	21297130	21298258	1	1
3R	23608482	23608719	1	1
3L	2942988	2943335	1	1
2L	17189922	17196929	-1	1
3L	9160169	9192964	-1	1
2R	9469915	9470029	1	1
2R	19178873	19179377	1	1
2R	21480540	21481014	-1	1
X	15862862	15863096	1	1
2R	928284	928727	-1	1
3R	24196927	24221371	-1	1
2R	5975441	5978018	-1	1
3R	31600604	31600674	-1	1
3R	16635701	16635767	1	1
2L	9291425	9293658	1	1
3R	28088474	28088758	1	1
3L	18887216	18887553	-1	1
3L	23318895	23334672	-1	1
2R	2819257	2892118	1	1
3R	31745372	31745511	-1	1
3L	17401176	17458862	-1	1
X	18131269	18133053	-1	1
X	11424078	11430055	1	1
4	120767	129449	-1	1
3L	9605059	9605327	-1	1
3L	2670688	2671178	-1	1
3L	17400404	17401097	-1	1
X	23283182	23431918	1	1
X	13211299	13211549	-1	1
3R	13013377	13015108	1	1
3R	31959064	31975448	-1	1
3L	1860723	1860955	-1	1
X	6594314	6594384	1	1
3L	18893510	18893846	-1	1
3R	26048170	26048236	1	1
2L	23512964	23513041	1	1
X	271426	271488	-1	1
2L	5172166	5205409	1	1
2L	18995022	18995602	-1	1
3R	31769649	31769708	1	1
X	576823	578942	1	1
2L	1140729	1140965	1	1
X	9115909	9115971	1	1
X	11823377	11830844	1	1
3R	14621214	14621274	-1	1
X	15735175	15735244	1	1
3R	16149012	16149417	1	1
X	5672884	5673233	1	1
2R	10814592	10814874	1	1
3L	21074764	21075311	1	1
3L	17066841	17067137	1	1
3R	18931388	18977611	1	1
3L	3900572	3900800	-1	1
2R	578992	579044	1	1
X	12019264	12020594	1	1
2R	16327945	16333034	-1	1
2R	9934378	9940745	-1	1
X	13184770	13184944	1	1
3R	22007938	22016566	-1	1
X	11434815	11436184	-1	1
X	3376234	3447037	1	1
X	3447096	3451010	1	1
X	20432969	20433834	1	1
3R	23983919	23984305	1	1
X	12656699	12657245	1	1
3R	15935522	15957601	1	1
3R	22278756	22279229	1	1
X	12656695	12657331	1	1
3L	23274552	23275860	1	1
X	13626193	13637986	1	1
2R	2776485	2790449	1	1
2L	8101679	8105202	1	1
3R	23984040	23984283	1	1
2R	11446190	11447156	1	1
2L	6047781	6047900	-1	1
X	16463421	16527419	-1	1
3R	5355551	5355834	1	1
3R	5355868	5356617	1	1
3R	5624521	5624890	1	1
3R	19499815	19503639	1	1
2R	3124740	3144073	1	1
2R	14058691	14060272	1	1
X	6652472	6652869	1	1
2L	3758677	3758738	-1	1
X	19528824	19528894	1	1
X	6852943	6866253	-1	1
2L	2141723	2141785	-1	1
3R	25701456	25701525	-1	1
2R	10893147	10893217	-1	1
3R	25455871	25472302	-1	1
3R	20592494	20592561	-1	1
3L	10590817	10600551	1	1
3L	9252016	9252282	1	1
3R	5536653	5536714	1	1
4	1013769	1014318	-1	1
3L	2322803	2322858	1	1
3L	21306199	21315303	1	1
3R	23983909	23984353	1	1
X	9176537	9176852	1	1
2R	16178953	16181981	1	1
X	10244606	10249963	-1	1
2L	9176767	9177122	1	1
3R	5151729	5153523	1	1
3L	1789102	1795199	-1	1
2L	9682379	9682490	-1	1
4	258737	259179	1	1
3R	20586206	20587332	-1	1
X	5793681	5794455	1	1
3R	21115448	21116000	1	1
3R	18192673	18199529	-1	1
3L	9896389	9896454	-1	1
3R	12561805	12593483	-1	1
3L	21927400	21928550	1	1
3L	5158658	5158748	-1	1
2R	11592176	11606609	-1	1
2R	7930601	7930660	-1	1
3R	19459991	19460142	1	1
3R	11400713	11401207	1	1
3R	17669408	17669463	-1	1
2L	9127467	9154659	1	1
2R	6710460	6711523	1	1
3R	21773074	21773136	-1	1
3R	19416018	19457328	1	1
4	538605	538659	1	1
X	12941895	12941995	1	1
X	4531634	4533607	1	1
2R	21183798	21184067	1	1
3R	4301136	4301230	1	1
2L	14347598	14347653	-1	1
2L	19158756	19166085	1	1
3R	22016356	22024256	-1	1
3L	2567815	2579455	-1	1
3L	10182531	10186035	-1	1
3R	31935392	31943774	-1	1
2R	2820547	2874001	1	1
2R	18692420	18692508	1	1
X	16527975	16532589	-1	1
2L	18123495	18129373	1	1
2R	21144460	21144559	1	1
2L	16169646	16190041	1	1
3L	19998386	19999431	-1	1
2L	18160146	18161036	-1	1
X	5082240	5082882	-1	1
2R	12871066	12871184	1	1
2L	2974373	2974647	1	1
2L	3429209	3429299	-1	1
2R	17585942	17586001	-1	1
X	8768275	8768752	-1	1
3L	268399	270259	1	1
2R	17008943	17010053	-1	1
X	18900568	18900731	1	1
3L	9378153	9379486	-1	1
3R	31934075	31934936	-1	1
3L	1796838	1796902	1	1
X	13734739	13735942	-1	1
2L	8670037	8671710	1	1
3R	9269763	9270086	1	1
X	10208295	10210718	-1	1
X	8905589	8906109	-1	1
4	280179	305743	-1	1
2R	22936121	22936476	-1	1
3R	28090253	28090541	1	1
3L	3607872	3608263	1	1
3R	13227796	13229606	-1	1
2L	6492464	6492520	1	1
X	15846568	15846957	1	1
3R	19886430	19886498	-1	1
4	1014527	1014583	-1	1
3L	11495986	11496850	1	1
3R	14892050	14892147	1	1
2L	21100890	21100954	-1	1
X	5840550	5840627	1	1
4	948179	948313	1	1
3L	13664875	13666741	-1	1
X	16455703	16494499	-1	1
3L	16788544	16788662	-1	1
X	13746803	13754859	-1	1
3R	21354177	21376690	-1	1
3L	2820737	2820892	-1	1
3L	14763263	14763754	1	1
3L	17668614	17668810	-1	1
3L	4363613	4363812	-1	1
X	3256515	3258614	1	1
3L	3402962	3404457	-1	1
X	13867067	13985313	-1	1
3R	21785763	21808485	-1	1
X	12128632	12136026	1	1
X	4935552	4936175	-1	1
3R	18228522	18228620	1	1
2R	17472076	17472136	1	1
X	2636853	2641125	1	1
3R	29131272	29131686	1	1
X	23283428	23431539	1	1
3R	11329173	11402885	1	1
X	17878553	17886576	-1	1
3R	18908595	18910266	1	1
3R	18248376	18248445	1	1
2L	9125941	9126770	1	1
3L	11252640	11255141	1	1
X	4530602	4531297	1	1
2L	11156255	11158793	-1	1
2R	18691017	18692041	1	1
4	249681	251435	-1	1
3L	17061542	17063412	-1	1
2R	19392035	19393013	-1	1
2L	13001052	13001102	-1	1
X	5792393	5794351	1	1
3R	23983894	23984418	1	1
2L	2756404	2757848	1	1
3R	17915165	17916644	-1	1
3R	15119921	15131489	-1	1
3R	16158296	16158759	1	1
X	17289038	17301360	-1	1
X	16518838	16521623	-1	1
2L	1851965	1852054	1	1
3R	30517765	30526344	-1	1
X	11340746	11343246	-1	1
3R	29947857	29947915	1	1
3R	18248373	18248445	1	1
3L	4091252	4092662	1	1
X	17700035	17700613	-1	1
3R	12447356	12447431	1	1
3R	8817700	8820165	-1	1
3R	18248369	18250237	1	1
X	3693643	3700811	1	1
3L	1573309	1573546	1	1
3L	17401113	17401197	-1	1
3R	13154750	13155555	-1	1
3L	8515148	8517609	1	1
3R	11787949	11788022	-1	1
2L	10241566	10241853	1	1
2R	6625287	6627449	-1	1
3L	24074719	24074988	1	1
2R	15192146	15193049	1	1
2R	23913205	23913268	1	1
3R	7187398	7198446	1	1
3R	27640864	27656645	-1	1
X	819827	820505	-1	1
2L	8036299	8036382	-1	1
3R	21792147	21803684	-1	1
3L	4292010	4292070	-1	1
2L	18938686	18938754	-1	1
3L	7117782	7123178	1	1
X	17676558	17676981	-1	1
2R	10024298	10025829	-1	1
2R	12432159	12432523	-1	1
2L	11835652	11838483	-1	1
3R	26873322	26873417	-1	1
3R	8817689	8819096	-1	1
X	10781143	10781439	-1	1
X	12194224	12195769	1	1
X	12938744	12942054	1	1
3L	7352675	7353425	1	1
3L	915810	950947	1	1
2R	14992902	14992955	-1	1
3R	15935585	15935953	-1	1
2L	6646917	6649030	-1	1
2L	11003020	11003156	-1	1
2R	25255073	25259121	1	1
4	1004526	1006091	1	1
3L	2963231	2963296	1	1
3L	1626951	1627933	-1	1
X	5250964	5254577	1	1
2R	24113272	24114005	-1	1
X	1043422	1043491	1	1
X	1260009	1274426	-1	1
X	16103117	16104482	-1	1
3R	4301151	4301233	1	1
4	136999	137080	1	1
3L	5665610	5669155	1	1
3R	19638428	19638901	-1	1
3R	19638970	19639026	-1	1
X	5073905	5075171	1	1
2L	9125941	9126761	1	1
X	5175593	5176395	1	1
3R	10085434	10117100	1	1
3L	5679188	5680633	1	1
2L	9176703	9177122	1	1
X	5904332	5904582	1	1
X	18794492	18794913	-1	1
2R	25257247	25257884	1	1
3R	30501244	30501584	-1	1
4	1181238	1181452	-1	1
X	18161150	18170278	1	1
3L	20780223	20780282	1	1
3R	19402383	19402469	-1	1
4	1038435	1040013	-1	1
3L	5750366	5750551	-1	1
3R	13229082	13232705	-1	1
3L	8533037	8534115	1	1
3R	10333584	10333651	1	1
3R	7202941	7202998	1	1
4	308290	308413	1	1
X	16613880	16643341	1	1
3R	31936716	31936823	-1	1
3L	19112520	19185668	-1	1
3R	8016094	8016360	1	1
3R	21810298	21810838	1	1
3R	5667381	5667693	-1	1
2R	13571966	13572030	-1	1
X	11800112	11800756	1	1
2L	20028330	20030245	1	1
X	3786284	3786501	1	1
2R	14231427	14231492	-1	1
3R	30517382	30518285	-1	1
X	2243605	2244457	1	1
3R	25132502	25132592	1	1
X	13762946	13767787	1	1
X	15901917	15901978	-1	1
3R	25099461	25099942	1	1
3L	11252616	11255151	1	1
2R	12753817	12753891	-1	1
3L	9158079	9161264	-1	1
3R	14732978	14740380	-1	1
2R	11304526	11304584	1	1
2L	6452056	6452122	-1	1
2R	12612852	12614063	1	1
2L	1707489	1707564	-1	1
3R	21304163	21305360	1	1
X	13675992	13841494	1	1
X	12938990	12941937	1	1
3L	1335061	1339172	1	1
X	17481952	17482107	-1	1
X	13745745	13745859	-1	1
3R	18012105	18013260	1	1
X	13763089	13767787	1	1
2L	1173566	1177292	1	1
2L	9292230	9293036	1	1
X	3689546	3692953	-1	1
2L	22976638	22980130	1	1
3L	2588168	2588711	1	1
3R	5569208	5570352	1	1
X	13746809	13754940	-1	1
3R	26855350	26855542	-1	1
X	3738347	3739974	1	1
3L	7348585	7353382	1	1
2L	9293242	9295527	1	1
2R	7805018	7806226	-1	1
3R	13224787	13228320	-1	1
2R	15189245	15190191	1	1
X	12230070	12232356	1	1
3L	22864926	22867400	1	1
3L	15507567	15507799	-1	1
3R	18714641	18718785	1	1
2R	12609637	12610579	1	1
X	10368760	10381659	1	1
3R	22205358	22207350	1	1
3L	8438576	8441263	-1	1
2L	21119953	21120060	1	1
2R	9051152	9059255	-1	1
2R	9471348	9471421	1	1
2L	20730670	20731428	-1	1
X	3721648	3767675	1	1
X	18931001	18953526	1	1
2R	12572892	12572982	1	1
3L	19993323	19996681	-1	1
3L	17953542	17953680	-1	1
X	15902118	15902305	1	1
2R	22333652	22372921	-1	1
2R	13832377	13832768	1	1
2L	5166315	5166619	-1	1
3L	20243151	20243698	1	1
2L	10258289	10258809	-1	1
3L	4429503	4429566	-1	1
X	628471	628534	-1	1
2L	8829511	8829581	1	1
2R	13128002	13128105	-1	1
2L	2755946	2756008	1	1
3R	31935721	31977159	-1	1
3R	9420048	9432029	-1	1
2L	2772423	2790399	-1	1
3R	18248410	18248470	1	1
2R	3900390	3918793	-1	1
3R	10226620	10228705	1	1
3R	24913747	24913827	-1	1
2R	22875464	22875567	1	1
X	16069935	16070184	-1	1
3L	22269921	22271558	1	1
3R	13001880	13001949	1	1
3R	13001976	13002629	1	1
X	16686770	16687160	-1	1
3L	22833800	22835215	-1	1
2R	7243803	7245297	-1	1
2R	17797617	17797685	1	1
2R	4901975	4902031	-1	1
2L	2490346	2491704	-1	1
3R	8817840	8818362	-1	1
3R	14879766	14879832	1	1
X	12632884	12653341	1	1
X	4427645	4428198	1	1
2L	13836433	13872074	1	1
2L	2772491	2785212	-1	1
3R	24105254	24105388	-1	1
2R	22333665	22337723	-1	1
2R	24968735	24969123	-1	1
3R	13224699	13225000	-1	1
3L	3119964	3120027	1	1
2L	19046833	19048552	1	1
3R	18248394	18248445	1	1
2L	9684126	9684761	-1	1
3R	21772248	21772672	-1	1
2R	11695025	11695125	1	1
3R	4282004	4282674	1	1
X	16815613	16815743	-1	1
X	21346491	21346732	1	1
X	13768158	13768659	1	1
X	12941859	12942102	1	1
3R	20958149	20974512	1	1
X	5086532	5087400	1	1
X	17150499	17204509	1	1
X	10205522	10206899	-1	1
3R	13385031	13385158	1	1
3R	27924635	27924777	1	1
2R	24523946	24525918	-1	1
3R	13026102	13068255	1	1
2R	19523810	19529931	-1	1
2L	19514511	19514607	-1	1
2R	8620961	8621030	1	1
4	87167	94138	1	1
X	12765604	12766969	1	1
4	305179	305650	-1	1
X	15349759	15349945	1	1
2L	6297236	6297312	1	1
X	17711120	17720587	1	1
3L	19477650	19486780	-1	1
3L	5433227	5433291	1	1
2L	2993378	2993545	1	1
3R	12076316	12076374	-1	1
2L	8162238	8162315	-1	1
3R	31739865	31740320	1	1
2L	12142864	12145070	1	1
3R	8819264	8819856	-1	1
3R	21851005	21851066	-1	1
3R	16095949	16096255	-1	1
3R	11591308	11591995	1	1
3R	18248905	18249108	1	1
X	13625026	13662814	1	1
2L	18838796	18838883	-1	1
X	15947743	15954503	-1	1
3L	11252707	11255925	1	1
X	4357703	4360669	1	1
X	4930066	4934782	-1	1
2L	13386258	13386638	-1	1
2R	1595985	1596043	1	1
2R	12871266	12871355	1	1
2R	16016672	16016733	-1	1
2R	10105795	10107585	1	1
3L	7432674	7434906	-1	1
X	3964498	3964567	-1	1
2R	24243544	24244490	1	1
2R	7920262	7920632	1	1
3L	14032644	14032733	1	1
3R	4957635	4959637	-1	1
X	16270581	16274284	-1	1
2R	13337349	13361951	-1	1
3R	22729738	22732026	1	1
2L	14040637	14042079	1	1
3R	25916644	25916700	1	1
X	15805289	15805558	1	1
2R	13831385	13833124	1	1
2R	7282694	7283564	1	1
3L	19385535	19385855	-1	1
3L	4581451	4586293	1	1
X	2552275	2554148	1	1
3L	21517791	21517852	1	1
2R	18408334	18408398	1	1
2L	10994022	10994849	1	1
3L	4095294	4095636	-1	1
3R	17967829	18006935	1	1
3R	15968511	15968575	-1	1
2L	2780784	2780993	-1	1
2R	11221894	11222213	1	1
X	5794335	5794415	1	1
3R	5187661	5197940	-1	1
2R	7982025	8000683	-1	1
3R	4301162	4301232	1	1
2R	4014251	4014305	1	1
2R	21293794	21293850	1	1
2L	8563926	8671737	1	1
2R	12870954	12871184	1	1
3L	7312795	7312861	-1	1
2R	7470616	7470702	-1	1
2L	2772659	2785293	-1	1
2R	14260140	14260197	1	1
3R	9445188	9445255	1	1
3R	20438255	20449445	-1	1
2L	15092642	15092899	1	1
X	10234765	10239116	-1	1
3R	31742305	31743132	1	1
3L	21925317	21932496	1	1
2R	17568954	17572097	1	1
X	12655317	12655378	-1	1
2R	13580544	13580836	-1	1
3L	17400538	17400817	-1	1
3R	31742517	31742723	1	1
X	2269705	2270638	-1	1
2R	9284130	9284733	-1	1
X	1523433	1566112	-1	1
2R	8463574	8463631	-1	1
3L	13889680	13890815	-1	1
2R	1995465	1995529	-1	1
3L	2554967	2556305	-1	1
2L	2763622	2785950	-1	1
2L	4321245	4323428	1	1
2L	2310871	2323351	-1	1
3R	10890846	10891094	-1	1
X	5081632	5081861	-1	1
2L	21380362	21381007	1	1
X	3186204	3258617	1	1
3R	30206722	30208135	-1	1
2R	7017627	7017690	1	1
2R	8134897	8134967	1	1
2R	16570385	16570626	1	1
3L	20244578	20244938	1	1
3R	13647201	13648918	1	1
2L	9796985	9877877	-1	1
2R	10094635	10095061	1	1
2L	8083955	8088601	1	1
3R	21621699	21622814	-1	1
3L	17952603	17961096	-1	1
X	3256120	3256181	1	1
2L	2886579	2889654	1	1
X	4515435	4515493	-1	1
X	12938968	12941981	1	1
3R	9358516	9359261	1	1
3L	5157646	5161145	-1	1
3R	23985515	23985930	-1	1
2L	16973312	16973538	1	1
3L	23926767	23934415	-1	1
3L	17401238	17401294	-1	1
2R	10025549	10025850	-1	1
3R	24291153	24292838	1	1
3L	5749246	5749386	1	1
X	7290396	7290566	-1	1
4	123423	123785	-1	1
3R	18972920	18972982	1	1
2L	5208994	5209056	1	1
2L	10315424	10315489	1	1
3R	16503172	16550207	1	1
3R	4425765	4425831	-1	1
3R	20378509	20484390	-1	1
X	11290346	11293498	-1	1
3L	7532734	7538213	1	1
X	19616969	19617837	-1	1
3L	9151032	9177377	-1	1
2L	192303	193071	1	1
2L	14558219	14558270	-1	1
3R	18275142	18281694	-1	1
3L	17202824	17208341	-1	1
3R	30385670	30385811	-1	1
3L	11116075	11116141	-1	1
X	3340110	3342472	1	1
2R	10500419	10532694	-1	1
3R	7193689	7195616	1	1
X	21060662	21081940	1	1
3L	19809575	19809639	1	1
X	19343258	19343497	-1	1
3R	29419979	29424432	1	1
3L	5762109	5762311	-1	1
X	9166033	9171446	1	1
X	11398660	11398720	1	1
3R	30744964	30745994	-1	1
3R	31750587	31750757	1	1
3L	5741886	5746681	1	1
3R	31936784	31936834	-1	1
2R	23385978	23386117	-1	1
2L	12142860	12145070	1	1
3L	8470484	8471152	1	1
2R	24532644	24532897	1	1
2R	5604013	5604244	1	1
3L	269777	270114	1	1
3R	21819124	21819654	-1	1
X	5643450	5647732	-1	1
3R	24104964	24105453	-1	1
X	22455864	22457427	1	1
3L	17460381	17460445	1	1
X	13360853	13361574	1	1
3R	6566878	6589638	-1	1
2R	20641778	20642163	1	1
2L	16723748	16723858	-1	1
3R	4713234	4713426	-1	1
2R	12276976	12278623	1	1
2L	6681391	6681464	-1	1
2R	22126154	22126209	1	1
X	9165894	9171553	1	1
3L	16966359	16967382	1	1
2R	12870979	12871193	1	1
3L	9376592	9376669	-1	1
3R	24552426	24552486	1	1
3R	5825589	5825805	1	1
2R	4396975	4397039	-1	1
2R	18170658	18170718	-1	1
X	13867157	13867336	-1	1
2L	18123406	18129795	1	1
2L	6122279	6122351	1	1
2L	9682492	9696329	-1	1
2R	10463264	10463974	1	1
2L	2710743	2719284	1	1
3R	9157746	9234383	-1	1
4	666933	669130	1	1
2R	19171376	19172179	1	1
X	4909320	4909414	1	1
X	21626891	21628361	-1	1
4	449969	450242	1	1
X	18501848	18503461	-1	1
2R	11219713	11220464	-1	1
X	62900	64853	-1	1
X	20171530	20178692	-1	1
3R	14420778	14421619	1	1
3R	8817689	8818816	-1	1
2R	10570143	10610550	1	1
3R	25183421	25184837	-1	1
3R	25033098	25033160	1	1
3R	16274876	16274954	-1	1
3R	25021175	25021257	1	1
3R	17796873	17796934	-1	1
2L	8669845	8671789	1	1
3R	10875251	10875433	1	1
4	446748	446799	1	1
3L	6943007	6944460	1	1
3L	6949771	6951613	-1	1
3R	19219517	19219597	-1	1
3R	19219628	19226015	-1	1
3R	4084554	4085083	1	1
3L	23094776	23095014	-1	1
X	10406643	10407471	1	1
2L	10178324	10179437	-1	1
3R	25485015	25485122	1	1
2R	6944871	6944941	-1	1
X	6689321	6694695	-1	1
3R	21122252	21122322	-1	1
2R	18718557	18732555	1	1
3L	12761153	12761205	1	1
3R	24064685	24065619	-1	1
3R	24043569	24045938	-1	1
2R	8955859	8959107	1	1
2R	13580557	13580857	-1	1
3R	19161374	19161827	-1	1
X	5086258	5222270	1	1
2L	19115447	19116383	1	1
3R	5652798	5653288	-1	1
2R	9885138	9885200	-1	1
2L	17481378	17481456	1	1
3L	9179209	9180292	-1	1
X	2340131	2340193	-1	1
3R	7864435	7864499	-1	1
2R	18496869	18497705	-1	1
X	5794387	5840600	1	1
3L	9462799	9463163	1	1
3R	12561795	12592905	-1	1
X	16527579	16532716	-1	1
2L	22718513	22718567	-1	1
2L	17475639	17476012	-1	1
X	6864982	6866253	-1	1
2L	12817293	12822327	-1	1
3R	20958067	20974374	1	1
3L	9105002	9123703	-1	1
3R	30519764	30523228	-1	1
2L	17386927	17387000	1	1
2L	17475510	17494157	1	1
X	1941057	1941124	1	1
X	16459577	16459740	-1	1
3L	19279634	19279698	1	1
3R	10196782	10196841	1	1
3R	21352637	21352813	-1	1
4	191387	193545	1	1
X	13262867	13263946	-1	1
3L	3614254	3614311	1	1
Y	132457	200699	1	1
2L	3467061	3467133	1	1
3L	9354075	9358615	-1	1
2R	12273976	12274426	1	1
X	9555216	9586141	1	1
2L	10390446	10392153	1	1
3R	16513076	16513204	1	1
3L	9783912	9786097	1	1
3L	15858152	15859812	-1	1
3L	19998238	19998481	-1	1
3L	21433702	21435025	1	1
2L	12064720	12065270	-1	1
4	1145322	1146470	-1	1
3L	16616395	16623128	-1	1
4	882724	882961	-1	1
3R	20630059	20630127	-1	1
2L	1653836	1690117	-1	1
X	14590293	14590917	-1	1
X	15805834	15825456	1	1
2L	7033913	7034024	1	1
3R	9432513	9447933	1	1
2R	929293	949392	-1	1
3L	569817	569879	1	1
X	12611991	12612395	-1	1
3L	8515166	8515384	1	1
2L	12298750	12298814	1	1
2L	11806158	11806744	-1	1
X	12204165	12296366	1	1
X	13204151	13205447	-1	1
X	15987128	15991901	-1	1
3R	26054599	26055145	-1	1
2R	12270524	12273766	1	1
2R	25029495	25029771	1	1
2R	10558307	10617153	1	1
2L	8210474	8210550	1	1
X	21624840	21625121	-1	1
3L	17064975	17065067	-1	1
X	11428870	11428982	1	1
4	443155	443213	1	1
2R	12586073	12592329	-1	1
X	15975751	15975958	-1	1
3R	7638994	7639237	-1	1
X	22740621	22832404	1	1
3L	17401014	17597658	-1	1
4	1192640	1196165	-1	1
3L	5193815	5200331	-1	1
2L	8543878	8544285	1	1
X	1650267	1652715	1	1
3R	11371401	11402909	1	1
X	15860897	15861116	1	1
2L	6058682	6058757	1	1
X	16594531	16594691	1	1
2R	928264	950505	-1	1
2R	14277519	14299496	1	1
2L	19793700	19794342	-1	1
X	8587526	8587588	1	1
3R	23889500	23889616	-1	1
2R	6151987	6152208	-1	1
X	15860251	15860989	1	1
2R	23908632	23909678	1	1
2R	21014394	21014453	1	1
3R	11778011	11778144	-1	1
2R	14276407	14277303	1	1
2R	15453798	15456435	1	1
3R	14623673	14625200	-1	1
X	19740683	19740846	-1	1
3R	28089616	28090653	1	1
2R	15564465	15564521	-1	1
3L	19888615	19910043	1	1
X	12742032	12763417	-1	1
4	313299	313357	-1	1
X	942691	944750	-1	1
X	17069788	17075140	-1	1
2L	16079937	16080001	1	1
3L	3118980	3119043	-1	1
2R	13843712	13843774	-1	1
X	5793726	5794415	1	1
4	427700	429643	1	1
2L	9333828	9338007	1	1
3R	20772613	20772785	-1	1
3R	15954780	15957591	1	1
X	1217768	1234140	-1	1
3L	12271904	12271962	-1	1
2R	9187756	9191587	-1	1
2R	10496453	10496698	-1	1
3R	9804765	9809069	-1	1
3L	9123911	9125172	-1	1
3R	7249245	7249305	1	1
3L	17466289	17466629	1	1
2R	11442706	11451397	1	1
2L	8111377	8114493	1	1
3R	11370031	11370248	1	1
4	99476	107072	1	1
3R	23983728	23984284	1	1
X	3289784	3342472	1	1
X	9163493	9172641	1	1
2L	10297371	10297431	-1	1
3L	15494069	15494567	-1	1
2R	16197665	16199079	1	1
2L	11803899	11804072	-1	1
X	12332636	12335068	1	1
3L	5691784	5695339	1	1
X	20805158	20923775	-1	1
3L	5155927	5160780	-1	1
3L	5365086	5366129	-1	1
3L	1637267	1637674	-1	1
X	10224506	10224919	1	1
3R	26534745	26534985	-1	1
3R	11396704	11399455	1	1
2R	21293953	21294054	1	1
3L	9376557	9376669	-1	1
X	18186226	18186410	1	1
2R	14427464	14427574	-1	1
X	21625264	21625388	-1	1
2R	7187614	7192619	1	1
3L	3781595	3787557	-1	1
3R	20676375	20676442	-1	1
3R	7277689	7281742	-1	1
X	19329591	19344088	-1	1
X	15861493	15861566	1	1
X	10748027	10748098	1	1
2L	2151569	2157408	1	1
3R	19415749	19460166	1	1
X	13986122	13990470	-1	1
X	18495498	18495885	-1	1
3L	9399851	9400765	-1	1
3R	25684128	25684302	-1	1
2R	24060575	24060676	1	1
3R	12547629	12547911	-1	1
3R	9418001	9432511	1	1
X	1662458	1675459	-1	1
3L	3072687	3073081	1	1
X	6673564	6673637	1	1
X	13619666	13619738	-1	1
2R	17868809	17871329	-1	1
3L	269943	270082	1	1
2R	23969210	23969431	-1	1
3R	9741425	9741509	1	1
4	352127	352181	-1	1
4	305179	305696	-1	1
3R	11954412	11960655	-1	1
X	5837937	5839222	1	1
3L	21551973	21552204	-1	1
2R	16984932	16985919	1	1
2R	12119100	12119253	-1	1
3R	30517219	30517499	-1	1
2R	10108027	10109537	1	1
2R	926771	927451	-1	1
3R	22412851	22412910	1	1
3L	8937038	8940933	-1	1
X	575697	578114	1	1
3L	17039870	17041829	-1	1
X	16291845	16306973	-1	1
2L	5947072	5948741	1	1
3R	20975066	20975246	1	1
3R	20438136	20440025	-1	1
3R	7658386	7683702	-1	1
3R	4300660	4301355	1	1
2R	13828175	13829538	1	1
2R	13829580	13829640	1	1
3R	17909559	17916478	-1	1
Y	132630	200768	1	1
X	13967801	13967903	-1	1
2R	7467827	7468422	-1	1
2R	23376620	23376831	-1	1
2R	9970208	9970272	1	1
3L	9113484	9129897	-1	1
X	13985292	13985850	-1	1
2R	16859786	16859850	1	1
3R	6000767	6001330	-1	1
3R	6001361	6001558	-1	1
2L	8493853	8506635	-1	1
3L	25798743	25933279	-1	1
3L	20390436	20390500	-1	1
X	12019230	12020594	1	1
2R	14276407	14277139	1	1
2R	18496906	18497886	1	1
2R	11694841	11694918	1	1
X	89827	112144	1	1
2R	10107672	10108218	1	1
3R	12547641	12547773	-1	1
3L	13962212	13962289	1	1
2R	928280	928398	-1	1
X	4530346	4535156	1	1
2R	6037405	6037661	-1	1
X	5787833	5787895	1	1
3L	5367775	5367900	-1	1
2R	16650492	16650958	1	1
X	10248844	10249508	-1	1
X	3100993	3105148	1	1
3L	23093736	23095114	-1	1
2R	14277163	14279243	1	1
3L	17400530	17400884	-1	1
3R	12475800	12477381	-1	1
3L	20786833	20786889	-1	1
X	9181410	9186826	1	1
3R	13681405	13681465	-1	1
2L	1983961	1984019	1	1
2L	5165640	5173799	1	1
4	1149214	1151287	1	1
2L	16828553	16828617	1	1
3L	19871455	19873761	1	1
3R	23983911	23984374	1	1
3R	20966040	20966398	-1	1
3R	16632295	16632362	-1	1
X	14322943	14324667	1	1
X	13381634	13383502	-1	1
3L	4175031	4177567	-1	1
3R	25109470	25109528	1	1
3R	31725332	31727132	1	1
3L	16819036	16819272	1	1
3R	20965380	20974022	1	1
X	15751704	15755927	-1	1
X	4909362	4909414	1	1
2L	21274430	21275379	-1	1
2R	11615887	11616005	-1	1
2R	20620751	20620817	1	1
X	13875936	13884318	-1	1
3R	10613506	10614089	-1	1
2R	8948266	8948620	-1	1
3R	20783565	20974323	1	1
2L	4722469	4857619	1	1
3R	4301126	4301211	1	1
3R	24939181	24941553	-1	1
3L	6951914	6952460	-1	1
2R	11370429	11370647	-1	1
2R	5339855	5339985	-1	1
3L	9374362	9374625	1	1
3R	5595603	5595822	-1	1
X	8410690	8411063	1	1
2L	22536379	22536537	-1	1
2L	18081794	18081853	-1	1
3L	24035019	24035432	1	1
3R	24839490	24839612	-1	1
3R	24695116	24695341	1	1
X	5086180	5089342	1	1
2L	16168605	16169518	1	1
X	19740726	19740782	-1	1
3L	22961185	22988831	1	1
3L	17236052	17237832	-1	1
3R	8148965	8149270	-1	1
3R	22014273	22016583	-1	1
X	8293812	8295212	1	1
2L	21380710	21384596	1	1
2L	8111644	8114865	1	1
X	4702893	4703555	1	1
X	4075890	4092649	1	1
X	6700230	6702482	1	1
4	1134373	1134872	1	1
3R	10249362	10249865	1	1
2R	22412035	22412089	1	1
3R	18195152	18199375	-1	1
2R	24389918	24389973	-1	1
2L	17972004	17972263	1	1
3R	5414660	5416467	1	1
X	15862873	15863105	1	1
2L	3810414	3810624	1	1
Y	200775	200825	1	1
3L	22269753	22269840	1	1
3R	8654993	8660087	-1	1
2L	473995	474054	1	1
2L	20917121	20917274	-1	1
X	11816924	11817750	1	1
2R	12260189	12269193	1	1
3R	16994824	16995135	-1	1
X	19518429	19519144	-1	1
4	301129	301186	-1	1
3L	8440169	8440520	-1	1
3R	5593458	5594398	1	1
2R	13941650	13941732	-1	1
X	18170050	18170189	1	1
3L	11606472	11606536	-1	1
X	12332636	12335063	1	1
X	15927885	15927951	1	1
3L	9147676	9150384	-1	1
3R	5790825	5790884	1	1
3L	11252788	11255061	1	1
3L	15830459	15830579	-1	1
X	17935324	17935535	-1	1
2L	19545002	19545157	1	1
3L	11817653	11818088	-1	1
X	5387743	5388432	1	1
Y	124280	132461	1	1
3L	15147403	15150812	-1	1
3L	23742006	23742770	1	1
3R	20958038	20974518	1	1
3L	17040602	17041694	1	1
2R	13153010	13158235	-1	1
2R	18718557	18718740	1	1
3L	5747007	5749386	1	1
4	884131	885763	-1	1
3R	9432402	9447862	1	1
X	12657197	12657379	1	1
X	3110661	3133043	1	1
X	14586437	14586497	-1	1
3R	726793	835376	1	1
2R	10156400	10158150	-1	1
2L	17837604	17840832	-1	1
3R	18274249	18274324	1	1
3R	5393981	5396273	1	1
X	6349375	6349432	-1	1
X	19782521	19782854	-1	1
2L	21382116	21390258	1	1
3L	1862680	1862817	-1	1
3R	27281982	27282361	1	1
2R	7788631	7788941	1	1
X	11328193	11328261	1	1
mitochondrion_genome	4157	19051	1	1
4	451490	451902	1	1
3R	24104960	24105122	-1	1
3L	5156281	5272426	-1	1
2L	21382071	21390301	1	1
3L	13869557	13902940	-1	1
3L	17738927	17747683	1	1
2R	9396514	9397456	-1	1
3L	9376592	9377348	-1	1
3L	9801585	9801707	-1	1
2R	16625437	16625789	-1	1
3L	3195234	3196976	1	1
X	7957352	7967639	-1	1
2R	7037097	7037158	-1	1
2R	10104771	10108611	1	1
3L	14538119	14540342	1	1
2L	10506430	10506684	-1	1
3R	19753861	19757815	1	1
2R	16924787	16925705	1	1
2R	22080738	22085393	1	1
2R	4829440	4829718	1	1
3R	25876125	25876532	-1	1
3L	1666830	1667002	-1	1
2R	14060697	14140584	-1	1
2R	10419325	10419388	1	1
2L	2234351	2234409	-1	1
2L	9294186	9295236	1	1
2L	9815913	9819287	1	1
3L	5659664	5747900	1	1
X	18135340	18136442	-1	1
X	15421361	15421496	-1	1
3R	11396304	11402762	1	1
3R	21975513	22007620	1	1
2L	16336232	16336292	-1	1
3L	4074251	4075012	-1	1
2L	2755938	2756008	1	1
3L	16757265	16758778	-1	1
3R	9420919	9432389	1	1
2R	15999971	16001188	-1	1
3L	4590456	4590696	1	1
X	23253351	23327333	1	1
3R	20783274	20783377	1	1
3R	10760543	10760604	-1	1
3R	19244629	19244689	-1	1
X	5753844	5753899	1	1
2L	2772464	2781040	-1	1
3L	236428	236863	-1	1
X	12203885	12204139	1	1
4	320045	328165	1	1
X	7285438	7285774	-1	1
3R	23125002	23125065	-1	1
2R	10096271	10096331	1	1
X	17924382	17928653	-1	1
X	5319136	5321925	-1	1
3L	6173311	6173377	-1	1
2R	20244681	20245199	1	1
3R	3751329	3751965	1	1
X	6257567	6357897	1	1
3L	8971047	8971103	1	1
X	15886353	15887013	-1	1
3R	23790040	23792067	1	1
4	1226847	1226899	-1	1
2L	4977798	4978423	1	1
3R	26042755	26042995	1	1
3L	4090371	4091191	1	1
2R	8066759	8067126	-1	1
2R	4595463	4599269	1	1
2L	6925782	6931110	1	1
2R	4749514	4749565	1	1
3R	31601049	31601112	-1	1
3R	23983907	23984312	1	1
3L	23339370	23339442	1	1
X	5071219	5081873	-1	1
3L	21826753	21827094	1	1
3R	22402984	22404446	1	1
2L	10410066	10410301	1	1
2R	19164176	19165086	1	1
3R	9293807	9294127	-1	1
3L	3073333	3088557	1	1
3L	11100077	11100139	1	1
3R	13968656	13982528	-1	1
2L	9885953	9886211	-1	1
2L	7182640	7182707	1	1
3L	10858121	10874815	1	1
2R	23878875	23880498	1	1
X	11551348	11551772	1	1
2R	16107550	16108113	-1	1
3L	5691690	5691868	1	1
3R	19880044	19880116	-1	1
X	6191529	6192347	-1	1
3L	17400573	17401074	-1	1
3R	5592199	5594387	1	1
3R	25600356	25600813	1	1
3R	5566552	5567340	1	1
3L	9955805	9957687	1	1
2R	24063428	24065306	1	1
X	4115024	4116163	-1	1
2R	17375895	17379149	1	1
3R	8650320	8650481	-1	1
X	11973362	11973425	-1	1
3L	16580559	16581038	-1	1
3R	30032113	30032931	-1	1
3L	1637273	1637726	-1	1
2R	24572075	24572125	-1	1
3R	12547696	12547911	-1	1
X	21382728	21382794	1	1
3L	10688598	10688679	1	1
3L	2612004	2629141	-1	1
2L	9787396	9789565	-1	1
3R	30518352	30523255	-1	1
3R	30518355	30523261	-1	1
3L	19232573	19234217	-1	1
3L	14786835	14786890	-1	1
3R	23965908	23984498	1	1
2R	14276163	14276286	1	1
3L	10348496	10350248	1	1
3L	23007708	23010156	1	1
2R	8896038	8898676	1	1
2R	11448059	11451554	1	1
2L	9167439	9177125	1	1
X	8409592	8410277	1	1
X	16795326	16820515	1	1
3R	17915165	17916363	-1	1
X	14322916	14348304	1	1
3L	3717373	3742687	-1	1
X	21807249	21826160	-1	1
3L	25115041	25115121	-1	1
X	19251275	19251451	1	1
X	5752683	5752864	1	1
3L	10858674	10874491	1	1
2R	24782208	24782266	-1	1
4	96435	97138	1	1
3R	24691934	24692204	1	1
3L	19477308	19477401	-1	1
3R	7863057	7864261	-1	1
2R	5858559	5858624	1	1
3R	9432088	9432300	1	1
3L	4430142	4433211	1	1
3L	6591000	6591059	1	1
2R	19538212	19546012	1	1
2R	19546060	19564462	1	1
2R	12873008	12873312	-1	1
X	19731090	19731375	1	1
X	8097543	8097613	-1	1
2L	4840984	4841194	1	1
2L	21382140	21390406	1	1
2R	20003888	20003947	-1	1
2L	2772476	2785464	-1	1
3L	353688	353761	1	1
3L	4139995	4140051	1	1
X	19889614	19891241	1	1
2R	12620477	12623006	1	1
3L	6547602	6548687	1	1
X	13746662	13755303	-1	1
4	320045	328165	-1	1
2R	24947495	24948041	-1	1
3R	17947599	17966473	1	1
3R	17966551	17967387	1	1
3R	8463876	8477419	-1	1
3L	19651712	19652148	-1	1
3L	5749226	5749334	1	1
X	17144717	17145016	1	1
3L	10568251	10590715	1	1
3R	8815582	8820234	-1	1
2R	17788704	17789078	-1	1
2L	13550421	13551264	1	1
3L	11233274	11233334	-1	1
X	16437460	16438247	1	1
2L	19400954	19426258	-1	1
2R	23905794	23905856	-1	1
3L	17063025	17063537	-1	1
X	8097811	8097869	-1	1
3L	1635460	1635534	1	1
3L	3717274	3743324	-1	1
3R	29097861	29108772	1	1
2L	4822747	4828688	1	1
2L	1140841	1140979	1	1
3L	6524097	6534493	1	1
2L	2763630	2763778	-1	1
2L	10224812	10225745	-1	1
3L	19817696	19817750	-1	1
2L	9291206	9295291	1	1
3R	23963857	23984478	-1	1
2R	10107679	10108223	1	1
2R	18795007	18795069	-1	1
3R	22640754	22640816	1	1
X	8440295	8440361	1	1
3R	21803390	21813149	-1	1
4	948170	948304	1	1
3L	25203214	25234251	1	1
3R	11335455	11335562	1	1
X	3738347	3739807	1	1
3R	11402134	11402832	1	1
X	13383624	13384397	-1	1
2L	9272809	9273192	1	1
X	8178822	8178899	1	1
X	18637574	18637635	-1	1
2R	13518643	13528314	-1	1
2R	24050607	24050659	1	1
X	21207853	21208498	-1	1
3L	12790250	12791435	1	1
2R	8832871	8833793	1	1
2L	7824029	7824088	1	1
X	1789427	1793659	-1	1
2R	24212608	24212740	-1	1
X	3953117	3953598	1	1
X	11610414	11610477	-1	1
3R	13803948	13804115	1	1
X	2111140	2111205	1	1
2L	1975588	1976639	-1	1
2R	19564583	19573988	-1	1
2R	7020584	7020653	1	1
2L	20735329	20739685	1	1
X	16527900	16531893	-1	1
X	12203979	12204139	-1	1
3R	28146868	28147432	1	1
2L	7414232	7414292	1	1
3R	31455686	31455744	1	1
2L	2989669	2989936	-1	1
2R	6011338	6011403	-1	1
2L	2791443	2791550	-1	1
2L	21641014	21641073	1	1
2L	21641146	21641249	1	1
X	13669745	13670101	1	1
3L	16494036	16494500	1	1
3L	2588167	2588648	1	1
X	12472088	12478354	1	1
4	378901	382123	-1	1
2R	6920388	6922535	1	1
3L	10688870	10688926	1	1
3L	3818921	3828388	1	1
3L	19845631	19858378	1	1
3L	19858420	19860660	1	1
2R	10101178	10104256	1	1
2L	4823236	4825608	-1	1
X	16455671	16457775	-1	1
2R	18971776	18971829	-1	1
3R	30206656	30208113	-1	1
2L	13684264	13684384	-1	1
2R	4662005	4856370	1	1
mitochondrion_genome	12943	13172	-1	1
3R	11393440	11397658	-1	1
2L	20810374	20813156	1	1
3R	20958040	20974501	1	1
3L	6739922	6740305	-1	1
X	5793520	5794267	1	1
3R	9640869	9643491	1	1
2L	15929525	15939364	-1	1
X	10604057	10619581	-1	1
3R	27232876	27232935	-1	1
3R	7638833	7638975	-1	1
3R	9428653	9432032	1	1
2R	2121539	2245972	-1	1
X	5086202	5087443	1	1
X	5341623	5401099	1	1
2L	21388611	21390269	1	1
2R	11306521	11306580	-1	1
X	12656793	12657121	1	1
3L	6172671	6172732	-1	1
X	9171364	9171431	1	1
3L	3984671	3991059	1	1
X	17580098	17588988	1	1
3L	4090865	4092697	1	1
2R	16931279	16936419	1	1
3R	19243160	19243216	-1	1
2R	10105068	10107467	1	1
2R	18119897	18122703	-1	1
2R	24100887	24100947	1	1
2L	10858878	10859370	1	1
2L	6646948	6649037	-1	1
X	15325739	15325816	1	1
2L	1612818	1613724	-1	1
3L	1330277	1331292	1	1
2L	5947077	5948742	1	1
2R	23665888	23665951	1	1
3L	7248580	7248658	-1	1
2L	12064720	12065270	1	1
3R	28903150	28903868	1	1
3L	5167293	5168091	-1	1
3R	23983930	23984290	1	1
2L	22942	22998	1	1
3R	20975829	20975922	1	1
2L	3099858	3099944	-1	1
2R	12274170	12276973	1	1
3R	19757886	19758344	1	1
X	20394677	20411707	1	1
3R	22411638	22412649	-1	1
X	13746818	13754981	-1	1
3R	18010262	18013555	1	1
3R	31935776	31937122	-1	1
3R	5083889	5085698	-1	1
3L	18905592	18905659	1	1
3R	715182	743338	1	1
2R	24053136	24053198	-1	1
2R	17764052	17764111	1	1
2L	1153319	1153386	-1	1
3R	19853732	19854201	1	1
2R	17581094	17581215	-1	1
X	12832147	12878744	-1	1
3L	5691705	5691862	1	1
3L	19066384	19086039	-1	1
2R	21150202	21150265	-1	1
3R	5593411	5594546	1	1
3L	5436313	5436523	1	1
3R	17803979	17804041	-1	1
3R	13774738	13774799	1	1
3R	13774838	13775092	1	1
X	9152786	9153277	-1	1
X	13701216	13718190	-1	1
3L	3894115	3894188	1	1
3L	13451575	13459973	1	1
2R	14384910	14384975	1	1
2R	12619429	12619752	1	1
2R	10731797	10736657	-1	1
4	568477	568577	-1	1
3L	11123908	11126624	1	1
3L	3051787	3051983	1	1
2R	13874462	13874849	-1	1
X	16710314	16710778	1	1
X	15886841	15887013	-1	1
X	19866170	19866793	1	1
2L	1648105	1648188	-1	1
3L	1664845	1664918	-1	1
X	7288563	7288827	-1	1
X	6115667	6146124	-1	1
3L	3158636	3159001	-1	1
X	10255493	10259626	-1	1
X	22467233	22467296	1	1
3L	17400574	17401091	-1	1
X	10335700	10345348	1	1
X	10454346	10454636	-1	1
X	8876753	8878469	-1	1
3L	9738279	9738893	-1	1
3L	18018029	18061055	-1	1
2R	19456976	19459795	1	1
3R	4651894	4651983	1	1
3R	23983899	23984340	1	1
X	5165594	5186903	1	1
2L	2384044	2384097	1	1
3R	24104957	24105120	-1	1
2L	16169230	16169487	1	1
3R	24343342	24343469	1	1
X	7932295	7932537	-1	1
X	10249079	10249776	-1	1
X	22840909	22843496	1	1
X	8178988	8179189	1	1
3L	9143666	9143741	-1	1
2R	2487702	2497036	-1	1
3L	3759259	3765643	-1	1
3L	4084799	4085623	-1	1
3L	9510104	9510601	-1	1
3L	3825607	3825706	1	1
4	191387	193673	1	1
X	17962252	17963080	-1	1
2R	12652907	12655503	1	1
3R	13959942	13960239	1	1
4	446748	446821	1	1
2L	16743571	16743760	-1	1
2R	11452618	11453393	1	1
2R	22934772	22934874	-1	1
3R	22484616	22486775	1	1
X	7092252	7098001	-1	1
X	16455671	16458055	-1	1
2L	7034911	7035075	1	1
3L	23100358	23100423	1	1
3R	23983909	23984461	1	1
3L	17401023	17441408	-1	1
3R	17320262	17346085	-1	1
2R	10812897	10812951	1	1
2R	21652564	21654775	1	1
X	18930743	18930847	1	1
X	8759801	8785147	-1	1
2R	17701650	17701834	1	1
4	1043525	1045156	1	1
X	17640670	17641200	-1	1
4	1144114	1146208	-1	1
X	5413884	5414707	-1	1
4	320042	328162	1	1
3R	11751307	11751587	-1	1
X	12757128	12761317	-1	1
2R	21698181	21698384	-1	1
X	141130	141199	1	1
3R	10068357	10068411	1	1
X	576134	578184	1	1
X	13830904	13832338	-1	1
2L	18835845	18838976	1	1
2L	1012507	1013316	-1	1
Y	132630	200758	1	1
2L	201519	202640	1	1
2R	24559133	24559501	-1	1
3L	4173800	4226487	1	1
3L	9801454	9801875	-1	1
4	901583	901786	-1	1
2R	14187745	14187863	1	1
3R	9487110	9493689	-1	1
4	129490	133186	1	1
X	5334267	5334352	1	1
2R	23545264	23545326	-1	1
3L	10481946	10484625	1	1
4	115173	123264	-1	1
X	10244627	10249876	-1	1
3L	5811289	5811909	1	1
2L	2756632	2757850	1	1
3L	23325137	23337357	-1	1
2L	4321943	4323700	1	1
3L	4626983	4627420	1	1
X	18186440	18192331	-1	1
3R	27768194	27769071	-1	1
3L	5156469	5157581	-1	1
X	6681569	6683504	1	1
X	5880670	5880834	1	1
3L	17066800	17147542	-1	1
3L	8439541	8441434	-1	1
2L	13462201	13483447	-1	1
3R	16636143	16636202	1	1
2L	1724897	1725008	-1	1
3L	3715177	3716472	-1	1
3L	13861799	13861919	-1	1
4	471546	471725	-1	1
2R	18477024	18480203	-1	1
3R	13635899	13642228	-1	1
3R	17872746	17909231	-1	1
3L	9144295	9144394	1	1
X	4125788	4125924	1	1
2L	2678058	2683868	-1	1
4	132914	133186	1	1
X	13740988	13746633	1	1
3L	3073356	3088656	1	1
3R	31745295	31745774	-1	1
3R	17669627	17670066	-1	1
X	576796	577931	1	1
2R	6667801	6667875	1	1
3R	16402345	16403418	-1	1
3L	17846064	17846457	-1	1
3R	24255225	24255285	-1	1
2R	25254831	25261272	1	1
3L	19820011	19828317	1	1
3L	14002302	14003170	1	1
3R	21301688	21309359	1	1
3R	13666249	13666419	1	1
3L	24157943	24161131	1	1
3R	11328435	11402785	1	1
2L	6648077	6649030	-1	1
X	18790616	18790677	1	1
3L	8441719	8442207	-1	1
X	1217847	1219011	-1	1
3L	24298327	24299174	1	1
X	3274908	3291085	1	1
X	18780878	18785801	1	1
3L	4090425	4091213	1	1
X	16801006	16801069	1	1
X	16271097	16271441	1	1
3R	20309694	20309904	1	1
3L	25961541	25977967	-1	1
2L	8340311	8340864	1	1
3R	24101648	24104669	-1	1
2R	7634933	7635048	-1	1
X	13670014	13670129	1	1
2R	21086726	21086790	1	1
2R	15425667	15426055	1	1
X	15539927	15553841	-1	1
X	17143768	17146825	-1	1
2L	12492024	12504079	-1	1
X	3786255	3789521	1	1
2R	10463798	10463965	1	1
3L	23019468	23019530	1	1
3L	23019613	23020656	1	1
X	18040384	18062827	-1	1
3L	5079827	5079907	1	1
2R	22797626	22798244	-1	1
3R	29815186	29815509	-1	1
3R	21949413	21949640	1	1
2L	6922827	6923784	1	1
2L	2772654	2779185	1	1
3R	11396132	11402082	1	1
2R	12753354	12753422	-1	1
2R	9772650	9775739	-1	1
2R	19438344	19438407	1	1
X	20509468	20510174	-1	1
X	1858407	1858561	-1	1
2L	1909993	1910067	1	1
2R	11477270	11504929	1	1
3R	8817707	8820354	-1	1
3L	9390123	9390281	-1	1
2R	17411900	17585657	-1	1
3R	18248832	18250045	1	1
2L	7100208	7100278	-1	1
3L	9048954	9049162	-1	1
3L	24029620	24030545	1	1
3R	7199619	7200794	1	1
2L	17601844	17601912	1	1
3R	13019815	13019896	1	1
3R	31614631	31614690	1	1
X	7675666	7678176	1	1
X	7941725	7942734	-1	1
3R	28085969	28090001	1	1
3R	24655481	24655572	1	1
3R	29245165	29249418	-1	1
2R	16531396	16531459	1	1
2R	10024448	10025850	-1	1
2R	22340128	22340577	-1	1
2L	22550802	22557406	1	1
X	9111006	9111082	1	1
3R	9063069	9063134	1	1
3R	4297997	4301459	1	1
X	19518534	19519180	-1	1
3L	11524449	11541968	-1	1
X	2252666	2252724	-1	1
3R	30424046	30424101	1	1
3R	17875351	17916139	-1	1
3L	22547939	22583003	-1	1
3R	21120970	21121030	-1	1
X	5904168	5904571	1	1
2L	5919936	5919994	1	1
3R	27942134	27942585	1	1
X	7197110	7240139	1	1
3L	4090388	4091204	1	1
2L	21577270	21579359	1	1
3R	19415825	19458426	1	1
X	12903593	12905613	-1	1
X	4698632	4699611	1	1
3R	23983900	23984359	1	1
4	90352	90678	1	1
3R	28519660	28519843	-1	1
3R	9341919	9359047	1	1
2L	12455844	12457128	-1	1
3R	10613403	10613746	-1	1
2L	20967747	21051686	-1	1
3R	14361627	14367193	-1	1
2R	14866076	14867484	-1	1
3R	6656894	6657148	-1	1
2R	20264433	20264493	-1	1
2L	2780453	2780839	-1	1
2L	21176606	21176671	-1	1
X	14915492	14915836	1	1
3R	21775348	21775741	-1	1
3L	4542908	4550640	1	1
2R	23898000	23898055	-1	1
2L	10486338	10486398	-1	1
2R	22876093	22876145	1	1
X	7925087	7931236	-1	1
X	17935549	17935756	-1	1
X	15485369	15486427	1	1
X	9097460	9097756	-1	1
3L	4074150	4074465	-1	1
3R	12629755	12629819	1	1
X	5175747	5186903	1	1
3R	11960744	11960816	1	1
3L	3516039	3644885	1	1
3R	7082853	7082976	1	1
X	16370625	16404284	1	1
X	16528551	16533059	-1	1
3R	19730783	19731207	1	1
2R	7041935	7042043	1	1
X	16430765	16430926	1	1
X	6327599	6327664	1	1
3L	2822858	2872290	-1	1
2R	19290553	19290700	1	1
X	576626	578036	1	1
3R	5596003	5599148	-1	1
X	7285616	7291107	-1	1
4	1174929	1175058	-1	1
X	15958569	15961232	-1	1
X	13860821	13967551	-1	1
2L	8338666	8340184	1	1
3L	9107711	9123596	-1	1
3L	16993914	16993978	1	1
2L	17401291	17401519	1	1
X	10205450	10207119	-1	1
3L	10518055	10593921	1	1
X	6872922	6875935	1	1
3L	17059336	17060818	-1	1
3L	10858848	10858937	1	1
3R	9795520	9795576	1	1
2R	16894700	16894895	-1	1
X	6259725	6266407	-1	1
3R	26950569	26950638	-1	1
X	13714736	13714824	1	1
2R	14750507	14751160	-1	1
3L	7347785	7347857	-1	1
2R	12034433	12035488	1	1
2R	17838485	17866176	-1	1
3R	9418509	9419504	1	1
3L	10895467	10898619	-1	1
3L	7930374	7930431	-1	1
2R	5316480	5320008	1	1
3L	8112715	8113012	1	1
3R	25028742	25028798	1	1
2R	17538205	17538867	1	1
X	5721087	5737621	-1	1
2R	6749326	6756052	1	1
3R	24872412	24872654	-1	1
X	9163975	9165682	1	1
X	6352821	6353472	1	1
X	17072725	17072790	-1	1
3R	12950225	12960169	-1	1
3R	21275298	21275378	-1	1
X	12830515	12830681	-1	1
2L	9870443	9877917	-1	1
2R	4187843	4187946	-1	1
2L	3378071	3378156	1	1
2R	11442753	11451625	1	1
2L	21132691	21134506	1	1
3R	19415767	19457386	1	1
X	10238446	10244350	-1	1
3R	31597863	31598972	-1	1
3L	4434060	4434490	1	1
2R	16071473	16071543	1	1
3R	18226469	18228526	1	1
3R	30068065	30068314	1	1
X	3381492	3385716	1	1
3R	5593382	5594556	1	1
3R	29865400	29868533	-1	1
mitochondrion_genome	13088	15924	-1	1
3L	21425546	21432855	-1	1
3R	31216246	31216859	-1	1
3R	26608406	26608470	1	1
3R	27422850	27422986	-1	1
X	19347734	19347836	1	1
2R	9059698	9059853	-1	1
3L	13522086	13523842	-1	1
2L	16722290	16722446	1	1
X	4921792	4922920	-1	1
3L	10640457	10660783	-1	1
3R	9415940	9417178	1	1
3R	10228913	10239477	1	1
3R	10239498	10239618	1	1
2L	8543834	8544485	1	1
2R	23042176	23042310	-1	1
2R	18424487	18424872	1	1
X	6230173	6230235	1	1
2R	23861144	23861206	1	1
X	9602676	9602745	1	1
3R	4229638	4230781	-1	1
3R	7084768	7084925	-1	1
3R	22787051	22793886	1	1
2R	6156369	6156813	-1	1
2L	1012438	1013260	-1	1
3R	13710659	13710723	-1	1
2L	5173413	5173737	1	1
3R	20973968	20974071	1	1
3L	16412837	16415134	1	1
X	5251440	5276766	1	1
3R	29962031	29968983	-1	1
X	10335721	10347671	1	1
3R	21775348	21775741	1	1
X	9165922	9177431	1	1
X	15944316	15944392	1	1
3L	17400339	17400395	-1	1
3R	15935529	15957611	1	1
3L	17641226	17641858	-1	1
X	8515609	8515719	1	1
3R	20438224	20449459	-1	1
3L	4575759	4578760	1	1
X	1514793	1514857	1	1
X	15902333	15903644	1	1
2R	7546273	7546326	1	1
X	22470375	22470497	-1	1
X	1682271	1682367	-1	1
X	1682430	1682698	-1	1
3L	8998463	9002494	1	1
3L	5751601	5751846	1	1
mitochondrion_genome	13062	15066	-1	1
2R	10461128	10464199	1	1
2R	14276429	14279243	1	1
2R	14602264	14603224	-1	1
2L	2718925	2719002	1	1
3R	4399681	4399742	-1	1
2R	13269521	13272653	-1	1
2R	4673060	4673114	1	1
2L	6646948	6647422	-1	1
3R	23983795	23984440	1	1
X	13746675	13755009	-1	1
2R	15372021	15372191	1	1
3L	19998238	19998867	-1	1
X	16527821	16533059	-1	1
2R	18497357	18497590	-1	1
2R	4727086	4727158	-1	1
2R	13832274	13833237	1	1
X	5414202	5420573	-1	1
2R	15380882	15381413	1	1
3L	13798382	13803177	-1	1
3L	4090888	4090976	1	1
3L	9384916	9385220	1	1
3R	20865628	20865916	-1	1
X	11112051	11112119	1	1
3R	7859438	7861139	-1	1
3R	10264523	10264610	1	1
2R	21143847	21145617	1	1
2R	10107739	10109402	1	1
2L	6721132	6721188	-1	1
X	6741810	6742077	-1	1
X	2015361	2022462	1	1
3R	13133094	13155509	-1	1
3R	11438100	11438302	1	1
2L	10487193	10487244	-1	1
2R	12199590	12199834	1	1
X	1412041	1413418	1	1
3L	17512282	17513868	-1	1
3R	21949403	21975155	1	1
3L	21270723	21270986	-1	1
3R	24066214	24067093	-1	1
2L	14184692	14184801	-1	1
3R	27939648	27939707	1	1
2R	21515238	21517261	-1	1
X	13867158	13985708	-1	1
2R	8299645	8305118	1	1
3R	7781175	7781556	-1	1
X	3930041	3930919	-1	1
3L	12785809	12785871	-1	1
2R	5975357	5975420	-1	1
3L	13870267	13902838	-1	1
2L	1185455	1185552	1	1
2R	24455848	24483040	1	1
3R	13688234	13688347	1	1
3L	15152185	15152370	1	1
X	13860876	13985360	-1	1
X	10699325	10705799	1	1
4	464663	464989	-1	1
2R	17255996	17275410	1	1
X	9105958	9106225	1	1
X	1379373	1380138	-1	1
X	2641740	2647514	-1	1
3L	19907031	19907104	1	1
3R	10696803	10697626	1	1
3L	8441432	8441607	-1	1
2L	13898243	13898360	1	1
X	4935567	4936190	-1	1
X	19685911	19685990	1	1
2R	14276407	14278698	1	1
X	575969	577913	1	1
2L	5204593	5204836	1	1
3R	11621945	11622015	-1	1
3L	1865823	1867541	1	1
2L	6466765	6466819	-1	1
2L	8826070	8829497	1	1
2R	7881921	7885520	-1	1
2L	9291255	9295276	1	1
3R	23250538	23250606	-1	1
3R	30208162	30208321	-1	1
3R	14732978	14733083	-1	1
3R	5757269	5757339	-1	1
X	16306076	16333794	1	1
X	576811	578017	1	1
3L	11823764	11824088	1	1
X	5394269	5403758	1	1
3L	4577953	4578760	1	1
3L	269780	270050	1	1
3R	10585475	10613468	-1	1
2R	20237437	20237693	1	1
X	17907852	17908574	1	1
2L	4975101	4975153	-1	1
X	5165594	5174754	1	1
X	16561652	16561712	-1	1
3L	19796393	19796453	1	1
3R	10128516	10128630	-1	1
2R	15932408	15932665	-1	1
3R	3583124	3708656	-1	1
4	249681	251440	-1	1
3L	210400	210476	-1	1
2L	13816702	13816766	1	1
X	17934528	17941442	-1	1
X	576921	578237	1	1
3L	7075757	7076399	-1	1
2R	20276070	20277277	-1	1
3L	20834168	20836035	1	1
3L	9510159	9510491	-1	1
2R	24969052	24969118	-1	1
3L	9588445	9591241	1	1
X	19492587	19492677	-1	1
2L	4822988	4828795	1	1
3R	28928110	28970114	-1	1
2L	19071034	19071174	1	1
2L	8322703	8322774	-1	1
3L	14627692	14627951	1	1
2R	19446140	19446218	-1	1
3R	4183705	4189708	-1	1
2L	6924086	6925447	1	1
2R	24770516	24770578	-1	1
3L	19819581	19829174	1	1
X	1486592	1489452	-1	1
X	19483605	19483684	1	1
3R	9487200	9493523	-1	1
4	1192803	1195660	-1	1
X	6672118	6673898	-1	1
2R	11895164	11895438	1	1
2R	11895173	11895447	1	1
X	5753835	5753895	1	1
2R	3933415	3938604	-1	1
3R	20579233	20579454	-1	1
Y	124443	200832	1	1
X	16784918	16792590	1	1
X	5253855	5254762	1	1
4	1120802	1121459	1	1
3R	18197121	18199205	-1	1
3R	28598638	28598730	-1	1
3R	19232904	19232961	-1	1
4	1035381	1036293	-1	1
3R	1265496	1441530	-1	1
3R	23983921	23984367	1	1
2R	24755974	24756038	1	1
3R	27580326	27581073	-1	1
4	66396	66836	-1	1
2R	14527992	14552912	1	1
2L	21345440	21345500	1	1
2R	20662956	20664177	-1	1
3R	14367497	14369849	-1	1
2R	7832195	7833562	1	1
2R	9508254	9508927	1	1
X	18548733	18548936	1	1
3L	8602200	8602301	1	1
X	1217838	1233942	-1	1
X	5165436	5211829	1	1
3R	8817689	8819170	-1	1
3L	16921367	16921437	1	1
X	13360853	13361214	1	1
2R	9435335	9435394	-1	1
X	5792978	5794477	1	1
4	85800	94423	1	1
3R	22303181	22303557	1	1
2L	21741736	21741795	-1	1
3R	24837218	24838051	1	1
X	8275418	8276063	1	1
2L	13462201	13483908	1	1
2R	9396470	9397533	-1	1
3L	8314677	8315072	1	1
2L	8042126	8042440	1	1
3L	2541404	2548890	-1	1
3R	18455381	18515027	-1	1
3R	30005422	30009678	1	1
3L	20713105	20713214	-1	1
3R	21785811	21804720	-1	1
3R	17396900	17397137	-1	1
X	11675433	11676651	1	1
X	19327793	19348322	-1	1
X	11247673	11290014	-1	1
2R	17524585	17524704	-1	1
3R	30435414	30436243	-1	1
2R	4784955	4786697	1	1
2L	10746079	10755904	1	1
3R	25742316	25742392	1	1
3R	8010120	8010178	1	1
X	16423628	16429060	1	1
2R	19394444	19395687	-1	1
2R	17472805	17473087	1	1
3L	21879879	21916260	1	1
X	575782	578033	1	1
3R	19217892	19217978	-1	1
X	8293813	8295177	1	1
X	11290188	11293310	-1	1
2L	9714242	9715697	-1	1
X	8251389	8251597	-1	1
X	11967107	12023563	-1	1
X	11924452	11931283	-1	1
2R	928280	928393	-1	1
3R	18679102	18679158	1	1
X	15299584	15305441	1	1
3R	23758529	23758775	1	1
2R	13623831	13654284	1	1
3R	7192971	7193593	1	1
2R	14276441	14277128	1	1
2R	22801371	22801483	-1	1
2L	21124374	21124443	1	1
2L	6646797	6647966	-1	1
2R	5641659	5647755	-1	1
X	8365841	8366804	-1	1
X	17935382	17936844	-1	1
2R	9656318	9656507	-1	1
2L	3725197	3725656	1	1
3L	22832125	22832349	-1	1
2R	18384081	18384150	1	1
X	19328721	19344028	-1	1
2L	10009827	10010737	1	1
2R	17567732	17568119	1	1
3R	11755112	11755177	-1	1
2R	6792411	6792479	-1	1
2L	8564079	8669581	1	1
X	10781080	10781454	-1	1
X	687859	704891	1	1
2R	12260121	12274383	1	1
2R	12260178	12274317	1	1
2L	6122047	6123060	1	1
3L	8269124	8269709	1	1
2R	13654455	13672368	1	1
2R	12264749	12269257	1	1
3R	24221617	24221805	-1	1
X	9684152	9686979	-1	1
2R	17207854	17208002	1	1
2R	24052565	24052655	1	1
2R	12035711	12035776	1	1
3R	25053975	25054042	-1	1
2L	5985451	5985678	1	1
X	21346690	21348668	1	1
3L	16413804	16415234	1	1
3L	21435355	21436783	1	1
4	1050863	1053498	-1	1
X	23279493	23440319	-1	1
X	8517855	8531697	1	1
3R	24760814	24760871	-1	1
X	14588732	14590246	-1	1
2R	15313565	15313638	1	1
3R	25305347	25305408	1	1
3L	2658376	2658477	-1	1
X	11605957	11606154	1	1
3R	23983904	23984422	1	1
X	14322920	14324738	1	1
X	761009	761653	1	1
3R	31579886	31579953	-1	1
2R	5832378	5832436	1	1
2R	24523866	24525930	-1	1
3L	25965663	26007640	1	1
X	7996046	7999173	1	1
X	7999220	8027220	1	1
3L	9162975	9170638	-1	1
3R	30578782	30578892	1	1
3L	17422456	17422534	-1	1
X	4556852	4664410	-1	1
X	19610879	19610982	1	1
2R	13509074	13509154	1	1
X	10238388	10239035	-1	1
X	19598074	19598149	1	1
2R	22877347	22877742	1	1
2R	17536468	17538844	1	1
3L	20846292	20846349	-1	1
X	1373998	1374582	1	1
X	9165942	9178368	1	1
2R	21146705	21146764	1	1
3L	5156352	5272248	-1	1
X	5085958	5089350	1	1
2R	4379156	4427936	-1	1
3R	31617269	31617638	1	1
2R	2487866	2496828	-1	1
2R	7673984	7674064	-1	1
3R	19139140	19139440	-1	1
3R	15935536	15941398	1	1
3L	10707386	10710757	1	1
3R	23567687	23579369	1	1
3R	21785756	21820778	-1	1
2L	21382079	21390214	1	1
3R	31151971	31152396	1	1
X	1467965	1468052	1	1
2L	10385083	10385140	-1	1
3R	7531949	7532561	1	1
X	19250203	19250261	1	1
3L	4090867	4092690	1	1
2R	24031852	24032273	-1	1
3L	19686937	19686995	-1	1
X	6040099	6040525	-1	1
3L	22832878	22833023	-1	1
X	7311335	7311463	1	1
3R	19459546	19460038	1	1
2L	5760425	5760875	1	1
2R	13128240	13128451	-1	1
2R	13128510	13128579	-1	1
3R	23380482	23380536	-1	1
3R	15957902	15960167	1	1
X	575814	577853	1	1
3L	5424224	5429163	1	1
3L	7979476	7979537	1	1
3L	9371680	9372133	-1	1
X	5617227	5617309	-1	1
3R	6407192	6407478	1	1
2L	4977941	4978395	1	1
3L	268423	268836	1	1
4	1043522	1045156	-1	1
3R	18959719	18977294	1	1
3R	21783584	21820780	-1	1
X	13371874	13371973	1	1
3L	2372643	2372714	1	1
3R	21357177	21375856	-1	1
3R	4950413	4950467	-1	1
3R	20030002	20030058	-1	1
3L	12210431	12264617	-1	1
2R	19567161	19574003	-1	1
3L	4542823	4553330	1	1
X	9355176	9356084	-1	1
X	5904254	5904334	1	1
2R	23950183	23950245	1	1
X	4428620	4428764	1	1
2R	24609037	24609099	1	1
3R	23983921	23984440	1	1
3L	9456681	9456766	-1	1
2L	126173	126674	1	1
2L	5166618	5166922	1	1
4	1029836	1029901	1	1
2R	15338848	15338911	1	1
3L	24074559	24075146	1	1
2L	2772654	2785293	-1	1
3R	21821024	21822235	-1	1
3L	4542820	4553362	1	1
3R	5596123	5598944	-1	1
2R	14352534	14352595	1	1
X	5446976	5461696	1	1
2R	21667849	21669171	-1	1
2L	9745713	9746163	-1	1
X	7940425	7940495	1	1
3L	21844641	21844836	1	1
3L	13537997	13538110	-1	1
X	17937606	18039662	-1	1
X	5793836	5793944	1	1
X	12128415	12128658	1	1
2L	21635732	21637659	1	1
3L	21724487	21724782	-1	1
3L	21724827	21728625	-1	1
3R	4193274	4301252	1	1
3L	25120986	25121618	1	1
2L	1010491	1010658	-1	1
2R	11358272	11358336	1	1
3R	15246367	15246455	1	1
2R	2776682	2844200	1	1
X	13984427	13985342	-1	1
2L	1699485	1701771	1	1
3L	20352124	20352200	1	1
X	3880966	3882612	1	1
X	13383624	13384355	-1	1
X	5754235	5754710	-1	1
2L	6925556	6930164	1	1
3R	30435600	30435657	1	1
3R	4948994	4949587	-1	1
4	570344	570409	1	1
2R	14750454	14752206	-1	1
3L	5691900	5692428	1	1
3R	29173995	29174934	-1	1
3R	21297137	21298265	1	1
2R	9135996	9136952	-1	1
3L	10572775	10572900	1	1
X	5794542	5797647	1	1
3R	5812661	5813089	1	1
3L	1553025	1553102	1	1
X	8790973	8791071	-1	1
4	115203	115258	-1	1
2L	18706740	18706797	-1	1
3R	27125607	27150534	-1	1
3R	4390621	4391492	1	1
4	454049	454597	1	1
3R	21304528	21305916	1	1
3L	27332109	27350220	1	1
2R	23386005	23386157	-1	1
X	16528016	16533059	-1	1
2L	9787469	9789527	-1	1
3R	18976656	18976803	1	1
2R	20533453	20533522	1	1
2R	17375964	17378104	1	1
3R	12682391	12684481	-1	1
3R	12684523	12687716	-1	1
3L	1788958	1789017	-1	1
3L	16584430	16585897	1	1
3L	16405837	16407021	-1	1
3R	24679578	24687187	1	1
2R	10515386	10515596	-1	1
2R	4351219	4458023	-1	1
X	5414015	5414620	-1	1
2R	10024528	10025850	-1	1
2L	4854554	4876049	1	1
4	957022	957095	-1	1
X	18039825	18059789	-1	1
3R	8819173	8820370	-1	1
X	11706885	11708775	-1	1
2R	14114297	14139789	1	1
3R	23220644	23221842	-1	1
2L	4870837	4871076	1	1
4	90560	90663	1	1
2R	9477138	9477219	1	1
2R	9477247	9477374	1	1
2L	7827868	7832547	1	1
X	8210020	8239149	1	1
3R	8817720	8818643	-1	1
3L	13039340	13039405	1	1
2R	17867254	17867434	-1	1
3L	8515158	8517619	1	1
2L	19409911	19410248	-1	1
X	16365643	16371283	1	1
3L	4429900	4432501	1	1
X	1481848	1482781	-1	1
2L	18592119	18592177	1	1
2L	10242819	10245922	-1	1
3L	9178780	9179294	-1	1
2R	15568827	15569119	-1	1
X	6306294	6306383	1	1
X	12917958	12945858	1	1
2R	24970418	24970472	1	1
2L	10315424	10315489	-1	1
3R	24219776	24219965	-1	1
3R	11591310	11592340	-1	1
X	11571524	11571762	-1	1
2R	17518428	17518484	1	1
3R	14265108	14265168	-1	1
3R	8819151	8820538	-1	1
3R	18908892	18909663	1	1
3L	10858217	10858355	1	1
3R	10298592	10299634	1	1
3R	15749025	15749085	1	1
2R	19530606	19631147	-1	1
X	1691131	1691207	-1	1
2L	5042888	5042984	-1	1
X	13985876	13988805	-1	1
3R	8391401	8392014	-1	1
3L	17390329	17400421	-1	1
3R	18172950	18173126	1	1
X	5167001	5174631	1	1
2R	17375291	17375363	1	1
X	16560917	16565151	-1	1
3R	22369501	22372543	1	1
2R	10146444	10146708	-1	1
3R	9736891	9737119	1	1
X	13374386	13377858	-1	1
3L	4084799	4085429	-1	1
3R	20817586	20817640	-1	1
3R	16296777	16296836	1	1
X	10309420	10318472	-1	1
3R	18248382	18265176	1	1
X	15421499	15440564	-1	1
2R	24160226	24160288	1	1
2R	10107762	10109387	1	1
X	12942090	12942380	1	1
X	19529602	19529674	1	1
3R	18273390	18273448	-1	1
X	13831279	13831340	-1	1
2R	16015703	16015833	1	1
mitochondrion_genome	12187	12868	-1	1
3R	21305603	21306993	1	1
X	6120350	6123389	-1	1
3R	19245201	19245254	-1	1
X	2783426	2783767	-1	1
X	17589096	17596657	1	1
X	8925337	8999380	1	1
3L	21270716	21270986	-1	1
X	12988807	12988932	1	1
2R	14757439	14757499	-1	1
3R	25494079	25494215	-1	1
2R	4816391	4816459	1	1
X	11622186	11622313	1	1
3R	8942316	8942381	1	1
X	21048599	21048665	1	1
3R	31959128	31969756	-1	1
3R	23983894	23984475	1	1
2R	14814812	14818568	1	1
2L	13185238	13186029	-1	1
3L	9419272	9426223	-1	1
4	90592	90663	1	1
2L	471705	471904	-1	1
3L	7685360	7685816	-1	1
3L	9374379	9374725	1	1
3R	26716051	26716116	-1	1
2L	19777021	19777082	-1	1
2L	9176462	9177125	1	1
2L	10200237	10200291	1	1
2R	10638713	10638766	1	1
2R	14178022	14178098	1	1
3R	7087992	7088575	1	1
X	12297143	12298026	1	1
3L	8241478	8248558	1	1
2R	13518140	13531549	-1	1
3R	3788128	3790356	-1	1
3L	17400540	17401086	-1	1
3L	21270705	21270962	-1	1
2R	10731797	10735820	-1	1
2R	10722285	10723493	-1	1
2R	14179042	14179112	1	1
3R	23981675	23982286	1	1
X	17910201	17910569	1	1
X	3949215	3955204	1	1
2L	8083842	8089185	1	1
2L	2780473	2780843	-1	1
3R	20839694	20839887	1	1
3R	31597787	31609502	-1	1
3L	8314677	8315072	-1	1
3R	682506	835376	1	1
2R	13497534	13497613	1	1
X	5757884	5759562	1	1
3R	27568592	27571924	-1	1
2L	20426791	20455274	1	1
3L	21521556	21521622	1	1
3L	21521653	21526671	1	1
X	5792396	5794405	1	1
X	15870566	15871361	1	1
X	23253591	23256646	1	1
X	18826598	18883169	1	1
3L	16126141	16126429	-1	1
3L	21516655	21517250	1	1
2R	18145993	18146775	-1	1
3R	17080357	17082664	1	1
3R	21770493	21775197	-1	1
3R	8817720	8820155	-1	1
3L	6185645	6185704	1	1
X	9124544	9124806	-1	1
3R	27933315	27933373	-1	1
3R	9749577	9749641	1	1
2R	24817770	24819814	1	1
3L	21839535	21839666	-1	1
2L	10342234	10342289	-1	1
2L	1555369	1556399	1	1
X	10781030	10781581	-1	1
3R	29038042	29038098	-1	1
X	5341269	5403461	1	1
2L	9727163	9742919	-1	1
X	5877548	5877606	-1	1
2L	3039204	3039268	-1	1
2R	13953514	13953745	-1	1
3L	3716162	3758857	-1	1
X	577521	577938	1	1
2L	21711184	21711315	1	1
2R	19243361	19243728	1	1
2L	6903004	6903259	1	1
2R	18437613	18437940	-1	1
2R	18437978	18438208	-1	1
3R	11336680	11338237	1	1
2L	9877452	9885726	-1	1
2R	12273960	12274853	1	1
3R	9391074	9392741	-1	1
2L	1012364	1014061	-1	1
3L	17531173	17538298	1	1
3L	9108074	9108132	1	1
2L	8427656	8430308	1	1
2R	16559355	16561251	-1	1
2R	10107803	10108899	1	1
3R	10870386	10870756	-1	1
2L	3707455	3707516	-1	1
X	5071219	5075482	-1	1
X	12229701	12335068	1	1
X	9152657	9153903	-1	1
X	20465432	20465500	-1	1
X	22985089	22985305	-1	1
X	11571109	11571175	1	1
3L	16574753	16574853	1	1
3R	3734328	3734607	-1	1
3L	17270427	17282510	1	1
3L	16689164	16695580	1	1
2R	18165103	18165160	-1	1
2L	14971598	14971648	-1	1
3R	14732839	14732928	-1	1
2R	4727735	4727789	-1	1
4	92201	92254	1	1
X	12745868	12746869	1	1
3R	9715931	9715991	-1	1
3R	24760699	24761464	-1	1
X	18172018	18172164	1	1
X	13860801	13862693	-1	1
2R	24064658	24064734	1	1
3R	18964472	18977750	1	1
3L	4003965	4004136	1	1
3R	11591310	11592357	-1	1
2R	16926593	16990696	1	1
3R	21015416	21015469	1	1
3L	8440249	8440506	-1	1
3L	1500093	1500201	-1	1
X	21037904	21038860	1	1
2R	16625358	16625710	-1	1
X	9193119	9193549	1	1
3R	17899644	17902102	-1	1
X	8758957	8768056	-1	1
X	5793689	5794423	1	1
3R	5293371	5293630	-1	1
3R	18664068	18664609	1	1
2L	14196011	14196075	-1	1
3R	29725174	29725238	1	1
X	13783970	13811234	1	1
2R	16103775	16105033	-1	1
3L	9178227	9178744	-1	1
2R	14901677	14901780	-1	1
X	10814016	10822392	-1	1
3R	8819077	8820308	-1	1
2R	23666036	23671976	1	1
3R	13461799	13462013	1	1
2R	15573611	15573666	-1	1
4	1131397	1131489	1	1
2L	10847307	10847703	-1	1
3L	9945122	9961865	1	1
2L	5985237	5985535	1	1
3R	29860615	29860707	-1	1
X	11698436	11698500	1	1
3L	20993837	21025083	-1	1
2L	3098066	3108725	-1	1
X	11712367	11712769	-1	1
2L	21387801	21390231	1	1
3R	28631088	28634598	-1	1
X	15000829	15002112	1	1
3L	10647127	10659365	-1	1
2L	16722144	16722411	1	1
2L	21388765	21391379	1	1
2R	10461877	10465202	1	1
3L	13666461	13666591	-1	1
3L	22792630	22833038	-1	1
2L	5171550	5174500	1	1
2R	23485124	23485179	1	1
2L	1011725	1013475	-1	1
3L	7815614	7853505	-1	1
2R	6685162	6685271	-1	1
3R	24104971	24105434	-1	1
X	6115875	6216094	-1	1
3R	11419596	11419739	-1	1
3R	4737739	4738884	-1	1
2R	7837163	7837246	-1	1
2R	13000385	13000927	1	1
3L	6946448	6946501	1	1
X	9182507	9186826	1	1
X	12942169	12949058	1	1
X	15525609	15529371	1	1
2L	5725229	5758695	1	1
3R	11950359	11950427	1	1
2R	5416313	5417654	-1	1
3R	31936062	31936690	-1	1
3R	5437650	5442126	1	1
3L	5691735	5695422	1	1
3R	7121139	7121275	-1	1
X	571353	571427	-1	1
3R	14733047	14733284	-1	1
2R	12061718	12061821	1	1
3R	24133449	24133506	1	1
2R	23383123	23383365	-1	1
3L	8440416	8441266	-1	1
Y	132628	200815	1	1
2R	13831253	13832082	1	1
3R	5593914	5594140	1	1
3L	17061773	17065180	-1	1
3R	17674784	17677665	-1	1
X	11155127	11162832	1	1
3L	5160981	5272550	-1	1
2R	23675709	23675778	1	1
2R	17704025	17716914	-1	1
3L	17064547	17066580	-1	1
2R	24774506	24774577	-1	1
3R	5575376	5575436	1	1
3R	4301136	4301228	1	1
2L	10392009	10392156	1	1
2L	6386032	6386089	-1	1
3L	7038370	7040499	1	1
3R	11401867	11402773	1	1
3R	7128648	7128941	1	1
3R	21785926	21820986	-1	1
4	129443	129728	-1	1
2R	8006233	8006363	1	1
X	15860251	15860745	1	1
3L	14053491	14053647	1	1
3L	19999451	19999572	1	1
2R	24661998	24662076	1	1
X	4688499	4713312	1	1
2R	16266654	16266719	1	1
4	429579	429643	1	1
X	4698663	4699616	1	1
2L	21381932	21390348	1	1
X	11817304	11822689	1	1
3R	23983935	23984236	1	1
3R	11338785	11338853	1	1
2L	5171764	5172370	1	1
2L	2684410	2704272	1	1
X	9152657	9153896	-1	1
2R	10724368	10724806	1	1
X	3949256	3975712	1	1
3L	21879942	21907351	1	1
2R	22930074	22930193	1	1
X	3258799	3324186	1	1
4	881950	882961	-1	1
X	13384343	13384394	-1	1
X	18907860	18908277	1	1
3L	4430073	4433183	1	1
3R	16483207	16483263	-1	1
3R	13378286	13378402	1	1
3R	15957177	15957594	1	1
4	671661	680188	1	1
2L	851498	852622	-1	1
3R	12990500	12990553	1	1
4	1243951	1244018	1	1
X	9682340	9682552	-1	1
mitochondrion_genome	12884	13199	-1	1
2L	2865419	2865482	1	1
3L	13602477	13638517	-1	1
3L	13638566	13777913	-1	1
3L	3056052	3056267	-1	1
2L	22579253	22579821	-1	1
3R	15413513	15413569	1	1
2R	3901210	3933275	-1	1
2R	19520895	19529766	-1	1
3R	25517734	25519261	1	1
3L	17061755	17065626	-1	1
X	5904332	5904586	1	1
X	3295886	3313500	1	1
2R	16081354	16086949	-1	1
3R	31055019	31056473	-1	1
3L	7913085	7913626	1	1
X	9008202	9013311	1	1
3L	19913421	19913479	1	1
3L	9177465	9179261	-1	1
3R	15056794	15057188	-1	1
3R	22545471	22545685	-1	1
3R	7087813	7088689	1	1
3R	30165108	30165276	-1	1
2R	16112142	16112196	1	1
3R	26574781	26574851	-1	1
3R	28442816	28462004	1	1
X	19527329	19527384	1	1
2L	10007465	10007584	1	1
X	14866474	14870988	-1	1
X	1774223	1778553	1	1
2L	20832288	20832340	1	1
2L	1653453	1653612	1	1
2L	4227750	4228012	-1	1
2L	15063236	15064159	-1	1
X	22470452	22470514	-1	1
3L	16585817	16585989	1	1
3R	19153979	19154135	-1	1
2R	11382183	11382249	-1	1
Y	1417376	1417452	-1	1
3L	2601633	2611497	-1	1
X	18794520	18794642	-1	1
3R	20205080	20206198	1	1
3R	20252833	20253627	1	1
2R	2204166	2261829	-1	1
2L	13487685	13487961	1	1
2L	7985769	7985834	1	1
X	15758318	15760467	-1	1
X	504349	504422	1	1
3R	18715021	18718765	1	1
3L	12746828	12746898	-1	1
X	6277167	6277393	-1	1
3R	1257678	1260590	-1	1
3L	7854160	7855529	-1	1
X	2497489	2500563	-1	1
2R	5416313	5416933	-1	1
X	11155229	11161061	1	1
2R	12691736	12691792	-1	1
2R	12691851	12691929	-1	1
3R	21785771	21807592	-1	1
3L	16651536	16659230	1	1
3R	8000420	8000586	1	1
2L	19120056	19120123	-1	1
X	16463421	16527422	-1	1
2R	23389250	23391640	-1	1
2L	12543599	12543940	1	1
2L	10966622	10968105	-1	1
3R	25064995	25065148	-1	1
X	18039731	18062821	-1	1
3R	27942484	27942588	1	1
X	5754370	5754429	1	1
2R	16140438	16140500	-1	1
2L	6049290	6050118	1	1
3R	22364958	22365019	-1	1
3R	21070473	21070696	1	1
2R	10516530	10518292	-1	1
3L	9146919	9190908	-1	1
3L	20308617	20308747	-1	1
X	9355179	9356048	-1	1
X	1662714	1664074	1	1
3L	19845429	19845512	-1	1
X	9473267	9495674	1	1
3R	23355401	23355660	-1	1
2L	12540272	12540580	-1	1
4	247229	249557	1	1
2R	12199905	12199997	-1	1
2L	9889682	9889984	-1	1
3R	23983926	23984283	1	1
4	416825	419730	-1	1
3R	11533699	11534322	-1	1
2R	23948196	23948352	-1	1
3R	10862956	10864377	1	1
3L	5192004	5193303	-1	1
3R	22278627	22278706	1	1
2L	2753297	2756717	1	1
X	5394189	5396184	1	1
X	10075071	10075144	1	1
3L	14630193	14630520	-1	1
2L	18320664	18348699	1	1
X	18170541	18174229	1	1
3R	27561829	27561892	-1	1
3L	3831957	3842153	1	1
X	12989159	13076728	1	1
2L	23512894	23513041	1	1
3R	9441288	9447941	1	1
2R	9082146	9082207	1	1
X	4698649	4699616	1	1
2L	7232386	7257948	-1	1
3R	29173718	29177689	-1	1
3R	28543180	28543245	-1	1
2L	19523542	19525190	1	1
3L	4693406	4707617	1	1
3L	17400545	17400899	-1	1
4	930132	930512	-1	1
3R	16158370	16158858	1	1
3R	21302393	21303204	1	1
X	16797037	16799208	-1	1
X	4698646	4699616	1	1
2L	21688553	21700672	1	1
2R	16430584	16431654	1	1
X	12645542	12653355	1	1
X	2179771	2180634	1	1
3R	23851112	23858726	1	1
X	576835	578237	1	1
3L	17823491	17824033	1	1
3R	19872002	19874201	-1	1
2R	12167166	12167994	-1	1
2L	4321224	4323723	1	1
3L	7930610	7930688	-1	1
3L	7930746	7931232	-1	1
2L	6950989	6951045	1	1
3R	21785973	21804720	-1	1
X	21347433	21347531	-1	1
X	5883997	5884233	1	1
X	15962137	15962274	-1	1
3R	24321311	24325389	1	1
3L	22076342	22076416	1	1
X	12784523	12784702	-1	1
3R	23983693	23984343	1	1
2R	19526986	19628962	-1	1
X	17553267	17553948	-1	1
2R	21394431	21394552	-1	1
3R	12934609	13101063	1	1
X	7311404	7342613	1	1
2L	7033384	7034415	1	1
2L	1019322	1033687	-1	1
2R	15138437	15138509	1	1
X	8282987	8329530	-1	1
2R	15181635	15181861	1	1
2L	10307494	10307558	1	1
3L	11252961	11253703	1	1
3R	14244958	14245021	-1	1
2L	21382201	21390189	1	1
3R	18248379	18248445	1	1
3L	16844863	16844942	-1	1
X	6531190	6531986	-1	1
3R	10224293	10224351	-1	1
2R	1441210	1442769	1	1
2R	12692023	12692081	-1	1
2L	21382163	21390146	1	1
3R	22479454	22479530	1	1
2L	6681773	6681938	-1	1
3R	8004864	8005254	1	1
3L	20943969	20949170	1	1
X	1690809	1690873	-1	1
X	9166006	9166141	1	1
3L	543278	547482	1	1
3R	15944997	15951602	1	1
3L	202232	202379	-1	1
X	8500077	8516104	-1	1
3R	21318373	21320222	-1	1
3R	24653461	24654357	-1	1
X	577043	577931	1	1
3R	16046614	16046669	-1	1
X	14915028	14915732	-1	1
X	15095029	15095087	-1	1
3L	11759351	11759626	-1	1
2R	23735120	23735179	-1	1
2R	24185768	24185988	1	1
X	11967135	11970439	-1	1
3R	13398969	13399073	1	1
2R	20539677	20539745	-1	1
3L	9123801	9125167	-1	1
3R	21784419	21784788	-1	1
2R	13515066	13528274	1	1
3R	23607666	23608719	-1	1
3L	22833218	22833475	-1	1
2R	16088536	16088683	-1	1
3R	16626217	16631609	1	1
X	23012377	23012882	-1	1
X	7905972	7907533	-1	1
3L	20316332	20316389	1	1
2L	18129194	18129665	1	1
X	12868410	12869435	-1	1
3R	12477049	12477406	-1	1
X	15996001	15996282	1	1
3R	9419900	9439346	1	1
2R	1591067	1593334	1	1
3R	30517695	30517991	-1	1
X	15734607	15735099	1	1
2R	17474717	17474988	1	1
X	17661081	17669118	1	1
3L	9902446	9902602	1	1
3R	14672524	14696485	-1	1
2R	16341783	16341844	-1	1
3R	15415195	15415904	1	1
2R	11865422	11865500	-1	1
2L	10402334	10402407	1	1
2L	16182832	16182893	1	1
2R	10208853	10208921	-1	1
2R	7041731	7042625	1	1
2L	8088855	8089185	1	1
3R	9262382	9262459	1	1
2L	21381669	21382065	1	1
3L	19066376	19066438	-1	1
3L	4136481	4136909	-1	1
2R	21221748	21221820	-1	1
X	12636284	12636539	1	1
3R	8340015	8340499	-1	1
3R	3623449	3623539	1	1
4	915367	928074	-1	1
2L	9896352	9897015	-1	1
3L	10585540	10587627	1	1
X	16001791	16001863	-1	1
2R	24524543	24524774	-1	1
2L	12142852	12145070	1	1
X	13267255	13267322	-1	1
3L	11488386	11495234	1	1
3L	19891692	19896798	-1	1
2R	13955410	13955578	1	1
X	5334495	5340358	1	1
X	628477	628546	-1	1
3R	4298189	4301256	1	1
3L	11733897	11736288	-1	1
3L	1950700	1950761	-1	1
3R	11769001	11769058	-1	1
2R	9272708	9274649	-1	1
3R	29173995	29176546	-1	1
2R	10208129	10208191	-1	1
3L	9178185	9178681	-1	1
3R	11405755	11406604	1	1
2R	14497452	14498564	-1	1
2L	21382139	21390359	1	1
2R	22797132	22797465	-1	1
X	10244627	10249895	-1	1
2L	9291859	9293191	1	1
X	15138152	15138298	-1	1
2L	6058960	6059597	1	1
X	16469268	16471118	-1	1
3R	18178868	18179570	1	1
3L	18090387	18090448	-1	1
3L	4182342	4233788	-1	1
X	13719346	13719411	-1	1
3L	4580374	4586256	1	1
3R	14125014	14125075	-1	1
X	1516064	1516269	1	1
2L	21226423	21226630	1	1
3R	11439198	11444023	1	1
2L	18079079	18080172	1	1
X	13963714	13968003	-1	1
3R	22727230	22728843	1	1
3R	9418816	9419423	1	1
X	16550466	16551475	1	1
2R	16765338	16765401	-1	1
X	13617576	13617814	1	1
2R	10444463	10445034	1	1
2R	7069581	7069652	1	1
3L	22801722	22832100	-1	1
X	13650068	13650510	1	1
3L	20258907	20258959	1	1
3L	8439460	8441426	-1	1
2L	8283556	8283869	-1	1
X	9158197	9158266	1	1
3L	13584272	13608393	-1	1
3L	8970764	8971125	1	1
3R	23983898	23984334	1	1
X	19653263	19653322	1	1
3R	19095075	19095988	1	1
2R	22411234	22411293	-1	1
X	19198782	19199273	-1	1
3L	17797966	17798027	-1	1
2R	14140122	14140533	-1	1
2R	16760518	16760598	-1	1
3L	9378204	9378963	-1	1
X	7731873	7731966	-1	1
X	10259489	10260784	-1	1
3R	7868566	7870232	-1	1
2R	15165101	15190099	1	1
X	18880608	18926322	1	1
3R	27580326	27581589	-1	1
3L	5659629	5747102	1	1
X	11338790	11339214	-1	1
3R	22711015	22711628	-1	1
3L	3221284	3221592	-1	1
3R	9487204	9489707	-1	1
X	15930256	15930323	-1	1
4	925687	925768	-1	1
3L	16002893	16003733	-1	1
2R	21392639	21392732	-1	1
2R	21989808	21994614	1	1
X	5904247	5904643	1	1
2L	8384896	8384997	1	1
3R	10251096	10251153	1	1
3L	3984633	3992695	1	1
2L	20055977	20056223	1	1
3R	17773360	17773478	1	1
X	15978201	15980731	-1	1
X	6645339	6648017	1	1
X	13732700	13733085	-1	1
3L	15493194	15494943	-1	1
3R	13011749	13015108	1	1
X	18516295	18517237	1	1
X	3256212	3258617	1	1
X	5941272	5941349	1	1
X	6531190	6532298	-1	1
3L	13638566	13783421	-1	1
2L	3021433	3021519	-1	1
3L	19689359	19689552	1	1
X	4322721	4322961	1	1
3R	23937020	23937423	-1	1
3L	992380	993529	1	1
3R	17872828	17876659	-1	1
2R	19392790	19392846	-1	1
X	16387504	16388417	1	1
3R	19416101	19457555	1	1
mitochondrion_genome	13009	13161	-1	1
2R	23389419	23389481	-1	1
3R	27963948	27966830	1	1
3R	10121213	10121287	-1	1
2R	23689449	23689987	1	1
3L	8440191	8441217	-1	1
3L	9150680	9178192	-1	1
2R	5860430	5860685	1	1
3R	25151040	25151208	-1	1
3R	13649971	13651568	1	1
3L	21523628	21524722	1	1
3L	4320597	4320941	1	1
2L	10398741	10399317	1	1
3R	17916172	17916328	-1	1
2R	946844	949871	-1	1
3L	208909	208971	-1	1
3R	16158307	16158858	1	1
2L	20035675	20073735	-1	1
X	15466125	15466543	1	1
2R	14979842	14980656	1	1
X	12732178	12732233	-1	1
3R	21299657	21299744	1	1
3L	9168769	9177377	-1	1
2R	19447463	19447791	-1	1
3R	18016026	18018149	1	1
3L	13537936	13544268	-1	1
3L	14540089	14540296	1	1
X	3930579	3930919	-1	1
3R	23983920	23984283	1	1
X	1481992	1482417	-1	1
3R	31921675	31932072	-1	1
X	2236834	2295558	1	1
2L	1107758	1107812	-1	1
2R	18143892	18145400	1	1
X	17302787	17302839	1	1
3R	17875042	17915074	-1	1
X	10244583	10258752	1	1
X	9127114	9133940	-1	1
3R	13671098	13671164	1	1
X	5365795	5474810	1	1
3L	17062355	17065455	-1	1
2R	4600088	4608359	1	1
X	17064825	17068703	-1	1
2L	21624643	21628468	1	1
3R	29872485	29872541	1	1
2L	5538030	5538088	-1	1
2L	16168463	16190268	1	1
X	12516811	12523728	-1	1
3L	6546353	6547249	1	1
3R	7269583	7270677	1	1
X	13860838	13985356	-1	1
3L	9179164	9180221	-1	1
X	15947611	15947772	-1	1
3R	11674429	11674492	1	1
2R	8815438	8815507	-1	1
2R	4756589	4756655	1	1
3R	5892637	5958833	-1	1
3L	9488247	9488307	-1	1
2L	20753110	20753174	1	1
2R	19229654	19235121	1	1
2R	12166763	12167059	-1	1
X	6104308	6105238	-1	1
2R	19671851	19671906	1	1
X	15703319	15703570	-1	1
X	19329638	19343964	-1	1
2R	19237442	19238152	-1	1
X	5081846	5082148	-1	1
X	5794044	5794481	1	1
2R	19668287	19668354	-1	1
3R	12507995	12511273	1	1
2L	10398594	10398654	1	1
2R	11599641	11604353	-1	1
3L	8470380	8470440	1	1
3L	19888862	19890755	-1	1
X	4698672	4701967	1	1
3L	13664925	13666397	-1	1
4	264430	264486	1	1
2L	4874000	4874058	1	1
X	13726685	13746455	1	1
2L	12142834	12145070	1	1
3R	11766502	11766794	-1	1
4	515632	521473	1	1
3L	13798245	13798445	-1	1
2L	21388670	21390245	1	1
4	416825	418289	-1	1
3R	21361956	21362048	1	1
X	15801278	15802783	-1	1
X	6266718	6266855	-1	1
X	1489554	1489668	-1	1
X	8060159	8061208	-1	1
2L	1862828	1864932	-1	1
2R	16107506	16107759	-1	1
X	5175281	5177567	1	1
3R	23983922	23984281	1	1
3L	1630651	1632170	-1	1
3R	16158314	16158921	1	1
3R	23983905	23984422	1	1
X	1909451	1916752	1	1
2L	1012638	1013199	-1	1
X	7936524	7952916	1	1
3L	14538422	14538729	-1	1
mitochondrion_genome	13019	13455	-1	1
X	15978235	15981751	-1	1
2R	1591018	1726616	1	1
3L	4430142	4433164	1	1
3R	30808684	30808810	1	1
2L	18838727	18839121	-1	1
2R	6730464	6730515	-1	1
2L	19796824	19807345	1	1
2L	22250854	22253194	1	1
X	4698696	4701990	1	1
X	18131312	18132004	-1	1
2R	5725039	5725218	-1	1
X	10070724	10070839	-1	1
3R	19643332	19643738	-1	1
3L	19991967	19993988	1	1
3L	16672545	16673057	1	1
X	3289409	3336109	1	1
2L	9870078	9870323	-1	1
X	15051994	15052057	-1	1
3R	31137504	31137560	1	1
2L	10200357	10200416	-1	1
X	9228954	9229047	-1	1
3L	2541834	2553687	-1	1
2R	10104790	10108025	1	1
3L	7361953	7362572	-1	1
2R	21148886	21149085	-1	1
X	13729024	13729084	-1	1
3L	9370703	9370765	-1	1
X	11308984	11312021	1	1
4	650245	658193	-1	1
2R	13582948	13583007	-1	1
3R	966032	1144727	-1	1
2L	1709812	1709878	-1	1
X	13746713	13751066	-1	1
X	3632060	3645304	-1	1
2R	14297451	14297594	1	1
3L	709155	709212	-1	1
3L	22833317	22833530	-1	1
2R	6879491	6884710	-1	1
3R	9013493	9014753	1	1
2L	20919314	20920410	-1	1
2L	1140636	1140841	1	1
3R	6559248	6559307	-1	1
2L	21382331	21390052	1	1
2L	14971604	14971655	-1	1
3R	23938556	23942594	-1	1
X	17510503	17510773	1	1
2L	1140729	1140960	1	1
3R	12950519	12956942	-1	1
3R	11215735	11215943	-1	1
3L	6101312	6103625	1	1
3R	16552467	16556227	1	1
3L	6076145	6076211	1	1
2L	10247708	10250289	-1	1
3L	11736766	11736858	-1	1
2R	2116296	2118977	-1	1
2L	10218403	10218779	-1	1
3R	24055412	24055586	-1	1
3L	9067340	9069995	-1	1
3L	4092363	4092484	1	1
3R	4810788	4811718	-1	1
3R	19416088	19458722	1	1
4	386985	387829	-1	1
2R	19467939	19468790	1	1
X	10727007	10743803	-1	1
X	8999760	9024880	1	1
X	15064427	15107193	1	1
2R	10617837	10619891	1	1
2L	18456430	18457709	-1	1
X	14827323	14827852	-1	1
3R	19771372	19775441	1	1
X	20771716	20772582	-1	1
3L	7854222	7855378	-1	1
3R	22081950	22082249	-1	1
3L	212560	212618	-1	1
4	990201	1006326	1	1
3R	16272854	16274585	1	1
2L	21382230	21384466	1	1
2R	7034467	7034626	1	1
3R	31786710	31786768	1	1
3R	22514728	22515021	1	1
3R	25053869	25053933	-1	1
3R	4280323	4297762	1	1
X	3953055	3955300	1	1
mitochondrion_genome	11419	15109	1	1
3R	8717342	8717849	1	1
2R	10533969	10542905	-1	1
X	13384388	13384559	-1	1
X	5334480	5368031	1	1
3R	31216361	31216586	-1	1
3L	17797919	17797993	-1	1
2R	7968171	7971141	-1	1
X	12731997	12741529	-1	1
3R	26663353	26663598	-1	1
2R	24110767	24110833	-1	1
3L	15836249	15836780	-1	1
2L	19071306	19071424	-1	1
3R	14662317	14662399	-1	1
X	10797664	10797836	-1	1
3L	3714894	3745949	-1	1
X	20509468	20510639	-1	1
3R	21102919	21103422	1	1
2R	12269238	12269378	1	1
X	1876912	1877005	-1	1
3L	230552	230652	1	1
2R	22744183	22744252	-1	1
3L	21642267	21642478	1	1
3R	23983926	23984249	1	1
2L	8514593	8514660	-1	1
3L	22801655	22832863	-1	1
3R	13663750	13666543	1	1
3L	19891647	19904949	-1	1
4	205011	205741	-1	1
2L	17647295	17647773	-1	1
3R	10613471	10613780	-1	1
3R	20966614	20970883	1	1
X	11562281	11562339	1	1
3R	9400879	9400942	-1	1
3L	9177578	9182088	-1	1
3L	5364016	5364084	-1	1
3R	11394685	11401426	1	1
2R	928404	950510	-1	1
X	12942106	12949058	1	1
3R	31934002	31935156	-1	1
X	16840273	16841749	-1	1
3L	5747472	5747600	1	1
3R	11396724	11401190	1	1
X	20233444	20234328	-1	1
3R	17872796	17900473	-1	1
3R	31216402	31216695	-1	1
X	3646505	3646699	1	1
3L	13008568	13008655	1	1
3L	19261656	19261713	1	1
2R	2770687	2844599	1	1
X	13083099	13084245	1	1
2R	17217076	17275545	1	1
3R	18809524	18847591	-1	1
2R	10805514	10805575	1	1
2R	24883735	24884526	1	1
2R	5206747	5210439	-1	1
3R	10190895	10193860	1	1
2R	24378878	24390163	-1	1
3R	10320831	10321155	-1	1
2L	2853606	2855618	-1	1
3R	11336725	11338237	1	1
X	3256515	3258611	-1	1
3R	24345883	24346097	-1	1
4	1010116	1011755	-1	1
2L	8492120	8493029	-1	1
X	15730703	15730777	1	1
2R	24199867	24199925	1	1
X	16528120	16532394	-1	1
3L	5156189	5160217	-1	1
2L	15906806	15906864	-1	1
2R	1442559	1442769	1	1
2L	9684278	9697893	-1	1
X	11976507	11983507	-1	1
3R	9342478	9342588	1	1
X	3656818	3662160	1	1
3L	10876363	10876594	-1	1
2R	24786544	24786602	-1	1
3L	9373096	9373162	1	1
2L	21311857	21319306	1	1
X	13746756	13751936	-1	1
3R	24013231	24013296	-1	1
3L	21197246	21197305	1	1
3L	17400479	17400960	-1	1
X	5672876	5672998	-1	1
2L	20733017	20733926	-1	1
X	5793697	5794303	1	1
3L	1632981	1633060	1	1
2R	7833261	7833656	1	1
X	18373456	18374814	1	1
2R	23545004	23545326	-1	1
3L	9895877	9895958	-1	1
3R	13028147	13028205	-1	1
X	15892737	15892812	1	1
3R	21785709	21805106	-1	1
3R	7273569	7303273	-1	1
X	4688272	4691664	1	1
X	575856	578907	1	1
3R	20839216	20839291	1	1
3R	22470134	22482432	1	1
3R	25752192	25752801	1	1
X	14264817	14265020	-1	1
3R	27916063	27916148	-1	1
3R	27952683	27952757	-1	1
2L	1012681	1013333	-1	1
X	3954579	4012000	1	1
2L	957808	958004	1	1
3R	26860957	26861022	-1	1
2R	19530481	19628944	-1	1
2R	24990782	25000093	-1	1
3L	3898960	3899015	-1	1
3R	30023841	30025466	1	1
3L	3130024	3130092	-1	1
3R	20204979	20206295	1	1
2L	8083463	8089185	1	1
2L	9797107	9814138	-1	1
2R	20236592	20239135	1	1
3R	11392893	11393477	1	1
3R	12415489	12420993	1	1
3R	13653569	13654457	1	1
4	137271	137391	1	1
X	7899767	7899859	-1	1
X	9629333	9629396	-1	1
4	85934	86988	1	1
3R	21306918	21308865	1	1
3R	20390157	20390246	-1	1
3R	8817751	8818578	-1	1
X	12732010	12741764	-1	1
2R	13058222	13058317	-1	1
3R	12464838	12464901	1	1
X	15102906	15102977	1	1
2R	11380794	11381573	-1	1
2R	12167928	12167994	-1	1
2R	24527178	24527237	1	1
3R	13223379	13232679	-1	1
2L	5541337	5541433	-1	1
X	10335677	10347619	1	1
2R	928214	950492	-1	1
X	11817403	11817605	1	1
X	11817646	11833170	1	1
3R	22652559	22656874	1	1
2R	12274019	12277018	1	1
3R	28340739	28341372	-1	1
2L	159397	160065	1	1
X	1482030	1482320	-1	1
X	5165921	5174615	1	1
3L	10693861	10693997	-1	1
X	5722141	5722208	-1	1
2R	15849680	15852388	1	1
3R	18724068	18725133	1	1
3L	21231113	21231169	1	1
3L	9049004	9050332	-1	1
3R	23983955	23984303	1	1
2R	9841266	9842033	-1	1
3R	11405773	11405894	1	1
X	63782	122461	1	1
3R	19899165	19902976	-1	1
3R	11402113	11403569	1	1
2L	10247882	10248571	-1	1
2R	17737034	17737090	1	1
3R	21785978	21820779	-1	1
3L	9385079	9386179	1	1
3R	31055560	31055622	-1	1
3R	29741370	29741698	1	1
2L	1015928	1015993	-1	1
3L	9105325	9130176	-1	1
X	8518399	8518501	1	1
X	8518525	8531525	1	1
X	2245500	2245861	1	1
3R	19764414	19765360	1	1
2L	10733709	10733773	-1	1
2L	6923906	6925527	1	1
3R	27580788	27581144	-1	1
X	18161162	18170084	1	1
3R	11394035	11394976	1	1
3L	21511929	21512355	1	1
2L	18845512	18845600	1	1
3L	269446	270167	1	1
2L	6580511	6586501	-1	1
X	2628280	2633249	1	1
3R	15195206	15195267	-1	1
2L	5176815	5177139	1	1
X	13381891	13382265	-1	1
3L	14540103	14540394	1	1
3R	21973918	21975155	1	1
3R	29064415	29108781	1	1
2L	8084459	8089185	1	1
X	11370206	11373817	1	1
2L	15094233	15094679	1	1
3L	6949674	6950120	-1	1
X	12203989	12204139	1	1
X	515856	517701	-1	1
3L	27135887	27135945	-1	1
2R	12850039	12850099	-1	1
3L	11524589	11525079	-1	1
X	9812157	9812242	1	1
3L	17400496	17401002	-1	1
2R	13808860	13808951	1	1
2R	9919748	9920519	-1	1
2L	22551313	22551574	1	1
2R	5609727	5609885	1	1
2L	5176447	5177095	1	1
3R	26875102	26875174	-1	1
3R	31739710	31739777	-1	1
3R	31739865	31740317	-1	1
3R	8767795	8768139	-1	1
2R	19160903	19160974	1	1
3L	9162975	9168800	-1	1
X	23253182	23253422	1	1
3L	2235973	2236050	-1	1
3L	9366808	9376597	-1	1
2R	2753891	2753983	1	1
2R	22080539	22081075	1	1
3R	24877135	24881208	1	1
2L	19387156	19387247	-1	1
3L	8093338	8098346	1	1
2R	8918533	8918592	-1	1
3R	20253832	20300834	1	1
3R	20894545	20894874	-1	1
3L	12210431	12221269	-1	1
mitochondrion_genome	12918	13357	-1	1
3R	31598949	31599277	-1	1
3R	11373935	11395207	1	1
3L	1635685	1636818	-1	1
2R	16561397	16563771	-1	1
3R	18928315	18928389	-1	1
3R	30015784	30015913	-1	1
3R	5599365	5601015	-1	1
X	8945882	8959196	1	1
X	20062347	20062672	-1	1
2L	13351612	13351669	-1	1
X	12016722	12016972	1	1
3R	18195027	18199240	-1	1
2R	10886153	10886211	-1	1
X	9152649	9153887	-1	1
3R	24659968	24660156	1	1
X	5793215	5794351	1	1
2R	22801840	22802044	1	1
3L	12784540	12804586	-1	1
X	18638144	18649401	-1	1
X	7708440	7708531	1	1
3R	17248106	17264897	-1	1
2L	7386649	7387975	-1	1
3R	29148553	29149009	-1	1
X	15175552	15175788	1	1
2R	13594750	13596328	1	1
3R	15835087	15835197	1	1
2L	20877678	20881987	-1	1
X	5835850	5884312	1	1
2L	9292179	9293012	1	1
3L	19994855	19994924	1	1
3L	11707572	11708408	-1	1
X	1379215	1379292	-1	1
3R	19416088	19457440	1	1
2R	14231245	14231308	-1	1
2R	16764529	16765328	-1	1
3L	16114844	16115669	-1	1
X	15735122	15735537	1	1
X	18027087	18027143	1	1
X	18883595	18883965	1	1
3R	12561610	12594853	-1	1
3L	4175719	4175790	-1	1
3R	4447955	4453192	-1	1
3R	17801931	17801983	-1	1
X	5839634	5840640	1	1
3L	224886	224973	1	1
X	4323417	4332796	1	1
3R	29040073	29041096	1	1
2L	2323629	2358740	1	1
3R	18248375	18250211	1	1
3R	19416101	19458732	1	1
2L	19587091	19600854	1	1
X	17848446	17848572	-1	1
2R	10024436	10025850	-1	1
3R	11004178	11004675	1	1
3R	7868373	7870232	-1	1
X	19727088	19730175	1	1
X	17944185	17944247	1	1
2R	15542321	15542375	1	1
3L	9106518	9106954	-1	1
2L	8200281	8200346	1	1
2L	8110217	8110481	1	1
X	10618987	10619966	-1	1
X	15947549	15972974	-1	1
3R	19769719	19771090	1	1
2L	9162013	9162076	1	1
X	928328	928384	1	1
X	10159057	10186521	-1	1
3R	5442249	5442509	1	1
X	10408949	10415106	1	1
2R	21021333	21021886	1	1
X	5837324	5840643	1	1
2R	22607049	22607755	-1	1
3R	10741630	10741831	-1	1
2L	10981090	10981219	1	1
3L	9779594	9779652	1	1
3R	25074286	25074359	-1	1
2R	6668717	6668767	1	1
3L	19568717	19572291	-1	1
3L	11112849	11113574	-1	1
3L	22878019	22878151	-1	1
2R	12277660	12278666	1	1
3R	20978561	21015430	1	1
3R	21355558	21355758	-1	1
3L	5540887	5540952	-1	1
2R	25254895	25258908	1	1
3L	11184311	11184389	-1	1
3R	30507510	30507562	1	1
X	15784597	15784665	-1	1
2R	17207938	17275545	1	1
3L	12341047	12341134	-1	1
2R	14278853	14299384	1	1
X	12989137	13076911	1	1
2R	12633746	12633807	1	1
3L	8972458	8973158	-1	1
X	11826788	11826865	1	1
2L	10268357	10268505	1	1
3R	13672817	13673148	-1	1
3L	4379597	4380306	-1	1
3R	14892079	14892257	1	1
X	6279408	6279866	-1	1
4	270756	271069	-1	1
2L	3081269	3089835	-1	1
3L	2791278	2791432	-1	1
3R	4100016	4101245	1	1
3R	31216258	31216755	-1	1
2L	17969519	17971872	1	1
2L	95071	95132	1	1
2R	1344294	1344791	-1	1
3R	22766727	22774749	1	1
3L	3221982	3222788	-1	1
3L	19817550	19817617	-1	1
X	5628001	5636479	-1	1
2R	12583830	12583901	-1	1
X	12633432	12633913	1	1
3R	23156012	23156074	1	1
X	9099462	9101096	-1	1
2L	17481378	17481456	-1	1
X	4698673	4700725	1	1
3R	31742485	31742870	1	1
X	13585041	13585691	-1	1
X	13740988	13746627	1	1
3R	17872805	17916139	-1	1
3L	9727219	9728918	1	1
2R	5857582	5858447	1	1
2L	21673849	21675518	-1	1
X	2014576	2022443	1	1
3L	22877389	22877450	-1	1
X	13381828	13382483	-1	1
2R	9613760	9614827	-1	1
4	565516	565601	-1	1
2R	18688369	18691959	1	1
X	8441684	8441742	-1	1
3R	18228455	18228526	1	1
X	4427855	4434955	1	1
2R	23939364	23939421	-1	1
3R	12095707	12096059	1	1
2R	5184661	5185575	-1	1
2R	24401486	24401663	-1	1
3R	9432490	9454731	1	1
3L	3907972	3908104	-1	1
2L	9292138	9292204	1	1
2R	22037717	22037885	-1	1
2L	2763089	2763151	1	1
4	905964	906028	-1	1
3L	7453510	7453660	1	1
2L	19896329	19901966	1	1
3L	4435423	4435832	1	1
2R	24066118	24067465	-1	1
2L	12106676	12106756	1	1
3L	22184603	22206830	1	1
X	576633	578019	1	1
X	10530066	10552816	1	1
2R	10049900	10049966	1	1
3L	21837255	21838001	-1	1
3L	15813627	15815936	1	1
3R	5974305	5988677	1	1
3R	5988701	5992291	1	1
2R	10093452	10095049	1	1
3R	8820201	8820278	-1	1
3L	20842929	20842981	-1	1
3L	7312277	7312740	-1	1
X	9182098	9183177	1	1
3L	12525280	12526350	-1	1
X	15928931	15929341	-1	1
X	15929403	15929472	-1	1
X	13985340	13985812	-1	1
X	19329573	19344088	-1	1
3R	24067650	24102659	-1	1
3R	18947917	18975854	1	1
4	611807	611991	1	1
2L	21381789	21390052	1	1
3R	21588010	21603020	-1	1
3R	21868983	21869039	-1	1
2R	23684187	23684248	1	1
X	14824928	14825962	-1	1
2R	22797153	22798252	-1	1
2R	12260189	12273766	1	1
3R	19454231	19459158	1	1
X	12566837	12568224	-1	1
3L	14040595	14042159	1	1
X	17069949	17074916	-1	1
3R	17873658	17874189	-1	1
X	3189772	3339112	1	1
3L	9170706	9170993	-1	1
3R	27551047	27551114	-1	1
3R	6363099	6366796	-1	1
2R	4816209	4817228	1	1
2L	9706747	9708145	1	1
3R	23983890	23984464	1	1
2L	8035878	8038262	1	1
X	9165884	9171659	1	1
X	13852695	13864230	-1	1
2R	7656101	7656156	1	1
X	9358603	9358839	1	1
3R	23245760	23248594	1	1
3R	10255422	10260809	-1	1
2L	2869255	2869323	1	1
2R	927571	949392	-1	1
X	2677315	2677694	1	1
4	1279840	1288125	1	1
2L	21759367	21760480	1	1
3L	267809	270141	1	1
4	1059289	1059419	-1	1
X	13746690	13755009	-1	1
3L	7758622	7758720	1	1
2L	10277926	10278250	-1	1
3R	26257036	26258010	-1	1
3L	19281780	19292089	-1	1
X	50787	54331	-1	1
X	13379291	13379613	1	1
3R	22915637	22936494	1	1
3R	21202331	21202452	1	1
3R	30556950	30559977	-1	1
3R	21008241	21009476	1	1
3L	18800839	18801121	-1	1
2L	21393038	21393192	1	1
3R	4295287	4295568	-1	1
3R	4314285	4321845	1	1
3L	13798156	13803062	-1	1
3L	22483	22544	-1	1
2R	981849	994324	1	1
2L	20069515	20072354	1	1
3L	9716207	9716547	1	1
3R	23983912	23984315	1	1
2L	7787032	7787095	-1	1
X	17661123	17668965	1	1
2L	21390835	21391503	1	1
3L	1497077	1502544	-1	1
X	18168493	18169489	-1	1
X	18169568	18169696	-1	1
3R	22582277	22582855	-1	1
2R	1439106	1440929	-1	1
2R	18496906	18497842	-1	1
3L	9384947	9385220	1	1
4	786448	787153	-1	1
2L	18051594	18062362	1	1
3R	8647565	8670771	1	1
2R	982020	994324	1	1
2R	15189786	15190071	1	1
X	5792898	5794284	1	1
2L	8083860	8089185	1	1
2R	9594160	9603869	1	1
2L	20874433	20875638	-1	1
3R	4659677	4660236	1	1
2R	5327578	5329010	1	1
X	15786630	15786794	-1	1
X	8111913	8143901	-1	1
3R	29177741	29178667	-1	1
2L	17864686	17887113	-1	1
X	22452521	22453165	-1	1
3L	1248189	1248256	-1	1
X	21050275	21053235	-1	1
X	7706515	7706713	1	1
2R	20470121	20470414	1	1
3L	22833083	22833171	-1	1
X	16708492	16710924	1	1
4	1010090	1011747	-1	1
X	12941908	12942074	1	1
2R	1344349	1344639	-1	1
3L	3504804	3504888	1	1
X	11434815	11438047	-1	1
2R	12637272	12637339	1	1
3R	23983750	23984290	1	1
X	17285801	17301513	-1	1
3R	14626089	14626356	1	1
X	22991791	22992563	-1	1
2R	8011796	8011866	-1	1
X	12631814	12633918	1	1
3L	9470438	9470560	1	1
2R	23203700	23203814	-1	1
2R	2830001	2833136	1	1
X	11981177	11981257	-1	1
3R	25518393	25519261	1	1
3R	4659611	4660239	1	1
2R	18688544	18692041	1	1
3L	4074320	4074468	-1	1
2R	13502092	13502691	-1	1
2L	19129888	19131450	-1	1
2L	11984234	11984292	1	1
3R	20735825	20736091	1	1
3R	22661503	22720664	1	1
3R	7198625	7200741	1	1
2R	21205300	21205361	1	1
3L	1630724	1631942	-1	1
3L	4379597	4380309	-1	1
3L	16414957	16415021	-1	1
X	13381890	13383247	-1	1
3R	4204163	4204213	1	1
3R	15270493	15278234	-1	1
3R	27580785	27582002	-1	1
X	10187132	10188139	1	1
3R	18248466	18249401	1	1
X	12656891	12657263	1	1
3R	9432410	9447888	1	1
3L	23093279	23093806	-1	1
X	15862869	15863104	1	1
3R	20959381	20960726	1	1
X	2637193	2638523	1	1
X	20604900	20623073	-1	1
3R	31134669	31137312	1	1
X	16064110	16065402	1	1
2L	850867	851011	-1	1
3R	19769719	19799600	1	1
3L	1550511	1553100	1	1
X	20463132	20463187	1	1
2R	14710915	14713364	-1	1
3R	23227862	23228326	-1	1
3L	23211161	23212929	1	1
3L	23212968	23216063	1	1
2L	1012554	1046978	-1	1
4	1166853	1186473	1	1
X	13336380	13337505	1	1
X	13337540	13337607	1	1
3R	25032661	25032727	-1	1
3R	29229578	29230325	1	1
2R	9994710	9996460	-1	1
X	15754416	15754486	-1	1
2L	13551667	13558800	1	1
2L	13558833	13594256	1	1
X	15626233	15632988	-1	1
3L	5429233	5429352	1	1
2L	21382131	21390336	1	1
3L	8255475	8255560	1	1
2R	9396425	9397544	-1	1
X	12761176	12762506	-1	1
3R	9240069	9240202	-1	1
2R	18688735	18692041	1	1
X	15371689	15378189	-1	1
3L	1632374	1636809	-1	1
3R	10298592	10299002	1	1
2R	10558319	10580327	1	1
3R	8942113	8942177	1	1
2R	12619878	12621904	1	1
3R	27923741	27924140	1	1
3R	14733015	14733197	-1	1
X	18161145	18170295	1	1
3L	3486279	3504720	1	1
2R	6519128	6520489	-1	1
2R	13954645	13954917	1	1
3L	1494269	1494590	-1	1
X	16839226	16843879	-1	1
3L	17517034	17524537	1	1
2R	11892185	11895571	1	1
2L	1982917	1984332	1	1
X	20771314	20923288	-1	1
X	17953347	17976351	-1	1
X	19353654	19362967	-1	1
X	19363022	19433154	-1	1
2L	8826056	8829490	1	1
3R	31216368	31216691	-1	1
3L	20496524	20496592	1	1
3R	15062479	15063120	-1	1
3R	22730081	22732151	1	1
X	12788955	12830418	-1	1
3L	5159944	5160417	-1	1
2R	14739466	14741884	-1	1
2L	20870761	20870832	1	1
2R	14763075	14763831	-1	1
3R	4397057	4397112	-1	1
2L	15251871	15253382	1	1
X	10870773	10874533	-1	1
X	15860323	15860989	1	1
3R	21297580	21298219	1	1
2R	14298214	14298375	1	1
3L	4126932	4126989	-1	1
3R	23984100	23984422	1	1
2L	19489213	19489300	-1	1
X	17295473	17301545	-1	1
X	13264814	13264880	-1	1
X	13704023	13706148	-1	1
X	11706894	11709199	-1	1
3L	2689927	2697696	-1	1
3L	14792094	14799724	1	1
3R	28088697	28090062	1	1
X	8518060	8531855	1	1
3L	9410407	9410497	-1	1
4	349147	349213	-1	1
4	1196263	1196320	1	1
2L	5972256	5973112	-1	1
X	5791009	5791066	-1	1
X	5839646	5840726	1	1
X	16100350	16104920	-1	1
2L	13823538	13823640	1	1
2R	12273953	12278164	1	1
X	5085890	5086121	1	1
3L	1632329	1636843	-1	1
2R	19523935	19529251	-1	1
3R	17875546	17876332	-1	1
3R	30208164	30208228	-1	1
2L	10841666	10847755	-1	1
X	17951611	17952677	-1	1
X	20764340	20828722	-1	1
3L	6951957	6952446	-1	1
X	11151286	11152351	1	1
2R	21502306	21510867	-1	1
2L	10437962	10438041	1	1
X	5336598	5350468	-1	1
3L	7827245	7827520	-1	1
3R	15076287	15076919	-1	1
3L	15811895	15812479	-1	1
3L	19928909	19930815	1	1
3L	21845150	21928835	1	1
2R	12273945	12274911	1	1
X	20171628	20172713	-1	1
X	21119663	21120253	1	1
3L	9162737	9177615	-1	1
X	5793902	5794373	1	1
2L	13462201	13462841	1	1
3R	5546401	5546456	1	1
3R	17544194	17544913	1	1
2R	5153161	5154708	1	1
3R	6359023	6359092	1	1
2L	18692909	18692969	-1	1
2R	20309151	20313333	-1	1
3L	22865139	22865771	1	1
X	12917613	12919076	1	1
2L	7976896	7977026	-1	1
X	11817766	11833359	1	1
3L	12412123	12412185	-1	1
X	16439287	16439597	-1	1
2L	6646948	6649051	-1	1
4	1145104	1146114	-1	1
3R	4959759	4959904	-1	1
2R	10476245	10476366	-1	1
X	2148650	2149547	-1	1
2L	21576727	21576958	1	1
3R	9787968	9789105	1	1
2R	19456459	19456875	1	1
3L	17400534	17400810	-1	1
2L	1976814	1976910	-1	1
3L	9376607	9376850	-1	1
3L	14539070	14539553	-1	1
3L	25738863	25743460	-1	1
2L	7785641	7785701	1	1
X	11370202	11373817	1	1
X	16329371	16329515	-1	1
3L	1630716	1631324	-1	1
2R	16873320	16873389	1	1
2L	5984931	5985348	1	1
2L	9164849	9165028	1	1
3R	22360866	22361073	-1	1
2R	23992859	23994655	-1	1
X	16459297	16461803	-1	1
2L	9291271	9295198	1	1
2R	7042971	7044539	1	1
2R	5708380	5708611	-1	1
3L	16354994	16355091	-1	1
3L	9974943	9975601	1	1
2R	18732585	18735623	1	1
3R	20957976	20974325	1	1
4	191387	193545	-1	1
2L	20714147	20714218	-1	1
3L	6783731	6786660	-1	1
3L	3717377	3742843	-1	1
X	17935403	17938095	-1	1
2L	19524431	19524491	1	1
2R	13219885	13219944	-1	1
3R	9410469	9410565	-1	1
3L	3059022	3059713	-1	1
2R	25091724	25094282	-1	1
2R	16894743	16894895	-1	1
3R	8817693	8819118	-1	1
2R	11159853	11171955	-1	1
X	11437138	11437204	-1	1
2R	16984932	16985919	-1	1
3L	21243799	21251305	-1	1
3R	24064658	24064983	-1	1
3L	1034066	1034552	-1	1
3R	20049882	20055728	-1	1
3L	3322650	3324316	-1	1
3R	25516837	25519261	1	1
X	3688496	3689387	1	1
3R	20619306	20620347	1	1
X	9152649	9153895	-1	1
2R	4547055	4560361	-1	1
3R	11337763	11338237	1	1
3L	13537780	13664644	-1	1
2L	18693516	18695045	1	1
3L	10518307	10519612	1	1
X	12941892	12942071	1	1
X	15860897	15861152	1	1
X	3786274	3789521	1	1
4	320039	328162	-1	1
X	9087902	9087989	1	1
2R	19178873	19179060	1	1
3L	5746703	5747863	1	1
2L	2889826	2890195	1	1
3R	20206716	20211081	1	1
2L	16719977	16722009	1	1
X	17822733	17822798	-1	1
X	575805	578004	1	1
2L	12435093	12439663	1	1
3L	1659991	1661109	1	1
2R	16570849	16570917	1	1
2L	9684146	9698064	-1	1
2R	16608335	16618804	-1	1
2R	4297192	4300195	1	1
X	5792967	5794476	1	1
3R	19731280	19752529	-1	1
2L	2875250	2876901	1	1
3L	6961950	6964397	-1	1
4	1192590	1195545	-1	1
2L	8209880	8210622	-1	1
X	9628117	9628607	-1	1
X	13590148	13590477	1	1
2L	17647381	17650033	-1	1
3L	20881823	20884990	-1	1
X	9506904	9550548	-1	1
2R	24559562	24560341	-1	1
mitochondrion_genome	11411	13842	1	1
X	11290237	11293127	-1	1
X	11406377	11408205	1	1
3R	24103494	24103566	-1	1
3R	31216361	31216685	-1	1
X	21209879	21211687	-1	1
3L	14786882	14786934	1	1
2L	408135	409528	-1	1
3R	13967153	13967818	-1	1
2R	15189075	15190159	1	1
X	12632909	12653218	1	1
2L	75019	75078	1	1
X	10226022	10226515	1	1
3L	5155884	5161057	-1	1
3R	8814801	8818547	1	1
3L	16575118	16575187	1	1
2R	16559374	16559689	-1	1
3L	14175773	14176106	-1	1
2L	6208913	6209056	1	1
3R	9327313	9328442	-1	1
X	10241737	10242834	-1	1
X	10242881	10254003	-1	1
3L	16891431	16896235	1	1
3L	21568163	21568532	-1	1
2R	5669420	5669481	-1	1
X	12919710	12923835	1	1
X	628481	628573	-1	1
2L	14491336	14491638	1	1
3R	13021300	13021567	1	1
3L	993588	993661	1	1
2R	21168184	21168432	-1	1
2R	1369084	1369146	-1	1
2R	1369206	1377077	-1	1
X	18005567	18005816	-1	1
3L	11133025	11133095	1	1
3L	20381293	20381568	1	1
X	10779395	10781795	-1	1
3L	5899748	5899805	1	1
2R	8932227	8932291	1	1
X	4905443	4934482	-1	1
3R	18251094	18256634	1	1
2L	1012649	1013221	-1	1
3L	1500098	1500206	1	1
2L	13993831	13999654	-1	1
3R	21783485	21820929	-1	1
3R	19594099	19594369	1	1
2R	23995823	23995881	-1	1
2R	16178921	16181981	1	1
3L	20881811	20885032	-1	1
3L	17400562	17400800	-1	1
2R	21393791	21394201	-1	1
3R	14320416	14321201	-1	1
3R	5593427	5594452	1	1
4	309634	309694	1	1
4	1228793	1229580	-1	1
X	11336810	11336875	-1	1
3L	7854190	7861793	-1	1
2L	21382131	21390269	1	1
2L	8030159	8032030	1	1
3L	3039516	3039579	1	1
2R	14234337	14234693	-1	1
X	11931936	11935858	-1	1
X	3291103	3339303	1	1
3R	11436856	11437224	1	1
3L	3743773	3745969	-1	1
2L	17602147	17602206	1	1
X	8060159	8060608	-1	1
3R	12468154	12477851	-1	1
3L	5160418	5161032	-1	1
3R	4084182	4084238	1	1
2L	4822657	4828795	1	1
3L	3424621	3424676	-1	1
2L	21390091	21390198	1	1
3R	13224890	13225651	-1	1
X	13384375	13384566	-1	1
3R	15955206	15957567	1	1
3R	18192546	18196560	-1	1
3R	26195619	26229657	1	1
3R	25261481	25261545	-1	1
3R	5539887	5540058	-1	1
2R	17593313	17593468	1	1
3L	21025549	21027233	-1	1
X	5165907	5174625	1	1
X	12635985	12653152	1	1
2R	7658151	7658220	1	1
2R	17352306	17361980	1	1
X	9105332	9105397	1	1
2L	9176662	9177098	1	1
2L	6322377	6323236	1	1
2R	8902734	8904650	1	1
2L	1140480	1140723	1	1
2R	24771325	24771725	-1	1
3L	21845248	21845338	1	1
3R	7269773	7270635	1	1
3R	18016676	18018801	1	1
2L	17374749	17383470	1	1
2R	24531637	24532440	1	1
3R	9768141	9768923	1	1
3L	13477682	13477812	1	1
2L	7796863	7797550	-1	1
2R	16107547	16108131	-1	1
2R	16791149	16791285	1	1
3L	14792780	14799255	1	1
3R	15401879	15402251	1	1
2L	9292181	9295461	1	1
2L	10097054	10097783	-1	1
2L	17486220	17486297	1	1
3L	1638117	1638632	-1	1
2L	20796135	20796653	-1	1
2L	13908789	13908856	1	1
3R	23219250	23220417	-1	1
X	13746498	13754830	-1	1
3L	21836376	21836514	1	1
X	3289824	3339190	1	1
2L	4189566	4189657	-1	1
3L	21420690	21421568	1	1
2L	9291756	9293017	1	1
3R	14204813	14213990	-1	1
3R	11334908	11338237	1	1
2R	11987227	11987281	-1	1
2L	11132057	11132122	1	1
2L	10438092	10438922	1	1
X	17994577	17996999	-1	1
3L	3899478	3899706	-1	1
3L	10685259	10686154	1	1
3L	18956184	18956515	-1	1
3L	20023640	20023953	1	1
3L	20023983	20024156	1	1
3R	18970289	18970631	1	1
2L	1011536	1011615	-1	1
3R	17813618	17821894	1	1
2R	7456848	7458609	-1	1
4	435818	437155	1	1
3L	10574489	10574751	1	1
X	5765596	5784440	1	1
2R	19164176	19165164	1	1
3R	23981080	23984374	1	1
3L	1631783	1637029	-1	1
4	446487	446821	1	1
2R	24970418	24970663	1	1
X	9186464	9186826	1	1
2R	16789916	16790739	1	1
2R	9828341	9828403	-1	1
2R	14174270	14174462	1	1
2R	14857846	14857908	-1	1
2R	19067541	19089854	-1	1
3R	12562965	12595265	-1	1
2R	14238552	14238630	-1	1
2L	20926865	20926921	-1	1
2R	22350101	22360471	1	1
3L	17647735	17654082	-1	1
X	18844038	18844496	1	1
3L	4937837	4938641	-1	1
3L	1650853	1650913	-1	1
3R	6001737	6003673	-1	1
2L	17385496	17385561	1	1
X	11801861	11803090	-1	1
3L	23127490	23128260	1	1
3L	3058932	3070094	-1	1
3R	17909504	17915010	-1	1
2R	21693660	21693718	-1	1
3L	19999451	19999572	-1	1
4	1052476	1053498	-1	1
3R	26183965	26184045	1	1
3L	10205823	10206208	1	1
2R	7719575	7719641	-1	1
3R	11971425	11971693	1	1
3R	23983895	23984469	1	1
X	8179033	8205493	1	1
3R	21805200	21807599	-1	1
X	13590063	13590489	1	1
3L	9401607	9401862	-1	1
3R	9944433	9945121	1	1
X	17872754	17873255	-1	1
4	414007	414642	-1	1
X	15967231	15972205	-1	1
X	11368954	11369141	1	1
3R	14056989	14057808	1	1
2R	13238946	13239000	-1	1
2R	14038888	14058569	1	1
mitochondrion_genome	12860	13577	-1	1
X	14993229	14999030	1	1
2L	11003078	11003569	-1	1
X	21062384	21071863	1	1
3L	15014971	15015319	-1	1
3L	9464707	9470268	1	1
X	622359	622434	1	1
2L	412238	412447	-1	1
3R	23983890	23984402	1	1
3L	14312079	14316840	1	1
2R	7051614	7051676	1	1
3R	31935392	31959035	-1	1
X	478544	478599	1	1
2R	23878758	23880476	1	1
3R	15956905	15957591	1	1
2R	24097019	24097072	-1	1
4	823619	827859	-1	1
3L	17400534	17401103	-1	1
3L	22366825	22406892	-1	1
3R	31154198	31154329	1	1
3L	17426080	17426139	-1	1
4	875711	876114	-1	1
2L	12690438	12690712	-1	1
4	368616	369507	1	1
3L	21271371	21272943	-1	1
3R	24403511	24404682	-1	1
2L	6791638	6791701	-1	1
X	5368462	5388869	1	1
3L	20240533	20241275	1	1
X	15989305	15989379	-1	1
mitochondrion_genome	12939	13393	-1	1
X	7899910	7899994	-1	1
4	1139820	1139874	-1	1
3R	30237588	30237643	-1	1
X	11892220	11892289	1	1
3L	18750576	18798622	-1	1
4	134965	135302	1	1
X	10074896	10074976	1	1
3L	7358616	7358691	-1	1
2R	8052150	8052499	-1	1
3L	6016401	6016551	1	1
3R	7855660	7856446	-1	1
3L	21525717	21525984	1	1
2L	6875538	6884076	1	1
X	15886353	15887042	-1	1
3R	4465074	4465467	-1	1
2R	1072046	1072248	1	1
X	19864848	19869703	1	1
3R	12449600	12456103	1	1
2L	11003030	11003116	-1	1
X	17936738	17937573	1	1
2L	12817357	12817640	-1	1
2R	11691576	11691968	1	1
3R	29471855	29473160	1	1
2L	10847426	10847757	-1	1
3R	5738489	5738595	-1	1
2R	9432300	9434399	1	1
3R	12349700	12349782	1	1
X	9182102	9183195	1	1
3L	4180968	4181028	-1	1
X	10244627	10249826	-1	1
3L	16892191	16896235	1	1
2L	7386183	7386424	-1	1
3L	23277941	23338658	1	1
3L	20249061	20249175	1	1
3L	14018751	14029728	-1	1
X	2789440	2789833	-1	1
3R	27580326	27581010	-1	1
2L	16730217	16730271	1	1
3R	12746385	12778192	-1	1
2R	13983824	13983890	-1	1
3R	30208207	30208390	-1	1
2L	3421699	3426486	-1	1
2R	19568658	19628543	-1	1
3R	23984168	23984347	1	1
2R	14410260	14417995	-1	1
X	647526	647610	1	1
3L	5155905	5184542	-1	1
3R	18248526	18250266	1	1
3R	29750452	29750512	1	1
4	649197	659674	-1	1
X	12567425	12568166	-1	1
X	9152663	9153902	-1	1
3R	12384822	12385211	1	1
3L	5518720	5528951	-1	1
2L	10848864	10850754	-1	1
X	3067821	3134462	1	1
3L	9708761	9709551	1	1
3R	30877998	30878147	-1	1
2R	18772899	18772958	1	1
2L	1012080	1061424	-1	1
mitochondrion_genome	10395	14587	1	1
3L	22866035	22867400	1	1
3R	31090780	31091070	-1	1
2R	20236658	20238984	1	1
3R	17915116	17916363	-1	1
2L	13547162	13547752	-1	1
3R	9269753	9270078	1	1
X	3699487	3699687	1	1
2R	21560425	21560901	-1	1
2L	9245713	9245777	1	1
2L	13547162	13549132	1	1
3R	11370293	11371317	1	1
3L	598642	599204	1	1
2L	8826024	8829682	1	1
X	17285828	17286691	-1	1
3L	16053561	16062131	1	1
X	115489	115546	-1	1
3R	16978524	16978590	-1	1
3R	9678064	9679521	1	1
3R	29681065	29681127	-1	1
3R	18166161	18166355	-1	1
X	16082676	16082939	-1	1
3L	7132678	7133119	1	1
X	10770502	10770563	1	1
3L	2897182	2897244	1	1
2L	5544435	5546002	1	1
2L	12545758	12546410	-1	1
X	3100192	3122091	1	1
3R	9259957	9260011	1	1
3L	3088139	3088192	1	1
2L	21627132	21629742	-1	1
2L	15094692	15094924	1	1
X	13872572	13985366	-1	1
X	22996106	23003704	-1	1
3L	20854188	20854605	1	1
2R	13815025	13815555	1	1
3R	17797887	17797968	-1	1
3L	24074570	24075100	1	1
X	11405843	11405904	1	1
3L	11542835	11552830	-1	1
X	575833	578085	1	1
4	210487	210582	1	1
2R	24047860	24047926	-1	1
X	509895	517655	-1	1
2L	23512799	23512855	1	1
2R	12920344	12923537	1	1
3R	7974866	7975137	-1	1
4	259605	261230	1	1
3L	16845510	16845568	1	1
3L	17400540	17400870	-1	1
X	6233230	6236121	1	1
2R	15998004	15998067	1	1
X	12516690	12523555	-1	1
3R	29181873	29194888	-1	1
X	18786543	18786599	-1	1
X	16328514	16328732	-1	1
X	13383396	13383469	-1	1
X	10188287	10195242	1	1
2L	7385141	7385260	-1	1
2R	14179659	14186553	1	1
3R	5083901	5086733	-1	1
X	16528120	16528465	-1	1
2R	18688649	18692041	1	1
2L	2756124	2756245	1	1
4	309080	309539	1	1
X	19486193	19486261	-1	1
X	15892441	15892828	1	1
2L	13298457	13298559	1	1
2R	5091801	5091872	1	1
X	3953193	3953487	1	1
3L	9337895	9338392	1	1
3R	12465715	12511181	1	1
2L	746208	752731	1	1
X	9110017	9166057	1	1
2L	9878002	9885932	-1	1
3L	1499593	1501346	-1	1
4	1250884	1255842	1	1
X	5838101	5840625	1	1
2R	4014838	4122635	1	1
3L	8518550	8518607	1	1
X	14686823	14691814	-1	1
X	8294250	8294393	1	1
3R	20465111	20481503	-1	1
2R	8826075	8826143	1	1
3R	23983734	23984283	1	1
3L	10182516	10186023	-1	1
2L	10314912	10317097	1	1
X	5744700	5746199	-1	1
3L	22570477	22574840	-1	1
3L	9146042	9150297	-1	1
2L	19031045	19033315	-1	1
X	5647984	5661037	-1	1
2L	15532754	15554615	1	1
3R	15055072	15055437	-1	1
3L	3924428	3925463	-1	1
X	11406430	11409480	1	1
3R	23292682	23311982	-1	1
3L	1861371	1861421	-1	1
X	19572801	19572866	-1	1
4	915375	928068	-1	1
4	928152	929822	-1	1
3L	22870151	22871460	-1	1
3R	29681297	29681846	1	1
3L	20314893	20316280	1	1
3R	29137524	29137597	1	1
3L	12788375	12788541	-1	1
2R	8904090	8904625	1	1
X	1923597	1927381	1	1
2L	1012403	1014060	-1	1
X	4117896	4117964	1	1
2L	17474700	17478493	1	1
X	21061920	21062348	1	1
2R	23553630	23554255	-1	1
X	9152794	9153311	-1	1
2R	15340746	15349276	-1	1
X	2671546	2671629	1	1
3L	4088155	4088212	-1	1
3L	3037962	3038123	1	1
2L	19509209	19514065	-1	1
X	10969469	10977716	-1	1
X	8064762	8065448	1	1
3L	19261787	19261873	1	1
X	12516711	12566648	-1	1
3R	20253854	20287949	1	1
2L	20798241	20813692	1	1
X	23016259	23016546	1	1
2R	17276064	17305987	1	1
3L	21622649	21622725	-1	1
3L	18866262	18866320	1	1
3R	16272854	16274152	1	1
3R	9728366	9728425	-1	1
X	15760158	15760240	-1	1
X	16452354	16452841	1	1
3L	16354873	16355019	-1	1
X	10814065	10822448	-1	1
X	16288317	16288383	-1	1
X	18571583	18596236	1	1
X	9559015	9559073	-1	1
3R	20798410	20805950	1	1
2L	17711410	17714306	-1	1
3L	13043236	13043613	1	1
3R	27638540	27638623	1	1
2L	12822217	12822700	-1	1
X	11817034	11817236	1	1
4	280212	305053	-1	1
2L	8363941	8363995	-1	1
3R	14326079	14326137	-1	1
X	18199149	18199774	1	1
X	16527900	16530784	-1	1
3L	16600663	16601512	-1	1
3R	10783031	10783086	-1	1
X	21338958	21339037	1	1
3L	19921905	19921967	-1	1
3R	21297489	21298308	1	1
3L	10359475	10365065	1	1
2L	6873545	6873938	1	1
X	15349775	15349958	1	1
3R	11633578	11650675	-1	1
3L	17379429	17401091	-1	1
3L	6203426	6203487	1	1
2L	3905588	3910989	-1	1
2R	16924791	16926358	1	1
3L	548002	573155	1	1
3R	8823070	8823264	-1	1
3R	30435821	30435882	-1	1
2R	7847644	7848273	-1	1
2R	5418044	5420623	1	1
2L	9787398	9789563	-1	1
3R	19412765	19414521	1	1
2R	19308814	19309393	-1	1
3R	21326630	21327340	-1	1
3R	19215866	19216647	-1	1
4	153489	181382	1	1
3R	9587460	9587523	1	1
3R	8817669	8820120	-1	1
X	23261703	23284071	-1	1
2L	1651713	1700867	1	1
3L	259914	260311	1	1
2L	13370007	13370090	1	1
3R	20978249	20978480	1	1
3R	30517857	30518147	-1	1
3R	18925144	18926606	1	1
2R	19176524	19176588	1	1
4	1248678	1248753	1	1
3L	9400519	9400583	-1	1
3R	29194831	29194888	-1	1
4	1010125	1011766	-1	1
4	92944	93259	1	1
2R	18145443	18145993	1	1
2L	1836784	1837191	1	1
2R	21145402	21154739	1	1
3R	9522892	9523536	1	1
2R	10024436	10025501	-1	1
X	9165942	9177445	1	1
3L	17067291	17147472	-1	1
3R	17899709	17900384	-1	1
2R	17701193	17701369	1	1
2R	17701415	17701596	1	1
X	4688349	4691637	1	1
2L	9787597	9787934	-1	1
3R	13227648	13258370	-1	1
3L	9952302	9952674	1	1
2L	9167439	9177122	1	1
2R	9688401	9688572	-1	1
3L	25978151	26008061	-1	1
2R	14619980	14620348	-1	1
2R	16924978	16925619	1	1
X	16838471	16843929	-1	1
3R	8817742	8818586	-1	1
2R	17429558	17430233	-1	1
3R	20895674	20895745	-1	1
2R	11447804	11451460	1	1
3R	18970849	18971290	1	1
3R	17947599	17947965	1	1
3R	10250643	10251231	1	1
2R	5816555	5816618	1	1
3L	5668885	5668964	-1	1
3R	24946296	24946476	1	1
3R	11782371	11782432	-1	1
2R	13829723	13830974	1	1
4	431840	433165	1	1
X	17640560	17641334	-1	1
2R	4816252	4817158	1	1
2R	14277364	14299470	1	1
X	4699935	4701729	1	1
X	13833023	13834815	-1	1
3L	12769837	12769903	-1	1
2L	17810939	17815574	-1	1
X	575948	577911	1	1
3L	4910863	4911491	1	1
3R	17909499	17915055	-1	1
2R	10108066	10108161	1	1
3L	20498465	20498779	1	1
2L	9294328	9295343	1	1
2L	823837	823967	1	1
X	7682505	7686444	-1	1
X	5754542	5754616	-1	1
3L	7651914	7654471	-1	1
2R	18131190	18131282	-1	1
2R	9143237	9143620	-1	1
4	89891	94423	1	1
X	6370333	6370817	1	1
3R	11947641	11948837	-1	1
2R	10725051	10728605	-1	1
X	5619259	5619379	-1	1
3R	30436520	30438301	-1	1
X	13867067	13985964	-1	1
3L	11816059	11816123	1	1
X	8559859	8559921	-1	1
3R	30877706	30878248	-1	1
3R	13647493	13652386	1	1
3R	8562013	8562412	-1	1
3R	10585560	10613687	-1	1
X	21431727	21431961	-1	1
3L	4430132	4433203	1	1
3L	291113	291314	1	1
3R	24055424	24055598	-1	1
X	6360429	6361115	1	1
2R	21394258	21399053	-1	1
2L	2888599	2890137	1	1
2L	177796	180646	-1	1
3L	5156217	5156777	-1	1
2R	19447652	19447965	-1	1
4	446190	446631	1	1
X	5903620	5904505	1	1
3L	3055963	3056664	-1	1
2R	17775244	17781124	-1	1
X	7957799	7957866	-1	1
2L	6922827	6923784	-1	1
3L	6744572	6750633	-1	1
X	6525727	6589140	1	1
3R	20894837	20894960	-1	1
3L	17067379	17074193	-1	1
3L	224657	225361	1	1
3R	25970937	26108730	1	1
4	201384	201441	-1	1
3R	24805586	24806463	-1	1
X	2008015	2008959	-1	1
3R	9422072	9512752	1	1
2R	9586596	9586646	-1	1
2R	13145009	13145841	-1	1
X	6233192	6234762	1	1
3R	29039365	29041096	1	1
3R	23070730	23071084	-1	1
3R	17909507	17916162	-1	1
2L	10737768	10737876	-1	1
X	12990879	12999249	1	1
2R	10127288	10137579	1	1
2R	14164137	14164191	-1	1
3R	16102448	16102511	1	1
2L	16485029	16485437	-1	1
3L	4379581	4380306	-1	1
X	13985876	13990470	-1	1
2R	1429729	1440940	-1	1
3R	15936101	15957611	1	1
2L	75481	76029	1	1
3R	23984139	23984428	1	1
3R	14662317	14662403	-1	1
3L	24927727	24976489	1	1
X	15793245	15793309	1	1
3R	15935585	15957591	1	1
3L	20834180	20834744	1	1
2R	18958651	18958762	1	1
X	20329276	20330118	-1	1
4	584019	584762	1	1
2R	21148891	21157104	-1	1
3R	31841135	31845665	1	1
X	3672040	3692953	1	1
2L	9815913	9819287	-1	1
X	21258296	21259373	-1	1
X	3246693	3286715	1	1
2L	14616399	14617066	1	1
3R	24571410	24571520	-1	1
2R	20896532	20903337	-1	1
X	10519778	10544386	-1	1
3R	21524516	21524579	1	1
3L	11177050	11177309	-1	1
3L	8969886	8969948	1	1
3L	1660227	1660626	-1	1
X	1774223	1775650	1	1
2L	21384596	21385278	-1	1
3R	28604505	28605034	1	1
X	18161293	18167632	1	1
3R	5270231	5334964	-1	1
3L	5750264	5751237	-1	1
X	576827	578114	1	1
3L	17538745	17538814	1	1
2L	248855	249006	-1	1
3L	19931015	19931088	1	1
X	11112297	11302861	1	1
2L	11003073	11003567	-1	1
2L	13238967	13239029	1	1
X	17950093	17950611	-1	1
3R	20974368	20974485	1	1
3L	6198636	6199548	1	1
X	5251720	5253443	1	1
3R	29222683	29223410	-1	1
3L	19888479	19888538	-1	1
2R	13125453	13125507	1	1
2R	23548611	23548672	1	1
3R	8179851	8181199	-1	1
X	16599640	16599724	1	1
2R	24092539	24092605	-1	1
3R	20974717	20976049	1	1
X	3785814	3786144	1	1
3R	17909559	17915007	-1	1
2L	18609963	18610029	-1	1
3R	22085866	22086399	-1	1
3R	10194116	10222277	1	1
3L	10638711	10639309	1	1
2L	1085137	1085201	-1	1
2R	18141673	18143413	1	1
3R	29136700	29137076	1	1
3L	9371694	9372124	-1	1
2L	17402486	17404061	1	1
3R	11770104	11771154	-1	1
3R	8819184	8820518	-1	1
X	5662330	5662662	-1	1
X	14827953	14831793	-1	1
3R	8817728	8818575	-1	1
3R	27565855	27565918	-1	1
2L	9709199	9710319	-1	1
3R	29939879	29939937	1	1
3R	26699621	26699715	-1	1
3R	8817735	8820052	-1	1
3R	9267437	9267489	1	1
3R	7805639	7806654	-1	1
3R	22769116	22769199	-1	1
3R	15792902	15792957	1	1
X	9171871	9173394	1	1
2R	17237535	17243225	1	1
3L	225145	225217	-1	1
2R	12436152	12436888	1	1
3R	7197660	7198328	1	1
3R	15195413	15195558	-1	1
3R	30133205	30134061	-1	1
3R	30134095	30134251	-1	1
2L	18845550	18855085	1	1
X	13861415	13988673	-1	1
3R	22782159	22784373	1	1
4	115189	115258	-1	1
2R	17266212	17274427	1	1
3L	1552639	1552914	1	1
2L	4902396	4902461	-1	1
X	17926334	17939774	-1	1
2L	16602625	16603824	1	1
X	14837673	14837909	-1	1
2R	19692422	19697416	1	1
X	11429858	11430082	1	1
2R	7387581	7387635	-1	1
2L	18776375	18776472	-1	1
X	12128815	12298033	1	1
X	15862652	15862919	1	1
3R	13402771	13402835	-1	1
3R	4300976	4301473	1	1
3L	9150778	9177471	-1	1
3R	25713962	25718398	-1	1
3R	20974719	20975358	1	1
3R	16440957	16441020	-1	1
3L	19814251	19814307	-1	1
X	13967732	13985752	-1	1
2R	10151053	10152904	-1	1
2R	15189644	15190198	1	1
X	7085340	7085410	-1	1
2L	6922818	6925426	1	1
3L	9146198	9148382	-1	1
2R	7467317	7469424	-1	1
X	6599809	6601522	-1	1
X	11376974	11381856	1	1
2R	15115689	15138102	1	1
3L	16413404	16415252	1	1
X	12735195	12741990	-1	1
X	2673619	2677101	1	1
2L	560311	560370	1	1
3L	4575731	4590224	1	1
2L	19051664	19051743	1	1
3R	17089980	17090435	1	1
2L	7492227	7495513	-1	1
3L	3924909	3925463	-1	1
2R	21223921	21234378	1	1
2R	14683771	14684153	-1	1
X	2677424	2677591	1	1
3R	14824963	14859902	-1	1
2L	4457460	4458016	-1	1
2L	18972548	18972602	-1	1
X	13309046	13335776	-1	1
3L	27136870	27136946	1	1
3L	27381089	27420679	1	1
3R	10585320	10613311	-1	1
2L	1010050	1011532	-1	1
3R	11402192	11402313	1	1
X	16458438	16472760	-1	1
3R	23983894	23984413	1	1
3R	15176294	15176364	-1	1
2R	18095224	18095681	1	1
3L	8604915	8609734	1	1
3L	571015	571080	1	1
3L	17401017	17401090	-1	1
2R	21294732	21294787	-1	1
3R	16148375	16148435	1	1
2R	19161416	19161476	1	1
3L	21216579	21216644	-1	1
X	9132714	9134702	-1	1
2L	10378865	10378923	1	1
X	14687194	14690968	-1	1
3R	27769880	27833877	-1	1
X	2008078	2008129	-1	1
3L	11452701	11452765	-1	1
2R	21021318	21021886	1	1
2L	21382173	21390214	1	1
3R	14789496	14789557	1	1
2R	24891838	24892402	1	1
2R	16765642	16765949	-1	1
X	15440677	15440973	-1	1
2L	3807462	3807525	1	1
3R	31595056	31595521	-1	1
3R	11766481	11767620	-1	1
X	1372675	1373032	1	1
2R	19407320	19407841	-1	1
2L	2965362	2966527	1	1
2R	14979841	14980655	1	1
3L	21915425	21915536	1	1
X	15112897	15113572	1	1
X	6188627	6189744	-1	1
X	2066537	2067050	-1	1
2R	18756248	18756784	1	1
X	12203879	12204147	1	1
3L	13914744	13918824	-1	1
3R	27563878	27565176	-1	1
3L	19575060	19584322	-1	1
3L	11603255	11603339	1	1
2R	9254208	9254275	-1	1
X	12656590	12657196	1	1
3L	5791644	5791696	-1	1
3L	9178205	9178647	-1	1
3R	16225362	16225422	-1	1
3L	27295577	27296881	1	1
X	9502821	9506508	-1	1
X	16360697	16360763	1	1
3L	13537997	13664689	-1	1
3R	24319622	24320017	1	1
2L	10408941	10409470	1	1
X	9142794	9142860	-1	1
X	15987436	15988068	-1	1
2R	24568870	24568940	-1	1
2R	13979716	13979774	-1	1
3L	9178039	9178192	-1	1
3R	8717954	8720128	1	1
3L	14791949	14799687	1	1
3R	5667306	5667693	-1	1
2R	1072036	1072251	1	1
3L	3956157	3962240	-1	1
X	5792403	5794415	1	1
4	428984	429437	1	1
X	10835515	10846564	-1	1
X	10347358	10347551	1	1
2R	18821284	18821485	1	1
3L	10591693	10601079	1	1
2R	18638618	18638819	-1	1
2L	16041464	16041594	1	1
2R	14140117	14140526	-1	1
X	2109415	2114325	1	1
X	3715131	3719363	-1	1
2R	18689199	18692041	1	1
4	661981	662061	-1	1
3L	3051792	3051983	1	1
3L	17400534	17400860	-1	1
3R	14367497	14372547	1	1
2R	9095340	9095578	1	1
2L	8825721	8828147	1	1
3R	24258133	24258196	-1	1
4	350044	350603	-1	1
2R	1395193	1395468	-1	1
2L	17647619	17647841	-1	1
2L	8071994	8072045	-1	1
2R	18168863	18171238	-1	1
3R	12414788	12421076	1	1
3R	17872799	17916197	-1	1
2L	1653376	1698529	1	1
2L	4444402	4444464	1	1
3L	20834133	20836011	1	1
3R	30886905	30888661	-1	1
3L	2672894	2673065	-1	1
X	5086067	5089324	1	1
3L	7682600	7682828	-1	1
X	9163389	9165682	1	1
X	11106850	11106919	1	1
2R	23811882	23811939	-1	1
2L	21382139	21388968	1	1
2L	2772476	2772551	-1	1
4	42179	202288	-1	1
3L	5272767	5273055	-1	1
X	19598723	19598892	1	1
2R	14164371	14164487	1	1
3L	6166553	6192131	-1	1
2L	835548	835704	-1	1
3L	13873267	13873922	-1	1
2L	159459	162406	1	1
2R	14055876	14058513	1	1
2L	6925469	6926915	1	1
2R	14926783	14928377	-1	1
2R	21650793	21652394	1	1
3R	31865326	31865751	-1	1
2L	5985367	5985451	1	1
3R	16636365	16636429	1	1
2L	6054490	6059557	1	1
2R	15288257	15291837	-1	1
3R	14554411	14557512	-1	1
2R	9806565	9806624	-1	1
4	211637	212839	1	1
3R	8819169	8822853	-1	1
2R	22537123	22537193	-1	1
2L	9911150	9911209	-1	1
2L	18390312	18392426	1	1
X	10983892	11037475	-1	1
2R	20309151	20313336	-1	1
X	2015047	2022589	1	1
3R	25852321	25852428	1	1
2L	12241781	12312376	1	1
3R	13759784	13759844	1	1
3R	21297362	21298099	1	1
X	13986075	13990474	-1	1
X	15709366	15710447	-1	1
X	2618504	2618607	-1	1
X	5837882	5838039	1	1
X	5753487	5753917	1	1
3R	24708383	24710398	1	1
2R	10717402	10717965	1	1
X	10875997	10877415	1	1
2L	21382075	21390220	1	1
4	1279561	1279625	1	1
X	13769061	13769144	1	1
3R	7638822	7638966	-1	1
X	1474040	1474265	-1	1
3L	5658142	5659429	1	1
2L	3806548	3810580	1	1
2L	21626941	21627353	-1	1
3R	11766750	11767726	-1	1
3R	23983950	23984278	1	1
2L	21166301	21166395	-1	1
X	13852705	13985824	-1	1
3R	25614309	25614408	1	1
2L	22925920	22927438	1	1
4	280240	281724	-1	1
3L	13664875	13666129	-1	1
3R	25868524	25868593	1	1
2L	20871366	20872768	-1	1
2L	21263411	21263648	1	1
X	1041833	1045891	1	1
3R	7095844	7096516	-1	1
2R	16324928	16351059	-1	1
X	4698726	4701939	1	1
X	16070623	16073410	-1	1
Y	124361	200749	1	1
3L	20510755	20510890	1	1
2L	18476509	18476775	-1	1
3L	8577313	8578436	1	1
3L	18750543	18800502	-1	1
3R	15061628	15062351	-1	1
2R	12580613	12581202	-1	1
X	8504375	8504470	1	1
2R	12450237	12450521	1	1
2R	16924789	16926292	1	1
2L	11803675	11803785	1	1
3L	5664448	5664909	1	1
2L	4318709	4318907	1	1
3R	15392636	15393210	1	1
3L	2822914	2872290	-1	1
X	5792891	5794335	1	1
2L	6730540	6730599	1	1
X	15947853	15947911	-1	1
2L	5327612	5327744	1	1
3L	17400542	17401074	-1	1
3R	30877737	30878241	-1	1
X	22494276	22495176	1	1
2L	11807040	11807239	-1	1
X	21625224	21629091	-1	1
2L	21392238	21392580	1	1
2R	2770488	2844679	-1	1
3R	13373982	13374566	-1	1
4	991065	1001410	1	1
X	9165893	9176855	1	1
3R	9778655	9778889	1	1
X	5904030	5904530	1	1
3R	8247431	8247486	1	1
3R	11012138	11012221	1	1
3R	18657186	18659254	-1	1
2R	13815649	13816203	1	1
3R	11338583	11396233	1	1
X	2634439	2634827	1	1
3R	21792147	21803684	1	1
X	18186250	18186410	1	1
3L	3828782	3841015	1	1
3R	20975255	20975960	1	1
2L	2382561	2382617	1	1
3L	3814881	3814936	-1	1
3R	15246336	15246509	1	1
X	5900911	5904588	1	1
3R	11400920	11406608	1	1
2L	20575571	20598717	1	1
3L	25871380	25873860	-1	1
3R	20894545	20894884	-1	1
3L	7445606	7445672	1	1
2R	24560411	24560853	-1	1
X	15963961	15964036	-1	1
2L	9292170	9295212	1	1
3R	24104963	24105303	-1	1
2R	14010698	14031874	1	1
3L	11196876	11197135	-1	1
X	13701161	13701239	-1	1
2R	18972187	18972245	-1	1
X	9152790	9153279	-1	1
2L	119555	119828	-1	1
3R	29748770	29748824	-1	1
2R	24053320	24053379	-1	1
X	517751	521487	-1	1
3L	9146198	9149467	-1	1
2R	6952211	6959739	-1	1
2R	16627093	16627785	-1	1
3L	10576476	10577283	1	1
4	133714	134608	1	1
X	10324671	10325784	-1	1
X	22996106	22996201	-1	1
2L	4874563	4874887	1	1
3R	21308140	21308418	1	1
X	10061147	10061212	-1	1
2L	12484861	12536275	-1	1
2L	10377943	10378011	1	1
3L	19572877	19572999	-1	1
4	305179	305396	-1	1
X	3376234	3451010	1	1
X	9007853	9013311	1	1
4	960361	962401	1	1
X	5319757	5319813	-1	1
3R	8646235	8648150	-1	1
2R	19179110	19179411	1	1
2L	208609	208729	1	1
3R	22792001	22792258	1	1
3L	9105365	9105749	-1	1
2R	15202128	15203022	1	1
3L	9376594	9376837	-1	1
2R	13518587	13528184	-1	1
3L	1620834	1628050	-1	1
2L	20055268	20056186	1	1
3L	12812451	12812509	1	1
2L	16652913	16657499	1	1
2R	16107474	16109090	-1	1
X	11929509	11929712	-1	1
2R	14234196	14234268	-1	1
X	8365576	8366481	-1	1
3L	5161080	5184459	-1	1
X	5166984	5174767	1	1
3L	1533434	1533494	-1	1
3L	1338560	1339254	1	1
3R	8817801	8823002	-1	1
2L	13031395	13050138	-1	1
3R	8817728	8820136	-1	1
3L	6055205	6056727	1	1
X	13998723	13999425	1	1
2R	5075273	5075348	-1	1
2R	5075393	5075756	-1	1
X	18155663	18170505	1	1
3R	31935833	31936658	-1	1
X	12572427	12582559	-1	1
X	5946372	5946459	1	1
3L	8276503	8276827	1	1
3R	16349800	16349886	1	1
3R	9649724	9649801	1	1
2L	2220259	2220331	1	1
3R	4301165	4301221	1	1
3R	9432079	9444769	1	1
mitochondrion_genome	867	12734	-1	1
2R	16059989	16060099	1	1
X	8410417	8410567	1	1
3L	4195165	4195299	1	1
3R	30517787	30518283	-1	1
X	2706292	2706604	-1	1
X	8084203	8084258	-1	1
3L	1630534	1632188	-1	1
X	16063800	16063881	1	1
3L	5657975	5669149	1	1
3R	13452431	13455773	1	1
2R	18327298	18327393	-1	1
2R	14173905	14174100	1	1
X	16528153	16533059	-1	1
2R	15936239	15936344	-1	1
2L	17667818	17667967	-1	1
3L	7123791	7123846	-1	1
2R	9098687	9098742	1	1
X	14322916	14324573	1	1
X	18826618	18830251	1	1
2R	14277499	14299496	1	1
3R	24292472	24293084	1	1
3R	9778691	9778777	1	1
2R	15936581	15938447	-1	1
2L	2963861	2964065	1	1
3R	8024594	8024653	-1	1
X	1827231	1831483	1	1
3R	23983941	23984222	1	1
X	13847016	13850142	-1	1
3R	18702624	18705225	1	1
4	390204	390854	-1	1
3L	20026590	20026647	-1	1
3L	19085998	19086093	-1	1
2R	2758895	2762798	-1	1
X	5174919	5253700	1	1
2L	21666005	21666063	-1	1
4	1230421	1230649	-1	1
4	991061	1001405	1	1
3L	9499215	9505132	-1	1
2L	11358955	11359319	1	1
3L	1314321	1314473	1	1
X	13840311	13841735	-1	1
3L	12795325	12795458	1	1
X	8689089	8689145	-1	1
X	9152649	9153893	-1	1
3R	23267681	23268063	-1	1
2R	13486732	13486785	-1	1
3R	23983753	23984440	1	1
2R	22607833	22607886	1	1
2L	20072647	20073378	1	1
2L	10408965	10409470	1	1
2L	7674798	7675012	-1	1
3R	21307203	21307481	1	1
2R	8174832	8186905	1	1
X	4117396	4117964	1	1
2R	9959384	9959444	-1	1
X	21321514	21321637	-1	1
2R	19290226	19290386	-1	1
3L	17475117	17475410	1	1
3R	21807735	21808283	-1	1
2R	5320317	5320419	1	1
2L	13484525	13485164	1	1
2L	10418194	10418257	1	1
3R	31742499	31742746	1	1
2R	21790005	21790060	-1	1
X	15735274	15735514	1	1
3R	679457	682576	1	1
X	15175552	15175743	1	1
4	1050610	1050694	-1	1
3L	2525719	2534711	-1	1
3L	10327516	10348193	1	1
3R	22036857	22038269	1	1
X	16601440	16610164	1	1
X	9172995	9177445	1	1
2R	7655398	7656530	1	1
3R	30517282	30517589	-1	1
4	224436	225762	1	1
X	15803899	15805558	1	1
3L	7681022	7681766	-1	1
2R	12423680	12425286	1	1
4	446232	447101	1	1
3R	26184947	26187043	1	1
2L	2804435	2804494	-1	1
2L	7028421	7028490	1	1
X	19575970	19576039	-1	1
3L	20852762	20854057	-1	1
X	1394159	1394224	1	1
2R	21394422	21398887	-1	1
2L	9893983	9894064	-1	1
3L	14275727	14304897	1	1
2R	3094997	3099845	1	1
3L	3050698	3051005	1	1
3R	26649275	26651001	-1	1
2R	19460617	19470597	1	1
3R	17909497	17915000	-1	1
2L	1140108	1140960	1	1
2L	9877279	9885879	-1	1
3L	4419173	4419429	1	1
3R	25914500	25914559	1	1
3L	1667421	1667577	-1	1
3R	19764429	19765258	1	1
3R	29487252	29487305	-1	1
3L	24028939	24030238	1	1
X	9152697	9153971	-1	1
4	191387	193424	-1	1
2L	21138031	21138113	-1	1
2L	19030992	19032043	-1	1
3R	28049537	28240454	1	1
3L	8976400	8976458	1	1
X	13746809	13754971	-1	1
3L	5518715	5528951	-1	1
3R	24105254	24105350	-1	1
X	19569963	19570372	-1	1
X	12587901	12587970	-1	1
3L	15977556	15977955	1	1
2R	4236558	4236699	-1	1
2L	1974637	1975277	1	1
2L	831084	831177	1	1
X	19363022	19433154	1	1
3R	26703823	26713511	-1	1
3R	21949746	22008850	1	1
2R	14031840	14038033	1	1
X	3720105	3721376	1	1
3R	4301146	4301226	1	1
X	16070659	16126251	-1	1
2L	19928997	19929203	1	1
3R	27563258	27564924	-1	1
X	13967803	13967903	-1	1
X	9165806	9172478	1	1
X	18820043	18820334	1	1
3R	3750671	3752167	1	1
3R	29723715	29723847	1	1
2L	10988384	10988484	1	1
3L	4182185	4184985	-1	1
X	5793726	5794373	1	1
3R	9432489	9454731	1	1
3L	11998997	12000273	-1	1
3L	12743626	12743688	-1	1
3L	5518720	5522841	-1	1
3R	18248388	18250211	1	1
2R	17867408	17871450	-1	1
X	15440941	15441126	-1	1
4	132399	133186	1	1
3R	24760654	24764992	-1	1
X	13625590	13625698	1	1
X	5165351	5186903	1	1
X	11408345	11408414	1	1
2R	13518142	13531561	-1	1
3R	17909461	17909589	-1	1
3R	30526376	30526984	-1	1
3R	1253356	1256664	1	1
X	5186703	5186903	1	1
X	10782096	10782173	1	1
3L	23740897	23748823	1	1
2L	20712375	20712462	-1	1
3L	4181202	4181255	-1	1
2L	6121896	6123082	1	1
2L	16662859	16682506	1	1
X	12633032	12633913	-1	1
3R	10321227	10321465	-1	1
2R	10598871	10601424	1	1
3L	7975684	7975758	-1	1
3L	17620650	17620729	-1	1
2L	6930119	7033111	1	1
3L	7362454	7362522	1	1
3R	4297907	4304257	1	1
2R	18145253	18145364	1	1
3L	3958426	3962257	-1	1
3R	18217929	18218376	1	1
2L	20969524	20990779	-1	1
3L	8432473	8440468	-1	1
3R	14616184	14616952	1	1
2R	20667369	20667429	1	1
3L	24161180	24161263	1	1
3L	5983865	5984124	-1	1
3L	5563185	5563266	-1	1
X	20917323	20923463	-1	1
X	9182100	9183195	1	1
X	576904	577911	1	1
3R	4280345	4284337	1	1
3R	5755335	5755403	-1	1
X	17642831	17643023	-1	1
2R	9888815	9888888	-1	1
3L	4580540	4585903	1	1
2R	18146252	18146708	1	1
4	892950	898393	-1	1
3L	5813475	5816651	-1	1
3L	5816701	5817535	-1	1
3L	17802799	17961406	-1	1
X	11713809	11714558	-1	1
2L	1653349	1697735	1	1
4	1221950	1222006	1	1
3L	18682378	18682439	1	1
X	16455085	16527691	-1	1
X	18161157	18170505	1	1
X	20004744	20008476	-1	1
3L	5550912	5551128	-1	1
3L	7656204	7656375	-1	1
3L	19989779	19990628	1	1
X	560777	570862	1	1
3L	5665615	5669155	1	1
2L	1011580	1046815	-1	1
X	17710206	17710271	1	1
X	6360039	6361019	1	1
X	12776799	12776865	-1	1
2L	14599393	14599819	-1	1
X	15871970	15872030	1	1
3R	4638221	4640305	-1	1
2L	228282	229173	-1	1
3R	15055185	15055935	-1	1
3R	30517493	30517848	-1	1
X	13784190	13785707	1	1
3R	17909277	17916452	1	1
X	17708213	17708289	-1	1
2R	8945056	8945128	-1	1
4	1060660	1060741	-1	1
X	3341003	3342637	1	1
3R	22544493	22545146	-1	1
2R	9287857	9288903	1	1
2R	21658276	21658346	1	1
X	575708	578907	1	1
2L	12060339	12060398	-1	1
2L	8670335	8672704	1	1
3L	17400534	17400864	-1	1
3R	22616224	22616278	1	1
2R	19164171	19165164	1	1
2L	6920742	6920818	1	1
X	4700928	4701990	1	1
X	12656676	12657210	1	1
2R	14276770	14277024	1	1
3L	19995809	19997431	1	1
3L	22784753	22785260	1	1
2R	17276064	17351094	1	1
X	11090978	11091051	1	1
3R	23058957	23059030	-1	1
X	10244624	10249876	-1	1
3L	16962888	16962943	-1	1
X	9109988	9110822	1	1
2R	23061772	23061836	-1	1
3R	4495113	4495174	-1	1
3L	20383220	20383281	1	1
3R	1259550	1260528	-1	1
3R	1260594	1260937	-1	1
X	15175552	15177693	1	1
2R	2487646	2497055	-1	1
2R	7832571	7833677	1	1
3R	13657360	13657984	-1	1
X	9186976	9188307	1	1
2R	22129692	22129764	1	1
2R	15573392	15573450	1	1
3L	10573723	10590733	1	1
2R	9994578	9995787	-1	1
X	6696769	6696848	-1	1
3L	268621	268881	1	1
3R	12623899	12624138	-1	1
3R	24002548	24003416	-1	1
2L	4454995	4455056	1	1
X	15208548	15209109	1	1
X	10255591	10261061	-1	1
2L	2225358	2225410	1	1
2R	20323229	20325833	1	1
3R	18684176	18684272	-1	1
X	9175878	9176947	1	1
2R	10517578	10517831	-1	1
3L	21025549	21028261	-1	1
2R	9096996	9097242	1	1
2L	5541657	5541723	-1	1
3R	15954256	15954583	1	1
3R	18801117	18848663	-1	1
2R	9510005	9510221	1	1
X	16528120	16532082	-1	1
X	11396104	11400788	1	1
2R	22393469	22393854	1	1
3L	16891398	16896183	1	1
2L	10482330	10482672	1	1
2L	8083864	8089185	1	1
3R	4297780	4297868	1	1
2L	8321993	8322055	-1	1
3R	5477759	5478623	1	1
X	8517579	8531697	1	1
3L	6951203	6951267	-1	1
2L	8590600	8590770	-1	1
2L	2888599	2890377	1	1
2L	12348356	12351704	1	1
X	11222255	11224989	-1	1
2R	24378941	24389833	-1	1
2L	14083715	14083835	1	1
3R	25682432	25683473	1	1
2R	12870975	12871184	1	1
3R	12009228	12009290	-1	1
3L	8241996	8248558	1	1
2R	22686503	22686646	-1	1
2L	16737081	16737142	-1	1
X	3481345	3482101	-1	1
3R	17915157	17916139	-1	1
X	15749436	15749832	1	1
3L	5156469	5157583	-1	1
X	8531647	8531697	1	1
2L	5041837	5042491	-1	1
2R	2890072	2892024	1	1
X	8249012	8250953	-1	1
3R	23983910	23984353	1	1
2L	14616758	14616978	1	1
2L	15063105	15064220	-1	1
3L	7329173	7329237	1	1
X	11697366	11703531	1	1
3L	15562684	15562743	-1	1
3R	17873060	17916162	-1	1
3R	18248385	18298425	1	1
3L	9107696	9123603	-1	1
2R	15322742	15323449	1	1
2R	15384300	15384496	1	1
3L	11254855	11255968	1	1
2R	9530207	9530900	1	1
2L	4720676	4722398	1	1
3L	7840530	7854167	-1	1
2L	10244159	10244219	-1	1
3R	7077818	7078141	-1	1
X	15860334	15861058	1	1
3R	28927411	28927477	-1	1
2L	7824352	7824428	1	1
3R	11046536	11047313	1	1
3L	16382002	16383923	-1	1
2R	16625308	16627025	-1	1
2R	24531735	24532440	1	1
2L	19514557	19516615	-1	1
2R	24768469	24768635	-1	1
2L	12351602	12351704	1	1
2L	4844773	4845087	-1	1
4	1241898	1242192	1	1
3R	21297088	21298253	1	1
3R	13696150	13696203	-1	1
X	5788048	5788211	1	1
2L	10225812	10226665	-1	1
3R	20894766	20895560	-1	1
2R	9919063	9919447	-1	1
X	13285399	13340518	1	1
3R	5454738	5454809	1	1
3L	8187403	8187479	1	1
4	1224473	1229733	-1	1
3R	30045360	30045719	-1	1
3L	2122961	2123300	-1	1
3L	17400548	17400810	-1	1
3L	13931199	13931746	1	1
3L	9801463	9801533	-1	1
X	16686770	16694043	-1	1
X	7995794	7999271	1	1
X	17934595	17939646	-1	1
4	877195	878851	-1	1
2R	16924801	16926346	1	1
X	2095161	2114149	1	1
X	18790894	18790958	1	1
3L	13867459	13902052	-1	1
3R	22411638	22412649	1	1
3R	29128881	29128947	-1	1
X	4698696	4701967	1	1
2R	18445500	18445552	-1	1
X	11363898	11373818	1	1
X	18099723	18101093	1	1
2L	22925499	22925566	1	1
3L	3762941	3763003	1	1
2R	5863707	5863859	1	1
2R	9587711	9587777	1	1
X	4143752	4149388	-1	1
2L	1836780	1837033	1	1
3R	27665376	27665429	1	1
X	6204208	6223285	-1	1
2L	8663252	8664158	1	1
3R	24709642	24711640	1	1
2R	14865059	14865172	-1	1
X	6277316	6282663	-1	1
3L	529376	539899	-1	1
2R	12309726	12310357	1	1
3R	12095717	12096049	1	1
3R	21307474	21309421	1	1
2R	21089172	21089230	-1	1
3R	31150713	31151384	1	1
X	21360030	21360156	1	1
3R	7859438	7864261	-1	1
2R	22639099	22639372	-1	1
X	17929155	17962115	-1	1
3R	24064880	24065672	-1	1
2R	22797257	22797834	-1	1
3L	17065709	17074193	-1	1
3R	7270438	7270507	1	1
2L	21143308	21144959	1	1
2R	19447589	19448137	-1	1
3L	14748243	14748409	-1	1
3L	7814468	7853621	-1	1
2R	12274107	12274559	1	1
2R	9994024	9996238	-1	1
2L	9438237	9439137	1	1
3R	10195800	10215694	1	1
3R	13373352	13373859	-1	1
2R	14356951	14357136	-1	1
3R	24827272	24827332	-1	1
mitochondrion_genome	12876	13408	-1	1
X	3100319	3129253	-1	1
3L	17070726	17147416	-1	1
X	17934612	17934830	-1	1
X	13868863	13967866	-1	1
3L	8944521	8947828	-1	1
3R	18515171	18515267	-1	1
X	12128511	12128622	1	1
3L	11115419	11115484	-1	1
3R	16299373	16304682	1	1
3L	5918603	5918755	-1	1
2R	8114526	8122419	-1	1
3L	20001244	20002000	1	1
X	11111911	11111974	1	1
2R	14277532	14279106	1	1
X	247597	248382	1	1
2R	11358420	11358958	-1	1
2R	17458447	17461994	1	1
2R	24599411	24599670	-1	1
3R	9111946	9157114	-1	1
3L	877577	878032	-1	1
4	1037423	1037476	1	1
3L	10037472	10040856	1	1
X	5165499	5174792	1	1
X	5334457	5388397	1	1
3R	370742	383900	1	1
X	5793833	5794297	1	1
X	10598050	10598316	1	1
Y	124361	200737	1	1
3R	23607666	23608369	-1	1
2L	7864830	7865082	-1	1
X	15061044	15063022	-1	1
3R	17041706	17041763	-1	1
3L	5665293	5749393	1	1
3R	3623276	3623330	1	1
3L	3505087	3506075	-1	1
X	14203285	14203441	1	1
3R	13229099	13229197	-1	1
3R	31390360	31390589	1	1
3R	4911086	4917397	-1	1
3R	17001807	17001864	-1	1
2R	9446512	9449086	1	1
3R	16150183	16150292	-1	1
2R	17979541	17989501	-1	1
2L	21617822	21618004	-1	1
3L	1865918	1867141	1	1
X	12919088	12942111	1	1
3L	19891488	19896912	-1	1
X	13625270	13658299	1	1
3R	29149409	29149751	1	1
2R	2734899	2735030	1	1
2L	1034191	1046810	1	1
X	16070869	16071035	-1	1
3R	5858338	5859735	-1	1
3L	347556	355813	1	1
3R	13384562	13384961	1	1
3L	3715172	3716467	-1	1
3L	17400578	17401052	-1	1
3R	8341244	8341303	1	1
3R	8794092	8796705	-1	1
X	4698696	4699622	1	1
2R	13507776	13509055	1	1
X	1875945	1876357	1	1
2R	927790	928852	-1	1
3L	17647613	17654148	-1	1
X	13878739	13985576	-1	1
3R	30572536	30572599	1	1
3R	23983910	23984347	-1	1
3L	317412	317465	1	1
2L	10404144	10404623	-1	1
3R	22641258	22651526	1	1
X	15094614	15094667	1	1
3R	19459991	19460235	1	1
3L	22879	26124	1	1
3L	24169622	24173493	1	1
2R	17789849	17789919	1	1
3L	6952653	6953773	-1	1
X	12942184	12946664	1	1
4	310201	310621	1	1
3R	4301162	4301258	1	1
3R	13647547	13648918	1	1
3L	9158735	9160933	-1	1
2L	15060367	15060433	-1	1
X	5791196	5791335	-1	1
3R	14243623	14244474	-1	1
3R	29173406	29173544	-1	1
3R	5857294	5857840	1	1
2L	16237446	16237510	1	1
2R	22874744	22874797	-1	1
2R	18095836	18095894	1	1
X	6531178	6531980	-1	1
3R	11370293	11371313	-1	1
3R	24104969	24105185	-1	1
3R	23689348	23692942	-1	1
X	18794742	18794960	-1	1
2R	4369652	4433197	1	1
2L	1180124	1180213	1	1
2R	1596440	1597736	1	1
X	7092123	7098001	-1	1
3L	13869975	13872185	-1	1
X	5793563	5794415	1	1
3L	3899888	3900116	-1	1
3L	17400622	17400684	-1	1
2L	112020	112690	1	1
3R	11209741	11209798	-1	1
3R	12465750	12511094	-1	1
X	16459593	16521763	-1	1
3L	14800152	14800466	1	1
2R	23067308	23067632	1	1
3L	4937768	4938504	-1	1
3L	22878019	22878634	-1	1
3L	16612811	16615449	-1	1
3R	9419758	9439349	1	1
X	936566	937578	1	1
3R	8817693	8931607	-1	1
3L	20357869	20357941	1	1
2R	8558351	8558428	-1	1
3R	16644828	16645038	1	1
2R	22561143	22561919	-1	1
3L	17400637	17400756	-1	1
2L	21226423	21226630	-1	1
2L	15249331	15253376	1	1
2L	10224619	10225718	-1	1
3L	7804708	7805071	-1	1
2L	21390063	21390203	1	1
X	5792641	5792718	1	1
X	22468681	22468807	1	1
3R	11620345	11620403	1	1
3R	8817720	8818817	-1	1
3R	20799682	20805947	1	1
2R	16087726	16088305	-1	1
2R	6914824	6920035	1	1
X	20134014	20135014	-1	1
X	16399379	16399443	1	1
X	12203952	12204139	1	1
2L	9291352	9294843	1	1
3L	25798743	25811487	-1	1
3L	21840841	21875297	1	1
3R	23355486	23355634	-1	1
3R	13997136	14023646	-1	1
X	14833383	14835768	1	1
3L	4432523	4433066	1	1
3R	9010422	9010556	-1	1
3L	20523282	20523352	-1	1
3L	10182531	10186023	-1	1
2R	7789713	7789773	1	1
2R	10097359	10098313	1	1
X	11369690	11373817	1	1
3L	4325411	4326984	-1	1
2R	12274185	12276204	1	1
2L	3757956	3758043	-1	1
2L	3758090	3758539	-1	1
2R	24621652	24623673	-1	1
4	478869	480035	1	1
3L	15818627	15825927	-1	1
3R	4298083	4301300	1	1
X	6687025	6718292	1	1
X	6718328	6720586	1	1
2R	17007832	17015147	-1	1
3R	12403559	12404832	-1	1
3R	12404890	12405703	-1	1
3R	10021384	10027330	1	1
3R	10027382	10037816	1	1
2L	2137795	2137883	-1	1
X	13860799	13861979	-1	1
3L	20392490	20392641	-1	1
X	1374518	1375076	1	1
3L	9371835	9371991	-1	1
3R	10581601	10613530	-1	1
2R	16325128	16326210	-1	1
3R	6006103	6008037	-1	1
2R	24559775	24559830	-1	1
X	4689160	4689590	1	1
2R	15274968	15275041	-1	1
3R	9234405	9237435	-1	1
2R	12196957	12197019	-1	1
3L	17400579	17400848	-1	1
3L	23748374	23748424	1	1
3R	24105254	24105453	-1	1
3R	18165555	18165798	-1	1
2R	10941615	10941689	-1	1
3R	21297572	21298215	1	1
2L	12477167	12504079	-1	1
3L	21875326	21888634	1	1
X	8192162	8204173	1	1
4	1119018	1119937	1	1
3L	11250641	11251107	-1	1
2R	10108244	10109610	1	1
2R	12269418	12273797	1	1
3L	10687163	10687238	1	1
mitochondrion_genome	12943	13003	-1	1
3R	4454180	4454243	1	1
2R	4322653	4470848	-1	1
3L	12741950	12742595	1	1
3L	12742651	12742905	1	1
3R	28047669	28085445	1	1
2L	5641953	5645456	-1	1
X	9173024	9189215	1	1
3L	9134891	9134987	1	1
2R	17868809	17871329	1	1
X	13284660	13285051	-1	1
2L	13993831	14001135	-1	1
2R	16710994	16764481	-1	1
X	19363022	19398503	1	1
3L	17236063	17238072	-1	1
4	1279840	1288123	-1	1
3L	14792956	14799835	1	1
3L	14752921	14753114	-1	1
X	7054214	7077311	-1	1
2L	21380362	21380471	1	1
X	16063966	16115584	-1	1
3L	1632428	1637029	-1	1
2L	4822492	4822725	1	1
X	1373866	1375078	1	1
2L	7196696	7196751	-1	1
3R	23994182	23994246	1	1
X	16317835	16318139	-1	1
2L	19383763	19383881	-1	1
2L	9684309	9696318	-1	1
3R	19510078	19510148	1	1
2R	9608612	9608692	1	1
X	3376082	3387608	1	1
X	5588021	5602034	1	1
3L	4262205	4262264	-1	1
3R	17920335	18016676	1	1
X	13381844	13382008	-1	1
2R	18556985	18557803	-1	1
3R	8653286	8653356	1	1
3L	8451916	8471220	1	1
4	359981	360587	1	1
2R	23511486	23511577	-1	1
3L	21382961	21424280	1	1
3L	14800470	14800764	1	1
X	7608914	7678130	1	1
3L	19998238	20000164	-1	1
2R	9873180	9873242	1	1
3R	17901088	17901153	-1	1
3R	9487479	9493011	-1	1
3L	9179297	9181392	-1	1
2R	22743400	22796958	-1	1
X	18408860	18409884	-1	1
X	19136606	19143468	-1	1
X	4365488	4365585	1	1
X	12147459	12156576	1	1
2L	3029007	3029064	-1	1
3R	20817215	20817309	-1	1
3L	9867321	9867844	1	1
X	3699028	3699114	1	1
2R	6696930	6697416	1	1
X	15989327	15989392	-1	1
2L	21382145	21390224	1	1
3R	13687976	13688046	1	1
4	224440	225762	1	1
2R	928153	950605	-1	1
2R	21223983	21234664	-1	1
3R	32065456	32066324	1	1
3R	31786951	31789831	1	1
X	3935357	3935730	-1	1
2L	21121770	21122251	1	1
2R	9476999	9477063	1	1
X	17953347	17976351	1	1
2L	19049236	19049287	1	1
X	17929358	18040008	-1	1
X	15858538	15858600	-1	1
3L	8189970	8190072	1	1
3R	17920008	17920429	1	1
2R	19290975	19345061	1	1
X	21319969	21321039	-1	1
X	3949714	3951415	1	1
3L	4123142	4123867	-1	1
3R	31216361	31219019	-1	1
3L	20834166	20836060	1	1
3R	31091774	31092055	-1	1
3L	23318982	23329072	-1	1
4	1115518	1117983	-1	1
2R	23879813	23879875	1	1
3R	8814862	8818723	-1	1
2R	15425667	15426544	1	1
3L	5738164	5738226	1	1
3R	11336513	11338884	1	1
2R	9312746	9370249	-1	1
2R	8903320	8904721	1	1
3R	5437360	5458329	1	1
3R	26129324	26130082	1	1
3L	9113488	9130555	-1	1
X	20304189	20310278	-1	1
3L	10665371	10685010	1	1
3R	15332549	15332616	-1	1
2R	21060995	21061363	1	1
3L	5545102	5550784	-1	1
3R	15951772	15954905	1	1
X	8548526	8550083	1	1
2L	6911853	6911949	-1	1
3L	6172295	6172357	-1	1
X	938190	939149	1	1
3R	27057475	27057652	1	1
3R	28057449	28057587	-1	1
3L	21845250	21845337	1	1
2R	1265294	1266162	1	1
X	13986075	13986193	-1	1
X	10348855	10356374	-1	1
X	5340512	5341196	1	1
2L	2582110	2582174	-1	1
3R	19087198	19087405	-1	1
3R	16292835	16293987	1	1
2L	3760518	3760693	1	1
2R	9994322	9996113	-1	1
2R	22797182	22798231	-1	1
mitochondrion_genome	5419	17398	1	1
3L	11226569	11226636	1	1
X	5186999	5254745	1	1
3R	25040876	25043226	-1	1
3L	4432513	4433026	1	1
3R	9418001	9439620	1	1
2L	5047480	5047543	1	1
3R	12139060	12156864	-1	1
2R	21017860	21024625	1	1
2R	17265692	17265916	1	1
X	16439763	16439827	-1	1
2R	18143896	18145404	1	1
2R	7920463	7921359	1	1
3R	29137547	29137684	1	1
3L	8129549	8129614	1	1
3L	1623582	1623993	-1	1
2R	16764375	16764472	-1	1
X	11291	54319	-1	1
2R	18420491	18420546	1	1
3L	1871678	1872889	-1	1
3R	4299947	4301328	1	1
3L	22742552	22745386	1	1
2R	14276527	14276979	1	1
2R	10101114	10108223	1	1
X	4700440	4700730	1	1
2R	10558534	10561686	1	1
2L	16722150	16722413	1	1
2L	2581596	2582010	-1	1
2L	10844278	10844635	-1	1
3L	18099487	18105581	-1	1
3L	23033061	23033160	1	1
X	7196951	7197026	1	1
X	10255459	10257887	-1	1
2R	24522213	24522303	-1	1
2R	18523563	18526386	1	1
3L	17400506	17401058	-1	1
3L	22421136	22433584	-1	1
3R	22413668	22418798	1	1
2R	21646220	21646320	-1	1
3R	21771840	21771902	-1	1
3R	16358449	16358518	-1	1
3R	9432840	9439349	1	1
3R	21354177	21376687	-1	1
2R	7041989	7042103	-1	1
2L	21382093	21390311	1	1
2R	10277472	10279531	1	1
mitochondrion_genome	2874	10767	1	1
3L	4414859	4417820	1	1
X	11162811	11164573	1	1
X	8365747	8366804	-1	1
2R	11599641	11604385	-1	1
3L	4136443	4136618	-1	1
X	19887493	19899012	1	1
3R	5567381	5567467	1	1
3R	19415762	19459057	1	1
2L	11345	11410	-1	1
3L	18902813	18902882	1	1
2L	10214056	10216131	-1	1
X	15860334	15861152	1	1
3L	4430085	4431853	1	1
3L	10662456	10662845	1	1
3R	13997136	14026878	-1	1
X	1410652	1413418	1	1
3R	20974130	20974342	1	1
3L	19828946	19829020	1	1
3R	9432840	9439421	1	1
X	1432916	1432975	1	1
2L	8031309	8032060	1	1
X	764923	765084	-1	1
4	1279069	1279221	1	1
2R	11281380	11281438	-1	1
3R	11397800	11400809	1	1
X	14324684	14324738	1	1
2L	21094638	21094703	1	1
X	5819464	5832764	1	1
X	13860906	13967823	-1	1
2R	8950792	8950911	1	1
2R	17798138	17806529	1	1
2L	9870501	9877231	-1	1
3R	27563878	27564589	1	1
3R	29173517	29176602	-1	1
X	1673133	1675934	-1	1
X	19741169	19744000	-1	1
3R	14619596	14620438	-1	1
3R	21275581	21275639	-1	1
X	19496788	19497996	-1	1
3R	9411825	9411888	-1	1
3R	18282323	18282688	1	1
2R	9309392	9309755	-1	1
2R	4514427	4514882	-1	1
2L	1256946	1273585	1	1
3L	6949919	6950101	-1	1
2R	12274622	12276419	1	1
X	12949153	13037800	1	1
3R	11988800	11989210	-1	1
3R	4282835	4284226	-1	1
2R	17362098	17372137	1	1
3R	11401676	11402796	1	1
3R	16978711	16978780	-1	1
2R	17457126	17521142	1	1
3R	19643485	19643574	-1	1
3L	19074271	19085194	-1	1
2R	22639138	22639397	-1	1
2L	1152701	1152771	1	1
3L	8440066	8441312	-1	1
3R	26873999	26874067	-1	1
3R	19139152	19139454	-1	1
X	13034169	13034240	1	1
X	11570944	11571220	1	1
3L	17059309	17077433	-1	1
3R	24690927	24693370	1	1
X	11273986	11274950	-1	1
3R	25036537	25036623	-1	1
3R	26848788	26848851	-1	1
2R	10541774	10541841	1	1
2R	14173862	14179806	1	1
3L	3087441	3087506	1	1
2R	3943142	3943196	-1	1
3L	25924457	25961360	-1	1
2L	1012399	1084023	-1	1
3R	31742545	31742712	1	1
3L	4803920	4803974	-1	1
3R	11815334	11816277	-1	1
2L	1653191	1653244	1	1
X	13746668	13754835	-1	1
4	210681	212628	1	1
3L	4417867	4420129	1	1
2L	19918586	19925383	1	1
3L	3717408	3745881	-1	1
3R	5377590	5377889	1	1
2L	1077124	1077532	-1	1
3R	25131810	25132341	1	1
2R	24765725	24766635	1	1
2L	15017397	15027868	1	1
3L	19832171	19832228	-1	1
2L	16249722	16250081	-1	1
X	16456383	16458239	-1	1
X	16064336	16093275	-1	1
3R	21297098	21297810	1	1
X	19571705	19571775	-1	1
2R	17275782	17276186	1	1
X	5334495	5371831	1	1
3L	7641114	7641438	-1	1
2L	10403829	10403891	-1	1
2L	10403933	10403993	-1	1
X	5744700	5746205	-1	1
2L	16082878	16084793	1	1
3L	13848279	13848391	1	1
2L	2756171	2756245	-1	1
2L	12163611	12166727	1	1
X	8248847	8249011	-1	1
X	16528120	16532405	-1	1
2L	18949443	18950744	1	1
2L	2402412	2403405	1	1
3L	3073351	3088640	1	1
X	5165594	5174867	1	1
3L	27012304	27083136	-1	1
X	5087581	5088663	1	1
3R	9420048	9439142	1	1
4	429591	435650	1	1
3R	7836516	7903022	-1	1
3L	1632374	1636850	-1	1
3R	16999821	16999882	-1	1
X	8515395	8515464	1	1
2L	21382093	21390209	1	1
X	12938746	12942062	1	1
X	2172704	2172806	1	1
X	22981274	22981650	-1	1
3L	306547	306605	-1	1
3L	21419660	21421881	1	1
2R	12636738	12636844	1	1
3R	9497573	9497632	-1	1
4	1031954	1032907	-1	1
3R	3735447	3752167	1	1
3R	10254920	10254981	1	1
2R	6095072	6122882	-1	1
2L	17650223	17752147	-1	1
X	11695882	11703590	1	1
X	11145865	11145943	-1	1
X	16561044	16561190	-1	1
3L	3169365	3170945	1	1
3R	15374019	15374075	1	1
2L	7098447	7099965	-1	1
2L	2780944	2781052	-1	1
X	12917651	12947499	1	1
2L	12172303	12172423	1	1
2L	3071505	3071569	-1	1
2R	8328008	8347501	1	1
2R	8347523	8348339	1	1
X	9153157	9153329	-1	1
X	15862859	15863090	1	1
3R	14301019	14301228	1	1
X	16286613	16286723	1	1
2R	24615619	24615687	-1	1
3L	23032202	23038012	1	1
2L	6926150	6926782	1	1
3R	30436001	30436053	-1	1
2R	24190964	24191027	1	1
2R	9593385	9593457	1	1
2R	22639060	22639111	-1	1
X	6278200	6282863	-1	1
3L	9646514	9646587	1	1
3L	269325	270030	1	1
X	7288587	7290606	-1	1
2L	11161835	11162984	-1	1
3L	8441353	8441568	-1	1
X	5529412	5529495	-1	1
X	13861431	13864218	-1	1
3R	29969211	29969351	-1	1
3L	1274397	1274454	1	1
3R	20958113	20974374	1	1
3L	19045418	19085861	-1	1
2L	21384562	21390133	1	1
2R	953793	976894	1	1
X	8424638	8424722	1	1
3R	24101648	24104787	-1	1
2R	10145350	10145406	1	1
X	6677882	6678000	-1	1
3L	998732	998824	-1	1
X	8901970	8905317	-1	1
3R	20909444	20911129	-1	1
2L	5787985	5799118	-1	1
3R	27227707	27227893	-1	1
3L	11250641	11251374	-1	1
3R	25894630	25894917	1	1
2R	12114111	12118761	-1	1
X	3949603	3953050	1	1
3R	13266733	13266788	1	1
2L	458010	458616	1	1
2L	16168455	16169518	1	1
3L	19816821	19816871	-1	1
3L	1861703	1861778	-1	1
X	13384363	13384417	-1	1
X	11139935	11140001	-1	1
X	62729	62874	-1	1
2L	4295622	4299068	-1	1
X	15411104	15419963	-1	1
3R	10816938	10816996	1	1
2L	6486353	6486491	1	1
2L	19616757	19619316	1	1
X	15403869	15407124	-1	1
2L	1034191	1042964	-1	1
2L	11003078	11003566	-1	1
X	13750427	13750659	-1	1
3R	5759634	5759777	-1	1
X	17149097	17150503	1	1
3L	9376559	9376672	-1	1
3L	23318859	23337977	-1	1
3L	6112199	6112371	1	1
2R	7563927	7564261	1	1
3L	9136658	9136752	-1	1
2L	21380360	21390224	1	1
X	11612105	11612176	1	1
3R	25439871	25461365	-1	1
3R	25461421	25472482	-1	1
2R	20237418	20239109	1	1
3R	7867323	7870232	-1	1
X	3699497	3701235	1	1
3R	4301156	4301242	1	1
3L	15810849	15811220	-1	1
X	5794010	5794399	1	1
2R	7564231	7564367	1	1
2R	12260151	12273967	1	1
2L	14492977	14493080	1	1
X	2269542	2269597	-1	1
X	12942055	12950265	1	1
3L	5664448	5664882	1	1
3L	16368550	16368608	-1	1
2L	12271726	12278842	1	1
2L	18455964	18470869	1	1
2R	16790267	16790739	1	1
2L	19047363	19047420	1	1
X	16839215	16843864	-1	1
2R	8000903	8001250	-1	1
2L	12063871	12063929	-1	1
3R	20974921	20975244	1	1
2L	5096701	5097036	1	1
X	17993987	17995587	-1	1
2L	3895976	3898011	-1	1
4	1057723	1059195	-1	1
X	13860774	13864770	-1	1
3L	6948371	6948498	1	1
2R	5307353	5307473	1	1
3R	10785996	10786047	1	1
3L	4430134	4433162	1	1
X	18535425	18547826	1	1
3R	21357759	21375060	-1	1
X	10159057	10188139	1	1
X	5793215	5794415	1	1
2L	7381690	7381756	1	1
4	204575	204640	-1	1
3R	30019332	30019389	1	1
2L	21381785	21381899	1	1
mitochondrion_genome	13001	13372	-1	1
X	11369810	11373817	1	1
2L	6558497	6558563	1	1
2R	22393547	22393780	1	1
3L	4431829	4433164	1	1
X	5322328	5322390	1	1
3R	16149916	16149971	-1	1
3L	18072577	18072629	-1	1
3R	20974586	20974990	1	1
2R	5416313	5417519	-1	1
2R	19437754	19437955	1	1
2L	1009825	1012146	-1	1
3R	23981003	23984428	1	1
3R	21310680	21314119	1	1
2R	10126741	10137167	1	1
2L	2952403	2953953	1	1
2L	9176403	9177122	1	1
3R	9405090	9405736	1	1
2R	9920723	9921610	-1	1
3R	27165328	27165432	-1	1
3R	12984630	12985489	1	1
3R	21084290	21084353	-1	1
3L	7366941	7367386	-1	1
X	13625408	13657062	1	1
3L	8828504	8850588	1	1
X	12650178	12650671	1	1
3L	7710802	7710868	-1	1
3R	31226504	31226567	1	1
X	18805582	18805641	1	1
2R	23387613	23387672	1	1
2L	16000938	16001115	1	1
2R	1429729	1436223	-1	1
3R	5850161	5858227	-1	1
2L	3315754	3315812	1	1
2L	1697484	1698486	1	1
2L	4870718	4870778	1	1
3L	17221843	17235352	-1	1
X	17878045	17886424	-1	1
2R	19172525	19172712	1	1
3L	2412304	2415391	1	1
2R	22161034	22172826	-1	1
X	1832060	1843692	1	1
3L	649420	650233	1	1
2L	6925471	6926920	1	1
3L	10872100	10872159	1	1
3L	7159342	7189355	-1	1
3R	23668341	23669587	-1	1
X	9152831	9174700	-1	1
2R	14215703	14215951	1	1
3R	11505527	11505589	1	1
2L	4993685	4994804	-1	1
2L	1010512	1010578	-1	1
2R	14163179	14164555	-1	1
X	14835885	14895427	1	1
2R	17207737	17208002	1	1
2L	21382143	21390221	1	1
2L	10409767	10410329	1	1
3L	1966913	1967118	-1	1
2L	8083601	8089185	1	1
3L	270081	270200	1	1
2L	3622944	3623006	-1	1
X	15861487	15862983	1	1
X	21300436	21305530	-1	1
2L	8996680	8996743	-1	1
3R	13651613	13652293	1	1
2R	23899681	23899744	1	1
3L	20527542	20527593	1	1
X	2632533	2632605	-1	1
2L	18589445	18590313	-1	1
2L	20385542	20387480	-1	1
3L	5747485	5747747	1	1
3R	26043380	26043515	1	1
2L	12056433	12056499	1	1
X	16560947	16566174	-1	1
2L	18271925	18275463	-1	1
3L	21175030	21175092	1	1
2R	18424252	18424326	-1	1
X	15937032	15937591	-1	1
2R	927571	949871	-1	1
3R	17909504	17915060	-1	1
3R	26129999	26183580	1	1
X	7924452	7926624	-1	1
2R	21294398	21297907	1	1
3L	8439410	8441179	-1	1
X	18886621	18887483	1	1
X	15861742	15862595	1	1
4	320036	322254	1	1
2R	16932899	16939214	1	1
3L	4261538	4262428	-1	1
X	22996121	23004106	-1	1
3R	21785769	21813140	-1	1
3R	9419758	9439346	1	1
X	6671707	6673107	-1	1
mitochondrion_genome	3736	5628	1	1
2R	8904564	8904727	1	1
3R	12446315	12446376	-1	1
2R	13451876	13451928	1	1
3L	23099724	23100245	1	1
2R	22112140	22112210	-1	1
4	91083	94423	1	1
X	13847029	13850153	-1	1
2R	17440755	17440817	1	1
3R	21577005	21577068	-1	1
2R	19176744	19177303	1	1
2R	15519870	15519926	-1	1
X	13383426	13383493	-1	1
2R	5832378	5832470	1	1
3L	20236329	20236434	-1	1
3L	2599381	2599436	1	1
X	3256212	3258713	1	1
2R	4816219	4817228	1	1
X	10309666	10318609	-1	1
3R	16503139	16571208	1	1
3L	23095306	23095426	-1	1
3L	9155311	9157941	-1	1
X	19135739	19135793	-1	1
3L	18899140	18899306	1	1
X	21383384	21383450	1	1
3R	8817724	8819174	-1	1
3L	4188835	4189676	1	1
3L	11710952	11711008	-1	1
3R	9420048	9422059	1	1
3L	12472638	12472707	1	1
2R	18521156	18523200	1	1
X	9586183	9628037	-1	1
2L	2059514	2094725	1	1
2R	16107681	16108113	-1	1
3L	10518307	10547999	1	1
X	22996100	22996201	-1	1
X	16561445	16565100	-1	1
2R	15542278	15542365	1	1
3L	1650853	1650913	1	1
3L	8647903	8647970	-1	1
3R	14125241	14125304	-1	1
X	2151612	2151677	-1	1
3R	17217308	17217361	-1	1
3R	12843598	12846979	-1	1
X	4553377	4553969	-1	1
3R	23268295	23268384	-1	1
2R	12275130	12275315	1	1
2R	10231362	10234009	-1	1
3L	6947916	6947971	1	1
2R	14276209	14289061	1	1
3R	17811805	17821894	1	1
3R	17821939	17836151	1	1
2R	22797346	22797842	-1	1
2R	16184467	16184935	1	1
2L	23166739	23166825	-1	1
3R	24692317	24694957	1	1
2R	16925405	16926346	1	1
3R	26532423	26534543	-1	1
2R	6160201	6167929	-1	1
3L	7356460	7356581	-1	1
X	6937530	6938154	1	1
3L	11133598	11133667	1	1
3L	19997214	19997575	1	1
3L	17043182	17044346	1	1
2L	19970462	19970520	-1	1
3R	16274173	16274585	1	1
X	12229977	12263283	1	1
3R	21785958	21804873	-1	1
2R	24021542	24021790	-1	1
3L	5156629	5165395	-1	1
3L	1593169	1600301	1	1
3R	10585444	10613446	-1	1
4	588043	588572	1	1
3L	27860859	27889018	-1	1
2R	23604057	23604393	-1	1
2L	16050711	16056252	1	1
2R	17217076	17275380	1	1
2L	10262857	10263018	-1	1
2R	8052137	8052488	-1	1
2L	18836090	18836154	-1	1
3R	27924927	27978713	1	1
X	4323014	4352353	1	1
2R	18408325	18408395	1	1
3R	19411954	19412336	1	1
3L	11158567	11158629	1	1
3L	11605738	11606404	-1	1
X	11817663	11831059	1	1
3R	17332710	17345399	-1	1
2R	16107550	16107887	-1	1
2R	12274173	12274260	1	1
X	10787956	10813756	-1	1
3L	24085823	24131196	1	1
X	5791005	5791278	-1	1
X	6655773	6657607	1	1
2L	9294535	9295337	1	1
3R	19850320	19850764	1	1
2L	6568608	6571652	-1	1
2R	17546649	17546708	-1	1
2L	3056925	3059605	1	1
3L	5644627	5648705	1	1
2L	16168558	16169487	1	1
2L	19031029	19033306	-1	1
3R	25856202	25856627	1	1
4	452745	453178	1	1
Y	1526287	1667194	1	1
3L	20847512	20847565	-1	1
X	9163488	9165682	1	1
X	13967805	13988651	-1	1
2L	3293950	3294083	-1	1
3L	17282882	17287273	1	1
X	12686864	12687008	-1	1
2R	2938622	2942833	1	1
3R	6659181	6659242	-1	1
3R	4298590	4301300	1	1
3L	23264365	23269404	1	1
3L	9509984	9510035	-1	1
2L	2144626	2144805	-1	1
2R	23753071	23753185	1	1
2R	24276132	24284828	1	1
3L	20838460	20840330	-1	1
X	5165907	5174598	1	1
X	13383352	13383451	-1	1
4	861388	861793	-1	1
3R	4282315	4282674	1	1
2R	10091898	10095178	1	1
2R	9581207	9581266	1	1
2L	2405739	2406207	1	1
2L	18856078	18856143	-1	1
3L	8050234	8050684	1	1
X	5389818	5392869	1	1
4	305181	305698	-1	1
3R	16090605	16090668	-1	1
3R	13012821	13019342	1	1
3L	9667885	9667949	1	1
3L	17430060	17430117	-1	1
3R	11337645	11339658	1	1
4	862040	863329	-1	1
3R	7086745	7087234	1	1
3R	15935845	15957624	1	1
2L	12352784	12358041	1	1
2R	16107503	16108113	-1	1
X	4680822	4685578	-1	1
X	13383384	13384735	-1	1
X	4325617	4332796	1	1
X	3953058	3954730	1	1
3L	13114488	13168441	1	1
3L	18106871	18106967	1	1
3R	27580978	27581222	1	1
X	15862793	15863079	1	1
2R	24399184	24399846	-1	1
2R	24399892	24400200	-1	1
3L	13886110	13886171	-1	1
3L	1497000	1499535	-1	1
2L	3868541	3868604	1	1
3R	9450525	9455336	1	1
2R	14179670	14180422	1	1
3R	18013732	18018329	1	1
3L	3714957	3745828	-1	1
3R	24101681	24103186	-1	1
3R	9738390	9738520	-1	1
X	11532142	11532501	1	1
2R	19198075	19200896	1	1
2R	9851386	9851454	-1	1
2R	15143772	15143944	1	1
X	13657460	13657640	1	1
2L	19510906	19510968	-1	1
3L	7351414	7351467	1	1
3L	11817160	11818500	-1	1
X	13967789	13985818	-1	1
X	18170700	18173754	1	1
2R	5362756	5362830	-1	1
3R	16514177	16550207	1	1
3L	27136077	27136977	-1	1
2L	5760419	5760875	1	1
3R	30058654	30099788	1	1
2R	13518577	13531549	-1	1
3R	18800820	18848985	-1	1
3R	10676037	10676094	-1	1
3R	21948426	21949640	1	1
2R	22797189	22797796	-1	1
2L	11281407	11281472	1	1
3L	7163507	7163752	1	1
3R	24530197	24530258	-1	1
3L	10693344	10694079	-1	1
2R	4379156	4393439	-1	1
3L	16614023	16614294	-1	1
X	22475840	22480635	-1	1
3R	29193898	29209592	-1	1
3R	15957920	15959320	-1	1
3R	23154138	23154194	-1	1
2L	20074337	20074771	-1	1
X	4921794	4928995	-1	1
3R	26042904	26042995	1	1
3R	30011608	30011669	-1	1
2R	14513909	14514153	1	1
2R	7151853	7151919	1	1
2R	23184052	23185415	-1	1
4	188170	188230	-1	1
3R	15271991	15272051	-1	1
2R	9842168	9842301	-1	1
3L	20515621	20515725	-1	1
2R	17546595	17546835	-1	1
2R	10647787	10647925	1	1
X	13746662	13754835	-1	1
3R	11393618	11396710	1	1
X	5378732	5383063	1	1
3R	12778422	12783063	-1	1
3L	22269921	22271558	-1	1
X	9079175	9079246	-1	1
mitochondrion_genome	6257	12012	1	1
3R	20974684	20975231	1	1
3L	5161218	5170287	1	1
2R	5117968	5118322	-1	1
3R	4713332	4714154	-1	1
3R	31217047	31217143	-1	1
2L	9492546	9492628	-1	1
2L	20860846	20867100	1	1
3R	17858022	17864370	1	1
3R	4101771	4101861	1	1
3R	29150074	29150859	-1	1
X	13335896	13335958	-1	1
4	1103733	1106152	1	1
2R	22760589	22777023	-1	1
3R	7075350	7075619	1	1
2L	9384790	9405832	-1	1
3L	4247588	4247654	-1	1
2R	10462462	10605643	1	1
2R	16986625	16994520	1	1
X	3373724	3374940	1	1
X	16065700	16066367	1	1
3R	21367694	21367910	1	1
3R	9218764	9232074	-1	1
2R	24954109	24954297	1	1
X	17285866	17301432	-1	1
3R	23125196	23125262	-1	1
3L	3311828	3311886	1	1
3R	4298590	4301462	1	1
3R	5083795	5086264	-1	1
2R	4350768	4351107	-1	1
2R	1072440	1074272	1	1
3R	21120740	21120834	-1	1
4	1050899	1053498	-1	1
2R	24599361	24599767	-1	1
X	12918800	12949113	1	1
3R	4288974	4289210	1	1
3R	10126464	10134437	-1	1
3R	29041925	29041990	1	1
2R	9608604	9608665	-1	1
X	15805446	15805558	1	1
3R	26147247	26162712	1	1
X	13068267	13068332	1	1
X	21600805	21602584	-1	1
X	15860323	15861058	1	1
2L	2989584	2989918	1	1
2R	2376695	2382170	1	1
2L	1988476	1988716	1	1
2L	7831921	7832565	1	1
4	1010096	1023425	-1	1
X	5086457	5089324	1	1
X	18783234	18783296	1	1
X	3514988	3519825	-1	1
2L	2058903	2094870	-1	1
3R	22369566	22370778	-1	1
X	20522446	20522505	-1	1
3L	12472197	12472547	1	1
2R	22410021	22410311	-1	1
3R	27924477	27924603	1	1
X	5899610	5899917	-1	1
3L	7979174	7979510	1	1
2R	12628302	12628439	1	1
3L	2838608	2839646	-1	1
2R	16026547	16026611	-1	1
2L	10346532	10347562	1	1
3R	18242766	18250211	1	1
2L	9877279	9885938	-1	1
X	54049	54118	-1	1
3R	30884651	30884720	-1	1
X	6692019	6692073	-1	1
3R	11220478	11220561	-1	1
2R	25086092	25098666	-1	1
3R	4303718	4304473	1	1
2L	20830613	20830671	1	1
2L	21380362	21390258	1	1
X	14224737	14247885	1	1
3R	29834096	29834361	-1	1
3R	13074250	13074571	1	1
X	13586055	13589922	1	1
2R	12153729	12153906	1	1
3R	18929729	18931144	1	1
X	4427373	4485454	1	1
2L	1653363	1698523	1	1
2R	24699236	24725764	-1	1
3L	5167060	5168244	-1	1
2R	23910211	23910477	1	1
X	5839374	5840616	1	1
3L	9156577	9158246	-1	1
3R	11023818	11027198	1	1
3L	1758901	1759015	1	1
3R	23996539	23996592	1	1
3R	22717342	22717440	-1	1
3R	12632586	12632651	1	1
X	5904145	5937901	1	1
X	11817235	11833328	1	1
3L	2923924	2924075	1	1
3L	22399731	22406892	-1	1
3L	9716862	9717515	1	1
3L	12155791	12155855	1	1
4	954227	954489	-1	1
2R	16107668	16109960	-1	1
X	16643510	16647769	1	1
2R	5153063	5172829	1	1
2L	21238082	21238281	1	1
X	17878517	17886404	1	1
3L	17061758	17063213	-1	1
X	11127101	11128564	-1	1
3L	5161360	5184215	-1	1
3L	8563635	8563882	1	1
3L	8563908	8563979	1	1
3R	15365346	15365407	-1	1
3R	11402035	11402879	1	1
3L	8561618	8561687	1	1
3L	19552159	19552220	-1	1
3L	17401127	17401207	-1	1
3R	21785763	21813137	-1	1
3L	2673285	2673586	-1	1
X	4698590	4699607	1	1
3R	31935392	31935666	1	1
2R	21698140	21698388	-1	1
2L	9877630	9885480	-1	1
3L	13962220	13962293	1	1
3L	18750543	18764192	-1	1
3R	24664431	24675201	1	1
3L	15830206	15830271	1	1
3R	31451868	31451936	-1	1
X	15702663	15703184	-1	1
3L	16576232	16576509	1	1
2L	21057224	21057703	-1	1
3R	8368844	8388584	-1	1
4	471332	481323	-1	1
3L	20936715	20943564	-1	1
3L	3606607	3633538	1	1
2R	16788261	16788326	1	1
2R	24876903	24881044	1	1
X	8293798	8295212	1	1
2L	3501300	3501363	-1	1
3L	3073386	3088364	1	1
2R	10146995	10147059	-1	1
3R	31216383	31216585	-1	1
X	3294965	3295690	1	1
X	13328892	13335768	-1	1
3R	31216344	31216675	-1	1
X	17935069	18110416	1	1
2R	22038018	22039356	-1	1
3R	11751238	11763993	-1	1
2R	16619690	16621325	1	1
3R	12607685	12607739	1	1
3R	21308126	21308404	1	1
3R	19416101	19458831	1	1
2R	19408594	19409620	-1	1
3L	22801742	22805162	-1	1
3L	22805223	22824041	-1	1
4	890850	892799	-1	1
2L	7783922	7783975	1	1
3R	19412765	19415633	-1	1
2R	24031089	24031487	-1	1
2L	16300437	16300493	-1	1
2R	442237	463006	1	1
3L	8440224	8440506	-1	1
4	1126753	1126809	1	1
4	429591	429670	1	1
3L	9974901	9975772	1	1
3L	22833347	22833492	-1	1
X	5435462	5437324	1	1
2R	21714167	21715406	1	1
3L	12412457	12413448	-1	1
2L	9888986	9889048	1	1
3R	21803390	21803684	-1	1
2L	1010402	1012054	-1	1
2R	7545946	7562937	1	1
X	8404830	8405528	-1	1
4	1244265	1244337	1	1
3R	5295964	5296147	-1	1
2L	12457229	12536527	-1	1
3L	3769407	3780423	-1	1
3L	6090515	6090764	1	1
2L	6496668	6496805	1	1
3R	11224638	11224814	1	1
X	12631814	12635732	1	1
2R	25258225	25258399	1	1
2R	21605825	21606049	-1	1
2L	9878026	9879447	-1	1
2R	929293	946776	-1	1
2R	5128592	5128973	1	1
X	3290482	3343505	1	1
3L	13522220	13524713	-1	1
X	15961720	15961835	-1	1
2R	12200242	12200775	-1	1
2R	21516465	21517133	1	1
3L	25792566	25948595	-1	1
2R	12486039	12486260	1	1
2L	9292249	9293025	1	1
X	13784277	13785721	1	1
2R	4393545	4407981	-1	1
X	19344990	19346732	-1	1
3R	18186315	18186373	1	1
3R	28812487	28812559	1	1
X	9643888	9643957	-1	1
X	16552451	16553344	-1	1
4	446190	446329	1	1
3R	18248483	18250211	1	1
2R	2864656	2873999	1	1
4	558270	560095	1	1
3R	15374021	15374077	1	1
X	12128595	12278305	1	1
2L	110996	114292	1	1
3L	4408899	4408973	-1	1
3R	29064407	29108776	1	1
X	17926243	17933318	-1	1
3R	21084900	21084960	-1	1
X	19645786	19645846	1	1
3L	8532875	8532941	1	1
3R	26107343	26108827	1	1
3L	5665600	5669099	1	1
3R	17909447	17909595	-1	1
3R	22611200	22611252	-1	1
2L	16000595	16001220	1	1
2R	2121539	2261829	-1	1
3R	11223277	11224823	1	1
X	13986075	13987925	-1	1
3L	7652079	7654303	-1	1
2R	5979781	5980043	-1	1
X	8060159	8060307	-1	1
3L	11733794	11765640	-1	1
2R	16713950	16716007	-1	1
X	5793596	5794297	1	1
3R	5955695	5959356	-1	1
3R	10204149	10204212	1	1
3R	12561805	12592915	-1	1
X	9332700	9333384	-1	1
2L	20919619	20919686	-1	1
2R	9119048	9121736	1	1
2R	5644042	5647722	-1	1
3L	17400534	17401023	-1	1
3R	27950595	27950928	1	1
3L	17541404	17543764	1	1
X	9116079	9116146	1	1
2L	216008	216077	-1	1
4	181510	181569	-1	1
3L	14040595	14041427	1	1
3L	9450069	9450232	1	1
2L	20901180	20923992	-1	1
3L	21907829	21930653	1	1
3L	17061769	17065186	-1	1
2R	17573034	17573096	1	1
3R	17055175	17057419	1	1
3R	24854516	24854646	1	1
X	15862805	15863090	1	1
X	10348739	10357146	-1	1
3L	7342171	7342236	-1	1
3L	15554965	15556703	1	1
2L	13479819	13506657	1	1
3L	19602061	19602671	1	1
3L	4371897	4380239	-1	1
3R	11967126	11967188	-1	1
2L	14209024	14222017	-1	1
2R	14163261	14164247	-1	1
3R	17320247	17320387	-1	1
2R	17535062	17535830	-1	1
X	8283158	8285016	-1	1
3L	9150901	9178027	-1	1
2R	10107734	10109585	1	1
2R	13531620	13532663	-1	1
2R	14617361	14617428	-1	1
3L	25798568	25843848	-1	1
3L	5272471	5273065	-1	1
2R	20329374	20334066	1	1
3L	9048961	9051740	-1	1
3L	8434486	8434550	-1	1
3R	13384998	13385211	1	1
2R	22684138	22684202	-1	1
4	204793	205659	-1	1
X	54118	94563	-1	1
2R	20264008	20264076	1	1
2R	20264111	20264247	1	1
3L	4575718	4590284	1	1
2R	12870965	12871164	1	1
2R	17457873	17461994	1	1
X	14391301	14402250	1	1
2L	3071765	3080651	-1	1
3L	19067704	19085915	-1	1
3R	11372494	11404621	1	1
3L	9177567	9182079	-1	1
3R	31055568	31055622	-1	1
X	4076142	4091636	1	1
X	7913801	7914263	1	1
X	575634	578006	1	1
3R	23983911	23984476	1	1
2L	13550421	13551336	1	1
3L	3319906	3320515	1	1
X	4427392	4428198	1	1
3L	11253127	11433630	1	1
3L	9146205	9148390	-1	1
X	13782801	13783090	1	1
X	5903792	5904564	1	1
3R	15957680	15963933	1	1
2L	2772434	2772592	-1	1
2R	13832370	13833253	1	1
4	461732	462077	-1	1
X	1774223	1775387	1	1
3R	16289840	16292724	1	1
2R	11629435	11640146	-1	1
X	9684330	9685162	-1	1
3L	4432523	4433115	1	1
3L	9159795	9159946	-1	1
3R	18803934	18848911	-1	1
X	18501843	18503457	-1	1
3R	29419435	29419855	1	1
2L	6925708	6931029	1	1
4	1050610	1056836	-1	1
X	12918014	12942108	1	1
2R	10433900	10433961	1	1
X	21425656	21426584	-1	1
3L	1594652	1600005	1	1
2R	11579984	11580049	-1	1
4	783938	786192	-1	1
X	1778961	1779090	1	1
3L	9899275	9899726	1	1
X	16817168	16864629	1	1
3R	23983802	23984296	1	1
2R	4462381	4469471	-1	1
2L	21382097	21392580	1	1
3R	21199219	21200760	1	1
X	1409768	1410013	1	1
2L	9716179	9742840	-1	1
2R	21163696	21163754	-1	1
X	9337893	9338053	-1	1
3R	10850020	10851285	1	1
2R	12274015	12276516	1	1
3R	11302243	11306804	1	1
2R	4547055	4562845	1	1
3R	24350236	24352053	1	1
3R	23054629	23054729	-1	1
2L	9226729	9229271	1	1
3R	27563870	27564117	-1	1
3L	11252874	11255853	1	1
3R	4303654	4304406	1	1
3L	17040211	17040439	-1	1
3L	7052109	7052208	1	1
3R	15381329	15381496	1	1
2R	22885244	22885297	-1	1
3R	17545854	17545910	-1	1
X	4953622	4954117	1	1
3R	26428160	26428252	1	1
2R	16182321	16184773	1	1
2L	2753502	2753596	1	1
3R	22520387	22520504	-1	1
3R	15381595	15381654	1	1
3L	1630516	1631755	-1	1
2R	6626127	6627067	-1	1
3L	1198173	1199118	1	1
2L	21380362	21390209	1	1
X	9165914	9171563	1	1
3L	6943102	6944432	-1	1
X	5454461	5505983	-1	1
2L	10975950	10976058	-1	1
X	3905898	3906205	1	1
2R	22856974	22857038	-1	1
X	9152705	9153971	-1	1
4	667780	670177	-1	1
3R	11751931	11763835	-1	1
2L	19002352	19002411	1	1
3R	27255396	27255456	1	1
X	9183283	9187489	1	1
X	23253351	23256729	1	1
X	5082240	5082891	-1	1
2L	16309274	16358468	1	1
3L	753188	753336	1	1
3R	9342418	9359248	1	1
X	12516687	12523918	-1	1
2L	8333253	8333637	-1	1
2R	6627098	6632123	-1	1
3L	21319249	21319495	1	1
X	10159057	10180618	1	1
4	223887	223945	-1	1
3R	8939773	8940482	1	1
2L	10981113	10981179	1	1
2L	19509209	19515168	-1	1
3R	15056780	15063176	-1	1
2R	10104184	10104256	1	1
X	6672109	6673172	-1	1
3R	20973995	20975937	1	1
3L	20773960	20776677	1	1
3L	15584440	15584640	1	1
3R	15347257	15347746	1	1
X	11406413	11409495	1	1
3L	20182670	20184763	-1	1
2R	24573955	24574350	1	1
2L	2407097	2407160	1	1
3R	28238730	28240482	1	1
3R	23612137	23614377	1	1
3R	30517134	30518171	-1	1
2L	9291260	9295440	1	1
3R	24187151	24187220	1	1
X	8715773	8715835	1	1
3R	29315451	29315810	-1	1
2L	2965366	2966531	1	1
X	11817451	11831287	1	1
3L	22833454	22841188	-1	1
4	1038499	1038582	-1	1
2L	7568974	7576245	-1	1
3R	13654533	13721068	1	1
3L	21215502	21215576	1	1
2R	2770658	2844575	-1	1
2R	5127524	5128973	1	1
X	8276433	8276551	-1	1
2L	18120321	18123349	1	1
X	9187478	9189143	1	1
2R	9321211	9350667	-1	1
4	1006120	1006180	-1	1
2L	12439465	12439521	1	1
X	11697245	11697311	1	1
X	13740994	13753947	1	1
2R	4816011	4817119	1	1
3R	13456086	13456161	1	1
2R	24891838	24892233	1	1
X	8872626	8873806	-1	1
3L	1576931	1592761	1	1
X	15306034	15306269	1	1
3L	19560058	19567003	-1	1
3R	24064890	24065685	-1	1
X	11423153	11432917	-1	1
3R	17916172	17916330	-1	1
X	16560877	16561246	-1	1
2R	11577710	11579529	-1	1
3L	8647393	8648827	-1	1
2R	24514871	24515231	-1	1
3L	17400656	17401028	-1	1
3L	1655995	1751337	-1	1
2R	10757545	10759863	-1	1
2R	16991663	16994160	1	1
3L	22271832	22273641	1	1
X	12229971	12272314	1	1
X	8178854	8179161	1	1
X	13182016	13211100	-1	1
3R	21305528	21306362	1	1
3R	10091582	10100158	1	1
3R	21785847	21808324	-1	1
X	575677	578183	1	1
X	9354187	9354976	-1	1
3L	3071579	3072077	1	1
3L	3072108	3073081	1	1
2L	67763	67892	1	1
X	5839239	5839343	1	1
X	11370738	11373817	1	1
3L	7827288	7827520	-1	1
2L	18391365	18392065	1	1
X	7082585	7084599	1	1
3L	3613883	3614070	1	1
X	1217789	1219620	-1	1
2R	7719781	7719843	-1	1
2R	11588636	11588698	-1	1
2L	8363885	8363975	-1	1
3L	14794553	14799775	1	1
2R	21667630	21668150	-1	1
2R	15312818	15314618	1	1
X	15733554	15733692	-1	1
3R	11394622	11394948	1	1
3R	5513017	5513080	-1	1
X	11434815	11435383	1	1
X	16785245	16785365	-1	1
3R	16274574	16302549	1	1
X	5793675	5794294	1	1
2R	9309692	9312240	-1	1
3R	947571	965529	1	1
3R	29997376	29997438	-1	1
4	190062	193825	-1	1
X	5384165	5403754	1	1
3L	9376557	9376808	-1	1
3L	11252881	11255968	1	1
3R	20797474	20797536	-1	1
X	17015225	17018074	-1	1
3L	13798156	13798482	-1	1
2L	9870521	9877102	1	1
3R	28872093	28872152	-1	1
3L	9823779	9823863	-1	1
3L	12738704	12738775	1	1
3L	17015078	17015141	-1	1
X	6771660	6771737	-1	1
3R	19459728	19459794	1	1
3R	10328479	10328571	-1	1
4	1299175	1299236	1	1
X	9165916	9171542	1	1
2R	7589709	7589934	1	1
2R	22606560	22607775	1	1
X	5794060	5794351	1	1
3L	226223	230768	1	1
X	9555031	9555090	1	1
3R	24101672	24103174	-1	1
X	12474692	12475640	-1	1
2L	3028309	3028366	-1	1
3R	9214266	9217987	-1	1
3L	25803786	25805258	-1	1
X	628516	628576	-1	1
X	5838125	5840625	1	1
2R	17761390	17762129	1	1
3R	31935392	31937270	-1	1
3L	4095123	4095200	-1	1
3L	9364666	9365128	1	1
2R	17671037	17671089	-1	1
3R	8373725	8387890	-1	1
X	12128594	12130940	1	1
3R	21308139	21308417	1	1
3L	17400540	17401074	-1	1
X	18028003	18028076	1	1
2L	10970688	10970748	1	1
2R	11150106	11159764	-1	1
3R	4301136	4301226	1	1
3R	21323528	21323616	-1	1
X	3481603	3482026	-1	1
3L	8181684	8181751	1	1
4	159667	177354	-1	1
2L	16001104	16001220	1	1
3R	5083877	5085947	-1	1
3R	17895908	17909137	-1	1
X	5629025	5629397	-1	1
3R	9729696	9730517	-1	1
2L	10994022	10997335	1	1
2R	24675142	24675210	-1	1
2R	12273920	12276410	1	1
X	11695280	11695824	-1	1
2L	1716555	1724309	-1	1
2L	9381564	9381631	-1	1
2L	6486112	6486172	1	1
3L	22801742	22810173	-1	1
2R	21652738	21705739	1	1
X	4698663	4701949	1	1
4	568509	568589	-1	1
2R	14949425	14951635	-1	1
3L	5360412	5360692	1	1
3L	5360740	5360877	1	1
3L	18750543	18800499	-1	1
X	4133072	4134512	-1	1
4	184615	184670	-1	1
X	19741169	19744262	-1	1
2L	21382136	21390273	1	1
X	3786295	3789724	1	1
2L	19644636	19691018	1	1
X	5336598	5338735	-1	1
3L	4430060	4433187	1	1
3R	13968962	13969727	-1	1
3R	25129611	25129673	1	1
4	226784	227172	1	1
4	227244	227329	1	1
3R	9358521	9359034	1	1
3R	12746335	12777916	-1	1
2L	1012457	1046940	-1	1
2R	23388793	23388930	1	1
2R	13832319	13832744	1	1
X	13847022	13985480	-1	1
2R	23548476	23548538	1	1
3R	12008896	12008969	-1	1
2L	5759617	5759677	1	1
2L	4074729	4075448	-1	1
3L	230744	230802	1	1
4	885705	885760	-1	1
3L	6192710	6192776	-1	1
X	9152802	9153297	-1	1
2R	6625297	6627460	-1	1
X	11833819	11834325	1	1
3L	7662891	7663259	1	1
3L	25421784	25480784	-1	1
X	9152680	9153889	-1	1
2R	14987438	14987528	-1	1
2R	22878243	22878340	1	1
3R	12547705	12547876	-1	1
X	4699098	4699340	1	1
2R	9297434	9299376	1	1
2R	16586263	16586532	1	1
4	887214	887602	-1	1
2R	1072501	1076437	1	1
X	5176463	5177486	1	1
2L	21728162	21728904	1	1
3L	13798506	13803217	-1	1
2L	6725097	6725158	1	1
3L	3518668	3520752	1	1
2L	13176660	13176718	1	1
2L	19959692	19959792	1	1
X	16336744	16336851	1	1
X	14955934	15003663	1	1
3R	18192673	18199534	-1	1
2R	16105969	16106689	1	1
X	4340021	4340087	-1	1
3R	5782022	5782687	-1	1
X	1480221	1481008	1	1
3R	9342492	9342576	1	1
3R	9420048	9432389	1	1
2L	21634610	21634726	1	1
3L	17401143	17401217	-1	1
2L	18835845	18838976	-1	1
3L	20273218	20277184	-1	1
X	576770	578014	1	1
3L	1668222	1668596	-1	1
3R	15347153	15347209	1	1
3L	9374188	9374750	1	1
3L	226257	227543	1	1
3L	3714975	3715994	-1	1
3R	23075917	23076000	1	1
3L	21078636	21078708	-1	1
3R	9629616	9629708	-1	1
X	18199149	18199774	-1	1
3R	7578419	7578966	-1	1
3L	18819946	18820400	-1	1
3L	23319097	23325689	-1	1
3L	23227548	23262708	1	1
X	16882519	16882610	1	1
2L	12094446	12094944	1	1
3R	7888930	7889096	1	1
2R	18913495	18919036	1	1
X	1462313	1462373	-1	1
X	23012982	23013043	1	1
X	309892	316211	1	1
3L	17270427	17287273	1	1
3R	15955206	15956865	-1	1
X	11162198	11162269	1	1
3L	16096004	16096057	1	1
3R	14732925	14740465	-1	1
X	13263987	13285153	-1	1
2R	18162329	18162852	1	1
2R	11651018	11651324	-1	1
2L	1052266	1052331	-1	1
2R	18523046	18523194	1	1
2L	6920862	6923784	1	1
4	543416	640923	1	1
X	4930066	4930349	-1	1
3L	2512732	2512793	-1	1
2R	19472153	19472267	1	1
X	575351	575471	-1	1
3R	15798478	15798721	1	1
2R	24766695	24766761	-1	1
3L	17270071	17287273	1	1
3R	21805136	21807761	-1	1
3L	19065786	19065973	1	1
2R	15307155	15309196	-1	1
2R	9841350	9841403	-1	1
2L	21382067	21390214	1	1
2L	20175058	20175704	-1	1
3R	21302413	21303053	1	1
3L	827698	827877	-1	1
2R	12269222	12273864	1	1
3R	24101681	24104571	-1	1
3R	26058542	26058594	-1	1
2R	23372040	23372105	-1	1
3L	21627401	21627462	-1	1
X	5165499	5174897	1	1
4	1156670	1165262	1	1
X	502221	502287	1	1
3R	20806013	20810393	1	1
3R	18011601	18013398	1	1
2R	14278769	14299487	1	1
3R	20975966	20976059	1	1
3R	9487204	9493484	-1	1
3R	17546052	17546183	-1	1
3L	14798284	14799280	1	1
2R	21698251	21698388	-1	1
3L	8577171	8578425	1	1
X	9165903	9171557	1	1
3R	6436926	6437181	1	1
X	18861532	18861853	1	1
X	3348427	3369451	-1	1
2L	14088862	14093830	1	1
X	13783374	13805164	1	1
2R	9994098	10024196	-1	1
2R	13827367	13829640	1	1
3L	20296790	20296842	-1	1
2L	10403478	10405009	-1	1
3R	9778869	9778924	1	1
2R	18377645	18377709	1	1
3R	24675801	24677244	1	1
2L	19114567	19114623	1	1
2L	21177679	21179330	1	1
X	7943849	7943919	-1	1
2L	10847947	10848316	-1	1
3L	9735993	9736928	-1	1
2L	13462201	13462416	1	1
X	1930587	1938105	1	1
3R	24343401	24343457	1	1
3R	9418001	9419423	1	1
2L	9959112	9959550	1	1
2L	10253356	10253407	1	1
2L	18066923	18067067	1	1
2L	13666123	13667975	1	1
2L	5541091	5541153	-1	1
3L	12747755	12747821	-1	1
2R	24088011	24088065	1	1
2R	12759767	12760167	-1	1
2R	24939815	24939902	-1	1
3R	19032181	19032271	1	1
3R	19032172	19032267	1	1
3R	23731321	23731378	1	1
2R	18718557	18718712	-1	1
2R	10096121	10096316	1	1
X	89700	89827	-1	1
2R	22797333	22798147	-1	1
3R	13735532	13735603	1	1
2R	17798288	17798922	1	1
2L	6123146	6134273	1	1
2L	9985147	9986789	1	1
3L	11226802	11227673	1	1
3L	15554473	15556850	1	1
3L	5158578	5158837	-1	1
X	12741642	12742319	-1	1
3R	28047765	28049196	1	1
3L	16402907	16404724	-1	1
2L	13810522	13810579	-1	1
3L	21531806	21532441	-1	1
2R	7385020	7385083	-1	1
X	6822061	6822649	1	1
2L	3146208	3146300	-1	1
3L	15868058	15868559	-1	1
3R	17872751	17909231	-1	1
3R	13378785	13379003	1	1
3L	17212242	17213736	1	1
3R	31775921	31775984	-1	1
3R	16158374	16158858	1	1
X	246050	246198	1	1
3L	16844139	16844322	1	1
3L	19085925	19086041	-1	1
2L	2756548	2812454	1	1
3R	4286046	4295120	1	1
3L	13522019	13522927	-1	1
3R	5084368	5085904	-1	1
2L	10762319	10762526	1	1
2R	348501	438894	1	1
3L	2786269	2786324	-1	1
3R	19867220	19875616	-1	1
X	923088	927472	-1	1
2L	7098212	7157164	-1	1
X	5754542	5754616	1	1
3L	7373727	7373782	1	1
4	91913	93259	1	1
X	16527748	16563941	1	1
X	5366012	5377954	1	1
3R	11406233	11407476	1	1
3R	11339707	11371313	1	1
3R	7855338	7859052	1	1
X	9179079	9188307	1	1
4	123423	123781	-1	1
2L	16704415	16705441	-1	1
3L	8270599	8271450	1	1
X	15972703	15972813	-1	1
3L	19891497	19896855	-1	1
2R	8903621	8904465	1	1
3L	24074597	24075102	1	1
3L	11134479	11134539	1	1
3R	19217902	19217983	-1	1
3R	13653250	13653751	1	1
2L	13484549	13485164	1	1
3L	16612623	16612690	1	1
X	14355543	14389605	1	1
X	17015225	17017693	-1	1
X	15923523	15923592	1	1
2R	2832427	2832526	1	1
3R	12547726	12547911	-1	1
X	15730968	15731045	1	1
X	10336487	10346200	1	1
3L	21728393	21728451	-1	1
2R	14278839	14299487	1	1
3L	18899467	18899742	1	1
3R	20974318	20975239	1	1
3R	8817751	8820158	-1	1
3R	21307392	21309894	1	1
3L	148646	148704	1	1
3R	30015773	30060993	-1	1
2R	16641309	16642052	1	1
2L	6875103	6875222	1	1
X	5793681	5794351	1	1
3R	19829043	19829152	-1	1
X	500404	503779	1	1
3R	14696407	14696485	-1	1
2L	16296734	16296865	-1	1
3R	21972660	21975155	1	1
X	12230071	12239357	1	1
2R	2091813	2093713	-1	1
3R	31935392	31939749	-1	1
3R	8793368	8793978	-1	1
2R	21570825	21571110	-1	1
2L	9795359	9877833	-1	1
X	16370625	16404284	-1	1
3L	7816284	7853472	-1	1
2R	21021318	21023065	1	1
2R	18127298	18127865	1	1
X	5721083	5737573	-1	1
2L	7797733	7798163	-1	1
3L	3226181	3226233	1	1
3R	10864905	10864966	1	1
X	13746798	13751480	-1	1
3L	3072814	3073081	1	1
3R	19025843	19025902	1	1
X	13996524	13996616	1	1
3L	23013306	23013769	1	1
3R	8161109	8166732	-1	1
3R	10321583	10321662	-1	1
3L	7640207	7640404	-1	1
2L	4854549	4875197	1	1
3R	9418232	9419559	1	1
3L	1019628	1022678	-1	1
X	20392488	20393575	-1	1
X	16456495	16457466	-1	1
2R	18558017	18558075	-1	1
X	18186502	18192331	-1	1
2L	12455592	12456473	-1	1
2L	8322703	8322774	1	1
2R	23960460	23960513	1	1
X	16376341	16376653	1	1
X	16669225	16669313	-1	1
3R	25043679	25043735	-1	1
2R	9587657	9587769	1	1
2R	16106199	16106260	1	1
3R	18970217	18975825	1	1
3R	5592781	5592859	-1	1
X	2670258	2671121	1	1
4	890756	892699	-1	1
3R	18729161	18730889	1	1
X	17857651	17858052	1	1
X	940087	940152	-1	1
3L	24079559	24085758	1	1
2R	10557970	10558193	1	1
2R	14276374	14277075	1	1
X	5415456	5415528	-1	1
3R	8836131	8836264	-1	1
X	11802606	11803519	-1	1
2L	10272907	10272996	-1	1
2R	17795429	17795596	1	1
X	1737167	1746276	-1	1
3L	1871918	1872354	-1	1
2R	13128357	13128989	-1	1
X	15861493	15861566	-1	1
2R	17674509	17674572	-1	1
2R	7538713	7538772	-1	1
2L	12821043	12822250	-1	1
2R	9624777	9657594	-1	1
2L	13782946	13782997	-1	1
4	885892	927393	-1	1
3R	14644876	14648546	-1	1
3R	20438185	20449445	-1	1
4	558301	560095	1	1
X	20224490	20234618	-1	1
3R	21097435	21097537	-1	1
2L	3038944	3039376	-1	1
3R	24675319	24675633	-1	1
3R	17915128	17916139	-1	1
3L	15910596	15911154	-1	1
3L	17355572	17355664	1	1
3L	3828534	3841136	1	1
X	22494276	22495491	1	1
3L	4554923	4554973	-1	1
2L	20865586	20866936	1	1
X	10238526	10238578	-1	1
3L	9048951	9049156	-1	1
2L	14094158	14094253	1	1
X	1774223	1778612	-1	1
X	5839375	5840632	1	1
X	11094301	11094629	1	1
3L	6728638	6731468	-1	1
3L	5665249	5665461	1	1
2L	9870458	9877243	-1	1
3L	17400573	17400879	-1	1
3R	11781436	11781738	-1	1
3R	26962452	26962540	1	1
3R	31599034	31599297	-1	1
3R	14891724	14891785	1	1
4	90590	90678	1	1
3R	14569562	14570641	-1	1
2R	13960110	13960228	-1	1
2R	10489784	10541519	-1	1
2L	14963382	14971543	-1	1
2L	3723765	3724884	1	1
X	18781640	18786347	-1	1
4	1059352	1059419	-1	1
2L	21380362	21382065	1	1
3L	5735921	5735986	1	1
2R	16925038	16925673	1	1
X	16455658	16456875	-1	1
3R	8819090	8820165	-1	1
X	22496862	22497227	1	1
3R	12631802	12632845	1	1
3L	17839983	17840036	-1	1
3R	8715669	8715739	-1	1
2L	13394464	13394532	-1	1
3R	13968656	13969058	-1	1
2R	8954852	8955713	1	1
2L	11115320	11115376	1	1
2L	21624643	21624695	1	1
2L	9760054	9760121	1	1
2L	12358262	12359601	1	1
3R	16274615	16302463	1	1
3L	5744375	5747800	1	1
3L	23716321	23716465	1	1
3R	11674429	11674492	-1	1
2L	6046933	6046991	-1	1
2R	13966970	13967030	1	1
2R	24891881	24892284	1	1
X	5791184	5791303	-1	1
3L	25921396	25924248	-1	1
X	13075444	13076836	1	1
3L	5665167	5749371	1	1
3R	15956905	15957117	1	1
3L	3181021	3181086	1	1
2R	24699246	24725811	-1	1
X	6742257	6743058	-1	1
2L	19611627	19644268	1	1
2R	19468139	19468790	1	1
X	7826835	7835031	1	1
X	628879	629291	-1	1
X	5086113	5089468	1	1
3R	21297491	21298306	1	1
4	875485	875543	-1	1
2R	16001840	16006623	1	1
3R	31055550	31055622	-1	1
3R	29598401	29599050	1	1
X	2634257	2641590	1	1
X	10309666	10318453	-1	1
3R	9115640	9116645	-1	1
2R	22686507	22686579	-1	1
X	13734739	13735942	1	1
X	15860334	15861116	1	1
3L	3057944	3058066	1	1
3R	24346046	24346097	-1	1
3R	29222064	29222292	-1	1
3L	9359188	9359246	1	1
2L	21116483	21117871	1	1
3L	24927723	24976489	1	1
2R	7760144	7760206	1	1
X	1411816	1411910	1	1
X	11475532	11475587	1	1
3L	13802051	13803062	-1	1
X	5839625	5840625	1	1
3R	9066549	9067800	-1	1
3L	21223111	21230880	1	1
3R	7472647	7473445	-1	1
2L	6557898	6558489	1	1
3R	30466375	30474034	-1	1
3L	17400534	17400850	-1	1
3R	23976934	23976997	1	1
2L	10961368	10963226	-1	1
3R	27640871	27656649	-1	1
3L	17400534	17400937	-1	1
3R	22899981	22915076	1	1
3R	21377077	21377288	-1	1
3L	23037628	23093654	-1	1
3L	21642249	21642340	1	1
4	661981	662814	-1	1
X	15947732	15972977	-1	1
3R	5359288	5359348	-1	1
3R	31216367	31216709	-1	1
2R	15567714	15568152	-1	1
X	6368007	6370706	1	1
3L	9130333	9130555	-1	1
2R	13337349	13344501	-1	1
X	12230070	12272305	1	1
4	894637	895707	-1	1
3R	4300675	4301317	1	1
3L	23318851	23334564	-1	1
2R	22636268	22636734	-1	1
3R	21299291	21299849	1	1
X	11140110	11140178	-1	1
2R	16106246	16157239	1	1
2R	17352306	17361113	1	1
3R	7974497	7974580	-1	1
2R	12631881	12631963	-1	1
2R	24160872	24160929	1	1
3R	17909553	17915022	-1	1
2L	13189619	13191904	-1	1
2R	23386005	23386188	-1	1
3L	11112389	11112609	-1	1
2L	13899536	13902183	-1	1
3L	18748890	18749344	1	1
X	13669745	13670132	1	1
2L	283548	283627	-1	1
3R	4243060	4243122	-1	1
3L	16404862	16411234	-1	1
3L	7913998	7914061	-1	1
3L	22789951	22832107	-1	1
2R	18641194	18641465	-1	1
3L	21025549	21026200	-1	1
2L	19116669	19119728	-1	1
3R	30010774	30011591	-1	1
2L	9878026	9885726	1	1
3L	19993323	19993384	1	1
2R	8100476	8100534	1	1
3L	18800150	18800346	-1	1
3R	19415780	19457410	1	1
3R	23983900	23984336	1	1
2R	14862122	14862195	-1	1
3R	21878420	21878487	-1	1
2L	21628587	21628651	1	1
3L	11204991	11205734	1	1
X	5086180	5089509	1	1
3R	27696657	27697740	-1	1
3L	7854190	7861780	-1	1
2R	14621751	14621960	1	1
3L	12741950	12742595	-1	1
3R	31216383	31216686	-1	1
3R	4734026	4734318	-1	1
X	13728818	13728880	-1	1
2R	23911552	23911677	-1	1
2R	19427289	19430246	1	1
3L	9553404	9566182	1	1
2R	19306841	19307083	1	1
3R	12417393	12417448	-1	1
2L	344490	344576	1	1
2L	16973698	16976482	1	1
X	2788613	2789238	-1	1
4	780116	786909	-1	1
3L	13603222	13608393	-1	1
2R	18658546	18658920	-1	1
X	9848716	9848901	1	1
3R	26949791	26949911	-1	1
X	19699184	19699696	1	1
3L	20854188	20854605	-1	1
X	3693656	3701249	1	1
2R	14870313	14870920	-1	1
2R	10569253	10569807	1	1
3R	10045060	10045122	-1	1
3R	8221860	8221920	1	1
2L	8084059	8089058	1	1
2L	10546301	10572861	1	1
3R	4968036	4968098	1	1
X	9354185	9354979	-1	1
2R	10493500	10493834	-1	1
3L	9146188	9178536	-1	1
3L	269347	270226	1	1
2L	3313821	3313967	1	1
3R	18971868	18976355	1	1
X	12297149	12298033	1	1
X	16527900	16528538	-1	1
2L	5985119	5985355	1	1
2R	8013047	8013224	-1	1
X	15804488	15805057	1	1
3R	19905888	19908434	1	1
3R	15246372	15246427	1	1
3R	10083622	10083687	1	1
3R	26043152	26048489	1	1
3R	682275	835376	1	1
X	2340128	2340190	-1	1
2L	2782840	2783041	1	1
3L	22914300	22920195	1	1
2R	16760715	16761668	-1	1
3L	16865405	16866521	1	1
3R	12511267	12511357	1	1
3R	31795463	31795610	1	1
2R	17551392	17551444	1	1
3L	17400991	17401100	-1	1
X	6208570	6223289	-1	1
X	9684152	9684458	-1	1
2L	2216960	2217013	1	1
X	12784514	12784702	-1	1
3L	18616446	18616727	-1	1
3R	23977267	23982388	1	1
3R	24065366	24104524	-1	1
3L	9716582	9717540	1	1
X	19939298	19958659	-1	1
2L	1293852	1294373	1	1
2R	16428823	16429579	1	1
3R	31597790	31599213	-1	1
X	5753060	5753693	1	1
2L	7651475	7651536	-1	1
2L	2134890	2137084	1	1
2R	14276429	14277217	1	1
X	13383624	13384379	-1	1
4	95003	97822	-1	1
3R	20806062	20808155	1	1
3R	20465111	20480693	-1	1
X	13967805	13985818	-1	1
X	23278642	23441211	1	1
3R	6008310	6008551	-1	1
X	6349502	6350305	-1	1
3R	8817720	8820154	-1	1
3L	25844108	25873860	1	1
2L	7226918	7249025	-1	1
3R	30206653	30208917	-1	1
2L	10216801	10216861	-1	1
X	15177847	15289734	1	1
3L	21197491	21197549	-1	1
4	69850	72817	1	1
3R	19415755	19458537	1	1
3R	18282568	18282649	1	1
2R	23382760	23383048	-1	1
3R	30389897	30390215	1	1
3L	13992678	13992976	-1	1
3L	16539479	16542879	-1	1
2L	5147299	5148731	1	1
2R	9578587	9578729	-1	1
3R	29683638	29683698	1	1
3R	29683727	29685524	1	1
X	3145212	3171903	-1	1
2L	11115439	11115496	1	1
2R	11452313	11453393	1	1
2R	4515534	4515740	-1	1
X	21383632	21384997	1	1
2R	7250127	7250358	1	1
2L	7568979	7576548	-1	1
X	10407604	10409726	1	1
2R	9922004	9928900	-1	1
3L	16414494	16414803	1	1
2L	4439487	4441158	-1	1
3R	31151534	31151667	1	1
X	9071990	9078337	-1	1
2L	4854555	4876049	1	1
2L	9967826	9968133	1	1
3R	10260868	10261138	-1	1
2R	16422749	16423017	1	1
3R	5479783	5479846	1	1
3L	19924426	19924590	1	1
2R	2734775	2919986	1	1
2R	25254997	25256573	1	1
2R	15189834	15189999	1	1
2R	8908480	8908535	1	1
2L	16704383	16705415	-1	1
3R	21308099	21308377	1	1
3R	29680817	29680874	-1	1
3R	5084037	5085691	-1	1
2R	17015203	17015659	-1	1
3R	9728603	9728659	-1	1
3R	5335061	5349987	-1	1
3R	18513782	18514609	-1	1
2R	4544685	4544746	1	1
2L	9703182	9703268	-1	1
3L	12745469	12745729	1	1
3R	9131418	9157114	-1	1
X	12230077	12263283	1	1
3L	9374067	9374769	1	1
2R	7952042	7953902	-1	1
2L	21380362	21380680	1	1
2R	10107673	10108219	1	1
2R	5758300	5759881	-1	1
2L	10745572	10745635	1	1
3L	12394043	12394109	-1	1
2R	7738164	7758579	-1	1
X	16840139	16841788	-1	1
3R	21313144	21337435	1	1
3L	11249358	11362440	-1	1
X	6677458	6677622	-1	1
3R	16631990	16632064	1	1
3R	5578583	5580150	1	1
2R	24894548	24905118	1	1
X	1575722	1604926	1	1
3R	23921781	23922509	-1	1
3R	11339707	11355740	1	1
X	5165907	5174573	1	1
3L	12526386	12526442	-1	1
2L	17190433	17190834	-1	1
X	10452577	10454636	-1	1
3R	9367858	9368088	-1	1
3R	10534007	10548607	-1	1
X	4699574	4753541	1	1
2R	12259883	12259938	1	1
3R	21975492	21975546	1	1
X	5904254	5904550	1	1
3R	9157779	9234379	-1	1
3R	23983905	23984485	1	1
2R	14901662	14907923	-1	1
2R	24047286	24047567	-1	1
2L	15553015	15554510	1	1
3L	17061773	17065646	-1	1
2R	16262540	16263482	-1	1
2L	1011727	1013152	-1	1
3R	9052628	9053536	1	1
2R	9536595	9536805	1	1
3L	229893	230802	1	1
3R	13969540	13969608	-1	1
3L	13356853	13357020	1	1
X	9473267	9497972	-1	1
2R	12260178	12269339	1	1
X	18861046	18861865	1	1
2R	9119234	9121516	1	1
2R	6877363	6877427	-1	1
3R	28607226	28608023	1	1
3R	21299391	21300034	1	1
3L	1860795	1860927	-1	1
X	10348860	10356367	-1	1
X	17720700	17720948	1	1
X	17720975	17721423	1	1
2R	23176287	23191125	-1	1
X	1930582	1938097	1	1
3R	3866158	3867326	1	1
X	19519320	19519945	-1	1
X	19353529	19469794	1	1
3R	28087729	28090653	1	1
3R	15265691	15265927	1	1
3R	26951010	26951072	-1	1
2R	8571759	8571946	1	1
2L	9294618	9295392	1	1
3R	3623276	3626910	1	1
3R	25114313	25114405	-1	1
3L	4590966	4592060	1	1
3R	18976580	18978005	1	1
4	883642	885756	-1	1
X	9472661	9499886	-1	1
2L	16704491	16705700	-1	1
X	23279558	23440318	1	1
X	6573533	6573593	-1	1
3L	14769779	14769837	-1	1
3R	24128823	24128892	-1	1
3L	20835921	20835972	1	1
2R	12625092	12625270	1	1
3L	310466	310525	-1	1
X	13577665	13580055	1	1
3R	16274367	16274527	1	1
2R	11852907	11853016	1	1
2R	23068071	23071716	1	1
3R	25518442	25519261	1	1
2L	11896685	11897928	-1	1
2L	19514557	19516622	-1	1
3R	29766062	29772617	-1	1
2L	826508	826805	1	1
3L	11996326	11996384	-1	1
3R	7865431	7865701	-1	1
2R	18634971	18636056	-1	1
3R	6345098	6345234	-1	1
3R	24265111	24266392	1	1
3R	9458534	9458595	-1	1
2L	8506707	8506793	-1	1
2L	5981827	5985355	1	1
2R	24946164	24946219	1	1
X	11622256	11623753	1	1
3R	29123500	29123801	1	1
X	5793620	5794297	1	1
2L	16730856	16730909	-1	1
2R	16399422	16420281	1	1
3L	14805630	14839218	1	1
2L	14365238	14365629	1	1
3R	5595597	5596066	-1	1
3R	24050981	24051700	1	1
2L	17647127	17647944	-1	1
X	5165499	5174754	1	1
2R	9290173	9290226	-1	1
X	6678617	6679826	1	1
2R	10880727	10883031	1	1
2R	19483102	19483168	1	1
X	16459599	16459764	-1	1
X	15801611	15801683	-1	1
X	8330089	8365707	-1	1
X	8365771	8366806	-1	1
2R	11651181	11651232	-1	1
2R	23806702	23806830	-1	1
2R	22925396	22931750	1	1
3R	24101609	24103039	-1	1
2L	16168605	16169487	1	1
2R	13862105	13862167	1	1
3R	9526145	9526214	1	1
3L	7854190	7854801	-1	1
4	212717	213033	1	1
3R	20963857	20963927	-1	1
X	4698646	4812449	1	1
3R	31216333	31216585	-1	1
3R	24064738	24101559	-1	1
3R	4301146	4301236	1	1
2L	20730674	20730785	-1	1
3L	16492007	16492058	-1	1
3R	22781892	22784321	1	1
3L	17424388	17424446	-1	1
X	6852943	6864902	-1	1
3L	245476	245928	-1	1
3L	20856563	20859680	1	1
2R	9916892	9917457	-1	1
2R	9917532	9917938	-1	1
X	9231767	9231828	-1	1
X	12295337	12295477	1	1
2L	11140366	11140440	-1	1
3R	11395360	11402764	1	1
2L	1651543	1697655	1	1
X	9124541	9124869	-1	1
2L	7414665	7417373	1	1
2L	8219992	8220045	-1	1
3L	7793762	7800761	1	1
3L	7641028	7641423	-1	1
X	7196988	7255969	1	1
3L	1637270	1637559	-1	1
3R	24319158	24319409	1	1
3R	18714251	18716755	1	1
3L	5664168	5664964	1	1
3L	3072134	3073081	1	1
2R	20747523	20748326	1	1
X	17075554	17075953	-1	1
X	11792992	11793443	-1	1
X	12989229	13076783	1	1
3R	13642756	13642829	-1	1
3R	4737781	4738065	-1	1
3L	4074204	4074829	-1	1
3L	22832994	22833205	-1	1
2R	16763341	16772254	-1	1
3R	4301130	4301226	1	1
2L	1745162	1745221	1	1
2R	7938816	7938900	-1	1
X	628477	628536	-1	1
X	5517845	5518044	1	1
3R	25483798	25483852	1	1
3R	30206612	30208061	-1	1
3L	13837004	13837073	-1	1
2R	22885357	22885414	-1	1
3R	19245672	19245737	-1	1
2R	14038825	14060054	1	1
2L	19120026	19120255	-1	1
X	10629445	10630189	1	1
X	3700796	3701249	1	1
3L	20454458	20454645	1	1
X	18213118	18213230	-1	1
2L	20919405	20921272	-1	1
X	15860334	15861236	1	1
3R	31742367	31743117	1	1
2R	8006432	8006491	1	1
3L	3505087	3506075	1	1
3R	16468676	16468833	-1	1
3R	4641573	4641796	-1	1
3R	27580326	27581703	-1	1
X	9472816	9499730	-1	1
X	4088349	4088410	1	1
3L	21915656	21916080	1	1
3R	29462576	29471651	1	1
3R	20958168	20975192	1	1
3L	1496905	1502532	-1	1
2L	1555212	1556540	1	1
X	4413961	4427930	1	1
X	16330240	16330708	-1	1
2R	15138982	15139079	1	1
2R	15139134	15143269	1	1
2L	19735634	19735767	-1	1
X	16967862	16968510	1	1
2L	19034363	19034420	-1	1
2R	17594944	17596624	-1	1
X	15577191	15577606	-1	1
2R	13623831	13654284	-1	1
2L	13484544	13485164	1	1
X	10781254	10781532	-1	1
3R	11966740	11966797	-1	1
3R	15278442	15278503	-1	1
X	18192509	18204389	1	1
2L	8087946	8089394	1	1
X	20158270	20158896	-1	1
3R	23983901	23984351	1	1
2L	2756302	2756871	1	1
3R	25352046	25355690	-1	1
3R	18909805	18910277	1	1
X	9165876	9172344	1	1
2R	5326000	5326063	1	1
3R	24746303	24746394	1	1
3R	11766568	11767997	-1	1
2R	10108248	10109387	1	1
X	12686915	12731536	-1	1
3L	4094477	4101880	-1	1
3R	25873066	25873766	-1	1
2L	8321484	8326581	-1	1
X	13846437	13967349	-1	1
3L	20834196	20835687	1	1
X	7905851	7906104	-1	1
2R	21715877	21716290	1	1
2R	4336584	4350549	1	1
X	8060159	8061017	-1	1
X	2111624	2111704	1	1
3R	22035631	22075527	1	1
X	11950158	11952129	-1	1
3L	3920028	3924224	1	1
X	6321330	6321391	1	1
2R	23859828	23859887	-1	1
3L	23341603	23345843	1	1
3L	3893674	3894322	1	1
3R	5255734	5255860	-1	1
X	1409992	1413556	1	1
X	6868634	6872887	1	1
X	13968025	13985797	-1	1
3L	9376585	9376754	-1	1
2L	5760425	5760878	1	1
2R	12118805	12119173	-1	1
2L	14890288	14908968	-1	1
X	6699575	6699911	1	1
3R	19731153	19752529	1	1
3R	27550708	27550873	-1	1
2L	17400828	17400893	1	1
3R	17909549	17914971	-1	1
3L	15147403	15150812	1	1
3R	27664826	27664881	1	1
X	11963915	11965332	1	1
3R	24064680	24105395	-1	1
3R	29134599	29135049	1	1
2L	9291455	9291657	1	1
2L	20427474	20431924	1	1
3R	19095827	19096000	1	1
3R	20540455	20540523	-1	1
X	577902	577997	1	1
3L	1872471	1872582	-1	1
2R	10096147	10096262	1	1
3R	10002695	10002753	-1	1
2R	5712411	5716649	-1	1
2R	15140096	15140378	1	1
X	13383223	13383357	-1	1
3L	6087607	6087668	1	1
2R	16107624	16107749	-1	1
X	647138	647202	-1	1
X	6484320	6484775	-1	1
X	12761081	12762611	-1	1
3L	8266435	8266558	1	1
3R	30877716	30878318	-1	1
3R	30517695	30518283	-1	1
3R	11396569	11400844	1	1
3R	18807291	18809365	-1	1
3L	7916881	7925999	1	1
X	9147772	9148235	-1	1
X	15345423	15345488	1	1
X	13094911	13095445	1	1
3R	15957758	15960204	1	1
X	3176686	3189534	1	1
2R	12260189	12269324	1	1
2L	19607107	19610528	1	1
3R	23983935	23984343	1	1
3L	7535645	7536976	1	1
3L	8468075	8468135	1	1
3L	22839917	22841917	1	1
2L	15008197	15008323	1	1
3R	31595065	31595521	-1	1
3R	26059055	26059235	-1	1
X	2677565	2678185	1	1
X	7315251	7322367	-1	1
2R	5704383	5704435	1	1
2R	18282725	18286846	-1	1
3L	5540728	5540955	-1	1
X	5793682	5794423	1	1
2L	12175771	12176804	-1	1
2L	2409580	2410364	1	1
3R	23197977	23209342	-1	1
X	6772438	6772883	1	1
X	5903951	5904054	1	1
2R	11376573	11376823	1	1
2R	13518856	13518977	-1	1
X	15702186	15702264	1	1
2R	16183960	16184606	1	1
3R	27156487	27157276	1	1
X	8248792	8248973	-1	1
3L	3420446	3421408	-1	1
3L	11708435	11708532	1	1
3L	8942573	8942678	-1	1
2R	16622486	16623844	1	1
2L	19211358	19265039	-1	1
3R	5083868	5086242	-1	1
3R	11731457	11731872	1	1
X	1044463	1045913	1	1
2R	8271779	8271837	-1	1
X	4953424	4953493	1	1
X	16709889	16710866	1	1
3L	25120819	25120878	1	1
2L	19031580	19031644	-1	1
3L	9049081	9050332	-1	1
X	6852943	6866806	-1	1
3R	28604053	28605709	1	1
3R	26471872	26479950	1	1
3R	17532420	17532795	-1	1
2R	10848541	10848594	-1	1
2L	6110225	6110528	1	1
3R	29132505	29133861	1	1
X	9152664	9153903	-1	1
3R	24784904	24785018	-1	1
2R	16924978	16926358	1	1
3R	20387283	20387419	-1	1
3R	9236867	9237615	-1	1
2R	21502170	21512891	1	1
2R	13654455	13706435	1	1
X	11278734	11290014	-1	1
X	19532253	19532957	-1	1
3L	17061773	17063883	-1	1
2R	24772038	24772098	-1	1
X	16533061	16568011	-1	1
2L	1010388	1012041	-1	1
3R	20622128	20622584	1	1
3L	7245721	7249288	-1	1
2L	13898940	13899037	-1	1
2L	10256864	10256934	1	1
2R	16112970	16114772	1	1
X	10472144	10474053	-1	1
3L	16005730	16006528	1	1
2L	10217819	10217883	-1	1
2R	12274835	12276457	1	1
2R	21148881	21154980	-1	1
3R	18192542	18196553	-1	1
2R	14298919	14299545	1	1
2L	11164756	11165564	-1	1
3R	9157771	9206244	-1	1
3L	11850986	11863172	-1	1
2R	19629071	19630853	-1	1
3L	16608643	16608699	-1	1
4	1120607	1120659	1	1
2R	16625299	16751538	-1	1
3R	11817339	11818006	-1	1
3R	16577374	16578990	-1	1
2L	6790743	6790799	-1	1
4	349425	349481	-1	1
X	10452771	10454647	-1	1
X	6340565	6341060	1	1
2L	21385328	21390161	1	1
X	13869706	13870320	-1	1
3R	24191760	24191815	-1	1
3R	19731132	19731259	1	1
X	13019564	13019923	1	1
2R	17220104	17275649	1	1
2L	18845889	18854742	1	1
2R	17699169	17699351	1	1
3R	19882382	19882438	1	1
3R	8817720	8819166	-1	1
2L	10296566	10296625	-1	1
2R	2119245	2245972	-1	1
3L	4090936	4092074	1	1
X	10814094	10815602	-1	1
X	8131567	8131623	1	1
2L	15267468	15267530	-1	1
X	5648173	5648420	-1	1
3R	4446533	4446740	-1	1
3L	22843122	22843214	1	1
2R	432461	438043	1	1
2L	11123258	11123312	-1	1
X	15902333	15905774	1	1
3L	9376595	9376698	-1	1
3R	6659181	6659293	1	1
X	6126858	6128393	-1	1
3R	11782633	11782686	-1	1
3R	21973073	21975155	1	1
3L	18765062	18765189	-1	1
3R	26868646	26868696	1	1
X	9165942	9188204	1	1
3L	3193368	3194499	1	1
3R	11336639	11339658	1	1
3R	10790862	10790925	1	1
3L	8972348	8973772	-1	1
3R	26054656	26055274	-1	1
3L	16318349	16318424	1	1
2R	14854005	14854165	-1	1
4	190062	193339	-1	1
2L	20385538	20399171	-1	1
2R	19122614	19122672	-1	1
3R	12561805	12595632	-1	1
3R	9342350	9359267	1	1
3R	7184643	7185332	-1	1
X	11794166	11794819	-1	1
3L	314318	319747	-1	1
3R	15056751	15057250	-1	1
2R	11358425	11358755	-1	1
X	12938886	12948648	1	1
X	8178923	8239321	1	1
2R	12260089	12276185	1	1
3L	8439746	8441279	-1	1
3R	16274680	16302644	1	1
3R	11223531	11223858	-1	1
3R	26961591	26962235	-1	1
2R	16587127	16587327	-1	1
3L	5433856	5435588	-1	1
3R	25221083	25221138	1	1
X	9163543	9165682	1	1
3R	18950604	18958362	-1	1
2L	11099755	11100017	-1	1
2L	9796985	9877881	-1	1
2L	12458224	12460589	1	1
3R	9361866	9362053	-1	1
X	13784277	13785697	1	1
3R	24189361	24189422	-1	1
X	11823374	11831290	1	1
X	9152675	9153367	-1	1
2L	21060038	21062261	-1	1
3L	17953454	18060948	-1	1
X	17700110	17702034	-1	1
3R	20967269	20970278	1	1
2L	6491506	6491568	1	1
2L	6491608	6491684	1	1
2R	11869758	11869819	-1	1
X	15305529	15305829	1	1
3R	4468147	4468214	-1	1
3L	17400894	17401086	-1	1
3L	1651173	1651250	1	1
2L	1010068	1011564	-1	1
2R	6963096	6970893	1	1
2R	1441605	1442769	1	1
2R	23946078	23946137	1	1
3R	14619290	14733411	-1	1
2R	11305080	11305138	1	1
3R	14327410	14327510	1	1
2L	2402295	2404727	1	1
3R	21297075	21298446	1	1
2L	13550473	13637571	1	1
3R	4496133	4496476	-1	1
2R	10837202	10838386	-1	1
4	1192643	1192706	-1	1
2R	1075217	1076436	1	1
X	20509468	20510635	-1	1
3R	22545784	22546712	1	1
3L	19586470	19586535	1	1
2R	949818	949871	-1	1
2R	22666544	22666613	1	1
2R	24159627	24159680	1	1
X	9573327	9573404	-1	1
3R	30385781	30386425	-1	1
X	1924286	1924528	1	1
2R	19668479	19669247	-1	1
2R	13832295	13832994	1	1
X	3574891	3576461	1	1
X	10779404	10781804	-1	1
3R	9572755	9573249	1	1
3R	31598943	31599270	-1	1
2L	21663977	21664941	-1	1
X	23101529	23104412	-1	1
2L	133877	134313	1	1
3L	19829206	19830469	1	1
3L	12743173	12743513	-1	1
2L	1859002	1862720	-1	1
3L	3198867	3198993	-1	1
3R	5477548	5477610	1	1
2L	13774546	13774829	-1	1
3R	12145472	12150373	-1	1
3R	13260487	13261605	1	1
4	1115775	1119943	-1	1
X	3882756	3882808	1	1
3R	20779338	20783433	1	1
3R	25352145	25357192	-1	1
2R	23708475	23708635	1	1
X	20156711	20157378	-1	1
X	13380514	13380662	-1	1
mitochondrion_genome	13009	13227	-1	1
X	13860859	13861638	-1	1
3L	3073333	3088647	1	1
2R	7040238	7042103	1	1
3L	17042041	17042103	-1	1
3R	20835985	20837585	-1	1
2L	22550794	22557398	1	1
X	14998134	14999118	1	1
3L	5156401	5156488	-1	1
3R	31053308	31053587	-1	1
2R	5202040	5210699	-1	1
3R	31745289	31745384	-1	1
3L	11112383	11112603	-1	1
2R	8010546	8010914	-1	1
X	11608497	11608553	-1	1
3R	23983950	23984290	1	1
2L	4947324	4947788	1	1
3R	9441258	9447888	1	1
3L	6165317	6169240	-1	1
2R	10107631	10107807	1	1
4	468127	469157	1	1
2R	2517589	2519373	-1	1
2L	1702477	1702889	1	1
3R	4951247	4952041	-1	1
3L	3738637	3767137	-1	1
3R	20948967	20957879	1	1
2L	10282006	10282376	-1	1
3R	31575198	31575256	1	1
3L	17434138	17434202	1	1
X	19203992	19204064	-1	1
3L	5272399	5273163	-1	1
3R	21837631	21850722	-1	1
X	6360617	6361137	1	1
3L	4432547	4434133	1	1
2R	24875086	24875824	-1	1
3R	24695418	24699376	1	1
3L	23029932	23038012	1	1
X	13883356	13883459	-1	1
3R	14898069	14898127	1	1
2L	12690556	12690619	1	1
X	7903997	7905519	-1	1
2R	22638606	22638658	1	1
3R	7961123	7962230	-1	1
3R	8817693	8818734	-1	1
2L	6526741	6526816	1	1
2R	12931543	12931602	-1	1
3L	4588125	4589787	1	1
3L	17951214	17961106	-1	1
3R	14277693	14278873	-1	1
2R	23714119	23714666	1	1
X	11428541	11429959	1	1
X	5793632	5794415	1	1
3L	8516808	8518561	1	1
3L	1576766	1577088	1	1
2R	10445625	10448199	-1	1
2R	10338965	10339026	-1	1
3R	25029553	25033349	-1	1
X	19329690	19344009	-1	1
mitochondrion_genome	4620	5374	1	1
3L	8603856	8603906	1	1
3R	27921242	27921343	-1	1
X	2595762	2596003	1	1
X	13079998	13089814	-1	1
2R	6010548	6010610	1	1
mitochondrion_genome	2390	2753	1	1
2R	8000832	8001676	-1	1
3R	27423261	27436612	-1	1
X	19177963	19178040	-1	1
3L	15966859	15966916	-1	1
2R	947920	951257	-1	1
3R	22584192	22584250	-1	1
2R	9587707	9587777	-1	1
3L	9734389	9734512	-1	1
3R	20438238	20449459	-1	1
3R	24343286	24343465	1	1
2R	12273982	12439956	1	1
3R	25126874	25126935	-1	1
X	16328493	16328930	-1	1
3R	9487204	9493396	1	1
2L	11529952	11530720	-1	1
2L	21382204	21390191	1	1
3R	9766421	9766491	-1	1
3L	9071688	9071746	1	1
2R	23932330	23932406	-1	1
2R	21200659	21204613	-1	1
X	8716252	8716563	1	1
3L	22271763	22272369	1	1
2L	6923835	6926830	1	1
3L	514706	539899	1	1
X	15083337	15083488	1	1
X	13755123	13755253	-1	1
3L	23749752	23749849	1	1
3R	9418736	9441909	1	1
X	4658512	4659779	-1	1
3R	16644780	16645053	1	1
4	304084	305016	-1	1
2L	8200281	8200356	1	1
2L	7802018	7822164	1	1
3L	9150861	9177357	-1	1
3L	12784555	12788318	-1	1
2R	956634	963081	1	1
3R	20978249	20981355	1	1
X	14234767	14235496	-1	1
4	1127068	1128936	1	1
2R	2522512	2522573	-1	1
2R	23690091	23690252	1	1
3L	7269407	7312006	-1	1
2L	13463332	13473806	1	1
3R	31228336	31230058	1	1
3R	16639446	16639529	1	1
3R	21309531	21309808	1	1
3R	10613509	10614078	-1	1
2L	1009920	1013087	-1	1
X	10814065	10821705	-1	1
X	6233241	6236115	1	1
X	1412029	1413418	1	1
X	8038523	8055837	-1	1
3L	5157268	5158212	-1	1
3R	14733038	14733214	-1	1
3R	11678873	11678944	-1	1
2R	14038363	14060279	1	1
2R	24186877	24188357	1	1
2R	19538212	19546012	-1	1
2R	19546060	19564441	-1	1
3L	11796622	11796727	1	1
3L	8536644	8536891	1	1
2R	12877378	12877647	-1	1
3L	269271	270288	1	1
2L	9870385	9877197	-1	1
X	18885175	18885829	1	1
2L	16604397	16621836	1	1
2L	21674936	21676313	-1	1
3R	24265111	24265748	1	1
2L	11815112	11816510	-1	1
4	615129	615190	1	1
X	5903965	5904166	1	1
X	17924468	17937493	-1	1
X	2641856	2677518	1	1
X	23282029	23432922	1	1
2L	4229293	4231930	1	1
2L	9744227	9746434	-1	1
X	6868701	6880521	1	1
X	14379817	14381408	1	1
2L	5171550	5173528	1	1
3L	11488559	11496791	1	1
2L	2772587	2785659	-1	1
2L	10233562	10233757	1	1
3L	27079922	27082354	-1	1
3L	19542181	19542298	-1	1
3L	10662624	10662684	1	1
4	320035	328158	-1	1
3R	21355558	21375060	-1	1
X	7837488	7838697	1	1
2R	10107719	10108212	1	1
3R	30278301	30314239	1	1
3R	17541351	17544951	1	1
3L	16405362	16411176	-1	1
X	14265702	14265789	-1	1
X	17639278	17640251	-1	1
3R	8817720	8820129	-1	1
X	10925328	10925405	1	1
X	20443179	20443389	1	1
2L	9176644	9177125	1	1
X	11933936	11935877	-1	1
3R	23113624	23114691	1	1
X	3699788	3699933	1	1
4	395323	396412	-1	1
3L	9411961	9413432	1	1
X	3720226	3894746	1	1
X	18099723	18101093	-1	1
X	17640008	17642553	-1	1
X	11815540	11816422	-1	1
3L	5748712	5749384	1	1
4	1058156	1058210	-1	1
2L	1012600	1046982	-1	1
3L	4285117	4285175	1	1
3R	21307157	21307435	1	1
2R	12260130	12274396	1	1
X	3100063	3107234	1	1
X	2078563	2078877	-1	1
X	2092146	2093283	1	1
X	15861493	15862861	1	1
3R	30554864	30556419	-1	1
2R	16151066	16164087	1	1
X	12636637	12636711	1	1
2R	16046391	16046465	1	1
2L	1653365	1653437	1	1
2R	6755127	6755185	1	1
3L	8439725	8439930	-1	1
X	8174568	8174823	-1	1
3R	27580326	27581080	-1	1
X	15886353	15887118	-1	1
2L	15064494	15064888	-1	1
X	19719726	19729639	1	1
X	7964950	7967440	-1	1
2R	6662326	6667687	1	1
2L	9895496	9895811	1	1
2L	7832063	7832577	1	1
2R	13518579	13531552	-1	1
X	21425656	21426584	1	1
X	6876439	6880464	1	1
X	12632982	12633913	-1	1
4	1192618	1193591	-1	1
2L	21380274	21382019	1	1
X	5793670	5794286	1	1
2L	7237791	7244974	-1	1
2R	22938160	22938490	1	1
2R	15324745	15324816	1	1
X	21321820	21321905	-1	1
3L	21059262	21063991	1	1
3L	10582119	10587627	1	1
2L	9291251	9293180	1	1
2L	9885946	9886215	-1	1
2R	6910101	6910168	1	1
2L	1181794	1181855	1	1
2L	9556399	9566433	-1	1
3L	9150778	9177421	-1	1
2R	14868563	14868628	-1	1
2L	1644167	1648188	-1	1
X	2202006	2202060	-1	1
2L	21701939	21704459	1	1
3R	15960940	15961465	1	1
3R	21115686	21115803	1	1
2R	15189783	15190017	1	1
2R	20540040	20540221	-1	1
3L	4580160	4583606	1	1
4	560301	560372	1	1
3L	11254776	11255320	1	1
2L	3806196	3808340	1	1
X	15954896	15958742	-1	1
4	955051	956545	-1	1
2R	16570352	16570931	-1	1
X	22458828	22509858	1	1
3R	30208144	30208355	-1	1
3R	13669697	13670645	-1	1
3L	16412881	16413248	1	1
3R	24042600	24068794	1	1
2L	14041234	14041321	1	1
3L	11254664	11255784	1	1
2L	9125941	9126669	1	1
3R	3508458	3523414	-1	1
X	13670034	13670132	1	1
4	1181231	1181454	-1	1
X	13381893	13383430	-1	1
2R	10107680	10108228	1	1
2R	22223978	22224032	-1	1
4	1050914	1053498	-1	1
2R	25254079	25262827	1	1
2L	5038856	5040719	1	1
X	502767	502836	1	1
X	15804914	15805057	1	1
3R	5083889	5085708	-1	1
2L	22168644	22168888	-1	1
X	22667694	22668351	1	1
mitochondrion_genome	11034	11268	1	1
2R	12616942	12617072	1	1
X	18900901	18909950	1	1
3R	14830695	14859309	-1	1
2R	12259823	12260040	1	1
3R	31776383	31776439	1	1
3R	13021467	13021598	1	1
X	7904234	7905930	-1	1
2L	1652891	1653295	1	1
3L	8441442	8441577	-1	1
X	11855361	11864588	1	1
X	5793646	5794429	1	1
2L	16702899	16702973	-1	1
2R	4322554	4378852	-1	1
2L	2793588	2793648	1	1
2R	21502480	21503621	1	1
3L	16781586	16781664	1	1
2R	9131359	9131483	-1	1
2L	17371821	17372565	-1	1
3L	9547478	9548432	1	1
2R	6695350	6695691	-1	1
2R	5088289	5088360	-1	1
2R	9473166	9473238	1	1
3L	3115460	3120568	-1	1
3L	3120607	3120668	-1	1
3R	25098908	25099196	1	1
2R	17536470	17538846	1	1
2R	14277461	14299496	1	1
2L	2757352	2757858	1	1
3R	17395782	17395894	-1	1
3R	24252303	24252366	1	1
3R	24252422	24252496	1	1
3L	21844544	21907351	1	1
2R	22423955	22424011	1	1
3L	11207136	11207198	-1	1
2R	16759443	16759510	-1	1
3R	8628791	8629893	1	1
2L	23313231	23313329	-1	1
3R	5602770	5602976	1	1
3L	17037344	17037788	-1	1
3R	20823966	20824093	-1	1
X	66171	79875	1	1
3L	8197444	8197522	-1	1
X	12230066	12235967	1	1
2L	9335157	9335223	1	1
3R	20975033	20975220	1	1
X	12570014	12572261	-1	1
X	2271178	2273309	-1	1
2R	12607483	12607544	1	1
X	17423005	17423072	1	1
2L	9176658	9177122	1	1
2R	3933464	3938552	1	1
3L	4191887	4192192	1	1
3R	16301352	16301823	1	1
3R	7902181	7902239	-1	1
X	3684226	3684312	-1	1
3L	5362514	5362652	1	1
3L	9000458	9000603	1	1
3R	31219934	31220703	-1	1
X	15962452	15962536	-1	1
3R	27115996	27116497	-1	1
3R	24642115	24642173	-1	1
3R	14732839	14733231	-1	1
2R	14563086	14563259	1	1
2L	2580369	2580897	1	1
2R	16924791	16926409	1	1
3R	12465203	12508426	1	1
3R	21626851	21660216	-1	1
2R	11358425	11358958	-1	1
3R	22080713	22081807	1	1
2R	17797132	17797202	-1	1
X	11818017	11831222	1	1
2R	10533512	10533576	-1	1
3R	12561624	12595268	-1	1
X	5904091	5904555	1	1
3R	6385259	6385359	1	1
3L	3403072	3424580	-1	1
2R	10636489	10665957	1	1
X	938464	939301	1	1
X	17634978	17635342	-1	1
2R	14276527	14277139	1	1
X	2595805	2595929	1	1
3R	30364184	30365227	1	1
2R	7566884	7567146	1	1
3R	21310705	21314148	1	1
2L	750804	752695	1	1
3R	9355084	9359267	1	1
2L	750849	752731	1	1
X	12009573	12009632	1	1
3L	6476646	6480295	1	1
2R	14278839	14299602	1	1
2L	10484761	10484825	1	1
3L	16600672	16601520	-1	1
3L	23007708	23010850	1	1
3L	16766487	16777292	1	1
2R	5604013	5604070	-1	1
X	16601557	16610164	1	1
X	3338717	3342547	1	1
X	510047	517889	-1	1
X	2115215	2115300	1	1
X	15895102	15903822	1	1
3L	18750801	18765142	-1	1
2L	4454827	4454888	1	1
2R	12870914	12871181	1	1
3R	18712537	18718826	1	1
2R	6197659	6198890	1	1
X	21320096	21320666	-1	1
X	9172023	9178354	1	1
3L	5160835	5184215	-1	1
X	8366907	8371142	-1	1
3R	9716317	9716374	-1	1
4	437358	440727	-1	1
3R	28088474	28088759	1	1
2R	975936	978315	1	1
3L	8967736	8967795	1	1
2R	16788667	16788791	1	1
3R	25591300	25591373	1	1
2L	18683301	18683370	1	1
2R	4015215	4072694	1	1
X	9163424	9165682	1	1
3R	12095301	12096101	1	1
3R	5596123	5597761	-1	1
2R	6626239	6627418	-1	1
2R	20324412	20324498	1	1
3R	23233710	23233808	-1	1
3R	23233891	23233998	-1	1
2R	14276674	14279171	1	1
3L	3716124	3746094	-1	1
2R	23073253	23074243	-1	1
X	13564334	13575968	1	1
3R	23231772	23231841	-1	1
3L	7160299	7189383	-1	1
3L	16785397	16786562	-1	1
3L	24927723	24976472	1	1
3R	20737185	20737260	1	1
X	21050283	21051988	-1	1
X	12917614	12942176	1	1
2L	3871200	3871265	1	1
2L	5010178	5010357	-1	1
3R	31217001	31218953	-1	1
2R	24060445	24060513	1	1
2L	11140109	11140176	-1	1
3R	9728837	9728895	-1	1
3R	21307196	21307474	1	1
3R	15213401	15213466	1	1
3L	5158658	5158748	1	1
2L	7668618	7668761	-1	1
2R	7319000	7319609	-1	1
2R	16325121	16326201	-1	1
X	13371368	13373863	1	1
4	1004528	1006093	1	1
3L	914158	915639	1	1
3L	14537703	14538004	1	1
3R	15076334	15077036	-1	1
3R	4297824	4297922	1	1
X	4698663	4701996	1	1
2R	16641615	16642052	1	1
3L	11690109	11690226	1	1
2L	21154986	21155107	-1	1
X	17143778	17146862	-1	1
2R	23993898	23994250	-1	1
3L	1632455	1634500	-1	1
X	15327689	15327875	1	1
3L	17543613	17543764	1	1
2R	14179529	14179806	1	1
2R	24023556	24023765	1	1
2R	13507770	13509046	1	1
X	19342838	19342900	-1	1
2R	7735099	7735453	-1	1
2R	24289807	24289935	1	1
3L	27146666	27156046	1	1
3L	211908	212095	-1	1
2R	23911869	23912188	1	1
3R	19244629	19244689	1	1
3R	18418982	18545248	-1	1
3L	22961007	22961534	1	1
X	11973485	11975746	-1	1
2L	15017372	15032669	1	1
X	15861333	15903954	-1	1
3R	28927072	28927135	-1	1
X	7196609	7241795	1	1
3R	8817720	8818641	-1	1
3R	24343356	24343483	1	1
2R	18497522	18497842	-1	1
X	20515106	20515495	1	1
2R	9811520	9811811	-1	1
3R	5616132	5616776	-1	1
3R	23963464	23965618	1	1
3L	17400550	17401097	-1	1
X	2241507	2241570	-1	1
X	19699176	19699688	1	1
3L	3073127	3073180	-1	1
X	4841441	4869496	1	1
2R	7602657	7603122	-1	1
3R	15231399	15231470	1	1
3L	17120258	17128884	-1	1
2L	3026975	3027038	-1	1
2R	14276224	14276979	1	1
3L	14002302	14003173	1	1
2R	1072046	1072268	1	1
X	12023205	12026942	-1	1
3R	20535496	20537092	-1	1
3L	18930679	18932758	-1	1
2R	12269242	12273776	1	1
3L	18803731	18803829	-1	1
2L	16744068	16744124	1	1
3R	19180877	19189351	-1	1
4	855509	863671	-1	1
3L	4432523	4433054	1	1
2R	7569230	7569300	1	1
X	7608507	7608711	1	1
2R	20144761	20144819	1	1
X	12655317	12655378	1	1
2R	11652962	11678342	-1	1
3R	8817742	8818589	-1	1
3R	23127046	23127105	-1	1
2L	6616153	6616214	1	1
3R	14663080	14663135	-1	1
2R	13991493	13991978	1	1
X	21625772	21626022	-1	1
3R	14644249	14645773	-1	1
3R	24064924	24104605	-1	1
2R	12264905	12269399	1	1
2R	3249977	3314737	-1	1
3R	25113198	25113879	-1	1
X	17930798	17932509	-1	1
X	8515937	8516888	1	1
X	13860874	13867658	-1	1
2R	9536940	9537013	1	1
3L	4431223	4433043	1	1
3R	10361957	10373155	-1	1
3R	10373206	10377691	-1	1
2R	10109169	10109368	1	1
3R	30387551	30387775	1	1
2R	6884459	6884517	1	1
3R	24105111	24105370	-1	1
X	6847398	6847457	1	1
3R	21786131	21804795	-1	1
3R	23983928	23984177	1	1
2L	6777427	6777500	1	1
3L	9130071	9130547	-1	1
3R	19760632	19760900	1	1
X	13746717	13751989	-1	1
3L	1658591	1658916	-1	1
3L	1658941	1659254	-1	1
3L	17859455	17869661	-1	1
3L	4182310	4182721	-1	1
3R	21302183	21303096	1	1
3L	12835350	12842780	1	1
3L	6963457	6964070	-1	1
3L	9714624	9715747	1	1
2R	16765528	16765833	-1	1
3R	19457454	19457655	1	1
3L	18926240	18928150	-1	1
X	11711079	11714623	-1	1
X	7075897	7091987	-1	1
3L	1030014	1100881	-1	1
X	5090146	5120183	1	1
X	9383366	9471999	-1	1
3R	11593767	11619704	-1	1
3R	21117061	21117117	1	1
3R	27550482	27550873	-1	1
X	575630	577911	1	1
2L	13547304	13549132	-1	1
X	13968099	13985288	-1	1
3R	23983570	23983660	1	1
3R	14557723	14558161	-1	1
X	12786065	12789615	-1	1
2R	5360627	5362285	-1	1
4	210681	210744	1	1
3R	11650272	11650390	-1	1
X	16005477	16005622	-1	1
2R	21685669	21685994	1	1
X	5793572	5794286	1	1
2R	16178878	16181981	1	1
X	8248042	8373322	1	1
3L	8438056	8438193	-1	1
X	11808487	11931817	-1	1
3L	17400480	17400998	-1	1
3R	16644890	16645028	1	1
2L	110980	114276	1	1
3R	24664743	24674411	1	1
2R	23389232	23391741	-1	1
Y	132633	200768	1	1
X	53888	53942	-1	1
X	53969	54103	-1	1
X	20522042	20522264	-1	1
3R	18171704	18175333	1	1
3R	8444418	8444584	-1	1
2L	10330110	10331080	-1	1
3R	16342989	16343044	1	1
X	13077209	13078889	1	1
X	6040099	6040525	1	1
3R	25246668	25247433	1	1
2R	18614604	18614661	-1	1
3L	9658973	9659285	1	1
3R	23983570	23983674	1	1
3R	22239543	22248550	1	1
3R	23972528	23972609	1	1
X	9172024	9178354	1	1
2R	16759677	16759735	-1	1
2L	11797476	11803574	-1	1
4	868400	871992	1	1
2R	6971026	6971140	-1	1
2R	19418606	19423594	1	1
3L	4575532	4576147	1	1
2R	13520199	13527888	-1	1
3R	23962235	23962300	1	1
3R	9418739	9441909	1	1
X	14349865	14355463	1	1
2R	12273927	12276472	1	1
X	13784233	13811184	1	1
3R	11635631	11635701	-1	1
X	8294242	8295710	1	1
3R	20025926	20025986	1	1
2L	12052504	12052560	-1	1
3L	9376634	9376883	-1	1
X	9586342	9588536	-1	1
2L	1012431	1013254	-1	1
2R	10805327	10805379	-1	1
X	15695454	15706115	-1	1
2L	9126349	9126881	-1	1
2L	21382104	21390218	1	1
3L	19381498	19385398	-1	1
3L	12847157	12848370	-1	1
3L	5156523	5161205	-1	1
3R	23983236	23984450	-1	1
3L	4405062	4430225	1	1
3R	6362764	6362838	-1	1
X	11406346	11409495	1	1
2R	22595953	22596178	1	1
3R	8817751	8820205	-1	1
mitochondrion_genome	12874	13190	-1	1
3L	8274670	8275505	1	1
3L	10182516	10182648	-1	1
3R	8791473	8803456	-1	1
X	4931951	4934782	-1	1
3R	9736272	9736339	-1	1
X	13381793	13383502	-1	1
2R	25253445	25253667	1	1
3R	8817720	8818815	-1	1
3L	2942984	2943333	1	1
3R	25356079	25356224	-1	1
4	320045	328169	-1	1
X	15403041	15420325	-1	1
3R	21307005	21308395	1	1
3R	26874002	26874206	-1	1
X	20009130	20010325	-1	1
3R	9010472	9012879	-1	1
3L	4074148	4074829	-1	1
X	13861513	13967992	-1	1
2L	13979079	13979216	1	1
3L	2252992	2253329	-1	1
3L	10635048	10635116	-1	1
2L	1653277	1653429	1	1
2R	9992918	9992984	1	1
2R	14277056	14279243	1	1
2L	18215704	18215765	-1	1
2L	1653341	1653435	1	1
3R	31597781	31609683	-1	1
X	9170537	9170711	1	1
2L	1652960	1653622	1	1
mitochondrion_genome	13104	17384	-1	1
3R	21297747	21298223	1	1
2R	9048338	9048467	-1	1
2L	9682375	9691907	-1	1
X	18161291	18174327	1	1
3L	10634199	10634267	1	1
2R	14278731	14279047	1	1
3R	31933961	31935156	-1	1
X	13924416	13924474	-1	1
3L	10506564	10534831	1	1
X	11368918	11373817	1	1
3R	25329884	25329950	-1	1
X	5794539	5834618	1	1
3L	21925311	21926508	1	1
3R	25882276	25885382	1	1
2L	18845494	18845600	1	1
3R	31745315	31745525	-1	1
3R	20438136	20449413	-1	1
2L	2772654	2779191	-1	1
3R	18248340	18250179	1	1
4	1232191	1232423	1	1
2L	9066761	9070575	-1	1
2L	22925108	22925160	1	1
2R	12870951	12871160	1	1
3L	20381324	20382197	1	1
3L	20993076	20993421	-1	1
3L	1575501	1575615	1	1
X	576774	578152	1	1
2R	19398122	19423606	-1	1
2R	21686606	21686670	-1	1
3L	3116032	3117083	-1	1
3R	15067084	15071452	-1	1
X	13869461	13985736	-1	1
3L	20242668	20242785	1	1
X	12790477	12831543	-1	1
3L	3073333	3088640	1	1
4	136999	137076	1	1
2L	15271144	15271834	-1	1
3L	24074536	24075133	1	1
X	17648806	17648946	-1	1
2L	21121236	21121582	1	1
3R	31617269	31617349	1	1
3L	13867468	13868025	-1	1
X	8998432	8999380	1	1
X	111901	111959	-1	1
X	10278231	10278293	-1	1
3L	8130332	8131446	1	1
3R	24677336	24687187	1	1
3L	10575472	10576121	1	1
X	4698663	4700406	1	1
2R	13180369	13184264	-1	1
2R	17516791	17516855	1	1
2L	303463	305137	1	1
3R	11224593	11224779	1	1
3R	20974714	20976059	1	1
2L	6680999	6681065	-1	1
X	16452354	16452821	1	1
3R	11783359	11783418	-1	1
X	17699893	17701031	-1	1
X	5087715	5089342	1	1
3R	27953077	27953144	-1	1
2L	6920862	6922735	1	1
3L	1632455	1635186	1	1
2R	22743552	22743841	-1	1
2L	4840814	4840884	-1	1
2L	2753527	2756008	1	1
3L	23746545	23747951	1	1
2L	1524002	1525714	-1	1
X	13967761	13967811	-1	1
3R	21155388	21178278	1	1
3L	651696	651775	-1	1
X	18390715	18392392	-1	1
3R	27561878	27562711	-1	1
2L	18128247	18128302	1	1
2L	16973245	16973448	1	1
3R	9432840	9439125	1	1
X	575965	577936	1	1
2L	1612901	1613147	-1	1
X	20007765	20008830	-1	1
2R	9118673	9118739	1	1
X	8060159	8061311	-1	1
2R	12707572	12715881	1	1
3L	2665369	2689523	-1	1
2L	10336884	10336945	1	1
3R	5575499	5575779	1	1
3R	15061646	15062351	-1	1
2L	10177672	10180109	-1	1
3R	15318455	15319314	-1	1
2L	159187	162592	1	1
X	5165434	5171933	1	1
2R	14234207	14234273	-1	1
X	11610835	11611532	-1	1
3R	14733029	14733197	-1	1
3L	8263120	8265894	1	1
2R	18821631	18821687	1	1
2R	24905386	24905437	1	1
3R	30385734	30385790	-1	1
3R	14880044	14880164	1	1
2L	9291254	9293180	1	1
2R	8243518	8243569	-1	1
3L	19607826	19608003	1	1
2R	19067485	19089854	1	1
2L	9295569	9309195	1	1
3R	21299305	21304111	1	1
2R	19456459	19456878	1	1
2R	11892185	11893555	1	1
X	6696717	6696816	-1	1
2L	13214826	13215208	-1	1
X	13867067	13985748	-1	1
2R	8000908	8001256	-1	1
3R	13657042	13659048	-1	1
2L	13551032	13551142	1	1
2L	10229347	10229414	-1	1
3L	11116526	11116670	-1	1
3R	8818846	8820538	-1	1
3R	17919976	17920495	1	1
X	11817787	11833339	1	1
3R	15936304	15951803	1	1
3R	10264715	10264768	1	1
2L	1653357	1653437	1	1
2R	15222426	15222497	1	1
3R	9063425	9064679	-1	1
2L	13483613	13488121	1	1
X	8516595	8516845	1	1
2R	15737061	15755948	1	1
2R	25282842	25282978	1	1
3L	1630387	1632214	-1	1
2R	18122863	18124694	-1	1
3L	5149016	5149078	1	1
2L	9745131	9746325	-1	1
3L	5750362	5750553	-1	1
X	17822214	17823808	-1	1
2R	8494466	8516247	-1	1
4	1010138	1011772	-1	1
2L	21382086	21390172	1	1
2L	8160666	8161737	1	1
2L	10399677	10399768	1	1
3L	12121414	12122575	-1	1
3R	23982610	23984471	-1	1
3L	4182874	4187673	-1	1
2L	13284114	13284373	-1	1
3R	3745905	3752167	1	1
2R	8347608	8348175	1	1
2R	15115322	15140643	1	1
X	21318084	21318772	-1	1
2R	9998347	9998415	-1	1
3R	18178962	18179618	1	1
4	487964	488750	-1	1
3R	16984096	16984571	-1	1
3R	16984618	16987529	-1	1
3L	16799173	16799484	-1	1
3L	11891230	11936973	-1	1
X	23283461	23431498	-1	1
2L	4821913	4822447	1	1
2L	8369031	8369799	1	1
X	5793248	5793681	1	1
2R	18757523	18757983	-1	1
3R	7274359	7274995	-1	1
2R	8833982	8841357	1	1
2R	2257593	2259929	-1	1
3L	234653	234982	-1	1
2R	14298833	14299848	1	1
3R	17896618	17900442	-1	1
3L	4588125	4589787	-1	1
2R	12269259	12269378	1	1
3R	9342246	9358939	1	1
X	12732213	12741514	-1	1
2L	4318978	4319330	1	1
3R	18730779	18832836	1	1
2L	6646917	6647998	-1	1
X	18861764	18861826	-1	1
2L	19044084	19044154	-1	1
3L	13522193	13523803	-1	1
2R	14277407	14299553	1	1
4	363640	363868	1	1
2L	5530813	5531430	-1	1
2R	23993579	23993639	-1	1
3R	9542010	9546798	-1	1
3L	7671050	7680908	-1	1
3R	8128196	8128262	1	1
3R	23980906	23982435	1	1
3R	21297355	21298093	1	1
3R	8031446	8031506	-1	1
X	6366152	6370891	1	1
3R	20817428	20817495	-1	1
3R	13374016	13374079	1	1
3L	7812439	7815237	-1	1
3R	23282544	23285854	1	1
2R	10119991	10120051	1	1
3R	7078408	7078822	-1	1
2L	12104057	12104492	-1	1
3R	21785916	21820893	-1	1
2R	24139691	24157573	1	1
3R	24156140	24156245	-1	1
2R	19457093	19462175	1	1
3R	24747474	24747592	1	1
2L	9789616	9789791	-1	1
2R	18630569	18630629	-1	1
X	12516910	12518382	-1	1
2L	10376885	10377248	1	1
3L	13565403	13565696	1	1
3L	21839832	21841231	-1	1
3R	9461503	9465553	-1	1
3R	24048428	24048486	1	1
3L	17400534	17400960	-1	1
X	11370149	11406516	1	1
X	12948990	12950236	1	1
3L	5750481	5750574	-1	1
3R	31055554	31055622	-1	1
3L	8450990	8454441	1	1
3L	11252875	11255784	1	1
X	2671232	2671308	1	1
3L	5750362	5750561	-1	1
3R	14732978	14733224	-1	1
3L	9048947	9049162	-1	1
2R	21969102	21969513	1	1
3L	15127652	15127745	1	1
3L	8184428	8184484	-1	1
X	12583017	12583172	-1	1
3R	24192651	24192705	-1	1
3L	21333265	21333350	1	1
3R	20974557	20975171	1	1
3L	21319309	21319399	1	1
2L	10832092	10837280	-1	1
3L	3924428	3925559	-1	1
3R	18959661	18977834	1	1
2R	24906919	24906980	1	1
3R	21152008	21152191	-1	1
3L	15154812	15154872	-1	1
2L	750985	752731	1	1
2R	16924797	16925705	1	1
3L	4575538	4575611	1	1
3R	3482099	3523171	-1	1
3R	30389329	30389416	-1	1
2R	10094406	10095114	1	1
X	10709499	10719375	1	1
3R	4115819	4121421	1	1
2R	9884709	9884766	-1	1
X	14815642	14817177	1	1
3R	21115646	21115970	1	1
X	10192913	10193349	1	1
X	5793925	5794520	1	1
mitochondrion_genome	5427	17409	1	1
2L	22551458	22551551	1	1
3L	15958059	15958648	1	1
X	18039958	18040261	-1	1
3R	5789811	5791267	1	1
X	17064825	17068702	-1	1
3R	7269130	7269193	1	1
X	18936770	18953526	1	1
3L	6943911	6944460	1	1
3L	12206512	12206590	-1	1
X	15440658	15440924	-1	1
3L	267824	270161	1	1
3R	24064511	24064698	-1	1
2L	21222618	21222678	-1	1
3R	2137403	2307285	1	1
3L	1499710	1499772	-1	1
2R	16136567	16137205	1	1
X	7608923	7678137	1	1
X	5792614	5792725	1	1
3R	26042115	26042316	1	1
X	18813365	18813626	1	1
X	1041461	1045975	1	1
X	19836755	19850863	-1	1
2R	5758293	5760368	-1	1
3R	29104249	29104310	1	1
X	578689	578853	1	1
2R	14276429	14276711	1	1
3L	6182387	6182810	-1	1
X	8757958	8805326	-1	1
X	20917425	20934932	-1	1
X	20991580	20991633	-1	1
3R	9548198	9548336	-1	1
3R	18248367	18250211	1	1
3R	16631742	16631823	-1	1
2R	7920909	7921338	1	1
2L	10288210	10288268	-1	1
2L	21312044	21312098	1	1
2L	7883829	7883911	-1	1
3R	9418001	9432543	1	1
2L	10438443	10438591	1	1
3L	3059088	3070623	-1	1
X	11337644	11337697	-1	1
3R	15266353	15266487	1	1
2R	21694148	21694210	-1	1
3R	7847118	7847498	1	1
2R	1591018	1726644	1	1
3L	15723272	15727697	-1	1
X	9152885	9154061	-1	1
X	17933325	17937811	-1	1
2L	4318709	4318907	-1	1
3R	22363288	22363354	1	1
3R	21308493	21309604	1	1
2R	16057578	16058455	1	1
2R	19529760	19532436	-1	1
3R	4301160	4301242	1	1
3R	5355254	5355327	1	1
2L	10481571	10481647	1	1
X	12128609	12213146	1	1
2R	24523289	24525869	-1	1
2L	19064477	19067665	1	1
4	1041771	1041834	-1	1
X	13209445	13209514	1	1
3L	5578773	5578825	1	1
2R	12636991	12637054	1	1
2L	16168455	16169487	1	1
2L	4838378	4838992	1	1
X	8210434	8239167	1	1
2L	11236799	11236930	1	1
3R	11222368	11222561	-1	1
2L	7831588	7832644	1	1
3R	31934011	31934998	-1	1
X	16801535	16801746	1	1
3L	25303778	25303845	-1	1
2R	23861461	23862490	-1	1
3R	23769244	23769309	-1	1
3L	20218158	20336938	-1	1
3L	4417867	4420116	1	1
3R	23983795	23984461	1	1
2R	12870954	12871036	1	1
3R	28146928	28147500	1	1
2R	18356056	18356542	-1	1
3L	22789694	22833061	-1	1
2L	13212944	13213009	-1	1
2R	10479426	10479482	-1	1
mitochondrion_genome	867	15099	1	1
2L	8995539	8995602	-1	1
X	13867144	13867321	-1	1
X	13262892	13285157	-1	1
3L	5158997	5273024	-1	1
2R	7968328	7968389	-1	1
2L	18120073	18123218	1	1
3L	13485028	13485089	-1	1
3R	13971103	14026878	-1	1
3R	21785941	21820928	-1	1
X	11374119	11409480	1	1
2R	2772477	2846769	1	1
2R	16924978	16925637	1	1
X	17070629	17070746	-1	1
X	12687385	12688852	-1	1
3L	3718473	3718638	-1	1
3R	6801359	6801625	1	1
2L	8105810	8106840	1	1
2R	10108244	10108315	1	1
2R	25268898	25268972	1	1
2L	17385896	17392820	1	1
X	17924491	18059820	-1	1
2R	9321175	9350672	-1	1
3R	12682543	12683137	-1	1
2L	10344744	10345471	1	1
3R	22729760	22729817	-1	1
3L	1500109	1500214	-1	1
3L	19924208	19924311	1	1
3L	16539458	16542598	-1	1
3R	4957226	4959940	-1	1
2L	21390444	21392665	1	1
X	18786543	18786599	1	1
3L	4579520	4580077	-1	1
3R	8754411	8754487	-1	1
3R	3787826	3789953	-1	1
2L	6290692	6291006	1	1
3L	20001297	20001361	1	1
2R	23968509	23968566	-1	1
X	13381893	13382455	-1	1
3R	19412765	19415638	1	1
3R	25611450	25611522	-1	1
3L	5193815	5218950	-1	1
3R	18195039	18196340	-1	1
3R	23983904	23984478	1	1
3L	16614014	16615252	-1	1
3R	20754262	20754423	1	1
3R	14023895	14025846	-1	1
3L	1655152	1655254	-1	1
3R	11329392	11402785	1	1
2R	18692134	18692197	1	1
3R	13368959	13369160	1	1
3R	11223531	11223858	1	1
3L	1661122	1661249	-1	1
3R	20536546	20537194	-1	1
X	10827558	10832881	-1	1
3R	20438255	20449235	-1	1
2R	6799500	6799564	-1	1
X	17286011	17301561	-1	1
X	5791125	5791271	-1	1
3R	19415791	19457597	1	1
2L	10218173	10218232	-1	1
3R	22792005	22792390	1	1
3R	22486030	22486607	1	1
X	9183458	9188188	1	1
X	13263996	13285157	-1	1
3R	14331082	14341222	-1	1
3R	23076944	23112356	-1	1
X	15991378	15991822	-1	1
X	7288669	7288723	-1	1
2L	9176386	9177125	1	1
X	5947463	5947649	1	1
3R	4084182	4085083	1	1
2L	1139386	1139483	-1	1
3R	4032244	4062290	1	1
X	13858666	13985949	-1	1
X	20007765	20008854	-1	1
X	10386295	10408066	1	1
X	8907745	8908065	1	1
2R	25037531	25039051	1	1
2L	10315074	10315345	1	1
2L	8364316	8364541	-1	1
2L	3322512	3322691	1	1
3R	23983935	23984303	1	1
3L	4090749	4092554	1	1
3R	20438185	20449235	-1	1
2R	11588128	11588363	-1	1
2L	19516034	19516441	1	1
X	16802080	16802619	-1	1
2L	10332142	10332926	1	1
3L	11699688	11699978	-1	1
3R	27255630	27256164	1	1
X	6191529	6192497	-1	1
2L	4822492	4822552	1	1
3R	9561975	9562821	-1	1
2R	22934773	22934875	-1	1
3R	27156306	27157144	1	1
3R	23983915	23984283	1	1
X	10462600	10463993	-1	1
3R	21300472	21300750	1	1
3L	19814046	19815421	-1	1
2R	18167457	18168208	1	1
3L	9866783	9870498	1	1
2L	13993831	14001116	-1	1
2R	15138622	15142408	1	1
2R	14963926	14971730	1	1
X	9103990	9104114	1	1
3L	20235067	20235135	-1	1
3L	13562326	13564789	-1	1
3R	13996071	13996145	-1	1
3R	5595608	5595828	-1	1
X	13329969	13331677	1	1
2L	3466417	3466787	1	1
X	5333437	5334145	1	1
2L	3315527	3315588	1	1
2R	16763341	16772258	1	1
X	5559469	5559958	-1	1
X	13846363	13988601	-1	1
X	3692999	3701162	1	1
2L	2755567	2756008	1	1
3L	6025655	6026294	1	1
3L	16589531	16589649	1	1
3R	29935082	29935137	-1	1
Y	132600	200760	1	1
3R	22016205	22016532	-1	1
2R	11599641	11602557	-1	1
X	4699155	4699512	1	1
3L	6351993	6352380	-1	1
3L	9801438	9801987	-1	1
3R	24104886	24105193	-1	1
2R	1523542	1526034	-1	1
3R	18838309	18838823	-1	1
2R	8948190	8948590	-1	1
2R	18690907	18692041	1	1
3L	22833656	22833711	-1	1
3R	6385404	6387544	1	1
3L	15819284	15823934	-1	1
3R	9400476	9400564	-1	1
X	11430798	11434721	-1	1
2L	17452391	17452453	1	1
2R	5294354	5294517	1	1
3R	15368702	15368760	-1	1
X	4699101	4699435	1	1
2L	20917121	20918255	-1	1
2R	13829706	13833122	1	1
X	3289845	3336805	1	1
3R	30448570	30448635	-1	1
2R	14645557	14645614	1	1
3L	17968033	18058728	-1	1
X	21305744	21306282	-1	1
3R	8817720	8818642	-1	1
3L	7641035	7641101	1	1
3R	9487204	9490162	-1	1
X	8056138	8056317	-1	1
2L	9292241	9293015	1	1
2R	10033552	10033604	1	1
2L	5985279	5985554	1	1
X	10595478	10595544	-1	1
3R	23983911	23984428	1	1
4	471777	483600	-1	1
X	11384613	11384800	1	1
X	15579013	15579659	1	1
2R	24883613	24883674	1	1
X	14425357	14444317	1	1
4	1295907	1296076	1	1
2L	21385398	21388503	-1	1
2L	293663	293863	-1	1
X	7646980	7660406	1	1
2R	15410543	15415125	1	1
X	11337264	11337329	-1	1
2R	18688664	18692041	1	1
2R	14276972	14277213	1	1
3R	23983917	23984440	1	1
2L	17604412	17614080	1	1
3L	8949760	8952819	-1	1
3L	17425507	17425910	1	1
3L	6738099	6738704	-1	1
2R	24941827	24941910	1	1
3L	21270720	21270977	-1	1
3R	14891561	14892245	1	1
2R	4322716	4470786	-1	1
2L	9794165	9963984	-1	1
2R	6836070	6836527	1	1
3L	3148748	3149628	1	1
2R	1075218	1076431	1	1
mitochondrion_genome	10985	11277	1	1
2R	12264918	12269300	1	1
3L	17400480	17401069	-1	1
X	11373857	11373976	1	1
X	22797306	22866051	1	1
X	2589279	2596083	1	1
2R	25254826	25260506	1	1
X	5365623	5371826	1	1
2L	12045902	12046004	-1	1
2R	19312715	19312785	-1	1
Y	2961609	2969357	-1	1
2L	1140699	1140933	1	1
3R	13967970	13968657	-1	1
2L	13394941	13395056	-1	1
3L	5161086	5277614	-1	1
2R	11973041	11975356	1	1
X	15989130	15989438	-1	1
3R	14892050	14892175	1	1
3L	9146172	9177936	-1	1
X	10244627	10250051	-1	1
X	2584936	2584998	-1	1
3L	22801615	22832788	-1	1
2R	22333569	22346671	-1	1
X	16638304	16638406	1	1
3L	16333350	16333418	1	1
3R	19139275	19141239	-1	1
3L	17236052	17237950	-1	1
3R	9487204	9493689	-1	1
2R	20734248	20734318	1	1
2R	8522729	8531844	-1	1
3R	26648778	26648905	-1	1
2R	7530094	7531522	-1	1
2L	21102911	21104072	1	1
3L	5158934	5159293	-1	1
3R	30133172	30133510	-1	1
3R	20974702	20975239	1	1
2R	5716789	5717282	-1	1
X	9472661	9497972	-1	1
3R	12557076	12560401	-1	1
3R	11751920	11764208	-1	1
X	11368970	11369148	1	1
X	11967229	11974989	-1	1
X	12204316	12223958	1	1
X	3481375	3481954	-1	1
3R	14122737	14122796	1	1
2R	22383195	22386374	1	1
3L	5160330	5184276	-1	1
2R	14277519	14299487	1	1
X	5086202	5163901	1	1
3L	17066794	17147535	-1	1
3R	23984136	23984485	1	1
2L	248855	250230	-1	1
2R	12264775	12274696	1	1
X	571001	571134	1	1
2L	23512960	23513067	1	1
3L	8974072	8974134	-1	1
3L	9374063	9374762	1	1
3L	20516133	20518968	-1	1
3R	24103215	24104547	-1	1
3R	25127859	25127984	-1	1
3R	31216356	31216900	-1	1
3R	5660782	5665070	1	1
3R	11335217	11371433	1	1
3L	13024431	13024491	1	1
2L	1012431	1034022	-1	1
2R	14277507	14279071	1	1
3R	22140952	22163666	1	1
3R	18248367	18250207	1	1
3R	21309510	21309787	1	1
3R	5335061	5350240	-1	1
2R	12999499	12999799	1	1
2R	12999853	13158731	1	1
3L	9048970	9049158	-1	1
2R	10093435	10093958	1	1
3R	15961663	15962066	1	1
3R	21189059	21200760	1	1
3R	18194978	18196771	-1	1
2R	16762034	16762097	-1	1
3R	5356357	5356425	1	1
3L	3811416	3811474	1	1
X	10030331	10030407	1	1
X	15103145	15106441	1	1
3L	9717418	9717488	1	1
2R	14741146	14741905	-1	1
X	18889176	18893051	-1	1
3L	10858687	10874498	1	1
X	16318197	16320243	-1	1
X	19961209	19969147	1	1
3L	5753235	5756205	1	1
2L	10483629	10483687	1	1
X	19640240	19640302	1	1
2R	8902633	8904697	1	1
X	22486771	22487037	-1	1
3L	7809714	7809767	-1	1
X	5903923	5904746	1	1
3R	4078417	4104166	1	1
2L	11110250	11110316	1	1
3R	30278264	30293243	1	1
3L	4246580	4247978	-1	1
3R	26532423	26534954	-1	1
3R	21265958	21266871	-1	1
2R	10116454	10116858	1	1
2R	17593261	17604232	1	1
2L	1843688	1858330	1	1
X	15947226	15947561	1	1
X	4357277	4357345	-1	1
3R	18982251	18982308	1	1
2R	18832614	18833011	1	1
2R	24044642	24044814	-1	1
3R	23984176	23984359	1	1
2L	14357701	14357755	1	1
2L	6680284	6680346	-1	1
X	12941878	12942062	1	1
X	21205405	21207338	-1	1
3R	5666962	5667098	1	1
3R	20575467	20576426	-1	1
3R	27562716	27603834	-1	1
3L	8131403	8131492	1	1
2L	8945535	8950978	1	1
2L	9793691	9794054	-1	1
2R	14276407	14278890	1	1
3R	23983737	23984290	1	1
3L	12136451	12136517	-1	1
2R	13128236	13128447	-1	1
3R	25033969	25034350	-1	1
3L	19374650	19374841	-1	1
2R	24603989	24604501	1	1
X	13860582	13866458	-1	1
2L	19045437	19047929	1	1
3L	8130082	8131481	1	1
3L	4194915	4194978	1	1
2R	21087854	21088338	1	1
2L	9684315	9698117	-1	1
X	12655988	12657256	1	1
2R	13497050	13501951	-1	1
3L	5161069	5272295	-1	1
2L	13420670	13422992	1	1
2L	1997419	1997604	-1	1
3L	13017613	13017676	-1	1
3L	8441719	8441815	-1	1
2L	18211299	18246025	-1	1
X	8925697	8960179	1	1
2R	16979896	16984266	1	1
2R	4562952	4565069	1	1
3L	307631	307695	-1	1
3R	5665724	5668883	-1	1
3R	13651872	13652435	1	1
2R	22606170	22606247	1	1
2L	7849590	7850306	-1	1
X	15482791	15483199	1	1
X	16455563	16468952	1	1
3L	21845142	21932496	1	1
3R	19415971	19458638	1	1
3R	19527235	19554818	1	1
3L	3988556	3993732	1	1
2R	953793	955163	1	1
2L	1980181	1980253	-1	1
2L	2217545	2217598	-1	1
2R	15189420	15190191	1	1
X	4323463	4324154	1	1
2L	21380366	21390157	1	1
2L	19181397	19181454	-1	1
X	15485269	15485332	-1	1
2L	1595828	1595892	-1	1
3L	21616971	21617149	1	1
X	13860739	13968017	-1	1
3R	16052960	16053024	1	1
3R	31227419	31227605	1	1
X	7839850	7840270	1	1
X	52744	112078	-1	1
3L	15566154	15568206	1	1
3L	3907974	3908106	-1	1
2R	21698601	21704323	-1	1
2R	5978678	5979319	-1	1
3R	10562033	10585743	-1	1
2L	2391706	2391853	1	1
3L	11115813	11115890	-1	1
3L	4182377	4187746	-1	1
3R	11371368	11392263	1	1
3R	5543296	5543366	-1	1
X	2637737	2641125	1	1
2R	15265838	15265945	-1	1
X	15403096	15420284	-1	1
X	6331632	6332617	1	1
2R	1523553	1526091	-1	1
4	363135	363494	1	1
3R	20911913	20911971	-1	1
3R	8388593	8443775	-1	1
4	190062	193366	-1	1
3L	19136789	19138890	1	1
3R	24520469	24522278	1	1
2R	6374435	6392848	-1	1
2L	9291525	9291661	1	1
X	19423332	19448340	1	1
2R	12938712	12938775	1	1
3L	4574995	4576129	1	1
3R	14306547	14306604	-1	1
3L	11197339	11197400	-1	1
X	22556199	22560674	1	1
3R	13224803	13224929	-1	1
2L	8219807	8219870	-1	1
3R	18248382	18248445	1	1
3R	9010543	9013978	-1	1
3L	6943767	6944389	1	1
X	12938708	12950258	1	1
3R	23983905	23984362	1	1
3L	17054444	17055337	1	1
2R	5832378	5832432	1	1
3R	15076287	15077036	-1	1
2L	21661637	21662084	1	1
3L	7709351	7709519	-1	1
3R	4332225	4332290	-1	1
2R	9536595	9536805	-1	1
2L	19618078	19620752	1	1
X	12731907	12742163	-1	1
3R	11396575	11400750	1	1
2R	12574621	12574679	1	1
3L	23339365	23339430	1	1
3L	7402661	7402728	-1	1
3R	4735347	4735408	-1	1
4	572111	573613	1	1
3L	18905884	18908749	1	1
3R	7867759	7868083	1	1
3R	28418272	28473276	1	1
X	13746729	13748388	-1	1
2L	10961368	10963911	-1	1
X	13728615	13728685	-1	1
2R	3919359	3933011	-1	1
2L	16308110	16309158	1	1
3R	18192647	18196563	-1	1
3L	843273	843331	1	1
X	4698736	4701958	1	1
2R	17868370	17868432	-1	1
X	16679911	16679985	1	1
2R	2732609	2735042	1	1
X	2596261	2599000	1	1
2R	23701638	23702111	-1	1
2R	17593905	17593966	1	1
2R	2888369	2889528	1	1
3R	15969403	15969882	-1	1
3R	22087360	22087429	1	1
3R	22363583	22364479	1	1
3L	5658164	5747637	1	1
X	3258518	3266130	1	1
2R	13153753	13153814	-1	1
3R	4280357	4284226	1	1
3L	999683	1003396	1	1
3L	15330108	15334312	1	1
3L	17070576	17073604	-1	1
3L	11254870	11255968	1	1
3L	21837248	21837994	-1	1
X	13019627	13019986	1	1
3R	27291018	27291433	1	1
2L	2192849	2192975	-1	1
3L	17061759	17065178	-1	1
3R	30012062	30014815	-1	1
3L	23227548	23247007	1	1
3L	11184420	11185235	-1	1
2L	16306833	16306941	1	1
3L	21198729	21198881	-1	1
4	1180551	1181048	-1	1
2L	7223698	7225606	-1	1
2L	19114844	19114906	-1	1
2L	15891928	15891989	-1	1
2R	22896865	22904072	1	1
2R	2257833	2259861	-1	1
3R	23236711	23245255	-1	1
2R	12591441	12592990	1	1
3L	22615795	22637195	-1	1
2L	21380710	21381888	1	1
X	16457929	16482306	-1	1
2L	3655586	3656708	-1	1
3L	19586804	19588855	1	1
X	11622423	11623753	1	1
2R	7535545	7535602	1	1
2R	23389296	23389459	-1	1
2R	8902698	8904521	1	1
3R	17967443	18013398	1	1
3L	17065554	17147462	-1	1
3L	9146122	9150384	-1	1
2R	9128642	9131164	-1	1
3L	8481829	8490934	1	1
2R	6752785	6752843	1	1
X	3245888	3339207	1	1
X	11814882	11815170	-1	1
X	22734691	22740542	1	1
X	17926334	18040318	-1	1
X	13985278	13985834	-1	1
3R	20211506	20211747	1	1
2R	16007387	16007445	-1	1
3L	11158426	11158505	1	1
2R	24391041	24391231	1	1
2L	8366253	8369928	1	1
3L	16413631	16415156	1	1
X	21684463	21802334	-1	1
2R	2257710	2259758	-1	1
3R	22026294	22026828	-1	1
X	9165884	9171487	1	1
2R	16925394	16926382	1	1
3R	11218442	11218513	-1	1
mitochondrion_genome	4246	4450	1	1
3R	18167868	18169484	1	1
3R	31739710	31739777	1	1
3L	21907921	21914776	1	1
3L	9374955	9404724	1	1
3R	13379111	13379574	-1	1
X	4921626	4962479	1	1
3R	31216368	31216656	-1	1
2L	2947436	2947609	1	1
3R	10145054	10166702	1	1
2L	10201690	10201981	1	1
X	18648457	18648516	1	1
2R	11359022	11359088	-1	1
2L	20055308	20056199	1	1
3L	17167100	17179294	-1	1
3L	207277	208090	-1	1
3L	7375347	7375405	-1	1
3R	16052834	16052889	1	1
2R	1442101	1442769	1	1
X	23283236	23457219	-1	1
3L	12121425	12121516	-1	1
2R	12260134	12273766	1	1
3L	9146122	9150420	-1	1
X	2785130	2788494	-1	1
2L	18471198	18471259	1	1
2L	5170563	5170867	1	1
X	15511684	15539594	-1	1
2L	2312180	2323383	-1	1
3R	26880280	26880346	1	1
2R	924755	925724	-1	1
2R	931855	951127	-1	1
3R	25246664	25247433	-1	1
X	4699148	4699518	1	1
3R	10068353	10068411	1	1
X	6225990	6234726	1	1
X	13741001	13779944	1	1
2L	9176552	9177071	1	1
3R	3867435	3867500	1	1
3L	6943102	6944333	1	1
2L	871739	871806	1	1
2L	4457480	4458016	-1	1
3R	24640633	24640699	-1	1
2L	9723264	9743404	-1	1
3L	8432569	8441324	-1	1
2L	3807047	3808309	1	1
3L	20834701	20835969	1	1
3L	18461008	18461898	1	1
2L	13300740	13300801	1	1
2R	16107430	16108144	-1	1
3L	3899482	3899710	-1	1
X	1292258	1292321	-1	1
2R	11640282	11640638	-1	1
X	15855010	15857138	-1	1
3R	17915104	17915217	-1	1
2R	12092130	12118631	-1	1
X	4698635	4699611	1	1
3L	13971755	13972897	1	1
3R	26961619	26962235	-1	1
X	1893729	1894095	-1	1
4	315180	316393	1	1
4	892402	892484	-1	1
3R	4364507	4364566	1	1
X	1411824	1411900	1	1
3L	4188758	4189676	1	1
3R	8817503	8820308	-1	1
3L	3148738	3149628	1	1
3R	18515015	18552889	-1	1
3R	18958775	18977433	1	1
2L	12582385	12582615	1	1
3L	12291571	12291639	-1	1
2L	22574273	22574333	-1	1
2R	24892143	24892287	1	1
3R	21785811	21791729	-1	1
3L	20834688	20835396	1	1
3L	7680224	7680452	-1	1
mitochondrion_genome	13012	13449	-1	1
X	16455692	16457784	-1	1
2L	9292213	9293037	1	1
3L	5692999	5729370	1	1
X	8409365	8410282	1	1
2L	10744407	10756185	-1	1
2R	13814787	13814968	1	1
3L	17401141	17401197	-1	1
X	15863225	15863918	1	1
3R	9420048	9445044	1	1
X	15933080	15933143	-1	1
3R	17915165	17915818	-1	1
X	15989299	15989377	-1	1
X	9165884	9186826	1	1
3R	4960974	4961312	-1	1
3R	9341178	9341777	1	1
3L	24075201	24079465	1	1
2L	17650506	17650983	-1	1
3L	16111882	16112332	1	1
3L	3466623	3466686	-1	1
2L	853279	853545	1	1
3R	21783478	21820922	-1	1
2L	8670672	8670885	1	1
3R	15211382	15223167	1	1
2R	4816238	4817147	1	1
2L	7063057	7063167	1	1
4	887163	887286	-1	1
2R	4010724	4011650	1	1
X	9551399	9551556	-1	1
2R	8718248	8719389	-1	1
3L	20834690	20835857	1	1
3L	5659682	5747753	1	1
3R	23251103	23251167	1	1
3R	8814731	8820088	-1	1
3L	4554693	4554751	-1	1
3R	9454208	9454338	1	1
2R	6625732	6625841	1	1
3L	3515905	3515969	1	1
3R	29992773	29992829	-1	1
3L	20534534	20535177	1	1
2L	4032500	4114454	1	1
X	628526	628616	-1	1
3R	11754385	11756027	-1	1
2R	9916265	9929016	-1	1
X	19336329	19336444	-1	1
3R	30573073	30575432	1	1
3L	5676760	5676819	1	1
X	3130313	3130382	1	1
X	11936196	11936261	-1	1
mitochondrion_genome	2873	5010	1	1
3L	4968372	4975876	-1	1
3R	6407166	6407478	1	1
3L	17711144	17715967	1	1
X	12608529	12608624	1	1
2R	15282479	15282641	-1	1
2R	5757826	5757898	1	1
2L	4877149	4882440	-1	1
2L	4882493	4882865	-1	1
2L	21388843	21388914	-1	1
3L	5747607	5749382	1	1
2R	24599286	24599657	-1	1
3L	1199119	1199181	1	1
3L	12175318	12175397	-1	1
3R	31933842	31935163	-1	1
2R	13866633	13866702	-1	1
3R	13661884	13662074	-1	1
X	12639336	12639493	1	1
3R	5686271	5687041	1	1
3R	18227815	18228371	1	1
3R	19744288	19749480	1	1
3L	19070100	19085321	-1	1
2R	19574327	19600882	1	1
3L	15819284	15826106	-1	1
X	5836156	5836222	1	1
4	416825	423220	-1	1
X	12939243	12942380	1	1
3R	20205474	20206198	1	1
2L	2400505	2401107	1	1
2R	19243746	19245110	1	1
2R	9351491	9351542	-1	1
3L	15566154	15566501	1	1
2L	15552815	15554510	1	1
4	1264966	1265029	1	1
2L	8084018	8089259	1	1
3R	17876696	17909386	-1	1
3L	3461671	3462121	1	1
3R	20541554	20550721	-1	1
X	21625264	21625884	-1	1
2L	21142013	21142239	-1	1
X	4699554	4753541	1	1
3R	7193689	7198328	1	1
X	1515730	1516142	1	1
3L	13525211	13532954	-1	1
X	7943228	7943684	-1	1
X	3373724	3374944	-1	1
3R	9629167	9630503	-1	1
3R	22142931	22144349	1	1
3R	11334963	11335562	1	1
2R	18477024	18497774	-1	1
2R	7718057	7718656	-1	1
3R	16273082	16274419	1	1
3L	19261608	19261713	1	1
3R	20253204	20303867	1	1
2L	9292163	9295332	1	1
2R	9803477	9806459	-1	1
2L	2968270	2968396	1	1
X	15991383	15991579	-1	1
3R	8817720	8818644	-1	1
3R	19898195	19898253	1	1
3R	20974009	20974071	1	1
2R	23385993	23386203	-1	1
2R	20623970	20624030	1	1
3L	14468815	14496668	1	1
4	610897	611285	1	1
2R	12849897	12849961	-1	1
3R	10585638	10585757	-1	1
3R	31096404	31096955	-1	1
3L	8440189	8440506	-1	1
3L	5776439	5776512	-1	1
2L	818644	818704	-1	1
3R	1265466	1441522	-1	1
3L	24724334	24757767	1	1
X	21035722	21036399	1	1
X	9172989	9177445	1	1
3L	752387	752439	1	1
2R	17569178	17569246	1	1
2L	17833306	17840903	-1	1
3R	28711122	28712744	1	1
3L	5606175	5606239	1	1
4	247800	249557	-1	1
X	5793541	5794256	1	1
4	780296	780416	-1	1
3R	30385912	30387788	-1	1
3R	21353735	21375060	-1	1
2L	5168581	5173163	1	1
2R	21025760	21025816	1	1
2L	1985884	1985946	-1	1
2L	20647881	20648346	1	1
2R	14276527	14279197	1	1
2L	2781636	2791787	1	1
X	19327852	19328456	-1	1
4	370811	431363	-1	1
3L	9374452	9374619	1	1
X	5834628	5835806	-1	1
2L	19730026	19730094	1	1
2R	14759683	14768321	-1	1
4	1192163	1192225	1	1
4	1192307	1192357	1	1
3L	12137664	12137902	-1	1
2R	19330712	19349253	-1	1
3L	3717377	3742862	-1	1
3R	20611163	20612225	1	1
2R	9252166	9252226	1	1
2R	6920377	6922523	1	1
3R	15960312	15962084	1	1
X	15758330	15760240	-1	1
3L	23263968	23264034	1	1
X	12918779	12941821	1	1
2L	8107881	8110481	-1	1
X	3507600	3512641	-1	1
3L	4418281	4419994	1	1
3L	22852195	22852411	-1	1
3R	23980698	23984347	1	1
3R	24944010	24944263	-1	1
2L	9291443	9295195	1	1
X	9554929	9555023	1	1
4	1023681	1026963	-1	1
X	14462223	14567170	1	1
3L	9150605	9164720	-1	1
3R	7190797	7191132	1	1
3R	7191165	7191389	1	1
2L	6568602	6571649	-1	1
3R	8817312	8820052	-1	1
2R	12617925	12617987	1	1
2R	21658276	21658351	1	1
X	5333938	5334372	1	1
3L	17475599	17475651	1	1
3R	22360894	22362278	-1	1
3L	16724351	16724442	1	1
X	5793230	5794373	1	1
2R	7738235	7758365	-1	1
3R	18248294	18248417	1	1
3R	10002695	10002753	1	1
X	13284394	13285203	-1	1
3L	22874700	22875124	-1	1
3L	20374131	20374187	-1	1
3L	20237911	20239863	-1	1
2L	9870439	9877125	-1	1
X	7934933	7935175	1	1
3R	24683150	24690793	1	1
3R	30554843	30555888	-1	1
2L	11165967	11166027	-1	1
3L	17400798	17401625	-1	1
3R	25918602	25918672	1	1
X	19734812	19734930	-1	1
X	11697596	11697661	1	1
3L	8537624	8537721	1	1
3R	12433073	12433129	-1	1
3R	20780702	20806126	1	1
2R	16556557	16556619	1	1
mitochondrion_genome	2878	10772	1	1
X	23082003	23082070	-1	1
2L	13371792	13373521	-1	1
3R	24104948	24105138	-1	1
X	19330255	19331252	-1	1
2R	7717263	7718298	-1	1
3L	11245147	11245251	1	1
3R	28607711	28607770	1	1
2R	4728125	4728215	-1	1
X	576850	577911	1	1
2R	22228476	22413959	-1	1
X	16637928	16638233	1	1
2R	7391085	7391147	-1	1
3L	21420171	21420251	1	1
3R	31595072	31595429	-1	1
3R	18016040	18018292	1	1
3R	31090912	31091034	-1	1
X	4549918	4550000	1	1
2L	4874594	4876053	1	1
3L	7163879	7164350	-1	1
3R	4402748	4402808	-1	1
3L	22273046	22273493	1	1
X	11817317	11830928	1	1
3R	7186211	7186306	-1	1
3L	3958432	3961509	-1	1
3L	5656974	5657036	1	1
4	371358	371813	1	1
3R	5594292	5594547	1	1
2R	16986006	16986071	-1	1
2R	24892143	24892217	1	1
3R	21785763	21820916	-1	1
3L	2372873	2394451	1	1
3R	4315511	4315793	-1	1
3R	21111760	21115427	1	1
2R	3943142	3943429	-1	1
2R	20321901	20322011	1	1
2R	18164534	18164661	1	1
3R	5601973	5603146	1	1
X	5794319	5794398	1	1
2R	12450237	12451669	1	1
2R	12451713	12451975	1	1
2L	2960987	2961215	1	1
3R	19181117	19189351	1	1
4	1145104	1146470	-1	1
2R	12276295	12276482	1	1
2L	13905719	13906566	1	1
X	109735	110150	1	1
2R	24063574	24064734	1	1
4	898978	902307	-1	1
2R	6618742	6618803	-1	1
2R	9351237	9351287	-1	1
3R	22016545	22016908	-1	1
3L	9146188	9150779	-1	1
3L	8265985	8266347	1	1
3R	18929647	18931144	1	1
4	1192653	1195762	-1	1
3R	11169901	11169973	1	1
2L	4822301	4828795	1	1
3R	13967255	13967308	-1	1
3L	16403150	16411232	-1	1
3L	19263208	19263417	-1	1
X	5794307	5794387	1	1
2L	13353835	13354102	-1	1
3L	11097062	11098092	1	1
3R	9982371	9986648	-1	1
3R	16575395	16576923	-1	1
3L	20182670	20184963	-1	1
3L	24079559	24085562	1	1
3R	29659394	29659830	-1	1
3R	9988782	9988855	1	1
X	16332164	16470090	-1	1
X	15947743	15955100	-1	1
2L	4994995	5004172	1	1
2R	25255098	25256675	1	1
3L	20383501	20383553	-1	1
3R	17967282	17967420	1	1
3L	5255011	5276155	-1	1
2L	10311785	10311899	-1	1
X	12868410	12869397	-1	1
3R	9728236	9728321	-1	1
4	611439	611513	1	1
3R	22470004	22482372	1	1
3L	7372012	7372311	1	1
3L	13535887	13536667	-1	1
X	6684675	6686914	1	1
2R	10096109	10096270	1	1
3L	11689757	11689850	-1	1
X	6631106	6644562	1	1
3R	26980703	26981533	1	1
X	14606549	14610439	-1	1
2L	9877681	9885932	-1	1
3R	30000662	30000727	-1	1
2L	5043384	5046147	1	1
2R	24875396	24875962	1	1
3L	19993323	19994168	1	1
3L	19994201	19994551	1	1
X	3783560	3783677	1	1
3L	22295483	22302928	-1	1
X	12732401	12732654	-1	1
4	190062	190678	-1	1
2L	159387	160039	1	1
X	11676397	11676651	1	1
2L	16050273	16050499	1	1
3L	9646515	9646589	1	1
2L	11143099	11143165	-1	1
X	3892755	3894357	-1	1
3L	5362437	5362526	1	1
X	18371607	18372031	1	1
2L	5799412	5800044	-1	1
3L	13343399	13344158	-1	1
X	18199823	18200655	1	1
X	6741732	6741788	-1	1
3R	13983365	14026878	-1	1
3L	6962878	6968241	1	1
4	1081208	1082127	-1	1
X	3664670	3664811	1	1
X	17944208	18062827	-1	1
X	18392911	18407797	-1	1
3R	28608175	28634601	-1	1
2R	5360479	5362423	-1	1
3L	1577132	1578822	1	1
3R	9342346	9359267	1	1
2L	2992650	2992707	-1	1
3R	20894521	20894896	-1	1
2L	9176381	9177376	1	1
2R	23987410	23987467	-1	1
3L	20300901	20300957	-1	1
2R	19471746	19472040	1	1
3R	21303226	21307200	1	1
3R	28343681	28344965	1	1
3R	15130799	15131174	-1	1
2R	18448872	18448927	1	1
3L	1499593	1501799	-1	1
2L	8084654	8088464	1	1
X	63794	122473	1	1
3R	27376647	27382308	-1	1
4	468336	469157	1	1
3L	9728617	9728715	1	1
2R	13951689	13954687	-1	1
3R	8817735	8820140	-1	1
X	15978257	15980705	-1	1
3L	1667388	1667470	-1	1
3L	4403896	4403951	1	1
2R	16753903	16753963	-1	1
2R	5194322	5210255	-1	1
2R	12062580	12062708	1	1
3R	24064924	24104604	-1	1
3R	4303750	4304406	1	1
X	13773979	13776676	1	1
mitochondrion_genome	13066	17264	-1	1
2R	9606383	9606447	-1	1
X	6465217	6502060	1	1
X	5949408	5949946	1	1
3R	24067610	24102770	-1	1
3R	11395329	11400804	1	1
2L	2401170	2410365	1	1
2R	13164490	13164546	-1	1
2L	20073941	20074976	-1	1
X	16452296	16453993	1	1
3R	10643791	10644188	-1	1
X	5793766	5794308	1	1
X	3949181	3949481	-1	1
2R	18356056	18356438	-1	1
3R	3738672	3750819	-1	1
2R	22423243	22423299	1	1
X	2149342	2149402	-1	1
3R	9418001	9432445	1	1
2L	16307390	16307483	1	1
3L	12330155	12335723	1	1
3L	7445223	7453310	1	1
X	3721648	3781655	1	1
X	15862699	15863096	1	1
X	2471195	2473282	-1	1
2L	4403415	4403514	1	1
2L	6742981	6755374	1	1
3R	17054427	17054947	1	1
3R	30517695	30518222	-1	1
2L	6930911	6930973	1	1
X	5086724	5087459	1	1
3R	24702163	24703021	1	1
2L	22158388	22158513	1	1
2R	22801860	22801996	1	1
2L	7831606	7832433	1	1
3L	9048952	9049151	-1	1
3R	28924859	28924925	1	1
2R	6132426	6132491	-1	1
2L	5042888	5043078	-1	1
3R	26537785	26545043	1	1
2R	10156476	10158063	-1	1
2L	413655	414443	1	1
X	13656035	13658108	1	1
X	15335730	15336290	1	1
2R	21394401	21399186	-1	1
X	9506373	9550456	-1	1
X	16288958	16289027	1	1
2R	14163230	14163948	-1	1
3R	13025679	13026165	1	1
3R	11395854	11400809	1	1
3R	19648671	19648750	1	1
2L	12425473	12425534	-1	1
X	9165922	9183432	1	1
3L	22583363	22595872	-1	1
2L	13509105	13509467	-1	1
2L	159820	162592	1	1
X	10386282	10408046	1	1
3R	11781940	11782002	-1	1
2R	19142355	19151905	1	1
2L	21388766	21391383	1	1
3R	9404871	9407684	1	1
mitochondrion_genome	8302	8458	-1	1
3L	3149480	3149628	1	1
3L	3370483	3371504	-1	1
2R	24875092	24875208	-1	1
2L	19301346	19301400	1	1
3R	7077987	7078085	-1	1
3R	12841528	12846893	-1	1
X	4693044	4700963	-1	1
3L	1627001	1627947	-1	1
3R	22956688	22957288	1	1
X	8925697	8998228	1	1
2R	14163152	14164221	-1	1
4	1115393	1118785	-1	1
2L	20692742	20712856	-1	1
2L	18589952	18590018	-1	1
2R	9806565	9806817	-1	1
2L	23163059	23174062	-1	1
X	1637335	1642885	1	1
X	16692241	16692297	1	1
4	1038672	1042994	-1	1
2L	6568552	6571570	-1	1
2L	21318420	21318485	1	1
X	19740785	19744262	-1	1
2L	8084146	8089185	1	1
3L	9779908	9780123	1	1
2R	7041665	7042580	1	1
3L	16164101	16164523	-1	1
2R	6924800	6962993	-1	1
X	23089547	23090191	-1	1
2R	15572758	15572813	1	1
X	2589191	2598963	1	1
3R	5593949	5594279	1	1
3R	5593874	5594449	1	1
2R	14163223	14163940	-1	1
4	1120048	1120106	1	1
3R	22036016	22036076	1	1
3R	19527235	19533791	1	1
2L	21258929	21262919	-1	1
3L	4090422	4091130	1	1
2R	24185290	24185478	1	1
3R	30878296	30879744	-1	1
4	1230119	1230498	-1	1
3R	31935376	31935666	-1	1
3L	15900212	15903820	-1	1
3R	15177136	15178280	-1	1
2R	5855683	5857171	1	1
2R	18688585	18691948	1	1
3R	13151720	13153562	-1	1
3R	8817751	8818565	-1	1
X	13385703	13385754	1	1
2R	12870950	12871160	1	1
X	16483034	16483678	1	1
3R	21524118	21524188	1	1
X	11350117	11350402	1	1
3L	21531811	21532446	-1	1
3L	7158515	7158744	1	1
2R	7505302	7505364	1	1
3L	7117537	7117599	1	1
2R	19290226	19290386	1	1
3L	12825101	12825157	-1	1
X	22995915	23004106	-1	1
X	8239171	8239351	1	1
3L	13522086	13522960	-1	1
3L	185075	185135	1	1
3L	21635737	21636065	1	1
2L	11283754	11283809	1	1
2R	6084788	6084847	-1	1
X	7686507	7686583	-1	1
3R	26130458	26130591	1	1
X	17847420	17847482	1	1
2R	19523760	19524036	-1	1
X	12919558	12949249	-1	1
3L	16222499	16222578	-1	1
X	15972701	15972813	-1	1
2R	18119796	18145970	1	1
X	11616911	11619010	1	1
3R	23355446	23355634	-1	1
3R	22469699	22482406	1	1
2R	22561143	22561704	-1	1
X	62819	62889	-1	1
3L	651863	651999	-1	1
2L	1998721	2000934	-1	1
4	1127416	1129435	1	1
3L	11524440	11524582	-1	1
3R	17909553	17915059	-1	1
3L	1966867	1969897	-1	1
3R	21997782	21999740	-1	1
3L	18930151	18930591	-1	1
2R	21515310	21515678	1	1
2L	20562664	20608110	1	1
2R	9994934	10024093	-1	1
2R	4693484	4695119	-1	1
2L	2756372	2756457	1	1
X	12567502	12568224	-1	1
2L	1139764	1139829	1	1
X	17937546	17943391	-1	1
3L	19869308	19869368	-1	1
3L	19869429	19870381	-1	1
X	19135398	19198660	-1	1
3L	12547708	12571834	-1	1
2L	4884808	4885449	1	1
2L	5339483	5339545	-1	1
2L	1082666	1082789	1	1
2R	6742150	6742705	1	1
3L	14042263	14043346	1	1
X	12868410	12869237	-1	1
3R	9478698	9486601	-1	1
X	12230070	12272314	1	1
3L	15893962	15898583	-1	1
2R	24403365	24403432	1	1
3R	7886169	7886443	-1	1
3R	21115459	21116000	1	1
3L	4136607	4136753	-1	1
2L	4866621	4868506	1	1
2L	19108046	19108408	-1	1
3R	30517695	30518096	-1	1
3L	1622666	1622732	1	1
2L	13483806	13499674	1	1
2R	4322633	4458460	-1	1
3R	13377662	13377890	-1	1
2R	9402586	9402656	-1	1
3L	3401691	3402661	-1	1
3L	23150205	23150264	1	1
X	11062464	11062677	-1	1
2R	23914018	23914079	1	1
2R	24020510	24020566	-1	1
3R	13229009	13232749	-1	1
3L	8606408	8606596	1	1
3L	7814286	7854150	-1	1
3R	21300472	21303053	1	1
3R	15246442	15246501	1	1
3R	31216356	31216906	-1	1
3L	9048961	9049163	-1	1
3L	13867590	13868933	-1	1
4	902235	902307	-1	1
X	1372268	1372461	1	1
4	360359	360587	1	1
3R	28927596	28927684	-1	1
3L	13798805	13802490	-1	1
X	9007929	9013311	1	1
3R	6458302	6458403	1	1
X	15861754	15862621	1	1
2R	15180711	15188756	-1	1
3R	20438209	20449445	-1	1
X	13590114	13590474	1	1
2L	9683973	9684031	-1	1
3R	11220416	11220476	-1	1
3R	22727102	22728843	1	1
2R	17517912	17517971	-1	1
2R	24049284	24049423	1	1
2L	12439231	12439296	1	1
3R	20609162	20609226	1	1
2R	15402384	15409566	1	1
2R	17585942	17586005	-1	1
3R	9929727	9930364	-1	1
X	6350055	6350122	-1	1
X	13381844	13383378	-1	1
2R	11370840	11370894	-1	1
2L	2134958	2137236	1	1
3L	144211	145078	1	1
2R	17793396	17798325	1	1
2R	3919121	3919185	1	1
2R	21393920	21394177	-1	1
X	9154686	9156580	-1	1
3R	26187715	26187771	-1	1
X	4323156	4332801	1	1
3R	21868980	21869039	-1	1
3L	269398	270167	1	1
2R	7118976	7119806	1	1
2R	9090022	9090087	-1	1
2L	16828796	16828857	1	1
2R	20257753	20258187	1	1
3R	11625626	11625698	-1	1
2R	11599641	11604769	-1	1
3R	31595014	31596054	-1	1
2R	24607406	24608935	1	1
3L	5658075	5747811	1	1
3R	11209407	11209531	-1	1
2L	8210862	8210979	-1	1
2R	7027642	7027702	1	1
2R	9806609	9806744	-1	1
3L	230389	230608	1	1
X	13285395	13340518	1	1
X	8248874	8259404	-1	1
4	273704	273761	-1	1
mitochondrion_genome	8237	8836	-1	1
2R	18688739	18692041	1	1
X	20510056	20510252	-1	1
2R	18496869	18497842	-1	1
3L	5918142	5918825	-1	1
2R	9601741	9602127	-1	1
2R	8621128	8621193	1	1
2L	5004208	5004614	-1	1
X	15103145	15106190	1	1
3L	8470380	8470431	1	1
2R	17798143	17847125	1	1
2L	10401272	10401334	1	1
2L	22250315	22250372	1	1
3R	26534690	26535106	-1	1
X	13858419	13858639	-1	1
2R	20749807	20750005	1	1
X	3245926	3339258	1	1
3R	5466028	5466153	1	1
3R	22471391	22471519	1	1
3R	28812819	28813992	1	1
3L	13523858	13664716	-1	1
3R	21300084	21300362	1	1
3R	9040093	9040168	-1	1
3R	691159	702025	1	1
2L	7820401	7820462	1	1
3L	2611558	2611625	-1	1
X	18519936	18519989	1	1
2R	6975448	6975925	-1	1
3L	20261661	20261724	1	1
3L	1625914	1627905	-1	1
2L	2365902	2366275	1	1
2R	9292219	9302575	1	1
2L	12223137	12228113	1	1
3L	8440143	8441291	-1	1
3L	13964310	13964377	-1	1
X	3484889	3485321	-1	1
3L	508800	539899	-1	1
3L	1632362	1635648	-1	1
3R	5335061	5336130	-1	1
3L	7705915	7705973	-1	1
X	15947743	15957011	-1	1
2L	23177335	23177416	1	1
3R	13258426	13259453	-1	1
3R	19454266	19457120	-1	1
X	9086319	9086397	1	1
X	19719771	19722712	1	1
4	193718	193825	-1	1
2R	13513393	13518055	-1	1
X	18060549	18062827	1	1
X	477722	479746	-1	1
2L	2974023	2974645	1	1
X	13564334	13575902	-1	1
2L	7413309	7413382	1	1
4	90352	90626	1	1
2R	20462210	20463860	1	1
Y	124294	200748	1	1
3L	8106950	8108286	1	1
2R	16635938	16637638	-1	1
X	12019046	12020605	1	1
3R	29132463	29137681	1	1
X	19919822	19933686	-1	1
3R	13671525	13671975	-1	1
3L	21825935	21827667	1	1
2R	16765642	16765833	-1	1
3R	21306640	21307196	1	1
2R	7533336	7533408	-1	1
3L	12744476	12744792	1	1
2L	16722030	16722391	1	1
3L	3957606	4092415	1	1
X	17936990	17938857	-1	1
X	8040695	8060048	-1	1
2R	25254419	25254473	1	1
X	12650791	12848717	1	1
X	11817636	11830948	1	1
X	19423343	19448340	1	1
X	1028543	1029927	-1	1
3R	5580641	5580724	-1	1
2R	13170256	13170317	1	1
3L	9376553	9376665	-1	1
2L	3704634	3704880	-1	1
X	4540392	4549895	1	1
3R	22953469	22955752	1	1
2R	10094720	10095087	1	1
3R	23734692	23770368	1	1
2L	1701305	1703005	1	1
2L	10848469	10848544	-1	1
3L	9374935	9440395	1	1
2R	16570343	16570723	-1	1
3R	28068368	28238072	-1	1
X	17864992	17865354	-1	1
2R	10488869	10532499	-1	1
2R	17022550	17022603	1	1
3R	18390891	18390962	-1	1
2L	4840105	4840164	1	1
3L	11918668	11936973	-1	1
X	9152778	9153923	-1	1
3R	23972712	23973035	1	1
X	6742023	6742097	-1	1
4	90592	90678	1	1
3R	21270531	21270587	1	1
3R	21270627	21270965	1	1
3L	8432488	8441175	-1	1
2R	7919948	7920004	1	1
3L	6197558	6197614	1	1
3R	9418071	9419559	1	1
2R	3940982	3941652	-1	1
3L	13651597	13666386	-1	1
3R	22583930	22583988	-1	1
3L	16137850	16163930	-1	1
3L	13638566	13651555	-1	1
3R	15977240	15983213	1	1
X	7285849	7285914	-1	1
3R	4377384	4377457	1	1
2L	5769687	5769748	-1	1
4	99476	107403	1	1
3L	12849096	12849158	-1	1
3L	5562872	5563085	-1	1
X	3749095	3761875	1	1
3L	25674312	25674462	1	1
2R	5717499	5717555	-1	1
3R	12561805	12595242	-1	1
2L	18611261	18611327	-1	1
2L	23512967	23513027	1	1
3R	24707217	24707273	1	1
2L	21759079	21759231	1	1
2R	10515387	10515597	-1	1
2R	18289851	18355500	-1	1
X	15784153	15785171	-1	1
2L	21742876	21742973	-1	1
3R	8819570	8819928	-1	1
2R	23932815	23933259	-1	1
2L	8303642	8305218	1	1
2R	24609037	24609104	1	1
2L	2989338	2989397	1	1
X	16129016	16146864	-1	1
3R	11771301	11777474	-1	1
